V_BZNO|BASDT1|PERS1|BASDT2|PERS2|BASDT3|PERS3|BASDT4|PERS4|BASDT5|PERS5|BASDT6|PERS6|BASDT7|PERS7|BASDT8|PERS8|BASDT9|PERS9|BASDT10|PERS10|BASDT11|PERS11|
가상_사업자번호|기준일자1|종업원수1|기준일자2|종업원수2|기준일자3|종업원수3|기준일자4|종업원수4|기준일자5|종업원수5|기준일자6|종업원수6|기준일자7|종업원수7|기준일자8|종업원수8|기준일자9|종업원수9|기준일자10|종업원수10|기준일자11|종업원수11|
1000016951|20210630|128|20211231|124|20220630|128|20221223|105|20230630|104|20231226|106|20240630|99|20241219|99|20250630|128|20251216|135|||
1000011495|20241231|82|20250519|78|||||||||||||||||||
1000016904|20210331|166|20211231|165|20220331|166|20221231|164|20230331|170|20231231|166|20240509|175|20241231|173|20250516|164|||||
1000019441|20210331|5|||||||||||||||||||||
1000014456|20210228|135|20211231|130|20220331|137|20221231|143|20230228|149|20231231|161|20240228|157|20241231|167|20250228|164|20251231|189|20260228|178|
1000017071|20221231|37|20231231|40|20241231|43|20250423|46|20251231|43|20260410|42|||||||||||
1000014458|20210609|9|20211231|9|20220607|9|20221231|9|20230531|8|20231231|9|20240604|8|20241231|9|20250611|5|||||
1000005978|20221231|203|20230406|209|20231231|208|20241231|217|20250421|217|20260403|246|||||||||||
1000000900|20231231|46|20240430|44|20241231|47|20250521|46|||||||||||||||
1000000255|20220404|116|20230331|116|20231231|131|20240322|116|20240830|131|20241231|141|20250317|144|20251231|140|20260318|140|||||
1000000910|20210630|62|20241231|44|20250807|44|||||||||||||||||
1000000776|20211231|16|20220407|17|20221231|19|20230327|18|20231231|18|20240327|16|20241231|14|20250327|14|20251231|14|20260407|14|||
1000018346|20210331|443|20211231|379|20220331|379|20221231|342|20230331|341|20231231|316|20240331|310|20241231|290|20250331|300|20251231|285|20260331|280|
1000010044|20251231|272|20260331|269|||||||||||||||||||
1000014292|20251231|246|20260403|243|||||||||||||||||||
1000014500|20251231|102|20260410|87|||||||||||||||||||
1000000862|20221231|26|20240503|26|||||||||||||||||||
1000016720|20251231|210|20260228|214|||||||||||||||||||
1000000080|20220328|11|20230331|22|||||||||||||||||||
1000013279|20241231|38|20250401|38|20251231|38|20260401|38|||||||||||||||
1000010942|20210616|24|20211231|22|20220615|27|20221231|23|20230616|30|20231231|23|20240616|30|20241231|30|20250617|31|||||
1000000431|20210430|86|20211231|83|||||||||||||||||||
1000017036|20210405|9|20211231|12|20220408|10|20221231|11|20230407|10|20231231|7|20240415|7|20241231|8|20250407|7|20251231|7|20260406|8|
1000000386|20231231|136|20240528|136|20241231|136|20250407|140|20251231|149|20260403|151|||||||||||
1000015438|20251231|289|20260409|284|||||||||||||||||||
1000007095|20210331|13|20211231|14|20251231|15|20260324|15|||||||||||||||
1000020168|20210331|71|20211231|74|20220412|74|20221231|78|20230418|78|||||||||||||
1000014438|20210324|31|20211231|31|20220314|31|20221231|32|20230327|31|20240319|32|20241231|32|20250403|32|20251231|41|20260309|41|||
1000000922|20241231|19|20250513|19|||||||||||||||||||
1000016984|20211231|274|20220630|290|||||||||||||||||||
1000009094|20210731|58|20220331|54|20220731|63|20230331|63|||||||||||||||
1000016981|20241231|125|20250416|124|20251231|134|20260417|124|||||||||||||||
1000007062|20210216|13|20220322|13|20221231|14|20230227|14|20230717|14|20231231|13|20240617|12|20241231|12|20250611|12|||||
1000011566|20210131|82|20211231|82|20220331|82|20221231|80|20230407|84|20231231|88|20240416|88|20241008|91|20241231|90|20250327|89|20251231|83|
1000017111|20211231|127|20220608|129|20251231|126|20260414|146|||||||||||||||
1000000556|20231231|0|20240823|609|||||||||||||||||||
1000013309|20241231|103|20250613|94|||||||||||||||||||
1000001041|20211231|36|20220408|36|20221231|37|20230331|36|20231231|37|20240423|36|20241231|37|20250331|39|20251231|42|20260331|43|||
1000013510|20221231|38|20231018|40|||||||||||||||||||
1000006812|20210426|9|20211231|10|20220426|10|20230425|7|20240425|7|20241231|7|20250424|7|||||||||
1000014412|20210331|60|20211231|62|20220331|62|20221231|67|20230331|67|20231231|72|20240517|84|20241231|83|20250430|84|||||
1000007113|20251231|56|20260406|56|||||||||||||||||||
1000000252|20210408|45|20211231|44|20220329|43|20221231|43|20230329|43|20231231|44|20240329|45|20241231|43|20250329|41|20251231|40|20260331|40|
1000000295|20210420|13|20211231|14|20220531|14|20221231|14|20230531|15|20231231|14|20240605|13|20241231|14|20250602|14|||||
1000001024|20211231|37|20221231|42|20230421|38|20231231|38|20240508|29|20241231|33|20250512|33|20251231|33|20260506|36|||||
1000016939|20250331|94|20260317|94|||||||||||||||||||
1000018431|20211231|67|20220405|66|20221231|71|20230330|69|20241231|60|20250331|61|||||||||||
1000000298|20211111|3471|20220429|3698|20230427|3396|20231231|3396|20240331|3534|20241231|3268|20250331|3849|20251231|3849|20260506|4112|||||
1000000505|20241231|169|20250217|167|||||||||||||||||||
1000001293|20210430|63|20211231|41|20220414|61|20221231|70|20230428|70|20231231|71|20240423|95|20241231|106|20250403|102|||||
1000001425|20221231|88|20231019|89|||||||||||||||||||
1000018426|20251231|99|20260420|101|||||||||||||||||||
1000000258|20211231|214|20220430|204|20221231|203|20230430|209|||||||||||||||
1000000470|20210722|7|||||||||||||||||||||
1000019330|20241231|264|20250613|283|20251231|264|20260415|297|||||||||||||||
1000000301|20241231|254|20250331|263|20251231|272|20260408|273|||||||||||||||
1000000417|20210615|61|20211231|65|20220530|61|20221231|67|20230409|64|20230419|64|20231231|67|20240409|64|||||||
1000001062|20231231|19|20240531|19|20241231|19|20250531|17|||||||||||||||
1000000306|20211231|2038|20220322|2107|||||||||||||||||||
1000001080|20210331|24|20211231|25|20220430|24|20221231|25|20230430|25|20241231|29|20250430|29|||||||||
1000001064|20211231|70|20220421|76|||||||||||||||||||
1000001085|20210414|70|20211231|78|20220411|85|20221231|91|20230419|92|20231231|103|20241231|107|20250410|115|20251231|129|20260413|141|||
1000001054|20220419|77|20221231|99|20230407|105|20231231|85|20240411|107|20241231|85|20250227|107|20251231|117|20260423|119|||||
1000010056|20210228|230|20211231|217|20220331|210|20221231|212|20230331|213|20231231|201|20240331|200|20241231|194|20250331|189|20251231|187|20260313|181|
1000001078|20230630|12|20240430|16|20240630|12|20250430|12|||||||||||||||
1000001079|20211231|72|20220420|69|20221231|41|20230421|42|20241231|56|20250423|54|||||||||||
1000017194|20210731|37|||||||||||||||||||||
1000000565|20220501|596|20221231|596|20230605|715|20231231|715|20240531|755|20241231|825|20250531|840|||||||||
1000001098|20211231|200|20231231|228|20240331|210|||||||||||||||||
1000001065|20251231|303|20260429|303|||||||||||||||||||
1000001094|20210331|67|20211231|56|20221231|77|20230331|85|20231231|89|20240331|78|20240815|60|20241231|54|20250409|64|20251231|53|20260409|54|
1000001103|20251231|48|20260421|48|||||||||||||||||||
1000001056|20210401|152|20211231|152|20220322|157|20221231|143|20230314|134|20231231|142|20240328|143|20241231|140|20250401|139|20251231|138|20260401|137|
1000000486|20210330|249|20211231|333|20220331|352|20221231|366|20230331|374|20231231|364|20240331|346|20241231|328|20250331|325|20251231|324|20260331|312|
1000001106|20210315|266|20220315|339|20230315|296|20231231|304|20240322|295|20241231|304|20250314|299|||||||||
1000000365|20210421|917|||||||||||||||||||||
1000000245|20210413|103|20211231|97|20220411|99|20221231|94|20230410|95|20231231|93|20240411|93|20241114|98|20241231|100|20250429|105|20251231|103|
1000001092|20210428|39|20220331|35|||||||||||||||||||
1000008433|20211231|29|20220516|29|||||||||||||||||||
1000014014|20210330|245|20211231|246|20220324|239|20231231|224|20240329|223|20241231|218|20250327|227|20251231|233|20260331|238|||||
1000010945|20221231|172|20230531|198|20231231|200|20240514|198|20250331|218|20251231|251|20260331|255|||||||||
1000016027|20221231|37|20230731|37|||||||||||||||||||
1000016026|20260409|95|||||||||||||||||||||
1000014524|20221231|120|20230411|122|||||||||||||||||||
1000012506|20210609|201|20211231|179|20220607|158|20221107|141|20221231|149|20230531|114|20231231|125|20240531|100|20241231|128|20250430|114|||
1000010074|20241231|97|20250421|104|20251231|104|20260421|95|||||||||||||||
1000014502|20241231|45|20250319|45|||||||||||||||||||
1000014503|20241231|103|20251210|100|||||||||||||||||||
1000021736|20210331|47|20211231|47|20220325|47|20221231|48|20230329|48|20231231|51|20240328|54|20241231|54|20250319|56|20251231|53|20260327|53|
1000011585|20210331|2114|20211231|2058|20220331|2014|20221231|2009|20230331|2029|20231231|2070|20240331|2063|20241231|2146|20250331|2104|20251231|2117|20260331|2117|
1000010055|20231231|66|20240531|63|20241231|64|20250331|66|20251231|66|20260331|63|||||||||||
1000001020|20231231|321|20240717|321|||||||||||||||||||
1000000290|20210413|33|20211231|30|20220413|28|||||||||||||||||
1000028126|20211027|6|20241231|12|20250716|11|||||||||||||||||
1000016972|20210331|79|20211231|79|20221231|74|20230331|74|20231231|74|20240331|76|20241231|75|20250331|74|20251231|75|20260228|69|||
1000006051|20210228|27|20211231|33|20220331|32|20221231|34|20230331|32|||||||||||||
1000020175|20210630|242|20220523|242|||||||||||||||||||
1000001119|20251231|22|20260402|23|||||||||||||||||||
1000000666|20210405|51|20211231|50|20220406|48|20221231|51|20230410|54|20231231|51|20240412|54|20241231|51|20250417|49|20251231|83|20260430|82|
1000016961|20251231|154|20260331|153|||||||||||||||||||
1000020189|20210430|278|20211231|109|20220430|103|20221231|78|20230430|72|||||||||||||
1000018412|20251231|129|20260407|126|||||||||||||||||||
1000022902|20220427|141|||||||||||||||||||||
1000000622|20241231|75|20250409|76|20260401|72|||||||||||||||||
1000007112|20211231|75|20220630|69|20221231|59|20230430|70|||||||||||||||
1000016952|20210430|17|20211231|17|20220430|17|20231231|18|20240517|18|20241231|18|20250531|19|||||||||
1000001264|20220630|3|20230313|3|||||||||||||||||||
1000000807|20231231|194|20240904|194|||||||||||||||||||
1000016966|20210630|88|20221231|90|20231120|78|||||||||||||||||
1000009524|20211231|252|20220331|256|||||||||||||||||||
1000001265|20241231|33|20250526|33|||||||||||||||||||
1000001134|20221231|30|20230731|27|||||||||||||||||||
1000001170|20241231|0|20250407|76|20251231|76|20260417|67|||||||||||||||
1000001163|20210405|15|20211231|15|20220324|13|20221231|14|20230320|13|20231231|12|20240328|16|20241231|13|20250331|13|20251231|13|20260401|13|
1000001127|20210401|203|20211231|202|20220401|207|20221231|230|20230403|227|20231231|264|20240402|272|20241231|293|20250331|294|20251231|296|20260331|289|
1000001111|20210528|16|20211231|15|20220527|14|20221231|16|20230520|14|20231231|16|20240417|11|||||||||
1000001167|20210506|13|20211231|13|20230615|13|20231231|14|20240809|0|20241231|13|20250508|13|||||||||
1000001168|20231231|30|20240814|30|20241231|33|20250717|31|||||||||||||||
1000001129|20210315|109|20220329|130|20230322|117|20240318|113|20241231|113|20250401|98|||||||||||
1000001137|20210531|61|20211231|79|20220531|82|20221231|61|20230530|65|20231231|69|20240528|61|20241231|68|20250530|63|||||
1000017053|20210330|263|20211231|269|20220331|275|20221231|269|20230228|275|20231231|276|20240409|262|20241231|243|20250321|245|20251231|240|20260331|246|
1000011410|20210228|162|20221231|123|20230228|120|20231231|122|20240829|121|20241231|125|20250430|128|||||||||
1000001128|20221231|10|20230427|10|20231231|13|20240131|12|20240415|13|20241231|7|20250415|9|20251231|7|20260415|10|||||
1000001289|20221231|4|20230615|4|||||||||||||||||||
1000001144|20210331|30|||||||||||||||||||||
1000006010|20210531|13|20211231|11|||||||||||||||||||
1000018432|20210331|221|20211231|191|20220331|79|20221231|124|20230331|124|||||||||||||
1000001138|20251231|1600|20260506|1606|||||||||||||||||||
1000009974|20210624|642|20241231|645|20251027|749|20260219|765|||||||||||||||
1000001139|20211231|155|20220331|155|20221231|144|20230331|142|20231231|146|20240331|158|20241231|161|20250331|163|20251231|38|20260331|44|||
1000007098|20210331|125|20210409|125|20220331|116|20221231|116|20230413|120|20240417|208|20241231|86|20250408|87|20251231|86|20260407|90|||
1000001263|20211231|204|||||||||||||||||||||
1000000821|20210228|24|20211231|29|20220222|24|20221231|25|20230310|25|20231128|36|20231231|36|20241231|37|||||||
1000001207|20231231|2461|20240723|2484|||||||||||||||||||
1000001212|20211231|23|||||||||||||||||||||
1000001204|20210430|59|||||||||||||||||||||
1000001197|20221231|97|20230803|99|20231231|83|20241114|94|||||||||||||||
1000006074|20241231|53|20250402|51|||||||||||||||||||
1000012504|20231231|32|20240614|32|||||||||||||||||||
1000009374|20221231|49|20230821|49|||||||||||||||||||
1000011589|20210407|46|||||||||||||||||||||
1000001228|20211231|34|20220331|35|20221231|35|20230410|36|20231231|40|20240417|46|||||||||||
1000000398|20210329|48|20211231|47|20220405|46|20241231|42|20250421|43|||||||||||||
1000000611|20241231|13|20250718|13|||||||||||||||||||
1000000550|20231231|88|20240312|88|||||||||||||||||||
1000010049|20210430|28|20220228|29|20221231|29|20230331|30|20231231|30|20240404|29|20241231|28|20250331|30|20251231|29|20260331|29|||
1000021722|20211231|28|20220519|26|20231231|27|20240508|28|||||||||||||||
1000000515|20210419|43|||||||||||||||||||||
1000018240|20210331|62|20211231|64|20220331|62|20221231|59|20230430|59|20231231|62|20240419|60|20241231|65|20250418|64|20251231|74|20260408|65|
1000020179|20251231|47|20260406|42|||||||||||||||||||
1000008720|20231231|14|20240630|12|||||||||||||||||||
1000011946|20231231|55|20240331|59|||||||||||||||||||
1000005602|20211231|196|20220429|213|20221231|238|20230425|235|20231231|242|20240502|241|||||||||||
1000000653|20221231|162|20231121|157|||||||||||||||||||
1000000624|20211231|52|20220331|52|20230413|48|20231231|48|20240331|48|20241231|43|20250415|41|20251231|43|20260415|41|||||
1000000451|20231231|90|20240625|100|20251231|79|20260508|98|||||||||||||||
1000018413|20210131|56|20210331|57|20220228|57|20221231|56|20230420|57|||||||||||||
1000016003|20210331|47|||||||||||||||||||||
1000000256|20210531|43|20211231|37|20220531|37|20221231|40|20230615|39|20231231|38|20240621|38|20241231|34|||||||
1000000469|20210311|33|20221231|67|||||||||||||||||||
1000022224|20210228|184|20241231|223|20250401|223|||||||||||||||||
1000016454|20211231|26|20220331|25|20221231|25|20230331|25|20231231|20|20240331|20|20240821|19|20241231|18|20250402|18|20251231|21|20260403|21|
1000015919|20211231|112|20221231|98|20230430|89|20231231|93|20240531|85|||||||||||||
1000013906|20210716|143|20211231|135|20220630|141|20221231|146|20231231|145|20240712|144|20241231|147|20250715|150|||||||
1000014293|20210331|125|20211231|138|20220331|157|20231231|150|20240331|151|20241231|172|20250331|172|20251231|177|20260331|176|||||
1000001514|20211231|42|20220331|44|20221231|43|20230619|47|20231231|46|20240618|44|||||||||||
1000001619|20210331|265|20211231|109|20220331|113|20221231|186|20230331|263|20231231|299|20240409|410|20241231|366|20250429|512|||||
1000005647|20221231|324|20230407|324|20231231|334|20240630|312|20251231|378|20260331|430|||||||||||
1000015828|20211231|298|20220418|308|20221231|346|20230419|367|20231231|380|20240424|385|20241231|380|20250415|385|20251231|390|20260421|381|||
1000002462|20210622|35|20211231|30|20220712|30|20230620|35|20231231|30|20240625|35|20241231|30|20250704|35|||||||
1000002167|20251231|234|20260326|231|||||||||||||||||||
1000001651|20221231|22|20230525|20|20231231|22|20240509|20|20240813|20|20241231|17|20250416|16|20251231|17|20260420|17|||||
1000023832|20210525|5|20231231|6|20240807|7|||||||||||||||||
1000013558|20210428|48|20211231|43|20220502|45|20221231|45|20230503|45|20241231|39|20250424|39|20251231|39|20260423|39|||||
1000010971|20211231|20|20220415|20|||||||||||||||||||
1000014705|20251231|26|20260402|28|||||||||||||||||||
1000006153|20210331|51|||||||||||||||||||||
1000016190|20211231|52|20221231|50|20230411|50|20231231|47|20240409|47|20241231|47|20250411|46|20251231|45|20260414|45|||||
1000014528|20251231|82|20260401|82|||||||||||||||||||
1000012254|20211231|191|20221231|198|20230404|203|20231231|192|20240402|191|20241231|189|20250331|189|20251231|195|20260401|194|||||
1000000686|20210831|190|20211231|184|20220630|204|||||||||||||||||
1000002477|20210414|45|20211231|47|20220425|44|||||||||||||||||
1000018291|20210331|140|20211231|101|20220331|101|20221231|110|20230418|106|20231231|104|20240401|124|20241231|127|20250401|129|20251231|133|20260401|137|
1000007996|20211231|296|20220426|302|20221231|285|20230418|293|20241231|339|20250416|331|||||||||||
1000008966|20210428|27|20220430|26|||||||||||||||||||
1000011675|20210602|10|||||||||||||||||||||
1000014609|20210331|21|20211231|21|20220414|21|20221231|21|20230426|21|20230430|21|20231231|21|20240510|20|||||||
1000008742|20211231|5|20221007|5|||||||||||||||||||
1000000601|20221231|24|20230518|21|20251231|22|20260506|22|||||||||||||||
1000018295|20220408|65|20221231|25|20230406|25|||||||||||||||||
1000012674|20210406|30|20211231|26|20220415|26|20241231|19|20250617|20|||||||||||||
1000002422|20210423|13|||||||||||||||||||||
1000009148|20210331|183|20221231|170|20230331|176|20231231|195|20240331|218|20241231|341|20250411|341|20251231|381|20260401|382|||||
1000007527|20210611|14|20221231|14|20230517|14|20231101|14|20231231|14|20240522|14|20241231|15|20250418|16|||||||
1000002512|20210618|726|20221231|759|20231013|752|20231231|770|20240630|767|||||||||||||
1000016753|20211231|33|20230310|45|20230331|45|20241231|39|20250408|40|||||||||||||
1000009612|20210331|68|20211231|68|20220415|72|20221231|68|20240326|64|20241231|53|20250401|47|20251231|43|20260401|65|||||
1000013188|20210331|75|||||||||||||||||||||
1000002455|20211231|68|20221231|62|20230525|68|20231231|68|20240521|63|20241231|74|20250520|68|||||||||
1000017267|20210601|6|||||||||||||||||||||
1000021377|20220330|9|||||||||||||||||||||
1000018634|20251231|50|20260408|56|||||||||||||||||||
1000006156|20211231|2|20220701|2|||||||||||||||||||
1000013545|20210625|13|||||||||||||||||||||
1000017354|20210131|114|||||||||||||||||||||
1000005793|20221231|36|20231010|36|20241231|5|20251105|5|||||||||||||||
1000019814|20210322|64|20211231|62|20220322|50|20221231|52|20230323|51|20231231|52|20240327|51|20241231|51|20250324|50|20251231|49|20260325|50|
1000002575|20211231|24|20220228|22|20221231|22|20230228|20|||||||||||||||
1000016035|20211231|7|20221231|6|||||||||||||||||||
1000002312|20210406|35|20211231|42|20220406|43|20221231|34|20230331|33|20231231|31|20240416|33|||||||||
1000001639|20241231|94|20250924|77|||||||||||||||||||
1000012527|20210401|30|20211231|28|20220401|30|20221231|34|20230401|37|20231231|34|20240401|37|20241231|34|20250417|37|20251231|30|20260409|31|
1000006200|20211231|61|20220412|57|20241231|56|20250515|55|20251231|66|20260407|70|||||||||||
1000001924|20241231|15|20250508|15|||||||||||||||||||
1000005836|20241231|28|20250411|27|20251231|28|20260415|27|||||||||||||||
1000002073|20210331|1077|20210430|959|20211231|955|20241231|1596|20250811|1878|||||||||||||
1000008761|20221231|70|20230430|65|20231231|65|20241231|70|20250416|70|20251231|72|20260423|72|||||||||
1000018834|20210325|8|20211231|8|20220325|8|20221231|8|20230325|8|20231231|8|20240327|8|20241231|8|20250326|8|20250529|8|||
1000017300|20211231|64|20220218|66|20220315|65|20221231|64|20230228|85|20231231|93|20240305|94|20240418|95|20241231|102|20250331|103|||
1000019622|20210408|36|20211231|40|20220413|30|20221231|29|20231231|31|20240417|31|20241231|31|20250407|32|20251231|32|20260422|32|||
1000013802|20210706|26|20220620|25|||||||||||||||||||
1000013945|20211231|102|20220701|102|20241231|221|20250318|223|||||||||||||||
1000001366|20210623|426|||||||||||||||||||||
1000001367|20241231|106|20250916|111|20251231|116|20260413|117|||||||||||||||
1000001369|20211231|120|20220427|120|20220430|120|20231231|118|20240521|116|20241231|118|20250418|88|20251231|88|20260413|95|||||
1000000430|20211231|17|20220531|29|20221231|32|20230531|46|20231231|60|20240531|119|20241231|64|20250531|94|||||||
1000001598|20210331|106|20211231|98|20220414|99|20231231|101|20241213|104|||||||||||||
1000010138|20210520|161|20211231|101|20220523|100|||||||||||||||||
1000013282|20210527|14|20211231|12|20220524|12|20221231|12|20230525|12|20231231|12|20240520|12|||||||||
1000000903|20210411|98|20210415|98|20211231|98|20221231|98|20230413|98|20231231|103|20240924|95|20241231|90|20250721|90|||||
1000001602|20220331|36|||||||||||||||||||||
1000013250|20231231|39|20240527|37|20241231|33|20250514|37|||||||||||||||
1000001415|20210331|34|20211231|29|20220331|27|20230403|37|20231231|46|20240328|46|20241231|53|20250331|53|20251231|57|20260401|57|||
1000007565|20211231|75|20220616|73|20221231|78|20230531|75|20241231|75|20250331|75|||||||||||
1000006809|20210416|65|20220422|56|20221231|65|20230417|56|20231231|46|20240409|47|20240903|46|20241231|45|20250407|0|20251231|45|20260420|54|
1000012538|20221231|25|20230430|25|||||||||||||||||||
1000019334|20220530|37|20221231|34|20230331|37|||||||||||||||||
1000001375|20251231|95|20260331|100|||||||||||||||||||
1000012548|20231231|98|20240430|107|||||||||||||||||||
1000021161|20210228|71|20210331|69|20211231|71|20221231|54|20230501|52|||||||||||||
1000010067|20210413|101|20211231|93|20220418|100|||||||||||||||||
1000012563|20210526|27|20221231|26|20230518|29|20231231|30|20240513|33|20241231|31|20250528|31|||||||||
1000001556|20211231|7|20220531|6|||||||||||||||||||
1000001643|20211231|10321|20220630|10230|20221231|10148|20230616|10139|20231231|10680|20240618|10226|20241231|9736|20250908|9691|||||||
1000020190|20210228|97|20211231|130|20220331|139|20221231|160|20230331|158|20231231|155|20240331|131|20241231|65|20250331|61|20251231|47|20260331|42|
1000008011|20221231|209|20231031|204|||||||||||||||||||
1000017060|20211231|153|20231231|180|20240403|182|20241231|184|20250328|197|||||||||||||
1000013907|20211231|17|20220412|17|20221231|20|20230504|20|20231231|20|20240531|21|20240806|21|20241231|21|20250701|20|||||
1000007566|20241231|91|20250421|100|20251231|94|20260331|89|||||||||||||||
1000001384|20211031|44|20211231|44|20221031|42|20221231|44|20231108|44|20231231|46|20241113|47|||||||||
1000000946|20211231|131|20221231|280|20231231|180|20240404|181|20240809|183|20241231|185|20250408|188|20251231|190|20260402|197|||||
1000017348|20210428|15|20211231|16|20220421|16|||||||||||||||||
1000011090|20210430|158|20211231|161|20220331|164|20230331|157|||||||||||||||
1000016739|20241231|146|20250425|148|20251231|178|20260406|163|||||||||||||||
1000000719|20241231|254|20251230|254|||||||||||||||||||
1000014489|20211231|102|20221231|112|20231231|113|20240716|116|20241231|120|20250331|117|||||||||||
1000018907|20210402|33|20211231|34|20220404|34|20221231|37|20230404|38|20231231|39|20240404|38|20241231|39|20250403|37|20251231|35|20260407|35|
1000005585|20211231|234|20220331|246|20221231|229|20230331|235|20231231|211|20240331|218|20241231|193|20250326|203|20251231|203|20260401|181|||
1000018519|20210331|27|20211231|14|20220427|11|||||||||||||||||
1000006152|20210430|5|20211231|5|20220423|5|20221231|5|20231231|5|20240531|5|20240822|4|20241231|4|20250425|4|20251231|4|20260507|4|
1000014511|20210531|19|20211231|22|20220612|25|20231231|16|20240531|16|20241231|10|20250531|10|||||||||
1000018927|20210331|66|20211231|75|20220331|76|20221231|90|20230331|91|20231231|103|20240229|114|20241231|122|20250331|123|20251231|116|20260331|115|
1000001766|20210331|166|20211231|183|20220331|173|20221231|181|20230331|166|20231231|166|20240401|161|20241231|178|20250331|184|20251231|215|20260331|221|
1000020155|20210315|158|20211231|158|20220314|155|20221231|155|20230317|160|20231231|170|20240404|170|20240826|172|20241231|169|20250319|174|20251231|174|
1000023464|20251231|39|20260331|41|||||||||||||||||||
1000001523|20210331|80|20211231|91|20220331|91|20221231|76|20230410|76|20231231|86|20240404|86|20241231|85|20250411|85|20251231|89|20260401|89|
1000005892|20210630|13|||||||||||||||||||||
1000007138|20211231|68|20220331|68|20221231|68|20230331|68|20231231|49|20240331|49|20240826|47|20241231|48|20250407|47|20251231|47|20260406|47|
1000006825|20211231|40|20220418|40|20230331|38|20231231|37|20240822|38|20241231|34|20250401|34|||||||||
1000011448|20210618|23|20211231|30|20220509|26|20221231|31|20230515|27|20231231|23|20240425|23|20241231|22|20250601|24|||||
1000012594|20231231|5|20240814|8|20241231|8|20250530|8|||||||||||||||
1000012545|20210924|52|20251231|34|20260331|31|||||||||||||||||
1000019328|20211214|34|||||||||||||||||||||
1000012544|20211231|40|20221231|42|20230420|44|20231231|45|20240603|45|20240828|44|||||||||||
1000001554|20210402|5|||||||||||||||||||||
1000012336|20221231|15|20230511|17|20231231|13|20240517|13|||||||||||||||
1000012033|20241231|7|20250731|8|||||||||||||||||||
1000017027|20211231|11|20220518|10|20221231|10|20230510|13|20231231|10|20240510|10|20241231|10|20250515|10|20251231|10|20260507|10|||
1000018441|20241231|171|20250430|178|||||||||||||||||||
1000016157|20211231|36|20220331|34|20221231|36|20230331|37|20231231|36|20240331|36|20241231|34|20250430|33|||||||
1000007554|20210531|33|||||||||||||||||||||
1000001501|20210330|177|20231231|188|20240425|186|20241231|175|20250404|169|20251231|175|20260420|173|||||||||
1000011601|20210420|28|||||||||||||||||||||
1000012534|20211231|33|20230314|33|||||||||||||||||||
1000016734|20221231|99|20230531|110|||||||||||||||||||
1000001361|20210416|89|20211231|89|20220420|90|20221231|85|20230421|90|20231231|90|20240430|100|20241231|100|20250418|100|20251231|80|20260417|80|
1000016173|20211231|10|20220624|11|20221231|14|20230623|14|20231231|11|20240610|11|20241231|11|20250617|11|||||||
1000017021|20210430|30|20211231|31|20220430|35|20221231|35|20230331|33|20231231|38|20240517|37|20241231|38|20250508|37|||||
1000010068|20211012|28|||||||||||||||||||||
1000005571|20210330|18|||||||||||||||||||||
1000014499|20211231|24|20220328|21|20221231|26|20230511|21|||||||||||||||
1000011951|20210228|64|20211231|62|20220331|65|20221231|89|20230331|94|20231231|80|20240331|86|20240731|93|20240819|93|||||
1000014091|20210426|108|20211231|128|20220331|115|20221231|122|20230331|119|20231231|118|20240331|126|20241231|117|20250331|118|20251231|112|20260401|117|
1000018228|20211231|24|20221021|23|||||||||||||||||||
1000012572|20210331|15|20211231|17|20220324|18|20221231|18|20230328|20|20231231|19|20240328|16|||||||||
1000013303|20210608|12|||||||||||||||||||||
1000013503|20220630|19|20230113|18|20230630|17|20231218|20|20240630|17|20241202|17|20250630|17|20260316|15|||||||
1000014092|20220414|53|||||||||||||||||||||
1000009570|20241231|20|20250407|20|||||||||||||||||||
1000012578|20210331|101|20211231|129|20221231|126|20230401|125|20231231|131|20240425|131|20241231|121|20250401|116|20251231|110|20260401|116|||
1000011612|20210414|21|20211231|20|20220414|20|20221231|20|20231231|20|20240415|16|||||||||||
1000011584|20210331|166|20211231|157|20220430|159|20221231|157|20230620|134|20231231|145|20240612|153|20241231|174|20250531|176|||||
1000006080|20210326|43|20211231|46|20220411|44|20221231|41|20230410|42|20231231|36|20240408|39|20241231|39|20250402|40|20251231|40|20260402|39|
1000020242|20241231|41|20250531|39|||||||||||||||||||
1000001654|20210416|68|20211231|68|20220413|60|20221231|60|20231231|60|20240416|31|20241231|31|20250319|31|20251231|28|20260209|28|||
1000001662|20210531|242|20211231|248|20220430|263|20220508|279|20221231|278|20231231|297|20240430|309|20241231|349|20250331|361|20251231|380|20260331|403|
1000022239|20211231|12|20220323|12|20230321|12|20231231|12|20240326|12|20241231|18|20250328|18|20251231|21|20260303|17|||||
1000014467|20210506|85|20211231|110|20220516|98|20221231|100|20230509|102|20231231|102|20240430|110|||||||||
1000000980|20210331|22|20221231|25|20230531|28|||||||||||||||||
1000018366|20231231|36|20240531|32|||||||||||||||||||
1000010957|20210518|9|20211231|9|20220603|8|20231231|9|20240528|9|20241231|9|20250530|8|||||||||
1000014840|20221231|145|20230331|146|20240422|145|||||||||||||||||
1000010298|20210930|444|20211231|498|20220228|498|20231231|523|20241231|566|20250228|551|20251231|568|20260228|578|||||||
1000001508|20231231|471|20240327|470|||||||||||||||||||
1000000997|20231231|121|20241231|97|||||||||||||||||||
1000001225|20210330|14|20210401|12|20211231|14|20221231|14|20230330|11|20241231|12|20250228|12|20251231|13|20260326|11|||||
1000008440|20210531|12|20221231|12|20240520|12|20241231|9|20250528|9|||||||||||||
1000001411|20210430|193|20211231|177|20220408|182|20231231|195|20240329|207|20241231|189|20250228|229|20251231|220|20260327|242|||||
1000007118|20210513|25|20221231|27|20230508|32|20231231|30|20240514|27|20241231|23|20250516|25|20251231|26|20260504|25|||||
1000014247|20221231|56|||||||||||||||||||||
1000014095|20210331|77|20211231|77|20220430|71|||||||||||||||||
1000010088|20211231|32|20220502|31|20221231|32|20230427|33|20240422|34|20241231|26|20250414|30|20251231|35|20260416|35|||||
1000014602|20210427|132|20211231|118|20221128|119|20221231|118|20230413|117|20231231|113|20240419|114|20241231|107|20250418|111|20251231|114|20260408|114|
1000016170|20210608|8|20221231|6|20230531|6|20241231|6|20250531|6|||||||||||||
1000022913|20251231|61|20260331|64|||||||||||||||||||
1000000889|20241231|420|20250611|418|||||||||||||||||||
1000010315|20211231|67|20221231|75|20231231|84|20241231|93|20250321|91|20251231|122|20260327|125|||||||||
1000009122|20210331|40|20211231|40|20220405|38|20221231|49|20230608|47|20231231|45|20240520|39|20241231|42|20250228|42|20251231|44|20260406|40|
1000001408|20211231|13|20221231|13|||||||||||||||||||
1000001577|20210513|25|||||||||||||||||||||
1000016725|20210419|9|||||||||||||||||||||
1000017022|20241231|7|20250530|56|||||||||||||||||||
1000001483|20210517|19|20211231|19|20221231|20|20230331|21|20231231|25|20240531|26|20240826|26|20241231|24|20250613|23|||||
1000001636|20210228|180|20211231|206|20220331|182|20221231|260|20230331|275|20231231|311|20240329|343|20241231|310|20250328|347|20251231|374|20260325|353|
1000012577|20211231|46|20221231|54|20231231|52|20240326|52|20241231|53|20250328|54|20251231|65|20260324|64|||||||
1000017175|20211231|49|20220502|50|||||||||||||||||||
1000009125|20210528|23|||||||||||||||||||||
1000000940|20231231|24|20240809|27|20241231|27|20250718|25|||||||||||||||
1000018272|20211231|175|20220228|192|20221231|196|20230228|211|20231231|211|20240320|219|20240731|215|20241231|230|20250228|236|20251231|228|20260403|221|
1000001443|20210414|25|20211231|28|20220413|28|20221231|29|20230331|29|20231231|29|20240331|29|||||||||
1000008416|20221231|51|20231017|52|||||||||||||||||||
1000005634|20210331|8|20220418|24|20221231|38|20230403|41|||||||||||||||
1000006123|20211231|28|20220314|28|20230313|28|20231231|28|20240313|28|20240813|28|20241231|23|20250311|23|20251231|23|20260319|23|||
1000001676|20210331|172|20211231|180|20220307|182|20221231|182|20230228|183|20231231|189|20240318|0|20241231|225|20250321|226|20251231|208|20260228|209|
1000009580|20210527|24|20211231|19|20220426|22|20221231|22|20230427|22|20231231|19|20240418|18|||||||||
1000016622|20210608|17|20211231|15|20220614|17|20221231|17|20230609|15|20231231|17|20240613|15|20241231|13|20250618|13|||||
1000001890|20211028|10065|20220504|10065|||||||||||||||||||
1000013415|20220401|3926|20230427|3926|20240419|3926|20250414|4143|20260409|4159|||||||||||||
1000013390|20210522|6|20221231|7|20230607|6|20231231|7|20241231|4|20250616|5|20251231|4|20260423|6|||||||
1000019439|20241231|23|20260407|23|||||||||||||||||||
1000007570|20251231|667|20260417|667|||||||||||||||||||
1000031698|20210401|143|20211231|159|20220401|159|20221231|159|20231109|183|20231231|159|20240416|187|20241231|183|20250430|183|20251231|162|20260401|157|
1000021659|20210630|13|20211217|15|20221220|19|20230630|20|20231218|21|20240630|17|20241216|19|20250630|14|20251216|16|||||
1000012601|20210330|36|20211231|40|20220228|38|20221231|33|20230228|33|20231231|33|20240402|30|20241231|27|20250401|27|20251231|27|20260330|27|
1000020223|20231231|23|20240625|22|20251231|18|20260420|33|||||||||||||||
1000018955|20241231|28|20250507|17|||||||||||||||||||
1000001901|20241231|1252|20250430|1149|||||||||||||||||||
1000020220|20211231|22|20220331|25|20221231|22|20230331|21|20231231|28|20240821|28|20241231|28|20250523|28|||||||
1000001479|20210512|6|20211231|6|20220509|6|||||||||||||||||
1000016458|20210325|25|20220317|23|20220325|23|20230321|24|20231231|23|20240314|17|20241231|16|20250319|17|20251231|11|20260316|8|||
1000005775|20210531|15|20211231|18|20220616|17|20221231|19|20230619|19|||||||||||||
1000005701|20241231|32|20250430|32|20251231|34|20260331|31|||||||||||||||
1000001447|20231231|53|20240331|60|20241231|54|20250318|57|20260406|50|||||||||||||
1000016982|20221231|40|20230508|41|20231231|41|20240618|39|20241231|39|20250428|38|||||||||||
1000001666|20211231|47|20220131|46|20221231|46|20230407|45|20231231|41|20240419|44|20240828|45|20250402|43|||||||
1000011605|20211231|15|20220329|21|20221231|22|20230420|21|20231231|20|20240423|13|||||||||||
1000011428|20210325|4|20241231|2|20251119|2|||||||||||||||||
1000012588|20241231|60|20250102|62|20250430|60|20251231|62|20260417|62|||||||||||||
1000011609|20210430|322|20211231|388|20220430|407|20221231|474|20230523|512|20231231|498|20240524|485|20241231|512|20250521|518|||||
1000008417|20210930|45|20211231|45|20220616|46|20221231|46|20230531|47|||||||||||||
1000018530|20251231|28|20260413|28|||||||||||||||||||
1000017089|20210518|29|20221231|33|20230509|34|||||||||||||||||
1000013248|20210423|10|||||||||||||||||||||
1000001635|20241231|23|20250605|23|||||||||||||||||||
1000012037|20210531|292|20211231|262|20220531|264|20221231|252|20230531|272|20231231|261|20240619|185|20241231|192|20250531|187|||||
1000010146|20221231|75|20230511|75|||||||||||||||||||
1000007131|20251231|81|20260330|87|||||||||||||||||||
1000018375|20210426|173|20211231|177|20220411|178|20251231|166|20260409|160|||||||||||||
1000005700|20210430|49|20221231|55|20230331|55|||||||||||||||||
1000005864|20210526|14|||||||||||||||||||||
1000000902|20210312|44|20211231|50|20220315|50|20231231|48|20240409|57|20240910|53|20241231|63|20250401|63|20251231|63|20260326|52|||
1000018945|20210510|9|20220510|11|20221231|11|20230517|12|20231231|11|20240513|12|20241231|10|20250520|10|||||||
1000018960|20210420|24|20211231|24|20220407|24|20221231|24|20230411|23|20231231|23|20240403|21|20241231|23|20250416|18|||||
1000007983|20211231|78|20221031|78|||||||||||||||||||
1000001549|20210518|360|20211231|352|20221231|363|20230504|362|20231231|373|20240408|376|20240812|342|||||||||
1000020247|20210228|63|20211231|59|20220412|48|20221231|50|20230413|47|||||||||||||
1000001693|20211014|31|20211231|29|20220922|31|20221231|29|20230430|32|||||||||||||
1000001022|20210330|38|20211231|28|20220331|28|20221231|28|20230330|28|||||||||||||
1000013500|20210531|83|||||||||||||||||||||
1000001846|20210323|186|20211231|192|20220315|186|20221231|178|20230315|179|20231231|178|20240313|180|20241231|163|20250317|169|20250826|164|20251231|161|
1000010152|20210331|55|20211231|55|20220405|56|20221231|56|20230331|56|20231231|48|20240326|53|20241231|47|20250314|47|20251231|49|20260309|50|
1000018866|20220401|8|20221231|9|20230328|11|20231231|11|20240321|11|20241231|11|20250401|8|20251231|11|20260330|9|||||
1000022101|20210331|54|20211231|64|20220331|64|20221231|71|20230331|71|20231231|63|20240331|63|20240911|63|20241231|64|20250411|58|20251231|54|
1000018268|20210430|484|20211231|492|20220228|495|20230228|762|||||||||||||||
1000016987|20210331|195|20211231|200|20220331|190|20231231|200|20240331|180|20241231|185|20250331|185|20251231|162|20260401|174|||||
1000009561|20210430|81|20211231|82|20220430|73|||||||||||||||||
1000012551|20241231|12|20250421|14|20260420|11|||||||||||||||||
1000001475|20221231|13|20231108|11|||||||||||||||||||
1000022093|20210331|27|20221231|25|20231231|26|20240229|26|20241231|27|20250320|27|20251231|27|20260326|33|||||||
1000001959|20230324|68|20231231|71|20240325|71|20240826|77|20250325|81|20260401|68|||||||||||
1000001574|20210325|7|||||||||||||||||||||
1000013999|20210426|24|20211231|24|20220414|23|20221231|24|20230426|24|20231231|21|20240420|23|20241231|23|20250426|23|20251231|23|20260422|23|
1000001717|20210413|26|20211231|27|20221231|28|20230320|28|20231231|32|20240401|31|20241231|36|20250326|37|20251231|37|20260324|40|||
1000014244|20210930|107|20221231|99|20231017|107|20231231|107|20241009|104|20241231|121|20260120|121|||||||||
1000001744|20210528|46|||||||||||||||||||||
1000010027|20210331|70|20220331|63|20220831|62|20230331|65|20230904|64|20240331|59|20240820|58|20250331|54|20250831|54|||||
1000023449|20210331|807|20220331|761|20231231|746|20240331|753|20241231|686|20250331|679|20251231|772|20260331|774|||||||
1000001403|20210526|66|20211231|70|20220513|72|20221231|72|20230517|82|20231231|82|20240507|84|||||||||
1000001423|20231231|4|20241010|5|||||||||||||||||||
1000001464|20210302|13|20220314|13|20220401|14|20221231|15|20231231|18|20240315|17|20240806|19|20241231|20|20250227|21|20251231|20|20260423|21|
1000001478|20210331|43|20220331|43|20230331|46|20231231|46|20240531|48|20240828|51|20241231|53|20250428|57|||||||
1000001480|20221231|27|20230330|26|||||||||||||||||||
1000001573|20241231|135|20260402|160|||||||||||||||||||
1000000426|20221231|11|20230430|11|||||||||||||||||||
1000001599|20211231|1564|20220520|1551|20221231|1594|20230608|1631|20231231|1538|20240509|1551|20241231|1531|20250513|1512|||||||
1000001614|20211231|5|20220516|4|20221231|4|20230525|7|20231231|7|20240603|7|20241231|6|20250522|6|||||||
1000001617|20211231|120|20220302|123|20231231|132|20240930|130|20241231|123|20250402|130|20251231|129|20260319|129|||||||
1000001647|20210331|64|20211231|64|20220331|66|20221231|72|20230331|70|20231231|54|20241223|48|20241231|47|20251215|35|||||
1000001668|20210331|13|20221231|13|20230418|13|||||||||||||||||
1000001702|20210617|8|20221231|7|20230420|8|20231231|9|20240418|9|20241231|9|20250425|9|||||||||
1000009097|20251231|278|20260422|268|||||||||||||||||||
1000001723|20211231|4|20220621|4|20221231|4|20230627|4|20231231|4|20240628|4|20241231|3|20250627|3|||||||
1000001817|20210331|14|20220331|14|||||||||||||||||||
1000001821|20210728|22|20211231|16|20221231|16|20231231|16|||||||||||||||
1000000612|20210405|43|20211231|43|20220411|46|20221231|50|20230411|50|20231231|45|20240419|50|20240909|51|20241231|49|20250408|52|20251231|49|
1000001853|20221231|60|20230331|67|||||||||||||||||||
1000007435|20241231|137|20250418|129|||||||||||||||||||
1000016161|20210419|30|20211231|37|20221231|49|||||||||||||||||
1000001468|20241231|277|20250520|277|||||||||||||||||||
1000019440|20211231|30|20220331|30|20221231|30|20230331|30|20231231|30|20240412|30|20241231|28|20250411|28|||||||
1000016040|20211231|767|20221231|767|20230412|767|20231231|771|20240409|771|20241231|779|20250409|779|20251231|742|20260414|751|||||
1000016461|20211231|29|20220415|29|20241231|22|20251231|24|||||||||||||||
1000017102|20211231|74|20220331|72|20221231|75|20230331|81|20231231|84|20240508|85|20241231|91|20250515|89|20251231|91|20260508|91|||
1000002037|20210305|6544|20221231|6836|20230228|7030|20231231|6894|20241128|7126|20241231|7155|20251201|7130|||||||||
1000001956|20210531|336|20211231|329|20220228|326|20230331|331|20231231|337|20240423|333|20241231|334|20250409|327|||||||
1000001883|20210430|252|20211231|255|20220430|266|20221231|261|20230430|273|20231231|269|20240430|276|20241231|265|20250430|267|||||
1000011658|20210531|33|20220531|32|20230531|32|20231231|34|20240612|35|20241231|28|20250531|18|||||||||
1000010843|20210610|15|20211231|14|20220610|14|20221231|14|20230609|14|20231231|14|20240607|14|20241231|14|20250602|14|||||
1000014603|20210628|7|20211231|7|20220915|7|20221231|7|20230602|7|20231231|5|20240708|4|20250715|4|||||||
1000001752|20210527|15|20220331|15|20230331|15|20240404|30|20241231|15|20250414|15|20251231|15|20260422|15|||||||
1000006049|20210414|13|20251231|12|20260507|12|||||||||||||||||
1000011496|20211231|11|20221231|11|20230413|12|20231231|11|20240412|11|20241231|10|20250408|11|20251231|10|20260408|9|||||
1000017096|20211231|380|20220228|381|||||||||||||||||||
1000029300|20221231|72|20231019|73|||||||||||||||||||
1000005790|20210531|27|||||||||||||||||||||
1000006185|20210531|12|20211231|12|20220531|12|20221231|12|20230430|13|20231231|14|20240531|13|20241231|12|20250531|13|||||
1000000502|20210330|17|20220401|16|||||||||||||||||||
1000016030|20210610|27|20211231|35|20220608|38|20221231|47|20230612|48|20231231|47|20240118|48|20240202|47|20240607|47|20241231|47|20250618|47|
1000023497|20210407|20|20211231|28|20220404|26|20221231|35|20230331|31|20231231|33|20241231|29|20250404|28|20251231|27|20260403|24|||
1000015813|20211231|6|20220616|6|20221231|7|20230620|8|20231231|8|20240618|9|20241231|8|20250324|8|||||||
1000006114|20210330|81|20210628|91|20211231|109|20220323|227|20221231|187|20230405|191|20231231|168|20240315|170|20240802|178|20241231|148|20250402|137|
1000001536|20210331|17|20211231|17|20220331|18|20221231|18|20230331|21|20231231|19|20240124|21|20240331|21|20241231|20|20250331|19|20251231|20|
1000006146|20210507|33|||||||||||||||||||||
1000006071|20210430|21|20220608|26|20241231|36|20250430|38|20251231|36|20260506|38|||||||||||
1000007493|20210420|137|20211231|132|20220331|144|20221231|298|20231231|148|20240331|144|20241231|132|20250331|125|20251231|115|20260331|115|||
1000000613|20211231|90|20220331|83|||||||||||||||||||
1000012629|20210312|50|20210323|50|20211231|46|20220518|47|20221231|54|20230511|47|20231231|62|20240331|58|20241231|40|20250423|39|20251231|39|
1000007434|20210331|193|20211231|202|20220331|201|20241231|213|20250331|213|20251231|211|20260331|212|||||||||
1000005863|20211231|18|20231125|16|||||||||||||||||||
1000019544|20211231|288|20220531|288|||||||||||||||||||
1000009529|20210531|35|20211231|31|20220531|29|20221231|31|20230602|34|20231231|39|20240531|36|20241231|38|20250519|36|||||
1000016743|20211231|31|20220614|33|||||||||||||||||||
1000018434|20210331|55|20211231|53|20220415|53|20221231|53|20230420|53|20231231|53|20240419|53|20241231|51|20250416|51|20251231|51|20260417|51|
1000012077|20221231|4|20230522|4|20231231|5|20240430|5|20241231|7|20250508|7|20260421|6|||||||||
1000026728|20231231|30|20240613|30|||||||||||||||||||
1000018349|20251231|61|20260331|62|||||||||||||||||||
1000022747|20210405|36|20220411|32|20221231|32|20230410|32|20231231|34|20240402|36|20241231|42|20250407|43|20251231|44|20260422|46|||
1000018237|20210420|13|20211231|12|20220413|12|20221231|4|20230418|3|20231231|4|20240417|5|20241231|5|20250513|4|||||
1000001601|20241231|178|20260409|178|||||||||||||||||||
1000000979|20241231|76|20250425|472|||||||||||||||||||
1000006068|20231231|184|20241206|208|||||||||||||||||||
1000020278|20220331|119|20241231|140|20250507|144|20251231|161|20260331|141|||||||||||||
1000018305|20211231|15|20220630|15|20221231|21|20231123|26|||||||||||||||
1000018273|20210326|108|20211231|105|20220329|109|20221231|109|20230313|108|20231231|107|20240401|106|20241231|131|20250410|131|20251231|136|20260317|134|
1000006094|20211231|215|20220430|218|||||||||||||||||||
1000017057|20231231|21|20240516|21|||||||||||||||||||
1000001575|20211231|20|20220412|14|||||||||||||||||||
1000011955|20211231|24|20221231|24|||||||||||||||||||
1000006828|20210621|16|||||||||||||||||||||
1000021723|20231231|28|20240831|28|||||||||||||||||||
1000019331|20210331|16|20211231|24|20220331|28|20230428|29|||||||||||||||
1000015952|20241231|26|20250429|26|||||||||||||||||||
1000018904|20210228|159|20211231|167|20220228|166|20221231|162|20230228|156|20231231|149|20240229|153|20241231|159|20250228|162|20251231|194|20260228|198|
1000010847|20211231|20|||||||||||||||||||||
1000021728|20211006|7|||||||||||||||||||||
1000018297|20210826|28|||||||||||||||||||||
1000011378|20211231|11|20220602|9|20221231|11|20230607|9|20241231|12|20250605|11|||||||||||
1000018301|20210622|12|20211231|12|20220621|12|20221231|13|20230531|13|20231231|13|20240604|12|20241231|11|20250609|10|||||
1000018195|20221231|74|20230630|57|20231231|54|20240430|62|||||||||||||||
1000001792|20210228|329|20211231|467|20220331|482|20231231|402|20240331|402|20241231|402|20250416|402|20251231|368|20260331|365|||||
1000018460|20210405|10|20211231|10|20220322|12|20221231|10|20230411|12|20231231|10|20240408|15|20250410|15|20251231|10|20260413|20|||
1000006181|20211231|27|20220329|27|20221231|25|20231231|16|20240408|20|20241231|16|20250414|16|||||||||
1000017079|20210331|19|20211231|19|20220331|19|20221231|23|20230331|27|20231231|30|20240401|29|20241231|31|20250331|33|20251231|33|20260401|37|
1000023480|20211231|61|20220329|59|||||||||||||||||||
1000007514|20251231|4|20260319|4|||||||||||||||||||
1000007064|20210331|63|20211231|63|20220331|62|||||||||||||||||
1000010054|20211231|12|20221231|12|20241231|10|20250515|10|||||||||||||||
1000013249|20210601|20|20211231|17|20220602|20|20221231|19|20230601|20|||||||||||||
1000001548|20210817|30|||||||||||||||||||||
1000005837|20241231|5|20250401|5|20251231|5|20260406|4|||||||||||||||
1000023475|20241231|5|20250327|5|||||||||||||||||||
1000012620|20210317|23|20211231|25|20220329|25|20221231|29|20230331|29|20231231|28|20240331|33|20241231|37|20250328|36|20251231|40|20260406|43|
1000001965|20211231|20|20220701|19|20221207|18|20221231|17|20230622|19|20231231|19|20240703|24|20241231|19|20250604|24|||||
1000005969|20210331|192|20211231|182|20231231|239|20240404|234|20241231|234|20250326|227|||||||||||
1000023459|20210331|33|20211231|32|20220404|40|20221231|40|20230404|40|20231231|42|20240327|42|20241231|44|20250331|44|20251231|47|20260325|46|
1000014459|20211231|102|20230728|118|20231231|123|20240424|120|20241231|121|20250618|121|||||||||||
1000021587|20210331|67|20211231|62|20220331|64|20221231|68|20230331|67|20231231|69|20240329|73|||||||||
1000002029|20241231|10|20250109|10|20251231|11|20260408|11|||||||||||||||
1000006013|20220502|80|||||||||||||||||||||
1000017150|20211231|192|20221231|184|||||||||||||||||||
1000001989|20210510|22|20211231|24|20221231|22|20230509|19|20231231|20|20240418|21|20240826|20|20241231|20|20250421|21|20251231|16|20260421|15|
1000007480|20210331|169|20211231|176|20221231|173|20230512|133|20230516|133|20230522|133|20231231|123|20240509|123|20241231|134|20250331|136|20251231|146|
1000005637|20221231|128|20230430|137|||||||||||||||||||
1000013315|20241231|5|20250619|5|||||||||||||||||||
1000005770|20210521|70|||||||||||||||||||||
1000013314|20211231|14|20221231|15|20231231|13|20240331|12|20241231|12|20250331|13|||||||||||
1000006018|20210331|884|20220331|910|20230331|952|20231231|952|20240229|956|20240822|956|20241231|988|20250402|913|20251231|876|20260331|936|||
1000001509|20221231|30|20231010|31|20231231|32|20240331|33|20241024|33|20251231|37|20260331|37|||||||||
1000015435|20210506|33|20211231|35|20220427|35|20221231|35|20230417|36|20231231|38|20240423|37|20241231|36|20250516|35|20251231|36|20260407|36|
1000013539|20210412|17|20211231|13|20220331|13|20221231|16|20230331|16|20231231|16|20240331|13|20241231|13|20250331|13|||||
1000012039|20210630|16|20211217|17|20220630|17|20221214|16|20230630|15|20231206|13|20240630|15|20241206|13|20250630|15|20251208|20|||
1000011063|20210628|25|20211231|22|20220613|25|20221231|22|20230519|25|20231231|23|20240523|25|20241231|23|20250521|28|||||
1000010160|20220328|321|20230328|327|20240329|330|20250414|340|20260407|354|||||||||||||
1000010106|20221231|183|20230706|202|20231231|211|20240430|210|20241231|209|20250414|207|||||||||||
1000001876|20210820|107|||||||||||||||||||||
1000022819|20221231|258|20230531|258|20231231|276|20241031|257|20241231|249|20250228|243|20251231|243|20260327|260|||||||
1000002108|20231231|17|20240328|16|||||||||||||||||||
1000009362|20211231|50|20221114|51|20241231|61|20250422|64|||||||||||||||
1000021324|20251231|106|20260331|104|||||||||||||||||||
1000006214|20231231|203|20241231|145|||||||||||||||||||
1000000743|20211231|120|20220630|138|||||||||||||||||||
1000005867|20251231|7|20260320|7|||||||||||||||||||
1000008963|20210304|15|||||||||||||||||||||
1000010850|20210311|8|20211231|8|20220516|11|||||||||||||||||
1000007987|20231231|49|20240409|48|20251231|43|20260409|41|||||||||||||||
1000006037|20221231|18|20230531|18|20241231|19|20250428|19|20251231|19|20260429|19|||||||||||
1000006822|20211231|55|20220322|54|20230403|50|20231231|50|20240402|48|20241231|45|20251231|35|20260408|33|||||||
1000017192|20210416|33|||||||||||||||||||||
1000001960|20211231|16|20221231|14|20230413|13|20231231|13|20240411|15|20241231|13|20250421|15|20251231|16|20260430|16|||||
1000023476|20220330|10|20231231|8|20250218|10|||||||||||||||||
1000022964|20221231|68|20230620|68|20240620|73|20250627|68|||||||||||||||
1000017129|20210513|9|20211231|6|20220513|6|20221231|6|20230516|6|||||||||||||
1000001979|20211031|235|20241231|242|20250416|269|||||||||||||||||
1000017213|20211231|20|20221231|15|20230331|15|20231231|14|20240331|14|20241231|15|20250512|14|||||||||
1000014018|20220314|25|20251231|33|20260209|33|||||||||||||||||
1000012625|20241231|27|20250626|26|||||||||||||||||||
1000005873|20211231|24|||||||||||||||||||||
1000007080|20210928|2|||||||||||||||||||||
1000012325|20211231|96|20221117|112|||||||||||||||||||
1000002188|20210618|15|20211231|14|20220413|15|20230413|11|20231231|7|20240411|7|20241231|6|20250417|6|20251231|6|20260415|6|||
1000010107|20211231|16|||||||||||||||||||||
1000001944|20211231|88|20221219|94|20231231|94|20241218|96|||||||||||||||
1000014637|20211231|7|20220621|7|||||||||||||||||||
1000014551|20210506|26|20211231|27|20220607|27|20230612|28|20231231|28|20240912|28|20241231|30|20250411|35|20251231|36|20260414|36|||
1000011415|20210322|8|||||||||||||||||||||
1000018448|20251231|327|20260408|327|||||||||||||||||||
1000018626|20210331|32|||||||||||||||||||||
1000008443|20210527|13|20211231|18|20220603|15|20221231|14|20230530|18|20231231|16|20240528|19|20241231|17|20250516|15|20251231|16|20260506|16|
1000009601|20210331|15|20211231|12|20220331|12|20221231|11|20230331|11|20231231|11|20240508|11|20241231|8|20250515|8|20251231|8|20260507|8|
1000020289|20240930|64|20250620|47|||||||||||||||||||
1000010965|20210622|13|20211231|6|20220623|6|||||||||||||||||
1000017193|20230623|185|||||||||||||||||||||
1000020217|20211231|405|20220430|346|20221231|346|20230331|476|20231231|542|20240331|533|20241231|432|20250425|420|20251231|401|20260331|363|||
1000005984|20211130|38|20221231|39|20231231|40|||||||||||||||||
1000006213|20221231|123|20231231|98|20240229|103|20240612|104|20241231|105|20251031|92|||||||||||
1000013523|20210413|32|20211231|32|20220404|33|20221231|29|20230412|31|20231231|33|20240412|33|20241231|31|20250404|31|20251231|25|20260408|20|
1000002184|20211231|279|20220531|248|||||||||||||||||||
1000020251|20210419|134|||||||||||||||||||||
1000015779|20210331|38|20211231|34|20220331|34|20221231|35|20230331|30|20231231|29|20240331|31|||||||||
1000006369|20241231|67|20250327|65|||||||||||||||||||
1000002156|20241231|458|20250502|466|||||||||||||||||||
1000010858|20210525|15|20211231|14|20220516|13|20221231|12|20230607|13|20231231|14|20240529|16|||||||||
1000006120|20221231|47|20230410|46|20231231|46|20240329|56|||||||||||||||
1000018414|20210331|98|20221231|76|20230407|77|20231231|72|20240415|70|20241231|71|20250325|71|20251231|71|20260319|70|||||
1000001894|20210521|7|20211231|6|20220510|6|20221231|5|20230419|5|20231231|5|20240619|6|20241231|6|20250513|5|||||
1000001878|20210315|277|20211231|270|20220316|287|20221231|270|20230317|291|20231231|299|20240318|306|20241231|313|20250317|306|20251231|308|20260316|305|
1000012615|20210827|21|20211231|17|20220719|15|||||||||||||||||
1000021173|20210405|21|20211231|20|20220413|22|20221231|27|20230330|28|20231231|27|20240715|33|||||||||
1000031731|20210930|10|20221231|7|20230510|7|||||||||||||||||
1000015815|20211231|14|20220711|34|||||||||||||||||||
1000001541|20211231|15|20220523|12|20221231|15|20230423|14|||||||||||||||
1000002157|20210317|165|20211231|188|20220322|190|20221231|208|20230414|214|20231231|213|20240417|221|||||||||
1000007904|20210430|147|20241231|148|20251031|162|||||||||||||||||
1000012176|20210618|16|20221231|18|20230613|16|20231231|18|20240617|19|20241231|18|20250616|18|||||||||
1000013943|20210324|17|20211231|18|20220331|20|20221231|18|20230331|20|20231231|22|20240402|18|20241231|17|20250403|18|20251231|23|20260401|23|
1000010028|20210331|260|20211231|243|20220331|248|20221231|241|20230331|232|20240331|234|20241231|120|20250331|154|20251231|164|20260331|156|||
1000001591|20231231|62|20240523|59|20241231|41|20250210|41|20251121|38|||||||||||||
1000020254|20211231|6|20220331|8|||||||||||||||||||
1000015433|20210331|45|20211231|48|20220331|46|20221231|45|20230430|42|20231231|42|20240424|42|20241231|40|20250418|43|20251231|38|20260415|43|
1000014252|20210622|19|20211231|18|20220518|19|20221231|19|20230607|20|||||||||||||
1000017144|20221231|15|20231208|15|||||||||||||||||||
1000007911|20221231|33|20231031|34|20231231|35|20241226|43|20251231|46|20260331|45|||||||||||
1000011285|20211231|11|20220425|13|20221231|11|20230428|11|||||||||||||||
1000006124|20210405|40|20220427|37|20221231|34|20230515|34|20231231|39|20240523|37|20240920|38|20241231|38|20250516|38|||||
1000008980|20210228|101|20211231|99|20220331|102|20231231|108|20240327|108|20241231|111|20250318|108|20251231|107|20260323|105|||||
1000014535|20221231|26|20230411|25|20231231|26|20240502|25|20241231|23|20250408|24|20251231|24|20260422|27|||||||
1000011569|20231231|31|20240415|32|20241231|33|20250410|34|||||||||||||||
1000002164|20211231|34|20221231|34|||||||||||||||||||
1000001913|20221231|56|20231231|52|20241231|41|||||||||||||||||
1000001681|20210401|25|20211231|30|20220328|27|||||||||||||||||
1000012626|20241231|140|20250516|106|20251231|91|20260402|65|||||||||||||||
1000002043|20211231|251|20220428|249|20221231|270|20230427|270|20231231|248|20240422|248|20241231|243|20250414|243|20251231|243|20260427|268|||
1000018473|20210504|17|||||||||||||||||||||
1000021581|20210118|13|20210609|13|||||||||||||||||||
1000006136|20210404|49|20211029|50|20221231|48|20230331|47|||||||||||||||
1000014599|20221231|17|20230607|17|||||||||||||||||||
1000013260|20210624|15|20211231|13|20220615|15|20221231|13|20230613|15|20231231|16|20240527|16|20241231|16|20250610|16|||||
1000022238|20210323|7|||||||||||||||||||||
1000014418|20210331|76|20211231|78|20220228|78|20221231|76|20230321|76|20231231|83|20240328|83|20241231|129|20250228|128|20251231|130|20260327|125|
1000002219|20241231|60|20250513|64|||||||||||||||||||
1000012124|20210308|17|20210624|17|20220612|21|20221231|20|20230612|21|20240614|20|20241231|20|20250605|20|||||||
1000002236|20211231|9695|20220404|9639|20221231|9778|20230404|9778|20231231|9281|20240408|9281|20241231|9585|20250404|9585|20251231|10281|20260101|10281|||
1000021582|20210430|32|20211231|29|20220331|28|||||||||||||||||
1000012178|20211231|175|20220401|175|20230323|168|20231231|179|20240331|180|20241231|182|20250331|182|20251231|191|20260331|189|||||
1000010856|20210527|17|20220526|16|||||||||||||||||||
1000001953|20210524|14|20211231|15|20220509|15|20221231|15|20230508|16|20231231|16|20240424|16|20241231|16|20250414|16|20251231|18|20260409|18|
1000009109|20211231|26|20221206|27|||||||||||||||||||
1000007582|20241231|21|20250416|23|||||||||||||||||||
1000015823|20231231|13|20240823|18|||||||||||||||||||
1000001611|20210531|36|20211231|35|20220531|32|20221231|31|20230530|31|20231231|27|20240523|29|20241231|31|20250526|30|||||
1000011239|20210420|8|20210428|9|20211231|10|20221231|8|20230630|10|20231231|8|20240701|9|20241231|11|20250625|10|||||
1000011556|20210330|41|20220325|41|20221231|43|20230330|47|20231231|45|20240321|47|20240822|49|20241231|49|20250326|49|20251231|49|20260401|47|
1000005626|20210310|300|20220321|417|||||||||||||||||||
1000020255|20210228|13|20211231|15|20220331|15|20221231|27|20230331|27|20231231|26|20240331|25|||||||||
1000001719|20231231|34|20240508|37|||||||||||||||||||
1000012719|20210228|90|||||||||||||||||||||
1000016016|20211231|26|20220627|24|20221231|24|20230627|25|||||||||||||||
1000023506|20211231|8|20220418|9|20221231|9|20230410|8|20231231|7|20240410|7|20241231|7|20250410|9|20251231|7|20260408|11|||
1000001765|20210615|13|||||||||||||||||||||
1000020228|20210517|15|20211231|22|20220519|21|20221231|25|20230518|24|20231231|10|20240520|11|20241231|13|20250520|11|||||
1000008003|20221231|22|20230412|22|||||||||||||||||||
1000002229|20231231|42|20241231|46|20250218|48|20250325|48|20251231|48|20260331|48|||||||||||
1000010332|20210402|62|||||||||||||||||||||
1000001907|20241231|17|20251210|16|||||||||||||||||||
1000001891|20211231|7|20220620|6|20221231|7|20230627|7|||||||||||||||
1000010251|20210430|8|20211231|8|20220502|7|20230530|9|20231231|8|20240326|12|20250408|15|20251231|19|20260407|15|||||
1000010316|20210603|29|20211231|28|20220523|28|20221231|28|20230531|28|20240430|27|20241231|24|20250430|21|||||||
1000020293|20210131|18|||||||||||||||||||||
1000016403|20210402|17|20211231|16|20220415|17|20221231|15|20230414|14|20231231|15|20240405|14|20241231|11|20250407|11|20251231|16|20260410|16|
1000010087|20210406|75|20211231|89|20220411|89|20221231|85|20230331|92|20231231|85|20240419|92|20241231|65|20250415|73|20251231|65|20260410|74|
1000011667|20211231|140|20220513|143|20221231|130|20230430|116|20231231|125|20240702|124|20241231|123|20250331|121|||||||
1000002066|20210731|34|||||||||||||||||||||
1000005897|20221231|91|20240221|88|||||||||||||||||||
1000007515|20210427|92|20211231|83|20220315|87|||||||||||||||||
1000007361|20210603|29|20211231|29|20220512|30|||||||||||||||||
1000001452|20221231|345|20240110|355|||||||||||||||||||
1000008464|20241231|150|20250616|164|||||||||||||||||||
1000002214|20211231|31|20220406|30|||||||||||||||||||
1000022898|20221231|332|20230731|345|||||||||||||||||||
1000018416|20241231|39|20250418|37|||||||||||||||||||
1000000597|20221231|565|20231121|580|20231231|574|20240729|598|20241231|597|20250510|593|||||||||||
1000007367|20241231|0|20250526|0|||||||||||||||||||
1000001387|20221231|30|20230630|36|||||||||||||||||||
1000017052|20210331|60|20211231|165|20220331|172|20251231|180|20260331|181|||||||||||||
1000010338|20210401|74|20211231|74|20220404|76|20221231|81|20230331|86|20231231|97|20240331|96|20241231|95|20250331|99|20251231|98|20260403|98|
1000011434|20241231|6|20260428|6|||||||||||||||||||
1000002042|20210731|9|20221231|9|20230131|9|||||||||||||||||
1000000685|20210408|208|20211231|222|20220228|220|20221231|222|20230406|222|20231231|247|20240425|236|20241231|247|20250415|236|20251231|217|20260416|209|
1000008002|20210331|58|20211231|49|20220331|47|||||||||||||||||
1000017268|20210427|41|20211231|43|20220414|48|20221231|48|20230419|44|20231231|46|20240418|47|20241231|50|20250418|52|20251231|48|20260408|55|
1000020302|20210527|22|||||||||||||||||||||
1000007545|20210824|20|20230717|19|20231231|17|20240723|17|20241231|17|20250527|17|||||||||||
1000011371|20211231|17|20220523|13|20221231|13|20230515|18|20231231|18|20240514|17|20241231|18|20250512|18|||||||
1000005779|20211231|91|20220726|89|||||||||||||||||||
1000002198|20210331|59|20211231|61|20220331|50|20231231|46|20240417|49|||||||||||||
1000018395|20221231|47|20231130|74|||||||||||||||||||
1000017190|20210731|78|20220630|82|20221231|87|20230531|89|20231231|92|20240331|93|||||||||||
1000000551|20210331|64|20211231|63|20220331|59|20221231|58|20230331|62|20231231|67|20240331|66|20241231|68|20250331|72|20250430|72|20251231|76|
1000002098|20250630|55|20250924|57|||||||||||||||||||
1000023090|20210511|10|20211231|10|20220511|10|20221231|10|20230430|10|20231231|10|20240509|6|20241231|6|20250508|10|20251231|6|20260506|10|
1000007593|20211231|104|20220328|101|20221231|111|20230331|108|20231231|93|20240331|92|20241202|84|20241231|86|20250613|90|20250903|86|20260114|125|
1000014655|20210131|14|20211231|14|20220121|14|20221231|14|20230116|14|20230409|13|20230418|9|20231231|13|20241231|13|20250417|13|||
1000023483|20210408|41|20211231|37|20240116|10|||||||||||||||||
1000012598|20211029|10|||||||||||||||||||||
1000000832|20210406|24|20211231|24|20230404|25|20231231|16|20240405|16|20250331|23|20251231|16|20260406|21|||||||
1000015445|20210406|9|20211231|8|20220404|8|20221231|10|20230417|12|20231231|12|20240403|11|20241231|12|20250408|13|20251231|10|20260407|10|
1000006569|20211231|13|20241231|14|20250414|15|||||||||||||||||
1000023453|20210406|110|20211231|106|20220407|105|20221231|106|20230331|103|20231231|108|20240331|109|20241231|108|20250331|104|20251231|107|20260331|104|
1000019812|20210630|92|20211231|96|20220731|90|||||||||||||||||
1000000494|20241231|145|20250417|131|20251231|119|20260417|116|||||||||||||||
1000000846|20241231|71|20250411|76|20251231|73|20260325|78|||||||||||||||
1000021635|20210511|55|20211231|70|20220421|72|20230426|72|20231231|80|20240624|70|20241231|80|20250527|95|||||||
1000009114|20210429|33|20211231|35|20220430|36|||||||||||||||||
1000002064|20210331|124|20211231|124|20220228|130|20221231|125|20230228|140|20231231|133|20240331|137|20241231|135|20250331|138|20251231|137|20260331|149|
1000011436|20210305|141|20210520|141|20211231|142|||||||||||||||||
1000001949|20210427|72|20211231|81|20220331|79|20221231|84|20230331|83|20231231|88|20240415|86|||||||||
1000014672|20211231|43|20220509|51|||||||||||||||||||
1000002326|20220125|20|||||||||||||||||||||
1000008470|20210401|3|20211231|3|20220401|3|20221231|3|20230314|3|20231231|3|20240318|3|20241231|3|20250319|3|20251231|3|20260324|3|
1000010085|20210414|167|||||||||||||||||||||
1000012638|20210420|11|||||||||||||||||||||
1000032089|20221231|32|||||||||||||||||||||
1000008452|20211231|24|20220324|24|20221231|24|20230327|24|20231231|23|20240403|24|20240813|24|20241231|23|20250320|27|20251231|26|20260326|27|
1000007516|20210731|59|20211231|57|20220331|56|20221231|49|20230331|53|20241231|53|20250612|51|||||||||
1000007363|20210430|27|20211231|30|20220430|28|||||||||||||||||
1000010159|20210608|25|20210610|19|||||||||||||||||||
1000009598|20210331|70|20211231|66|20220331|89|20221231|89|20230407|65|20231231|89|20240401|53|20241231|50|20250324|48|||||
1000006070|20211019|41|20211231|43|20220521|44|20231231|45|20240430|46|||||||||||||
1000009129|20231231|15|20241007|18|20241231|17|20250613|18|||||||||||||||
1000014571|20251231|336|20260421|336|||||||||||||||||||
1000021179|20210602|71|20211231|76|20220527|75|20221231|75|20230531|73|20231231|71|20240531|70|20241231|71|20250430|74|||||
1000023031|20211231|151|20220430|157|20221231|173|20230721|181|||||||||||||||
1000010324|20210531|11|||||||||||||||||||||
1000002378|20210419|445|20211231|450|20220518|440|20220524|459|20221231|435|20231231|430|20240516|442|20241231|442|20250514|463|||||
1000023081|20210510|22|20211231|18|20220510|19|20221231|20|20230510|20|||||||||||||
1000012507|20241231|1715|20250512|1572|||||||||||||||||||
1000012479|20210602|24|20211231|26|20220530|28|20230608|26|20231231|28|20240603|38|20241231|28|20250521|38|||||||
1000002403|20221231|20|20230808|21|||||||||||||||||||
1000014620|20251231|13|20260413|15|||||||||||||||||||
1000008455|20210412|39|20211231|39|20220415|39|20221231|41|20230413|39|20231231|39|20240413|45|20241231|45|20250331|46|20251231|39|20260414|43|
1000007168|20210331|6|20211231|8|20221026|16|||||||||||||||||
1000002202|20210228|74|20211231|75|20221231|75|20230411|75|20231231|66|20240405|59|20241231|60|20250402|61|20251231|44|20260330|42|||
1000016571|20231231|18|20240308|19|||||||||||||||||||
1000020330|20210228|50|20211231|57|20220331|57|20221231|71|20230331|72|20231231|42|20240331|46|20241231|40|20250331|34|20251231|35|20260331|39|
1000000814|20221231|42|20230420|48|||||||||||||||||||
1000001931|20241231|18|20250512|18|20251231|18|20260427|16|||||||||||||||
1000009571|20210521|24|||||||||||||||||||||
1000002359|20210331|790|20220331|828|20230331|875|20230614|875|20240618|777|20241028|876|20250331|877|20250617|867|||||||
1000018989|20211231|128|20220425|131|||||||||||||||||||
1000017309|20241231|29|20250407|26|||||||||||||||||||
1000007999|20211231|1250|||||||||||||||||||||
1000002227|20210331|137|20211231|133|20220421|114|20221231|114|20230418|107|20231231|104|20240329|118|20240920|122|20241231|127|20250422|132|20251231|127|
1000007584|20211231|236|20220131|236|20220331|318|||||||||||||||||
1000005759|20241231|39|20250624|38|||||||||||||||||||
1000020318|20210228|58|20211231|48|20220331|47|20221231|52|20230331|48|20231231|46|20240331|52|||||||||
1000018304|20210331|38|20211231|38|20221231|45|20230413|38|20231231|35|20240404|34|20241231|33|20250409|34|20251231|32|20260408|30|||
1000017031|20211231|42|||||||||||||||||||||
1000022537|20210531|18|20211231|32|20221231|15|20230613|17|20231231|20|20240617|17|20241231|20|20250519|21|||||||
1000002432|20210415|17|20211231|14|20240412|9|20250410|9|||||||||||||||
1000001605|20210408|20|20211231|22|20220407|20|20221231|16|20230413|15|20231231|22|20240328|24|20240813|25|20241231|24|20250317|24|20251231|24|
1000012566|20210415|22|20211231|20|20220411|21|||||||||||||||||
1000007524|20210415|1073|20211231|1034|20220420|853|20220425|836|20221231|853|20231231|836|20240422|1258|20241231|1258|20250424|1258|20251231|1258|20260414|1258|
1000022476|20241231|32|20260115|43|||||||||||||||||||
1000002169|20210615|14|20220616|12|20221231|12|20230520|10|20231231|10|20240529|10|20241231|10|20251119|10|||||||
1000023058|20250630|14|20250716|14|||||||||||||||||||
1000010859|20221231|9|20230825|9|20231231|9|20240617|9|20241231|9|20250717|12|20251231|9|20260511|12|||||||
1000015451|20210408|25|20211231|24|20220412|28|20251231|24|20260331|19|||||||||||||
1000011377|20210607|13|||||||||||||||||||||
1000020253|20211231|16|20221231|13|20241231|8|20250509|7|20251231|8|20260311|7|||||||||||
1000002166|20211231|64|20241231|85|20250331|83|||||||||||||||||
1000002014|20211231|79|||||||||||||||||||||
1000000986|20220516|3153|20240507|3464|20241231|3491|20250512|3352|20260331|3365|||||||||||||
1000011236|20211231|19|20220513|22|20221231|23|20230525|36|20231231|37|20240521|27|20241231|30|20250520|36|||||||
1000014557|20251231|133|20260331|132|||||||||||||||||||
1000012084|20210511|112|20211231|117|20220512|114|20221231|117|20230516|105|20231231|111|20240504|109|20241231|112|20250512|119|||||
1000005884|20210531|17|20211231|18|20220530|17|20221231|13|20231231|13|20240527|13|20241231|13|20250513|13|||||||
1000021036|20241231|2|20251218|1|||||||||||||||||||
1000009984|20211231|5|20220720|5|||||||||||||||||||
1000001544|20210331|1155|20211231|1347|20220331|1217|20221231|1256|20230331|1196|20231231|1146|20240331|1332|||||||||
1000002161|20211231|36|20221007|36|20221231|35|20230620|35|20241231|42|20250407|46|20251231|48|20260414|42|||||||
1000002426|20211231|244|20221231|244|20240322|222|20241231|222|20250328|243|20251231|243|20260323|221|||||||||
1000007596|20211231|54|20220516|47|||||||||||||||||||
1000001694|20210331|92|20211231|95|20220331|94|20221231|71|20230331|69|20231231|69|20240402|76|20241231|80|20250414|82|20250902|83|20251231|85|
1000002431|20211104|8|20211231|9|20221231|8|20230410|8|20250403|10|20251231|11|20260403|11|||||||||
1000000644|20210531|552|20211231|635|20220531|685|20221231|701|20230530|707|20231231|704|20240530|697|20241231|628|20250411|611|||||
1000007906|20221231|6|20230911|5|20231231|5|20240704|7|||||||||||||||
1000000803|20211231|342|20220430|359|||||||||||||||||||
1000014569|20210331|697|20211231|624|20221231|755|20230228|935|20231231|969|20240229|961|20241231|1109|20250404|1274|20260413|1745|||||
1000005674|20240630|4117|20240710|4243|||||||||||||||||||
1000003600|20210616|16|20211231|14|20220607|16|20221231|16|20230602|17|20231231|16|20240529|17|20241231|15|20250523|15|||||
1000002415|20210420|657|20211231|729|20220518|778|20221231|868|20230518|925|20231231|999|20240506|1082|20241231|1159|20250430|1191|20251231|1182|20260430|1289|
1000002330|20241231|54|20250618|52|20251231|54|20260421|51|||||||||||||||
1000001810|20241231|30|20250516|27|||||||||||||||||||
1000012684|20251231|52|20260403|55|||||||||||||||||||
1000012669|20211231|97|20221024|114|20241231|145|20250331|137|20251231|143|20260331|148|||||||||||
1000001003|20210401|254|20211231|258|20221231|518|20231231|294|20240409|294|20241231|337|20250404|262|||||||||
1000023094|20210426|79|20211231|79|20220427|82|20221231|79|20230424|78|20231231|77|20240423|77|20241231|79|20250423|80|20251231|76|20260428|76|
1000017323|20251231|21|20260313|21|||||||||||||||||||
1000016468|20221231|9|20230825|8|||||||||||||||||||
1000002501|20210731|86|20211231|83|20220630|82|20221231|82|20230531|129|20240110|137|20251231|90|20260331|88|||||||
1000002635|20211231|15|20220516|13|||||||||||||||||||
1000021175|20210331|19|20211231|19|20220331|21|20241231|27|20250331|28|||||||||||||
1000012680|20210331|22|20211231|28|20220430|30|20221231|28|20230510|32|20231231|32|20240509|31|20241231|33|20250421|31|20251231|30|20260507|31|
1000001791|20210413|41|20211231|59|20220413|60|||||||||||||||||
1000010949|20211231|20|20220124|18|20220811|21|20221231|20|20230719|21|20231231|20|20240614|20|20241231|21|20250609|22|||||
1000002626|20211231|18|20221231|19|20231231|19|20241231|19|||||||||||||||
1000015485|20221231|44|20230403|42|20251231|59|20260317|57|||||||||||||||
1000020224|20210331|61|20211231|65|20221231|61|||||||||||||||||
1000021184|20211231|133|20220810|160|||||||||||||||||||
1000023531|20220524|11|20221230|10|20230522|10|20231231|7|20240522|8|20241231|9|20250515|9|||||||||
1000006151|20210228|74|20211231|69|20220131|65|20221231|71|20230401|71|20231231|68|20240326|66|20241231|59|20250314|58|20251231|115|20260326|113|
1000016163|20210520|14|20221231|13|20230430|13|20231231|12|20241231|14|20250430|15|||||||||||
1000017337|20210429|11|20211231|11|20220503|9|20221231|8|20230426|9|20231231|8|20240425|9|20241231|6|20250507|14|20251231|11|20260410|12|
1000007171|20210408|8|20211231|8|20220415|8|20221231|8|20230407|8|20231231|8|20240403|8|20240805|6|20241231|8|20250722|5|||
1000020332|20251231|90|20260401|97|||||||||||||||||||
1000010125|20221231|106|20231204|104|20231231|103|20240910|98|20251231|84|20260331|76|||||||||||
1000010350|20210331|112|20220420|111|20221231|114|20231231|75|20241231|49|20250415|72|20251231|72|20260408|58|||||||
1000008972|20210607|33|||||||||||||||||||||
1000021584|20210131|7|20211231|5|20230109|5|||||||||||||||||
1000017278|20211231|15|20221231|13|20231231|13|20241231|12|20250421|9|20251231|12|20260406|10|||||||||
1000014846|20210630|73|20211231|73|20220614|80|20221231|80|20230526|76|||||||||||||
1000002561|20241231|31|20250331|31|20251231|31|20260331|33|||||||||||||||
1000006099|20210617|259|20211231|263|20220405|266|20221231|281|20230228|289|20231231|445|20240401|488|20241231|458|20250320|475|20251231|517|20260327|530|
1000006842|20210401|20|20211231|21|20220407|21|20221231|21|20231231|22|20240405|22|20240821|22|20241231|22|20250404|21|20251231|26|20260421|26|
1000019320|20221231|13|20230622|22|20231231|19|20241231|16|20250529|20|||||||||||||
1000000262|20211231|161|20220120|132|20220531|165|20221231|161|20230515|200|20231231|213|20240404|193|20250402|234|20251231|266|20260407|254|20260421|254|
1000002457|20231231|1060|20240627|1060|20241231|1060|20250619|937|||||||||||||||
1000002495|20211008|11|20241231|15|20250831|14|||||||||||||||||
1000015359|20210316|61|20220316|66|20221231|59|20230403|60|20240325|61|20241231|52|20250331|59|20251231|52|20260331|46|||||
1000007403|20210405|71|20211231|70|20220406|77|20221231|83|20230328|84|20231231|108|20240416|105|||||||||
1000023092|20210326|13|20211231|7|20220316|7|20221231|14|20230324|12|||||||||||||
1000002648|20210430|261|20211231|255|20220331|257|20221231|265|20230531|251|20231231|204|20240416|204|20241231|213|20250331|210|20251107|213|20251231|200|
1000002208|20210429|389|20211231|389|20220501|359|20221231|205|20230414|249|||||||||||||
1000002235|20211231|11|20220419|9|||||||||||||||||||
1000000784|20210331|91|20221231|93|20230418|91|20231231|86|20240419|86|20241231|88|20250320|87|20251231|88|20260324|89|20260427|87|||
1000013424|20240513|1737|20250416|1737|20251231|1737|20260507|1737|||||||||||||||
1000002725|20231231|43|20241025|45|||||||||||||||||||
1000019823|20211231|241|20221231|182|20231231|163|20241231|206|20250331|196|||||||||||||
1000000656|20221231|244|20230531|238|||||||||||||||||||
1000017113|20211231|57|20220329|44|20221231|47|20231231|49|20241231|45|20250325|47|20251231|45|20260323|49|||||||
1000015468|20210531|119|20211231|121|20220531|105|20221231|143|20230531|145|20231231|107|20240531|132|20241231|140|20250326|141|20250531|140|||
1000008171|20231231|23|20241128|25|||||||||||||||||||
1000010331|20210323|62|20211231|57|20220316|62|20230323|62|20231231|60|20240402|59|20241231|58|20250404|59|20251231|58|20260408|57|||
1000002278|20211231|83|20221231|84|20230131|84|20231231|83|20241231|74|20251127|70|||||||||||
1000022916|20210401|144|20211231|137|20220331|135|20221231|138|20230331|139|20231231|143|20240630|144|20241231|139|20250331|138|20251231|133|20260331|132|
1000020284|20210420|11|||||||||||||||||||||
1000000770|20210430|78|20211231|91|20220430|94|20221231|93|20230430|101|20231231|107|20240516|120|20241231|116|20250509|114|||||
1000000921|20211231|56|20220704|56|20221231|55|20230516|61|||||||||||||||
1000002567|20231231|1383|20240717|1936|||||||||||||||||||
1000015480|20251231|23|20260414|24|||||||||||||||||||
1000000629|20210330|32|20211231|32|20220316|33|20221231|33|20230405|26|20231231|33|20240531|26|20241231|26|20250531|27|||||
1000019343|20241231|128|20250403|117|20251231|78|20260410|75|||||||||||||||
1000005918|20210531|183|20211231|183|20220511|168|20221231|170|20230430|168|20231231|181|20240613|192|20241231|189|20250626|185|||||
1000002554|20210407|51|20211231|53|20220218|51|20230215|77|20230410|71|20231231|75|20240416|75|20241231|68|20250411|72|20251231|85|20260407|84|
1000020369|20241231|8|20250520|9|||||||||||||||||||
1000006850|20231231|23|20240903|33|||||||||||||||||||
1000002564|20241231|180|20250513|185|20251231|195|20260331|195|||||||||||||||
1000012125|20231231|32|20240708|29|||||||||||||||||||
1000018741|20220125|20|||||||||||||||||||||
1000002069|20210511|13|20211231|13|20220510|13|20221231|13|20230610|11|20231231|6|20240617|6|20241231|9|20250510|9|||||
1000000677|20211231|11|||||||||||||||||||||
1000000883|20231231|15|20240626|17|20241231|17|20250630|16|||||||||||||||
1000014029|20251231|145|20260331|156|||||||||||||||||||
1000001955|20241231|97|20250411|93|||||||||||||||||||
1000005738|20210405|17|20211231|16|20220429|17|20221231|13|20230417|13|20231231|13|20240331|13|||||||||
1000015927|20210406|33|20211231|33|20220406|32|||||||||||||||||
1000014733|20210407|12|20211231|10|20220411|9|20221231|10|20230413|11|20231231|14|20240412|14|20241231|15|20250409|18|20251231|17|20260422|17|
1000020377|20210430|157|20211120|166|20211231|202|20220531|183|20220930|188|20221231|193|20230331|173|20231228|173|20231231|174|20240331|167|||
1000015443|20211231|14|20220418|15|||||||||||||||||||
1000020292|20210531|9|20211231|9|20220531|9|20221231|9|20230531|9|20231231|7|20240531|6|20241231|6|20250531|6|||||
1000002641|20210601|26|20211231|29|20220428|27|20221231|27|20230517|27|20231231|26|20240527|26|20241231|27|20250521|21|||||
1000007364|20210331|149|||||||||||||||||||||
1000011696|20241231|57|20250616|52|||||||||||||||||||
1000018467|20210331|80|20211231|80|20220331|79|20221231|73|20230331|73|20231231|73|20240331|80|20241231|90|20250415|90|20251231|90|20260414|92|
1000000836|20210324|25|20211231|23|20220325|25|20221231|23|20230502|22|||||||||||||
1000013783|20210825|97|20221231|97|20230814|96|20241231|101|20250910|101|||||||||||||
1000002712|20221231|6|20231231|6|20241231|5|20251231|5|||||||||||||||
1000002717|20241231|8|20250430|9|20251231|9|20260430|9|||||||||||||||
1000002581|20241231|15|20250325|15|||||||||||||||||||
1000021746|20211231|43|20220331|43|20230607|43|20231231|38|20240813|38|20241231|39|20250528|39|||||||||
1000017332|20210331|30|20211231|29|20220331|32|||||||||||||||||
1000005839|20210714|39|||||||||||||||||||||
1000019730|20210423|64|||||||||||||||||||||
1000014616|20211231|73|20220331|71|20221231|74|20230331|78|20231231|78|20241231|92|20250331|89|||||||||
1000008180|20211231|163|20220531|174|||||||||||||||||||
1000002788|20251231|68|20260421|75|||||||||||||||||||
1000014681|20251231|54|20260414|54|||||||||||||||||||
1000000904|20210419|74|20211231|77|20220418|79|20221231|89|20230425|82|20231231|80|20240508|78|20241231|99|20250617|112|20251231|119|20260407|145|
1000000865|20251231|7|20260107|7|||||||||||||||||||
1000002366|20211231|31|20220418|32|20231231|32|20240621|33|20251231|32|20260511|32|||||||||||
1000014657|20210310|52|||||||||||||||||||||
1000019707|20221231|86|20230807|86|||||||||||||||||||
1000021037|20210531|84|20211231|79|20220630|48|20221231|49|20231114|47|||||||||||||
1000022766|20211231|4|20220621|4|||||||||||||||||||
1000006006|20210510|128|20211231|133|20221231|141|20230504|138|20231231|134|20240331|129|20241231|125|20250331|126|20251231|173|20260331|132|||
1000012265|20221231|129|20240318|129|20241231|129|20250331|131|||||||||||||||
1000006039|20251231|137|20260417|137|||||||||||||||||||
1000014112|20251231|214|20260401|210|||||||||||||||||||
1000013420|20210331|288|20211231|272|20220331|274|20221231|289|20230331|297|20231231|297|20240430|298|20241231|361|20250422|388|20251231|375|20260424|374|
1000018636|20210611|8|20211231|8|20220620|14|20221231|12|20230612|12|20231231|12|20240618|12|20241231|13|20250616|12|||||
1000010121|20221231|13|20230621|13|20231231|13|20240710|13|||||||||||||||
1000005653|20210530|21|||||||||||||||||||||
1000020354|20210228|31|20211231|28|20220331|28|20221231|29|20230331|29|20231231|30|20240611|30|20241231|32|||||||
1000006854|20210601|13|||||||||||||||||||||
1000014662|20241231|44|20250428|44|20251231|46|20260506|46|||||||||||||||
1000018987|20210228|125|||||||||||||||||||||
1000006242|20211231|22|20220413|27|20230418|30|20231231|31|20241231|32|20250409|38|20251231|39|20260413|41|||||||
1000017321|20210615|6|20211231|6|20220613|6|||||||||||||||||
1000020331|20210222|23|20211231|23|20220216|23|20221231|23|20230303|23|20231205|23|20231231|23|20241106|23|20241231|23|20251121|23|||
1000020344|20211231|15|20220331|15|20221231|17|20230331|17|20241231|18|20250410|19|||||||||||
1000015777|20210331|37|20211231|33|20220331|33|20221231|36|20230331|34|20231231|34|20240331|29|||||||||
1000008009|20251231|62|20260407|65|||||||||||||||||||
1000016770|20231231|53|20250115|53|20250624|70|||||||||||||||||
1000006032|20221231|40|20230426|39|20231231|47|20240514|45|||||||||||||||
1000016012|20210518|10|20211231|11|20220512|11|20221231|11|20231231|11|20240508|11|||||||||||
1000015358|20210615|43|20220615|43|20230615|43|||||||||||||||||
1000002408|20231231|339|20240521|299|||||||||||||||||||
1000005656|20211231|79|20220503|79|20241231|59|20250508|61|||||||||||||||
1000010364|20210506|23|||||||||||||||||||||
1000015825|20231231|17|20241218|17|20241231|16|20250807|19|||||||||||||||
1000002509|20241231|39|20250414|39|20251231|40|20260407|42|||||||||||||||
1000011625|20241231|262|20250613|262|||||||||||||||||||
1000007611|20211231|19|20220304|17|20221231|15|20230308|15|20231231|15|20240304|19|20250224|19|||||||||
1000002691|20251231|139|20260427|134|||||||||||||||||||
1000008494|20211231|21|20220330|23|20221231|23|20231231|21|20240327|23|20241113|22|20241231|24|20250314|24|20251231|25|20260324|26|||
1000016462|20231231|41|20240508|43|||||||||||||||||||
1000007400|20221231|76|20230430|78|||||||||||||||||||
1000005894|20231231|21|20240510|23|||||||||||||||||||
1000008429|20241231|60|20250512|60|20251231|62|20260410|57|||||||||||||||
1000002263|20220228|37|||||||||||||||||||||
1000011073|20210427|103|20210630|86|20220331|85|20220630|87|20230531|91|20240630|76|20241011|73|||||||||
1000015495|20231231|109|20240628|112|20241231|115|20250415|115|20251231|105|20260409|112|||||||||||
1000018249|20211231|10|20220405|10|20231231|8|20240402|8|20241231|8|20250512|8|||||||||||
1000001389|20231231|9|20241113|8|20241231|8|20251015|8|||||||||||||||
1000002526|20210531|131|20211231|132|20220414|135|20221231|135|20230410|160|20231231|160|20240409|165|20241231|180|20250407|180|20251231|201|20260408|226|
1000006205|20210419|41|||||||||||||||||||||
1000006173|20210228|194|20211231|200|20220331|218|20221231|262|20230331|262|20231231|260|20240229|270|20241231|226|20250228|219|20251231|238|20260228|243|
1000001340|20221231|21|20231004|13|||||||||||||||||||
1000010256|20210726|19|20211231|21|20230307|21|20230531|21|20231231|19|20240509|18|20241231|16|20250416|16|20251231|24|20260331|23|||
1000002662|20221231|60|20230401|58|20231231|58|20240423|58|||||||||||||||
1000017314|20210415|18|20211231|18|20220615|18|20221231|18|20230413|18|20231231|17|20240806|17|||||||||
1000002144|20231231|14|20240703|14|||||||||||||||||||
1000015472|20241231|56|20250324|57|20251231|56|20260228|56|||||||||||||||
1000002572|20211231|87|20221219|95|||||||||||||||||||
1000018751|20210407|5|20211231|5|20221231|5|20230330|6|20231231|6|20240401|6|20240712|6|20241231|5|20250611|5|||||
1000013313|20231231|46|20240614|43|20241231|43|20250530|46|||||||||||||||
1000021335|20211231|16|20221231|20|20230421|20|20231231|20|20241231|20|20250421|20|||||||||||
1000002418|20211030|26|20221231|26|20230430|26|20231231|26|20241031|24|20241231|25|20250630|25|||||||||
1000007371|20210416|14|||||||||||||||||||||
1000009142|20211130|21|||||||||||||||||||||
1000002337|20231231|15|20240613|15|||||||||||||||||||
1000002245|20210409|40|20211231|40|20220422|37|20230414|38|20231231|38|20240521|29|||||||||||
1000002757|20210331|77|20211231|87|20220331|84|20221231|86|20230331|86|20231231|88|20240331|90|20241231|85|20250331|87|20251231|93|20260408|95|
1000002027|20241231|7|20250428|8|||||||||||||||||||
1000000633|20241231|48|20250416|47|||||||||||||||||||
1000017086|20220428|12|20221231|13|20230509|13|20250521|13|20251231|13|20260428|13|||||||||||
1000020285|20211231|44|20221221|45|20221231|50|20240306|47|20241231|36|20260304|45|||||||||||
1000006102|20220331|39|20230110|39|||||||||||||||||||
1000007402|20210323|26|20211231|33|||||||||||||||||||
1000017227|20211231|41|20221231|37|20230410|37|20241231|43|20250418|43|20251231|44|20260407|45|||||||||
1000017170|20251231|257|20260420|253|||||||||||||||||||
1000011962|20251231|73|20260414|83|||||||||||||||||||
1000010318|20210330|22|20210422|33|20211231|27|20221231|33|20230420|28|20231231|33|20240424|28|20241231|29|20250514|28|||||
1000017340|20231231|17|20240619|18|||||||||||||||||||
1000012608|20211231|9|20220408|9|20221231|9|20230411|9|20241231|9|20250618|9|||||||||||
1000018941|20210331|38|20211231|38|20220331|50|20230327|50|20231231|38|20240326|39|20240826|39|20241231|35|20250326|33|20251231|24|20260318|24|
1000007100|20211231|28|20221231|26|||||||||||||||||||
1000012582|20211231|46|20220331|48|20230331|43|20231231|39|20240331|39|20241231|39|20250331|38|20251231|37|20260325|36|||||
1000005882|20211231|26|20220430|24|||||||||||||||||||
1000014608|20210422|16|20211231|17|20220414|15|20230513|15|20231231|15|20241231|15|20250417|14|20251231|13|20260407|14|||||
1000006853|20211227|26|20221207|20|||||||||||||||||||
1000016470|20220331|108|20221213|96|20230331|104|20241231|77|20250630|59|||||||||||||
1000010955|20230630|7|20240126|5|||||||||||||||||||
1000006101|20210511|10|20210518|13|20211231|11|||||||||||||||||
1000017331|20210630|17|20211231|19|20220630|16|||||||||||||||||
1000014583|20251231|134|20260420|142|||||||||||||||||||
1000023517|20210414|67|20221231|73|20230412|76|||||||||||||||||
1000006168|20210429|10|20211231|11|20220520|11|20221231|10|20231206|9|||||||||||||
1000005722|20210414|25|20211231|24|20220413|25|20221231|25|20230411|23|20231231|25|20240408|24|20241231|25|20250410|26|20251231|19|20260409|21|
1000007407|20210131|12|20231231|15|20240409|15|20241231|17|20250530|17|||||||||||||
1000007076|20210405|45|20211231|45|20230412|45|20231231|40|20240409|34|20240919|40|20241231|33|20250408|33|20251231|33|20260408|31|||
1000018369|20231231|46|20240325|44|20241231|48|20250326|47|20251231|47|20260325|46|||||||||||
1000002228|20210618|18|20211231|18|20220531|15|20221231|18|20230531|18|20231231|16|20240618|16|||||||||
1000022822|20210430|631|20211231|647|20220331|635|20221231|585|20230531|549|20231231|548|20240816|536|20241231|527|20250403|522|20250528|417|||
1000018631|20241231|27|20251010|56|||||||||||||||||||
1000017389|20231231|90|20240326|90|20241231|89|20250331|92|||||||||||||||
1000012334|20231231|47|20240424|51|20241231|50|20250423|53|||||||||||||||
1000002231|20210514|29|||||||||||||||||||||
1000015431|20210331|64|20220411|64|20221231|65|20230411|66|20231231|52|20241231|52|20250331|52|20260331|52|||||||
1000006832|20211231|18|20220331|15|20241231|16|20250801|18|20251231|19|20260331|21|||||||||||
1000010058|20251231|106|20260406|107|||||||||||||||||||
1000008019|20211231|12|20220527|12|||||||||||||||||||
1000007093|20221231|11|20230619|11|20231231|11|20240612|11|20241231|10|20250609|10|||||||||||
1000007378|20251231|47|20260416|47|||||||||||||||||||
1000020234|20231231|9|20240531|9|20241231|9|20250602|9|||||||||||||||
1000012698|20211231|26|20221219|25|||||||||||||||||||
1000010168|20241231|35|20250613|35|20251231|36|20260407|36|||||||||||||||
1000020363|20210228|12|||||||||||||||||||||
1000012705|20230418|15|20231231|17|20240415|15|20241231|17|20250411|17|20251231|17|20260413|18|||||||||
1000014547|20221231|56|20230330|70|20240408|83|20241231|56|20250408|83|20251231|56|20260407|126|||||||||
1000015447|20210423|7|20221231|7|20230427|7|20231231|7|20240412|7|20241231|6|20250402|6|20251231|4|20260327|4|||||
1000018450|20211231|89|20220331|90|20221231|92|20230331|89|20231231|99|20240312|106|20241231|104|20250305|97|20251231|84|20260313|84|||
1000010060|20221231|149|20230801|145|||||||||||||||||||
1000000714|20210331|169|20220331|152|20221231|170|20230411|155|20231231|157|20240229|126|20240417|157|20250228|123|20251231|126|20260331|128|||
1000015460|20210630|127|20211231|129|20220630|134|20221231|129|20231031|180|||||||||||||
1000000616|20211231|15|20221231|19|20231231|20|20240823|20|20241231|16|20250321|15|20251231|15|20260323|15|||||||
1000001522|20210430|182|20211231|195|20220331|222|20221231|235|20230531|241|20231231|284|20240417|219|20241231|198|20250403|162|20250904|154|||
1000019396|20251231|62|20260506|65|||||||||||||||||||
1000016953|20251231|26|20260506|32|||||||||||||||||||
1000000457|20211231|47|20220430|47|20221231|39|20230601|40|20231231|35|20240527|37|20241231|37|20250430|39|20250730|37|||||
1000000694|20211231|75|20221231|80|20231231|72|20241231|65|20251202|65|||||||||||||
1000000712|20210228|41|20211231|40|20220323|41|20230327|41|20231231|40|20240326|41|20241231|40|20250305|42|20251231|40|20260319|42|||
1000000937|20211231|24|20220331|23|20230331|33|20231231|47|20240331|48|20250321|64|20251231|79|20260325|78|||||||
1000000539|20210406|42|20211231|40|20220304|40|||||||||||||||||
1000018462|20210331|330|20211231|297|20220331|277|20231231|275|20240331|272|20241231|258|20250331|257|20251231|254|20260331|244|||||
1000001180|20210412|19|20211231|15|20220413|15|20221231|21|20230410|21|20231231|19|20240408|17|20241231|14|20250408|14|20251231|14|||
1000017701|20211231|139|20220414|135|20221231|129|20230329|122|20231231|117|20240402|115|20241231|116|20250401|114|20251231|118|20260401|117|||
1000014452|20210430|110|20211231|203|20220331|160|20231231|151|20240422|147|20241231|145|20250519|142|||||||||
1000016763|20241231|188|20250521|218|20251231|204|20260408|215|||||||||||||||
1000000970|20241231|238|20250225|235|||||||||||||||||||
1000005771|20220630|81|20230630|77|||||||||||||||||||
1000017908|20251231|32|20260424|37|||||||||||||||||||
1000013800|20211231|48|20220609|48|||||||||||||||||||
1000017627|20210401|14|20211231|14|20220617|13|20221231|12|20230619|12|20231231|13|20240617|12|20241231|9|20250620|9|||||
1000001044|20220314|5|20220411|5|20221231|5|20240402|10|20241231|4|20250414|7|20260403|7|||||||||
1000000805|20211231|65|20220331|58|20221231|65|20230508|58|20231231|55|20240618|59|20240822|55|20241231|58|20250509|58|20251231|58|20260429|58|
1000007531|20210414|26|20211231|26|20220617|26|20221231|23|20230613|24|20231231|23|20240528|22|20241231|19|20251021|18|||||
1000014596|20251231|52|20260422|52|||||||||||||||||||
1000020311|20221231|18|20231231|18|20241231|17|20251231|17|||||||||||||||
1000017184|20211231|50|20220331|57|20231231|79|20240331|74|||||||||||||||
1000018962|20211231|84|20220930|83|||||||||||||||||||
1000022020|20210225|21|20211231|19|20220221|19|20221231|19|20231213|19|20241031|19|20241231|19|20251204|16|||||||
1000002003|20221231|131|20230613|131|20231231|137|20240513|137|20241231|148|20250610|148|||||||||||
1000020193|20231231|17|20240530|5|||||||||||||||||||
1000007147|20221231|99|20230421|88|||||||||||||||||||
1000001709|20221231|104|20230804|92|||||||||||||||||||
1000000872|20241231|103|20250827|108|||||||||||||||||||
1000000789|20221231|136|20230628|128|20241231|89|20250630|88|||||||||||||||
1000015471|20221231|106|20230228|107|20251231|131|20260331|132|||||||||||||||
1000012342|20210331|20|20221231|18|20230405|22|20231231|20|20240409|21|20241231|20|20250402|20|20251231|20|20260403|20|||||
1000000379|20210331|62|20211231|96|20221231|65|20230331|62|20231231|56|20240331|54|20241231|54|20250331|49|20251231|49|20260331|58|||
1000010336|20210331|54|20211231|57|20220331|61|20221231|61|20230331|68|20231231|68|20240331|61|20241231|59|20250331|57|20251231|55|20260331|49|
1000023484|20210512|93|20211231|86|20220513|90|20221231|99|20230515|90|20231231|100|20240513|103|20241231|100|20250423|100|20251231|100|20260423|110|
1000021033|20211231|46|||||||||||||||||||||
1000000811|20211231|113|20220520|113|||||||||||||||||||
1000022086|20210504|163|20211231|175|20220430|190|20221231|212|20230430|204|20241231|71|20250531|59|||||||||
1000020274|20210531|20|||||||||||||||||||||
1000021583|20210704|11|20211231|11|20221231|11|20230407|14|20231231|13|20240328|14|20240812|13|20241231|14|20250331|13|20251231|14|20260427|14|
1000008441|20210416|18|20221231|19|20230417|21|20231231|26|20240331|21|20240821|16|20241231|15|20250428|15|20251231|14|20260428|14|||
1000010574|20210331|29|20221231|27|20230331|26|20231231|31|20240331|31|20241231|27|20250318|27|20251231|27|20260323|27|||||
1000007571|20210430|66|||||||||||||||||||||
1000000544|20210326|13|20211231|11|20220414|11|20221231|10|20230420|10|||||||||||||
1000003993|20251231|32|20260225|29|||||||||||||||||||
1000007360|20210511|16|20211231|13|20220413|13|20221231|13|20230516|13|20231231|14|20240503|15|20241231|15|20250514|15|||||
1000014677|20251231|41|20260401|45|||||||||||||||||||
1000015454|20210329|22|20211231|19|20221231|21|20230331|25|20231231|25|20240331|25|20241231|16|20250331|36|20260401|36|||||
1000015448|20210420|88|20211231|85|20220419|84|||||||||||||||||
1000001887|20211231|27|20221115|29|||||||||||||||||||
1000002487|20210531|460|20211231|453|20220331|458|20221231|463|20230228|470|20231231|478|20240229|475|20241231|471|20251231|480|||||
1000000602|20210331|41|20211231|39|20220331|41|20221231|50|20230331|50|||||||||||||
1000016752|20241231|100|20250616|94|20251231|92|20260331|99|||||||||||||||
1000016167|20211231|108|20220510|103|||||||||||||||||||
1000015479|20210329|72|||||||||||||||||||||
1000002020|20210611|411|||||||||||||||||||||
1000010339|20211231|12|20220414|12|20221231|12|20230418|12|20231231|12|20240415|12|20241231|15|20250411|14|20251231|13|20260402|12|||
1000002317|20211231|4|20220430|4|||||||||||||||||||
1000001982|20211231|9|20220222|9|20230228|6|20231231|5|20241112|5|20241231|4|20251127|4|||||||||
1000020271|20221231|7|20230526|5|20231231|5|20240520|6|20241231|4|20250522|5|||||||||||
1000006834|20231231|22|20241024|23|||||||||||||||||||
1000023367|20211231|16|20220511|16|20221231|16|20230511|19|||||||||||||||
1000018873|20210610|10|||||||||||||||||||||
1000000705|20220401|82|20221231|97|20230331|99|||||||||||||||||
1000019002|20211231|16|20220502|17|||||||||||||||||||
1000023519|20210408|108|20210415|110|20211231|105|20221231|101|20230413|101|20231231|101|20240411|103|20241231|99|20250414|109|20251231|110|20260415|108|
1000010164|20251231|113|20260417|111|||||||||||||||||||
1000000797|20211231|8790|20220930|8965|||||||||||||||||||
1000014726|20210614|26|20211231|26|20220616|27|20221231|27|20230612|28|20231231|27|20240618|27|20241231|27|20250618|34|||||
1000008033|20210326|10|20211231|10|20220324|10|20221231|10|20230418|10|20231231|10|20240417|10|20241231|10|20250408|10|20251231|10|20260407|10|
1000018430|20210402|210|20211231|225|20220331|222|20221231|234|20230331|246|20231231|247|20240318|247|20241231|226|20250422|231|20251231|214|20260417|220|
1000015492|20221231|19|20230918|24|20231231|24|20240621|24|20241231|25|20250508|26|20251231|36|20260415|44|||||||
1000024200|20211231|63|20220531|65|20221231|65|20230531|62|20230623|66|20231231|64|20241231|64|20250611|66|||||||
1000005816|20210430|24|20211031|21|20211231|22|20220430|26|20220930|24|20221231|24|20230430|24|20231017|25|20231231|26|20240523|27|20241231|23|
1000015483|20210429|42|20211231|42|20220503|41|20221231|41|20230508|38|20231231|41|20240508|37|20241231|36|20250513|34|20251231|36|20260406|32|
1000018463|20210413|15|20230411|15|20231231|16|20240403|16|20241231|16|20250403|14|20251231|10|20260427|10|||||||
1000011652|20251231|85|20260409|89|||||||||||||||||||
1000001510|20210331|280|20211231|333|20220331|330|20221231|385|20230331|386|20231231|328|20240430|357|20241231|361|20250331|344|20251231|430|20260331|435|
1000019032|20210331|5|||||||||||||||||||||
1000018994|20210331|60|20211231|65|20221231|78|20230430|78|20231231|86|20240331|88|20241231|103|20250324|102|20251231|114|20260325|117|||
1000019029|20210405|33|20211231|32|20220324|32|20221231|34|20230410|38|20231231|34|20240402|38|||||||||
1000006252|20210510|15|||||||||||||||||||||
1000012707|20211231|71|20220614|71|20221231|70|20230531|68|20231231|68|20240516|68|20241231|71|20250528|57|||||||
1000020380|20210611|17|20211231|16|20220623|16|20221231|16|20230609|16|20231231|14|20240610|14|20241231|13|20250618|13|||||
1000014105|20251231|86|20260331|94|||||||||||||||||||
1000011498|20211231|13|20220630|13|||||||||||||||||||
1000002748|20211231|81|20221231|93|20231231|75|20240321|75|20240730|74|20241231|69|20250314|76|20251231|70|20260318|71|||||
1000007158|20211231|68|20220331|71|20221231|73|20230331|74|||||||||||||||
1000019039|20231231|235|20240507|235|20241231|272|20250430|273|||||||||||||||
1000016769|20210331|126|20211231|104|20220331|105|20231231|114|20240331|115|20241231|114|20250331|111|||||||||
1000017232|20210331|14|20210625|14|20220331|8|20220629|8|20230331|5|20230703|4|20240331|4|20240624|4|20250331|2|20250626|2|||
1000009639|20241231|166|20250421|160|20251231|180|20260408|191|||||||||||||||
1000014027|20210329|86|20211231|99|20220225|102|||||||||||||||||
1000009149|20211231|38|20220427|39|||||||||||||||||||
1000014166|20251231|502|20260407|512|||||||||||||||||||
1000014793|20210401|51|20211231|51|20220404|29|20221231|30|||||||||||||||
1000009645|20210430|292|20211231|285|20220430|311|20221231|352|20231231|310|20240503|296|20241231|310|20250423|301|20251231|278|20260416|267|||
1000019416|20210331|18|20211231|17|20220331|17|20221231|17|20230331|18|20231231|21|20240411|21|20241231|22|20250311|26|20251231|29|20260323|30|
1000019855|20241231|25|20250630|25|20260224|23|||||||||||||||||
1000012725|20241231|10|20250410|10|||||||||||||||||||
1000010175|20241231|30|20251231|30|20260226|30|20260406|30|||||||||||||||
1000002898|20210401|109|||||||||||||||||||||
1000002652|20210324|28|20211231|28|20220331|28|20231231|31|20240401|31|||||||||||||
1000011102|20211231|8|20220331|9|20231231|0|20240327|9|20240822|9|20241231|9|20250328|9|20251231|11|20260331|13|||||
1000008483|20231231|8|20241017|10|||||||||||||||||||
1000002720|20251231|45|20260402|47|||||||||||||||||||
1000013566|20231231|5|20240630|5|||||||||||||||||||
1000002961|20221231|40|20230417|40|||||||||||||||||||
1000001673|20210408|13|20221231|17|20230404|13|20230714|17|||||||||||||||
1000001805|20210630|122|||||||||||||||||||||
1000028070|20241231|61|20250514|57|20251231|54|20260504|54|||||||||||||||
1000010840|20210618|99|||||||||||||||||||||
1000002736|20211231|19|20220331|17|||||||||||||||||||
1000002753|20210510|40|20211231|37|20220412|37|20221231|37|20230411|39|20231231|39|20240412|40|20241231|45|20250324|50|||||
1000001451|20221231|9|20230404|8|20231231|8|20240516|8|||||||||||||||
1000000931|20210419|13|20221231|13|20230308|12|20230329|14|20231231|14|20241231|14|20250430|15|||||||||
1000012264|20210331|29|20221231|28|20230430|26|20231231|26|20240430|26|||||||||||||
1000017411|20210319|8|20211231|8|20220329|8|20221231|10|20230327|8|20231231|8|20240319|8|20241231|8|20250410|7|20260410|8|||
1000005934|20210504|7|20221231|6|20230405|7|20231231|6|20240402|7|20241231|7|20250424|6|20260417|7|||||||
1000010666|20211231|62|20221231|31|20231231|19|20240229|31|20240819|19|20241231|18|20250514|18|20251231|29|20260508|30|||||
1000011480|20241231|25|20250520|29|||||||||||||||||||
1000017390|20211231|16|20230522|15|20231231|15|20240617|13|20241231|15|20250418|15|20251231|15|20260427|15|||||||
1000011579|20211231|14|20230329|14|20231231|13|20240509|15|20241231|14|20250520|15|||||||||||
1000012030|20211231|22|20220511|22|20221231|19|20230512|18|20231231|22|20240508|24|20241231|24|20250502|29|20251231|21|20260429|20|||
1000015021|20210330|75|20211231|75|20220330|78|20221231|70|20230331|72|20231231|85|20240405|88|20241231|85|20250408|85|20251231|85|20260408|85|
1000012032|20211231|5|20221231|17|20230314|18|20230628|22|20231231|22|20240618|23|20241231|23|20250624|23|||||||
1000012525|20210317|12|||||||||||||||||||||
1000013245|20211231|33|20220408|48|||||||||||||||||||
1000009088|20210407|590|20211231|602|20220419|607|20221231|610|20230413|610|20230418|610|20231231|607|20241231|604|20250331|597|20251231|598|20260401|591|
1000000201|20241231|210|20250630|375|||||||||||||||||||
1000020389|20241231|8|20250219|8|||||||||||||||||||
1000005761|20221118|267|||||||||||||||||||||
1000006036|20211231|20|20221231|21|20230430|21|20231231|20|20240430|18|20241231|18|20250415|14|20251231|18|20260406|20|||||
1000013546|20231231|21|20240826|20|||||||||||||||||||
1000014082|20210618|32|20211231|38|20220616|32|20221231|38|20230602|38|20231231|40|20240530|42|20241231|42|20250609|45|||||
1000000742|20210607|10|20211231|10|20220614|9|20230620|9|20231231|5|20240617|5|20241231|5|20250617|3|||||||
1000022904|20210408|23|20211231|24|20220404|26|20231231|22|20240412|22|20241031|21|20241231|22|20250522|18|20251231|18|20260410|18|||
1000015998|20210331|75|20211231|71|20220427|74|||||||||||||||||
1000008721|20211231|86|20221031|73|||||||||||||||||||
1000000300|20210518|305|20211231|320|20220429|352|20221231|343|20230509|321|20231231|317|20240430|283|20241231|268|20250531|268|20251231|278|20260331|286|
1000000257|20210423|180|20211231|176|20220406|176|20221231|186|20230411|193|20231231|181|20240409|167|20241231|156|20250410|148|20251231|161|20260414|162|
1000016905|20211231|382|20221031|399|||||||||||||||||||
1000012635|20210412|26|||||||||||||||||||||
1000022372|20211231|12|20230207|17|||||||||||||||||||
1000000607|20260331|98|||||||||||||||||||||
1000000574|20211231|118|20220405|126|20221231|121|20230331|123|20231231|126|20240331|125|20241231|128|20250415|132|20251231|127|20260315|135|||
1000020174|20210331|9|20211231|9|20220331|9|||||||||||||||||
1000002112|20211111|34|20251231|40|20260409|43|||||||||||||||||
1000020169|20211231|382|20220531|396|20220930|405|20221231|417|20230420|411|20231231|395|||||||||||
1000000083|20231231|433|||||||||||||||||||||
1000007429|20221231|162|20230331|156|||||||||||||||||||
1000020158|20210121|16|20220121|16|||||||||||||||||||
1000027062|20210408|90|20211231|99|20220401|98|20221231|98|20230630|94|20231231|98|20240625|99|||||||||
1000002406|20210518|9|20220520|14|||||||||||||||||||
1000021260|20241231|27|20251126|26|||||||||||||||||||
1000015428|20211231|8|20220224|9|20220620|8|20221231|2|20230522|5|20231231|4|20240604|4|20241231|4|20250611|4|||||
1000000044|20211231|649|20220616|614|||||||||||||||||||
1000007471|20210517|156|20211231|159|20220331|164|20231231|165|20240331|164|20241231|166|20250331|166|20251231|172|20260331|176|||||
1000010830|20210527|146|20220513|147|20221231|145|20230518|145|20231231|145|20240522|145|20241231|145|20250522|139|||||||
1000000316|20231231|105|20240401|103|20241231|99|20250428|105|||||||||||||||
1000015915|20241231|292|20250226|292|||||||||||||||||||
1000002374|20210630|60|20211231|55|20220630|55|20231231|42|20240930|60|||||||||||||
1000014472|20210507|11|||||||||||||||||||||
1000002716|20211231|19|20221207|19|20231231|23|20240418|26|20241231|24|20250416|20|||||||||||
1000014431|20241231|40|20250507|40|||||||||||||||||||
1000000864|20210408|58|20211231|58|20220420|58|20221231|60|20230510|73|20251231|86|20260413|86|||||||||
1000018219|20210430|70|20211231|68|20220419|68|||||||||||||||||
1000000279|20210906|876|20220325|866|20230330|880|20231231|939|20240801|930|||||||||||||
1000000191|20210331|1820|20230331|2085|20240331|2075|20241231|2165|20250331|2164|||||||||||||
1000005964|20251231|113|20260409|99|||||||||||||||||||
1000014414|20211231|1020|20221231|969|20231231|981|20240415|995|20241231|987|20250331|987|20251231|980|20260331|995|||||||
1000019304|20210310|23|20210316|23|20220310|23|20221231|25|20230310|24|20240320|24|20241231|25|20250402|25|20251231|23|20260401|23|||
1000010848|20241231|35|20250605|36|||||||||||||||||||
1000000363|20210408|534|20211231|551|20220420|555|20221231|561|20230418|561|20231231|557|20240314|557|20240327|557|20241231|551|20250331|547|||
1000021018|20210416|764|20211231|730|20220415|730|20230428|799|||||||||||||||
1000000171|20210531|247|20211231|252|20220531|252|20221231|248|20230531|238|20231231|234|20240430|234|20241231|243|20250531|251|||||
1000000662|20211231|393|20221231|420|20231231|450|20240327|420|20241231|344|20251231|455|||||||||||
1000020204|20251231|89|20260410|93|||||||||||||||||||
1000005952|20210610|60|20211231|55|20220531|49|20221231|56|20230531|57|20231231|53|20240611|49|||||||||
1000007479|20251231|178|20260424|174|||||||||||||||||||
1000017738|20251231|60|20260317|60|||||||||||||||||||
1000005961|20220314|23|20221231|23|20230313|23|20231231|23|20240315|23|20240814|23|20241231|22|20250311|22|20251231|22|20260319|22|||
1000009104|20221231|511|20230531|521|20241231|529|20250430|521|||||||||||||||
1000000700|20210331|408|20211231|409|20220331|406|20231231|461|20240331|456|20241231|503|20250407|488|20251231|484|20260401|517|||||
1000010334|20210402|57|20211231|48|20220328|48|20221231|47|20230331|49|20231231|49|20240329|48|20241231|22|20250331|21|20251231|23|20260406|23|
1000017008|20211231|542|20220524|542|||||||||||||||||||
1000015991|20220630|91|20230902|86|||||||||||||||||||
1000012645|20211231|10|20220616|8|20220619|7|20221231|8|20231231|7|20240611|9|20241231|11|20250425|11|||||||
1000006134|20221231|109|20230508|158|20231231|38|20240624|38|20241231|42|20250531|40|||||||||||
1000011684|20211231|30|20220517|32|20221231|22|20230523|21|20231231|17|20240513|16|20241231|18|20250519|17|||||||
1000000148|20260407|183|20260508|183|||||||||||||||||||
1000000569|20220427|313|||||||||||||||||||||
1000015422|20220218|370|||||||||||||||||||||
1000010947|20241231|259|20250414|266|||||||||||||||||||
1000002328|20210331|40|20211231|36|20220531|40|20221231|40|20230531|40|20231231|22|20240613|40|20240903|24|20241231|33|20250429|37|||
1000010857|20211231|30|20220512|34|20221231|35|20230515|31|20231231|24|20240520|24|20241231|21|20250509|20|||||||
1000006280|20251231|252|20260326|241|||||||||||||||||||
1000012723|20221231|21|20230331|20|20231231|22|20240418|23|20241231|22|20250331|23|20251231|23|20260403|23|||||||
1000015475|20210407|26|20211231|30|20220325|30|20231231|24|20240331|27|20241231|27|20250417|29|||||||||
1000002299|20241231|33|20250422|29|20251231|29|20260420|28|20260428|28|||||||||||||
1000015921|20210323|89|20211231|88|20220331|89|20221231|99|20230331|101|20231231|98|20240331|96|20241231|100|20250331|99|20251231|95|20260331|94|
1000019463|20210608|6|20211231|6|20220531|6|20221231|6|20230531|8|20231231|8|20240603|21|20241231|8|20250522|8|||||
1000018635|20211231|40|20220731|48|20221231|40|20231117|35|||||||||||||||
1000014024|20210325|14|20211231|13|20220323|13|20221231|14|20230331|11|20231231|14|20240327|12|20241231|8|20250325|7|20251231|8|20260326|7|
1000001933|20211231|207|20220816|256|20221231|258|20230430|255|20231231|255|20240331|244|||||||||||
1000005664|20210621|13|||||||||||||||||||||
1000016935|20210423|7|||||||||||||||||||||
1000002558|20210506|22|20211231|23|20220401|22|20221231|24|20230401|24|20231231|24|20240405|23|20240814|26|20241231|27|20250402|27|20251231|27|
1000010378|20210421|48|20220421|34|20230404|39|20240423|41|20241231|39|20250421|36|20251231|39|20260331|46|||||||
1000017384|20241231|28|20251205|28|||||||||||||||||||
1000006846|20241231|17|20250531|15|||||||||||||||||||
1000009408|20210415|12|20211231|13|20220419|13|20221231|19|20231231|16|20240424|18|20241231|20|20250424|19|20251231|24|20260421|25|||
1000012713|20241231|15|20250331|15|20251231|16|20260331|16|||||||||||||||
1000017033|20210512|27|20211231|24|20220404|27|20231231|24|20240501|27|20241231|24|20250714|27|||||||||
1000019043|20211231|165|20220331|158|20221231|160|||||||||||||||||
1000016165|20211014|7|20211231|7|20221013|7|20221231|7|20231006|6|20231231|7|20241231|5|20250925|4|||||||
1000008498|20210301|218|20211231|218|20220406|218|20241231|211|20250430|205|20251231|225|20260430|206|||||||||
1000002873|20210323|10|20211231|11|20220408|12|20221231|12|20230403|12|||||||||||||
1000017311|20241231|39|20250911|39|||||||||||||||||||
1000000007|20241231|1080|20250731|1062|||||||||||||||||||
1000009619|20210330|121|20221231|181|20230628|198|20231231|199|20240403|203|20241231|183|20250228|160|20251231|161|20260331|168|||||
1000000233|20230503|246|||||||||||||||||||||
1000002892|20211231|26|||||||||||||||||||||
1000007438|20221231|86|20230331|87|20231231|0|20240723|0|20241231|87|20250520|89|||||||||||
1000020387|20211231|25|20221231|25|20231231|25|20240826|23|20241231|25|20250630|24|||||||||||
1000014101|20221231|45|20230630|45|||||||||||||||||||
1000005981|20211231|87|20220411|79|20220630|82|20221231|82|20251231|89|20260427|89|||||||||||
1000000312|20210408|386|20220328|331|||||||||||||||||||
1000013543|20241231|141|20250718|130|||||||||||||||||||
1000002438|20211231|25|20220308|51|||||||||||||||||||
1000020409|20210126|32|20211231|33|20220228|33|20221231|34|20230228|34|20241231|38|20250417|37|||||||||
1000013493|20211231|230|20221231|239|||||||||||||||||||
1000002471|20210323|16|20221231|30|20230331|28|20231231|26|20240331|23|20240910|25|20241231|25|20250325|25|20251231|21|20260327|21|||
1000021345|20211231|28|20220426|27|||||||||||||||||||
1000015784|20210429|18|20211231|18|20220426|14|20221231|13|20230816|12|20231231|14|20240426|15|20241231|14|20250423|13|20251231|13|20260427|13|
1000010386|20211231|7|20241231|4|20250820|4|||||||||||||||||
1000023496|20231231|36|20240417|37|20241231|38|20250414|33|20251231|38|20260410|33|||||||||||
1000002191|20210331|456|20211231|487|20220331|527|20231231|540|20240331|538|20251231|410|20260331|383|||||||||
1000012190|20210511|790|20211231|925|20220331|865|20221231|865|20230427|1009|||||||||||||
1000010681|20210329|10|20221231|11|20230523|11|||||||||||||||||
1000002504|20210416|46|20241231|48|20250409|45|20251231|48|20260408|46|||||||||||||
1000015504|20210530|13|20211231|22|20220531|21|20221231|19|20230430|20|20231231|19|20240613|18|20241231|17|20250531|15|||||
1000002531|20220413|44|20221231|36|20231231|48|20240508|48|20241231|47|20250416|40|||||||||||
1000008491|20210531|15|20211231|19|20220615|18|20221231|19|20230609|19|20231231|18|20240605|20|20241231|18|20250530|20|20251231|21|20260331|21|
1000002591|20210430|30|20211231|31|20220426|35|20221231|34|20230420|37|20231231|36|20240331|35|20240823|36|20241231|35|20250326|35|20251231|31|
1000020279|20251231|44|20260421|44|||||||||||||||||||
1000014777|20210624|5|||||||||||||||||||||
1000008181|20210331|45|20220407|45|20230404|45|||||||||||||||||
1000002806|20210428|12|20210503|12|20220503|15|20221231|22|20230428|22|20231231|19|20240403|23|20241218|19|20241231|17|20250409|22|20251231|18|
1000002863|20220424|12|20221231|12|20231231|16|20240411|19|20241231|19|20250409|19|||||||||||
1000017025|20210408|48|20211231|48|20220418|71|20221231|51|20230414|50|20231231|68|20240331|84|20240731|79|||||||
1000002944|20210406|4|20211231|3|20220413|3|20221231|4|20230412|4|20231231|5|20240411|5|20240806|6|||||||
1000002933|20210616|49|||||||||||||||||||||
1000002894|20210330|17|20211231|20|20221231|16|20230405|20|20231231|36|20241231|18|20250428|21|20260410|18|||||||
1000011046|20211231|46|20220531|37|20221231|44|20230526|48|20231231|49|20240611|47|20241231|46|20250605|52|||||||
1000018461|20210504|13|20211231|13|20220504|13|||||||||||||||||
1000014785|20210415|44|20211231|28|20220421|28|20221231|28|20230421|24|20231231|24|20240822|24|20241231|22|20250416|22|20251231|22|20260407|22|
1000018510|20210430|17|20211231|16|20221231|17|20231231|18|20240509|17|20241231|17|20250526|17|20251231|17|20260504|18|||||
1000002259|20210330|421|20211231|450|20220330|434|20221231|456|20230330|457|20231231|451|20240330|450|20251231|450|20260331|448|||||
1000001992|20210325|442|20211231|439|20220405|431|20221231|465|20230404|452|20231231|465|20240402|462|20241231|471|20250326|470|||||
1000020361|20210527|31|||||||||||||||||||||
1000009630|20221231|39|||||||||||||||||||||
1000014701|20241231|6|20250425|5|||||||||||||||||||
1000018902|20221231|106|20230407|106|||||||||||||||||||
1000001981|20210329|15|20211231|14|20220404|14|20221231|14|20230403|14|20231231|16|20240402|15|||||||||
1000008789|20211231|21|20221231|24|||||||||||||||||||
1000007626|20211231|103|20221231|106|20231231|107|20240305|107|20241231|104|20251231|106|20260306|106|||||||||
1000010177|20210405|12|20211231|12|20220101|12|20221231|12|20230407|12|20231231|12|20240311|13|20240820|11|20241231|12|20250428|12|20251231|11|
1000021191|20210331|87|20211231|84|20220430|85|20221231|84|20230331|69|20231231|67|20240416|56|20241231|37|20250416|40|20251231|61|20260409|63|
1000011251|20210608|18|20211231|22|20220602|18|20221231|13|20230607|15|20231231|16|20240531|17|20241231|13|20250531|15|||||
1000002797|20211231|8|20220324|8|20221231|8|20230320|7|20231231|6|20240321|7|20240903|6|20241231|7|20250318|7|20251231|7|20260324|7|
1000006286|20210331|13|20211231|13|20221231|14|20231231|14|20240416|11|||||||||||||
1000018209|20211231|473|20221231|495|||||||||||||||||||
1000010673|20210623|8|20221231|7|20230609|7|20231231|6|20240522|7|||||||||||||
1000008957|20211231|2660|20221231|2698|||||||||||||||||||
1000002313|20210618|42|20241231|64|20250408|70|20251231|60|20260330|65|||||||||||||
1000000116|20211231|891|||||||||||||||||||||
1000002810|20210414|454|20221231|439|20230424|438|20230713|428|20231231|433|20240611|438|20241231|444|20250106|443|20250530|443|||||
1000006316|20211231|9|20220609|10|20231231|10|20240618|10|20241231|11|20250623|11|||||||||||
1000012494|20211231|17|20220406|27|20221231|26|20231221|17|20231231|18|20240411|17|20240630|17|20241231|17|20250402|16|20251231|16|20260427|16|
1000016014|20211231|807|20220330|722|20230329|1189|20231231|779|20240327|793|20241231|757|20250331|900|20251231|900|20260330|914|||||
1000016777|20210420|65|20211231|77|20220426|76|20241231|100|20250331|91|||||||||||||
1000002756|20241231|192|20250430|183|20251031|151|20260430|151|||||||||||||||
1000021674|20210510|19|20211231|17|20220504|17|20221231|17|20230425|17|||||||||||||
1000018590|20210511|561|20211231|580|20220425|580|20221231|594|20231231|606|20241231|642|20250401|642|||||||||
1000000340|20210416|239|20211231|239|20220418|250|20221231|248|20230414|251|20240418|228|20241231|216|20250403|216|20251231|216|20260402|211|||
1000014129|20210331|15|20211231|17|20220404|17|20221231|17|20230405|17|||||||||||||
1000010024|20210228|302|20211231|308|20220331|296|20221231|306|20230531|293|20251231|311|20260331|305|||||||||
1000002382|20210331|275|20211231|305|20220405|275|20221231|317|20230331|353|20231231|349|20240331|369|20241231|333|20250415|401|20251231|402|20260405|403|
1000001177|20211231|28|20220404|37|20230404|42|20231231|40|20240405|39|20241231|41|20250331|40|20251231|36|20260414|37|||||
1000000215|20210331|151|20211231|143|20220331|143|||||||||||||||||
1000007440|20220630|115|20220729|119|||||||||||||||||||
1000014312|20210331|30|||||||||||||||||||||
1000023979|20221231|15|20240314|18|20241231|15|20251107|16|||||||||||||||
1000000234|20240415|360|20260406|299|||||||||||||||||||
1000013429|20210405|65|20211231|63|20220329|63|20221231|63|20230327|66|20231231|64|20240328|64|20241231|64|20250331|65|20251231|62|20260326|59|
1000001520|20210614|20|20220415|18|20221231|16|20230414|15|20231231|15|20240417|16|20241231|15|20250416|15|20251231|12|20260416|11|||
1000011537|20210601|1914|20211231|579|20220614|556|20221231|2640|20230615|2683|20231231|2777|20240614|2758|20241231|2681|20250531|2717|||||
1000002939|20221231|18|20230221|18|||||||||||||||||||
1000007044|20210228|388|||||||||||||||||||||
1000002182|20210422|52|20211231|52|20221231|36|20230605|24|20231231|20|20240702|42|||||||||||
1000000101|20241231|500|20250227|494|||||||||||||||||||
1000010375|20210514|14|||||||||||||||||||||
1000023494|20210414|47|20211231|54|20220510|49|20221231|54|20230331|52|20231231|43|20240405|45|20241231|45|20250417|44|20251231|40|20260417|39|
1000010302|20210701|6|||||||||||||||||||||
1000013908|20210504|23|20211231|23|20220429|23|20221231|21|20230427|22|20231231|43|20240425|41|20241231|46|20250527|46|20250724|47|20250827|46|
1000008388|20210331|740|20211231|744|20220331|713|20221231|694|20230331|694|20240415|686|20241231|670|20250404|679|20251231|669|20260331|664|||
1000017263|20211231|216|20220331|216|||||||||||||||||||
1000014427|20231231|147|20240913|152|20241231|147|||||||||||||||||
1000003067|20221231|20|20230622|18|||||||||||||||||||
1000008018|20210331|330|20211231|340|20220331|336|20221231|370|20230331|381|20231231|393|20240331|402|20251231|453|20260331|461|||||
1000017407|20211231|21|20220614|21|20221231|21|20230615|11|20231231|10|20240626|10|20241231|10|20250609|10|20251231|9|20260422|9|||
1000008519|20231231|5|20241030|4|||||||||||||||||||
1000000554|20210331|491|20211231|485|20220331|479|||||||||||||||||
1000017454|20210819|93|||||||||||||||||||||
1000005852|20210602|97|20211231|119|20220526|143|20221231|106|20230526|106|20231020|106|||||||||||
1000012756|20241231|30|20250415|28|20251231|26|20260401|28|||||||||||||||
1000007432|20251231|860|20260331|854|||||||||||||||||||
1000016901|20231231|581|20240405|574|20241231|581|20250407|573|20251231|590|20260330|618|||||||||||
1000005971|20210331|1455|20211231|1451|20220331|1420|20251231|1706|20260331|1688|||||||||||||
1000002775|20220531|15|20221231|11|20230621|15|20231231|15|20240531|29|20241231|30|20250531|32|||||||||
1000002617|20210920|20|20241231|25|20251031|26|||||||||||||||||
1000003260|20210228|148|||||||||||||||||||||
1000023781|20210330|21|20211231|26|20220228|24|20221231|23|20230327|23|20240327|19|20241231|23|20250408|23|20251231|23|20260406|23|||
1000001351|20210525|27|20220430|24|||||||||||||||||||
1000018894|20211231|225|20221021|224|||||||||||||||||||
1000014411|20241231|211|20250402|209|20251231|209|20260416|203|||||||||||||||
1000016915|20221231|161|20230516|161|||||||||||||||||||
1000023574|20210331|170|20220331|174|20231231|184|20240527|220|||||||||||||||
1000007644|20211231|37|20220419|37|20221231|35|20230419|31|20231231|32|20240417|32|20240816|27|20241231|32|20250407|35|20251231|35|20260403|35|
1000000468|20210930|323|20220930|287|||||||||||||||||||
1000009376|20210507|1049|20220509|998|20221231|1002|20230510|1002|20240508|1096|20250507|1157|20251231|1136|20260507|1154|||||||
1000007428|20240328|509|||||||||||||||||||||
1000000590|20211231|27|20220630|27|||||||||||||||||||
1000012687|20211231|6|20220418|6|20221231|6|20230515|6|20231231|5|20240502|5|20250619|5|||||||||
1000016909|20211231|226|20220406|230|20221231|229|20230425|234|||||||||||||||
1000018243|20251231|22|20260417|22|||||||||||||||||||
1000000216|20211231|349|20221231|342|||||||||||||||||||
1000013797|20210228|223|20211231|219|20220228|210|20221231|210|20230228|205|20231231|190|20240325|187|20240831|192|20241231|188|20250324|191|20251231|184|
1000007048|20210228|195|20211231|229|20220228|231|20221231|200|20230228|207|20231231|252|20240228|242|20241231|203|20250331|194|20251231|200|20260331|194|
1000000180|20211231|59|20220331|58|||||||||||||||||||
1000002724|20211231|15|20220127|15|20220708|15|20221231|11|20240207|11|||||||||||||
1000002827|20210405|22|20211231|25|20220331|28|20221231|26|20230331|27|20231231|26|20240405|23|20241231|25|20250407|22|20251231|29|20260407|27|
1000015801|20241231|11|20250618|11|||||||||||||||||||
1000009534|20210228|274|20211231|280|20220331|262|20221231|252|20230331|245|20231231|262|20240331|262|20241231|270|20250331|274|20251231|292|20260325|292|
1000000236|20210325|132|20211231|134|20220328|129|20221231|130|20230331|130|20231231|130|20240531|156|20241231|159|20250425|159|20250630|174|20251231|163|
1000006873|20241231|13|20250430|12|20251231|11|20260408|11|||||||||||||||
1000010685|20231231|72|20240430|70|||||||||||||||||||
1000010022|20211231|141|20220406|132|20221231|133|20230404|134|20231231|150|20240404|151|20240820|153|20241231|156|20250318|160|20250909|160|20251231|168|
1000000628|20260424|1778|||||||||||||||||||||
1000018860|20210331|222|20211231|225|20220414|222|20221231|227|20230331|223|20231231|228|20240331|223|20241231|227|20250417|222|20251231|218|20260420|220|
1000002274|20210331|658|20211231|648|20220331|553|20221231|495|20231231|501|20240327|501|20250401|416|20251231|320|20260330|315|||||
1000016920|20221231|90|20230731|86|||||||||||||||||||
1000000020|20210331|230|20211231|212|20220331|232|20221231|189|20230331|191|20231231|192|20240331|195|20241231|264|20250430|258|20251231|244|20260331|236|
1000000114|20211231|262|20220413|262|20221231|305|20230417|305|20231231|495|20240425|488|20241231|526|||||||||
1000016910|20260407|0|||||||||||||||||||||
1000001413|20231231|8|20241217|8|20241231|9|20250428|11|||||||||||||||
1000002265|20210531|15|20211231|13|20220430|13|||||||||||||||||
1000016633|20210603|7|20211231|8|20220601|11|20221231|8|20230605|5|20231231|5|20240604|5|20241231|5|20250604|8|||||
1000007455|20241231|233|20250404|234|20251231|235|20260331|237|||||||||||||||
1000010388|20211231|25|20220608|25|20221231|25|20230706|25|20231213|23|20240717|25|20250620|23|||||||||
1000002136|20210401|48|20211231|48|20221231|48|20230411|56|20231231|50|20240403|50|20240807|51|20241231|54|20250404|54|20251231|54|20260403|58|
1000002039|20221231|33|20230418|34|20241231|17|20250509|32|||||||||||||||
1000007365|20210614|10|20221231|14|20230609|10|20231231|9|20240614|9|20241231|9|20250425|9|||||||||
1000007901|20210607|38|20220531|66|20230602|75|20240611|50|20241231|50|20250605|74|||||||||||
1000003199|20241231|176|20250327|170|20251231|161|20260331|160|||||||||||||||
1000011998|20211231|47|20220412|54|20221231|50|20231231|47|20240405|46|20241231|49|20250404|46|20251231|50|20260407|51|||||
1000018253|20210830|240|||||||||||||||||||||
1000017467|20210405|13|20210408|13|||||||||||||||||||
1000006285|20211231|201|20231231|179|20240403|176|20241231|193|20250409|193|20251231|196|20260320|197|||||||||
1000018259|20210430|34|20221231|25|20230731|21|20231231|25|20240605|21|||||||||||||
1000002728|20221231|13|20230331|13|20231231|15|20241231|13|20250415|13|20251231|13|20260414|14|||||||||
1000014488|20210401|43|20211231|43|20220510|43|||||||||||||||||
1000001879|20210526|10|20221231|24|20230228|10|20231231|24|20240312|24|||||||||||||
1000001866|20210310|65|||||||||||||||||||||
1000018596|20210331|27|20211231|29|20220331|72|20221231|102|20230331|104|20231231|112|20240331|112|20240808|115|20241231|117|20250417|95|||
1000017037|20210322|126|20221231|126|20230321|118|20231231|94|20240229|90|20241231|99|20250328|48|||||||||
1000018347|20210427|74|20211231|60|20220415|50|20221231|50|20230331|48|20231231|49|20240331|46|20241231|43|20250331|43|20251231|41|20260331|42|
1000001994|20211231|450|20221231|444|20231231|441|20240409|445|20241231|440|20250428|454|20251231|463|20260428|459|||||||
1000002002|20221231|9|20231204|9|20231231|9|20240325|9|20241231|9|20250317|9|||||||||||
1000018428|20211231|81|20220408|75|20221231|88|20230531|85|20231231|110|20240611|108|20241231|100|20260219|101|||||||
1000001266|20210406|785|20211231|696|20220228|704|20221231|800|20230310|779|20230331|779|20241231|935|20250410|947|20251231|952|20260331|947|||
1000015976|20211231|200|20220331|209|20231231|280|20240331|280|20241231|272|20250531|283|||||||||||
1000011568|20251231|172|20260228|177|||||||||||||||||||
1000002075|20210315|12|20211231|12|||||||||||||||||||
1000000734|20211231|102|20220331|108|20221231|105|20230322|97|20231231|90|20240321|90|20241231|95|20250319|95|20251231|113|20260325|113|||
1000002116|20210601|16|20211231|16|20220531|14|20221231|14|20230525|14|20231231|14|20240527|15|20241231|14|20250526|14|||||
1000002148|20210531|6|20211231|6|20221231|6|20230625|6|20230628|6|20240625|6|||||||||||
1000001147|20220324|90|20221231|90|20230327|108|20231231|110|20240329|109|20241031|114|20241231|116|20250327|117|20251231|127|20260319|134|||
1000002165|20210316|11|20211231|12|20220228|12|20221231|11|20230314|11|20231231|12|20240403|11|20241231|12|20250523|12|||||
1000002172|20210222|44|20220214|39|20221231|30|20231130|26|20241231|30|20251120|30|||||||||||
1000002209|20210630|105|20211231|94|20220430|95|20221231|94|20230331|90|20231231|82|20241113|91|20241231|92|20250320|92|||||
1000002262|20210331|494|20211231|508|20221231|513|20230420|518|20231231|528|20240417|535|20241231|530|20250424|536|20251231|530|20260430|536|||
1000016453|20210430|117|20230418|193|20231231|223|20240422|220|20240805|213|||||||||||||
1000002385|20210430|19|20211231|19|20220509|19|20221231|21|20230515|22|20231231|22|20240425|19|20241231|21|20250507|18|||||
1000002388|20210408|21|20211214|25|20231231|27|20240716|27|||||||||||||||
1000002411|20211231|17|20220217|17|||||||||||||||||||
1000018940|20251231|310|20260331|299|||||||||||||||||||
1000002463|20210426|409|20221231|406|20231127|503|20231231|367|20241118|397|20241231|373|20251110|392|20251231|392|20260427|406|||||
1000002468|20210228|96|20211231|97|20220228|101|20220531|100|20221231|101|20230531|92|20231231|74|20240430|69|20241231|67|20250531|68|||
1000002474|20221231|6|20230430|8|||||||||||||||||||
1000002481|20210331|139|||||||||||||||||||||
1000002499|20220630|23|20231231|17|20240514|17|||||||||||||||||
1000002508|20210527|84|20211231|118|20220509|118|20221231|115|20230622|160|20231231|139|20240603|121|20241231|127|20250521|129|||||
1000002521|20211231|248|20220628|255|||||||||||||||||||
1000002538|20241231|49|20250331|57|20251231|57|20260325|59|||||||||||||||
1000002559|20240630|29|20241121|29|||||||||||||||||||
1000002557|20210524|24|20211231|27|20220425|28|20221231|23|20230515|19|20231231|13|20240507|15|20240910|13|20241231|14|20250508|17|20251231|19|
1000002570|20231231|13|20240430|12|20241231|14|20250430|13|20251231|14|20260511|14|||||||||||
1000002582|20210430|13|||||||||||||||||||||
1000002585|20221231|13|20231109|13|20251231|10|20260430|10|||||||||||||||
1000002584|20241231|449|20260106|450|||||||||||||||||||
1000002594|20210514|6|20211231|7|20220512|7|20221231|7|20230510|7|20231231|7|20240510|8|20241231|7|20250509|8|20251231|7|20260506|8|
1000002596|20210325|33|20211231|50|20220329|51|20221231|50|20230320|48|20231231|42|20240327|46|20241231|43|20250324|42|20251231|43|20260326|41|
1000005721|20210624|23|20220604|25|20221231|30|20230531|28|20231231|32|20240630|32|20241231|24|20250623|25|||||||
1000002608|20241231|20|20260114|11|||||||||||||||||||
1000002606|20211130|9|||||||||||||||||||||
1000002607|20241231|676|20250331|658|20251231|695|20260227|698|||||||||||||||
1000002615|20210408|21|||||||||||||||||||||
1000002651|20210131|8|20220404|10|||||||||||||||||||
1000002653|20211231|121|20220503|178|||||||||||||||||||
1000015427|20210331|1319|20211231|1319|20220331|1295|20221231|1330|20230331|1327|20231231|1374|20240331|1364|20241231|1374|20250410|1374|20251231|1345|20260410|1337|
1000020366|20210923|9|||||||||||||||||||||
1000006247|20210517|9|20211231|8|20221231|8|20231231|8|20240510|7|20241231|7|20250509|6|||||||||
1000006248|20210526|72|||||||||||||||||||||
1000001186|20210228|40|20211231|39|20220228|38|20221231|37|20230328|37|20231231|37|20240327|36|||||||||
1000018231|20251231|299|20260401|287|||||||||||||||||||
1000012075|20211231|217|20220322|222|20220330|217|20221231|224|20231231|221|20240327|223|20241231|223|20250317|218|20251231|225|20260228|216|||
1000018234|20210228|264|20211231|274|20220331|277|||||||||||||||||
1000017374|20211231|15|20220621|14|20230613|15|20231231|15|20240605|16|20241231|16|20250605|16|||||||||
1000009506|20251231|412|20260331|442|||||||||||||||||||
1000009539|20251231|457|20260228|435|||||||||||||||||||
1000018343|20210331|292|20211231|298|20220331|300|20221231|302|20230331|305|20231231|302|20240331|305|20241231|373|20250410|383|20251231|398|20260401|400|
1000009543|20220414|85|20221231|85|20230421|82|20241231|51|20250805|34|||||||||||||
1000007420|20251231|49|20260331|50|||||||||||||||||||
1000000484|20241231|141|20250630|144|||||||||||||||||||
1000002674|20231231|2|20241217|2|20241231|2|20251204|2|||||||||||||||
1000007447|20210331|120|20211231|120|20220331|297|20231231|193|20240331|201|20240819|200|||||||||||
1000016989|20211231|130|20220427|145|20221231|155|20230509|158|20231231|158|20240508|156|20241231|147|20250513|155|||||||
1000014451|20251231|95|20260409|93|||||||||||||||||||
1000002683|20210228|18|20220325|21|20220531|21|||||||||||||||||
1000002681|20231231|15|20240715|15|||||||||||||||||||
1000002686|20210527|16|||||||||||||||||||||
1000002706|20211231|33|||||||||||||||||||||
1000009119|20210228|268|||||||||||||||||||||
1000002715|20241231|13|20250429|14|20251231|13|20260430|13|||||||||||||||
1000002713|20251231|3|20260420|2|||||||||||||||||||
1000002718|20210408|14|20220411|16|20221231|17|20230411|17|20231231|15|20240419|13|20241231|14|20250424|15|20251231|14|20260428|15|||
1000002719|20210607|10|20211231|9|20220531|9|||||||||||||||||
1000012706|20210615|17|20211231|9|||||||||||||||||||
1000002739|20211231|16|20220425|30|20221231|21|20230413|21|20241231|15|20250411|16|20251231|18|20260414|23|||||||
1000002764|20231231|48|20240726|51|||||||||||||||||||
1000002767|20210524|5|20211231|4|20220428|4|20221231|4|20230508|4|20231231|5|20240521|5|20240821|5|||||||
1000012712|20210601|42|20211231|42|20220601|29|20221231|32|20230531|36|20231231|37|20240613|22|20241231|22|20250609|18|||||
1000023552|20241231|40|20250225|41|||||||||||||||||||
1000014755|20210428|26|20211231|26|20220419|39|20221231|35|20230513|41|20230517|38|20231231|39|20241231|42|20250523|42|||||
1000002770|20210504|9|20211231|9|20220503|9|20221231|9|20230410|9|20231231|9|20240508|9|20241231|9|20250428|9|20251231|9|20260424|9|
1000012716|20210414|5|20211231|10|20220407|5|20221231|10|20230501|15|20230630|10|20240509|10|20240630|10|20250411|10|20250630|10|20251210|10|
1000020388|20210209|10|||||||||||||||||||||
1000003088|20210325|12|20211231|21|20220330|23|20221231|29|20230322|31|20240312|29|20241231|28|20250324|29|20251231|23|20260317|26|||
1000022246|20231231|14|20240325|12|20241231|11|20250401|12|||||||||||||||
1000022760|20210729|17|20211231|19|20220624|12|20220630|12|20221231|19|20230901|15|20231231|14|20241008|8|||||||
1000017305|20210319|20|20211231|20|20220330|21|20221231|18|20230327|18|20231231|19|20240319|19|20241231|17|20250324|19|20251231|18|20260323|18|
1000023047|20210615|42|20211231|38|20220620|34|20221231|16|20230616|15|||||||||||||
1000009133|20210414|43|||||||||||||||||||||
1000022919|20241231|156|20250905|156|||||||||||||||||||
1000020349|20220930|16|20230428|15|||||||||||||||||||
1000001312|20210930|8|20211231|9|20220930|9|20231231|9|20241004|9|||||||||||||
1000010154|20210310|24|||||||||||||||||||||
1000002987|20210402|8|20211231|8|20220401|9|20221231|9|20230401|10|20231231|10|20240403|11|20241231|12|20250403|12|20251231|13|20260407|13|
1000010271|20210323|40|20211231|46|20220330|50|20221231|79|20230228|66|20240325|83|||||||||||
1000005889|20210414|6|20220407|5|||||||||||||||||||
1000010300|20210308|13|20211231|13|20220112|13|20220829|13|||||||||||||||
1000010172|20211231|23|20230109|17|||||||||||||||||||
1000005842|20211231|12|20220215|12|||||||||||||||||||
1000005914|20211231|8|20220429|9|20221231|10|20230424|5|20231231|5|20241231|7|20250331|7|20251231|7|20260331|7|||||
1000005847|20210406|45|20211231|44|20220412|46|20230409|48|20231231|43|20241231|47|20250408|48|20251231|46|20260408|49|||||
1000010134|20210531|20|20211231|20|20221031|18|20221231|17|20231231|19|20241030|20|20241231|19|20251029|19|||||||
1000010359|20231231|30|20260406|32|||||||||||||||||||
1000007383|20231231|12|20240809|12|||||||||||||||||||
1000010396|20211231|10|20220422|10|||||||||||||||||||
1000012759|20241231|13|20250819|15|20251231|10|20260430|10|||||||||||||||
1000015982|20220308|14|20221231|14|20230904|14|20251231|14|20260424|14|||||||||||||
1000017208|20210428|15|||||||||||||||||||||
1000017366|20210615|7|||||||||||||||||||||
1000023528|20210414|24|20211231|24|20221231|26|20231231|27|20240517|27|20241231|27|20250423|27|20251231|27|20260402|27|||||
1000019752|20241231|14|20250627|15|||||||||||||||||||
1000019844|20221231|8|20230531|8|||||||||||||||||||
1000023321|20210323|18|20221231|14|20230323|13|20231231|3|20240304|2|||||||||||||
1000002860|20211026|31|||||||||||||||||||||
1000002983|20241231|70|20250528|58|20250531|58|||||||||||||||||
1000003065|20220331|20|20220610|20|20230331|18|20230601|18|20240331|18|20240601|17|20250331|20|20250529|22|||||||
1000020307|20231231|26|20240426|26|||||||||||||||||||
1000018980|20210205|49|20210614|49|20211231|49|20220622|49|20221231|49|20251231|76|20260429|87|||||||||
1000023111|20210416|15|20221231|16|20230410|17|20231231|18|20240415|20|||||||||||||
1000003011|20210408|28|20211231|28|20220405|28|20221231|31|20230403|26|20231231|26|20240416|32|20241231|35|20250415|36|20251231|32|20260415|32|
1000006869|20220401|9|20221231|9|20230420|10|20231231|9|20240418|8|20240819|8|20241231|8|20250415|8|20251231|11|20260331|12|||
1000011096|20210513|15|20211231|14|20220516|17|20221231|17|20230510|15|||||||||||||
1000017211|20251231|78|20260320|85|||||||||||||||||||
1000006308|20211231|74|20221231|98|20230111|93|20230703|100|20231231|96|20240513|96|20241231|77|20250903|76|||||||
1000023561|20241231|26|20250408|27|20251231|27|20260402|27|||||||||||||||
1000017477|20221231|8|20230630|8|||||||||||||||||||
1000007624|20251231|34|20260421|36|||||||||||||||||||
1000016125|20210526|5|20211231|5|20220524|5|20221231|5|20230531|5|20231231|5|20240517|6|20241231|6|20250528|6|||||
1000013909|20241231|8|20250620|10|||||||||||||||||||
1000016160|20231231|13|20240617|15|||||||||||||||||||
1000007642|20241231|12|20250611|12|||||||||||||||||||
1000010573|20210908|23|20211231|23|20220620|22|20221231|21|20230601|20|20231231|21|20240610|23|20241231|21|20250528|23|||||
1000022972|20221231|5|20240514|5|||||||||||||||||||
1000003249|20210503|9|20211231|9|20220425|8|20221231|8|20230425|12|20231231|11|20240426|11|20241025|12|20241231|10|20250527|11|||
1000021904|20221231|9|20230414|9|||||||||||||||||||
1000006326|20210426|26|20220420|26|20221231|24|20230419|25|20231231|25|20240419|24|20241231|22|20250515|20|20260413|20|||||
1000012774|20211010|14|20211231|18|20220330|18|||||||||||||||||
1000000877|20211231|33|20221006|32|20231231|33|20240731|30|20241231|33|20250122|14|20250722|14|20251231|14|20260403|14|||||
1000022718|20210407|15|20211231|14|20220405|14|20221231|14|20230403|15|20231231|15|20240401|16|20250324|15|20251231|15|20260330|15|||
1000022923|20231231|29|20240814|21|20241231|29|20250721|29|||||||||||||||
1000022393|20210615|11|20211231|12|20220617|11|20221231|12|20230614|13|20231231|12|20240620|11|20250624|12|||||||
1000003062|20221231|10|20230606|10|20231231|10|20240528|10|20241231|11|20250516|11|||||||||||
1000003220|20221231|50|20230804|50|||||||||||||||||||
1000003087|20210105|35|20210616|35|20211231|34|20220602|34|||||||||||||||
1000003002|20210427|12|20211231|12|20220425|12|20230508|12|20231231|14|20240502|14|||||||||||
1000015939|20210331|117|20211231|113|20221231|102|20231103|103|20231231|102|20240725|99|20241023|99|20241231|96|20251031|76|||||
1000024108|20231231|34|20260406|34|||||||||||||||||||
1000013328|20210517|12|20211231|11|20220524|12|20221231|9|20230425|10|20231231|7|20240516|7|20241231|7|20250513|8|||||
1000021743|20210531|7|20211231|7|20221120|9|20221231|7|20240126|9|||||||||||||
1000014719|20211231|5|20220203|5|20221231|5|20240118|5|||||||||||||||
1000009682|20210430|31|20211231|33|20220430|31|20221231|31|20230430|34|||||||||||||
1000006351|20241231|65|20250409|72|20251231|65|20260420|72|||||||||||||||
1000003244|20211231|209|20220412|163|20221231|210|20230430|220|20231231|220|20240513|213|20241231|230|20250430|232|20250901|321|20251231|334|20260331|335|
1000024477|20210401|6|20220421|6|20221231|5|20231027|6|20231231|5|20240529|3|20250701|5|||||||||
1000014126|20210611|101|20211231|98|20221231|87|20231231|79|20240417|76|20250319|82|20251231|82|20260408|82|||||||
1000023981|20210421|39|20220502|35|20230504|44|20231231|44|20240522|44|20241231|47|20250528|46|||||||||
1000011717|20210316|48|20210726|51|||||||||||||||||||
1000023603|20210331|690|20211231|718|20220331|712|20221231|757|20251231|806|20260408|795|||||||||||
1000017540|20251231|361|20260413|361|||||||||||||||||||
1000021949|20210423|15|20211231|17|20220423|17|20241231|16|20250819|16|||||||||||||
1000003020|20231231|79|20250116|93|||||||||||||||||||
1000003456|20211231|364|20220430|364|||||||||||||||||||
1000008199|20210331|27|20211231|26|20220331|25|20221231|26|20230301|26|20231231|26|20240401|27|20241231|27|20250218|26|20250327|29|20251231|28|
1000020410|20210506|622|20221231|573|20230504|573|20231231|573|20240418|573|20241231|573|20250523|573|20251231|573|20260424|573|||||
1000021596|20210614|5|20211231|5|20220613|5|20221231|4|20230614|4|20231231|4|20240612|2|20241231|2|20250612|1|||||
1000019349|20251231|101|20260331|98|||||||||||||||||||
1000012262|20211231|20|20221231|21|20230125|21|20230627|21|20231231|16|20240603|15|||||||||||
1000003098|20211231|12|20220331|11|20221231|8|20230331|8|20231231|8|20240331|10|20241231|8|20250416|12|20260417|10|||||
1000017410|20210623|401|||||||||||||||||||||
1000010358|20241231|41|20250722|41|||||||||||||||||||
1000008197|20221231|52|20231211|54|20241231|54|20250408|58|||||||||||||||
1000019066|20211231|121|20221231|121|20230410|106|20231231|99|20240401|99|20241231|83|20250403|85|20251231|85|20260401|83|||||
1000003077|20211231|24|20220719|11|20221231|24|20231023|12|20231231|24|20240624|12|||||||||||
1000007359|20211231|16|20220523|16|||||||||||||||||||
1000013591|20210527|12|20220429|12|20221231|10|20230425|8|||||||||||||||
1000007385|20251231|20|20260417|20|||||||||||||||||||
1000021863|20211231|12|20221130|10|20221231|12|20240311|10|20241231|10|20250401|10|20251231|11|20260403|10|||||||
1000003309|20210531|35|20241231|32|20250331|33|||||||||||||||||
1000016778|20241231|10|20250605|10|||||||||||||||||||
1000003162|20210331|45|20211231|52|20220331|52|20221231|51|20230331|51|20231231|50|20240417|51|20241231|54|20250408|56|20251231|54|20260415|56|
1000024126|20241231|7|20260112|7|||||||||||||||||||
1000003054|20210422|22|20241231|19|20250428|19|20251231|19|20260430|19|||||||||||||
1000015851|20210413|7|20210425|5|20220412|5|20221231|5|20230406|5|20231231|5|20240118|5|20240404|5|20241231|4|20250402|5|20251231|4|
1000003184|20220404|7|20241231|6|20250319|6|||||||||||||||||
1000003183|20211231|102|20220412|105|20221231|115|20230403|118|20231231|129|20240411|127|20241231|130|20250328|128|20251231|128|20260327|123|||
1000007656|20221231|26|20230331|26|20231231|23|20240331|23|20241231|22|20250331|17|20251231|16|20260331|16|||||||
1000017447|20251231|35|20260413|35|||||||||||||||||||
1000006421|20210331|9|||||||||||||||||||||
1000015507|20241231|8|20250203|8|20250623|10|||||||||||||||||
1000012789|20241231|35|20250512|44|20251231|45|20260402|42|||||||||||||||
1000006306|20210331|92|20220331|75|||||||||||||||||||
1000015469|20210622|248|20211231|275|20220623|290|20221231|282|20230822|293|||||||||||||
1000019767|20210405|24|20211231|24|20220401|23|20231231|24|20240411|23|20241231|18|20250403|20|20251231|18|20260330|19|||||
1000029679|20241231|3|20251106|4|||||||||||||||||||
1000017548|20241231|22|20250723|22|||||||||||||||||||
1000012747|20231231|93|20240216|111|20240614|110|||||||||||||||||
1000008024|20210331|24|20211231|24|20220330|24|20230328|24|20241231|24|20250319|22|20251231|24|20260313|18|||||||
1000003273|20210317|5|||||||||||||||||||||
1000009991|20210330|12|20221231|14|20230301|13|20231231|14|20240228|16|20251231|12|20260423|11|||||||||
1000028009|20210331|429|20231231|442|20240716|447|||||||||||||||||
1000003036|20211231|139|20221231|176|20230322|185|20230430|176|20241231|151|20250409|152|20251231|150|20260429|151|||||||
1000003377|20211231|30|20220731|37|||||||||||||||||||
1000005671|20211231|165|20220331|212|||||||||||||||||||
1000019348|20210331|9|20211231|8|20220408|8|20221231|8|||||||||||||||
1000002812|20251231|414|20260106|414|||||||||||||||||||
1000007662|20241231|86|20250425|99|20251231|106|20260317|115|||||||||||||||
1000003037|20210317|62|20211231|60|20220331|62|20221231|50|20230331|50|||||||||||||
1000003392|20210406|28|||||||||||||||||||||
1000003059|20221231|49|20230331|52|||||||||||||||||||
1000019082|20211231|2|20220512|2|||||||||||||||||||
1000010711|20210713|764|||||||||||||||||||||
1000012734|20211231|6|20220331|6|||||||||||||||||||
1000002950|20210401|254|20211231|283|20220401|299|20220430|299|20230301|329|20230331|330|20240401|329|20241231|314|20250409|314|20251231|314|20260402|317|
1000012131|20210514|17|20241231|34|20250507|34|||||||||||||||||
1000019341|20210315|10|20211231|11|20220315|9|20221231|11|20230322|9|20230619|11|20231231|11|20240530|11|20241231|11|20250530|11|||
1000003175|20210430|45|20211231|44|20220424|41|20221231|41|20230519|39|20231231|41|20240521|39|20241231|34|20250520|31|||||
1000016580|20210902|6|20220624|5|20231231|6|20240328|6|20241231|0|20250523|10|||||||||||
1000010263|20220225|10|20220627|8|20221231|10|20230615|18|20231231|9|20240530|9|20241231|9|20250602|9|||||||
1000019770|20211231|55|20220413|55|20221231|54|20231222|51|20231231|50|20240710|53|20241231|48|20260210|49|||||||
1000003061|20210331|188|20240408|289|||||||||||||||||||
1000023862|20211231|28|20220511|26|20241231|41|20250430|40|||||||||||||||
1000017478|20220415|5|20221231|5|20230315|5|20231231|2|20240531|2|20250702|2|||||||||||
1000018543|20210530|42|20211231|24|20220530|42|||||||||||||||||
1000019084|20210304|213|20211231|223|20221231|243|20231231|240|20240314|249|||||||||||||
1000010443|20210531|36|20211231|29|20220531|39|20221231|34|20230531|34|20231231|35|20240530|34|20241231|34|20250515|36|||||
1000022190|20210330|33|20211231|30|20220331|25|20221231|20|20230331|17|20231231|17|20240403|17|||||||||
1000019085|20211231|40|20221231|41|20230612|41|20231231|43|20240611|43|20241231|42|20250430|42|20251231|42|20260430|58|||||
1000021251|20221231|199|20230502|199|||||||||||||||||||
1000014311|20210311|49|||||||||||||||||||||
1000020477|20211231|10|20220610|12|20221231|12|20230612|12|20231231|12|20240605|11|20241231|12|20250527|13|||||||
1000019047|20241231|17|20250515|17|20251231|17|20260427|13|||||||||||||||
1000018564|20210507|37|||||||||||||||||||||
1000014774|20210228|25|20211231|25|20220503|28|20221231|28|20230424|28|20231231|24|20240425|25|20241231|27|20250331|23|20251231|27|20260416|24|
1000012728|20210616|11|20211231|9|20220613|9|20221231|9|20231231|11|||||||||||||
1000002998|20210219|26|20211231|27|20221012|26|20221231|26|20230809|28|||||||||||||
1000003406|20210331|89|||||||||||||||||||||
1000016128|20210630|12|20211220|19|20220630|15|20221223|17|20230630|15|20231204|15|20240630|12|20241204|14|20250630|12|20251202|12|||
1000014111|20211209|10|20241231|12|20250414|12|||||||||||||||||
1000002908|20210419|41|20211231|40|20220407|42|20221231|57|20230517|54|20231231|49|20240416|47|20241231|37|20250404|34|||||
1000002930|20210521|25|20221231|69|20230623|82|20231231|81|20240807|71|20241231|75|20250618|76|||||||||
1000002877|20221231|29|20230420|35|20231231|49|20240501|53|||||||||||||||
1000023565|20211231|35|20220414|35|||||||||||||||||||
1000020402|20211231|103|20220731|73|20221231|69|20240305|70|||||||||||||||
1000001304|20210408|35|||||||||||||||||||||
1000008514|20241231|49|20250829|49|||||||||||||||||||
1000000331|20221231|1695|20230831|1512|||||||||||||||||||
1000019825|20241231|170|20250502|168|20251231|145|20260508|143|||||||||||||||
1000014656|20210422|3|20211231|4|20220422|4|20221231|4|20230425|4|20231231|4|20240416|4|20241231|4|20250411|4|20251231|3|20260414|3|
1000000038|20210131|386|20210430|379|||||||||||||||||||
1000000146|20211231|380|20221231|360|20230327|360|20231231|360|20240325|360|20240905|357|20251231|374|20260323|375|||||||
1000000911|20211231|18|20221231|19|20231130|19|20231231|15|20241031|19|20241231|15|20251126|15|||||||||
1000000033|20211231|29|20221231|23|20230430|26|20231231|27|20240510|37|20241231|35|20250421|35|20251231|35|20260410|35|||||
1000001664|20241231|43|20250617|29|||||||||||||||||||
1000006140|20210427|118|20220405|116|20221231|119|20230329|121|20231231|121|20240321|120|20241231|129|20250410|133|20251231|128|20260414|126|||
1000006838|20210521|14|20231231|14|20240531|14|||||||||||||||||
1000007174|20211231|76|20221231|71|20240331|68|20241216|67|20250331|66|20251127|58|||||||||||
1000007530|20210525|26|||||||||||||||||||||
1000007594|20211231|12|20220818|12|||||||||||||||||||
1000007643|20210408|12|20211231|13|20220406|12|20221231|14|20230406|12|||||||||||||
1000008779|20210305|5|20211231|5|20220321|5|20221231|5|20230209|5|20231226|4|20231231|3|20241220|2|||||||
1000009379|20220531|252|20230531|252|||||||||||||||||||
1000010070|20211231|29|20220629|29|||||||||||||||||||
1000010870|20241231|7|20250502|7|20251231|7|20260508|7|||||||||||||||
1000012584|20210630|12|20211231|13|20220627|15|20230703|15|||||||||||||||
1000013544|20231231|39|20240516|39|||||||||||||||||||
1000013550|20251231|19|20260428|17|||||||||||||||||||
1000014106|20210806|17|||||||||||||||||||||
1000015694|20210625|31|20211231|35|20220718|33|||||||||||||||||
1000017180|20231201|17|||||||||||||||||||||
1000018500|20241231|56|20250403|62|||||||||||||||||||
1000018537|20210429|20|20211231|17|20220421|20|20221231|27|20230420|30|20231231|32|20240409|31|20240809|37|20241231|38|20250331|35|20250814|35|
1000018977|20210614|5|20221231|6|20230620|8|20231231|6|20240621|9|||||||||||||
1000020180|20210517|7|20211231|9|20220511|9|20221231|8|20230401|7|20231231|8|20240430|7|20241231|10|20250513|9|||||
1000021262|20210331|104|20211231|109|20220421|117|20221231|118|20230419|106|||||||||||||
1000021342|20221231|22|20230331|24|20231231|21|20240331|22|||||||||||||||
1000021840|20210602|19|20211231|20|20220523|17|20220525|19|20221231|20|20231231|20|20240531|19|20241231|18|20250531|18|||||
1000000119|20210428|236|20211231|272|20220430|290|||||||||||||||||
1000007416|20210331|100|20211231|97|20220331|96|20221231|113|20230331|113|20231231|84|20240331|88|||||||||
1000023051|20231231|309|20240524|76|||||||||||||||||||
1000023369|20211104|7|20220630|7|20221107|7|20230630|7|20231030|7|20240630|6|20240930|6|20250630|6|20250930|6|||||
1000016948|20210531|92|20211231|61|20220430|52|||||||||||||||||
1000001000|20251231|118|20260428|126|||||||||||||||||||
1000007485|20220504|8|20241128|8|20241231|8|20250529|6|||||||||||||||
1000007986|20210720|28|20220819|22|||||||||||||||||||
1000008762|20210430|22|20211231|22|20220603|22|||||||||||||||||
1000008167|20210701|64|20211231|64|20220621|60|20230621|69|20231231|64|20240611|69|20241231|65|20250609|65|||||||
1000006298|20211231|70|20220729|65|||||||||||||||||||
1000018609|20210408|12|20211214|11|20250630|11|20251219|11|||||||||||||||
1000005996|20211231|224|20221231|203|20230516|210|20231231|217|20240522|220|20241231|217|20250515|178|||||||||
1000000261|20211231|203|20221020|228|||||||||||||||||||
1000000467|20211231|124|20221231|128|20231231|130|20241231|144|20250416|144|20251231|147|20260416|147|||||||||
1000023418|20211231|15|20220126|15|20230208|15|20231231|15|20241211|15|20241231|14|20251201|14|||||||||
1000010355|20210623|79|20211231|90|20220608|81|20221231|110|20230621|110|||||||||||||
1000020166|20210410|176|20211231|227|20220413|225|20221231|294|20230414|280|||||||||||||
1000012078|20210506|34|20211231|36|20220502|30|20221231|36|20230425|30|20231231|36|20240425|30|20241231|36|20250409|36|20251231|36|20260421|36|
1000020164|20210228|26|20211231|30|20220331|33|20221231|34|20230331|30|20231231|29|20240331|30|20241231|32|20250331|30|20251231|30|20260331|30|
1000018495|20251231|144|20260507|181|||||||||||||||||||
1000000424|20210531|253|20211231|260|20220531|291|20221231|277|20230612|266|20231231|317|20240529|319|20241231|292|||||||
1000011572|20241231|11|20250709|11|||||||||||||||||||
1000012126|20220428|16|20221231|22|20230419|16|20230705|19|20231231|18|20240419|26|20241231|38|20250407|31|||||||
1000015799|20210517|14|||||||||||||||||||||
1000010096|20221231|8|20230517|8|||||||||||||||||||
1000022066|20211231|19|20220331|19|||||||||||||||||||
1000005685|20210528|15|20211231|15|20220527|15|20220528|15|20221231|15|20241231|15|20250624|15|||||||||
1000018385|20221231|26|20230413|28|20230417|28|||||||||||||||||
1000017200|20210723|20|||||||||||||||||||||
1000012508|20211026|75|||||||||||||||||||||
1000012513|20210415|22|||||||||||||||||||||
1000012076|20210331|28|20211231|24|20220331|19|20221231|20|20231231|18|20240331|18|20241231|16|20250331|14|20251231|14|20260331|14|||
1000010141|20241231|41|20250320|41|||||||||||||||||||
1000007600|20211231|85|||||||||||||||||||||
1000024132|20211231|71|20220610|71|||||||||||||||||||
1000014593|20210615|49|20211231|51|20220610|49|20221231|47|20230531|51|20240613|42|20241231|39|20250613|40|||||||
1000019705|20210630|40|20220630|41|20250630|29|20260209|29|||||||||||||||
1000002445|20210430|436|20211231|487|20220430|482|20221231|496|20230430|519|20231231|551|20240430|596|20241231|614|20250430|647|20251231|653|20260430|680|
1000001021|20211231|20|20221231|18|20230414|15|20241231|18|20250630|18|||||||||||||
1000001449|20211231|102|20220427|91|20231231|102|20240621|91|||||||||||||||
1000022715|20211231|41|20220405|42|20221231|36|20230408|36|20231231|33|20240408|28|20241231|23|20250409|24|20251231|21|20260407|21|||
1000010182|20210506|27|20211231|22|20220428|27|20220818|32|20230531|29|20231231|22|20240813|19|20241231|22|20251016|19|||||
1000007913|20221231|11|20230421|11|||||||||||||||||||
1000006818|20211231|299|20220720|299|||||||||||||||||||
1000006270|20210512|26|20211231|27|20220602|27|||||||||||||||||
1000006116|20231231|346|20240520|340|20251231|364|20260114|363|||||||||||||||
1000024124|20211231|54|20220613|51|20221231|58|20230604|49|20230612|56|20231231|50|20241231|52|20250522|52|||||||
1000006287|20210430|48|20211231|46|20220414|45|20221231|42|20230509|44|||||||||||||
1000010674|20210323|7|20221231|6|20230814|6|20231231|6|20240816|6|20241231|5|20250502|5|||||||||
1000007408|20210430|69|20221231|48|20230531|45|20231231|39|20240430|31|||||||||||||
1000003069|20211231|20|20220401|20|20231231|20|20240403|17|20240927|17|20251231|19|20260402|21|||||||||
1000005584|20210630|804|20220430|960|||||||||||||||||||
1000010933|20210707|15|||||||||||||||||||||
1000011317|20210330|3|20211231|6|20220330|8|20221231|6|20230404|6|20231231|6|20240326|7|20241231|6|20250409|9|20251231|10|20260409|10|
1000011666|20210413|6|20211231|4|20220506|4|20221231|4|20230502|4|20231231|4|20240430|4|20241231|4|20250502|3|20251231|3|20260429|2|
1000012183|20251231|122|20260409|120|||||||||||||||||||
1000013191|20210526|10|20221231|10|20230522|11|20241231|10|20250520|11|||||||||||||
1000013560|20231231|9|20240619|10|20241231|9|20250604|9|||||||||||||||
1000011623|20211231|25|20220331|25|20251231|23|20260420|22|||||||||||||||
1000022725|20220114|6|||||||||||||||||||||
1000020308|20211231|14|20221231|15|20231231|13|20240109|13|20240625|12|20241231|12|20250516|12|||||||||
1000022231|20210611|8|20211231|8|20220603|8|20221231|8|20230522|8|20230523|9|20231231|8|20241231|8|20250610|8|||||
1000029891|20231231|23|20240618|23|20241231|28|20250526|33|||||||||||||||
1000016252|20220323|10|20221231|10|20230404|10|||||||||||||||||
1000015452|20210630|17|20220228|17|||||||||||||||||||
1000016019|20211231|14|20221231|14|20231231|14|20241202|14|20241231|14|20251126|14|||||||||||
1000016345|20210531|13|20230321|14|||||||||||||||||||
1000018541|20210514|12|||||||||||||||||||||
1000023550|20211231|9|20220705|9|20231231|10|||||||||||||||||
1000015442|20251231|71|20260420|72|||||||||||||||||||
1000027825|20210630|32|20210701|30|20211231|32|20221231|32|20230619|32|20231231|26|20240531|26|20241231|26|20250531|27|||||
1000019517|20211231|21|20220315|21|||||||||||||||||||
1000019819|20241231|5|20250516|5|||||||||||||||||||
1000023419|20210224|7|20220318|7|20230317|7|||||||||||||||||
1000001794|20210531|28|20211231|28|20220503|28|20230511|31|20231231|32|20240425|29|20241231|31|20250512|26|20251231|22|20260422|22|||
1000028062|20211231|25|20221021|30|20221231|30|20230619|31|20231231|36|20240422|48|20250331|32|||||||||
1000009389|20241231|9|20250723|9|||||||||||||||||||
1000001240|20211231|28|20220520|29|20221231|29|20230512|32|||||||||||||||
1000018425|20211231|72|20220531|73|20221231|73|20231231|73|20241231|70|20250409|70|20251231|70|20260407|67|||||||
1000014883|20211231|45|20221231|23|20230327|22|20231231|23|20240614|22|20241231|19|20250418|15|||||||||
1000026507|20210419|143|20211231|176|20220415|176|20220430|164|20230413|176|20230418|176|20240402|157|20241231|140|20250402|173|||||
1000016456|20210430|204|20211231|203|20220420|202|20221231|208|20230420|215|20231231|222|20240331|220|20241231|233|20250430|16211|20251231|240|20260330|237|
1000018786|20231231|10|20240603|11|20241231|10|20250523|11|||||||||||||||
1000000102|20210331|64|20211231|62|20220331|66|20221231|62|20230331|64|20231231|63|20240331|64|20241231|65|20250331|66|20251231|66|20260417|66|
1000014401|20231231|79|20240628|79|20251231|70|20260203|70|||||||||||||||
1000000228|20210524|140|20211231|183|20220519|180|20221231|205|20230516|203|20231231|202|20240514|262|20241231|270|20250512|291|20251231|299|20260511|305|
1000014425|20231231|58|20240701|58|||||||||||||||||||
1000000535|20221231|98|20230430|101|20241231|102|20250531|91|||||||||||||||
1000000683|20211231|206|20220609|192|20221231|206|20230615|192|20231231|206|20240614|192|20241231|206|20250703|192|||||||
1000000566|20231231|267|20240513|267|20241231|267|20250514|285|||||||||||||||
1000000359|20210430|570|20211231|531|20220430|597|20221231|642|20230430|646|20231231|715|20240430|740|20241231|783|20250430|820|20251231|863|20260430|881|
1000018442|20241231|13|20250429|14|||||||||||||||||||
1000001249|20210512|49|20210513|51|20211231|50|20221231|47|20230515|50|20231231|50|20240408|51|20241231|44|20250407|33|20251231|31|20260408|28|
1000001459|20251231|4|20260421|4|||||||||||||||||||
1000000117|20210601|40|||||||||||||||||||||
1000001242|20210501|284|20211201|331|20220401|317|20221231|310|20230331|337|||||||||||||
1000001457|20221231|183|20231103|231|20231231|234|20241130|240|20241231|243|20250228|245|20251231|245|20260228|249|||||||
1000020449|20210518|6|20211231|6|20220527|6|20221231|6|20230527|6|||||||||||||
1000001377|20211231|212|20220111|210|||||||||||||||||||
1000001474|20231231|2524|20241028|2524|||||||||||||||||||
1000021325|20210706|11|20211231|11|20220725|9|||||||||||||||||
1000001335|20251231|7|20260311|7|||||||||||||||||||
1000014094|20251231|224|20260413|218|||||||||||||||||||
1000013518|20221231|52|20230731|49|20231231|51|20240705|53|20241231|51|20251231|51|20260508|45|||||||||
1000000017|20210331|2019|20211231|2311|20220330|2299|||||||||||||||||
1000000852|20241231|21|20250410|21|||||||||||||||||||
1000000706|20241231|37|20250415|0|20251231|40|20260331|40|||||||||||||||
1000000823|20210429|141|20211231|112|20220413|112|20221231|196|20241231|107|20250512|111|20251231|114|20260326|111|||||||
1000000932|20220428|94|20221231|87|20230430|87|20231231|89|20240530|82|20241231|70|20250430|65|||||||||
1000000757|20241231|27|20250514|28|20251211|27|20251231|27|20260508|27|||||||||||||
1000013799|20211231|141|20221231|127|20230512|130|20231231|134|20240521|134|20241231|142|20250513|149|20251231|150|20260427|145|||||
1000008410|20210623|62|||||||||||||||||||||
1000000627|20210630|128|20211231|128|20221231|125|20230626|122|||||||||||||||
1000008727|20210427|19|||||||||||||||||||||
1000008731|20210630|71|20211231|74|20220630|70|||||||||||||||||
1000007060|20211231|175|20220405|176|20221231|179|20230403|194|20251231|257|20260303|261|||||||||||
1000007071|20210331|464|20211231|354|20220405|326|20230331|300|20240331|319|20241231|325|20250331|313|20251231|313|20260409|308|||||
1000005698|20241231|31|20250414|30|||||||||||||||||||
1000010030|20210415|66|20211231|68|20220415|67|20221231|65|20230420|60|20231231|55|20240416|54|20241231|55|20250324|55|20251231|55|20260324|55|
1000009975|20210430|45|20211231|45|20220331|45|20221231|61|20230331|59|20231231|63|20240331|63|20241231|63|20250331|73|20251231|67|20260403|68|
1000012187|20210401|34|20211231|25|20220405|23|20221231|26|20230404|27|20231231|29|20240327|27|20241231|26|20250407|28|20251231|27|20260413|32|
1000003017|20210517|4|20211231|4|20220503|4|20221231|4|20230424|4|||||||||||||
1000003154|20241231|4|20250711|4|||||||||||||||||||
1000018617|20210702|17|20211231|17|20220616|17|20221231|16|20230626|16|20231231|14|20240618|14|20241231|13|20250620|13|||||
1000011357|20210608|17|20211231|19|20220531|19|20221231|19|20230607|19|||||||||||||
1000015697|20210610|24|20211231|24|20220531|24|20221231|28|20230531|26|20231231|25|20240531|29|20241231|29|20250531|34|||||
1000020401|20210405|56|20211231|56|20220401|56|||||||||||||||||
1000010679|20210430|13|20211231|14|20220430|15|20231231|15|20240415|14|20241231|9|20250404|7|20251231|11|20260330|11|||||
1000015843|20210604|36|20211231|36|20220524|41|20221231|31|20230519|40|20231231|38|20240522|39|||||||||
1000011245|20211231|9|20220701|10|20221231|10|20230531|9|20231231|10|20240611|14|20241231|10|20250619|15|||||||
1000009163|20251231|10|20260410|9|||||||||||||||||||
1000016690|20231231|14|20240502|16|20241231|14|20250509|14|||||||||||||||
1000011969|20241231|24|20250610|24|||||||||||||||||||
1000012768|20211231|24|20221231|24|20230504|22|||||||||||||||||
1000024135|20210323|19|20211231|11|20220331|10|20230525|8|20241231|12|20250425|12|20251231|12|20260423|11|||||||
1000008210|20210408|9|||||||||||||||||||||
1000008185|20231231|6|20240920|6|||||||||||||||||||
1000008200|20211231|16|20221231|18|20231231|15|||||||||||||||||
1000017490|20231230|2|20240418|2|||||||||||||||||||
1000010406|20210628|55|||||||||||||||||||||
1000003117|20220329|17|||||||||||||||||||||
1000014299|20210625|24|20220620|13|20221231|14|20230703|13|||||||||||||||
1000023083|20231231|12|20240617|14|||||||||||||||||||
1000011678|20211231|18|20221231|18|20230508|16|20240503|16|20241231|16|20250507|16|20251231|16|20260506|16|||||||
1000016049|20211231|25|20220420|25|20221231|21|20230510|23|||||||||||||||
1000007377|20211231|11|20220704|11|20221231|10|20230629|10|20231231|10|20240628|10|20241231|11|20250625|8|||||||
1000016325|20211231|14|20220525|14|||||||||||||||||||
1000006318|20210630|54|||||||||||||||||||||
1000006330|20210611|34|20220522|38|20221231|37|20231231|37|20240527|41|20241231|37|20250416|37|||||||||
1000012373|20220221|28|||||||||||||||||||||
1000017539|20211231|17|20221130|19|20221231|17|20230623|19|20231231|17|20240531|11|20241231|17|20250531|19|||||||
1000023610|20231231|18|20240620|22|20240906|18|||||||||||||||||
1000000497|20251231|116|20260331|119|||||||||||||||||||
1000017601|20211231|40|20220803|56|||||||||||||||||||
1000005941|20210623|5|20220602|6|20221231|7|20230613|7|20231231|7|20240612|5|20241231|5|20250612|6|||||||
1000011287|20210513|11|20211231|10|20220513|10|20221231|10|20230512|10|20231231|9|20240509|9|20241231|11|20250513|13|||||
1000011979|20210414|47|20211231|46|20221231|46|20230517|45|||||||||||||||
1000005617|20211231|68|20221123|61|20231122|61|20231231|61|20241210|62|||||||||||||
1000005895|20210429|22|20211231|22|20220430|25|||||||||||||||||
1000001975|20220307|8|20220615|8|20221231|8|20230619|4|||||||||||||||
1000003242|20210119|11|||||||||||||||||||||
1000000843|20210331|48|20211231|58|20220331|59|20221231|60|20230228|58|20231231|66|20240229|69|20251231|98|20260228|96|||||
1000003422|20210422|13|||||||||||||||||||||
1000000935|20211231|16|20220421|11|20221231|12|20230419|12|20251231|11|20260427|11|||||||||||
1000022930|20210504|74|20211231|78|20220420|76|20230425|69|||||||||||||||
1000003515|20240331|46|20240627|46|||||||||||||||||||
1000003527|20241231|2|20250527|2|||||||||||||||||||
1000003189|20211231|83|20221231|174|20230207|174|20231027|194|20231231|201|20240913|295|||||||||||
1000007666|20210407|10|20211231|10|20220414|10|20221231|10|20230331|10|20231231|11|20240403|11|20241231|11|20250324|11|||||
1000003351|20210325|47|20211231|26|20220321|27|20221231|62|20230329|77|20231231|72|20240330|70|20241231|23|20250331|42|||||
1000003431|20231231|41|20240610|42|20241231|38|20250328|30|20251231|31|20260318|34|||||||||||
1000010192|20210416|11|20211231|12|20220509|11|20221231|12|20230519|11|20231231|13|20240718|12|20241231|14|20250531|14|||||
1000017406|20210430|478|20211231|525|20220430|512|20221231|556|20230430|590|20231231|683|20240510|757|20241231|762|20250228|779|20250430|777|20251231|870|
1000009654|20241231|7|20250630|7|||||||||||||||||||
1000031532|20210426|18|20211231|18|20220331|18|20220622|20|20221231|12|20230331|12|20231231|12|20240331|10|20241231|11|20250429|13|||
1000003481|20241231|51|20250619|55|||||||||||||||||||
1000019355|20251231|26|20260420|28|||||||||||||||||||
1000012381|20231231|68|20240718|73|20241231|72|20250720|79|||||||||||||||
1000020431|20210423|62|20211231|68|20220331|67|20231231|58|20240417|61|20241231|68|||||||||||
1000000594|20210331|58|20211231|60|20220329|60|20221231|62|20230330|64|20231231|68|20240328|72|20241231|69|20250401|69|20250404|87|20260404|96|
1000019115|20241231|4|20250611|4|||||||||||||||||||
1000000810|20210413|50|20241231|49|20250502|49|20251231|49|20260427|49|||||||||||||
1000000860|20231231|120|20240813|125|||||||||||||||||||
1000000917|20221231|26|20230620|27|||||||||||||||||||
1000002923|20210622|10|20220627|10|20221231|11|20230622|12|20231231|14|20240611|14|20241231|14|20250530|13|||||||
1000016889|20211231|283|20221231|277|20230419|270|20231231|263|20240417|264|20251231|247|20260423|244|||||||||
1000000184|20211231|113|||||||||||||||||||||
1000000654|20211231|2247|20221216|2212|20221231|2247|20230925|2392|20231231|1762|20240531|1727|20241231|1873|||||||||
1000013497|20210609|9|20221231|4|20231012|7|20231231|5|20240530|5|20241231|5|20250624|7|||||||||
1000002995|20210609|33|20211231|33|20220518|38|20230608|38|20231231|36|20250602|38|||||||||||
1000011593|20241231|22|20250917|20|||||||||||||||||||
1000016979|20211231|31|20230118|32|||||||||||||||||||
1000007357|20210809|47|20211231|55|20241231|47|20250507|46|||||||||||||||
1000016166|20211231|198|20221231|193|20231231|154|20241231|156|20250402|159|20251231|150|20260318|142|||||||||
1000001435|20251231|38|20260424|38|||||||||||||||||||
1000007392|20210422|7|20220511|7|20231230|7|20231231|7|20241231|7|20250418|7|20251231|7|20260421|7|||||||
1000010187|20240415|8|20241231|9|||||||||||||||||||
1000006110|20210514|71|||||||||||||||||||||
1000006043|20210331|144|20211231|144|20220331|119|20221231|115|20230331|114|||||||||||||
1000017034|20211231|41|20220603|40|20221231|41|20230531|61|20231231|66|20240531|63|20241231|60|20250531|57|||||||
1000001223|20211231|224|20221130|313|||||||||||||||||||
1000000756|20241231|64|20250407|67|20251231|73|20260407|73|||||||||||||||
1000012321|20211231|90|20220430|88|20221231|97|20230531|96|20231231|93|20240422|96|20251231|96|20260414|93|||||||
1000016155|20211231|381|20220330|368|20221231|362|20230331|360|20231231|380|20240327|381|20241231|348|20250331|343|20251231|354|20260414|340|||
1000014454|20210323|91|20211231|88|20220329|87|20221231|88|20230403|86|20231231|80|20240401|78|20241231|81|20250401|76|20251231|81|20260409|80|
1000014465|20210331|177|20211231|178|20220331|178|20231231|147|20240331|180|20250709|147|||||||||||
1000017012|20210331|84|20211231|82|20220331|81|20221231|85|20230331|88|20231231|83|20240331|97|20241231|92|20250331|97|20251231|82|20260327|87|
1000018330|20211231|82|20230322|86|||||||||||||||||||
1000006858|20211231|7|20220407|7|20221231|8|20230405|8|20231231|9|20240404|9|20241231|9|20250402|9|20251231|13|20260331|14|||
1000018232|20210331|242|20211231|235|20220331|222|20221231|230|20230331|233|20231231|244|20240415|245|20241231|252|20250418|253|20251231|241|20260413|240|
1000006281|20210409|15|||||||||||||||||||||
1000007081|20211231|286|20220214|289|20221231|327|20230331|280|20231231|326|20240331|323|20241231|335|20250425|328|20251231|341|20260331|334|||
1000010368|20211231|50|20221031|50|||||||||||||||||||
1000020171|20210405|30|20211231|30|20220303|32|20221231|30|20240318|35|20241231|36|20250407|38|20251231|38|20260331|38|||||
1000007074|20210331|202|20211231|202|20221231|214|20230412|219|20231231|239|20240331|243|20241231|235|20250331|236|20251231|246|20260415|246|||
1000000863|20210228|117|||||||||||||||||||||
1000010031|20211231|224|20220408|207|20231231|186|20240404|176|20241231|177|20250331|168|20251231|157|20260331|157|||||||
1000005825|20210507|77|20211231|83|20220422|83|20221231|82|20230424|82|20230619|79|20231231|79|||||||||
1000000392|20210401|80|20211231|93|20220411|84|20221231|51|20230519|45|20231231|47|20240620|47|20241231|34|20250617|35|||||
1000018415|20210930|276|20211231|271|20220331|250|||||||||||||||||
1000007202|20220214|9|||||||||||||||||||||
1000020185|20211231|123|20220531|111|20221231|115|20230531|90|20231231|59|20240430|57|20241231|43|20250430|38|||||||
1000000609|20210421|232|20211231|230|20220401|212|20221231|221|20230331|221|20231231|243|20240415|243|20240826|243|20241231|255|20250508|231|20251231|255|
1000021571|20210331|318|||||||||||||||||||||
1000011057|20211231|355|20220331|344|20221231|357|20230331|353|20231231|349|20240610|231|20241231|294|20250531|306|||||||
1000010157|20221231|32|20230531|34|20231231|53|20240708|54|20241231|57|20250417|26|||||||||||
1000002952|20211231|10|20221128|11|||||||||||||||||||
1000023045|20210430|15|20210504|16|20211231|16|20221231|15|20230430|15|20231231|15|20240430|16|20241231|14|20250417|11|20251231|6|20260417|6|
1000022234|20211029|77|20211231|118|20220415|109|20231231|135|20240415|137|20241231|157|20250403|155|20251231|150|20260407|161|||||
1000001358|20231231|25|20241202|36|||||||||||||||||||
1000016733|20210324|70|||||||||||||||||||||
1000000913|20231231|185|20240531|185|20241231|185|20250703|185|20251231|185|20260409|185|||||||||||
1000017147|20251231|36|20260416|36|||||||||||||||||||
1000000973|20241231|58|20250326|56|20250627|53|20251231|60|20260330|56|||||||||||||
1000001390|20241231|3043|20250331|3047|20251231|2981|20260331|2875|||||||||||||||
1000002751|20211231|19|20221231|19|20230515|21|20231231|20|20240514|20|20241231|19|20250430|21|||||||||
1000001281|20210331|42|20211231|45|20220331|53|20221231|62|20230301|56|20231231|50|20240401|44|20240819|42|20241231|54|20250331|50|20251231|60|
1000014093|20210331|301|20211231|334|20220331|330|20231231|331|20240331|316|20241231|198|20250403|195|20251231|179|20260331|158|||||
1000023057|20210304|44|20211231|45|20220223|45|20220622|45|20221031|45|20230317|44|20240315|51|20241231|49|20250317|43|20251031|47|||
1000015440|20241231|88|20250403|90|20251231|97|20260407|98|||||||||||||||
1000011386|20211231|19|20220804|19|||||||||||||||||||
1000000226|20231231|163|20240715|160|||||||||||||||||||
1000009089|20211231|480|20220831|495|||||||||||||||||||
1000018199|20241231|11|20251016|11|||||||||||||||||||
1000013304|20241231|106|20250507|111|20251231|99|20260331|104|||||||||||||||
1000018605|20210602|145|20211231|140|20220408|140|20221231|189|20230331|189|||||||||||||
1000011709|20211231|14|20220616|14|20231231|14|20240731|14|||||||||||||||
1000012191|20211231|35|20220509|34|20221231|34|20230508|32|20231231|33|20240503|31|20241231|27|20250425|26|20251231|28|20260410|32|||
1000012192|20210713|88|20211231|88|20220515|90|20221231|89|20230510|90|20231231|90|20240523|96|20241231|95|20250521|103|20250630|99|||
1000012324|20241231|35|20250415|40|||||||||||||||||||
1000011726|20241231|9|20250617|9|||||||||||||||||||
1000013519|20210831|2268|20211231|2335|20220630|2360|20221231|3113|20230531|2978|20231231|2317|20240725|2310|||||||||
1000001493|20231231|11|20240626|11|||||||||||||||||||
1000001287|20240331|247|||||||||||||||||||||
1000012267|20210507|22|20211231|27|20221006|27|20221231|27|20230612|29|20240628|29|20241231|24|20250529|32|||||||
1000006176|20241231|47|20250408|53|20251231|53|20260405|51|||||||||||||||
1000013323|20211231|7|20220126|7|||||||||||||||||||
1000000450|20210330|253|20211231|253|20220330|289|20221231|313|20231231|372|20240601|392|20241231|420|20250626|417|||||||
1000015426|20210331|1015|20211231|1006|20220331|1027|20221231|1006|20230609|1042|20231231|1049|20240718|1049|||||||||
1000000124|20210531|1360|20211231|1289|20220420|1391|20221231|1438|20230414|1496|20241231|1664|20250417|1709|20251231|1765|20260414|1839|||||
1000000735|20210531|168|||||||||||||||||||||
1000000798|20221231|72|20230430|83|||||||||||||||||||
1000000465|20210622|39|20211231|38|20220616|43|20221231|46|20230913|50|||||||||||||
1000018515|20241231|77|20250411|80|20251231|82|20260331|87|||||||||||||||
1000001460|20220412|133|||||||||||||||||||||
1000014119|20210623|16|20211231|17|20220322|16|20221231|17|20230321|16|20231231|17|20240318|16|||||||||
1000016956|20230331|503|20231231|500|20240808|474|20250403|465|20260331|448|||||||||||||
1000000177|20241231|1863|20250630|2007|||||||||||||||||||
1000012158|20210731|254|20211231|257|20220630|270|20220831|225|20221231|270|20231231|309|20240312|314|20241231|242|20250317|242|20251231|202|||
1000011603|20210511|83|20211231|106|20220513|108|20221231|111|20230515|111|20231231|108|20240508|105|20241231|90|20250513|94|||||
1000015739|20211231|50|20220420|52|20221231|52|20230417|50|20230424|50|20231231|37|20241231|38|20250429|40|||||||
1000022906|20231231|65|20240424|65|20251231|67|20260331|63|||||||||||||||
1000014527|20211231|53|20220331|50|20221231|52|20230525|55|20231231|55|20240524|59|||||||||||
1000014531|20210629|33|20211231|30|20220331|32|20221231|29|20230525|31|20231231|31|20240524|30|||||||||
1000018923|20210617|250|20211231|250|20220610|250|20221231|274|20230608|274|20231107|274|20231231|274|20240614|274|20250610|175|||||
1000018229|20210331|138|20211231|138|20220331|129|20231231|124|20240315|121|20241231|112|20250307|103|20251231|106|20260327|106|||||
1000001472|20211231|327|20220408|337|20231231|366|20240331|369|20241231|369|20250331|409|20251231|413|20260403|412|||||||
1000032127|20211231|10|20221231|8|20231231|10|20240521|9|20241231|10|20250519|10|||||||||||
1000022775|20210531|9|20211231|9|20220531|9|20221231|9|20230605|9|20231231|9|20240605|9|20241231|9|20250605|9|||||
1000007489|20210407|69|20211231|65|20220402|65|20221231|56|20230413|56|20231231|57|20240405|56|20241231|59|20250409|59|20251231|59|20260408|60|
1000021389|20221231|7|20240222|5|||||||||||||||||||
1000021594|20210407|3|20220615|3|20221231|3|20230619|3|20231231|3|20240607|3|||||||||||
1000001220|20210625|6|20211231|7|20220415|6|20241231|6|20250513|6|20251231|6|20260417|6|||||||||
1000020256|20210412|8|20211231|8|20220404|7|20230329|10|20231231|9|20240412|9|20241231|8|20250417|8|20251231|8|20260417|8|||
1000020390|20211231|14|20220331|13|20221231|13|20230331|13|20231231|13|20240331|13|||||||||||
1000021048|20210624|10|20211231|9|20220621|9|20221231|8|20230620|8|20231231|8|20240625|8|||||||||
1000006077|20210507|151|20211231|156|20220428|148|20221231|155|20230430|159|20231231|160|20240430|165|20241231|172|20250330|170|20251231|162|20260330|162|
1000001271|20210331|94|20211231|88|20220430|88|20221231|87|20230430|90|20231231|89|20240430|95|20241231|98|20250520|97|||||
1000001261|20211231|15|20220411|17|20230413|20|20231231|20|20240412|22|20241231|22|20250403|41|20251231|45|20260331|47|||||
1000001272|20221231|20|20230515|19|||||||||||||||||||
1000008738|20210518|33|20211231|30|20220504|30|20221231|30|20230509|33|20231231|27|20240329|26|20241022|29|20241231|27|20250325|26|20251231|21|
1000016362|20210531|16|||||||||||||||||||||
1000006084|20221231|83|20230405|84|||||||||||||||||||
1000016056|20210331|38|||||||||||||||||||||
1000015508|20210331|26|20211231|20|20220504|16|20221231|19|20230331|21|20231231|22|20240331|19|20241231|19|20250331|20|20251231|22|20260331|23|
1000015844|20211230|15|20220330|16|20221231|16|20230404|17|20231231|17|20240329|17|20241231|17|20250328|16|||||||
1000001296|20211231|137|20221130|116|20241231|137|20250425|116|||||||||||||||
1000017445|20231231|63|20240423|63|||||||||||||||||||
1000018285|20211231|59|20220620|58|||||||||||||||||||
1000012655|20221231|85|||||||||||||||||||||
1000020230|20211231|17|20220421|17|20221231|22|20230405|23|20231231|22|20240423|24|20241231|23|20250410|23|20251231|25|20260406|26|||
1000023491|20210325|10|20211231|9|20220407|10|20221231|9|20230412|7|20231231|5|20240404|5|20241231|5|20250327|5|||||
1000007453|20210419|470|20211231|479|20220413|929|20221231|484|20231231|487|20241231|494|20250407|494|20251231|507|20260409|515|||||
1000017339|20221231|15|20231114|18|||||||||||||||||||
1000018360|20251231|357|20260403|361|||||||||||||||||||
1000014943|20211231|185|20220415|193|20221231|232|20231231|230|20241231|170|20250507|170|20251231|183|20260417|187|||||||
1000021480|20241231|59|20250611|59|||||||||||||||||||
1000000366|20211231|3140|20220630|3035|20230331|3030|||||||||||||||||
1000018645|20210511|18|20211231|13|20220504|14|20221231|11|20230418|13|20231231|10|20240429|9|20241231|10|20250508|11|20251231|11|20260512|12|
1000020188|20251231|96|20260409|93|||||||||||||||||||
1000017142|20231231|50|20240510|55|||||||||||||||||||
1000005828|20210331|104|20211231|110|20220421|112|20221231|114|20230425|112|||||||||||||
1000012530|20210430|86|20211231|118|20220331|122|20221209|106|20221231|97|20230531|72|20231231|83|20240531|81|20241231|89|20250531|92|||
1000023120|20210630|26|20211019|26|20220630|26|20240630|24|20241114|24|||||||||||||
1000018206|20231231|75|20240314|74|20241231|73|20250320|71|20251231|72|20260320|74|||||||||||
1000010831|20210429|43|20211231|59|20220318|45|20221231|53|20230331|53|||||||||||||
1000001244|20231231|86|20240704|88|||||||||||||||||||
1000006821|20210521|491|20221231|489|20230514|527|20241231|487|20250610|487|||||||||||||
1000018351|20210408|33|20211231|18|20220427|18|20221231|18|20230417|18|20231231|18|20240424|17|20241231|18|20250415|18|20251231|19|20260420|17|
1000021026|20210324|2|20211231|2|20220329|2|20221231|3|20230403|3|20231231|3|20240326|3|20241231|3|20251231|3|20260330|3|||
1000014012|20210416|317|20211231|321|20220331|266|20221231|302|||||||||||||||
1000031191|20221231|8|20230629|8|20231231|8|20240625|9|20241231|9|20250704|10|||||||||||
1000013555|20211231|10|20220609|10|20221231|10|20230810|10|||||||||||||||
1000001537|20211231|48|20220731|49|20221231|48|20230331|48|20231231|54|20240516|50|||||||||||
1000018271|20251231|78|20260330|79|||||||||||||||||||
1000015204|20211231|89|20220630|94|||||||||||||||||||
1000024560|20211231|17|20220520|22|20221231|24|20230331|26|20231231|20|20240424|18|20241231|16|20250409|15|20260120|24|||||
1000010081|20210228|30|20220131|30|20221231|27|20230331|27|20231231|26|20240326|25|20241231|27|20250402|26|20251231|23|20260331|20|||
1000001224|20210312|27|20220329|27|20221231|27|20230330|27|20240326|27|20241231|26|20250325|26|20251231|29|20260327|29|||||
1000014507|20210331|72|20251231|202|20260408|201|||||||||||||||||
1000008442|20210513|507|20211231|469|20220422|470|20221231|519|20230331|516|20231231|489|20240331|505|20241231|490|20250331|503|20251231|284|20260331|298|
1000006814|20210630|54|20251231|56|20260331|58|||||||||||||||||
1000021941|20210531|10|20221231|10|20230620|10|20231231|10|20240620|10|20241231|10|||||||||||
1000009559|20211031|55|20211231|57|20220614|65|||||||||||||||||
1000014076|20211231|29|20220421|26|20221231|22|20230407|27|20241231|30|20250401|29|20251231|31|20260407|31|||||||
1000001339|20210513|41|||||||||||||||||||||
1000001345|20211231|10|20220422|12|20220503|12|20221231|13|20231231|13|20240625|13|20241025|15|20241231|15|20250428|14|||||
1000000708|20210411|14|20211231|14|20220419|14|20221231|14|20230412|15|||||||||||||
1000018593|20241231|155|20250902|158|||||||||||||||||||
1000000458|20221231|81|20231231|79|20240215|85|20241231|89|20250212|87|20260219|90|||||||||||
1000010851|20241231|199|20250721|178|||||||||||||||||||
1000021427|20210228|22|||||||||||||||||||||
1000018557|20210623|23|20211231|12|20220616|11|20221231|11|20230613|19|20231231|13|20240601|19|20241231|14|20250601|14|||||
1000016203|20221231|3|20230509|4|20230511|3|20241231|2|20250514|2|20251231|2|20260415|2|||||||||
1000014766|20241231|56|20250331|56|||||||||||||||||||
1000002828|20211231|103|20220430|100|20221231|84|20230331|81|20231231|89|20240331|90|20241231|74|20250328|81|20251231|82|20260406|85|||
1000001354|20211231|183|20220426|182|20221231|183|20230426|187|20231231|189|20240426|184|20241231|187|20250428|197|20251231|184|20260415|194|||
1000002735|20210419|13|||||||||||||||||||||
1000002644|20210903|2|20211231|2|20221114|2|||||||||||||||||
1000002840|20221231|7|20230504|7|||||||||||||||||||
1000023847|20210430|78|20211231|78|20220418|78|20231231|83|20240813|82|20241231|79|20250430|83|||||||||
1000013193|20251231|22|20260409|24|||||||||||||||||||
1000002749|20210125|19|||||||||||||||||||||
1000012632|20210406|12|20211231|12|20220420|13|20221231|12|20230418|13|20231231|12|20240416|13|20241231|12|20250408|13|20260406|12|||
1000012738|20241231|32|20250414|32|20251231|31|20260408|34|||||||||||||||
1000017426|20210413|13|20211231|13|20221231|39|20231231|21|20240319|22|20241231|21|20250318|23|20251231|21|20260324|21|||||
1000002949|20211231|15|20220405|15|20241231|15|20250401|14|20251231|13|20260317|13|||||||||||
1000015502|20210412|24|20211231|22|20220408|20|20221231|20|20230410|20|20231231|19|20240411|19|20241231|17|20250404|20|20251231|20|20260414|23|
1000010989|20210406|36|20211231|35|20220407|31|20221231|27|20231231|27|20240826|27|20241231|41|20250331|47|20251231|57|20260403|62|||
1000003326|20211231|29|20220325|31|20221231|31|20230315|31|20241231|21|20250529|18|||||||||||
1000022260|20251231|30|20260422|29|||||||||||||||||||
1000008996|20210430|81|20211231|74|20220430|62|20221231|35|20230430|41|20231231|38|20240430|34|||||||||
1000022135|20211231|38|20220418|41|20221231|37|20230324|40|20231231|49|20240624|41|20241231|60|20250618|64|||||||
1000003361|20210407|18|20211231|17|20220404|16|20221231|16|20230405|16|20231231|15|20240408|14|20241231|14|20250418|14|20251121|14|20251231|14|
1000003147|20211231|45|20220520|49|20221231|49|20230531|78|20231231|79|20240229|78|20240429|81|20241231|85|20250421|85|20251231|90|20260421|89|
1000019872|20211231|16|20230131|17|||||||||||||||||||
1000003193|20231231|36|20240311|36|20251231|41|20260227|41|||||||||||||||
1000003025|20210512|17|20211231|15|20220511|19|20221231|18|20231231|13|20240412|14|20241231|13|20250331|13|||||||
1000003442|20211231|516|20220525|338|20221231|395|20230525|320|20231231|313|20240426|333|20241231|423|20250331|433|20251231|400|20260331|414|||
1000002890|20221231|20|20230430|19|||||||||||||||||||
1000003463|20211231|18|20221228|22|||||||||||||||||||
1000002821|20210331|79|20211231|80|20220331|82|20221231|68|20230331|63|20231231|63|20241231|69|20250430|69|||||||
1000007637|20210405|131|20211231|120|20220502|139|20231231|175|20240509|179|20241231|201|20250331|207|||||||||
1000003264|20211231|195|20220630|204|20241231|185|20251219|185|||||||||||||||
1000006313|20210331|36|20210420|31|20220517|36|||||||||||||||||
1000012790|20241231|4|20250407|4|20251231|4|20260330|4|||||||||||||||
1000009175|20211231|36|||||||||||||||||||||
1000018653|20231231|63|20240502|64|||||||||||||||||||
1000011731|20210331|103|20211231|94|20220331|90|||||||||||||||||
1000006354|20251231|39|20260331|39|||||||||||||||||||
1000003436|20241231|990|||||||||||||||||||||
1000003081|20210401|149|20211231|163|20220502|161|20221231|152|20230417|152|||||||||||||
1000003307|20210331|94|20211231|98|20220331|91|20221231|77|20230331|83|20231231|72|20240331|79|20241231|73|20250131|77|20250331|72|||
1000002911|20211231|591|20220427|578|20230331|568|20231231|713|20240422|701|20241231|747|20250408|773|20250425|773|20251231|676|20260407|714|||
1000003176|20220520|57|20221231|53|20230417|55|20231231|52|20240521|50|20241231|52|20250407|50|20250925|38|20251231|38|20260414|37|||
1000003119|20211231|137|20221231|138|20230412|121|||||||||||||||||
1000019018|20241231|65|20250418|65|20251231|84|||||||||||||||||
1000020465|20210615|31|20211231|33|20220603|33|20221231|35|20230607|35|20231231|35|20240619|37|20241231|35|20250730|33|||||
1000019365|20220415|128|20230413|174|20231231|73|20240424|126|20240829|70|20241231|70|20250526|71|20250925|79|||||||
1000003215|20210225|19|||||||||||||||||||||
1000009681|20210531|21|20211231|21|20221220|11|||||||||||||||||
1000009989|20211231|150|20220614|160|20221231|164|20230613|166|20231231|157|20240614|154|20241231|157|20250610|168|||||||
1000003174|20210625|18|||||||||||||||||||||
1000011683|20210617|7|||||||||||||||||||||
1000022278|20210518|46|20211231|43|20220411|39|20221231|36|20230420|35|20231231|31|20240418|31|20241231|29|20250415|29|20251231|29|20260413|31|
1000016207|20210331|214|20211231|229|20220331|228|20221231|225|20230327|227|20231231|235|20240411|241|20241231|258|20250409|254|20251231|254|20260410|249|
1000003633|20211122|39|20211231|39|20220430|42|20221231|48|20230531|48|20231231|48|20240531|48|||||||||
1000019888|20210225|27|20211231|26|20221231|26|20241231|23|20250520|13|20251231|13|20260507|3|||||||||
1000019069|20210525|11|20211231|30|20220517|30|20220531|30|20231231|18|20240520|17|||||||||||
1000019880|20220222|48|20221231|48|20230519|48|20231231|36|20240411|38|20241231|38|20250423|36|||||||||
1000003584|20210405|40|20211231|42|20220413|42|20221231|42|20230331|56|20241231|60|20250409|59|20251231|59|20260331|58|||||
1000007221|20211231|126|20221231|150|20231231|166|20241231|158|20250418|159|20251231|148|20260421|117|||||||||
1000019074|20241231|85|20250515|85|||||||||||||||||||
1000003391|20210228|1085|||||||||||||||||||||
1000011110|20221231|16|20231231|16|||||||||||||||||||
1000020501|20241231|43|20251231|43|20260428|45|||||||||||||||||
1000003352|20231231|58|||||||||||||||||||||
1000003420|20211231|51|20220331|50|20221231|59|20230331|55|20231231|50|20240331|56|20241231|59|20250331|57|20251231|60|20260331|57|||
1000023843|20210331|25|20211231|27|20220401|27|20221231|30|20230417|30|20231231|36|20240417|36|20241231|38|20250411|40|20251231|38|20260409|42|
1000014787|20221231|44|20230823|44|20241231|44|20250422|44|||||||||||||||
1000003010|20211231|234|20220131|245|20221214|195|20221231|214|20230630|196|20231231|181|20240630|188|20241121|150|||||||
1000003641|20210412|100|20211231|98|20220328|101|20220329|101|20221231|103|20231231|107|20240331|106|20241231|98|20250331|102|20251231|92|20260331|9|
1000024110|20211231|21|20220620|21|20221231|19|20230531|16|||||||||||||||
1000021740|20221231|11|20240325|12|||||||||||||||||||
1000003511|20210331|156|20211231|143|20220331|156|20221231|148|20230228|161|20231231|151|20240327|152|20241231|141|20250331|150|20251231|141|20260331|149|
1000001569|20241231|13|20250522|16|||||||||||||||||||
1000024147|20210430|46|20211231|52|20220430|54|20221231|47|20230430|50|||||||||||||
1000009386|20211020|10|20221231|9|20231011|17|20231231|17|20240419|18|||||||||||||
1000023631|20221027|36|||||||||||||||||||||
1000016400|20210201|68|20221231|70|20230209|72|20231031|84|20240215|82|20241031|83|20251117|79|||||||||
1000017679|20251231|10|20260414|10|||||||||||||||||||
1000003465|20241231|59|20250623|64|||||||||||||||||||
1000023581|20211231|53|20220630|49|20221231|53|20231120|51|||||||||||||||
1000016214|20211231|33|20220228|29|20231231|23|20240630|24|||||||||||||||
1000011733|20210510|27|20211231|27|20220510|28|||||||||||||||||
1000012393|20210506|698|||||||||||||||||||||
1000008551|20220412|2090|20230424|2183|20240401|2158|20250410|2158|||||||||||||||
1000008550|20210426|1152|20211231|1388|20220331|1387|20221231|1358|20230407|1365|20231231|1340|20250401|1386|20260320|1347|||||||
1000003920|20211231|21|20230217|21|||||||||||||||||||
1000016224|20210222|194|20211231|194|20220221|196|20220303|200|20221231|200|20230620|195|||||||||||
1000014143|20221231|7|20240216|7|||||||||||||||||||
1000003347|20210331|3845|20231231|4959|20240531|4964|20241231|4320|20250930|5096|||||||||||||
1000003085|20251231|12|20260316|12|||||||||||||||||||
1000014829|20210330|41|||||||||||||||||||||
1000009673|20231231|50|20240424|50|20241231|58|20250508|57|||||||||||||||
1000003236|20210331|145|20231231|162|20240425|162|20241231|163|20250325|170|20251231|182|20260414|183|||||||||
1000020508|20211231|26|20221220|26|||||||||||||||||||
1000009662|20211231|75|20220426|76|||||||||||||||||||
1000015520|20210402|44|20211231|44|20220328|52|20221231|45|20231231|45|20240328|47|20250328|55|20251231|21|20260330|55|||||
1000011810|20251231|40|20260427|37|||||||||||||||||||
1000017450|20210623|30|20211231|28|20221231|28|20230316|27|20231026|28|20231231|26|20240613|24|20241231|29|20250619|28|||||
1000003332|20211231|16|20220525|14|20221231|14|20231231|12|20240626|12|20241231|12|20250531|11|||||||||
1000003070|20210104|14|20221231|16|20230331|18|||||||||||||||||
1000019850|20210304|41|20221231|41|20230726|38|20231231|37|20240711|38|20241231|36|20250616|35|||||||||
1000010166|20220410|8|20221231|9|20230406|8|||||||||||||||||
1000003008|20210112|10|20211231|10|20220826|10|||||||||||||||||
1000009417|20210531|43|20211231|43|20220518|43|20221231|44|20230524|43|20231231|46|20240712|47|20241231|45|20250422|45|||||
1000003333|20210429|16|20211231|15|20220502|15|20221231|16|20230427|16|20231231|16|20240509|16|20241231|16|20250502|17|20251231|16|20260506|16|
1000010267|20251231|61|20260504|68|||||||||||||||||||
1000023984|20210526|16|||||||||||||||||||||
1000014832|20210426|14|20211231|14|20220405|14|20221231|14|20231231|14|20240327|14|20241231|16|20250327|16|20251231|16|20260326|16|||
1000002999|20241231|87|20250428|87|||||||||||||||||||
1000002977|20241231|8|20250717|7|||||||||||||||||||
1000003479|20210423|7|||||||||||||||||||||
1000016063|20231231|52|20240531|53|20241231|50|20250331|50|20251231|49|20260422|49|||||||||||
1000015937|20210422|230|20251231|211|20260424|223|||||||||||||||||
1000003165|20210407|22|20211231|21|20220415|21|||||||||||||||||
1000015905|20210202|8|20211231|10|20221231|6|20230103|6|20231215|10|20231231|5|20241125|5|20241231|5|20251208|4|||||
1000013622|20210331|96|20211231|80|20220331|80|20221231|87|20230331|86|20231231|84|20241231|83|20250430|81|||||||
1000002947|20211221|9|20211231|9|20221216|9|20221231|9|20231218|9|||||||||||||
1000014591|20211230|23|20220524|23|20221231|23|20230531|23|20231231|22|20240603|22|20250619|18|||||||||
1000003707|20210511|1488|20211231|1492|20220525|1561|20221231|1536|20230430|1732|20231231|1746|20240430|1762|20241231|1867|20250430|1846|||||
1000008038|20211231|252|20220531|253|20230323|257|20230609|257|||||||||||||||
1000019110|20210611|23|20221231|23|20230510|21|20231231|21|20240516|23|20241231|23|20250510|21|||||||||
1000008537|20211231|8|20220518|17|||||||||||||||||||
1000003055|20211231|7|20220214|7|20221231|17|20230330|17|20231231|17|20240429|17|20241231|30|20250528|30|20251231|30|20260210|29|20260430|29|
1000005947|20210204|36|20211231|49|20220331|49|20231231|55|20240701|53|20241231|56|20250417|50|20251231|54|20260408|52|||||
1000024111|20241231|19|20250228|18|20251231|21|20260324|20|||||||||||||||
1000020350|20210331|126|20211231|125|20220425|131|20221231|125|20230427|131|20231231|133|20240422|133|20241231|173|20250422|175|20251231|194|20260413|206|
1000003185|20211231|6|20230313|5|||||||||||||||||||
1000014888|20231231|23|20240415|20|20241231|19|20250411|18|20260408|19|||||||||||||
1000023856|20211231|35|20221220|13|||||||||||||||||||
1000003738|20211231|288|20220228|288|20221231|320|20230607|339|20231231|366|20240531|400|20241231|398|20250531|399|||||||
1000012830|20221231|82|20230522|85|20241231|82|20250516|85|||||||||||||||
1000003388|20211231|56|20220430|60|||||||||||||||||||
1000003441|20251231|6|20260115|6|||||||||||||||||||
1000003590|20210405|9|||||||||||||||||||||
1000021597|20210422|23|20211231|23|20220422|27|20221231|25|20230425|27|20231231|27|20240527|22|20241231|22|20250512|21|||||
1000022578|20221231|14|20230428|14|||||||||||||||||||
1000019596|20211231|12|20221231|12|20231231|12|20240502|12|20241231|12|20250411|14|20251231|11|20260429|12|||||||
1000003086|20211231|25|||||||||||||||||||||
1000018529|20231231|22|20240524|22|20241231|13|20250520|13|||||||||||||||
1000005667|20210427|17|20211231|18|20220511|19|20221231|19|20230511|14|20231231|19|20240514|12|||||||||
1000008179|20210531|56|20211231|58|20220617|49|20221231|44|20230617|47|20231231|47|20240623|46|20241231|46|20250620|47|||||
1000016758|20221231|21|20230616|23|20231231|22|20240614|23|20241231|23|20250613|29|||||||||||
1000018942|20211231|20|20220616|27|20231231|17|20240509|18|20241231|16|20250512|17|20251231|21|20260406|20|||||||
1000019557|20211231|8|20220430|8|||||||||||||||||||
1000003082|20211231|17|20220101|18|20231231|25|20240213|25|20240725|30|||||||||||||
1000003092|20210514|10|20211231|10|20220413|10|||||||||||||||||
1000003370|20231231|7|20241210|8|||||||||||||||||||
1000006305|20251231|17|20260209|17|||||||||||||||||||
1000009423|20241231|248|20250331|266|20251231|413|20260410|394|||||||||||||||
1000010954|20210419|8|20211231|10|20220510|10|20220524|11|20221231|11|20231231|9|20240508|11|||||||||
1000010973|20210508|5|20211231|6|20220508|6|20221231|6|20230519|6|||||||||||||
1000011729|20210430|31|20211231|29|20220530|28|20221231|30|20230531|34|20231231|34|20240712|34|||||||||
1000011968|20210621|12|||||||||||||||||||||
1000014032|20211220|7|||||||||||||||||||||
1000014788|20210420|8|20211231|8|20220408|8|20221231|7|20230419|7|20231231|6|20240530|6|20241231|5|20250528|5|||||
1000018649|20251231|41|20260417|45|||||||||||||||||||
1000022267|20210630|29|||||||||||||||||||||
1000022456|20211231|26|20221231|33|20231231|33|20240617|33|20241231|31|20250611|31|||||||||||
1000022546|20210402|89|20211231|81|20220427|77|20221231|87|20230417|80|20231231|82|20240402|81|20240805|88|20241231|61|20250403|61|20251231|104|
1000014813|20241231|66|20250411|65|20251231|68|20260417|69|||||||||||||||
1000016682|20211231|9|20220407|8|20231231|5|20240104|8|||||||||||||||
1000020440|20221231|55|20230525|63|||||||||||||||||||
1000002881|20210527|15|20221231|15|20230509|15|20231231|15|20240429|18|20240930|17|20241231|17|20250527|17|20251231|17|20260430|17|||
1000017529|20210422|37|20241231|29|20250516|29|||||||||||||||||
1000009203|20211231|1115|20221024|1172|20260331|1199|||||||||||||||||
1000015529|20210531|22|20211231|24|20220531|22|||||||||||||||||
1000022266|20210809|23|||||||||||||||||||||
1000003637|20210531|40|20211231|40|20220511|44|20221231|44|20230424|46|20231231|47|20240416|44|20241231|35|20250410|31|20251231|35|20260420|32|
1000003322|20210617|129|20211231|120|20220301|117|20221231|120|20230404|113|20231231|113|20240404|125|20241231|106|20250328|105|20251231|106|20260401|110|
1000012796|20221231|111|20230531|112|20231231|124|20240326|126|20241231|125|20250326|112|||||||||||
1000019838|20211231|19|20220407|19|20221231|22|20230407|22|||||||||||||||
1000024003|20210208|12|20211231|13|20220530|12|20221231|12|20230524|13|20231231|12|20240614|14|20241231|12|20250528|16|20251231|16|20260331|16|
1000014904|20241231|8|20250304|7|||||||||||||||||||
1000003656|20211231|19|20220420|20|20221231|21|20230421|21|20231231|24|20241231|18|20250430|17|20251231|18|20260413|20|||||
1000020479|20210525|9|20210615|11|20211231|9|20221231|9|20231231|11|20240513|11|20241231|17|20250610|17|||||||
1000003544|20211231|17|20220118|14|||||||||||||||||||
1000009674|20221231|33|20230425|39|20231231|40|20240619|34|||||||||||||||
1000008017|20211231|20|20220531|23|20230414|18|20241231|21|20250609|21|||||||||||||
1000014264|20211231|40|20220331|45|||||||||||||||||||
1000007684|20231231|47|20240531|48|||||||||||||||||||
1000020551|20210731|30|||||||||||||||||||||
1000017602|20211231|10|20220404|6|20221231|6|20230329|6|||||||||||||||
1000026092|20210608|13|20211231|12|20220613|12|20221231|11|20230612|9|20231231|9|20240612|6|20241231|5|20250609|7|||||
1000003797|20211231|56|20221231|54|||||||||||||||||||
1000006915|20211231|105|20220430|107|20221231|130|20230411|153|20231231|311|20240514|315|20241231|318|20250402|353|20251231|339|20260417|340|||
1000020413|20210518|95|20211231|96|20220502|98|20221231|98|20230515|101|20231231|105|20240503|104|20241231|105|20250428|107|||||
1000003397|20231231|524|20240507|540|20241231|523|20250513|539|||||||||||||||
1000003205|20210402|44|20211231|34|20220331|40|20221231|32|20230531|37|20231231|41|20240412|36|20241231|34|20250331|35|20251231|36|20260409|37|
1000014263|20210331|143|20211231|123|20220331|115|20221231|146|20230331|155|20231231|122|20240331|126|20241231|139|20250409|144|20251231|165|20260406|160|
1000008032|20251231|54|20260406|53|||||||||||||||||||
1000022498|20251231|20|20260420|20|||||||||||||||||||
1000002830|20210331|47|20211231|50|20220331|48|20221231|50|20230414|49|20231231|52|20240415|50|||||||||
1000012797|20211231|20|20220527|20|20221231|22|20230522|24|20231231|30|20240503|30|20241231|33|||||||||
1000010875|20210614|16|20211231|17|20220531|17|20221231|19|20230531|20|20231231|19|20240611|18|20241231|18|20250605|18|||||
1000024264|20221231|33|20231231|36|20241231|41|||||||||||||||||
1000003018|20210406|39|20211231|37|20220330|41|20221231|46|20230328|45|20231231|47|20240331|45|20241231|43|20250424|47|20251231|45|20260326|45|
1000003252|20210430|39|20211231|44|20220430|43|20221231|43|20230331|42|20231231|44|20240331|44|20251231|34|20260331|34|||||
1000003523|20211231|41|20220418|43|20221231|42|20231231|20|20240416|21|||||||||||||
1000010196|20231231|38|20240627|36|||||||||||||||||||
1000003529|20210427|6|20220415|5|20241231|5|20250820|6|||||||||||||||
1000008008|20211231|9|20230310|10|20231231|10|20240614|11|20241231|11|20250512|11|||||||||||
1000010273|20210415|46|20210518|47|20211231|49|20221231|50|20231231|55|20240802|57|20241231|57|20250531|61|||||||
1000003815|20210622|8|20211231|8|20220617|8|20221231|9|20230622|9|20231231|9|20240620|8|20241231|8|20250620|8|20251231|8|20260415|8|
1000006358|20211231|34|20220316|31|20221231|33|20230331|31|20240329|35|20241231|34|20250401|34|20251231|41|20260319|41|||||
1000023619|20210513|15|20241231|35|20250408|34|||||||||||||||||
1000010274|20221231|17|20230328|16|||||||||||||||||||
1000003560|20220721|11|||||||||||||||||||||
1000012840|20210507|149|20211231|137|20220531|172|20221231|178|20230117|179|20230614|172|20231117|174|20231231|178|20240619|171|20241231|141|20250616|127|
1000024152|20210331|54|20211231|52|20220418|52|20230413|49|20231231|51|20240419|52|20241231|55|20250424|55|20251231|55|20260408|56|||
1000010986|20211231|6|20220628|7|20230626|7|20231231|7|20240701|7|20241231|7|20250616|7|||||||||
1000006891|20210407|6|20241231|2|20250512|2|||||||||||||||||
1000007921|20210129|57|20210131|57|20220131|52|||||||||||||||||
1000023858|20210401|67|20211231|64|20220405|63|20221231|60|20230404|59|20231231|55|20240415|57|20241231|27|20250515|28|20251231|28|20260406|25|
1000020562|20210423|22|20211231|21|20220413|22|20221231|28|20231231|42|20240412|42|20241231|37|20250407|37|20251231|39|20260323|39|||
1000022934|20210510|12|20211231|12|20220501|12|||||||||||||||||
1000016219|20210506|80|||||||||||||||||||||
1000009200|20210331|49|20211231|43|20220331|46|20221231|49|20230331|48|20231231|55|20240331|52|20241218|59|20241231|57|20250319|56|||
1000019865|20241231|68|20250421|71|20251231|73|20260506|73|||||||||||||||
1000010200|20221231|31|20231124|32|||||||||||||||||||
1000003425|20221231|42|20230526|46|20240126|46|20251231|57|20260414|57|||||||||||||
1000023607|20241231|57|20251218|63|||||||||||||||||||
1000015750|20210318|14|20210323|14|20211231|17|20220331|18|20221231|17|20230331|22|20231231|17|20240328|17|20240807|20|20241231|20|20250320|18|
1000018663|20210401|8|20211231|8|20220407|7|20221231|9|20230407|10|20231231|10|20240402|9|20241231|9|20250409|10|20250826|9|20251231|9|
1000003745|20220405|45|||||||||||||||||||||
1000023993|20210409|10|20211231|10|20220411|10|20221231|10|20230411|10|20231231|10|20241231|7|20250422|7|20251231|7|20260424|8|||
1000019147|20210408|11|20220406|15|20221231|16|20230413|15|20231231|16|20240430|16|20241231|16|20250423|15|||||||
1000010428|20211231|10|20221231|10|20231231|11|20240430|10|20241231|10|20250331|9|20251231|10|20260506|10|||||||
1000008817|20210517|16|20211231|14|20220427|14|20221231|14|20230504|13|20231231|12|20240426|12|20241231|10|20250509|10|20251231|10|20260507|10|
1000017563|20210305|17|20210325|17|20210624|13|20211231|14|20220614|14|20221231|15|20230612|18|20231231|17|20241231|20|20250609|19|||
1000007696|20241231|13|20250722|15|||||||||||||||||||
1000019900|20221231|16|20230524|16|20231231|16|20240503|15|20251231|13|20260430|13|||||||||||
1000006414|20221231|43|20231231|43|20241231|43|||||||||||||||||
1000011741|20211231|23|20220331|22|||||||||||||||||||
1000022273|20210611|46|||||||||||||||||||||
1000019912|20210520|19|20211231|17|20220714|16|20221231|17|20230622|16|||||||||||||
1000011923|20241231|4|20250526|4|||||||||||||||||||
1000008065|20241231|19|20250507|18|||||||||||||||||||
1000011738|20210131|48|20211231|46|20220328|46|20221231|49|20230322|50|20231231|61|20240329|48|20241231|48|20250325|50|20250922|45|20251231|42|
1000012825|20210617|4|||||||||||||||||||||
1000024116|20210614|15|20220620|15|||||||||||||||||||
1000018571|20210524|16|20211231|16|20220606|21|20221231|20|20230614|23|20231231|24|20240613|21|20241231|18|20250618|21|||||
1000023625|20210331|9|20221231|11|20230630|12|||||||||||||||||
1000015513|20230119|40|20251231|46|20260403|46|||||||||||||||||
1000017551|20210331|86|20221231|93|20230330|96|20231231|83|20240326|61|20241231|68|20250326|55|||||||||
1000003364|20211231|13|20220425|17|20220509|25|20221231|27|20231231|25|20240905|27|20241231|30|20250411|33|20251231|34|20260406|35|||
1000002842|20241231|17|20250324|17|||||||||||||||||||
1000008552|20221231|24|20231231|25|20240223|27|20240530|29|20241231|26|20250331|26|20251231|26|20260403|26|||||||
1000024150|20211231|3|20220411|3|||||||||||||||||||
1000019746|20210302|17|20211231|18|20220302|16|||||||||||||||||
1000009577|20241231|39|20250528|44|||||||||||||||||||
1000022387|20210401|14|20211231|14|||||||||||||||||||
1000019447|20210304|13|||||||||||||||||||||
1000003826|20210331|325|20211231|331|20221231|329|||||||||||||||||
1000008542|20241231|38|20250422|35|20251231|36|20260430|38|||||||||||||||
1000010716|20210401|17|20211231|18|20220401|17|20221231|20|20230705|20|20240624|20|20241231|20|20250624|20|||||||
1000015377|20241231|326|20250624|338|||||||||||||||||||
1000003935|20210301|289|20220301|299|20221231|336|20240321|354|20250310|334|||||||||||||
1000017618|20210531|29|20211231|29|20220531|32|20221231|33|20230622|36|20231231|38|20240523|39|20241231|40|20250615|38|||||
1000002929|20210331|20|20211231|16|20220412|16|||||||||||||||||
1000008228|20231231|201|20240729|217|20241231|232|20250430|229|||||||||||||||
1000002976|20210625|24|||||||||||||||||||||
1000023863|20221231|81|20231010|91|||||||||||||||||||
1000003050|20210112|14|20251231|14|20260427|14|||||||||||||||||
1000015756|20210610|22|20211231|24|20220531|24|20221231|22|20230531|18|20231231|23|20240531|26|20241231|18|20250531|17|||||
1000024486|20210428|9|20221231|11|20230411|11|20231231|18|20240417|17|20241231|17|20250415|17|||||||||
1000003672|20231231|121|20240311|121|||||||||||||||||||
1000010417|20241231|11|20250724|11|||||||||||||||||||
1000003570|20221231|32|20230512|33|20231231|28|20240524|28|20241231|28|20250520|25|||||||||||
1000019356|20210419|25|20221231|20|20230418|19|20231231|21|20240418|21|20241231|21|20250424|21|20260424|21|||||||
1000003408|20211231|18|20220405|19|20221231|18|20231231|15|20241231|14|20250402|17|||||||||||
1000020488|20221231|30|20230331|31|20231231|30|20240331|31|||||||||||||||
1000012841|20210406|66|||||||||||||||||||||
1000020487|20211231|2|20220412|2|||||||||||||||||||
1000014916|20210513|102|20220411|142|20221231|168|20230425|179|20231231|190|20240520|184|20241231|151|20250610|126|||||||
1000005172|20210514|8|20211231|7|20220428|7|20230420|7|20231231|7|20240617|10|20241231|9|20250619|9|||||||
1000005175|20211231|21|20220801|20|||||||||||||||||||
1000008658|20210430|104|20211231|104|20220524|109|20221231|112|20230531|116|20231231|96|20240430|98|||||||||
1000007963|20211231|21|20230227|19|||||||||||||||||||
1000008661|20221231|11|20230823|15|20241231|16|20250616|16|||||||||||||||
1000021616|20210908|6|20220614|6|20221231|5|20230407|6|20231231|4|20240620|4|20241231|5|20250605|5|||||||
1000005193|20211231|11|20221231|12|||||||||||||||||||
1000015247|20241231|5|20250414|5|||||||||||||||||||
1000010793|20211231|8|20220331|7|20221231|8|20230630|9|20231231|9|20240617|10|20241231|10|20250609|11|||||||
1000009908|20210331|11|20211231|13|20220329|13|20221231|10|20230405|10|||||||||||||
1000022180|20210602|18|20211231|24|20220621|28|20231231|31|20240611|29|20241231|31|20250605|28|||||||||
1000020842|20221231|28|20230605|32|20241231|45|20260119|35|||||||||||||||
1000005196|20211231|10|20231231|11|20240222|10|20240416|8|20241231|7|20250415|7|||||||||||
1000008662|20210726|12|||||||||||||||||||||
1000015404|20221231|18|20230731|16|20231231|13|20240802|13|||||||||||||||
1000024225|20210331|26|20211231|32|20220331|36|20221231|32|20230331|33|20231231|42|20240331|46|20241231|30|20250408|40|20251231|34|20260408|47|
1000005205|20210406|7|20211231|7|20220504|7|||||||||||||||||
1000013738|20210504|7|20221231|8|20230508|8|20241231|8|20250430|12|||||||||||||
1000014064|20210302|7|20211231|7|20220317|8|20221231|9|20230314|9|20231231|12|20240312|13|20241231|12|20250312|14|20251231|12|20260312|14|
1000023787|20210713|15|||||||||||||||||||||
1000007008|20210331|115|20211231|83|20220328|108|||||||||||||||||
1000024689|20211231|31|20220526|35|||||||||||||||||||
1000005213|20210412|5|||||||||||||||||||||
1000005215|20210325|5|20211231|6|20220324|5|20221231|7|20230327|7|20231231|10|20240326|12|20241231|12|20250325|14|20250930|18|20251231|26|
1000005216|20241231|26|20250428|30|||||||||||||||||||
1000022012|20221231|3|20230331|3|||||||||||||||||||
1000007010|20210615|16|20221231|19|20230602|17|20231231|16|20240611|17|20241231|15|20250611|18|||||||||
1000005217|20211231|37|20220728|50|||||||||||||||||||
1000022792|20211008|8|20211231|8|20220609|8|20221231|8|20230531|9|20240611|10|20241231|9|20250611|10|||||||
1000015605|20221231|0|20230829|2|||||||||||||||||||
1000015250|20210331|5|20211231|5|20220331|5|20221231|5|20230331|5|||||||||||||
1000021618|20210407|34|20211231|25|20220418|22|20221231|24|20230414|21|20231231|18|20240415|17|20241231|16|20250411|15|20251231|13|20260414|13|
1000022684|20210530|8|20211231|8|20220608|10|20221231|9|20230608|11|20231231|12|20240624|11|20241231|10|20250530|10|||||
1000021279|20211231|3|20230228|2|||||||||||||||||||
1000005227|20210405|20|20211231|19|20220330|18|20221231|8|||||||||||||||
1000013970|20231231|1|20241021|1|20241231|3|20250630|3|||||||||||||||
1000022181|20210428|16|20211231|20|20220516|21|||||||||||||||||
1000008668|20210325|17|20210930|17|20231231|26|20240613|26|20241231|28|20250512|20|20251231|28|20260427|28|||||||
1000029378|20210729|9|20211231|9|20220801|9|20221231|9|20230707|11|20231231|9|20240614|8|20241231|9|20251222|9|||||
1000015253|20220330|18|||||||||||||||||||||
1000008345|20251231|82|20260331|84|||||||||||||||||||
1000007011|20231231|5|20240502|5|||||||||||||||||||
1000005232|20211231|99|20220930|83|||||||||||||||||||
1000011034|20210531|8|20221231|5|20230530|5|20231231|5|20240527|5|20241231|4|20250526|4|||||||||
1000008131|20231231|39|20240731|39|||||||||||||||||||
1000007012|20210415|4|20210430|7|20221231|12|20240323|13|20241231|12|20250416|17|||||||||||
1000021231|20210427|33|20211231|29|20220422|35|20221231|13|20230425|33|20231231|35|20240414|38|20241231|37|20250415|27|20251231|23|20260410|24|
1000015254|20210406|231|20220329|182|20230328|176|20231231|212|20240229|218|20241231|218|20250404|169|20251231|125|20260403|122|||||
1000003063|20210506|25|20211231|25|20220513|30|||||||||||||||||
1000003293|20210331|22|20211231|27|20220331|28|20221231|28|20230331|30|||||||||||||
1000006267|20210330|4|20220331|4|20221231|5|20230331|6|20231231|5|20240326|6|20241231|3|20250326|3|20251231|5|20260326|5|||
1000010189|20221231|11|20231019|11|||||||||||||||||||
1000010698|20221231|64|20230930|61|||||||||||||||||||
1000008766|20210507|14|20251231|13|20260427|11|||||||||||||||||
1000005628|20210430|16|20211231|16|20220519|17|20221231|17|20230503|20|20231231|17|20240415|20|20241231|19|20250407|19|20251231|19|20260406|20|
1000006082|20210416|10|20211231|13|20220527|13|||||||||||||||||
1000002848|20211231|60|20220317|63|20221231|61|20230321|60|20240315|77|20241231|81|20250320|79|20251231|71|20260320|74|||||
1000002974|20210318|13|20211231|14|20220316|14|20221231|14|20230320|15|20231231|14|20240402|15|20241231|14|20250428|13|20251231|14|20260429|14|
1000012776|20211018|24|20211231|23|20220426|25|||||||||||||||||
1000022389|20211231|10|20221018|11|20230426|11|||||||||||||||||
1000020436|20241231|7|20250409|7|20251231|7|20260401|6|||||||||||||||
1000021637|20251231|6|20260410|5|||||||||||||||||||
1000022213|20221231|12|20230412|1|20231231|12|20240520|12|||||||||||||||
1000015969|20221231|11|20230531|11|20231231|11|20240531|12|20241231|10|20250610|10|||||||||||
1000015677|20211231|10|20220430|9|||||||||||||||||||
1000016340|20231231|188|20240503|188|||||||||||||||||||
1000006721|20211231|17|20221231|21|20230623|23|20231231|24|20240530|27|20240726|28|20241231|21|||||||||
1000007967|20221231|5|20240419|5|20241231|5|20250407|4|20251231|6|20260407|6|||||||||||
1000026111|20211231|19|20220228|18|20221231|18|20230531|19|20231231|18|20240527|19|20241231|17|20250604|14|||||||
1000023501|20221231|21|20231010|21|||||||||||||||||||
1000019479|20210630|23|20220131|20|20220630|23|20221130|18|||||||||||||||
1000024455|20221231|9|20230404|10|20231231|9|20240404|10|20241231|9|20250411|10|20251231|10|20260414|11|||||||
1000014148|20210531|23|20221231|35|20240415|35|20241231|31|20250331|36|||||||||||||
1000017532|20221231|22|20230509|24|||||||||||||||||||
1000006904|20211231|14|20221231|12|20231231|12|20240325|12|20241231|10|20250408|10|20251231|10|20260410|10|||||||
1000009429|20211231|170|20231231|202|20240228|211|20241231|200|20250331|201|20251231|173|20260331|170|||||||||
1000003345|20221231|16|20240227|19|||||||||||||||||||
1000010199|20210331|35|20231231|40|20240531|40|20241231|0|20250620|0|||||||||||||
1000014149|20211231|14|20220624|14|||||||||||||||||||
1000013623|20210225|179|||||||||||||||||||||
1000003625|20211231|55|20220701|50|||||||||||||||||||
1000003506|20210329|8|20220329|8|20230327|10|20231231|8|20240327|10|20241231|12|20250402|12|20251231|12|20260325|12|||||
1000015573|20210416|25|20211231|25|20220405|25|20230418|22|||||||||||||||
1000024649|20211231|18|20220526|18|||||||||||||||||||
1000024496|20211124|15|20211231|17|20221231|15|20231102|19|20231231|10|20241112|20|20241231|10|20251113|14|||||||
1000024380|20210309|14|20211231|16|20220223|16|20221231|16|20231220|16|20231231|16|20241217|16|20241231|13|20251217|10|||||
1000024374|20220526|27|20221231|27|20231006|27|||||||||||||||||
1000024373|20241231|44|20250923|39|||||||||||||||||||
1000024371|20210517|6|20211231|9|20220511|10|20221231|8|20230426|8|||||||||||||
1000024188|20211231|16|20220531|21|20221231|13|20230511|17|20230620|17|20240508|16|||||||||||
1000024176|20210310|10|||||||||||||||||||||
1000024001|20211231|28|20220407|33|||||||||||||||||||
1000023910|20210413|16|20211231|18|20220407|18|20221110|21|20221231|20|20230424|22|20231231|27|20240411|27|20241231|29|20250315|30|20251231|32|
1000023901|20230614|45|20231231|20|20240617|24|||||||||||||||||
1000022698|20210622|34|||||||||||||||||||||
1000022264|20210517|8|20221231|10|20230508|8|20231231|7|20240508|7|20241231|7|20250515|7|||||||||
1000022045|20221231|11|20230727|12|||||||||||||||||||
1000021890|20211231|15|20231012|20|||||||||||||||||||
1000021608|20210330|10|20211231|11|20220328|11|20221231|8|20230329|10|20231231|6|20240326|6|20241231|7|20250325|6|20251231|7|20260326|6|
1000021524|20210616|9|20211231|9|20220519|10|20221231|9|20230531|8|20231231|9|20240726|9|20241231|9|20250624|9|||||
1000021318|20241231|40|20250716|40|||||||||||||||||||
1000021062|20210518|6|20221231|5|20230411|5|20231231|5|20240520|5|20241231|4|20250627|5|||||||||
1000020729|20210406|18|20211231|13|20220331|13|20221231|16|20230331|15|20231231|17|20240403|16|||||||||
1000020691|20241231|44|20251001|39|||||||||||||||||||
1000020688|20211231|11|20220812|12|||||||||||||||||||
1000020682|20210609|13|20211231|13|20220616|10|||||||||||||||||
1000020672|20210331|16|20211231|20|20220228|20|20220331|22|20221231|21|20231231|21|20240612|22|20241231|15|20250819|7|||||
1000020588|20221231|40|20230703|45|||||||||||||||||||
1000020024|20211231|31|20220329|33|||||||||||||||||||
1000019996|20210413|9|20211231|10|20230410|10|20231231|10|20241231|10|20250403|10|20251231|10|20260403|10|||||||
1000019959|20210228|6|||||||||||||||||||||
1000024911|20241231|45|20250227|46|||||||||||||||||||
1000019153|20210407|82|20210625|74|20211231|88|20221231|90|20230323|101|20231231|117|20240425|96|20250320|117|20251231|115|20260316|113|||
1000018784|20211231|69|20220520|72|20221231|69|20230522|54|20231231|42|20240516|42|20241231|34|20250520|34|||||||
1000018764|20210531|13|20211231|14|20221231|12|20230201|13|20231126|12|20231231|12|20241105|12|20241231|11|20251119|11|||||
1000017901|20210624|8|||||||||||||||||||||
1000017885|20211231|82|20221012|65|||||||||||||||||||
1000017841|20211231|7|20220401|15|||||||||||||||||||
1000017837|20211231|7|20220504|7|||||||||||||||||||
1000017821|20210715|9|20211231|9|20220628|8|20220630|8|20231231|7|20240605|7|||||||||||
1000017801|20210419|7|20211231|9|20220420|9|20221231|10|20230421|9|20230718|9|20231231|7|20240617|9|20241231|9|20250623|12|||
1000016263|20210331|52|||||||||||||||||||||
1000015951|20211227|12|20211231|12|20220617|9|20241231|11|20250731|11|||||||||||||
1000015874|20241231|11|20250408|11|||||||||||||||||||
1000015389|20211231|33|20220731|27|20230823|23|||||||||||||||||
1000015103|20210729|109|20211231|160|20220725|167|20221231|170|20230724|171|20231231|167|20240717|181|20241231|185|20250718|183|||||
1000015094|20241231|17|20250730|21|||||||||||||||||||
1000015066|20211231|18|20221130|24|||||||||||||||||||
1000015060|20211231|27|||||||||||||||||||||
1000015053|20221231|8|20231212|8|||||||||||||||||||
1000015039|20210531|6|20211231|6|20220523|6|||||||||||||||||
1000014331|20210423|36|20211231|41|20220425|39|20230414|47|20231231|45|20240409|38|||||||||||
1000014044|20210331|3|20211231|4|20220511|4|20221231|4|20230511|5|20231231|5|20240507|5|20241231|4|20250507|4|20260506|4|||
1000013685|20210329|23|20211231|25|20220325|28|20221231|30|20230324|35|20231231|37|20240320|39|||||||||
1000013668|20210427|35|20211231|40|20220412|42|20221231|48|20230413|51|||||||||||||
1000013454|20210531|53|20211231|53|20220630|52|20221231|53|20230630|58|20231231|56|20240614|56|20241231|55|20250725|57|||||
1000013453|20210414|40|20231231|47|20240415|59|20241231|64|20250408|69|20251231|75|20260408|74|||||||||
1000013214|20211231|13|20220622|14|20221231|14|20230622|12|20231231|12|20240622|12|20241231|12|20250620|13|||||||
1000013008|20221231|104|20230417|84|20231231|73|20240424|58|||||||||||||||
1000013001|20221231|31|20231231|40|20240227|40|20240402|42|||||||||||||||
1000012421|20210301|40|20211231|36|20220404|36|20221231|37|20230331|40|20231231|44|20240403|44|20241231|48|20250408|48|||||
1000011997|20211231|4|20220331|4|||||||||||||||||||
1000011751|20211231|14|20220420|16|20221231|14|20230413|18|20231231|19|20241128|16|20241231|17|20251028|12|||||||
1000011747|20210331|12|20211231|15|20220418|12|20221231|9|20230412|8|||||||||||||
1000014853|20211231|200|20220331|208|20221231|203|20230630|207|20241231|213|20251130|219|||||||||||
1000011071|20241231|12|20250319|14|||||||||||||||||||
1000010752|20211231|30|20221231|31|20231231|32|20241231|30|20251017|35|20251231|34|20260331|35|||||||||
1000006557|20210316|3|20211231|4|20220322|5|20221231|5|20230417|4|20231231|4|20240408|4|20241231|2|20250408|2|20260413|2|||
1000010491|20211231|18|20220617|18|20221231|18|20230623|24|||||||||||||||
1000010419|20210223|25|20210310|24|20220301|37|20221231|24|20230404|24|20231231|0|20240903|0|20241231|24|20250425|24|20251231|24|20260421|35|
1000010293|20251231|23|20260429|24|||||||||||||||||||
1000010235|20221231|48|20230524|41|20241231|48|20250530|41|||||||||||||||
1000010228|20211231|22|20221231|23|20251231|43|20260416|41|||||||||||||||
1000009815|20211231|22|20220822|22|20231231|41|20240704|42|||||||||||||||
1000009808|20231231|44|20240816|52|20241231|54|20260120|56|||||||||||||||
1000009453|20211231|41|20230111|41|||||||||||||||||||
1000009450|20210706|24|||||||||||||||||||||
1000009258|20231231|7|20240520|7|||||||||||||||||||
1000009249|20221231|12|20230425|12|||||||||||||||||||
1000009086|20231231|14|20241226|13|20241231|13|20251203|10|||||||||||||||
1000009040|20210621|30|||||||||||||||||||||
1000008943|20241231|26|20260107|27|||||||||||||||||||
1000008859|20211231|9|20231023|8|||||||||||||||||||
1000008856|20220430|17|20221231|17|20230526|24|||||||||||||||||
1000022283|20210603|5|20211231|5|20220531|5|20221231|5|20230531|5|20231231|7|20240627|10|||||||||
1000024588|20210412|55|20211231|58|20220408|55|20231231|63|20240708|62|20241231|61|20250416|64|||||||||
1000003298|20210622|10|||||||||||||||||||||
1000016795|20241231|40|20250325|38|20251231|40|20260327|45|||||||||||||||
1000003610|20210831|11|20211231|11|20220725|12|20221231|11|20230629|12|20231231|12|20240522|13|20241231|13|20250527|13|20250620|13|||
1000003196|20211231|12|20220719|13|20221231|13|20230516|14|20231231|15|20240514|14|20241231|14|20250404|16|20251231|17|20260410|18|||
1000014868|20210425|20|20211231|12|20220512|26|20221231|38|20230331|41|20231231|58|20240331|58|20241231|65|20250331|61|||||
1000014144|20211231|12|20221005|14|||||||||||||||||||
1000014037|20210729|87|||||||||||||||||||||
1000003400|20241231|27|20250410|25|||||||||||||||||||
1000022280|20210416|10|20211231|9|20220328|13|20220404|12|20231231|12|20240329|12|20241231|16|20250331|15|20251231|16|20260406|16|||
1000014921|20221231|8|20240328|10|20241231|12|20250528|12|||||||||||||||
1000008596|20251231|21|20260406|22|||||||||||||||||||
1000008585|20231231|52|20240619|62|||||||||||||||||||
1000008582|20211231|22|20220525|21|||||||||||||||||||
1000008291|20210401|30|20231231|28|20240927|32|||||||||||||||||
1000008178|20241231|51|20250520|46|20251231|38|20260429|35|||||||||||||||
1000008087|20210618|24|20211231|26|20220616|26|20221231|26|20230719|26|20231231|25|20240731|25|||||||||
1000007777|20211231|19|20220430|20|20221231|27|20230522|28|||||||||||||||
1000007760|20221231|58|20230630|115|20231231|110|20240731|113|20241231|114|20250630|113|||||||||||
1000007759|20221231|13|20230620|13|||||||||||||||||||
1000007260|20210503|9|20211231|11|20220418|15|20221231|13|20230419|14|20251231|12|20260506|10|||||||||
1000007254|20210731|24|||||||||||||||||||||
1000007198|20210601|8|20211231|8|20220603|8|20221231|8|20240327|7|20241231|8|20250327|7|20251231|7|20260326|6|||||
1000006874|20210531|27|20211231|27|20220531|27|20221231|26|20230531|27|20231231|28|20240522|28|20241231|26|20250604|22|||||
1000006561|20231231|30|20240503|30|20241231|31|20250916|32|||||||||||||||
1000006541|20221231|32|20230419|41|20231231|41|||||||||||||||||
1000004636|20210421|21|20211231|26|20220411|23|20221231|22|||||||||||||||
1000004633|20210518|8|20211231|9|20220511|8|20221231|8|20230329|8|20231231|7|20240502|7|20241231|8|20250502|6|20251231|7|20260324|7|
1000004627|20210630|45|||||||||||||||||||||
1000004624|20210916|41|20241231|48|20250930|56|||||||||||||||||
1000004615|20210416|13|20211231|11|20220414|13|||||||||||||||||
1000004612|20220608|7|||||||||||||||||||||
1000004605|20210421|16|20211231|19|20220425|19|20221231|21|20230516|22|||||||||||||
1000004597|20210731|17|||||||||||||||||||||
1000004596|20211231|136|20220430|123|20221231|115|20230414|118|20231231|119|20241015|92|20241231|96|20251017|89|||||||
1000004591|20210409|314|||||||||||||||||||||
1000004581|20210707|30|20211231|28|20220616|37|20221231|42|20231231|40|20240430|45|20251231|48|20260331|50|||||||
1000004579|20210331|21|20211231|16|20220331|23|20221231|21|20230331|23|20231231|20|20250407|19|20251231|18|20260401|20|||||
1000004569|20241231|4|20251215|3|||||||||||||||||||
1000004549|20210415|85|20211231|128|20220412|115|20220415|115|20221231|105|20230405|98|20231231|107|20240423|98|20240627|77|||||
1000004547|20221231|250|20230627|236|20231231|214|20240731|156|20241231|162|20250831|115|||||||||||
1000004539|20211231|17|20221222|16|||||||||||||||||||
1000004529|20210228|21|20211231|27|20220228|28|20221231|27|20230331|28|20231231|29|20240327|32|20241231|32|20250331|29|20251231|29|20260331|28|
1000004528|20210602|25|20211231|15|20220614|14|20221231|14|20230601|17|20230904|11|20231231|8|20240603|8|20241231|8|20250610|10|||
1000004527|20210630|11|20211007|11|20220630|11|||||||||||||||||
1000004427|20241231|9|20250401|10|||||||||||||||||||
1000004426|20210210|62|20241231|80|20250331|69|20250828|44|||||||||||||||
1000004420|20211231|50|20221129|25|||||||||||||||||||
1000004411|20241231|12|20260311|12|||||||||||||||||||
1000004396|20221231|33|20230419|31|20231231|33|20240503|36|20241231|39|20250424|38|20251231|60|20260228|58|20260422|58|||||
1000004388|20210930|32|||||||||||||||||||||
1000004386|20210409|45|20211231|45|20220331|42|20231231|30|20240930|30|20241231|29|20250331|29|20250613|31|20251231|30|20260402|29|||
1000004380|20211231|5|||||||||||||||||||||
1000004363|20210406|11|||||||||||||||||||||
1000004353|20231231|37|20241107|38|||||||||||||||||||
1000004351|20221231|4|20230526|5|20231231|4|20240527|5|||||||||||||||
1000004342|20211231|138|20220531|126|20221231|133|20230331|135|20231231|176|20240331|181|20241231|188|20250131|188|20251231|198|20260326|196|||
1000005242|20211231|53|20220629|51|||||||||||||||||||
1000006724|20210423|11|20221231|7|20230508|7|||||||||||||||||
1000018081|20210607|13|20211231|14|20220601|13|20221231|14|20230531|14|20231231|14|20240605|14|20241231|14|20250527|13|||||
1000006725|20211231|7|20220503|7|20231231|7|20240409|7|||||||||||||||
1000024694|20211231|15|20221031|26|||||||||||||||||||
1000022014|20221231|4|20230425|4|20231231|3|20240524|3|20241231|3|20250422|3|20251231|3|20260422|3|||||||
1000013107|20210429|17|20211231|20|20220516|17|20221231|15|20230430|17|20231231|18|20240513|17|20241231|18|20250416|16|||||
1000018082|20211209|6|||||||||||||||||||||
1000019497|20210914|22|||||||||||||||||||||
1000027244|20241231|18|20250707|17|||||||||||||||||||
1000017501|20221231|48|20230630|51|||||||||||||||||||
1000014941|20211231|15|20220830|15|20221231|15|20231024|15|20231231|15|20240624|15|||||||||||
1000021882|20241231|10|20250514|10|20251231|10|20260506|10|||||||||||||||
1000011990|20210630|89|20211231|94|20220531|93|20221231|112|20230531|136|20231231|141|20240531|140|20241231|116|20250531|109|||||
1000003004|20211231|20|20220430|23|20231231|22|20240331|24|20241231|25|20250331|25|||||||||||
1000012845|20241231|29|20250507|30|20251231|37|20260331|43|||||||||||||||
1000023718|20211231|15|20221231|16|20231231|17|20240405|18|20241231|18|20250422|18|20251231|17|20260407|17|||||||
1000003157|20210621|19|20221231|21|||||||||||||||||||
1000011761|20210601|33|20211231|33|20220602|35|20221231|37|20230602|39|20231231|41|20240603|43|20241231|42|20250515|40|||||
1000016375|20251231|88|20260409|89|||||||||||||||||||
1000003629|20211231|47|20220412|50|20220417|51|20221231|52|20241231|90|20250319|114|20251231|135|20260414|138|||||||
1000003265|20210129|13|||||||||||||||||||||
1000016768|20210617|12|20220602|13|20221231|15|20230621|15|20231231|15|20240611|17|20241231|13|20250605|13|||||||
1000020458|20210506|9|20211231|10|20220524|9|20221231|10|20231231|7|20240523|7|||||||||||
1000007685|20211231|10|20220922|10|||||||||||||||||||
1000017612|20210415|11|20211231|11|20220406|12|20220419|11|20221231|12|20241231|12|20250404|10|20251231|12|20260403|10|||||
1000003990|20221231|783|20230904|813|20231231|731|20241031|663|20241231|673|20251219|708|||||||||||
1000003829|20231231|21|20240415|20|20241231|18|20250321|16|20251231|16|20260319|12|||||||||||
1000019031|20210331|16|20211231|18|20220330|20|20221231|20|20230316|21|20231231|20|20240408|21|20241231|22|20250402|21|20260318|22|||
1000007690|20211231|5|20220421|5|20221231|6|20230503|6|||||||||||||||
1000022023|20210222|19|20220216|19|20221231|19|20230303|19|20231205|19|20231231|17|20241106|17|20241231|16|20251121|16|||||
1000022653|20211231|246|20220331|221|20221231|213|20230331|211|||||||||||||||
1000003808|20210630|61|20210721|61|20211231|63|20220531|65|||||||||||||||
1000011764|20211231|11|20221109|11|||||||||||||||||||
1000019062|20241231|117|20250421|123|20251231|146|20260331|112|||||||||||||||
1000012788|20210331|28|20211231|24|20221231|25|20231231|25|20240331|26|20241231|25|20250411|26|20251231|24|20260414|25|||||
1000013343|20211231|27|20230207|29|||||||||||||||||||
1000012048|20210520|9|20211231|9|20220523|10|20221231|10|20230522|9|20231231|9|20240520|10|20241231|9|20250520|11|||||
1000003597|20210525|76|20211231|67|20220412|65|20221231|79|20230427|79|20231231|70|20240507|68|20241231|44|20250811|37|20251231|37|20260316|37|
1000011763|20210511|13|20211231|12|20220516|14|20221231|14|20230515|13|20231231|12|20240513|13|20240729|14|20241231|15|20250514|16|||
1000016583|20210518|30|20211231|28|20220513|30|20221231|30|20230515|30|20230714|30|20231231|30|20240618|30|20241231|30|20250616|30|||
1000016498|20210504|20|20211231|17|20220504|17|||||||||||||||||
1000003635|20241231|7|20250909|8|||||||||||||||||||
1000023595|20210405|67|20211231|58|20220404|57|20221231|60|20230403|63|20231231|64|20240402|64|20241231|63|20250402|63|20251231|63|20260402|80|
1000023632|20211231|21|20220512|21|20221231|10|20230516|10|||||||||||||||
1000012857|20241231|66|20250422|66|20251231|66|20260506|70|||||||||||||||
1000003774|20210331|73|20220331|67|20230331|64|20240331|64|20240703|69|20250331|69|20250711|52|||||||||
1000012897|20211231|56|20220331|59|20230331|65|20231231|67|20240402|68|||||||||||||
1000012871|20210329|18|20211231|18|20220401|18|20221231|13|20230403|15|20241231|14|20250401|12|20251231|15|20260401|28|||||
1000017630|20210331|119|20211231|114|20220331|115|||||||||||||||||
1000008039|20231231|20|20241113|15|20241231|20|20250731|18|||||||||||||||
1000019111|20241231|97|20250514|92|||||||||||||||||||
1000016333|20211206|52|||||||||||||||||||||
1000020564|20241231|8|20251105|8|||||||||||||||||||
1000017559|20211231|435|20220406|437|20221231|440|20230228|422|20231231|441|20240229|474|20241231|465|20250228|477|20251231|477|20260228|459|||
1000013611|20231231|7|20240613|7|20241231|8|20250612|8|||||||||||||||
1000025275|20210420|22|20211231|23|20220503|27|20221231|26|20230425|31|20231231|31|20240418|33|20241231|34|20250425|35|20251231|33|20260420|32|
1000010876|20210610|2|||||||||||||||||||||
1000003200|20211231|41|20220708|43|||||||||||||||||||
1000013619|20221231|59|20230331|54|||||||||||||||||||
1000017599|20221231|199|20231019|246|||||||||||||||||||
1000017633|20211231|78|20221231|67|20230327|69|20231231|72|20240331|78|20240801|66|20241231|102|20250331|103|20250731|115|20251231|122|20260408|129|
1000013918|20210824|91|20211231|93|20220708|89|20221231|84|20230620|91|||||||||||||
1000008930|20211231|16|20221231|12|20231115|12|20241231|12|20251106|11|||||||||||||
1000020546|20221231|8|20240331|8|20241231|8|20251112|7|||||||||||||||
1000016816|20231231|41|20240806|39|||||||||||||||||||
1000009723|20210402|11|20211231|10|20220402|13|20241231|15|20250630|12|||||||||||||
1000021479|20211231|7|20221231|9|20230626|9|20231231|7|20240621|7|20241231|7|20250530|9|||||||||
1000003429|20211231|25|20221231|25|20230412|30|20231231|29|20240328|29|20241231|29|20250407|29|20251231|29|20260331|29|||||
1000003910|20210331|65|20211231|65|20221231|75|20231231|71|20240331|71|20241231|69|20250430|72|20251231|73|20260428|77|||||
1000003558|20211108|24|||||||||||||||||||||
1000003837|20210608|21|20211231|21|20220602|23|20221231|21|20230524|23|20231231|26|20240529|26|20241231|26|20250516|26|||||
1000024576|20210607|4|20211231|9|20220530|9|20231231|9|20240618|9|||||||||||||
1000003962|20210430|610|20211231|609|20220331|610|20221231|614|20230331|610|20231231|621|20240331|620|20241231|633|20250430|624|20251231|91|20260331|90|
1000021685|20211231|9|20220704|8|20221231|8|20230629|8|20231231|8|20240624|8|20241231|8|20250618|8|||||||
1000020605|20210630|66|20211231|70|20220630|70|20221231|69|20230613|64|20231231|64|20240607|63|20241231|59|20250620|61|||||
1000004079|20211220|70|20211231|69|20221123|4|20221231|70|20230616|61|||||||||||||
1000017449|20210412|37|20211231|36|20220406|48|20221231|39|20230403|46|20231231|39|20240327|46|20241231|39|20250327|39|||||
1000013575|20210414|12|20211231|9|20220412|6|20231231|9|20240403|9|20240909|12|20241231|12|20250421|13|||||||
1000013614|20241231|8|20250331|8|20251231|7|20260331|6|||||||||||||||
1000010210|20210421|21|20211231|31|20220331|31|20221231|33|20230322|36|20231231|40|20240326|42|20250519|41|||||||
1000003035|20210517|9|20211231|9|20230320|12|||||||||||||||||
1000012839|20210930|4|||||||||||||||||||||
1000012737|20210427|27|20211231|27|20220519|27|20221231|27|20230525|27|20230603|34|20231231|26|20241231|32|20250531|30|||||
1000003820|20211231|97|20220228|96|||||||||||||||||||
1000024608|20211231|24|20220630|23|20231226|24|20231231|24|20240417|24|20241231|25|20250520|27|20251231|28|20260416|25|||||
1000020572|20210531|9|20211231|7|20220430|8|20221231|7|20230531|8|20231231|8|20240619|8|20241231|11|20250527|11|||||
1000022687|20211231|9|20220114|9|20221231|10|20230630|11|||||||||||||||
1000006897|20210331|16|20211231|18|20220331|18|||||||||||||||||
1000023328|20231231|25|20240731|25|||||||||||||||||||
1000003885|20231231|0|20240723|0|20241231|10|20250807|9|||||||||||||||
1000010997|20210531|91|20221231|75|20230531|84|20231231|72|20240605|73|20241231|53|20250624|53|||||||||
1000003288|20210225|6|||||||||||||||||||||
1000024483|20210623|25|||||||||||||||||||||
1000003946|20221231|27|20230430|28|20231231|33|20240528|30|20241231|25|20250522|30|20251231|26|20260408|28|||||||
1000012908|20231231|6|20240430|6|||||||||||||||||||
1000002972|20221231|18|20230403|18|||||||||||||||||||
1000003033|20210928|14|20221231|14|20231103|14|20241119|14|20241231|14|20251016|14|||||||||||
1000003833|20231231|15|20241227|14|||||||||||||||||||
1000003032|20210228|874|20221231|997|20230228|1046|20231231|1209|20240228|1256|20241231|1319|20250228|1376|20251231|1544|20260228|1527|||||
1000007229|20211231|3|20221106|4|20230607|7|20231231|6|20240619|6|20250625|6|||||||||||
1000022826|20241231|16|20250417|16|20251231|16|20260406|7|||||||||||||||
1000003716|20210415|6|||||||||||||||||||||
1000022140|20210601|15|20211231|22|20220609|28|20221231|45|20230516|48|||||||||||||
1000003816|20210406|15|20211231|15|20220425|15|20241231|15|20250414|15|20251231|14|20260427|14|||||||||
1000024121|20210430|6|||||||||||||||||||||
1000003887|20211231|9|20220620|9|||||||||||||||||||
1000017672|20210215|5|20241231|5|20250922|5|||||||||||||||||
1000024613|20241231|16|20250325|16|||||||||||||||||||
1000003241|20210524|16|20241231|16|20250401|16|20251231|16|20260414|8|||||||||||||
1000017686|20210531|22|20211231|21|20220221|22|20220613|22|20221231|22|20230630|25|20231231|20|20240605|20|20241231|19|20250604|21|20251231|24|
1000003274|20210329|212|20210331|202|20211231|194|20221231|177|20230331|184|||||||||||||
1000020519|20211118|16|||||||||||||||||||||
1000023623|20210524|6|20211231|7|20220525|6|20221231|5|20230516|4|||||||||||||
1000014954|20211231|57|20220329|61|20221231|70|20231013|49|20231231|47|20240423|49|||||||||||
1000009002|20210512|11|20221231|11|20230509|11|20231231|10|20240424|10|20241231|9|20250401|9|20251231|9|20260401|9|||||
1000003201|20211231|93|20220531|88|20221231|94|20230430|95|20231231|102|20240626|105|20241231|102|20250619|101|20251204|102|||||
1000007214|20231231|43|20241031|48|||||||||||||||||||
1000019740|20211231|11|20220420|12|20221231|18|20230717|21|20231231|22|20240331|20|20241231|18|20250422|16|20251231|18|20260406|18|||
1000023168|20211221|50|20221231|57|20231222|37|20231231|9|20241219|8|||||||||||||
1000012396|20210219|50|20210414|47|20220323|47|20230621|39|20231231|39|20240426|39|20241231|36|20250411|37|20251231|37|20260413|41|||
1000019370|20211231|31|20220824|33|||||||||||||||||||
1000009186|20210531|193|||||||||||||||||||||
1000003612|20211231|11|20220502|11|20230426|11|20230430|11|20231231|11|20241231|11|20250422|11|20251231|14|20260410|15|20260512|14|||
1000027842|20250630|41|20250805|41|||||||||||||||||||
1000024006|20231231|14|20240430|16|20241231|16|20250522|16|20251231|16|20260430|13|||||||||||
1000012861|20211231|19|||||||||||||||||||||
1000012900|20231231|14|20241220|16|||||||||||||||||||
1000004043|20211231|28|20220526|38|20221231|39|20230725|34|20231231|0|20240619|23|20240913|26|20241231|24|20250328|28|20251231|32|20260507|28|
1000016250|20210421|231|20211231|237|20220422|235|20221231|248|20230414|250|20231231|254|20240514|255|20241231|271|20250428|266|20251231|267|20260415|269|
1000004200|20211231|2722|20220630|2690|20221231|2647|20230331|2652|20260428|2278|||||||||||||
1000002886|20211015|4|20211231|4|20221007|4|20221231|1|20231027|1|20231231|2|20240930|4|20241231|4|20251015|4|||||
1000002927|20211231|27|20220914|35|20221231|37|20230608|38|20231231|34|20240603|46|||||||||||
1000002963|20210225|27|20241231|18|20250417|17|||||||||||||||||
1000002967|20210517|20|20211231|28|20220518|25|20241231|21|20250522|25|||||||||||||
1000002970|20211231|11|20221231|8|20230425|7|||||||||||||||||
1000002980|20211231|11|20221231|11|20230427|8|20231231|11|20240425|8|20241231|10|20250515|7|||||||||
1000002989|20211231|172|20220422|176|20221231|172|20231231|176|20240429|172|||||||||||||
1000003030|20211231|106|20220411|112|||||||||||||||||||
1000003060|20211231|10|20220620|8|20230616|7|20241231|10|20250630|7|||||||||||||
1000003121|20231231|32|20241017|30|||||||||||||||||||
1000003172|20241231|39|20250422|38|||||||||||||||||||
1000003239|20211231|4|20220415|4|20221231|4|20230420|4|20231231|4|20240417|4|20241231|4|20250418|4|20251231|4|20260421|4|||
1000003279|20210401|5030|20211231|5059|20220401|5099|20221231|5333|20230401|5421|20231231|5349|20240412|5006|20241231|5349|20250410|5960|||||
1000003280|20221231|12|20230512|13|||||||||||||||||||
1000003295|20221231|7|20230419|7|20240624|7|||||||||||||||||
1000003310|20210525|29|||||||||||||||||||||
1000003329|20211231|107|20220713|108|||||||||||||||||||
1000003358|20210622|8|20211231|9|20220628|6|20221231|9|20230623|8|20231231|8|20240626|7|20241231|7|20250623|7|20251205|6|||
1000003360|20210504|21|20221231|23|20230508|25|20231231|30|20240510|30|20241231|30|20250519|30|20251231|30|20260421|30|||||
1000012938|20211231|383|20220531|393|||||||||||||||||||
1000003448|20210401|81|20211231|95|20220418|92|20221231|63|20230421|84|20231231|71|20240417|77|||||||||
1000003508|20220119|13|||||||||||||||||||||
1000003525|20211231|24|20220430|27|20221231|24|20231231|23|20240405|25|||||||||||||
1000003538|20210602|11|20211231|11|20220531|12|20221231|11|20230616|13|20231231|11|20241231|8|20250601|8|||||||
1000003539|20210322|27|20211231|30|20220405|36|20221231|29|20230329|32|20230619|33|20231231|37|20240408|39|20241231|34|20250331|34|20251231|34|
1000003540|20251231|108|20260416|108|||||||||||||||||||
1000003552|20221231|4|20230404|5|20231231|4|20240710|5|20251231|6|20260415|6|||||||||||
1000003563|20231231|6|20240426|8|20241231|7|20250430|7|||||||||||||||
1000003572|20210820|12|||||||||||||||||||||
1000003573|20220303|19|20241231|19|20250310|19|||||||||||||||||
1000003578|20210608|18|||||||||||||||||||||
1000003580|20210525|6|20241231|4|20250527|4|||||||||||||||||
1000014817|20210616|22|20211231|21|20220624|22|20221231|20|20230629|10|20231231|8|20240620|8|20241231|8|20250620|10|||||
1000012894|20241231|48|20250520|47|20251231|51|20260331|57|||||||||||||||
1000017509|20211231|8|20221231|11|20231231|15|20240607|15|||||||||||||||
1000012778|20211231|7|20221013|8|20221231|7|20231114|8|20240624|7|20241231|6|20250630|6|||||||||
1000020464|20210408|86|20211231|87|20220409|111|20221231|140|20230413|143|20231231|139|20240409|220|20241231|173|20250331|196|20251231|252|20260331|305|
1000024114|20231231|27|20240627|27|||||||||||||||||||
1000007660|20251231|5|20260424|5|||||||||||||||||||
1000024119|20221231|25|20230404|24|||||||||||||||||||
1000024582|20210614|5|20211231|5|20221231|5|20230608|10|20231231|10|20240605|10|20241231|10|20250521|10|||||||
1000012807|20211231|24|20221231|22|||||||||||||||||||
1000011989|20241231|16|20250331|16|||||||||||||||||||
1000019114|20210419|92|20211231|101|20220331|103|20241231|191|20250331|195|20251231|217|20260331|207|||||||||
1000014955|20251231|87|20260408|87|||||||||||||||||||
1000003964|20221231|4|20230516|4|20231231|5|20240620|4|||||||||||||||
1000003967|20210311|31|20211231|31|20220330|31|20221231|25|20230405|25|20231231|22|20240408|23|20241231|27|20250410|27|20251231|22|20260422|22|
1000010603|20210429|5|20211231|5|20220425|5|||||||||||||||||
1000007937|20221231|15|20230630|14|20231231|17|20240812|16|20241231|16|20250616|15|||||||||||
1000009218|20220415|9|||||||||||||||||||||
1000009219|20231231|19|20240429|25|||||||||||||||||||
1000011790|20210520|8|20211231|8|20220510|12|20220915|16|20221231|21|20230531|20|20231231|25|20240531|24|20241021|18|20241231|19|20250612|12|
1000003974|20221231|13|20230719|13|||||||||||||||||||
1000014958|20231231|192|20240331|226|20241231|240|20250331|273|20251231|240|20260424|273|||||||||||
1000003976|20210330|26|20211231|29|20220331|26|20221231|31|20230228|34|20231231|35|20240325|34|20241231|33|20250321|35|20251231|38|20260320|39|
1000008062|20211231|279|20221231|325|20230327|350|20231231|437|20240328|447|20241231|395|20250331|418|20251231|392|20260318|363|||||
1000007716|20210630|22|||||||||||||||||||||
1000019131|20220707|6|20241231|8|20250630|9|||||||||||||||||
1000019120|20211231|6|20221114|6|20251231|11|20260429|11|||||||||||||||
1000011155|20210630|37|20211231|43|20220630|38|20221231|36|20231120|35|20251231|38|20260427|36|||||||||
1000003613|20210621|29|20211231|28|20220614|28|20230524|26|20230531|25|20231231|26|20241231|27|20250430|30|||||||
1000008234|20210621|22|20211231|24|20220614|24|20221231|24|20230619|24|20231231|20|20240610|20|20241231|20|20250612|20|||||
1000003787|20210618|69|20211231|68|20220614|71|20221231|71|20230612|72|20230613|72|20240528|69|20241231|69|20250605|70|||||
1000020571|20211231|19|20220501|18|||||||||||||||||||
1000007721|20210429|23|||||||||||||||||||||
1000010213|20210628|9|20221231|9|20230621|9|20231231|9|20240521|9|20250701|9|||||||||||
1000008566|20221231|82|20230731|90|||||||||||||||||||
1000004070|20210526|3|20211231|3|20220602|3|20221231|3|20230526|3|||||||||||||
1000004131|20210630|88|20221231|90|20230228|100|||||||||||||||||
1000015713|20241231|3|20251217|3|||||||||||||||||||
1000004149|20210210|111|20241231|106|20250407|100|20251231|97|20260406|112|||||||||||||
1000017747|20210608|35|20211231|38|20220609|35|20221231|31|20230601|29|20231231|28|20240531|29|20241231|28|20250609|28|||||
1000007237|20220324|13|||||||||||||||||||||
1000007743|20210530|40|20220628|40|20221231|40|20230630|43|20231231|40|||||||||||||
1000008561|20210401|31|20211231|33|20220110|28|20230417|33|20231231|34|20240416|33|20241231|35|20250407|35|20251231|34|20260414|34|||
1000021209|20210927|11|20230706|11|20231231|10|20240726|10|||||||||||||||
1000004056|20221231|15|20230626|15|||||||||||||||||||
1000018584|20211231|13|20220430|13|||||||||||||||||||
1000026693|20210401|22|20211231|24|20220503|29|||||||||||||||||
1000018709|20211231|6|20220124|6|20220707|7|20230531|7|20231231|9|20240820|9|20241231|9|20250624|16|||||||
1000009475|20210702|8|20211231|8|20220711|7|||||||||||||||||
1000024541|20241231|44|20250602|44|||||||||||||||||||
1000021372|20211209|16|||||||||||||||||||||
1000007854|20210330|13|20211231|13|20220331|13|20221231|13|20230331|13|20231231|12|20240403|12|20241231|10|20250404|10|||||
1000005248|20211022|28|20221231|37|||||||||||||||||||
1000014351|20221231|11|20230613|10|20231231|10|20240614|8|20241231|10|20250609|7|||||||||||
1000018087|20220531|49|20221231|45|20230524|51|20230605|52|||||||||||||||
1000009326|20230325|394|20240329|345|||||||||||||||||||
1000010552|20210601|5|20210610|5|20211231|5|20221231|5|20230607|5|||||||||||||
1000005253|20221231|34|20230418|35|20241231|50|20250516|50|||||||||||||||
1000005254|20220404|19|20221231|16|20231027|23|20231231|22|20240524|28|20241231|34|20250528|31|20251231|25|20260507|26|||||
1000010218|20210607|6|20220413|7|20221231|6|20230413|7|20231231|6|20241014|6|20241231|6|20250616|7|||||||
1000019124|20241231|88|20260115|92|||||||||||||||||||
1000008848|20211231|11|20220502|9|20221231|11|20230531|9|20231231|8|20240508|8|20241231|9|20250422|9|||||||
1000030045|20210401|20|||||||||||||||||||||
1000023670|20241231|14|20250626|14|||||||||||||||||||
1000023671|20210310|54|20211231|54|20220523|39|||||||||||||||||
1000017755|20210406|80|20210517|115|20221231|84|20230430|89|20231231|80|20240513|85|20241231|86|20250513|74|||||||
1000010613|20241231|8|20251031|7|||||||||||||||||||
1000008221|20211231|11|20220407|11|20221231|12|20230330|13|20231231|15|20240328|15|20241231|14|20250403|14|20251231|19|20260406|18|||
1000012832|20231231|10|20240516|10|20241231|8|20250522|8|20250523|8|20250916|8|||||||||||
1000003623|20211231|11|20220404|11|20221231|11|20230728|11|20251231|9|20260413|9|||||||||||
1000003645|20211231|6|20220731|7|20221231|10|20231107|11|20231231|11|20241129|9|20241231|12|20251118|12|||||||
1000024000|20210325|41|20211231|38|20220419|42|||||||||||||||||
1000014915|20210726|14|20211231|14|20220411|15|20230413|17|20241231|18|20250407|19|20251231|19|20260407|19|||||||
1000003770|20210415|5|||||||||||||||||||||
1000003824|20211231|6|20220513|5|||||||||||||||||||
1000023637|20210923|2|20211231|3|20220531|3|20221231|3|20230330|3|20241231|3|20250331|3|||||||||
1000003842|20210329|17|20211231|15|20221231|16|20230418|16|20231231|15|20240411|16|20241231|16|20250418|16|||||||
1000020567|20251231|60|20260422|51|||||||||||||||||||
1000006432|20211231|33|20220421|34|||||||||||||||||||
1000012880|20210430|16|20220503|15|20221231|16|20230503|17|20231231|19|20240701|23|20241231|22|20250531|25|||||||
1000021825|20210331|17|20211231|14|20220331|15|||||||||||||||||
1000014980|20221231|55|20230430|50|20231231|40|20240331|34|||||||||||||||
1000024162|20241231|2|20251106|3|||||||||||||||||||
1000006938|20231231|28|20240710|28|20241231|27|20250613|29|||||||||||||||
1000004144|20210715|15|20211231|19|20220531|18|20231231|16|20240829|16|20251231|14|20260420|13|||||||||
1000021056|20210416|19|||||||||||||||||||||
1000004114|20210607|32|20211231|32|20220411|34|||||||||||||||||
1000004031|20231231|10|20240604|10|||||||||||||||||||
1000007233|20221027|6|20221231|6|20230626|6|20231231|6|20240610|7|20241231|8|20250624|7|||||||||
1000023892|20221231|42|20230718|41|||||||||||||||||||
1000003684|20231231|22|||||||||||||||||||||
1000003687|20211231|15|20220331|16|20231231|24|20250109|55|||||||||||||||
1000003704|20210430|6|20211231|6|20220428|6|20221231|7|20230417|8|20231231|4|20240417|4|||||||||
1000003779|20210518|20|20210525|18|20211231|20|20221231|33|20230509|36|20231231|39|20240517|50|20241231|41|20250411|44|20251231|47|20260401|50|
1000003790|20241231|3|20251218|3|||||||||||||||||||
1000003821|20210504|16|20241231|29|20250805|30|||||||||||||||||
1000003848|20221231|93|20230828|86|20231231|82|20241105|79|20241231|81|20251126|75|||||||||||
1000003851|20251231|7|20260326|7|||||||||||||||||||
1000003857|20211231|8|20220412|10|20220418|12|20231231|12|20240411|12|20241231|8|20250403|8|20251231|8|20260406|8|||||
1000003871|20241231|32|20250203|32|||||||||||||||||||
1000003884|20221231|8|20231127|7|20231231|7|20240411|8|||||||||||||||
1000003888|20210331|24|20211231|26|20220422|30|20230420|22|20231231|25|20240425|18|20241231|18|20250424|17|20251231|17|20260424|18|||
1000004115|20221231|14|20231122|14|20231231|14|20240430|17|20241231|17|20250415|17|||||||||||
1000004176|20210422|6|20211231|6|20220425|6|||||||||||||||||
1000006430|20210531|5|20211231|5|20220531|5|20221231|5|20230430|5|20231231|8|20240531|7|20241231|7|20250531|6|||||
1000007709|20211231|12|20220215|12|20221231|12|20230110|13|20231101|12|20231231|12|20240620|11|||||||||
1000008256|20241231|41|20250402|44|20251231|40|20260402|39|||||||||||||||
1000008574|20210527|14|||||||||||||||||||||
1000009234|20210513|25|||||||||||||||||||||
1000009434|20210430|17|20211231|18|20220430|15|20221231|22|20230508|22|20231231|22|20240502|20|20241231|16|20250513|16|||||
1000010308|20210408|34|20211231|50|20220414|35|20221231|20|20230202|21|20230406|22|20231231|30|20240408|30|||||||
1000012829|20210430|28|20211231|25|20220430|22|20221231|22|20230430|25|20231231|24|20240524|23|20241231|24|20250402|23|||||
1000012854|20210609|6|20211231|5|20220627|6|20230619|6|20231231|5|20240520|5|20241231|5|20250610|5|||||||
1000012913|20210503|23|20211231|16|20220328|19|20220331|17|20231231|27|20240328|31|20241231|26|20250410|25|20251231|35|20260419|29|||
1000014977|20211231|165|20220530|165|20221231|165|20230630|159|||||||||||||||
1000014987|20211231|50|20220430|54|20221231|59|20230523|53|20231231|49|20240521|47|20241231|35|20250430|32|||||||
1000015538|20210218|13|20210616|13|20210902|13|20211231|13|20220622|13|20221231|13|20230614|13|||||||||
1000015861|20230313|13|||||||||||||||||||||
1000017671|20210707|12|||||||||||||||||||||
1000017746|20210524|20|20211231|23|20220331|25|20221231|25|20230328|25|20231231|21|20240328|21|20241231|21|20250326|21|20251231|21|20260331|21|
1000019954|20211217|58|20211231|75|20220511|65|20221231|49|20230417|70|20240326|49|20241231|49|20250331|57|||||||
1000020548|20210511|7|20211231|8|20220509|8|20221231|8|20230503|10|20231231|10|20240507|10|20241231|10|20250515|10|||||
1000020621|20210607|5|20211231|5|20220516|6|20231231|7|20240625|7|20241231|7|20250620|6|||||||||
1000023381|20241231|13|20250407|13|20251231|12|20260401|12|||||||||||||||
1000023649|20211231|14|||||||||||||||||||||
1000023656|20241231|10|20250519|9|||||||||||||||||||
1000023668|20241231|4|20250519|2|||||||||||||||||||
1000024591|20221231|9|20230328|11|||||||||||||||||||
1000024601|20220418|7|20221231|13|20230424|15|20231231|16|20240402|16|20241231|15|20250423|15|20251231|15|20260421|16|||||
1000003771|20211231|9|20221231|9|20230510|9|20241231|8|20250401|8|20251231|8|20260409|8|||||||||
1000021120|20231231|2|20240807|2|20241231|2|20250528|2|||||||||||||||
1000006379|20211231|20|20220516|20|||||||||||||||||||
1000010438|20221231|85|20231219|85|20241210|85|20241231|85|20251119|88|||||||||||||
1000004072|20220512|15|20251231|24|20260508|26|||||||||||||||||
1000004158|20231231|19|20240522|19|20241231|22|20250418|22|||||||||||||||
1000016238|20210226|12|||||||||||||||||||||
1000014974|20251231|29|20260402|25|||||||||||||||||||
1000004118|20210428|116|20211231|130|20220429|130|20221231|129|20230430|129|20231231|134|20240430|134|20241231|122|20250507|114|20251231|119|20260428|114|
1000004044|20210430|102|20211231|111|20220331|111|20221231|125|20231231|73|20240319|70|20240531|58|||||||||
1000024617|20210331|124|20211231|130|20220331|124|20221231|127|20230331|121|20231231|131|20240331|129|||||||||
1000004137|20211231|1112|20221231|1112|20230413|1095|20231231|1126|20240411|1150|20241231|1126|20250325|1062|20251231|1126|20260415|1126|||||
1000010461|20231231|18|20241002|21|20251231|13|20260428|11|||||||||||||||
1000004048|20220408|25|20221231|25|20230328|23|20240328|23|20241231|24|20250403|24|20251231|24|20260407|21|||||||
1000017750|20211231|8|20230331|8|||||||||||||||||||
1000019383|20211231|9|20220714|8|||||||||||||||||||
1000031976|20211111|24|||||||||||||||||||||
1000008841|20211231|7|20220518|6|||||||||||||||||||
1000007720|20211231|7|20220630|7|20221231|6|20230801|6|20231231|25|20240613|26|20241231|25|20250617|26|||||||
1000023652|20241231|7|20251020|7|||||||||||||||||||
1000012905|20221231|8|20230629|8|20231231|8|20240625|8|20241231|7|20250618|7|||||||||||
1000004062|20210421|23|20211231|27|20220411|27|20221231|45|20230522|52|20240520|59|||||||||||
1000023661|20211231|8|20220919|9|20231231|10|20240404|10|||||||||||||||
1000004168|20210430|39|20220223|40|20220331|43|20221231|46|20230331|49|20241231|52|20250708|55|||||||||
1000015002|20211231|36|20220614|35|20221231|32|20230620|35|20231231|35|20240625|41|20241231|41|20250620|37|||||||
1000007725|20210615|7|20211231|7|20220607|7|20221231|7|20230728|7|||||||||||||
1000006468|20210426|9|20211231|9|20220426|10|20230426|10|20231231|10|20240426|10|||||||||||
1000004116|20210430|148|20220430|158|20221231|166|20230419|324|20230430|230|20231231|287|20241231|358|20250411|338|||||||
1000023664|20210514|8|||||||||||||||||||||
1000019970|20210520|24|20211231|26|20220523|24|20221231|17|20230519|21|20231231|19|20240522|16|20241231|18|20250519|18|||||
1000010285|20211209|59|||||||||||||||||||||
1000009233|20241231|73|20250804|75|||||||||||||||||||
1000004046|20210331|63|20221231|61|20230417|60|20241231|34|20250429|32|20251231|25|20260415|25|||||||||
1000004156|20241231|26|20250325|25|20251231|19|20260406|17|||||||||||||||
1000006488|20241231|18|20251015|18|||||||||||||||||||
1000008264|20210714|10|20211231|10|20220614|11|20221231|12|20230605|12|20231231|10|20240826|10|||||||||
1000012933|20211231|82|20220418|90|20241231|92|20250415|113|20251231|107|20260409|98|||||||||||
1000017710|20211231|19|20220302|16|20230302|17|||||||||||||||||
1000012921|20211231|5|20220302|4|20221231|6|20230303|8|20231231|8|20240311|8|20241231|6|20250312|6|20251231|6|20260310|6|||
1000009739|20211231|10|20220331|10|||||||||||||||||||
1000011792|20221231|15|20230331|20|||||||||||||||||||
1000011012|20211231|30|20221213|30|20221231|36|20230620|36|||||||||||||||
1000017744|20211231|6|20221222|7|||||||||||||||||||
1000008571|20210727|8|20211231|8|20220412|7|20221231|8|20230417|8|20231231|7|20240510|7|||||||||
1000022302|20210408|19|20211231|29|20221231|33|20230117|38|20231231|41|20240701|35|20241231|38|20250709|38|20251231|37|20260409|44|||
1000028246|20210331|22|||||||||||||||||||||
1000010468|20211231|5|20220707|5|||||||||||||||||||
1000022501|20211231|20|20220627|20|20221231|20|20230627|20|20231231|20|20240410|20|20241231|27|20250626|27|20251231|28|20260408|30|||
1000006399|20210402|24|20211231|24|20220408|24|||||||||||||||||
1000012402|20211231|58|20220325|58|20220331|58|20231231|59|20240328|82|20241231|77|20250325|74|||||||||
1000006289|20220126|10|20221231|10|20230531|14|20231231|10|20240514|15|20241231|10|20251016|15|||||||||
1000003953|20210623|40|||||||||||||||||||||
1000011393|20210415|26|20211231|24|20220331|23|20221231|24|20230410|13|20231231|12|20240416|12|20241231|11|20250401|11|20251231|10|20260403|11|
1000019953|20211231|32|20220531|33|20221231|30|20230531|30|||||||||||||||
1000023881|20211231|11|20230209|12|20231231|10|20250313|17|20251231|19|20260422|16|||||||||||
1000007234|20251231|18|20260507|18|||||||||||||||||||
1000010730|20211231|25|20221231|15|20230414|16|||||||||||||||||
1000003930|20211231|6|20220630|6|||||||||||||||||||
1000021764|20241231|16|||||||||||||||||||||
1000011366|20210511|12|20211231|13|20220503|13|20221231|15|20230508|14|20241231|14|20250510|14|||||||||
1000010900|20210531|18|||||||||||||||||||||
1000020586|20210331|29|20211231|26|20220331|26|20221231|28|20230331|26|20231231|28|20240331|31|20241231|27|20250331|42|20251231|41|20260331|40|
1000011783|20251231|45|20260313|37|||||||||||||||||||
1000021888|20221231|11|20230421|10|||||||||||||||||||
1000023672|20241231|15|20250519|13|||||||||||||||||||
1000008057|20210406|24|20220721|27|||||||||||||||||||
1000003938|20221231|42|20230419|36|20231231|26|20240415|26|||||||||||||||
1000015541|20211231|24|20221231|6|20230410|27|||||||||||||||||
1000006486|20211231|28|20220420|28|20231231|25|20240412|25|20241231|27|20250423|23|||||||||||
1000012899|20221231|10|20230504|12|20240424|10|20241231|10|20250520|10|||||||||||||
1000012903|20210326|13|20211231|13|20220622|14|20221231|14|20230621|15|20241231|9|20250403|9|20251231|9|20260406|9|||||
1000016416|20210430|18|20211231|27|20220331|28|20221231|26|20230420|26|20231231|30|20240423|33|20240822|34|20241231|31|20250421|29|20251231|33|
1000010446|20210430|23|20211231|20|20220613|20|20231231|20|20240513|19|20241231|19|20250522|20|||||||||
1000023647|20231231|9|20240425|9|||||||||||||||||||
1000003819|20210420|17|20211231|18|20220430|19|20221231|23|20230512|26|20231231|23|20240502|25|20241231|43|20250424|44|20251231|41|20260421|42|
1000020628|20220429|50|20251231|36|20260422|33|||||||||||||||||
1000006480|20211125|58|||||||||||||||||||||
1000018579|20210531|23|||||||||||||||||||||
1000003917|20251231|12|20260428|12|||||||||||||||||||
1000003939|20210325|54|20211231|43|20220228|42|20221231|43|20231020|42|20231231|123|20240416|32|20240813|92|20241231|123|20250404|92|20251231|73|
1000010896|20210630|7|20211231|6|20220616|7|||||||||||||||||
1000021099|20241231|6|20250619|6|||||||||||||||||||
1000019718|20231231|25|20240613|29|20241231|29|20250331|29|20251231|29|20260506|29|||||||||||
1000021058|20210412|22|||||||||||||||||||||
1000008243|20210504|34|20211231|39|20220526|40|||||||||||||||||
1000004169|20210630|78|20211231|81|20220628|95|20221231|116|20230613|138|||||||||||||
1000012802|20220502|25|||||||||||||||||||||
1000014039|20210701|27|20231231|25|20240905|25|20241230|25|20250822|25|||||||||||||
1000003947|20231231|18|20240708|26|||||||||||||||||||
1000011422|20210430|4|20211231|4|20220429|8|20220430|8|20230425|6|20231231|6|20240424|4|20241231|6|20250418|3|20260421|3|||
1000012826|20210422|7|20220708|7|||||||||||||||||||
1000020507|20241231|37|20251111|27|||||||||||||||||||
1000003931|20210603|19|||||||||||||||||||||
1000003788|20211231|8|20220609|6|20221231|5|20230531|6|20231231|4|20240528|3|20241231|2|20250528|3|||||||
1000003914|20241231|31|20250820|31|||||||||||||||||||
1000014158|20221231|244|20231129|309|||||||||||||||||||
1000010449|20221231|6|20240403|6|20241231|6|20250409|9|20251231|9|20260407|9|||||||||||
1000016797|20221231|9|20230728|13|20231231|13|20240627|13|20241231|14|20250919|14|||||||||||
1000003951|20210331|18|20211231|18|20220331|19|20221231|19|20230406|19|20231231|19|20240329|19|20241231|19|20250403|19|20251231|19|20260327|19|
1000020533|20211231|42|20220404|41|||||||||||||||||||
1000008254|20241231|16|20251103|15|||||||||||||||||||
1000009728|20211231|27|20220328|27|||||||||||||||||||
1000004163|20211231|29|20221231|33|20230411|33|20241231|44|20250401|44|20251231|44|20260420|53|||||||||
1000003744|20241231|8|20250627|8|||||||||||||||||||
1000023794|20220512|13|20220930|8|||||||||||||||||||
1000009476|20211231|11|20230116|11|||||||||||||||||||
1000005258|20221231|68|20231231|58|20241120|50|||||||||||||||||
1000012088|20210415|21|20211231|28|20220420|26|||||||||||||||||
1000018585|20221231|7|20231004|8|||||||||||||||||||
1000014999|20210618|17|20211231|21|20220610|18|20221231|18|20230608|15|20231231|17|20240605|19|||||||||
1000024362|20210623|109|20211231|121|20220531|119|20221231|113|20230531|111|20231231|174|20240531|110|||||||||
1000008846|20210430|9|20220510|11|20221231|12|20230516|12|20241231|14|20250509|14|20251231|14|20260420|14|||||||
1000008244|20210405|53|20211231|44|20220331|50|20231231|44|20240531|44|20241231|54|20250325|54|||||||||
1000009015|20210712|6|20211231|8|20220615|6|||||||||||||||||
1000015650|20210321|11|20211231|10|20241231|10|20250404|10|||||||||||||||
1000024156|20210924|31|20221231|30|20230331|30|20231231|34|20240413|36|20241231|34|20250418|37|20251231|34|20260422|39|||||
1000020580|20211231|6|20220607|6|20221231|7|20230517|7|20231231|7|20240930|9|20241231|9|20250611|9|||||||
1000003593|20210526|11|20211231|10|20220823|8|20221231|10|20230531|10|||||||||||||
1000003700|20231231|13|20240531|13|20250630|14|||||||||||||||||
1000003767|20210209|15|20220112|27|||||||||||||||||||
1000014920|20210405|9|20211231|9|20220405|6|20221231|7|20230403|6|20231231|8|20240401|8|20241231|5|20250331|5|20251231|6|20260331|6|
1000003793|20211231|8|20221231|9|20230323|9|20231231|11|20240318|12|20241231|12|20250318|12|||||||||
1000013639|20210402|24|20211231|25|20220428|26|20221231|18|20230417|21|20231231|25|20240419|25|20241231|25|20250407|25|||||
1000012882|20241231|6|20251210|6|||||||||||||||||||
1000009727|20211231|8|20220606|12|||||||||||||||||||
1000022736|20221231|17|20230430|15|||||||||||||||||||
1000016807|20211231|17|20220429|18|||||||||||||||||||
1000008270|20211231|35|20220530|35|20221231|34|20230430|34|20231231|34|20240422|34|20241231|34|20250416|34|20251231|34|20260413|34|||
1000020643|20241231|282|20250331|279|20251231|260|20260403|261|||||||||||||||
1000022506|20221231|36|20231114|38|||||||||||||||||||
1000003685|20210728|6|20211231|6|20221228|6|20221231|6|20230619|6|20231231|6|20240529|6|||||||||
1000003838|20211231|25|20220426|25|20241231|26|20250716|26|||||||||||||||
1000003955|20210301|384|20220228|444|20221231|489|20230331|498|20231231|489|20240328|484|20240731|408|20241231|394|20250331|462|20251231|482|20260331|482|
1000004181|20241231|36|20250327|32|20251231|14|20260317|14|||||||||||||||
1000007936|20211231|28|20220314|27|||||||||||||||||||
1000008572|20210228|12|20211231|11|||||||||||||||||||
1000009217|20221231|99|20230331|105|20241231|140|20250424|142|20251231|153|20260427|169|||||||||||
1000010469|20210430|40|20211231|40|20220430|37|20221231|40|20230607|29|20231231|35|20240531|37|20241231|76|20250513|59|||||
1000012893|20210525|7|||||||||||||||||||||
1000015379|20210629|17|20211231|14|20220623|14|20221231|13|20230621|12|20231231|14|20240620|14|||||||||
1000017661|20241231|9|20250421|9|||||||||||||||||||
1000017765|20231231|15|20240522|15|||||||||||||||||||
1000019782|20241231|47|20250417|50|20251231|59|20260416|57|||||||||||||||
1000022413|20210427|20|20220422|20|20221231|17|20230424|20|20231231|20|20240418|23|20241231|20|20250414|23|20260409|20|||||
1000024600|20210622|9|20211231|9|20220530|9|20231231|7|20240530|7|||||||||||||
1000012763|20221231|6|20231229|10|20231231|7|20240814|7|20241231|7|20251215|7|||||||||||
1000007702|20210315|53|20210316|53|20220401|64|20231231|50|20240531|50|||||||||||||
1000008063|20221231|6|20230609|7|||||||||||||||||||
1000015965|20211231|4|20220428|4|||||||||||||||||||
1000004047|20210518|5|20211231|19|20220404|19|20221231|19|20230329|19|20241231|18|20250708|18|20251231|18|20260506|18|||||
1000019650|20210514|18|20211231|18|20220430|17|20221231|24|20230430|23|20231231|23|20240520|23|20241231|21|20250521|21|||||
1000012915|20210930|55|||||||||||||||||||||
1000018671|20211126|6|20221231|4|20240318|3|||||||||||||||||
1000023662|20241231|36|20250429|43|||||||||||||||||||
1000016422|20221231|7|20230706|8|||||||||||||||||||
1000006935|20241231|162|20250716|161|||||||||||||||||||
1000020633|20231231|12|20241007|12|||||||||||||||||||
1000004165|20211231|34|20220430|33|20221231|31|20230421|32|20231231|31|20240503|25|20241231|22|20250428|17|20251231|10|20260429|9|||
1000021247|20241231|30|20250425|30|||||||||||||||||||
1000004171|20221231|437|20231025|349|||||||||||||||||||
1000004173|20210825|8|20221231|12|20230412|12|20231231|15|20240401|15|20241231|14|20251231|17|20260330|17|||||||
1000013207|20221231|6|20230403|7|20231231|6|20240604|9|20241231|9|20250605|9|||||||||||
1000004215|20210601|716|20211231|699|20220430|625|20221231|702|20230430|729|20231231|827|20240430|827|20241231|938|20250331|988|20251231|1014|20260331|1055|
1000008061|20211231|10|20220622|10|||||||||||||||||||
1000011134|20211231|21|20220331|18|||||||||||||||||||
1000005031|20210622|15|20221231|14|20230519|14|||||||||||||||||
1000016408|20220310|17|20220525|19|20220619|20|20221231|19|20231231|17|20240912|17|20241231|17|20250512|14|20251231|19|20260504|28|||
1000006900|20210331|27|||||||||||||||||||||
1000016661|20221231|38|20231025|35|||||||||||||||||||
1000008826|20241231|53|20250325|53|20251231|56|20260317|66|||||||||||||||
1000008807|20211231|23|20220630|28|||||||||||||||||||
1000021039|20211231|11|20220429|12|20231231|19|20240502|19|20241231|19|20250516|16|20251231|17|20260511|17|||||||
1000011158|20231231|31|20240422|30|20241231|37|20250421|37|20260417|32|||||||||||||
1000015500|20221231|16|20231231|16|20240109|16|20241028|17|20241231|16|20250620|17|||||||||||
1000012407|20210409|48|20211231|50|20220405|47|20230413|49|20230415|49|20240415|58|20241231|31|20250416|34|||||||
1000010894|20210329|68|20211231|69|20220329|76|20241231|94|20250527|91|20251231|81|20260325|64|||||||||
1000023676|20210513|98|20211231|94|20220420|88|20221231|92|20230417|88|20231231|90|20240416|92|20241231|90|20250328|90|20250630|94|||
1000021954|20211013|30|20211231|30|20220613|30|||||||||||||||||
1000019745|20210624|18|20211231|18|20220624|23|20221231|23|20230621|23|20231231|23|20240621|23|20241231|23|20250625|23|||||
1000023691|20210624|68|||||||||||||||||||||
1000024478|20210623|35|20211231|35|20220617|40|20221231|47|20230531|46|20231231|57|20240625|63|20241231|69|20250625|71|||||
1000023693|20251231|53|20260507|52|||||||||||||||||||
1000022597|20210524|55|||||||||||||||||||||
1000006492|20210415|13|||||||||||||||||||||
1000023675|20220630|7|20230425|5|20230630|7|20240122|8|20250630|7|20250715|9|20260107|16|||||||||
1000006493|20210405|7|20210419|6|20221231|6|20230417|7|20231231|6|20240419|7|20241231|9|20250415|9|20251231|9|20260414|9|||
1000022420|20241231|25|20250514|25|||||||||||||||||||
1000011934|20231231|12|20240610|10|20241231|15|20250611|15|||||||||||||||
1000022507|20220708|9|||||||||||||||||||||
1000006939|20210401|6|20211231|5|20220420|7|20221231|7|20230420|6|20230421|6|20240412|4|20241231|6|20250411|5|20260331|5|||
1000007239|20211231|10|20220602|11|20221230|10|20230615|10|20231231|10|20240527|10|20241231|10|20250623|10|||||||
1000016709|20210413|6|20211231|8|20220413|9|20221231|7|20230417|7|20231231|8|20240411|9|20241231|10|20250409|10|20251231|10|20260413|10|
1000008578|20211231|38|20220711|37|||||||||||||||||||
1000024369|20211231|30|20220430|31|20221231|30|20230726|30|||||||||||||||
1000004218|20241231|8|20250409|8|||||||||||||||||||
1000007240|20220421|24|||||||||||||||||||||
1000010286|20210423|6|20211231|6|20220425|6|20221231|7|20230420|9|20231231|10|20240513|9|20241231|10|20250403|9|||||
1000004221|20221231|3|20231107|500|||||||||||||||||||
1000004226|20211231|22|20221231|23|20230330|26|20231231|30|20240331|31|20241231|34|20250328|36|20251231|32|20260327|38|||||
1000020655|20210623|14|20211029|12|20211231|16|20220506|14|20221231|13|20240314|14|20240705|13|20241231|13|20250627|12|||||
1000015690|20211231|14|20221231|14|20231109|16|20231231|13|20241107|13|20241231|15|20251103|15|||||||||
1000013898|20221231|19|20230627|17|||||||||||||||||||
1000004229|20210412|7|20211231|8|20220407|8|||||||||||||||||
1000004230|20220222|5|||||||||||||||||||||
1000021889|20210430|188|20211231|182|20221231|172|20230331|173|||||||||||||||
1000012946|20251231|88|20260323|90|||||||||||||||||||
1000024321|20210511|250|20211231|262|20220401|608|20230401|600|20231231|437|20241231|439|20250410|447|20251231|447|20260427|451|||||
1000024020|20241231|6|20250829|3|||||||||||||||||||
1000024575|20210331|19|20220310|18|20231231|19|20240422|17|20241231|17|20251209|19|||||||||||
1000017769|20221231|6|20230807|6|20231231|6|20240520|7|20241231|7|20250514|9|||||||||||
1000004233|20210316|31|20211231|29|20220321|28|||||||||||||||||
1000022832|20241231|8|20250401|10|20251231|9|20260401|10|||||||||||||||
1000032077|20231231|11|20240807|10|20241231|11|20251127|11|||||||||||||||
1000009771|20210331|67|20221231|60|20231231|46|20240321|66|20251231|58|20260228|59|||||||||||
1000024627|20211231|17|20221231|17|||||||||||||||||||
1000004238|20210131|7|20220131|5|20230131|5|20231231|5|20240313|5|||||||||||||
1000008275|20210512|35|20231231|60|20240618|60|20241231|47|20250509|44|||||||||||||
1000011160|20231231|135|20240531|39|||||||||||||||||||
1000019652|20241231|22|20250513|22|20251231|23|20260310|23|||||||||||||||
1000008277|20210430|58|20211231|59|20220430|58|||||||||||||||||
1000023682|20210531|14|||||||||||||||||||||
1000024628|20221231|11|20230331|13|20231231|11|20240423|11|||||||||||||||
1000004256|20241231|14|20251121|13|||||||||||||||||||
1000004257|20221231|4|20230526|4|20231231|4|20240626|4|||||||||||||||
1000004255|20210331|34|20211231|34|20220420|44|20221231|49|20230430|49|||||||||||||
1000013899|20221231|4|20230630|4|20231231|4|20240331|4|20241231|4|20250409|4|||||||||||
1000006501|20210520|9|20211231|9|20220412|9|||||||||||||||||
1000004267|20210428|9|20211231|13|20220427|13|||||||||||||||||
1000022721|20220715|22|||||||||||||||||||||
1000021456|20210511|14|||||||||||||||||||||
1000015554|20210422|885|20211231|877|20220316|850|20230418|896|20231231|1002|20240411|1016|20241231|982|20250331|1075|20251231|1075|20260416|1134|||
1000012053|20231231|140|20241002|133|||||||||||||||||||
1000017778|20210630|215|20211231|228|20220630|250|20221231|258|20230630|272|20231231|273|20240531|280|20241231|291|20250531|306|||||
1000015019|20210824|22|20211231|24|20220616|28|20221231|24|20231213|28|20231231|24|20240508|28|20241231|34|20250812|39|||||
1000004281|20210408|16|20220419|43|20221231|69|20230417|69|20231231|68|20240331|84|20240731|72|||||||||
1000024631|20221231|15|20231024|15|||||||||||||||||||
1000004277|20211231|41|20220401|40|20221231|44|20230406|43|20231231|41|20240328|43|20240822|50|20241231|50|20250403|49|20251231|53|20260331|55|
1000011994|20211231|9|20220512|13|20221231|14|20230509|10|20231231|10|20240424|7|20241231|7|20250430|8|20251231|10|20260331|10|||
1000015023|20210526|12|20211231|11|20220503|16|20221231|21|20231231|16|20240429|17|20240816|22|20241231|23|20250425|22|20251231|19|20260423|21|
1000019391|20210409|16|20211231|15|20220401|16|20221231|15|20230417|16|||||||||||||
1000007751|20221231|6|20231012|10|||||||||||||||||||
1000024275|20241231|29|20250701|31|||||||||||||||||||
1000016811|20211231|92|20220404|137|20230307|121|20231231|138|20240321|156|20241231|176|20250324|180|20251231|196|20260331|200|||||
1000013210|20251231|29|20260108|33|||||||||||||||||||
1000015658|20221231|10|20230531|10|||||||||||||||||||
1000009239|20211231|16|20220607|19|20221231|19|20230608|20|20231231|18|20240529|18|20241231|18|20250512|18|||||||
1000006509|20241231|8|20250714|8|||||||||||||||||||
1000012409|20211231|9|20221026|10|20231231|16|20240227|16|||||||||||||||
1000014169|20211231|23|20221231|23|20230331|25|20241231|23|20250531|22|||||||||||||
1000023694|20210330|29|20220324|21|||||||||||||||||||
1000016513|20221231|7|20230425|7|20231231|7|20240430|7|||||||||||||||
1000012135|20210406|37|||||||||||||||||||||
1000007754|20251231|25|20260331|27|||||||||||||||||||
1000004305|20231231|160|20240513|172|||||||||||||||||||
1000014330|20221231|69|20230413|71|20231231|68|20240423|65|20241231|44|20250422|45|20251231|44|20260416|41|||||||
1000015029|20211231|40|20221231|48|20230228|53|20231231|47|20240321|45|20240822|45|20241231|47|20250325|52|20251231|66|20260319|63|||
1000011162|20210520|18|||||||||||||||||||||
1000004306|20221231|4|20231231|5|20240221|5|20240416|5|20241231|4|20250408|4|20251231|4|20260403|4|||||||
1000008075|20210405|39|20211231|42|20220406|42|20220714|42|20221231|43|20230531|44|20231231|49|20240531|42|20241231|39|20250611|43|||
1000022310|20210531|25|20211231|25|20220531|23|20221231|18|20231231|15|20240607|15|20241231|15|20250612|15|||||||
1000024023|20210131|151|20211231|138|20220131|143|20221231|135|20230331|124|20240331|124|20241231|133|20250331|134|20251231|130|20260331|130|||
1000006947|20231231|60|20240718|63|20241231|61|20250521|65|||||||||||||||
1000007944|20210216|75|20211231|84|20220215|84|20221231|79|20230217|79|20241231|79|20251125|79|||||||||
1000023189|20211231|17|20221231|16|||||||||||||||||||
1000012964|20211231|7|20220414|11|20221231|11|20230412|7|20231231|6|20240401|5|20241231|5|20250326|5|20251231|6|20260327|6|||
1000015555|20211231|107|20221231|220|20231231|49|20240412|53|20241231|25|20250401|74|20251231|60|20260416|60|||||||
1000017794|20210326|8|20211231|7|20220415|8|20221231|12|20230417|13|20231231|12|20240412|13|20241231|13|20250514|12|20251231|12|20260413|12|
1000004322|20211231|152|20220731|122|20221027|134|20221231|133|20230620|187|20231231|186|20240617|195|20250531|148|||||||
1000021133|20241231|9|20250612|10|||||||||||||||||||
1000004326|20221231|49|20230430|44|20231231|42|20240701|41|20241231|42|20250424|41|20251231|42|20260429|46|||||||
1000004327|20221231|11|20230427|11|||||||||||||||||||
1000008285|20251231|15|20260507|15|||||||||||||||||||
1000010982|20210608|107|||||||||||||||||||||
1000023700|20241231|646|20250519|655|||||||||||||||||||
1000008287|20211231|109|20220331|0|20221231|102|20230228|101|20240408|65|20241231|64|20250320|63|||||||||
1000021642|20211231|17|20221231|15|20230331|15|20231231|15|20240401|15|20241231|19|20250401|19|20251231|19|20260407|19|||||
1000019345|20241231|9|20260402|9|||||||||||||||||||
1000006912|20210429|65|20211018|65|20220412|66|20231231|121|20240503|86|20241231|120|20250701|131|||||||||
1000004354|20210108|848|20211231|839|20220428|839|||||||||||||||||
1000024479|20251231|34|20260417|34|||||||||||||||||||
1000006403|20211231|12|||||||||||||||||||||
1000021753|20210415|8|20211231|8|20220408|8|20231231|8|20240328|9|20241231|10|20250327|10|20251231|10|20260316|10|||||
1000021442|20221227|14|||||||||||||||||||||
1000021761|20241231|4|20260211|4|||||||||||||||||||
1000005651|20210521|27|||||||||||||||||||||
1000011084|20241231|12|20250528|13|||||||||||||||||||
1000023341|20210226|69|20210630|69|||||||||||||||||||
1000011981|20210610|6|20220615|7|||||||||||||||||||
1000021094|20221231|17|20230430|17|20231231|26|20240520|25|||||||||||||||
1000011341|20241231|19|20260116|19|||||||||||||||||||
1000006530|20210405|463|20220405|420|20241231|163|20250331|154|20260114|131|20260406|123|||||||||||
1000011816|20210623|248|20211231|253|20220610|244|20221231|225|20230811|218|20231228|218|20241231|213|20251231|222|||||||
1000004332|20210510|77|20211231|93|20220511|99|20221231|86|20230430|58|20231231|20|20240812|10|||||||||
1000013587|20210516|6|20251231|11|20260312|11|||||||||||||||||
1000015510|20210406|14|20211231|13|20220404|17|20221231|16|20230404|15|20240329|15|20241231|14|20250328|15|20251231|14|20260409|14|||
1000022316|20220228|22|||||||||||||||||||||
1000009670|20231231|217|20240723|270|20241231|320|20250521|347|||||||||||||||
1000006909|20210531|62|20211231|63|20220613|64|20221231|66|20230614|67|20231231|65|20240531|68|20241231|67|20250930|78|||||
1000000855|20210611|49|20211231|49|20220620|43|20221102|47|20221231|47|20230601|50|20231231|51|20240601|55|20241004|50|20241231|52|20250619|50|
1000011169|20211231|119|20220530|119|20231231|75|20240503|75|20241017|76|20241231|0|20250512|67|20260407|67|||||||
1000008815|20210402|24|20211231|15|20220408|12|||||||||||||||||
1000019144|20210521|25|20221231|26|20230701|27|20231231|26|20240520|25|||||||||||||
1000018656|20210331|13|20211231|13|20220421|13|20231231|16|20240424|15|20241231|9|20250513|9|||||||||
1000016264|20211231|341|20221231|368|20231231|373|20240411|373|20241231|418|20250331|406|20251231|407|20260324|403|||||||
1000022495|20211231|64|20220615|60|20221231|50|20230605|53|20231231|44|20240619|39|20241231|36|20250430|37|||||||
1000010700|20210401|218|20211231|237|20220331|252|20221231|255|20230331|257|20231231|257|20240331|254|20241231|257|20250416|252|20251231|254|20260422|266|
1000024356|20210527|59|20211231|80|20220614|74|20221231|80|20230519|78|20231231|80|20240527|78|20241231|48|20250617|51|||||
1000021931|20210402|9|20211231|8|20220414|9|20221231|13|20230331|13|20241231|13|20250410|10|20260407|11|||||||
1000017253|20210420|23|20230419|13|20231231|8|20240425|7|||||||||||||||
1000008857|20210616|12|||||||||||||||||||||
1000009194|20221231|71|20230410|72|||||||||||||||||||
1000018836|20210630|24|||||||||||||||||||||
1000020578|20210511|73|||||||||||||||||||||
1000021750|20241231|20|20250205|20|||||||||||||||||||
1000019994|20210427|82|||||||||||||||||||||
1000021921|20221231|6|20230509|6|20231231|6|20240410|6|||||||||||||||
1000021771|20231231|8|20240403|8|20250623|8|||||||||||||||||
1000009800|20221231|22|20230906|24|||||||||||||||||||
1000023714|20210126|66|20221231|79|20230919|81|20231231|90|20240510|83|20241231|83|20250512|90|20251231|90|20260420|90|||||
1000015070|20220121|28|20220531|28|||||||||||||||||||
1000013877|20210630|8|20211213|8|20220413|7|20220630|7|20221215|7|20231122|6|20240630|7|20241118|4|||||||
1000008861|20211231|33|20220331|31|20221231|32|20230329|31|20231231|32|20240327|30|20241231|28|20251231|30|20260326|30|||||
1000024278|20210430|19|20211231|19|20220430|19|||||||||||||||||
1000008590|20210413|19|20220411|19|20221231|18|20230413|19|20231201|18|20240411|20|20241231|21|20250415|21|20250924|21|||||
1000020695|20211231|24|20220831|26|||||||||||||||||||
1000006545|20210322|14|20211231|14|20220322|14|20221231|16|20230321|15|20231231|15|20240325|15|20241231|18|20250327|18|20251231|21|20260331|23|
1000010495|20221231|7|20231227|6|||||||||||||||||||
1000004465|20241231|54|20250401|53|20251231|45|20260327|51|||||||||||||||
1000011171|20210401|11|||||||||||||||||||||
1000014046|20210426|106|20221231|106|20230425|87|20231231|85|20240408|87|20241231|86|20250414|89|20251231|83|20260210|84|20260213|84|||
1000022317|20231231|19|20240510|19|||||||||||||||||||
1000004486|20210331|11|20211231|13|20220430|12|20221231|11|20230430|11|||||||||||||
1000020703|20210408|14|20211231|14|20220327|14|20220401|14|20230413|14|||||||||||||
1000011893|20231231|17|20240408|16|||||||||||||||||||
1000016309|20210527|20|20211231|20|20220428|20|20221231|20|20230608|25|20231231|26|20240820|22|20241231|26|20250529|21|||||
1000020866|20221231|16|20230331|16|20231231|16|20240331|16|20241231|19|20250331|18|20251231|16|20260331|16|||||||
1000022958|20241231|5|20250509|12|||||||||||||||||||
1000005263|20210525|22|20241231|84|20250422|72|20251231|86|20260423|93|||||||||||||
1000016112|20231231|14|20241203|26|||||||||||||||||||
1000009920|20210324|30|||||||||||||||||||||
1000015263|20241231|13|20250425|12|20260424|14|||||||||||||||||
1000005273|20251231|547|20260403|550|||||||||||||||||||
1000005271|20210408|1328|20211231|806|20220405|821|20221231|821|20230405|814|20231231|845|20240415|846|20241231|860|20250403|859|20251231|869|20260408|856|
1000007855|20221231|260|20230418|260|20230419|260|20231231|226|20240725|226|20241231|172|20250408|184|20250731|172|20260325|172|||||
1000024072|20210401|10|20211231|11|20220411|13|20221231|13|20230331|13|20231231|14|20240331|15|20241231|14|20250401|14|20251231|14|20260310|18|
1000013114|20241231|12|20250410|13|||||||||||||||||||
1000020065|20251231|54|20260422|52|||||||||||||||||||
1000013229|20231231|10|20240630|16|||||||||||||||||||
1000023946|20241231|21|20250515|22|||||||||||||||||||
1000005279|20210412|8|20221231|7|20230410|9|20231231|11|20240412|10|20241231|10|20250408|11|20250414|11|20251231|12|20260327|12|||
1000008674|20211231|9|20220331|15|20221231|24|20230331|24|20231113|23|20240331|27|||||||||||
1000013116|20241231|244|20250409|246|||||||||||||||||||
1000022446|20210531|27|||||||||||||||||||||
1000016310|20210407|13|||||||||||||||||||||
1000018094|20231231|23|20240619|23|||||||||||||||||||
1000020096|20251231|7|20260408|8|||||||||||||||||||
1000009922|20210310|576|20210331|170|20211231|193|20220331|213|20221231|198|20230331|207|20231231|232|20240331|241|||||||
1000014204|20231231|20|20241129|23|||||||||||||||||||
1000005293|20211231|42|20221226|35|||||||||||||||||||
1000005290|20211214|13|20221231|16|20230110|17|20231231|17|20240327|17|20241231|17|20250331|25|||||||||
1000016311|20210228|67|20211231|70|20220228|66|20241231|70|20250523|64|20251231|48|20260417|43|||||||||
1000023002|20210831|49|||||||||||||||||||||
1000024699|20251231|50|20260415|48|||||||||||||||||||
1000016341|20241231|39|20250409|38|||||||||||||||||||
1000005296|20241231|10|20251023|10|||||||||||||||||||
1000020876|20211231|20|20220331|20|20221231|30|20230331|29|20231231|43|20240331|48|20241231|54|20250331|54|20251231|44|20260331|43|||
1000012237|20230610|9|20231231|9|20241231|9|20250624|10|20250923|12|||||||||||||
1000007315|20211231|13|20220503|17|20221231|16|||||||||||||||||
1000014070|20231231|12|20240626|11|||||||||||||||||||
1000007019|20211231|20|20220510|20|||||||||||||||||||
1000015270|20210531|13|20211231|13|20221231|12|20230530|12|20231231|12|20240530|12|20241231|12|20250530|12|||||||
1000019253|20211231|5|20220419|5|20231231|6|20240417|4|20241231|4|20250418|4|20251231|4|20260401|4|||||||
1000015271|20251231|15|20260421|15|||||||||||||||||||
1000012015|20220404|75|20230420|75|||||||||||||||||||
1000014072|20211231|19|20220331|18|||||||||||||||||||
1000013124|20211231|13|20220801|13|||||||||||||||||||
1000007319|20221231|28|20230615|30|20231231|30|20240527|28|20241231|24|20250610|24|20251231|24|20260511|26|||||||
1000014274|20220430|31|20221231|33|20230531|31|20231231|29|20240619|27|20241231|33|20250514|34|||||||||
1000012238|20210329|64|20211231|68|20220331|68|20221231|72|20230410|76|20231231|74|20240404|75|20241231|79|20250414|79|20251231|79|20260318|80|
1000020879|20210531|9|||||||||||||||||||||
1000008353|20210621|9|20211231|8|20220602|8|20221231|8|20230410|13|20231231|19|20240402|24|||||||||
1000018117|20221231|9|20231107|12|||||||||||||||||||
1000021513|20210125|25|20211231|27|20231128|25|20231231|21|20241101|16|20241231|19|20251101|14|||||||||
1000021237|20241231|37|20250423|37|||||||||||||||||||
1000015276|20210616|18|20211231|23|20220416|27|20221231|23|20230427|27|20231231|49|20240408|55|20251231|52|20260402|52|||||
1000006743|20210331|17|20211231|25|20220331|24|20221231|21|20230331|30|20231231|30|20240404|37|20241231|38|20250331|38|20251231|39|20260327|38|
1000005327|20211231|38|20220331|34|20231231|67|20240808|107|||||||||||||||
1000015958|20221231|20|20231025|20|||||||||||||||||||
1000005334|20210916|13|20221231|15|20230430|14|20231231|14|20241231|13|20251231|13|20260424|13|||||||||
1000005335|20211231|10|20220805|10|||||||||||||||||||
1000010922|20221231|23|20230628|18|20231231|21|20241008|19|20241231|19|20250415|21|||||||||||
1000007863|20231231|36|20240320|53|20241231|67|20250408|78|||||||||||||||
1000005338|20210526|10|20211231|9|20220609|10|20221231|10|20230609|10|20231231|10|20240610|10|20241231|10|20250617|10|20251231|10|20260420|10|
1000005339|20211231|4|20220616|5|20221231|4|20230615|5|||||||||||||||
1000020883|20210621|8|20211231|8|20220620|9|20221231|8|20230623|9|20231231|6|20240828|8|||||||||
1000022628|20210511|29|20211231|29|20220503|24|20221231|28|20230430|27|20231231|33|20240503|34|20241231|33|20250515|34|||||
1000023280|20221231|29|20230607|35|||||||||||||||||||
1000009926|20241231|39|20250531|38|||||||||||||||||||
1000012446|20210106|26|||||||||||||||||||||
1000009928|20211231|17|20220309|20|20221231|29|20230414|24|20231231|35|20240503|38|20241231|41|20250424|41|20251231|74|20260423|67|||
1000005347|20210412|5|20211231|5|20220420|4|20230421|5|||||||||||||||
1000007868|20221231|23|20231231|24|20240219|25|20241022|25|20241231|27|20250421|25|||||||||||
1000024704|20211118|7|20221231|8|20231231|8|20240306|4|20240626|4|||||||||||||
1000005352|20210928|33|||||||||||||||||||||
1000009337|20221231|15|20230825|16|||||||||||||||||||
1000021007|20210524|46|20211231|45|20220525|48|20221231|46|20230524|50|20231231|47|20240517|52|20241231|50|20250512|52|||||
1000005357|20210408|23|20211231|17|20220408|20|||||||||||||||||
1000020890|20231231|25|20240613|25|||||||||||||||||||
1000015280|20241231|6|20250219|6|||||||||||||||||||
1000011900|20211231|8|20221223|9|||||||||||||||||||
1000010558|20241231|12|20250520|0|||||||||||||||||||
1000016540|20220418|16|20221231|14|20230401|16|||||||||||||||||
1000025162|20211208|18|20211231|18|20220927|18|20230403|9|||||||||||||||
1000019264|20210331|10|20211231|14|20220331|13|20221231|13|20230331|14|20231231|14|20240328|17|20241231|15|20250327|10|20251231|20|20260327|16|
1000019268|20211231|23|20230508|30|20231231|35|20240508|34|||||||||||||||
1000013760|20251231|15|20260504|16|||||||||||||||||||
1000013137|20210528|20|20211231|25|20221222|29|20221231|29|20230621|33|||||||||||||
1000005370|20211231|8|20220523|8|20221231|8|20230404|9|20240402|11|20240404|11|20241231|8|20251231|13|20260401|13|||||
1000008683|20210401|34|||||||||||||||||||||
1000005371|20210331|28|20211231|37|20220331|33|20221231|47|20230331|42|20231231|49|20240328|51|20241231|49|20250327|45|20251231|32|20260326|36|
1000012447|20210331|28|20211231|27|||||||||||||||||||
1000010015|20210415|38|20211231|44|20220414|58|20221231|50|20231231|70|20240403|71|20241231|67|20250326|77|20251231|80|20260402|77|||
1000013843|20231231|26|20240325|28|20241231|30|20250410|31|20251231|30|20260406|31|||||||||||
1000018136|20251231|12|||||||||||||||||||||
1000005382|20221231|147|20231025|152|||||||||||||||||||
1000018137|20211231|8|20220415|8|20221231|7|20230417|7|20231231|8|20240423|8|20241231|6|20250602|6|20260511|4|||||
1000005386|20211231|6|20221130|9|20221231|8|20230615|8|20231231|10|20240617|10|20241231|10|20250729|11|||||||
1000013140|20221231|30|20230425|30|||||||||||||||||||
1000008363|20211231|41|20230420|41|||||||||||||||||||
1000014356|20220504|8|20221231|11|20230515|11|||||||||||||||||
1000009491|20210217|34|20211231|27|20220303|26|20221231|27|20230227|27|20230901|27|20231211|28|20231231|26|20241205|28|20241231|26|20251114|27|
1000005390|20211231|20|20220404|23|||||||||||||||||||
1000006754|20241231|16|20250714|19|||||||||||||||||||
1000021796|20210305|18|20211222|37|20211231|33|20220405|33|20221231|34|20230403|34|||||||||||
1000005399|20221231|981|20230810|876|||||||||||||||||||
1000015612|20211231|38|20220919|42|20221231|38|20230627|39|20231231|39|20240605|37|20241231|37|20250418|38|20251231|37|20260427|39|||
1000016859|20241231|26|20250415|0|20251231|30|20260406|36|||||||||||||||
1000018140|20210409|31|20211231|40|20220412|39|||||||||||||||||
1000024557|20210131|22|20210421|25|20211231|28|20220414|30|||||||||||||||
1000005406|20211231|31|20220729|31|20221231|31|20240202|32|||||||||||||||
1000016393|20231231|12|||||||||||||||||||||
1000015678|20211109|7|20221231|12|20231019|13|20231231|17|20240531|17|20241231|20|20251113|17|||||||||
1000005407|20231231|21|20240831|16|||||||||||||||||||
1000009937|20211129|9|20211231|9|20220614|9|20221231|9|20230621|11|20231231|11|20240618|9|20241231|10|20250528|10|||||
1000010808|20210331|43|20211231|56|20220504|64|20221231|64|20230406|64|20240331|67|20241231|63|20250402|63|20251231|67|20260401|67|||
1000018141|20251231|15|20260427|15|||||||||||||||||||
1000015291|20211231|1|20240516|1|20241231|1|20250609|1|||||||||||||||
1000024708|20210531|9|||||||||||||||||||||
1000005308|20210616|8|20221231|17|20230721|22|||||||||||||||||
1000006760|20210511|7|20210524|9|20211231|6|||||||||||||||||
1000009346|20241231|10|20250403|10|20251231|9|20260327|9|||||||||||||||
1000009347|20210630|15|20211231|22|20220630|24|20221231|23|20230630|25|||||||||||||
1000013147|20221231|32|20230913|37|||||||||||||||||||
1000018144|20211231|15|20230131|15|||||||||||||||||||
1000011037|20210615|9|20211231|9|20220614|13|20221231|9|20231231|12|20240612|13|20241231|8|20250610|5|||||||
1000010924|20210412|32|20211231|39|20220329|38|20221231|46|20230404|46|20231231|49|20240319|52|20241231|55|20250320|59|20251231|58|20260323|57|
1000013971|20211231|25|20220411|27|20221231|27|20230503|32|20230531|32|20251231|30|20260331|28|||||||||
1000019275|20251231|134|20260424|136|||||||||||||||||||
1000007874|20241231|362|20250403|412|||||||||||||||||||
1000011291|20210625|28|20211231|28|20220610|28|20221231|28|20230531|28|20231231|13|20240531|11|20241231|13|20250404|21|20251231|19|20260403|22|
1000005424|20211231|14|20221231|13|20231231|21|20240322|21|20241231|20|20250616|20|||||||||||
1000005425|20210501|20|20210527|14|||||||||||||||||||
1000020108|20210331|22|||||||||||||||||||||
1000021797|20221231|23|20231120|26|||||||||||||||||||
1000005426|20241231|12|20251128|12|||||||||||||||||||
1000024420|20210930|9|20220624|10|20221231|10|20230508|11|20231231|12|20240527|13|20241231|15|20250512|17|20251231|16|20260421|19|||
1000008692|20210217|10|||||||||||||||||||||
1000013152|20210530|15|20210615|15|20221231|12|20230619|12|||||||||||||||
1000009944|20241231|89|20250415|89|20251231|89|20260416|89|||||||||||||||
1000021471|20210415|9|20211231|10|20220331|8|20221231|10|20230410|8|20231231|8|20240404|9|20241231|4|20250401|5|||||
1000009945|20210420|18|20211231|18|20220510|18|20221231|26|20231102|28|20231231|28|20240902|30|20251231|33|20260326|33|20260428|31|||
1000006765|20241231|17|20251001|18|||||||||||||||||||
1000016395|20231231|11|20240531|11|20250630|10|||||||||||||||||
1000005440|20210315|30|20211231|46|20220407|50|20221231|61|20230418|63|20231231|49|20240417|42|20241231|49|20250430|52|||||
1000006767|20221231|8|20230605|11|20231231|9|20240607|9|20240610|7|20241231|7|||||||||||
1000023412|20251231|20|20260415|20|||||||||||||||||||
1000005446|20210616|7|20211231|7|20220607|5|20221231|7|20230616|5|20231231|5|20240612|5|20241231|5|20250620|6|||||
1000005451|20211231|5|20220414|6|20241231|5|20250228|5|20250715|5|||||||||||||
1000005450|20210620|18|20211231|15|20220602|16|20221231|16|20230531|16|20241231|18|20250521|16|||||||||
1000008695|20220530|12|20221231|12|20230530|18|20231231|17|20240607|15|20241231|17|20251031|15|||||||||
1000009348|20210604|16|20211231|16|20221231|18|20230710|17|20231231|18|20240409|17|20241231|17|20250401|17|20251231|18|20260324|19|||
1000010563|20221231|7|20230809|12|||||||||||||||||||
1000005593|20210406|70|20220412|76|20231231|82|20240408|82|20241231|82|20250418|82|20251231|82|20260407|82|||||||
1000005456|20220603|8|20221231|8|20230523|8|||||||||||||||||
1000005457|20210317|25|||||||||||||||||||||
1000008698|20211231|8|20221110|9|20241231|10|20250226|11|||||||||||||||
1000008154|20241231|20|20250509|26|||||||||||||||||||
1000011220|20220322|5|||||||||||||||||||||
1000007031|20211231|6|20220705|6|20221231|7|20230612|6|20231231|7|20240529|6|20241231|7|20250609|6|||||||
1000011908|20211231|43|20220516|50|20221231|48|20231231|54|20240618|62|20241231|24|20250228|28|20251231|24|20260428|39|||||
1000024083|20210419|88|20211231|86|20220418|57|20221231|61|20230331|60|||||||||||||
1000020915|20210228|15|||||||||||||||||||||
1000007032|20210309|9|20221231|6|20231116|5|||||||||||||||||
1000006774|20211231|18|20220331|17|||||||||||||||||||
1000023004|20211231|12|20220620|11|||||||||||||||||||
1000015895|20211231|34|20220331|28|20231231|32|20240413|32|||||||||||||||
1000007033|20210810|11|20221230|13|||||||||||||||||||
1000007972|20210210|7|20241231|10|20250417|8|||||||||||||||||
1000023299|20241231|2|20250415|2|20251231|2|20260415|2|||||||||||||||
1000018162|20210315|46|||||||||||||||||||||
1000005479|20210621|4|20211231|4|20220929|4|20230627|4|||||||||||||||
1000015306|20231231|86|20241224|66|||||||||||||||||||
1000013774|20210430|46|20211231|54|20220430|54|20221231|62|20230430|66|20231231|66|20240630|72|20240813|72|20241231|74|20250430|75|||
1000019280|20210930|1313|20211231|1318|20221231|1307|||||||||||||||||
1000015309|20210611|8|20211231|10|20220610|22|20221231|20|20230609|25|20231231|43|20240531|48|20241231|67|20250611|61|||||
1000023963|20221231|5|20231107|5|20231231|5|20240626|5|20241231|5|20250620|5|||||||||||
1000015763|20210930|23|20211228|27|20220930|29|20221226|23|20230324|20|20230930|29|20240321|31|20240930|37|20250317|34|20250930|28|20251027|32|
1000005490|20210825|12|20220624|12|20230622|17|20231231|12|20240909|11|20241231|12|20250707|10|||||||||
1000006778|20221118|5|||||||||||||||||||||
1000009068|20220316|25|||||||||||||||||||||
1000023814|20210326|7|||||||||||||||||||||
1000011042|20210531|8|20211231|15|20220614|17|20221231|14|20230601|18|20231231|13|20240617|9|20241231|13|20250620|19|||||
1000023965|20211231|10|20221231|8|20231231|10|20240709|10|||||||||||||||
1000005498|20210318|17|20231231|19|20240422|23|20241231|30|20250325|30|20260311|30|||||||||||
1000018169|20211231|15|20220706|11|20221231|13|20230613|11|20231231|10|20240325|10|20241231|10|20250528|12|||||||
1000010926|20210615|6|||||||||||||||||||||
1000006781|20241231|0|20250417|0|||||||||||||||||||
1000022450|20210617|9|20211231|13|20220609|13|20221231|15|20230523|18|20231231|17|20240528|19|20241231|17|20250527|19|||||
1000011477|20221231|8|20240306|8|||||||||||||||||||
1000023966|20211231|17|20220331|16|||||||||||||||||||
1000005502|20241231|30|20251210|30|||||||||||||||||||
1000019287|20211231|6|20220930|10|20221231|9|20230731|12|20231231|10|20250224|8|||||||||||
1000007884|20211231|6|20220523|6|||||||||||||||||||
1000016861|20210930|17|20211231|13|20220426|18|20221231|20|20230405|20|20231231|21|20240411|25|||||||||
1000019291|20211231|10|20220420|10|||||||||||||||||||
1000023307|20210615|8|||||||||||||||||||||
1000012308|20211231|15|20230131|13|20251231|23|20260331|25|||||||||||||||
1000010814|20211206|4|||||||||||||||||||||
1000008377|20211231|12|20221231|18|||||||||||||||||||
1000009955|20211231|16|20220426|16|||||||||||||||||||
1000024250|20210930|23|||||||||||||||||||||
1000015322|20210401|164|20211231|202|20221231|305|20230331|321|20240331|321|20241231|332|20250515|339|||||||||
1000006782|20231231|9|20240513|10|||||||||||||||||||
1000005523|20211231|8|20231031|10|20231231|10|20240615|8|20241231|10|20250623|10|||||||||||
1000013167|20211025|17|||||||||||||||||||||
1000005533|20211231|7|20220818|9|20221117|9|||||||||||||||||
1000016549|20210329|19|||||||||||||||||||||
1000005534|20220418|10|||||||||||||||||||||
1000019297|20210218|22|20210524|19|20211231|20|20220411|22|20221231|24|20230413|26|20231231|29|20240426|30|20241231|29|20250430|23|20251231|22|
1000006783|20211231|11|20220413|12|20230417|10|20231231|11|20240430|10|20241231|11|20250402|11|||||||||
1000005539|20210806|14|20211231|17|20220629|21|20221231|22|20230525|22|20231231|23|20240613|23|20241231|20|20250618|17|||||
1000010572|20211231|26|20220328|25|20221231|29|20230321|33|20231231|43|20240322|73|20241231|78|20250321|79|20251231|71|20260317|77|||
1000023968|20241231|65|20250408|65|||||||||||||||||||
1000013169|20210524|18|20210531|20|20211231|16|20221231|21|20230522|25|||||||||||||
1000020120|20210210|17|||||||||||||||||||||
1000009963|20251231|14|20260410|14|||||||||||||||||||
1000005548|20211231|97|20220420|100|20221231|87|20230406|87|20231231|79|20240419|79|20241231|78|20250331|78|20251231|42|20260331|30|||
1000024423|20241231|5|20250428|4|||||||||||||||||||
1000009361|20210331|74|||||||||||||||||||||
1000021242|20211231|82|20220731|73|20231231|82|20241231|59|20250312|58|20250806|56|||||||||||
1000009075|20221231|11|20230710|15|||||||||||||||||||
1000011224|20210512|12|20211231|14|20220513|12|20221231|13|20230425|13|20230430|13|20231231|13|20240508|14|20241231|13|20250514|13|||
1000008381|20210531|65|20211231|60|20220513|59|20231231|67|20240416|64|||||||||||||
1000005559|20251231|76|20260506|79|||||||||||||||||||
1000009967|20220530|82|||||||||||||||||||||
1000005563|20221231|8|20230331|8|20241231|15|20250507|13|20251231|7|20260429|7|||||||||||
1000008926|20210331|6|||||||||||||||||||||
1000005565|20210325|5|||||||||||||||||||||
1000008714|20210512|26|20211231|23|20220422|26|20221231|26|20230508|25|20231122|23|20231231|22|20240507|24|20241231|23|20250430|20|20251231|20|
1000006791|20251231|6|20260105|6|||||||||||||||||||
1000019301|20221004|1|20231231|1|20240419|1|||||||||||||||||
1000024728|20221231|11|20230322|11|20230706|11|20231231|12|20240411|10|20241231|17|20250410|19|20251231|18|20260417|13|||||
1000024740|20241231|12|20250331|13|20251231|13|20260331|13|||||||||||||||
1000024750|20211231|16|20220331|18|||||||||||||||||||
1000024774|20221231|9|20230731|12|||||||||||||||||||
1000024756|20220225|5|||||||||||||||||||||
1000024785|20210622|14|20211231|14|20220531|14|20221231|14|20230531|14|20231231|11|20240531|15|20250623|11|||||||
1000024847|20210325|26|20211231|26|20220425|31|20221231|20|20230626|18|20231231|11|20240408|13|||||||||
1000024840|20210618|10|20211231|13|20220623|13|20221231|9|20230621|9|20231231|5|20240618|8|20241231|8|20250618|6|||||
1000024800|20221231|5|20230510|5|20241231|5|20251231|3|||||||||||||||
1000024818|20241231|6|20250627|5|||||||||||||||||||
1000024832|20210322|21|20211015|14|||||||||||||||||||
1000028571|20210602|18|20221231|8|20230508|9|20241206|12|20241231|12|20250617|15|||||||||||
1000024856|20221231|84|20231231|84|20240213|84|20250121|87|||||||||||||||
1000024891|20241231|25|20250916|23|||||||||||||||||||
1000024923|20241231|28|20250513|35|||||||||||||||||||
1000024869|20221231|3|20230531|3|20231231|3|20240605|3|20241231|2|20250521|2|20251231|2|20260428|2|||||||
1000024915|20210518|9|20230530|9|||||||||||||||||||
1000024861|20241231|21|20250520|22|||||||||||||||||||
1000024898|20210430|49|20221231|71|20230425|78|20231231|88|20240331|90|20241231|42|20250331|46|20251231|42|20260401|44|||||
1000024900|20211222|23|20220408|22|||||||||||||||||||
1000024918|20211231|121|20220420|161|20221231|184|20230417|130|||||||||||||||
1000025026|20231231|30|20240813|31|||||||||||||||||||
1000024991|20210630|15|||||||||||||||||||||
1000025012|20210331|25|20220331|30|||||||||||||||||||
1000024941|20211206|20|20221231|27|20230518|33|20231204|31|20231231|30|20240802|31|20241231|28|20250331|25|20251231|24|20260416|26|||
1000025021|20241231|20|20250328|20|||||||||||||||||||
1000024982|20210723|7|||||||||||||||||||||
1000024994|20211231|7|20220525|8|20221231|9|20230430|11|20231231|9|20240417|9|20241231|6|20250507|10|20251231|10|20260331|11|||
1000024963|20231231|11|20240531|11|||||||||||||||||||
1000024950|20210601|8|||||||||||||||||||||
1000025000|20221231|13|20240118|13|||||||||||||||||||
1000024968|20241231|15|20250424|12|||||||||||||||||||
1000024957|20211231|1|20240704|1|20241231|1|20250415|1|||||||||||||||
1000025068|20210930|578|||||||||||||||||||||
1000025065|20221231|10|20230428|12|||||||||||||||||||
1000025113|20241231|20|20250825|31|||||||||||||||||||
1000025067|20220805|5|20221231|5|20230609|6|20231231|5|20240610|6|20241231|7|20250522|9|||||||||
1000025048|20210702|4|20211231|5|20220412|6|20221231|9|20230413|7|20231231|9|20240411|11|20241231|9|20250408|11|20251231|10|20260401|15|
1000025115|20211231|3|20220621|3|||||||||||||||||||
1000025052|20210503|19|20211231|21|20220331|20|20221231|21|20230331|21|20231231|21|20251231|26|20260408|26|||||||
1000025148|20251231|52|20260423|55|||||||||||||||||||
1000025134|20231231|31|20240402|33|20241231|32|20250513|38|||||||||||||||
1000025158|20231230|3|20240625|3|20250623|2|||||||||||||||||
1000025140|20220420|14|20221231|15|20230424|19|20231231|19|20240628|16|20241231|15|20250610|14|||||||||
1000025204|20211231|14|20221231|13|20230307|13|||||||||||||||||
1000025203|20251231|16|20260326|16|||||||||||||||||||
1000017862|20211115|82|||||||||||||||||||||
1000004490|20221231|28|20230530|35|||||||||||||||||||
1000013677|20211231|9|20220509|9|||||||||||||||||||
1000015077|20241231|5|20250807|5|||||||||||||||||||
1000024645|20210614|15|||||||||||||||||||||
1000019491|20211231|50|20221104|53|||||||||||||||||||
1000011020|20211231|15|20221214|16|20231231|16|20241007|16|20241231|16|20251114|18|||||||||||
1000012992|20251231|7|20260310|7|||||||||||||||||||
1000015719|20211231|4|20220617|3|20221231|4|20231231|6|20240613|6|20241231|6|20250609|5|||||||||
1000022562|20211105|10|||||||||||||||||||||
1000019172|20211231|14|20230210|16|20231231|16|||||||||||||||||
1000010238|20211231|69|20220404|76|20221231|75|20231231|176|20241231|88|20250407|88|20251231|88|20260403|88|||||||
1000013678|20210810|7|||||||||||||||||||||
1000017865|20210414|17|20211231|17|20220413|16|20221231|16|20230418|17|20231231|13|20240521|14|20241231|13|20250430|13|20251231|14|20260506|14|
1000024305|20210312|24|20221231|57|20231115|78|||||||||||||||||
1000012137|20210507|9|20211231|9|20221006|9|20221231|9|20230605|9|||||||||||||
1000017867|20221231|35|20240402|45|20241231|56|20250331|57|20251231|72|20260402|75|||||||||||
1000004510|20210413|28|||||||||||||||||||||
1000006955|20210408|13|20220610|15|||||||||||||||||||
1000004514|20210527|12|20211231|13|20220527|13|||||||||||||||||
1000024502|20231231|9|20240905|9|20241231|6|20250408|6|20251231|7|20260421|8|||||||||||
1000022837|20251231|58|20260331|62|||||||||||||||||||
1000022838|20210430|17|20210530|17|20211231|17|20221231|17|20230508|17|20231231|17|20240417|15|20241231|14|20250428|14|||||
1000004517|20210521|13|||||||||||||||||||||
1000011136|20211231|7|20220401|8|||||||||||||||||||
1000010395|20210831|79|20211231|78|20220630|80|20221231|86|20231231|94|20240430|96|20241231|109|20250509|127|||||||
1000022931|20210531|23|20211231|21|20220531|12|20221231|12|20230524|14|20231231|11|20240516|11|20241231|11|20250519|13|||||
1000010999|20211231|13|20220419|13|20221230|13|20221231|13|20230508|13|20231231|13|20240508|13|20241231|13|20250408|13|20251231|13|20260413|12|
1000010306|20241231|9|20250227|9|||||||||||||||||||
1000014085|20210423|24|||||||||||||||||||||
1000017873|20211231|11|20220404|11|20221231|11|20230330|11|20241231|10|20250328|10|||||||||||
1000018685|20210604|166|||||||||||||||||||||
1000008129|20210409|41|20211231|36|20220317|37|20221231|39|20230406|42|20231231|39|20240322|42|20241231|39|20250326|38|20251231|39|||
1000015565|20210228|26|20211231|29|20220518|29|20221231|37|20230523|36|20231231|30|20240524|30|20241231|28|20250524|30|||||
1000006514|20241231|11|20250418|11|||||||||||||||||||
1000004559|20241231|35|20250410|43|||||||||||||||||||
1000023191|20221231|28|20230731|32|20231231|32|20240630|30|||||||||||||||
1000010891|20210411|9|20210413|8|20211231|8|20221231|9|20230411|10|20231231|10|20241231|9|20250328|9|20251231|9|20260410|9|||
1000003924|20210707|16|||||||||||||||||||||
1000012386|20210510|16|20211231|14|20220412|20|20221231|22|20230531|22|||||||||||||
1000004089|20210407|10|20211119|10|||||||||||||||||||
1000013601|20221231|9|20230519|11|20231231|9|20240516|7|20241231|9|20250516|11|||||||||||
1000013616|20221231|14|20240307|34|20241231|58|20250526|58|||||||||||||||
1000004366|20210401|45|20211231|47|20220413|48|20221231|51|20230331|58|20231231|53|20240416|57|20241231|54|20250404|58|20251231|60|20260422|65|
1000006418|20241231|18|20251024|15|||||||||||||||||||
1000028259|20211230|34|20211231|34|20220627|34|20230630|27|20240510|27|20241230|30|20250630|36|20260312|26|||||||
1000007616|20210416|10|20220501|10|20230419|11|20241231|10|20250512|9|20251231|10|20260428|9|||||||||
1000007657|20210731|130|||||||||||||||||||||
1000008231|20210419|6|20241231|11|20250425|11|||||||||||||||||
1000009223|20210127|21|20210401|22|20220406|19|20221231|19|20230411|21|||||||||||||
1000008564|20221231|19|20230620|20|||||||||||||||||||
1000008480|20210321|9|20210324|8|20210331|8|20221231|9|20230315|9|20231231|9|20240314|9|20240807|10|20241231|10|20250312|10|20251231|9|
1000008932|20231231|50|20241217|50|||||||||||||||||||
1000008555|20221231|12|20230331|13|||||||||||||||||||
1000019358|20210511|48|20220421|47|20221231|48|20230426|44|20231231|49|20240507|51|20241231|42|20250423|43|20251231|43|20260420|47|||
1000009191|20210406|7|20211231|7|20220510|7|20221231|7|20230420|7|20231231|8|20240415|6|20241231|9|20250401|8|20251231|11|20260330|11|
1000009205|20231231|32|20240516|32|||||||||||||||||||
1000020334|20210428|13|20211231|12|20220430|14|20221231|12|20230430|15|20231231|16|20240430|17|20241231|19|20250424|18|20251231|19|20260429|19|
1000019778|20210601|29|20211231|31|20220602|51|20221231|54|20230609|23|20231231|25|20240607|20|20241231|17|20250604|15|20250620|15|||
1000010000|20210704|3|20211231|3|20220714|3|||||||||||||||||
1000009745|20210628|5|20221231|4|20240311|4|||||||||||||||||
1000010201|20210322|30|20211231|29|20220407|29|||||||||||||||||
1000010463|20221231|10|20230926|10|20231231|12|20240513|12|||||||||||||||
1000010190|20210607|22|20211231|30|20220610|39|20221231|39|20230616|32|20231231|36|20240701|33|20241231|32|20250619|33|||||
1000010665|20211231|32|20220329|33|20220331|33|||||||||||||||||
1000010670|20211231|6|20220420|1|20230412|8|||||||||||||||||
1000021733|20221231|6|20230704|9|20231231|6|20240618|9|20241231|9|20250612|7|||||||||||
1000021755|20210304|10|20210531|10|20211231|13|20220531|12|||||||||||||||
1000010882|20221231|1|20230721|1|20231231|11|20240614|9|20241231|15|||||||||||||
1000011168|20221231|44|20230524|45|20231231|45|20241025|49|20241231|46|20250611|46|||||||||||
1000011235|20211231|10|20221025|8|20221231|8|20230907|8|||||||||||||||
1000011141|20221231|14|20231031|14|||||||||||||||||||
1000011305|20231231|31|20241029|8|20241231|31|20260128|9|||||||||||||||
1000011320|20211231|12|20220623|12|||||||||||||||||||
1000010993|20211231|18|20221231|18|20230503|15|20231231|11|20240513|11|20241231|11|20250514|11|20251231|11|20260511|11|||||
1000011328|20241231|26|20250905|27|||||||||||||||||||
1000011421|20211231|8|20220831|8|20221231|8|20230831|9|||||||||||||||
1000011978|20241231|8|20250311|7|20251231|11|20260330|10|||||||||||||||
1000012035|20211230|4|20231231|21|20241121|22|||||||||||||||||
1000011545|20220124|12|||||||||||||||||||||
1000012081|20210506|41|20211231|41|||||||||||||||||||
1000023150|20251231|6|20260403|6|||||||||||||||||||
1000023152|20210930|306|||||||||||||||||||||
1000012711|20220412|43|20221231|44|20231213|44|||||||||||||||||
1000013333|20241231|6|20260406|6|||||||||||||||||||
1000013200|20211231|201|20220531|199|||||||||||||||||||
1000017830|20221201|20|20230601|18|20251231|20|20260331|21|||||||||||||||
1000023116|20221231|23|20230530|24|20231231|23|20240617|24|||||||||||||||
1000023015|20241231|9|20251028|9|||||||||||||||||||
1000023139|20210331|12|20210430|15|||||||||||||||||||
1000023125|20251231|11|20260414|10|||||||||||||||||||
1000014867|20211231|7|20221231|7|20231205|9|20231231|0|20240722|0|20241231|8|20251209|8|||||||||
1000014684|20220613|10|20221231|10|20230613|10|||||||||||||||||
1000022621|20241231|7|20250520|7|||||||||||||||||||
1000019600|20211231|20|20230127|24|20241213|30|20241231|28|20250704|28|||||||||||||
1000022132|20210630|39|||||||||||||||||||||
1000013944|20210506|20|20211231|20|20220509|20|20221231|22|20230627|18|20231231|20|20240531|19|20241231|18|20250630|22|||||
1000014035|20231231|8|20240524|8|||||||||||||||||||
1000015465|20241231|28|20250428|29|20251231|35|20260429|36|||||||||||||||
1000015548|20210630|10|20211216|13|20220630|12|20221215|13|20230630|13|20231215|12|20240630|11|20241206|10|20250630|12|20251117|10|||
1000015511|20251231|27|||||||||||||||||||||
1000016784|20251231|9|20260226|10|||||||||||||||||||
1000019911|20211231|22|20230303|22|||||||||||||||||||
1000019851|20231231|19|20240521|19|||||||||||||||||||
1000020124|20210415|27|20220422|27|20221231|21|20230331|21|||||||||||||||
1000019938|20210622|13|20211231|13|20220621|6|20221231|9|20230531|8|20231231|8|20240604|9|20250620|5|||||||
1000018660|20210630|31|||||||||||||||||||||
1000018665|20210601|5|20220614|5|20221231|5|20230508|5|20231231|4|20240618|4|20241231|4|20250624|4|||||||
1000015829|20210331|10|20220623|13|20221231|10|20230512|13|20231231|21|20241231|12|20250407|12|||||||||
1000016209|20231231|11|20240531|12|20241231|12|20250630|10|||||||||||||||
1000016215|20210416|17|20211231|19|20220418|19|||||||||||||||||
1000018839|20211231|9|20230207|8|20231231|9|20240522|8|||||||||||||||
1000015941|20251231|25|20260423|25|||||||||||||||||||
1000019109|20210409|19|20210430|19|20211231|19|20230417|19|20231231|19|20240419|19|20241231|12|20250416|12|||||||
1000019068|20211231|23|20220509|19|20221231|20|20230511|24|20231231|20|20240509|20|20241231|15|20250509|17|||||||
1000018876|20210408|9|20210518|9|20211231|9|20221231|8|20230516|8|20231231|8|20240507|8|20241231|11|20250512|10|||||
1000016206|20210331|25|20211231|21|20220331|21|20221231|19|20231102|15|||||||||||||
1000016231|20211231|11|20220509|12|20221231|12|20230612|12|20241231|12|20250609|11|||||||||||
1000016246|20210407|36|20221231|35|20230330|37|20231231|36|20240402|37|20241231|35|20250403|31|20251231|34|20260320|35|||||
1000024137|20221231|36|20231219|34|20241231|32|20251215|37|||||||||||||||
1000016410|20251231|80|20260413|80|||||||||||||||||||
1000024456|20220930|7|20230309|7|20230930|7|20240315|7|20240930|7|20250411|9|20250930|9|20260313|9|||||||
1000024257|20230405|15|||||||||||||||||||||
1000022500|20230630|13|20240208|13|||||||||||||||||||
1000001432|20211231|48|20220331|49|20221231|46|20230228|48|20231231|59|20240328|58|20251231|23|20260401|23|||||||
1000008036|20221231|4|20230822|4|20231231|3|20241023|3|20241231|3|20251014|4|||||||||||
1000003118|20210326|1919|20211231|1316|20220413|1918|20221231|1944|20230404|4084|20231231|2275|20241231|2435|20250411|2592|20251231|2591|20260325|2592|||
1000010487|20211231|21|20221223|21|20221231|21|||||||||||||||||
1000024171|20211231|22|20220725|21|20221231|20|20230814|18|20231231|20|20240417|25|||||||||||
1000018682|20231231|11|20241031|17|||||||||||||||||||
1000023169|20210430|133|20211231|139|20220430|124|20221231|144|20230430|137|20231231|120|20240531|114|20241231|121|20250531|123|||||
1000012415|20210511|38|20211231|40|20220422|50|||||||||||||||||
1000015558|20241231|17|20250408|17|||||||||||||||||||
1000011999|20210331|23|20211231|22|20220407|23|20221231|24|20230331|22|20241231|24|20250331|24|20251231|20|20260428|17|||||
1000023711|20241231|10|20250220|11|20260116|10|||||||||||||||||
1000004364|20231231|12|20240809|11|20241231|11|20250605|10|||||||||||||||
1000004563|20210510|8|20211231|7|20220427|8|20230519|8|20231231|7|20240507|7|20241231|5|20250502|6|20251230|6|20260420|7|||
1000021810|20210524|7|20220525|7|20230525|7|20231231|8|20240528|8|20241231|8|20250523|8|||||||||
1000027409|20221231|41|20230731|50|20241231|66|20260105|69|||||||||||||||
1000032039|20220926|817|||||||||||||||||||||
1000006578|20221231|15|20230508|15|20231231|15|20240614|28|20241231|27|20250423|25|20251231|25|20260408|24|||||||
1000009268|20210203|5|20211231|4|20220602|4|20221231|4|20241231|4|20250429|4|20251231|4|20260428|4|||||||
1000022513|20211231|72|20220620|72|||||||||||||||||||
1000017913|20221231|24|20230413|24|20231231|29|20240416|29|20241231|30|20250415|30|20251231|28|20260408|29|||||||
1000009270|20221231|15|20240319|16|||||||||||||||||||
1000023325|20211231|9|20220216|11|20230215|13|||||||||||||||||
1000011509|20210512|23|20211231|24|20220513|23|20221231|20|20230426|23|20231231|22|20240429|21|20241231|20|20250617|23|||||
1000020730|20221231|6|20231231|6|20240219|4|20241204|6|20241231|6|20260205|8|||||||||||
1000024388|20211231|45|20220430|38|20221231|45|20230331|34|||||||||||||||
1000008601|20241231|16|20250430|16|||||||||||||||||||
1000013005|20211231|10|20220419|9|20221231|9|20230424|9|20231231|8|20240626|9|20240819|0|20250624|8|||||||
1000024467|20231231|14|20240424|14|20251231|10|20260416|10|||||||||||||||
1000004673|20231231|12|20241218|10|20241231|12|20250403|11|||||||||||||||
1000013017|20211231|17|20220325|12|||||||||||||||||||
1000004676|20241231|2|20250516|3|||||||||||||||||||
1000014183|20210512|10|20211231|18|20220526|18|20221231|16|20230623|19|20231231|19|20240617|20|20241231|18|20250613|23|||||
1000013690|20210331|311|20211231|310|20220325|320|20221231|341|20230330|338|20231231|391|20240331|390|||||||||
1000010770|20210228|285|20211231|276|20220331|288|20221231|253|20230331|332|20231231|298|20240411|279|20241231|298|20250411|279|||||
1000008602|20211231|45|20220331|44|20221231|42|20230331|45|20241231|34|20250331|36|20250831|30|20251231|28|20260413|25|||||
1000013019|20210331|166|20240328|161|20250228|170|||||||||||||||||
1000015118|20221231|10|20230508|11|||||||||||||||||||
1000004683|20210408|124|20211231|120|20220414|135|20221231|221|20230417|181|20231231|149|20240704|156|||||||||
1000006584|20210420|17|20211231|17|20220419|18|20221231|18|20230412|17|20231231|16|20240416|16|20241231|17|20250416|17|20251231|17|20260430|19|
1000012222|20210513|48|20211231|62|20220526|44|20221231|47|20230525|55|20231231|58|20240531|61|||||||||
1000006970|20230809|8|20241231|6|20251222|5|||||||||||||||||
1000016098|20210408|11|20211231|17|20220408|20|20221231|11945|20230418|18644|20231231|2302|20240419|3128|20241231|1057|20250408|1216|20251231|1057|20260402|691|
1000008872|20210727|8|20241231|7|20250513|7|||||||||||||||||
1000015122|20241231|8|20251223|8|||||||||||||||||||
1000004686|20221231|17|20231231|19|||||||||||||||||||
1000004419|20210414|13|20211231|14|20220415|14|20231231|16|20240403|17|20241231|16|20250404|16|20251231|16|20260402|14|||||
1000012426|20210615|20|20211231|29|20220620|30|20221231|20|20230430|19|20230531|18|20231231|18|20241230|11|20250619|15|20251231|18|20260331|18|
1000013692|20210331|25|20241231|30|20260122|31|||||||||||||||||
1000023735|20251231|60|20260408|59|||||||||||||||||||
1000013020|20210331|94|20210930|87|||||||||||||||||||
1000008605|20210507|10|20211231|6|20221231|10|20230519|11|||||||||||||||
1000009460|20211231|18|20221231|30|20231231|31|||||||||||||||||
1000021364|20211231|20|20220428|21|||||||||||||||||||
1000021462|20210520|101|||||||||||||||||||||
1000004694|20210517|17|20211231|19|20220406|19|||||||||||||||||
1000004696|20241231|16|20260102|11|||||||||||||||||||
1000004695|20251231|35|20260407|36|||||||||||||||||||
1000009820|20211231|710|20241231|707|20250331|721|20251231|723|20260331|657|||||||||||||
1000021464|20210801|27|20221231|28|20230731|27|20241231|31|20250331|30|||||||||||||
1000013023|20210405|18|20211231|23|20220331|20|20221231|23|20230405|22|20231231|23|20240401|23|20241231|25|20251231|26|20260330|26|||
1000015125|20231231|17|20241029|17|||||||||||||||||||
1000004704|20211231|25|20220414|25|20221231|24|||||||||||||||||
1000020035|20251231|23|20260414|23|||||||||||||||||||
1000024049|20231231|33|20241217|41|20241231|37|20250408|39|||||||||||||||
1000020036|20211231|7|20221229|7|||||||||||||||||||
1000011182|20210507|45|20211231|44|20220517|38|20221231|34|20230515|32|20231231|34|20240510|38|20241231|35|20250515|36|20251121|36|||
1000022324|20221231|32|20230627|30|20231231|29|20240430|28|20241231|30|20250520|29|||||||||||
1000023709|20220920|11|20251231|10|20260427|10|||||||||||||||||
1000007792|20210405|10|20211231|10|20220519|13|20221231|14|20230511|13|20231231|12|20240521|13|20241231|16|20250514|17|20251231|17|20260507|20|
1000004708|20210623|33|20231231|33|20240620|45|20241231|45|20250620|84|||||||||||||
1000008860|20211231|13|20220330|14|||||||||||||||||||
1000016521|20241231|37|20260113|37|||||||||||||||||||
1000010912|20211231|8|20220421|8|20230414|8|20250612|12|||||||||||||||
1000012061|20211231|4|20230626|4|||||||||||||||||||
1000004713|20210304|17|20210317|15|||||||||||||||||||
1000025256|20211231|213|20220418|213|20220430|213|20230418|225|20230424|226|20240415|226|20241231|226|20250415|228|20251231|240|20260415|237|||
1000025235|20210513|11|20220404|11|20221231|10|20231016|12|20231231|10|20240618|10|20241231|9|20251231|6|20260331|8|||||
1000025176|20231231|9|20240716|6|||||||||||||||||||
1000025264|20211231|24|20230131|52|||||||||||||||||||
1000025230|20221231|30|20230331|28|20231231|27|20240416|26|||||||||||||||
1000025210|20211231|46|20221116|57|20231231|58|20240430|43|||||||||||||||
1000025181|20231231|11|20240422|14|20240530|14|20241231|17|20250512|16|||||||||||||
1000025305|20231231|158|20240101|158|||||||||||||||||||
1000025313|20241231|13|20250523|13|||||||||||||||||||
1000025307|20210406|10|20211231|16|20220407|18|20221231|13|20230411|11|20231231|13|20240404|8|20241231|9|20250408|8|||||
1000025284|20241231|23|20260109|16|||||||||||||||||||
1000025293|20211224|5|20241231|5|20251209|4|||||||||||||||||
1000025270|20211231|22|20220630|25|20230314|22|20231231|25|20240509|25|20241231|25|20250512|25|20251231|25|20260507|27|||||
1000025306|20211112|7|20211130|7|20211231|7|20241231|6|20250529|6|||||||||||||
1000025304|20231231|9|20240507|9|||||||||||||||||||
1000025289|20211231|32|20220430|34|20220630|44|20221231|34|||||||||||||||
1000025337|20211231|17|20220620|18|20230615|18|20250627|22|||||||||||||||
1000025349|20241231|22|20251031|20|||||||||||||||||||
1000025344|20210413|13|20211231|21|20221231|20|20241231|21|20250407|18|||||||||||||
1000025391|20221231|6|20231207|7|20231231|6|20241119|7|20241231|5|20251113|6|||||||||||
1000025386|20211231|14|20220331|19|20230331|27|20231231|40|20250107|52|||||||||||||
1000025376|20231231|19|20240625|20|20241231|18|20250416|22|||||||||||||||
1000025375|20231231|73|20240626|69|||||||||||||||||||
1000025382|20210420|29|20211231|38|20220412|40|20221231|43|20230403|43|20230411|43|20241231|46|20250408|47|||||||
1000025368|20211231|66|20220331|67|20231231|61|20240501|54|20241231|36|20250623|37|||||||||||
1000025361|20210708|18|||||||||||||||||||||
1000025363|20211210|11|20231231|8|20241213|7|20250626|8|||||||||||||||
1000025365|20210819|9|||||||||||||||||||||
1000025389|20211231|11|20221011|12|20221231|12|20230621|11|20231231|10|20240618|9|20241231|9|20250609|11|||||||
1000025412|20241231|3|20250604|3|||||||||||||||||||
1000025409|20221231|7|20230615|7|20231231|7|20240507|8|||||||||||||||
1000025426|20211231|9|20230410|9|||||||||||||||||||
1000025411|20241231|9|20250410|9|20251231|16|20260407|16|||||||||||||||
1000025441|20210512|7|20221231|6|20230420|8|||||||||||||||||
1000025449|20231231|9|20240531|16|20241231|19|20250531|21|||||||||||||||
1000025459|20221231|1|20230831|2|||||||||||||||||||
1000025461|20210427|17|20211231|17|20220425|18|||||||||||||||||
1000029264|20210616|14|20211231|12|20220617|12|20221231|13|20230615|10|20231231|13|20240618|14|20241231|14|20250617|13|||||
1000025469|20221231|24|20230418|23|||||||||||||||||||
1000025506|20220419|16|||||||||||||||||||||
1000025524|20210422|7|20211231|6|20220425|6|20230419|6|||||||||||||||
1000025520|20221231|19|20230630|19|||||||||||||||||||
1000025521|20210528|16|||||||||||||||||||||
1000025539|20231231|77|20240619|98|20251231|119|20260409|118|||||||||||||||
1000025534|20210818|6|20231231|10|20240415|10|20241231|12|20250402|12|||||||||||||
1000025537|20211129|7|20211231|7|20231231|7|20240604|7|||||||||||||||
1000025533|20210228|30|20220112|34|||||||||||||||||||
1000025541|20210131|8|20211203|9|20211231|8|20220518|10|20221231|11|20230829|12|||||||||||
1000025555|20220124|10|20220602|9|||||||||||||||||||
1000025563|20210228|23|||||||||||||||||||||
1000025564|20221231|31|20230614|31|20231231|36|20240411|35|20241231|36|20250409|37|20251231|39|20260406|37|||||||
1000025586|20210507|8|20220516|12|20221231|12|||||||||||||||||
1000025585|20211231|10|20220608|10|20221231|11|20230801|11|20231231|9|20240617|9|20241231|10|20250623|9|||||||
1000025602|20241231|19|20250502|19|||||||||||||||||||
1000025604|20211101|5|||||||||||||||||||||
1000025607|20210622|10|||||||||||||||||||||
1000025611|20210325|15|20220530|11|20221231|15|20230630|12|20240222|14|||||||||||||
1000025625|20211231|32|20221231|37|20230131|55|20231231|45|20240410|49|20240822|45|20241231|46|20250403|49|20251231|49|20260405|50|||
1000025621|20231231|18|20240507|20|||||||||||||||||||
1000025632|20231231|15|20241231|12|||||||||||||||||||
1000025644|20211231|16|20220329|18|20230406|20|20231231|21|20240626|26|20241231|29|20250531|32|||||||||
1000025651|20251231|54|20260330|57|||||||||||||||||||
1000025658|20221231|11|20231231|11|20240223|7|20240531|7|||||||||||||||
1000025662|20251231|21|20260420|21|||||||||||||||||||
1000025672|20210427|10|20211231|10|20220331|11|20221231|11|20230601|11|20231231|3|20240624|3|20241231|6|20250610|6|||||
1000025671|20210423|13|20211231|15|20220512|18|20221231|15|20230411|18|20231231|20|20240419|20|20241231|20|20250411|19|20251231|18|20260331|20|
1000025690|20211231|13|20220531|18|||||||||||||||||||
1000025685|20251231|20|20260108|36|||||||||||||||||||
1000025703|20210322|55|20211231|55|20220331|65|||||||||||||||||
1000025696|20210324|7|20211231|9|20220405|13|20231231|8|20240624|6|20241231|8|20250715|10|||||||||
1000025717|20241231|5|20250124|5|||||||||||||||||||
1000025721|20241231|66|20250415|72|||||||||||||||||||
1000025719|20221231|1785|20231231|823|20240129|1785|20241231|808|||||||||||||||
1000025743|20210331|4|20231231|6|20240327|7|20241231|10|20251130|9|||||||||||||
1000025724|20231231|9|20240911|9|||||||||||||||||||
1000025752|20241231|18|20250224|21|||||||||||||||||||
1000025750|20210228|60|20211231|43|20220301|43|20221231|48|20230430|56|||||||||||||
1000025754|20250630|9|20251212|9|||||||||||||||||||
1000025751|20210430|11|20211231|7|20220427|11|20221231|20|20230427|20|20231231|26|20240430|29|20241231|24|20250528|24|20251231|24|20260506|24|
1000025775|20231231|102|20240528|102|||||||||||||||||||
1000025784|20210531|149|20231231|175|20240329|180|20241231|212|20250729|227|||||||||||||
1000025790|20210610|8|20211231|8|20220609|7|20221018|7|20221231|6|20230622|7|20231231|7|20240610|7|20241231|7|20250613|6|20251231|6|
1000025786|20210413|16|20220413|16|20230419|16|20231231|14|20240415|13|20241231|14|20250213|14|20250616|10|||||||
1000025720|20210331|268|20220331|265|||||||||||||||||||
1000025798|20211231|52|20230202|58|20231231|67|20240820|74|||||||||||||||
1000025816|20221231|50|20230731|54|20231231|48|20240618|52|20241231|57|20250611|52|||||||||||
1000025809|20210330|13|||||||||||||||||||||
1000025810|20210607|10|20220607|11|20221231|14|20230531|14|20231231|19|20240331|19|||||||||||
1000025814|20231231|27|20240507|28|20251231|27|20260410|27|||||||||||||||
1000025830|20210604|22|20211231|18|20220510|26|20221231|26|20230509|21|20231231|26|20240619|19|||||||||
1000025843|20210412|11|20211231|10|20220412|9|20221231|10|20230403|9|||||||||||||
1000025840|20211231|24|20220509|24|||||||||||||||||||
1000025849|20211231|12|||||||||||||||||||||
1000025848|20210531|161|20211231|164|20221031|186|20221231|208|20230825|204|20240630|218|||||||||||
1000025852|20210630|41|20211231|46|20220331|79|20231231|96|20240328|96|20241231|90|20250411|93|20251231|90|20260331|92|||||
1000025866|20241231|10|20251118|11|||||||||||||||||||
1000025879|20210615|3|20230615|5|20231231|5|20241231|4|20250813|4|||||||||||||
1000025881|20221231|43|20230630|31|20231231|47|20240315|47|20241231|52|20250319|56|20251231|56|20260313|56|||||||
1000025890|20211213|13|20211231|13|20221231|13|20230425|10|20231231|10|20240327|12|20241231|13|20250429|15|20251231|15|20260511|20|||
1000025893|20210506|6|20211231|5|20221231|6|20230512|6|20231231|6|20240508|6|20241231|6|20250507|6|20251231|6|20260506|6|||
1000025892|20210531|11|20211231|11|20220609|8|20230614|8|20231231|8|20240710|7|20241231|7|20250204|6|20250701|8|||||
1000025910|20211231|64|20220324|76|20221231|65|20230323|84|20231231|63|20240327|84|20241231|58|20250403|58|20251231|56|20260327|56|||
1000025902|20210331|34|||||||||||||||||||||
1000025964|20210616|5|20211231|6|20220630|5|20221231|7|20230607|7|20231231|8|20240621|8|20241231|8|20250610|8|||||
1000025954|20221231|13|20230421|14|||||||||||||||||||
1000025961|20210228|16|20221231|20|20230331|17|20231231|37|20240331|38|||||||||||||
1000025984|20251231|18|20260507|18|||||||||||||||||||
1000025995|20221231|13|20230509|15|20231231|18|20240610|19|20241231|20|20250610|20|20251231|25|20260331|22|||||||
1000025981|20211231|13|20220916|14|||||||||||||||||||
1000026006|20241231|295|20250414|300|20251231|296|20260417|294|||||||||||||||
1000026015|20231231|8|20240430|7|20241231|10|20250516|10|||||||||||||||
1000026023|20210615|14|20211231|18|20220428|18|20221231|17|20230426|18|20231231|17|20240321|20|20241231|17|20250616|27|||||
1000026031|20241231|56|20250930|118|||||||||||||||||||
1000026049|20211231|4|20220303|4|||||||||||||||||||
1000026045|20211130|20|||||||||||||||||||||
1000026054|20221231|29|20230904|29|||||||||||||||||||
1000026057|20241231|37|20250610|37|||||||||||||||||||
1000026070|20210215|8|20211231|10|20220621|11|20221231|11|20230621|12|||||||||||||
1000026079|20210406|1613|20211231|1682|20220401|1675|||||||||||||||||
1000026090|20210201|26|20231231|17|20240321|14|||||||||||||||||
1000026080|20231231|14|20240315|15|20240709|49|20241231|52|20250331|48|||||||||||||
1000026084|20210729|79|20211231|79|20221110|88|||||||||||||||||
1000026103|20231231|18|20240717|18|||||||||||||||||||
1000026104|20211231|49|20220622|50|||||||||||||||||||
1000026100|20221231|9|20230322|9|||||||||||||||||||
1000026120|20231231|12|20240403|12|20241231|13|20250331|13|20251231|8|20260408|8|||||||||||
1000026128|20241231|8|20260209|14|||||||||||||||||||
1000026130|20211231|18|20220630|21|||||||||||||||||||
1000026135|20211231|20|20230111|20|20231231|30|20240601|31|||||||||||||||
1000026154|20221231|33|20240220|17|||||||||||||||||||
1000026155|20211231|3|20220415|5|||||||||||||||||||
1000026161|20211231|15|20220620|14|20230403|10|20231231|10|20240403|10|20241231|10|20250502|10|||||||||
1000029101|20210423|21|20211231|23|20220425|21|20221231|22|20230425|20|20231231|22|20240423|22|20241231|22|20250421|22|20251231|22|20260410|24|
1000026173|20210524|52|20220307|69|20230525|89|20231231|101|20240617|88|||||||||||||
1000026192|20210527|7|20221231|6|20230524|6|20231231|7|20240530|4|20241231|6|20250604|6|20260504|4|||||||
1000026207|20241231|34|20250401|33|||||||||||||||||||
1000026220|20211231|14|20220430|15|||||||||||||||||||
1000026218|20211231|1204|20220406|1176|20221231|1176|20230331|1113|20231231|2404|20241231|1181|20250424|1181|20251231|1177|20260410|1177|||||
1000026215|20210405|30|20211231|34|20220419|34|20221231|36|20230410|37|||||||||||||
1000026234|20210517|14|||||||||||||||||||||
1000026247|20210406|99|20211031|107|20211231|132|20220411|125|20230410|129|20231231|161|20240402|147|20241231|142|20250318|144|20251231|152|20260331|152|
1000026255|20211231|9|20220615|20|20241231|16|20250430|15|||||||||||||||
1000026266|20221231|27|20240221|27|||||||||||||||||||
1000026278|20210803|29|||||||||||||||||||||
1000026276|20210331|46|20211231|46|20221231|46|20230608|49|20231231|42|20240610|49|||||||||||
1000026284|20211231|11|20220405|11|||||||||||||||||||
1000026290|20211231|11|20230126|10|||||||||||||||||||
1000026288|20251231|20|20260406|20|||||||||||||||||||
1000026328|20211231|6|20221231|6|20230321|5|20231231|7|20240321|8|20240617|8|20241231|7|20250616|7|||||||
1000026332|20231231|7|20240704|7|20241231|7|20250624|7|20251231|5|20260327|7|||||||||||
1000026341|20210316|13|20211231|15|20220316|18|20221231|20|20230317|21|20231231|25|20240314|28|20241231|32|20250317|31|20251231|32|20260320|36|
1000026351|20211013|14|||||||||||||||||||||
1000026355|20210416|39|20211231|28|20220422|58|20230418|48|20241231|9|20250403|9|20251231|9|20260325|9|||||||
1000026371|20231231|21|20240423|22|20241231|22|20250919|22|||||||||||||||
1000026896|20211028|29|20211231|29|20220331|25|||||||||||||||||
1000026384|20210903|11|||||||||||||||||||||
1000026392|20231231|30|20241231|29|20260128|36|||||||||||||||||
1000026397|20211231|12|20221231|9|20231231|9|20240404|9|20241231|6|20250401|8|20251231|8|20260401|8|||||||
1000026415|20211231|12|20221231|11|20230103|11|20231231|11|20240131|11|20241231|16|20250113|16|20260105|12|||||||
1000026432|20210630|779|||||||||||||||||||||
1000026441|20241231|6|20250523|6|||||||||||||||||||
1000026611|20231231|117|20240630|118|20241231|123|20250331|124|||||||||||||||
1000026451|20231231|18|20240419|11|||||||||||||||||||
1000026458|20210322|19|20241231|24|20250413|23|20251231|22|20260330|24|||||||||||||
1000026475|20220224|23|||||||||||||||||||||
1000026473|20221231|16|20240403|16|||||||||||||||||||
1000026477|20241231|13|20250403|13|||||||||||||||||||
1000026472|20211231|11|20220223|9|||||||||||||||||||
1000026479|20210607|4|||||||||||||||||||||
1000026486|20221231|26|20230925|28|||||||||||||||||||
1000026484|20231231|20|20240417|20|||||||||||||||||||
1000026496|20210419|14|20211231|16|20220525|13|20221231|14|20230517|15|||||||||||||
1000026497|20210816|25|||||||||||||||||||||
1000026506|20210331|71|20211231|66|20220331|66|20221231|73|20230331|71|20240328|79|20241231|73|20250331|94|20251231|106|20260331|104|||
1000026512|20210630|7|20211217|6|||||||||||||||||||
1000026510|20211130|36|20211231|28|20221215|41|20231231|44|20240905|47|||||||||||||
1000026527|20211231|18|20221031|19|20230524|20|20231231|23|20240521|23|20241231|23|20250530|25|||||||||
1000026526|20220312|12|||||||||||||||||||||
1000026552|20221231|14|20231024|14|||||||||||||||||||
1000026601|20241231|9|20250404|9|||||||||||||||||||
1000026596|20210330|7|20211231|14|||||||||||||||||||
1000025766|20220316|8|||||||||||||||||||||
1000026625|20210608|9|20211231|12|20220603|16|20221231|12|20230508|14|||||||||||||
1000026614|20231231|2|20240411|2|||||||||||||||||||
1000026618|20210720|1027|||||||||||||||||||||
1000032125|20211231|10|20221031|6|20231231|7|20241231|0|20250131|13|20251021|15|20260112|19|||||||||
1000026644|20211231|20|20230131|29|||||||||||||||||||
1000026642|20211231|10|||||||||||||||||||||
1000029898|20210208|7|20210604|8|20211231|9|20220620|9|20221231|10|20230613|13|20231231|10|20240611|14|20241231|13|20250616|15|||
1000026651|20210407|28|||||||||||||||||||||
1000026647|20211231|19|20220502|20|20221231|31|20231231|32|20240424|34|20241231|36|20250319|40|20250619|44|20251126|43|20251231|43|20260408|50|
1000026656|20221231|8|20230525|8|20231231|8|20240509|9|20241231|8|20250417|8|20251231|8|20260413|10|||||||
1000026671|20251231|15|20260428|26|||||||||||||||||||
1000026665|20231231|8|20240614|8|||||||||||||||||||
1000026680|20231231|12|20241230|8|||||||||||||||||||
1000026681|20251231|18|20260420|18|||||||||||||||||||
1000026690|20210531|30|20231231|32|20241231|49|20250218|49|20250831|55|20251231|56|20260504|59|||||||||
1000026699|20241231|3|20250410|4|||||||||||||||||||
1000026706|20221231|6|20231214|6|||||||||||||||||||
1000026722|20211231|6|20220516|12|20231231|29|20240913|36|||||||||||||||
1000026745|20210401|24|20211231|28|20220408|27|||||||||||||||||
1000026751|20210228|72|20210331|76|20211231|80|20220331|111|20221231|82|20231231|148|20240331|180|20241231|144|20250331|123|20251231|106|20260401|97|
1000026746|20231231|79|20241121|80|||||||||||||||||||
1000026758|20221231|141|20230731|129|||||||||||||||||||
1000026774|20210731|15|20211231|15|20220531|18|||||||||||||||||
1000028949|20221231|1|20230825|2|20241231|2|20251203|2|||||||||||||||
1000026801|20231231|8|20240614|10|||||||||||||||||||
1000026807|20210423|11|||||||||||||||||||||
1000026808|20211231|18|20220613|21|20221231|21|20231231|28|20240531|33|20241231|28|20250613|27|||||||||
1000026834|20231231|13|20240607|15|20250620|13|||||||||||||||||
1000026829|20210917|7|20211231|10|20220413|10|20221231|16|20230412|16|20231231|22|20240510|21|20241231|33|20250508|44|||||
1000026851|20210302|29|20211231|28|20220225|26|20221231|27|20230228|30|20240226|30|||||||||||
1000026848|20210312|12|20211231|12|20220303|12|20221231|15|20231231|15|20240403|16|||||||||||
1000026860|20210330|13|20210930|13|20220216|10|||||||||||||||||
1000026859|20210623|8|20211231|2|20220615|14|20221231|2|20230612|14|20231231|13|20240611|14|20241231|13|20250605|13|||||
1000026867|20220105|4|||||||||||||||||||||
1000026877|20211231|16|20220331|14|20221231|14|20231231|15|20240416|14|20250409|17|20260413|19|||||||||
1000026887|20210617|12|20211231|12|20220819|11|20221231|11|20230504|10|20241231|11|20250401|11|||||||||
1000026904|20211208|6|20221231|6|20230614|15|20231231|16|20240612|16|20241231|16|20251010|15|||||||||
1000026901|20210310|17|20211231|15|20220302|17|20221231|13|20230227|17|20231231|15|20240202|15|20250219|15|||||||
1000026927|20211231|10|20221231|14|20231231|10|20240610|11|||||||||||||||
1000026929|20211231|42|20220325|41|20231231|61|20240930|60|||||||||||||||
1000026989|20210419|40|20220407|40|20221231|40|20231231|24|20240417|40|20241231|50|20250411|50|20260410|51|||||||
1000025747|20210930|41|||||||||||||||||||||
1000026936|20210325|42|20211231|34|20220331|49|||||||||||||||||
1000026965|20241231|13|20251217|10|||||||||||||||||||
1000026967|20231231|150|20241030|150|||||||||||||||||||
1000027004|20220421|13|||||||||||||||||||||
1000006952|20210625|10|20211231|11|20220622|10|||||||||||||||||
1000020747|20231231|8|20240626|10|20241231|11|20250624|12|20251231|11|20260427|18|||||||||||
1000021064|20210401|16|||||||||||||||||||||
1000012289|20211130|20|20221231|20|||||||||||||||||||
1000013028|20241231|14|20250410|16|||||||||||||||||||
1000011184|20241231|54|20250908|56|||||||||||||||||||
1000009275|20221231|8|20230703|13|||||||||||||||||||
1000018692|20210609|7|20211231|6|20220615|7|20221231|6|20230622|7|20231231|2|20240620|2|||||||||
1000006591|20210205|10|20211231|10|20221231|7|20231231|10|20240424|14|20241231|14|20250418|14|||||||||
1000024283|20210616|23|20211231|21|20220602|23|||||||||||||||||
1000009834|20211230|38|20220530|37|20221231|32|20230727|37|||||||||||||||
1000008312|20210429|18|20251231|23|20260406|23|||||||||||||||||
1000013218|20210520|5|||||||||||||||||||||
1000015581|20211231|100|20221231|100|20231231|92|20240422|92|20241231|92|20250414|84|20251231|80|20260414|80|||||||
1000004733|20210416|28|20211231|20|20220405|20|20221231|25|20230406|28|20231231|21|20240411|23|20241231|31|20250421|36|20251231|31|20260410|36|
1000013016|20210408|29|20211231|25|20220401|25|20221231|32|20230328|36|20231231|41|20240409|40|20241231|37|20250409|26|20251231|15|20260401|15|
1000009837|20251231|500|20260407|527|||||||||||||||||||
1000015133|20210820|50|||||||||||||||||||||
1000018802|20211231|35|20220630|30|20221231|35|20230503|30|20230621|31|20241231|33|20250703|33|||||||||
1000020750|20231231|12|20240813|12|20250708|12|||||||||||||||||
1000010245|20210506|27|20211231|42|20220526|42|20221231|49|20230613|45|20231231|43|20240527|40|20241231|47|20250522|45|20251231|49|20260507|49|
1000008089|20210531|7|20211231|8|20220531|8|20231231|8|20240610|8|||||||||||||
1000007798|20241231|52|20250527|47|||||||||||||||||||
1000021537|20221231|9|20231113|10|||||||||||||||||||
1000011424|20210531|12|20211231|15|20220531|8|20221231|10|20230531|10|20231231|11|20240517|11|20241231|11|20250523|11|20251231|7|20260226|7|
1000004754|20251231|63|20260408|65|||||||||||||||||||
1000021778|20220325|32|20221231|34|20230327|36|20231231|40|20240328|39|20241231|30|20250403|30|20251231|33|20260402|33|||||
1000004762|20211221|27|||||||||||||||||||||
1000004772|20230407|1338|20240418|1105|||||||||||||||||||
1000006597|20251231|36|20260324|37|||||||||||||||||||
1000004770|20211231|13|20220428|15|||||||||||||||||||
1000009842|20210304|31|20211231|37|20220414|35|20221231|34|20230412|35|20231231|37|20240422|40|20241231|46|20250411|48|20251231|64|20260406|64|
1000021779|20210927|6|20211231|6|20220701|7|20221231|6|20230705|6|20231231|6|20240712|6|||||||||
1000008614|20210324|15|20211231|18|20220322|20|20230327|25|20231231|29|20240325|27|20241114|30|20241231|25|20250324|23|||||
1000009281|20210415|16|||||||||||||||||||||
1000009843|20210617|11|20211231|9|20220621|8|20221231|8|20231231|5|20240531|6|||||||||||
1000004777|20211231|7|20220401|8|20221231|4|20230401|5|20231231|4|20240327|4|20240822|4|||||||||
1000009844|20210930|9|20211006|8|||||||||||||||||||
1000020840|20210325|21|20220325|19|20221231|18|20230403|20|20231231|23|20240404|26|20241231|25|20250512|31|20251231|31|20260424|29|||
1000015136|20241231|6|20250617|6|||||||||||||||||||
1000004782|20210311|16|20211231|14|20220331|16|20221231|14|20230331|15|20231231|13|20240331|11|||||||||
1000011026|20211231|40|20220621|40|20231231|40|20240630|40|20250701|41|||||||||||||
1000008877|20211231|26|20221213|33|20221231|34|20230623|38|||||||||||||||
1000008315|20210421|101|||||||||||||||||||||
1000012111|20211231|51|20220524|51|||||||||||||||||||
1000020758|20210203|17|20221115|21|20221231|21|20230515|18|||||||||||||||
1000019183|20210420|45|20211231|47|20220508|46|20220518|46|20230508|47|20231231|44|20240507|44|20241231|46|20250423|47|20251231|46|20260507|45|
1000008615|20210630|31|20211231|9|20220617|9|20221231|10|20230620|10|20231231|11|20240422|11|20241231|10|20250618|11|||||
1000014335|20220617|7|20231231|5|20240612|7|||||||||||||||||
1000021226|20241231|4|20260128|4|||||||||||||||||||
1000016283|20211231|28|20230119|28|||||||||||||||||||
1000011843|20211231|41|20230119|36|20251231|39|20260414|39|||||||||||||||
1000022995|20210506|10|20211231|10|20220509|10|20221231|9|20230426|10|20231231|7|20240814|4|||||||||
1000015586|20211231|12|20220414|12|20221231|10|20230410|10|20241231|11|20250429|12|20251231|12|20260324|12|||||||
1000011846|20211231|30|20220331|32|20231231|32|20240531|35|||||||||||||||
1000007271|20211231|23|20220419|23|||||||||||||||||||
1000004792|20210610|53|20211231|57|20220331|75|20231231|86|20240416|94|20241231|98|20250404|96|20251231|93|20260407|83|||||
1000004544|20210430|194|20211231|168|20220430|159|20221231|154|20230430|163|||||||||||||
1000023392|20241231|9|20250415|9|20260415|9|||||||||||||||||
1000007257|20210426|6|20241231|6|20250625|6|||||||||||||||||
1000020041|20211231|44|20220503|47|20221231|47|20230511|49|20231231|47|20240617|46|20240920|46|||||||||
1000012749|20210531|30|20211231|25|20220531|24|20221231|23|20230531|22|20231231|23|20240527|23|20250527|24|||||||
1000009779|20241231|12|20251231|12|20260122|12|||||||||||||||||
1000023701|20210408|12|||||||||||||||||||||
1000010751|20241231|19|20250502|18|||||||||||||||||||
1000008288|20251231|34|20260325|34|||||||||||||||||||
1000023703|20221231|18|20231120|18|20231231|18|20240620|19|20241231|18|20250613|19|||||||||||
1000009784|20211231|68|20220818|75|||||||||||||||||||
1000009451|20231231|251|20240630|275|20241231|300|20250430|312|||||||||||||||
1000008081|20210430|31|20211231|20|20220331|23|20221231|22|20230331|19|20231231|19|20240429|24|20241231|23|20250425|24|20251231|20|20260427|21|
1000017831|20211231|17|20220930|14|||||||||||||||||||
1000022835|20210630|10|20211231|10|20220630|13|20221231|15|20230630|14|20231231|12|20240630|11|20241231|8|20250430|8|||||
1000013934|20241231|32|20250725|35|||||||||||||||||||
1000020760|20210601|3|20211231|3|20221231|4|20230530|4|20231231|4|20240530|4|20250627|4|||||||||
1000006534|20210623|21|20211231|21|||||||||||||||||||
1000023745|20231231|171|20240409|179|20241231|180|20250331|190|||||||||||||||
1000019664|20220331|6|20251231|10|20260331|10|||||||||||||||||
1000015064|20211231|32|20221231|31|20241231|19|20250331|18|20251231|18|20260408|18|||||||||||
1000010633|20241231|6|20251128|3|||||||||||||||||||
1000006600|20220103|90|20221231|58|20230403|61|20241231|48|20251231|39|20260114|39|20260413|43|||||||||
1000009256|20231231|45|20240327|45|||||||||||||||||||
1000021461|20231231|20|20240703|10|||||||||||||||||||
1000023390|20231231|71|20241010|67|||||||||||||||||||
1000006563|20241231|25|20250417|23|20251231|25|20260427|22|||||||||||||||
1000004588|20211231|10|20230102|10|||||||||||||||||||
1000024044|20241231|48|20250416|49|||||||||||||||||||
1000006966|20210513|14|||||||||||||||||||||
1000012219|20210131|12|20211231|17|20220430|15|||||||||||||||||
1000013006|20241231|74|20250306|75|||||||||||||||||||
1000008599|20210616|21|20211231|19|20220620|19|||||||||||||||||
1000013009|20241231|22|20250331|20|||||||||||||||||||
1000008928|20210531|17|20211231|17|20220531|22|20221231|26|20230531|24|20231231|26|20240531|18|20241231|22|20250531|23|||||
1000007787|20211231|5|20220531|6|20221231|7|20230531|7|20231231|9|20240529|8|20241231|9|20250515|9|||||||
1000004650|20210209|9|20221231|8|20230523|8|20241231|7|20250512|7|||||||||||||
1000014181|20210830|2|||||||||||||||||||||
1000004653|20210903|8|20211231|7|20220621|8|||||||||||||||||
1000013699|20210512|12|20211231|12|20220510|13|||||||||||||||||
1000004595|20231231|17|20241231|14|20250218|14|20250327|14|20251231|16|20260327|14|||||||||||
1000011275|20231231|57|20240403|60|||||||||||||||||||
1000014383|20211231|6|20220418|8|20221231|6|20230328|6|20231231|6|20240416|6|||||||||||
1000015570|20211231|8|20230113|10|||||||||||||||||||
1000016445|20231231|0|20240808|0|20240819|0|||||||||||||||||
1000021536|20221231|8|20231031|16|20231231|3|20240524|3|||||||||||||||
1000022036|20210202|9|20211231|9|20220209|9|20221231|9|20230206|9|20231110|9|20231231|9|20240717|9|20240731|7|20241231|8|20250730|7|
1000022947|20210304|31|||||||||||||||||||||
1000023393|20211231|12|20220325|12|20221231|12|20230721|13|20231231|0|20240722|0|20241231|6|20250707|6|||||||
1000024656|20251231|22|20260424|22|||||||||||||||||||
1000020763|20210531|11|20211231|11|20220331|11|20230418|12|20230419|12|20231231|12|20240405|12|20240823|10|20241231|11|20250428|10|||
1000014336|20210331|23|||||||||||||||||||||
1000013036|20210531|24|20211231|23|20220531|18|20221231|15|20230531|16|||||||||||||
1000006602|20221231|8|20230831|9|||||||||||||||||||
1000014190|20210223|19|||||||||||||||||||||
1000009049|20211231|14|20220531|11|20241231|8|20250604|12|||||||||||||||
1000004804|20210618|22|20211231|22|20220621|24|20221231|22|20230609|24|20231231|26|20240331|25|20241231|25|20250430|25|||||
1000009678|20210731|19|||||||||||||||||||||
1000010826|20211231|8|20220314|19|20221231|18|20230320|9|20231231|18|20241231|18|20250331|18|||||||||
1000013989|20220207|11|20221231|10|20230315|12|20231231|14|20240326|14|20241231|13|20250409|13|20251231|13|20260419|14|||||
1000020032|20211231|18|20221201|16|||||||||||||||||||
1000020955|20251231|104|20260511|93|||||||||||||||||||
1000021650|20211129|14|20211231|14|20221011|14|20221231|12|20231030|12|20231231|12|20241018|12|20241231|12|20251105|12|||||
1000016284|20210331|25|20211231|25|20220331|26|20231231|28|20240331|29|||||||||||||
1000009286|20210510|33|20211231|41|20220316|42|||||||||||||||||
1000004811|20211231|18|20230110|19|20230617|21|20230630|22|20231231|22|20241231|25|20250531|27|||||||||
1000012223|20210405|19|20211231|18|20220405|18|20230331|18|20231231|20|20240401|19|20241231|18|20250411|19|20251231|23|20260331|23|||
1000004814|20241231|19|20250430|19|||||||||||||||||||
1000019206|20211231|27|20220406|26|20221231|26|20231231|26|20240405|21|20241231|15|20250407|16|||||||||
1000022516|20210331|33|||||||||||||||||||||
1000009849|20211231|16|20220418|16|20221231|16|20230613|16|||||||||||||||
1000004818|20241231|6|20250529|5|||||||||||||||||||
1000011849|20251231|7|20260427|6|||||||||||||||||||
1000012091|20210531|11|||||||||||||||||||||
1000020768|20210701|12|20211231|14|20220531|14|20221231|16|20230531|14|20231231|16|20240531|17|20241231|18|20250531|22|||||
1000006607|20210526|11|20211231|11|20220518|11|||||||||||||||||
1000021006|20241231|4|20250820|4|||||||||||||||||||
1000022997|20210609|12|20211231|8|20221006|12|20221231|10|20230619|9|20231231|10|20240624|9|20241231|9|20250625|10|||||
1000010521|20241231|34|20260316|47|||||||||||||||||||
1000015393|20210506|15|20231231|11|20240430|11|20241231|13|20250430|13|||||||||||||
1000011190|20210413|11|20211231|11|20221231|13|20230316|12|20231231|11|20240401|10|20241231|8|20250416|7|||||||
1000017954|20251231|3|20260318|3|||||||||||||||||||
1000028173|20221231|122|20230630|122|20251231|148|20260415|200|||||||||||||||
1000011850|20210527|18|20251231|24|20260504|24|||||||||||||||||
1000020049|20211231|8|20220613|8|20221231|8|20230608|8|20231231|8|20240611|8|20250529|8|||||||||
1000004836|20211231|6|20230823|8|||||||||||||||||||
1000004839|20251231|15|20260331|16|||||||||||||||||||
1000004843|20210331|12|||||||||||||||||||||
1000015159|20220428|3|20241231|8|20250819|4|||||||||||||||||
1000004845|20210308|70|20220225|76|||||||||||||||||||
1000006612|20210415|17|20211231|22|20220413|19|||||||||||||||||
1000020776|20240630|9|20250508|12|20250630|15|20251020|14|||||||||||||||
1000017965|20211231|19|20230403|17|20231231|23|20240328|20|20241231|22|20250326|23|||||||||||
1000006613|20211231|14|20220608|14|20230609|14|20241231|14|20250701|14|||||||||||||
1000008880|20241231|9|20250430|10|20260428|9|||||||||||||||||
1000007812|20210408|51|||||||||||||||||||||
1000020053|20251231|9|20260220|12|||||||||||||||||||
1000011400|20210403|7|20231231|8|20241016|8|||||||||||||||||
1000023228|20221231|4|20230919|4|||||||||||||||||||
1000017967|20210330|21|20211231|21|20220331|21|20221231|21|20230330|21|20231231|21|20240404|21|20241231|22|20250407|22|20251231|23|20260406|23|
1000007279|20241231|37|20251104|47|||||||||||||||||||
1000017968|20241231|10|20260107|10|||||||||||||||||||
1000027007|20210503|7|20211231|13|20220411|14|||||||||||||||||
1000027010|20241231|8|20250423|7|||||||||||||||||||
1000027015|20251231|8|20260401|8|||||||||||||||||||
1000027016|20211231|12|20220420|13|20231231|16|20240409|18|||||||||||||||
1000027037|20210615|9|20220616|13|20221231|15|20230608|17|20231231|19|20240523|19|20241231|10|20250610|19|||||||
1000027052|20210531|19|20211231|19|20220425|29|20221231|36|20230425|36|20231231|27|20240510|27|||||||||
1000027043|20221231|27|20230621|27|20231231|27|20240621|27|20241231|28|20250623|26|||||||||||
1000027047|20210630|15|20211015|14|20220630|16|20221021|17|||||||||||||||
1000027068|20241231|10|20250204|10|20250423|10|||||||||||||||||
1000027064|20241231|11|20250718|11|||||||||||||||||||
1000027710|20210512|26|20211231|34|20220512|30|20221231|33|20230430|33|20231231|31|20240514|33|20241231|44|20250513|38|20251231|33|||
1000027093|20211216|16|||||||||||||||||||||
1000027103|20221231|14|20230622|18|20231231|23|20240513|23|20241231|23|20250423|24|20251231|23|20260428|24|||||||
1000027089|20210402|10|||||||||||||||||||||
1000027101|20221231|61|20230831|66|20231231|88|20241130|132|20241231|153|20250319|163|20251231|170|20260317|172|||||||
1000027106|20241231|20|20250206|20|20250429|22|||||||||||||||||
1000027119|20210402|16|20211231|20|20220502|20|20221231|20|20230427|42|20231231|43|20240416|41|||||||||
1000027136|20221231|9|20230322|9|||||||||||||||||||
1000027125|20250630|12|20251209|10|||||||||||||||||||
1000027151|20231231|16|20240401|16|20241231|23|20250401|22|20251231|31|20260407|30|||||||||||
1000027158|20220805|4|20221231|5|20230810|4|20241231|4|20250313|4|||||||||||||
1000027171|20241231|392|20260224|330|||||||||||||||||||
1000027176|20220308|5|||||||||||||||||||||
1000027177|20211221|12|20221231|11|20230215|11|20230703|12|20231231|10|20240705|9|20241231|10|20250616|10|||||||
1000027178|20210420|13|20211231|9|20220419|11|||||||||||||||||
1000027186|20211231|17|20230317|19|||||||||||||||||||
1000027235|20211231|18|20221231|18|20231231|10|20240216|11|20240627|10|||||||||||||
1000027236|20221231|12|20231231|11|||||||||||||||||||
1000027255|20241231|6|20250407|5|20251231|5|20260408|6|||||||||||||||
1000027277|20211231|29|20220331|31|||||||||||||||||||
1000027284|20241231|17|20250414|16|20251231|17|20260326|18|||||||||||||||
1000027295|20210420|10|20211231|8|20220331|8|20221231|5|20230331|6|20231231|7|20240404|7|20241231|11|20250421|11|20251231|11|20260403|11|
1000027319|20221231|18|20230622|22|20241231|24|20250523|24|||||||||||||||
1000027310|20210329|8|20211231|6|20220323|6|||||||||||||||||
1000027306|20211231|4|20220316|7|20231231|6|20240320|6|20241106|4|20241231|3|20250328|3|20251231|4|20260414|4|||||
1000027323|20211231|11|20220615|12|20221231|12|20230704|8|20231231|12|20241212|8|20241231|12|20250620|8|||||||
1000027368|20221231|407|20230331|416|||||||||||||||||||
1000027418|20211231|17|20221129|22|20221231|17|20230619|23|20231031|16|20231231|16|20240617|15|20241213|14|20250604|17|||||
1000027420|20241231|10|20251125|11|||||||||||||||||||
1000027427|20231231|6|20240503|6|||||||||||||||||||
1000027455|20211014|10|20211231|12|20220921|12|20221231|13|20230621|13|20241231|14|20250604|16|||||||||
1000027450|20241231|16|20250714|15|||||||||||||||||||
1000027453|20211029|60|||||||||||||||||||||
1000027461|20230531|8|20240614|7|20241231|7|20250526|6|||||||||||||||
1000027492|20211231|17|20221231|21|20231231|16|20240510|19|20241231|11|20250516|13|||||||||||
1000027479|20241231|5|20250630|5|||||||||||||||||||
1000027496|20221231|42|20230331|39|20231231|46|20240831|50|||||||||||||||
1000027486|20241231|8|20250205|8|||||||||||||||||||
1000027499|20231231|10|20240521|11|20241231|9|20250520|11|||||||||||||||
1000025745|20210608|8|20211231|8|20220420|10|20221231|10|20230409|10|20230413|10|20231231|11|20241231|9|20250407|9|20251231|7|20260409|6|
1000027530|20211231|8|20220331|8|||||||||||||||||||
1000027531|20210331|641|20211231|866|20220331|1037|20231231|1722|20240331|1746|20241231|1690|20250421|1623|20250923|1585|20251231|1566|20260331|1685|||
1000027536|20211231|8|20221231|8|20230405|9|20231231|8|20240321|12|20241128|10|20241231|11|20250404|11|||||||
1000027544|20210531|39|20211231|45|20220331|46|||||||||||||||||
1000027550|20241231|19|20250701|15|||||||||||||||||||
1000027586|20231231|3|20240816|3|20241231|2|20250916|2|||||||||||||||
1000027587|20211231|127|20221231|141|||||||||||||||||||
1000027592|20221231|7|20230426|6|20231231|11|20240522|13|||||||||||||||
1000027585|20210622|21|20211231|21|20221231|21|20230623|21|20231231|21|20240621|18|20241231|21|20250623|19|||||||
1000027590|20220510|258|20221231|234|20231231|289|20240425|326|||||||||||||||
1000027622|20211231|7|20221231|6|20231017|7|20231231|7|20240910|7|20241231|7|20250613|7|||||||||
1000027636|20210331|3|20211231|5|20220331|3|20220919|3|20230331|3|20230918|3|20240331|2|20240906|2|20250331|3|20250923|3|||
1000027646|20210602|3|||||||||||||||||||||
1000027642|20211231|8|||||||||||||||||||||
1000027648|20241231|53|20251230|56|||||||||||||||||||
1000027661|20210616|11|20211231|11|20220616|14|||||||||||||||||
1000027686|20221231|11|20230430|11|20241231|11|20250415|11|20251231|11|20260409|11|||||||||||
1000027690|20221231|30|20230410|29|20241231|15|20250327|18|20251231|21|20260416|20|||||||||||
1000027694|20241231|13|20250331|11|||||||||||||||||||
1000027703|20231231|9|20240618|9|||||||||||||||||||
1000027707|20231231|5|20240927|0|20241231|5|20250806|11|||||||||||||||
1000027745|20251231|21|20260330|18|||||||||||||||||||
1000027759|20221125|18|||||||||||||||||||||
1000027769|20241231|27|20250321|22|20251231|21|20260420|19|||||||||||||||
1000027762|20210430|18|||||||||||||||||||||
1000027763|20210127|26|||||||||||||||||||||
1000027782|20211231|178|20220425|187|||||||||||||||||||
1000027778|20211231|18|20220531|20|||||||||||||||||||
1000027808|20210129|8|20210930|15|20220118|17|20220125|26|20220930|25|||||||||||||
1000027812|20210524|6|||||||||||||||||||||
1000027802|20210731|12|||||||||||||||||||||
1000027824|20241231|8|20250123|5|20250612|5|||||||||||||||||
1000027833|20211231|7|20221223|8|||||||||||||||||||
1000027832|20221231|34|20230330|41|20231231|34|20240408|57|20241231|34|20250408|57|20251231|34|20260407|64|||||||
1000026449|20211231|9|20220930|10|||||||||||||||||||
1000031576|20241231|5|20250210|5|||||||||||||||||||
1000027843|20210621|4|20211231|4|20220725|4|||||||||||||||||
1000027850|20211231|57|20221231|65|20231231|59|20240320|59|20241231|57|20251231|58|20260323|59|||||||||
1000027853|20211231|55|20220630|55|||||||||||||||||||
1000027856|20211231|111|20220216|38|20220928|111|20221231|77|20230630|79|20231231|111|20240612|110|20241231|164|20250403|164|20251231|195|20260410|195|
1000027848|20211231|25|20220906|26|20221231|32|20230605|35|20241231|37|20250813|38|||||||||||
1000027858|20211231|6|20230214|9|||||||||||||||||||
1000027882|20211125|12|||||||||||||||||||||
1000027872|20210609|17|||||||||||||||||||||
1000027906|20211231|7|20221114|8|20230814|8|20231231|8|20240703|10|20241231|11|20250423|11|20251231|11|20260421|11|20260507|11|||
1000027919|20221231|16|20230530|14|20231231|18|20240814|18|||||||||||||||
1000027934|20210430|23|20211231|38|20220509|36|20221231|36|20230426|36|20231231|37|20240429|39|20241231|46|20250415|45|20251231|49|20260409|49|
1000027966|20211231|1|20220615|3|20221231|2|20230428|4|20231231|9|20240502|6|20251231|6|20260423|7|||||||
1000027951|20231231|132|20240716|136|||||||||||||||||||
1000027949|20210329|5|20211231|5|20220405|13|20220406|10|20221231|5|20231231|12|20240328|12|20241231|12|20250414|12|20251231|12|20260403|12|
1000027975|20210408|13|20211231|13|20230201|15|20231231|14|20240327|16|20241231|19|20250325|23|20251231|30|20260420|30|||||
1000027989|20220712|11|||||||||||||||||||||
1000027990|20221231|11|20230718|14|20231231|11|20250226|16|||||||||||||||
1000027988|20251231|18|20260409|16|||||||||||||||||||
1000028007|20211231|7|20230407|7|||||||||||||||||||
1000028006|20211231|80|20220629|80|20230530|116|20231231|80|20240327|116|||||||||||||
1000028031|20211130|21|20211231|20|20220331|20|||||||||||||||||
1000028040|20231231|69|20240812|77|20241231|71|20250611|66|||||||||||||||
1000028065|20231231|15|20240626|17|||||||||||||||||||
1000028054|20211231|11|20220228|12|20221231|9|20231121|10|20241231|7|20250331|8|||||||||||
1000028042|20211231|869|20220630|902|20221231|918|20230331|899|20231231|805|20241231|805|20250520|674|||||||||
1000028060|20221231|16|20230430|14|20231231|14|20240423|12|20241231|13|20250418|13|20251231|13|20260429|15|||||||
1000028131|20211231|11|20220617|9|20231231|7|20240618|12|||||||||||||||
1000028139|20210615|5|20220527|5|20231231|11|20240709|11|||||||||||||||
1000028140|20241231|23|20251016|26|||||||||||||||||||
1000028154|20210414|8|20211231|5|20220407|6|20221231|7|20230404|9|20231231|8|20240403|8|20241231|7|20250402|9|20251231|6|20260330|4|
1000028161|20231231|2866|20241231|2522|20250127|2522|20250415|2522|20251231|2337|20260427|2337|||||||||||
1000028160|20231231|60|20240425|60|||||||||||||||||||
1000028164|20251231|4|20260424|4|||||||||||||||||||
1000028172|20221231|697|20230721|697|||||||||||||||||||
1000028197|20220613|6|20221231|7|20230614|7|20231231|7|20240319|7|20251231|7|20260413|6|||||||||
1000028219|20241231|21|20250403|27|||||||||||||||||||
1000028176|20211231|262|20220430|261|20221231|286|20230430|313|20231231|378|20240430|347|20241231|354|20250617|431|||||||
1000028196|20241231|9|20250703|9|||||||||||||||||||
1000028227|20211231|19|20220414|21|20221231|21|20230404|21|20240412|19|20241231|27|20250414|27|20251231|31|20260409|31|||||
1000028230|20211111|56|||||||||||||||||||||
1000028242|20211231|6|20220331|8|20221231|8|20231231|9|20241231|10|20250407|10|20251231|10|20260331|7|||||||
1000028251|20211130|10|20211231|10|20220613|10|20221231|10|20231231|6|20240604|6|20240616|6|20241231|6|||||||
1000028253|20220323|31|20220430|30|20221231|29|20240327|31|20241231|32|20250402|35|20251231|38|20260320|38|||||||
1000028269|20210521|5|20220523|7|||||||||||||||||||
1000028266|20210607|15|20221231|12|20231103|15|20231231|19|20240509|23|20241231|39|20250408|35|20251231|40|20260427|42|||||
1000028267|20231231|34|20240619|24|20241231|19|20250408|19|||||||||||||||
1000028298|20210202|6|||||||||||||||||||||
1000028310|20210414|5|20220415|7|20221231|5|20230415|7|20231231|5|20240412|7|20241231|8|20250410|7|20251231|8|20260318|8|||
1000028304|20221231|18|20231107|18|20231231|40|20240902|44|20241231|42|20260130|42|||||||||||
1000028321|20210731|9|20211231|11|20220419|11|||||||||||||||||
1000028325|20211231|8|20220608|10|20220619|9|20221231|9|20231231|9|20240617|9|||||||||||
1000028335|20241231|7|20250411|5|||||||||||||||||||
1000028372|20231231|14|20240523|12|||||||||||||||||||
1000028378|20211231|2|20230620|6|||||||||||||||||||
1000028385|20231231|7|20240411|8|20241231|8|20250416|8|20251231|8|20260420|8|||||||||||
1000028389|20221231|22|20231019|61|20231231|100|20240201|61|20240429|98|20241231|117|20250331|114|20251231|115|20260331|109|||||
1000028388|20231231|23|20241113|24|||||||||||||||||||
1000028419|20241231|8|20250123|10|||||||||||||||||||
1000028434|20210405|12|20221231|11|20230616|11|20231231|11|20240607|11|20241231|11|20250617|11|||||||||
1000028432|20241231|9|20250825|7|||||||||||||||||||
1000028436|20210407|7|20211231|6|20220315|6|20221231|8|20230330|8|20231231|9|20240326|11|20241231|10|20250331|10|20251231|11|20260330|11|
1000028441|20210413|9|||||||||||||||||||||
1000028440|20231231|11|20240731|18|||||||||||||||||||
1000028444|20230106|23|||||||||||||||||||||
1000028456|20221231|14|20231205|17|20231231|9|20240906|11|20250625|18|||||||||||||
1000028404|20241231|48|20250516|47|||||||||||||||||||
1000028530|20211231|12|20220602|12|20221231|14|20230520|14|20231231|17|20240520|17|20241231|17|20250527|15|||||||
1000028547|20231231|8|20240619|9|20241231|9|20250529|7|||||||||||||||
1000028553|20241231|10|20250331|11|20251231|13|20260331|12|||||||||||||||
1000028552|20231231|29|20251030|15|||||||||||||||||||
1000028561|20210127|6|||||||||||||||||||||
1000028588|20211231|23|20230403|24|20231231|25|20240409|24|20241231|25|20250417|24|20251231|21|20260413|22|||||||
1000028608|20231231|17|20240618|16|20250620|16|||||||||||||||||
1000028595|20210331|49|||||||||||||||||||||
1000028607|20211231|2|20220513|2|||||||||||||||||||
1000028631|20210831|10|||||||||||||||||||||
1000028636|20211231|1|20220614|1|20221231|1|20230531|1|||||||||||||||
1000028658|20211020|20|||||||||||||||||||||
1000028664|20230112|3|||||||||||||||||||||
1000028661|20221231|2|20230809|2|||||||||||||||||||
1000028670|20211231|6|20230908|21|||||||||||||||||||
1000028692|20210630|13|20211231|9|20220430|10|20221231|12|20230430|9|||||||||||||
1000028720|20211231|18|20220601|22|20221231|20|20230228|15|20231231|16|20240227|16|20241231|8|20250307|8|||||||
1000028724|20221231|5|20230406|5|||||||||||||||||||
1000028721|20231231|6|20240627|6|||||||||||||||||||
1000028731|20241231|7|20250408|7|||||||||||||||||||
1000028736|20210616|11|20211231|11|20220603|10|20221231|11|20230531|15|20231231|12|20240605|16|20241231|16|20250527|18|||||
1000028732|20210331|14|20211231|14|20220331|20|||||||||||||||||
1000028744|20231231|211|20240513|233|||||||||||||||||||
1000028777|20211231|13|20220413|7|20220414|13|20250620|20|||||||||||||||
1000028774|20241231|204|20250425|221|||||||||||||||||||
1000028780|20210507|17|20211231|16|20220405|16|20221231|21|20230417|20|20231231|21|20240409|20|||||||||
1000028811|20210531|30|20211231|30|20220526|34|20221231|30|20230509|34|20231231|27|20240422|27|20241231|27|20250514|29|||||
1000028832|20231231|10|20240403|10|20241231|12|20250407|13|20251231|14|20260402|15|||||||||||
1000028855|20210630|17|20211231|17|||||||||||||||||||
1000028857|20210312|8|20211111|9|||||||||||||||||||
1000028875|20211231|25|20230410|19|||||||||||||||||||
1000028880|20231231|8|20240101|8|||||||||||||||||||
1000028895|20231231|10|20240902|9|||||||||||||||||||
1000028912|20231231|2|20240618|2|||||||||||||||||||
1000028918|20210615|12|20211231|13|20220609|13|20231231|40|20241115|50|20241231|50|20250626|42|20251231|39|20260128|35|||||
1000028927|20231231|10|20240904|11|||||||||||||||||||
1000028934|20211231|16|20220718|19|||||||||||||||||||
1000028938|20210609|46|||||||||||||||||||||
1000028961|20210817|7|||||||||||||||||||||
1000028984|20210913|3|20211231|3|20220901|4|20221231|3|20230905|5|||||||||||||
1000029003|20221231|3|20231211|9|20231231|10|20240801|8|||||||||||||||
1000029004|20231231|8|20240819|9|||||||||||||||||||
1000029023|20211231|8|20230112|8|||||||||||||||||||
1000029037|20221231|32|20230419|43|20231231|86|20240508|96|20241231|82|20250418|94|||||||||||
1000029032|20231231|20|20240529|20|||||||||||||||||||
1000029076|20231231|0|20240605|0|20241231|12|20250605|12|||||||||||||||
1000029086|20241231|18|20250529|17|||||||||||||||||||
1000029100|20211231|17|20221231|20|20231231|15|20241231|16|20250409|16|20251231|16|20260401|17|||||||||
1000029106|20221231|11|20230630|10|20231231|10|20240617|12|20241231|10|20250515|12|20251231|13|20260430|14|||||||
1000029112|20231231|4|20240624|6|||||||||||||||||||
1000029126|20211231|53|20221130|62|20221231|68|20230331|73|||||||||||||||
1000029129|20221231|21|20230630|10|||||||||||||||||||
1000029132|20210422|25|20211231|39|20220630|46|20230413|46|20231231|47|20240403|46|20241231|52|20250402|51|20250604|56|20251231|52|20260402|52|
1000029141|20210608|14|||||||||||||||||||||
1000029143|20231231|72|20240401|68|||||||||||||||||||
1000029151|20231231|11|20240725|11|||||||||||||||||||
1000029154|20221231|5135|20230331|5152|||||||||||||||||||
1000029157|20211231|166|20221231|168|||||||||||||||||||
1000029168|20211231|6|20221231|8|||||||||||||||||||
1000029175|20210331|87|||||||||||||||||||||
1000029179|20241231|20|20251104|20|||||||||||||||||||
1000028952|20210720|4|||||||||||||||||||||
1000029034|20210419|7|||||||||||||||||||||
1000029181|20210725|5|20221231|6|20231127|4|20231231|4|20240624|3|20241231|4|20250418|6|||||||||
1000029194|20210331|33|20211231|36|20220331|38|20221231|40|20230328|41|||||||||||||
1000029209|20220630|5|20221231|5|20230503|5|20230508|5|20231231|5|20241231|5|20250601|4|||||||||
1000029219|20210524|18|||||||||||||||||||||
1000029230|20241231|15|20260102|15|||||||||||||||||||
1000029233|20231231|22|20240521|27|||||||||||||||||||
1000029254|20210726|8|20221231|8|20240104|8|||||||||||||||||
1000029253|20241231|30|20251027|30|||||||||||||||||||
1000029259|20231231|9|20240521|9|20241231|11|20260304|11|||||||||||||||
1000029263|20210909|10|20211231|10|20220621|12|20221231|15|20230531|23|20231231|28|20240619|39|20240725|29|20241231|28|20250623|29|20251231|34|
1000029287|20211231|6|20220613|6|20221231|10|20230608|12|20231231|11|20240516|14|20241231|17|20250523|17|||||||
1000029298|20231231|20|20240422|20|||||||||||||||||||
1000029303|20210625|11|20211231|11|20220624|6|20221231|11|20230628|7|20231231|8|20240617|10|20240828|9|||||||
1000029317|20241231|55|20250704|63|||||||||||||||||||
1000029331|20231231|275|20240703|273|20241118|253|20241231|279|20250619|270|20250930|266|||||||||||
1000029334|20210203|5|20210621|5|20211231|6|20230602|7|20231231|8|20240613|9|20250630|10|||||||||
1000029323|20210520|76|20211231|82|20220427|91|||||||||||||||||
1000029332|20210407|3|20211231|3|20220415|4|20221231|5|20230329|6|20231231|6|20240328|6|20241231|4|20250411|4|20251231|4|20260410|4|
1000029338|20211231|5|20220418|5|20230418|6|20231231|6|20240424|6|20241231|6|20250421|4|20251121|3|||||||
1000029341|20210331|7|20211231|14|20221231|17|20230330|17|||||||||||||||
1000029350|20231231|25|20240516|25|||||||||||||||||||
1000029358|20221121|5|||||||||||||||||||||
1000029367|20210826|26|20231231|23|20240604|23|||||||||||||||||
1000029366|20210419|4|20211231|8|20220412|8|20230405|8|20231231|9|20240409|9|20241231|11|20250414|11|20260325|13|||||
1000030952|20231231|13|20240708|8|20241231|17|20250623|22|||||||||||||||
1000029392|20221231|15|20230731|16|20231231|15|20240517|16|||||||||||||||
1000029415|20211231|8|20221231|9|20231231|6|20240517|6|||||||||||||||
1000029430|20241231|14|20251224|15|||||||||||||||||||
1000029448|20211231|22|20220103|22|||||||||||||||||||
1000029461|20210705|24|||||||||||||||||||||
1000029459|20210414|53|20211231|52|20220414|55|20221231|52|20230403|54|20231231|59|20240411|59|20241231|61|20250411|61|||||
1000013043|20210514|10|20220422|8|20251231|65|20260424|65|||||||||||||||
1000013044|20241231|5|20251105|5|||||||||||||||||||
1000004871|20210707|20|||||||||||||||||||||
1000006616|20231231|25|20240705|25|||||||||||||||||||
1000019210|20211231|16|20220831|22|||||||||||||||||||
1000006619|20241231|47|20250305|4|20251231|47|20260429|44|||||||||||||||
1000013459|20210331|20|||||||||||||||||||||
1000023395|20241231|4|20250415|4|20251231|4|20260415|4|||||||||||||||
1000010775|20211031|26|20211231|28|20221031|26|20221231|18|20231006|18|20241231|19|20251015|15|||||||||
1000015589|20210405|7|20211231|8|20220331|9|20221231|18|20230411|18|20231231|18|20240415|18|20241231|9|20250411|9|20251231|9|20260413|21|
1000011854|20231231|28|20241126|27|20241231|30|20250531|37|||||||||||||||
1000013710|20210409|24|||||||||||||||||||||
1000004881|20210324|37|20211231|37|20220328|25|20230331|23|20231231|23|20240320|25|20241231|25|20250318|25|20251231|30|20260330|30|||
1000011855|20210610|23|20220406|23|20231231|30|20240321|32|||||||||||||||
1000021274|20221231|13|20230321|13|||||||||||||||||||
1000008324|20251231|11|20260408|10|||||||||||||||||||
1000010009|20210608|9|20211231|9|20220607|9|20221231|9|20230530|8|20231231|8|20240520|9|20241231|10|20250424|10|||||
1000004886|20210426|11|||||||||||||||||||||
1000004888|20210131|48|20211231|46|20220331|51|20231231|45|20240522|45|20241231|44|20250515|58|||||||||
1000004895|20211231|20|20221231|21|20230302|21|20230331|21|20240403|21|20241231|23|20250326|24|20251231|21|20260331|21|||||
1000008325|20231231|29|20241106|31|20241231|31|||||||||||||||||
1000019307|20211231|22|20230209|30|||||||||||||||||||
1000021228|20231231|9|20240828|9|20241231|9|20250618|11|||||||||||||||
1000024516|20221231|22|20230807|26|||||||||||||||||||
1000006628|20211231|8|20220419|8|||||||||||||||||||
1000011030|20210406|7|||||||||||||||||||||
1000031241|20221231|48|20230814|50|20231231|48|20240930|57|20241231|57|20250919|78|||||||||||
1000004901|20251231|14|20260424|14|||||||||||||||||||
1000021510|20211231|10|20220427|10|||||||||||||||||||
1000007820|20241231|44|20250630|36|||||||||||||||||||
1000004910|20251231|3|20260406|3|||||||||||||||||||
1000004912|20210621|14|20251231|11|20260306|11|||||||||||||||||
1000017983|20251231|18|20260406|18|||||||||||||||||||
1000004911|20210630|22|20211231|21|20220331|22|20221231|21|20230331|22|||||||||||||
1000004922|20210422|15|20221231|292|20230504|438|||||||||||||||||
1000010639|20221231|17|20230607|17|20241231|17|20251030|20|||||||||||||||
1000007823|20210228|212|20211231|236|20220324|214|20220531|233|20221231|255|20230531|271|20231231|261|20240430|231|20241231|208|20250519|210|20251231|215|
1000014055|20241231|23|20250417|23|20251231|23|20260420|26|||||||||||||||
1000011192|20210731|13|20211231|15|20220531|14|||||||||||||||||
1000009860|20221231|14|20231222|15|20231231|15|20240611|17|20241231|15|20250619|17|||||||||||
1000024517|20211231|17|20220322|18|20231231|24|20250213|24|||||||||||||||
1000019786|20210331|11|20211231|10|20221231|11|20230331|11|20231231|13|20240331|13|20241231|10|20250415|14|20251231|16|20260403|14|||
1000013715|20221231|46|20230630|56|20231231|59|20240411|60|20241231|59|20250915|53|||||||||||
1000020057|20210720|16|||||||||||||||||||||
1000015185|20211231|14|20221227|14|||||||||||||||||||
1000011864|20241231|21|20250609|21|||||||||||||||||||
1000012009|20230331|35|20231113|22|||||||||||||||||||
1000010778|20210428|50|20231231|66|20240503|66|||||||||||||||||
1000023756|20241231|37|20250512|36|||||||||||||||||||
1000023757|20211231|18|20221231|15|||||||||||||||||||
1000021105|20220426|13|20221231|11|20230419|11|20230424|10|20231231|10|20241231|8|20250515|8|||||||||
1000013716|20211215|11|||||||||||||||||||||
1000013055|20210419|18|20211231|26|20220406|25|20221231|23|20230404|24|20231231|26|20240328|24|20251231|20|20260325|21|||||
1000008889|20241231|5|20250521|5|||||||||||||||||||
1000017993|20241231|6|20250509|6|20251231|88|20260427|66|||||||||||||||
1000013717|20210409|6|20211231|7|20220408|7|20231231|7|20240405|9|20241231|10|20250403|9|20251231|8|20260403|7|||||
1000017994|20210331|18|20211231|18|20220421|18|20221231|19|20230519|19|||||||||||||
1000016649|20211231|3|20221215|3|||||||||||||||||||
1000004942|20210602|14|20211231|16|20220603|17|20221231|17|20230608|19|20231231|19|20240503|18|20241231|16|20250502|15|20251231|18|20260422|18|
1000015191|20211231|5|20230801|5|||||||||||||||||||
1000013056|20210422|31|||||||||||||||||||||
1000015665|20221231|9|20230728|9|20241231|17|20250521|19|||||||||||||||
1000020794|20210531|7|||||||||||||||||||||
1000004946|20241231|8|20251104|9|||||||||||||||||||
1000006984|20211231|19|20220331|19|||||||||||||||||||
1000004953|20231231|29|20240331|25|||||||||||||||||||
1000018812|20210614|8|20211231|8|20220620|8|20221231|8|20230628|10|20231231|10|20240621|9|20241231|11|20250626|10|||||
1000023238|20210518|5|20211231|7|20220518|8|20221231|6|20230531|8|20231231|8|20240530|8|20241231|8|||||||
1000006640|20221231|22|20230503|22|20231231|22|20240430|23|20241231|13|20250429|15|||||||||||
1000019407|20211231|13|20220531|14|||||||||||||||||||
1000004958|20211231|7|20221221|7|20231231|11|20240419|12|20241231|11|20250411|12|20251231|12|20260506|13|||||||
1000004959|20241231|235|20250522|236|20251231|178|20260331|178|||||||||||||||
1000015886|20211231|8|20221221|9|20221231|8|20230630|9|20231231|6|20240508|6|||||||||||
1000004961|20230328|81|20240327|68|20250325|66|20260331|67|||||||||||||||
1000004964|20210521|36|20211231|35|20220411|36|||||||||||||||||
1000022844|20231231|3|20240411|3|||||||||||||||||||
1000011281|20221231|19|20230523|19|||||||||||||||||||
1000012293|20251231|16|20260402|20|||||||||||||||||||
1000024203|20210415|64|20211231|66|20220414|91|20221231|88|20231231|77|20240409|92|20240808|68|20241231|63|20250331|62|20251231|69|20260331|74|
1000021694|20211231|29|20221231|69|||||||||||||||||||
1000013062|20241231|18|20250218|11|||||||||||||||||||
1000021539|20211230|1|||||||||||||||||||||
1000013063|20210331|44|20221231|61|||||||||||||||||||
1000020063|20211231|8|20220621|9|20230430|12|20231231|12|20241231|14|20250531|14|||||||||||
1000022755|20210419|17|||||||||||||||||||||
1000010782|20211115|21|||||||||||||||||||||
1000013064|20241231|4|20250715|4|||||||||||||||||||
1000004972|20210430|2|20211231|2|20220713|5|20221231|5|20240105|3|20241231|6|20250616|5|||||||||
1000004973|20241231|130|20260106|135|||||||||||||||||||
1000022894|20210630|13|20211231|11|20220630|9|20221231|11|20230906|12|20231231|10|20240530|9|20241231|10|20250404|10|||||
1000011446|20210415|39|20221231|40|20230324|39|20231231|42|20240403|45|20241231|50|20250331|52|20251231|53|20260403|52|||||
1000006645|20210319|16|||||||||||||||||||||
1000022338|20251231|15|20260423|17|||||||||||||||||||
1000015199|20211231|14|20220331|15|20221231|19|20230401|17|20231231|13|20240409|10|20251231|9|20260401|9|||||||
1000011867|20210625|5|||||||||||||||||||||
1000010783|20211231|26|20220613|23|||||||||||||||||||
1000012225|20220331|15|20221231|15|20230428|16|||||||||||||||||
1000004984|20210930|31|20211231|31|20221231|31|20231219|34|||||||||||||||
1000022522|20211231|81|||||||||||||||||||||
1000009874|20211231|14|20220531|15|||||||||||||||||||
1000009295|20210430|10|20211231|9|20220430|9|20221231|11|20230511|10|20241231|14|20250520|14|||||||||
1000006987|20210531|7|20211230|8|20220620|7|20221231|8|20230612|10|||||||||||||
1000008635|20210331|21|20211231|16|20220331|15|20221231|11|20230331|11|20231231|10|20240331|10|20241231|10|20250407|10|20251231|15|20260402|15|
1000004990|20211231|13|20220503|14|20221231|13|20230503|12|20231231|13|20240425|14|20241231|11|20250424|11|20251231|12|20260416|12|||
1000006650|20211231|52|20221031|45|20241231|52|20250430|48|||||||||||||||
1000018012|20210322|12|||||||||||||||||||||
1000007829|20231231|37|20241231|44|20250102|35|20250602|36|20251231|44|20260508|44|||||||||||
1000015203|20210415|12|20221231|14|20230602|17|20241231|13|20250701|12|||||||||||||
1000024208|20231231|37|20240611|35|20241231|86|20250331|69|20251231|78|20260430|130|||||||||||
1000022454|20210315|5|20211231|5|20220817|5|20230804|5|20231231|5|20240613|5|20241231|4|20250402|4|20251231|4|20260416|4|||
1000020802|20211231|21|20220817|17|20221231|18|20230509|18|20231231|16|20240422|14|20241231|17|20251231|19|20260205|19|20260331|18|||
1000006654|20221231|70|20240305|107|||||||||||||||||||
1000021466|20211231|7|20220331|8|||||||||||||||||||
1000013070|20211231|27|||||||||||||||||||||
1000005005|20241231|7|20250512|6|20251231|7|20260421|6|||||||||||||||
1000005007|20211231|18|20220629|16|||||||||||||||||||
1000016388|20251231|37|20260420|41|||||||||||||||||||
1000022339|20210329|80|20211231|81|20220411|81|20221231|88|20230411|88|20231231|85|20240327|94|20241231|79|20250514|109|20251231|120|20260424|125|
1000015594|20210617|22|||||||||||||||||||||
1000009878|20211231|2|20220831|2|||||||||||||||||||
1000023242|20211130|39|20221226|35|20221231|34|20230530|35|||||||||||||||
1000023763|20231231|8|20240618|8|20241231|8|20250707|8|||||||||||||||
1000005013|20210309|12|20210806|12|||||||||||||||||||
1000020066|20210401|21|20210601|22|20211231|26|20220404|26|20221231|27|20230609|33|20231231|34|20240424|32|20240813|33|20241231|33|20250616|24|
1000020804|20220215|8|20221231|9|20230405|9|||||||||||||||||
1000013073|20241231|20|20250414|20|20251231|21|20260414|21|||||||||||||||
1000005017|20210630|30|20211231|22|20220728|32|20221231|32|20230516|29|20231231|31|20240405|31|20241231|38|20250101|38|20251231|35|20260101|34|
1000023245|20241231|15|20250617|15|||||||||||||||||||
1000005021|20241231|7|20250527|9|||||||||||||||||||
1000005023|20221231|26|20230628|24|20231231|20|20240619|18|||||||||||||||
1000008638|20211207|6|20211231|6|20220418|5|20221231|6|20230416|6|20230616|6|20231231|6|20241231|8|20250416|8|20251231|8|20260416|8|
1000006989|20210604|22|20231231|48|20240605|62|20241231|50|20250531|39|||||||||||||
1000007832|20210331|12|20211231|10|20220331|12|20221231|11|20230331|14|20231231|13|20240329|13|20241231|13|20250331|13|20251231|13|20260331|13|
1000005025|20231231|7|20240416|7|||||||||||||||||||
1000008639|20211231|8|20230914|9|20231231|8|20241218|8|20241231|8|20260112|8|||||||||||
1000008640|20211231|12|20220815|12|||||||||||||||||||
1000021557|20210331|56|||||||||||||||||||||
1000005034|20211123|8|20220531|8|20221231|8|20230512|8|20231231|10|20240418|10|20241231|11|20250328|10|20251231|10|20260409|10|||
1000010786|20211231|22|20230414|22|20241231|40|20250409|39|||||||||||||||
1000008329|20210413|5|20221231|5|20230325|6|20231231|5|20240411|6|20241231|5|20250415|6|20251231|4|20260409|6|||||
1000012227|20231231|28|20240422|30|20241231|30|||||||||||||||||
1000021066|20210615|11|20211231|11|20220615|9|||||||||||||||||
1000005041|20220405|129|20221231|130|20230414|134|20231231|134|20240415|146|20241231|136|20250324|130|20251231|127|20260326|130|||||
1000011337|20241231|9|20250626|9|||||||||||||||||||
1000005044|20210331|48|20221231|52|20230331|55|20231231|55|20240331|54|20241231|53|20250331|53|20251231|44|20260331|47|||||
1000015595|20210331|71|20221231|79|20230331|79|20231231|79|20240331|78|20241231|93|20250331|93|20251231|93|20260413|93|||||
1000008642|20241231|55|20250926|55|||||||||||||||||||
1000005046|20210512|12|20211018|14|20211231|15|20220621|14|20221231|15|20230525|14|20231231|13|20240516|13|20241231|13|20250512|15|20260428|13|
1000006668|20220307|9|||||||||||||||||||||
1000005049|20211231|50|20220526|60|20221231|56|20230430|65|||||||||||||||
1000025505|20210430|14|20211231|15|20220425|12|20220429|14|20221231|13|20231231|10|20240423|10|20241231|11|20250418|14|20251231|14|20260414|14|
1000012432|20211115|9|20211231|9|20220428|9|20221231|11|20230619|14|20231231|16|20240409|17|20241231|20|20250404|22|20251231|20|20260403|21|
1000005050|20240630|8|20240926|19|||||||||||||||||||
1000005052|20220419|826|20220430|826|20230419|825|20231231|768|20240412|759|20240820|746|20241231|755|20250410|742|20251231|716|20260408|706|||
1000005054|20210630|27|20211231|33|20220731|33|||||||||||||||||
1000011197|20231231|90|20240503|90|20241231|93|20250616|95|||||||||||||||
1000006671|20210621|9|20211231|10|20221228|13|||||||||||||||||
1000007835|20211231|1321|20220713|1323|20221231|1302|20230724|1347|20231231|1345|20240826|1334|20241231|1318|20250714|1408|||||||
1000023250|20221231|13|20231227|13|||||||||||||||||||
1000010919|20211031|34|||||||||||||||||||||
1000005068|20210309|7|20211231|5|20220405|5|20221231|5|20230412|5|20241231|5|20250417|8|20251231|5|20260410|8|||||
1000022670|20251231|14|20260316|15|||||||||||||||||||
1000011345|20210607|6|20220607|12|||||||||||||||||||
1000009891|20210430|69|20211231|78|20220430|89|||||||||||||||||
1000020808|20210513|57|20211231|62|20220426|61|20220430|61|20231231|61|20240513|61|20241231|61|20250512|63|20251231|63|20260511|65|||
1000013372|20241231|39|20250618|33|||||||||||||||||||
1000006994|20211231|5|20220624|5|20221231|5|20230705|5|20231231|5|20240625|5|20241231|4|20250807|4|||||||
1000013725|20221231|14|20230831|13|||||||||||||||||||
1000019230|20211025|9|20221231|11|20230419|11|||||||||||||||||
1000007836|20210528|7|20211231|5|20220517|9|20221231|7|20230425|8|20231231|7|20240404|8|20241231|7|20250414|6|20251231|7|20260417|6|
1000008895|20221231|15|20230531|19|20231231|17|20240816|17|20241231|16|20250908|15|||||||||||
1000021108|20210910|11|20210913|11|20220621|15|20230601|12|20231231|12|20240603|12|20241231|12|20250515|12|20251231|12|20260508|11|||
1000007299|20241231|6|20260119|6|||||||||||||||||||
1000029471|20210910|14|20241231|30|20251216|34|||||||||||||||||
1000029462|20211231|6|20220207|6|20220630|7|20221231|8|20230623|8|20231231|7|20240625|7|20241231|7|20250623|6|||||
1000029473|20221231|2|20230516|2|||||||||||||||||||
1000029464|20231231|15|20240614|15|||||||||||||||||||
1000029496|20231231|2|20240810|2|20241231|2|20250528|2|||||||||||||||
1000029500|20241231|54|20251211|56|||||||||||||||||||
1000029491|20231231|9|20240418|10|20241231|8|20250415|9|||||||||||||||
1000029501|20231231|43|20240724|68|20241231|85|20250409|100|||||||||||||||
1000029505|20231231|98|20240322|116|20241231|98|20250320|77|20251231|78|20260306|76|||||||||||
1000029514|20221231|4|20240112|4|||||||||||||||||||
1000029527|20210928|10|20211231|7|20220311|10|20230403|13|20231231|13|20240403|13|20241231|13|20250421|13|20251231|13|20260420|14|||
1000029531|20210406|10|20211231|13|20220407|13|20221231|13|20230410|15|20231231|18|20240403|21|20241231|21|20250408|20|20251231|22|20260406|22|
1000029535|20210330|17|20211231|21|20220511|21|20221231|21|20230420|21|||||||||||||
1000029585|20241231|12|20250403|11|||||||||||||||||||
1000029586|20221231|14|20230509|14|20231231|14|20240513|14|20241231|13|20250910|13|||||||||||
1000029587|20211231|9|20220731|28|20221231|22|20231231|14|20240409|16|||||||||||||
1000029595|20211111|15|||||||||||||||||||||
1000029597|20211216|6|20220608|12|||||||||||||||||||
1000029643|20210121|41|20210412|41|20211231|43|20220330|42|20220518|40|20231231|41|20241121|41|||||||||
1000029636|20211231|838|20220512|898|||||||||||||||||||
1000029656|20251231|75|20260408|78|||||||||||||||||||
1000029651|20210601|10|20210901|14|20211231|15|20220401|14|20221231|33|20231231|74|20240416|71|20241231|71|20250410|89|||||
1000029649|20211231|5|20220722|7|||||||||||||||||||
1000029655|20210422|49|20221231|79|20230516|86|20231231|84|20241031|94|20241231|98|20250331|102|20251231|108|20260403|105|||||
1000029661|20221231|6|20230728|6|||||||||||||||||||
1000029671|20211231|6|20220531|8|20231231|6|20240617|8|||||||||||||||
1000029704|20210706|17|20211231|19|20220526|25|||||||||||||||||
1000029727|20210226|6|20210628|8|20241231|4|20250902|6|||||||||||||||
1000029744|20241231|20|20250516|12|||||||||||||||||||
1000029751|20211231|18|20221231|31|||||||||||||||||||
1000029763|20231231|15|20240325|15|||||||||||||||||||
1000029777|20211231|18|20230525|36|||||||||||||||||||
1000029795|20220101|2|20231231|2|20240117|2|20240605|2|||||||||||||||
1000029800|20221231|13|20240126|15|||||||||||||||||||
1000029817|20211231|9|20220407|9|20231231|15|20240412|15|||||||||||||||
1000029812|20221231|26|20230419|27|||||||||||||||||||
1000029807|20221231|1|20230530|1|20241231|1|20250527|1|||||||||||||||
1000029816|20220523|21|20221231|21|20230621|20|20231231|20|20240531|23|20241231|23|20250528|21|||||||||
1000029859|20210108|11|||||||||||||||||||||
1000029867|20221231|11|20231227|12|20241231|11|20250605|11|||||||||||||||
1000029888|20221231|140|20231231|141|20240314|138|20240328|138|20240821|139|20241231|142|20250328|142|20251231|142|20260325|142|||||
1000029931|20231231|10|20240701|7|||||||||||||||||||
1000029968|20241231|45|20250429|53|||||||||||||||||||
1000029972|20210930|6|20220531|5|20221231|7|20230531|7|20240528|7|20241231|6|20250619|7|||||||||
1000029976|20210617|11|20211231|2|20220616|13|20221231|13|20230616|13|20231231|13|20240618|14|20241231|12|20250617|14|||||
1000029984|20210331|107|20211231|180|20220331|186|20230331|298|20231231|252|20241231|378|20250228|383|20251231|465|20260228|458|||||
1000029995|20210623|17|20210730|13|20211231|15|20221231|24|20231228|29|||||||||||||
1000029998|20241231|11|20250813|10|||||||||||||||||||
1000030051|20210531|6|||||||||||||||||||||
1000030058|20241231|17|20250424|17|||||||||||||||||||
1000030060|20211231|4|20231231|4|20240626|4|20240904|6|||||||||||||||
1000030095|20210202|3|||||||||||||||||||||
1000030097|20241231|16|20250324|22|||||||||||||||||||
1000030111|20211231|12|20220928|12|||||||||||||||||||
1000030150|20231231|19|20240815|20|||||||||||||||||||
1000030160|20210407|11|20221215|12|20221231|3|20231221|12|||||||||||||||
1000030165|20220425|11|20251231|20|20260504|22|||||||||||||||||
1000030171|20231231|25|20240731|33|||||||||||||||||||
1000030174|20210719|5|20251231|9|20260324|10|||||||||||||||||
1000030204|20221231|9|20231123|35|||||||||||||||||||
1000030185|20241231|5|20250328|4|20251231|5|20260402|5|||||||||||||||
1000029067|20210726|44|20211231|46|20220603|54|20221231|38|20230427|39|20241231|31|20251215|31|||||||||
1000030206|20241231|12|20250626|13|||||||||||||||||||
1000030205|20211231|10|20220713|11|20221231|10|20231231|10|20241231|7|20250821|7|20251231|7|20260427|7|||||||
1000030230|20231231|8|20240709|8|||||||||||||||||||
1000030227|20211231|241|20220321|234|20230427|269|20231231|312|20240416|338|20241231|387|20250325|421|20251231|423|20260331|427|||||
1000030224|20211231|327|20220731|321|||||||||||||||||||
1000030226|20231231|115|20250226|111|||||||||||||||||||
1000030256|20221231|2|20230330|2|||||||||||||||||||
1000030267|20221231|13|20230824|20|20241231|9|20250403|7|||||||||||||||
1000030281|20231231|25|20240925|25|20241231|27|20250703|29|||||||||||||||
1000030283|20251231|7|20260327|7|||||||||||||||||||
1000030294|20211231|7|20220525|7|20221231|4|20230430|4|||||||||||||||
1000030298|20231231|19|20240415|19|||||||||||||||||||
1000030305|20211231|9|20221130|10|20221231|9|20231204|9|20231231|10|20241126|10|20241231|10|20251116|10|||||||
1000030306|20211231|505|20220331|505|20231231|590|||||||||||||||||
1000030311|20210427|7506|||||||||||||||||||||
1000030316|20220131|9|20231231|12|20240806|12|||||||||||||||||
1000015217|20210514|21|||||||||||||||||||||
1000005079|20210603|6|||||||||||||||||||||
1000021788|20210430|6|||||||||||||||||||||
1000006678|20231231|0|20240430|0|||||||||||||||||||
1000010537|20241231|6|20251029|7|||||||||||||||||||
1000008644|20210308|24|20210603|24|20211231|24|20221231|24|20230531|31|||||||||||||
1000006995|20241231|19|20250709|19|||||||||||||||||||
1000005610|20210331|48|20210901|48|20220331|48|20220517|50|20220915|52|20230912|61|20240331|66|20250331|68|20250923|73|||||
1000019413|20210624|29|20211231|30|20220624|29|20221231|30|20231114|20|||||||||||||
1000030081|20210405|9|||||||||||||||||||||
1000015400|20231231|17|20241125|21|20241231|20|20251219|18|||||||||||||||
1000005084|20210416|9|||||||||||||||||||||
1000005087|20210131|180|||||||||||||||||||||
1000006997|20231231|12|20240709|13|||||||||||||||||||
1000007839|20220430|11|20230418|12|||||||||||||||||||
1000013728|20210310|35|20211231|29|20220303|31|20221231|31|20230307|32|20241128|15|||||||||||
1000005092|20211229|18|20220615|19|20221231|18|20230608|32|20231231|39|20240610|49|20241231|48|20250403|49|||||||
1000005090|20221231|11|20230531|9|20231231|8|20240531|8|20241231|7|20250531|10|||||||||||
1000011330|20221231|54|20230426|62|||||||||||||||||||
1000015225|20241231|16|20250528|18|||||||||||||||||||
1000024312|20210405|44|20211231|41|20220228|42|||||||||||||||||
1000016389|20211231|20|20221231|26|||||||||||||||||||
1000018037|20210331|16|20211231|17|20230117|22|20231231|19|20240801|19|||||||||||||
1000005102|20210325|7|20211231|7|20220405|11|20221231|8|20230405|8|20241231|5|20250409|5|20251231|5|20260402|5|||||
1000012435|20231231|3|20240509|3|20241231|2|20250513|2|20251231|3|20260508|3|||||||||||
1000020075|20210531|13|||||||||||||||||||||
1000009898|20241231|52|20250528|60|20251231|66|20260331|69|||||||||||||||
1000005105|20231231|16|20241023|10|||||||||||||||||||
1000019236|20230630|6|20231106|6|||||||||||||||||||
1000005110|20221231|10|20230605|10|20231231|10|20240516|10|20241231|10|20250520|11|||||||||||
1000006684|20211231|20|20220602|20|||||||||||||||||||
1000006685|20231231|8|20240430|7|||||||||||||||||||
1000013087|20241231|45|20250422|54|20251231|54|20260228|57|||||||||||||||
1000006687|20210409|21|20211231|32|20220405|32|||||||||||||||||
1000023778|20221231|7|20230330|28|20231231|21|20240415|24|||||||||||||||
1000007305|20210415|25|20211231|25|20220331|25|||||||||||||||||
1000024291|20210409|64|||||||||||||||||||||
1000007003|20241231|5|20251029|4|||||||||||||||||||
1000011199|20221230|36|20231117|28|||||||||||||||||||
1000005118|20210405|8|20241231|9|20250331|10|20260408|6|||||||||||||||
1000019667|20211214|19|||||||||||||||||||||
1000005120|20210331|125|20211231|173|20220331|164|||||||||||||||||
1000019238|20210413|17|20210617|18|20211231|18|20220428|18|20231231|26|20240612|16|20241231|26|20250616|26|||||||
1000021110|20211231|10|20221231|10|||||||||||||||||||
1000020081|20241231|19|20250523|20|||||||||||||||||||
1000014062|20210228|472|20211231|467|20220331|461|20221231|462|20230331|456|20231231|507|20240229|518|20241231|590|20250228|588|20251231|585|20260228|585|
1000018045|20210715|8|20211231|8|20220624|10|20230629|11|20231231|14|20240429|13|20241231|11|20250425|12|20251231|15|20260430|13|||
1000018048|20210406|37|||||||||||||||||||||
1000009312|20211231|5|20231010|5|20231231|6|20240816|6|20241231|6|20250417|6|||||||||||
1000021230|20211231|19|20220526|15|20221231|19|20230502|20|20241231|16|20250514|13|||||||||||
1000013093|20210426|15|20211231|17|20220330|17|20221231|21|20230307|20|20231231|27|20240425|25|20241231|24|20250415|27|20250512|27|20251231|30|
1000014288|20211231|11|20220627|11|||||||||||||||||||
1000013374|20241231|29|20250521|30|||||||||||||||||||
1000012230|20241231|38|20260107|40|||||||||||||||||||
1000024068|20241231|8|20250428|8|||||||||||||||||||
1000005146|20210228|612|20211231|632|20220331|768|20221231|742|20230517|697|20231231|716|20240331|909|20241231|924|20250331|906|||||
1000011202|20231231|4|20240612|3|||||||||||||||||||
1000013095|20211231|17|20220422|17|||||||||||||||||||
1000005154|20210405|5|20211231|8|20220404|6|20221231|6|20230412|4|20231231|13|20240409|13|20241231|13|20250422|13|||||
1000015602|20210413|30|20211231|27|20221130|23|20231231|26|20240612|26|20241231|16|20250422|16|||||||||
1000005158|20221231|7|20230630|5|||||||||||||||||||
1000005165|20210930|58|20211231|57|20220610|61|20221231|61|20230731|62|20240701|55|20241231|55|20250530|55|||||||
1000005168|20211231|2|20221231|2|20230601|2|||||||||||||||||
1000008655|20210427|10|20211231|11|20230614|10|20231231|10|20240416|10|20241231|10|20250415|10|||||||||
1000023741|20210419|30|20241231|48|20250116|47|||||||||||||||||
1000020040|20231231|17|20240422|19|20241231|15|20250623|18|||||||||||||||
1000019203|20210325|46|20210331|46|20220331|39|20221231|33|20231231|26|20240326|25|20241231|21|20250327|23|20250618|26|20251231|29|20260331|25|
1000030364|20251231|44|20260309|42|||||||||||||||||||
1000030366|20221030|16|20221231|14|20231030|8|20231231|7|20240529|6|20250623|7|||||||||||
1000030399|20211231|1|20220324|3|20221231|2|20230907|2|20231231|1|20240627|1|20241231|4|20250520|4|||||||
1000030416|20210218|6|20210601|6|||||||||||||||||||
1000030420|20210531|46|20211231|43|20220331|45|20221231|37|20230331|39|20231231|30|20240331|27|20241231|24|20250331|23|20260331|27|||
1000030435|20211231|10|20220404|12|20220430|19|20221231|19|20231231|18|20240417|17|20241231|12|20250414|10|20251231|15|20260403|16|||
1000030453|20241231|22|20250826|22|||||||||||||||||||
1000030470|20211231|7|20230417|5|||||||||||||||||||
1000030465|20211231|164|20220331|367|20231231|870|20240823|904|||||||||||||||
1000030484|20231231|72|20240401|72|20241231|51|20250520|78|||||||||||||||
1000030481|20231231|9|20240405|8|20251231|9|20260414|9|||||||||||||||
1000030493|20221231|12|20240328|10|20241231|14|20250515|18|20251231|14|20260415|14|||||||||||
1000030500|20221231|4|20230324|6|||||||||||||||||||
1000030526|20231231|9|20241206|6|||||||||||||||||||
1000030533|20221231|3|20231205|3|20231231|5|20240906|5|20250626|5|||||||||||||
1000030534|20211231|7|20230116|7|||||||||||||||||||
1000030537|20221231|3|20230428|3|20231231|4|20240401|4|20241231|4|20250718|4|||||||||||
1000030547|20211231|3|20220218|3|20220607|2|20221231|3|20230531|3|20231231|5|20240528|7|20241231|8|20250528|8|||||
1000030557|20211231|9|20220525|11|20230724|10|||||||||||||||||
1000030564|20211231|7|20220314|9|20221231|9|20230619|9|20231231|9|20250204|5|||||||||||
1000030578|20210430|3|20211031|3|||||||||||||||||||
1000030582|20211231|8|20230316|7|||||||||||||||||||
1000030599|20231231|0|20240809|0|20241231|14|20250624|15|||||||||||||||
1000014008|20221231|8|20230522|12|||||||||||||||||||
1000009688|20241231|32|20250408|32|||||||||||||||||||
1000030672|20231231|0|20250114|4|||||||||||||||||||
1000030700|20241231|12|20250408|13|||||||||||||||||||
1000030705|20231231|20|20240404|22|20241231|22|20250415|24|||||||||||||||
1000007040|20211231|19|20230531|19|20231231|19|20240613|14|20241231|18|20251202|13|||||||||||
1000006392|20241231|10|20250425|10|||||||||||||||||||
1000030723|20211231|5|20220301|13|20221231|15|20230425|18|||||||||||||||
1000030724|20211231|15|20220510|17|||||||||||||||||||
1000030717|20231231|22|20240719|24|||||||||||||||||||
1000030756|20231231|4|20240905|7|||||||||||||||||||
1000030762|20211231|7|20220620|13|||||||||||||||||||
1000030758|20231231|8|20240610|9|20250625|9|||||||||||||||||
1000030784|20221231|3|20231028|3|||||||||||||||||||
1000030785|20221231|10|20231027|13|||||||||||||||||||
1000030802|20241231|39|20250617|63|||||||||||||||||||
1000030812|20210701|8|20210712|8|||||||||||||||||||
1000030853|20231231|3|20241120|3|20241231|3|20250703|4|||||||||||||||
1000030865|20211229|3495|20220715|3891|20221231|3891|20230525|3985|20231231|3998|20240501|3946|20241231|4023|20250501|4062|20260317|4040|||||
1000030916|20221231|14|20230728|14|20241231|13|20251202|13|||||||||||||||
1000030928|20211231|6|20230208|6|||||||||||||||||||
1000030943|20251231|56|20260424|68|||||||||||||||||||
1000030944|20241231|12|20250429|13|||||||||||||||||||
1000030949|20241231|236|20260127|242|||||||||||||||||||
1000030958|20211231|51|20220315|58|||||||||||||||||||
1000030998|20241231|3|20250814|2|||||||||||||||||||
1000031000|20231231|10|20240426|14|20241231|10|20250423|16|20251231|13|20260414|16|||||||||||
1000031011|20211231|9|20221231|9|20231231|9|20240417|9|20241231|9|20250410|9|20251231|9|20260413|9|||||||
1000031024|20231231|0|20241104|8|||||||||||||||||||
1000031028|20221231|49|20230430|47|20231231|47|20240509|41|20241231|41|20250507|42|||||||||||
1000031031|20240331|52|20250611|54|||||||||||||||||||
1000031051|20211231|1052|20221005|1071|20221231|1108|20230331|1230|20240529|1312|20241231|1413|20250402|1555|20251231|1647|20260401|2111|||||
1000031048|20250301|3334|20260326|3640|||||||||||||||||||
1000031041|20241231|60|20251229|55|||||||||||||||||||
1000031062|20221231|11|20230104|11|||||||||||||||||||
1000031079|20231231|6|20240729|9|||||||||||||||||||
1000031081|20251231|59|20260402|67|||||||||||||||||||
1000031083|20241231|1182|20250806|738|||||||||||||||||||
1000031054|20211231|1|20220428|2|20221231|30|20230228|34|20230331|32|||||||||||||
1000031142|20231231|20|20240409|22|||||||||||||||||||
1000031159|20211231|27|20230131|39|||||||||||||||||||
1000031183|20211210|6|20241231|8|20250512|8|||||||||||||||||
1000031242|20231231|0|20240614|2|||||||||||||||||||
1000031263|20251231|47|20260408|45|||||||||||||||||||
1000031256|20211231|31|20220204|31|20230210|29|20230616|28|20231231|30|20240613|26|||||||||||
1000031328|20221231|5|20231011|5|||||||||||||||||||
1000031402|20241231|11|20250617|11|||||||||||||||||||
1000031411|20221231|5|20230804|5|20231231|5|20240611|9|20241231|8|20250602|10|||||||||||
1000031422|20220408|360|20231231|510|20240409|404|20241231|387|20250331|385|20251231|386|20260327|399|||||||||
1000031434|20220915|1502|||||||||||||||||||||
1000012017|20241231|10|20250602|10|||||||||||||||||||
1000008678|20210531|21|20211231|20|20220531|20|20221231|18|20230531|28|20231231|25|20240531|27|20241231|18|20250531|20|||||
1000031468|20231231|9|20240712|9|||||||||||||||||||
1000031479|20221231|15|20230331|12|||||||||||||||||||
1000031499|20231231|3|20241011|3|||||||||||||||||||
1000031517|20221231|23|20230131|52|20240109|100|||||||||||||||||
1000029668|20230630|5|20231109|5|||||||||||||||||||
1000031527|20221231|33|20230411|34|20231231|32|20240408|35|||||||||||||||
1000031551|20221231|7|20230331|8|||||||||||||||||||
1000031557|20221231|11|20230331|40|20231231|37|20240408|43|20241231|61|20250401|63|20251231|66|20260401|70|||||||
1000031562|20221231|73|20230331|72|20231231|72|20240331|70|20241231|67|20250331|67|20251231|65|20260331|60|||||||
1000031573|20231231|17|20240611|20|||||||||||||||||||
1000031581|20220906|6|20220921|6|20221231|7|20230531|9|20231231|8|20240616|7|20241231|9|20250605|10|||||||
1000031578|20231231|5|20240528|8|||||||||||||||||||
1000031606|20231231|4|20240312|3|||||||||||||||||||
1000031626|20231231|7|20240829|23|20241231|23|20250911|19|||||||||||||||
1000031630|20251231|5|20260408|8|||||||||||||||||||
1000031636|20231231|12|20240716|16|||||||||||||||||||
1000031633|20221231|47|20230419|48|20231231|50|20240405|52|20241231|50|20250401|53|||||||||||
1000031599|20221231|6|20240521|6|||||||||||||||||||
1000031669|20231231|6|20240711|6|20241231|7|20250609|4|||||||||||||||
1000031687|20211231|3107|20221102|3107|||||||||||||||||||
1000031697|20251231|10|20260112|11|||||||||||||||||||
1000031712|20231231|17|20240521|20|||||||||||||||||||
1000031727|20221231|1|20230323|9|20231231|12|20240430|12|20240724|12|20241231|12|20250430|15|20251231|12|20260331|15|||||
1000031736|20251231|618|20260428|598|||||||||||||||||||
1000031773|20230102|4|20230328|5|20231231|6|20240327|11|||||||||||||||
1000031792|20231231|3|20241123|3|||||||||||||||||||
1000031849|20230629|1|20231231|2|20241231|2|20250513|2|||||||||||||||
1000006996|20241231|17|20250228|16|||||||||||||||||||
1000024674|20210602|8|20211231|8|20220523|11|20220609|8|20221231|11|20231231|11|20240528|11|20241231|12|20250531|13|||||
1000031903|20241230|6|20241231|0|20250616|7|||||||||||||||||
1000031899|20231011|10|||||||||||||||||||||
1000031923|20241231|13|20250312|13|20251231|13|20260507|13|||||||||||||||
1000031944|20241231|7|20250613|7|||||||||||||||||||
1000031997|20251231|19|20260421|22|||||||||||||||||||
1000032006|20231231|2|20240517|442|||||||||||||||||||
1000032040|20241231|37|20250514|44|20251231|44|20260312|46|||||||||||||||
1000032044|20231231|58|20240328|49|||||||||||||||||||
1000032051|20231231|0|20240725|93|||||||||||||||||||
1000032064|20251231|156|20260402|157|||||||||||||||||||
1000031870|20231231|1|20241018|12|||||||||||||||||||
1000032122|20251231|181|20260331|198|||||||||||||||||||
1000016369|20211231|31|20220228|31|20221130|32|20241231|30|20260126|30|||||||||||||
1000015631|20210524|15|||||||||||||||||||||
1000023945|20231231|22|20240814|25|||||||||||||||||||
1000006309|20210420|10|20211231|9|20220420|10|20230414|10|20231231|9|20240411|10|20241231|10|20250404|9|20260401|8|||||
1000003649|20210331|26|20221231|24|20230331|24|20231231|22|20240401|32|20241231|47|20250407|44|20251231|47|20260330|51|||||
1000013339|20210518|10|20211231|11|20220526|13|20221231|13|20230518|15|20231231|12|20240514|14|20240831|10|20241231|10|20250509|10|20251231|9|
1000001481|20251231|39|20260410|39|||||||||||||||||||
1000003074|20210510|10|20211231|11|20220422|11|||||||||||||||||
1000005661|20210330|32|||||||||||||||||||||
1000008800|20211231|18|20220525|18|20221231|12|20230724|17|20241209|17|20241231|16|20251216|16|||||||||
1000010385|20231231|22|20240521|23|20241231|18|20250423|18|20251231|18|20260417|18|||||||||||
1000014843|20251231|17|20260410|17|||||||||||||||||||
1000015496|20251231|61|20260407|66|||||||||||||||||||
1000016233|20231231|110|20240531|110|||||||||||||||||||
1000018729|20210315|19|20211231|20|20220131|20|20221231|20|20230228|21|20231219|17|20231231|20|20240502|17|20241231|9|20251130|18|||
1000019430|20210615|27|20211231|28|20220808|47|20221231|40|20231231|50|20240612|52|20241231|50|20250612|52|20251231|45|20260511|47|||
1000003533|20210310|42|20211231|46|20220317|47|||||||||||||||||
1000003928|20210310|23|20211231|26|20220302|25|20221231|28|20230313|29|20231231|29|20240319|28|20241231|29|20250310|29|20251231|28|20260305|31|
1000008816|20220117|15|20231231|14|20240331|10|20250327|11|20250331|11|20251231|14|20260331|13|||||||||
1000010437|20220331|15|||||||||||||||||||||
1000018578|20210422|17|20211231|18|20220412|16|20221231|18|20230412|19|20231231|18|20240418|18|20241231|18|20250417|18|20251231|17|20260421|17|
1000008547|20210223|10|20211231|9|20220602|9|20230401|11|20231231|10|20240611|8|20241231|9|20250526|9|||||||
1000018790|20210401|13|20211231|12|20220404|12|20221231|18|20230404|18|20231231|17|20240403|17|20241231|13|20250318|12|||||
1000016764|20210504|22|20211231|24|20220504|30|20221231|39|20230504|27|20231231|18|20240429|27|20241231|25|20250422|25|||||
1000007654|20231231|20|20240701|19|20241231|19|20250404|19|20251231|19|20260406|18|||||||||||
1000004006|20210216|8|20220203|7|20221231|6|20230419|3|20241231|3|20260204|3|||||||||||
1000017076|20211022|7|||||||||||||||||||||
1000010301|20210916|12|20211231|13|20220816|16|20231231|20|20240318|23|20241231|20|20250528|20|||||||||
1000019696|20211231|3|20221231|7|20230115|8|20230628|5|||||||||||||||
1000023156|20210427|40|20241231|52|20250520|53|||||||||||||||||
1000018581|20210428|15|||||||||||||||||||||
1000003211|20210413|21|20211231|22|20220430|18|20221231|19|20230628|15|20231231|19|20240423|15|||||||||
1000022868|20221231|19|20231205|19|||||||||||||||||||
1000009596|20210412|146|20221231|157|20230409|162|20230411|161|20231231|158|20241231|177|20250404|193|20251231|187|20260404|185|||||
1000012043|20210326|23|20210331|24|20211231|23|20221231|24|20231213|23|20231231|22|20240618|22|20241231|24|20250610|23|20251231|22|20260430|22|
1000009734|20220831|30|||||||||||||||||||||
1000014830|20210413|26|||||||||||||||||||||
1000012133|20231231|32|20240828|36|20241231|34|20250612|37|||||||||||||||
1000012399|20210414|120|20221231|254|20231231|257|20240129|252|20240514|217|20241231|209|20250423|188|20251231|184|20260331|174|||||
1000006365|20210610|15|20211231|15|20220601|15|20221231|13|20230607|9|20231231|9|20240618|8|20241231|6|20250617|7|20251231|8|20260421|8|
1000022407|20241231|6|20251201|6|||||||||||||||||||
1000003718|20210430|52|20211231|49|20220430|47|20221231|43|20230430|38|20231231|34|20241231|44|20250430|44|20251231|48|20260429|50|||
1000010255|20231231|33|20240716|33|20241231|30|20250424|37|||||||||||||||
1000012634|20221231|7|20230330|7|20231231|7|20240613|7|20241231|7|20250613|7|||||||||||
1000003778|20210407|123|||||||||||||||||||||
1000003680|20231231|5|20240426|5|20241231|6|20250415|7|20251231|6|20260429|7|||||||||||
1000023591|20211231|10|||||||||||||||||||||
1000003681|20210429|18|20211231|25|20220420|27|20221231|33|20230421|37|20231231|38|20240423|39|20240830|40|20241231|43|20250321|45|||
1000003528|20251231|18|20260330|18|||||||||||||||||||
1000010886|20241231|7|20250408|7|||||||||||||||||||
1000030428|20210611|20|||||||||||||||||||||
1000020543|20210412|14|20211231|13|20220412|14|20221231|18|20230411|17|20231231|17|20240411|17|20241231|18|20250409|18|20251231|18|20260406|18|
1000015854|20210813|10|||||||||||||||||||||
1000014929|20210525|40|||||||||||||||||||||
1000030132|20251231|53|20260422|52|||||||||||||||||||
1000010567|20220401|35|20221231|38|20230428|39|20231231|48|20241231|47|20250410|49|20251231|49|20260406|53|||||||
1000016529|20211231|6|20220419|5|20221231|6|20230410|6|20231231|6|20241231|5|20250409|5|20251231|5|20260406|5|||||
1000018067|20210618|19|20220524|18|20221231|19|20230330|22|20231231|20|20240513|26|20241231|26|20250514|24|20251231|26|20260507|25|||
