V_BZNO|BAS_YM|FC_AM1|LA_INSP_KRW_AM1|FC_AM2|LA_INSP_KRW_AM2|FC_AM3|LA_INSP_KRW_AM3|FC_AM4|LA_INSP_KRW_AM4|LA_INSP_KRW_AM5|
가상_사업자번호|기준년월 |미국_외화|미국_원화|일본_외화|일본_원화|중국_외화|중국_원화|유럽_외화|유럽_원화|계_원화|
1000000001|202112|0|923370|||||0|160|923533|
1000000001|202212|0|1061968|||||0|349|1062333|
1000000001|202312|0|1125441|||||0|892|1126381|
1000000001|202412|0|1431060|0|184|||0|1922|1433210|
1000000002|202112|862741000|1022779|895102000|9222|||351327000|471600|1503975|
1000000002|202212|985492000|1248914|58021000|553|||384219000|519156|1768635|
1000000002|202312|953925000|1229991|260000|2|||379509000|541404|1808704|
1000000002|202412|897189000|1318869|228260000|2138|||271722000|415390|1778820|
1000000006|202112|0|36648|0|22416|||0|13909|73002|
1000000006|202212|0|52180|0|2626|||0|24515|79398|
1000000006|202312|0|38756|0|368|||0|22559|61690|
1000000006|202412|0|38098|0|1256|||0|17821|57180|
1000000010|202106|0|129931|||||0|92|130026|
1000000010|202206|0|145307|||||0|34|145341|
1000000010|202306|0|124894|||||0|304|125240|
1000000010|202406|0|149908|||||0|186|150138|
1000000010|202506|0|133609|||0|5577|0|128|139345|
1000000011|202212|40454510|51268|||||||51268|
1000000011|202312|42541856|54853|||||||54853|
1000000011|202412|37775204|55530|||||||55530|
1000000012|202112|62370000|73940|393527000|4054|||124000|167|78537|
1000000012|202212|46886000|59419|425562000|4056|||102000|138|63868|
1000000012|202312|0|69|0|19|||||88|
1000000012|202412|32214000|47355|45631000|427|1000|0|414000|633|48739|
1000000013|202112|0|60|||||0|10|167|
1000000013|202212|0|72|||||0|41|123|
1000000013|202312|0|196|||||0|57|256|
1000000013|202412|0|127|||||0|26|164|
1000000014|202112|0|3149|||||||3149|
1000000014|202212|0|3334|||||||3334|
1000000014|202312|6632712|8552|||||32485|46|8598|
1000000014|202412|9006088|13239|||||||13239|
1000000015|202112|61583087|73007|||||322260|432|73440|
1000000015|202212|56329337|71386|||||239057|323|71709|
1000000015|202312|78669873|100072|||||100361|143|100229|
1000000015|202412|0|22818|||||0|1649|24467|
1000000016|202112|0|300668|0|481|||||301149|
1000000016|202212|0|216070|||||||216070|
1000000016|202312|0|176756|||||0|367|177123|
1000000016|202412|0|384918|||||||386013|
1000000024|202412|4432000|6515|||||||9810|
1000000025|202112|22568990|26755|||||||26755|
1000000025|202212|22044411|27937|201000|2|||||27939|
1000000025|202312|1967469|2537|||||||2537|
1000000025|202412|2136834|3141|||||||3141|
1000000026|202212|0|44|||||0|29|73|
1000000026|202312|0|261|0|6|||||267|
1000000026|202412|0|56|||||||56|
1000000027|202112|65603837|77773|||||||77773|
1000000027|202212|4448290|5637|50486695|63982|||||69619|
1000000027|202312|44718549|57660|||||||57660|
1000000027|202412|56241875|82676|||||||82676|
1000000029|202112|8666706|10274|||||||10274|
1000000029|202212|8666706|10983|||||||10983|
1000000029|202312|765331|987|||||||987|
1000000029|202412|765331|1125|||||||1125|
1000000034|202106|6805544|7691|||||||7691|
1000000034|202206|6702507|8666|||||||8666|
1000000034|202212|7356043|9323|||||||9323|
1000000034|202312|4150515|5488|||||||5488|
1000000034|202412|16500|25|||||||25|
1000000037|202112|0|1271271|||||||1271271|
1000000037|202212|||||||||1206232|
1000000037|202312|0|1307662|||||||1307662|
1000000037|202412|0|540440|||||||540440|
1000000038|202112|||||||||10990|
1000000038|202212|||||||||10928|
1000000038|202412|||||||||24156|
1000000039|202112|25854017|30650|||||||30650|
1000000039|202212|15118489|19160|||||69789|94|16078|
1000000039|202312|8788105|11332|||||||11332|
1000000039|202412|13371010|19656|||||||19656|
1000000041|202112|0|7112|0|52|||0|1028|8192|
1000000041|202212|0|12389|0|2275|0|2146|0|1300|18110|
1000000041|202312|0|11127|0|539|0|608|0|63|12337|
1000000041|202412|0|17222|0|1372|0|2532|0|3964|25090|
1000000043|202112|6665306|7902|||||||7902|
1000000043|202212|2465245|3124|||||||3124|
1000000043|202312|5431443|7003|||||||7003|
1000000043|202412|10368253|15241|200000000|1873|||||17114|
1000000044|202312|||||||||0|
1000000044|202412|||||||||0|
1000000046|202112|0|61229|0|1910|||0|1|64470|
1000000046|202212|0|63073|0|955|||||64046|
1000000046|202312|0|78320|0|1746|||0|2|80348|
1000000046|202412|0|124568|0|1524|||0|17|126164|
1000000047|202112|||41176370|48815|||||48815|
1000000047|202212|47919051|60728|||||||60728|
1000000047|202312|43508061|56099|||||||56099|
1000000047|202412|30798832|45274|||||||45274|
1000000049|202112|2456227|2912|13156500|135|||||3047|
1000000049|202212|1699516|2154|||||||2154|
1000000049|202312|5192171|6695|||976150|176|802316|1145|8032|
1000000049|202412|4300534|6322|1890000|18|550200|111|232514|355|6806|
1000000050|202112|80000000|94840|3100000000|31937|||||139541|
1000000050|202212|178781000|226569|3100000000|29549|||||302210|
1000000050|202312|258781000|333672|||||||407475|
1000000050|202412|278781000|409808|||||||436257|
1000000055|202112|0|1086180|0|33039|||0|176545|1386906|
1000000055|202212|0|761719|0|7070|||0|153068|1008454|
1000000055|202312|0|507882|0|109338|||0|230328|990351|
1000000055|202412|0|868318|0|180725|||0|244393|1506405|
1000000055|202512|0|926606|0|15986|||0|397046|1560415|
1000000060|202112|0|407|0|239|||0|2649|3295|
1000000060|202212|0|385|0|681|||0|3840|5013|
1000000060|202312|0|248|0|805|||0|4418|5471|
1000000060|202412|0|3275|0|971|||0|5354|10358|
1000000062|202112|767621|910|||||||910|
1000000062|202312|1692632|2182|||||312120|445|2627|
1000000062|202412|1352220|1988|||||325484|498|2486|
1000000068|202112|2684406|3182|400873634|4130|||1645425|2209|9522|
1000000068|202212|0|3196|0|3524|||0|6315|15250|
1000000068|202312|922252|1189|339408560|3098|||2448089|3492|7880|
1000000068|202412|5073076|7457|323922108|3033|||800429|1224|12134|
1000000069|202112|0|51058|||||||51058|
1000000069|202212|0|32744|||||||32744|
1000000069|202312|0|16192|||||||16192|
1000000069|202412|0|23229|||||||23229|
1000000071|202112|184961|219|1022640|11|||79|0|230|
1000000071|202212|349516|443|319060|3|||43|0|446|
1000000071|202312|128346|165|1100988|10|||||175|
1000000071|202412|292460|430|2553762|24|||14504|22|476|
1000000072|202112|0|76770|0|126|||||76896|
1000000072|202212|0|34482|0|11|||0|19|34697|
1000000072|202312|0|21322|0|15|||0|19|21356|
1000000072|202412|0|45239|0|10|||||45249|
1000000072|202512|0|30993|0|13|||||31006|
1000000074|202112|47701000|56549|943300000|9719|||310000|416|66684|
1000000074|202212|46324000|58707|1940100000|18493|||3000|4|77204|
1000000074|202312|23986000|30927|1107300000|10106|||26000|37|41070|
1000000074|202412|22160000|32575|296800000|2780|||405000|619|35974|
1000000076|202112|110900|131|||||5750|8|139|
1000000076|202212|107884|136|||||399609|540|676|
1000000076|202312|140791|182|||||651637|930|1112|
1000000076|202412|218842|322|||||||337|
1000000080|202112|45057|53|7245290|75|||||144|
1000000080|202212|48989|62|847400|8|25325|5|||93|
1000000080|202312|||||||||139|
1000000080|202412|850|1|829000|8|||||44|
1000000081|202112|0|21|||||||21|
1000000081|202212|0|167|||||||167|
1000000084|202112|0|375|||0|1814|||2189|
1000000084|202212|0|368|||0|2785|||3153|
1000000084|202312|0|168|||0|3639|||3807|
1000000084|202412|0|370|||0|4014|||4384|
1000000086|202112|0|37263|0|1756|||||54640|
1000000086|202212|0|30218|0|428|||||50619|
1000000086|202312|0|52986|0|919|||||63182|
1000000086|202412|0|57400|0|12613|||||82614|
1000000087|202112|457659|542|||||||542|
1000000087|202212|648423|819|||||||819|
1000000087|202312|86588|112|||||||112|
1000000087|202412|113272|165|||||||165|
1000000088|202112|0|355566|||||||355566|
1000000088|202212|0|5000|||||||5000|
1000000088|202312|0|193137|||||||193137|
1000000088|202412|0|220443|||||||220443|
1000000089|202112|5712|6|||||5166360|6946|6952|
1000000089|202212|||||||4250000|5743|5743|
1000000089|202312|239454|309|||34085|6|600|1|316|
1000000089|202412|158322|233|||||3050000|4663|4896|
1000000093|202103|299371|339|8398613|86|||||425|
1000000093|202203|1994957|2416|10775103|107|||||2523|
1000000093|202303|497561|648|8532298|84|||||732|
1000000093|202403|410425|553|9992603|89|||||642|
1000000093|202503|448540|658|8361611|82|||||740|
1000000094|202112|||||||||11114|
1000000094|202312|||||||||12063|
1000000094|202412|||||||||13737|
1000000095|202212|0|15401|0|558|||0|2507|18557|
1000000095|202312|0|6169|0|919|||0|1373|8895|
1000000095|202412|0|1897|0|917|||0|198|3037|
1000000100|202112|342016344|405460|6002175787|61837|112440948|20943|67435996|90522|641819|
1000000100|202212|276607844|339920|6711753495|63975|235512146|42731|56024164|75700|551498|
1000000100|202312|185052592|238607|6383002754|58255|35403745|6402|32751643|46723|365745|
1000000100|202412|131422475|193191|4477263080|41929|28901282|5817|22356302|34177|310558|
1000000101|202112|17238402|1245|6622000|340|||253462|0|1585|
1000000101|202212|15027390|19045|||||36788|50|19095|
1000000101|202312|16441630|21199|||48632|9|3953|6|21214|
1000000101|202412|13263309|19497|8448000|79|||||19576|
1000000104|202112|4584555|5435|||||||5435|
1000000104|202312|4046424|5217|||||990000|1412|6629|
1000000105|202112|116719|138|||||138810|186|324|
1000000105|202212|49200|62|||||||62|
1000000106|202112|41768755|49517|||||||49517|
1000000106|202212|45593612|57781|||||||57781|
1000000106|202312|40673028|52444|||||159270|227|52671|
1000000106|202412|38171404|56112|||||||56112|
1000000107|202112|0|25741|0|35357|||0|2475|64311|
1000000107|202212|0|30174|0|25772|||0|6656|63026|
1000000107|202312|0|32720|0|27053|||0|6152|65925|
1000000107|202412|0|29045|0|9632|||0|3149|41826|
1000000109|202112|0|6457|||||||6457|
1000000112|202112|0|155|0|1118|||||1273|
1000000112|202212|0|3729|0|655|||0|291|4675|
1000000112|202312|0|13204|0|645|||0|123|13972|
1000000112|202412|0|8698|0|753|||0|168|9619|
1000000114|202212|5126300|6497|||||||6497|
1000000114|202412|5126000|7535|||||||7535|
1000000115|202112|0|168188|0|3328|||||171516|
1000000118|202112|4623357|5481|||||||5481|
1000000118|202212|3074763|3897|||||||3897|
1000000118|202312|2629087|3390|||||||3390|
1000000118|202412|751786|1105|||||||1105|
1000000120|202110|1158991|1358|||1056692|193|98000|134|1685|
1000000120|202510|1140394|1623|||958785|192|||1815|
1000000121|202112|0|59474|0|340|||0|18136|77950|
1000000121|202212|0|45669|0|59|||0|12327|58055|
1000000121|202312|0|41643|0|110|||0|8048|50837|
1000000121|202412|0|43682|0|37|||0|2675|46472|
1000000122|202112|2810562|3332|||||||3332|
1000000122|202212|3235278|4100|||||||4100|
1000000122|202312|5408636|6974|||||||6974|
1000000122|202412|8927938|13124|||||||13124|
1000000123|202112|0|68495|0|909|||0|1186|70590|
1000000123|202212|0|74699|0|111|||0|717|75527|
1000000123|202312|0|49664|0|400|||0|4294|54358|
1000000123|202412|0|48086|0|166|||0|2289|50541|
1000000124|202312|||||||||0|
1000000125|202112|0|2292|0|1559|||0|41|6234|
1000000125|202212|0|3140|0|2304|||0|90|7988|
1000000125|202312|0|722|0|3650|||0|2057|7856|
1000000125|202412|0|180|||||0|55|5994|
1000000126|202112|12584974|14919|31657582|326|||||15245|
1000000126|202212|63876892|80951|48886894|466|||4352453|5881|87305|
1000000126|202312|49264771|63522|21881649|200|||1964961|2803|66525|
1000000126|202412|34482804|50690|268292|3|||12857534|19656|70375|
1000000129|202412|0|6|||||||6|
1000000130|202212|967199000|1225731|13000|0|1401000|254|48465000|65486|1563544|
1000000130|202312|851070000|1097369|||1344000|243|2511000|3582|1416485|
1000000130|202412|78999000|116129|2675000|25|3575000|719|21541000|32930|603325|
1000000131|202112|0|646|0|8268|||0|482|9396|
1000000131|202212|0|134|0|389|||0|165|688|
1000000131|202312|0|175|0|4|||0|947|1126|
1000000131|202412|0|1066|||0|39|0|155|1260|
1000000133|202112|0|37178|||||0|1379|38557|
1000000133|202212|0|36901|||||0|1126|38027|
1000000133|202312|0|27815|||||0|1|27816|
1000000133|202412|0|1372|||||0|808|2180|
1000000135|202112|0|294|||||||525|
1000000135|202212|0|331|||||0|212|614|
1000000135|202312|0|520|||||0|216|2951|
1000000135|202412|0|18889|||0|724|0|75|20197|
1000000136|202112|10643604|12618|||||||12618|
1000000136|202212|8648468|10960|||||||10960|
1000000136|202312|814980|1050|287239124|2622|||||3672|
1000000136|202412|962088|1414|354518416|3320|||||4734|
1000000137|202112|0|1594|0|2055|||0|41|3690|
1000000137|202212|0|8560|0|21|||0|129|8710|
1000000137|202312|0|3064|0|1788|||0|1|4853|
1000000137|202412|0|2392|0|8346|||||10738|
1000000140|202112|202370|240|||||||240|
1000000140|202212|170379|216|||||||216|
1000000140|202312|77401|100|||||||100|
1000000140|202412|93808|138|||||||138|
1000000141|202112|0|3158|0|2230|||0|982|6370|
1000000141|202212|0|1862|0|2357|||0|1257|5476|
1000000141|202312|0|510|0|598|||0|1070|2178|
1000000141|202412|0|2351|0|2526|||0|1106|5983|
1000000142|202112|5999457|7113|||||12500000|16779|23892|
1000000142|202212|||||||12500000|16890|16890|
1000000142|202312|6003684|7741|||||12500000|17832|25573|
1000000142|202412|||||||12500000|19109|19109|
1000000143|202112|||||||||30306|
1000000143|202212|0|31918|||||||31918|
1000000143|202312|0|27441|||||||27441|
1000000143|202412|0|36351|||||||36351|
1000000143|202512|0|32727|||||||32727|
1000000144|202112|4800|6|||||||6|
1000000144|202212|20000000|25346|||||||25346|
1000000144|202312|22000000|28367|||||||28367|
1000000144|202412|20000000|29400|||||||29400|
1000000147|202112|0|3990|0|42|||0|12|4044|
1000000147|202212|0|7585|0|138|||||7723|
1000000147|202312|0|5492|0|154|||||5646|
1000000147|202412|0|6484|0|279|||||6763|
1000000148|202212|28800|36|||||||36|
1000000148|202312|28800|37|||||||37|
1000000148|202412|28800|42|||||||42|
1000000149|202112|0|74801|||||||74801|
1000000149|202212|0|58021|||||||58021|
1000000149|202312|0|59373|||||||59373|
1000000149|202412|0|65927|||||||65927|
1000000150|202112|0|15268|0|219|0|2756|0|1251|19733|
1000000150|202212|0|25440|0|1|0|7094|0|1280|34252|
1000000150|202312|0|32176|0|287|0|6592|0|1063|41804|
1000000150|202412|0|39930|0|833|0|7072|0|1387|49420|
1000000156|202112|37234766|44142|49786182|513|||20807|28|44683|
1000000156|202212|37075256|46987|4695265|45|||36854|50|47222|
1000000156|202312|31183843|40208|495440|5|873564|158|251088|358|40747|
1000000156|202412|33184543|48782|16475665|154|||35574|54|49009|
1000000158|202112|||||||||51806|
1000000158|202212|0|86756|||||||86756|
1000000164|202112|13742852|16292|||||||16292|
1000000164|202212|48849898|61907|||||||61907|
1000000164|202312|194466410|29716|||||||29716|
1000000169|202112|0|175|0|8500|||||8675|
1000000169|202212|0|325|0|8500|||||8825|
1000000169|202312|0|225|0|8500|||||8725|
1000000169|202412|0|300|||||||300|
1000000170|202112|15702734|18616|||||||18616|
1000000170|202212|5696229|7219|||||||7219|
1000000170|202312|2024943|2611|22247959|203|||||2814|
1000000173|202112|0|29329|||||||29329|
1000000173|202212|0|67130|||||0|60|67190|
1000000173|202312|0|20399|||||||20399|
1000000173|202412|0|35197|||||||35197|
1000000177|202312|||||||||0|
1000000177|202412|||||||||0|
1000000178|202112|0|974|||0|4602|||5576|
1000000178|202212|0|147|||||||147|
1000000178|202312|0|1267|||||||1267|
1000000179|202112|222208|263|||||||263|
1000000179|202212|219111|278|||||737201|996|1274|
1000000179|202312|472347|609|14280000|130|||1091210|1557|2296|
1000000179|202412|305442|449|||||191773|293|742|
1000000180|202112|1228|1|||||||1|
1000000180|202312|||||||||0|
1000000180|202412|||||||||0|
1000000181|202112|||449864040|4634|||||4634|
1000000181|202212|||179583200|1712|||||1712|
1000000181|202312|15088766|19456|131275120|1198|||||20654|
1000000181|202412|15741223|22943|144316800|1351|||||24294|
1000000184|202112|0|1757|||||||1757|
1000000184|202212|0|425|||||||425|
1000000184|202312|0|501|||||||501|
1000000184|202412|0|565|||||||565|
1000000187|202112|11490604|13622|73920000|762|||405000|544|14928|
1000000187|202212|23161551|29353|||||2534259|3424|32777|
1000000187|202312|20402164|26306|||||1153820|1646|27952|
1000000187|202412|29466359|43316|64614000|605|||2762218|4223|48144|
1000000188|202301|||||||||0|
1000000190|202112|4583581|5434|||||||5434|
1000000190|202212|30804978|39039|||||||39039|
1000000190|202312|8986075|11587|||||||11587|
1000000190|202412|3823761|5621|||||||5621|
1000000191|202112|0|1851114|0|1097|||0|164|1852798|
1000000191|202212|0|1406598|||||0|35251|2259898|
1000000191|202312|0|2530416|||||0|37159|2567863|
1000000191|202412|0|2963344|0|6|||0|39936|3003635|
1000000192|202112|22442822|26606|||||||26606|
1000000192|202212|18729032|23736|||||||23736|
1000000192|202312|14528197|18860|||||||18860|
1000000192|202412|3567548|5244|||||||5244|
1000000199|202112|0|7994|||||0|36|8033|
1000000199|202212|0|10911|||||0|74|10987|
1000000199|202312|0|2514|||||0|2|2533|
1000000199|202412|0|3695|||||||3695|
1000000202|202112|0|5976133|0|1092044|||0|1113686|8323265|
1000000202|202212|0|5088198|0|822224|||0|1051277|7076079|
1000000202|202312|0|4355|0|1269|||0|1057|6832|
1000000202|202412|0|5392759|0|1667610|||0|930607|8738626|
1000000204|202112|14825000|17575|23930000|247|||465000|624|18657|
1000000204|202212|13694000|17354|10727000|102|||2550000|3446|21272|
1000000204|202312|26507000|34178|37648000|344|||2558000|3649|38184|
1000000204|202412|26519000|38982|26293000|246|||3485000|5328|44559|
1000000206|202112|4301667|5100|||||||5100|
1000000206|202212|825355|1046|||||||1046|
1000000206|202312|1918115|2473|||||||2473|
1000000206|202412|1813884|2666|||||||2666|
1000000207|202112|390136|462|||||213426|287|749|
1000000207|202212|696|1|||||||1|
1000000207|202312|1968|3|||||||3|
1000000208|202212|802513|1017|||||1950000|2635|3652|
1000000208|202312|80000|103|||||||103|
1000000209|202112|0|52554|0|310|||0|331|53212|
1000000209|202212|0|60550|0|494|||0|382|61432|
1000000209|202312|0|53349|0|67|||0|219|53638|
1000000209|202412|0|28095|0|326|||0|244|28668|
1000000210|202112|2107920|2499|200000|2|||||2501|
1000000210|202212|11899862|15081|||||||15081|
1000000210|202312|1864531|2404|||231815|42|||2446|
1000000210|202412|||||1209|0|||0|
1000000213|202112|61197157|74098|||14000|3|||74101|
1000000213|202212|71083484|90084|||14000|3|||90093|
1000000213|202312|76464030|98592|||14000|3|||98595|
1000000213|202412|81424233|119694|||14200|3|63|0|119697|
1000000214|202112|0|42|0|34|||||76|
1000000214|202212|0|112|||||0|47|159|
1000000214|202312|0|88|||||0|54|142|
1000000214|202412|0|22|||||0|20|42|
1000000215|202112|177908|209|||||||209|
1000000215|202312|||||||||0|
1000000215|202412|||||||||0|
1000000220|202112|23000000|27267|||||||27267|
1000000220|202212|23000|29148|||||||29148|
1000000220|202312|23000000|29656|||||||29656|
1000000220|202412|27403441|40283|||||||40283|
1000000221|202212|862800|1093|||||196779|266|1359|
1000000221|202312|1144280|1475|||||||1475|
1000000221|202412|1087888|1599|||||||1599|
1000000222|202112|15231986|18058|182428500|1879|||1703460|2287|22224|
1000000222|202212|19720582|24992|197940000|1887|||229260|310|27189|
1000000222|202312|18474704|23821|243305000|2221|||519300|741|26783|
1000000222|202412|22418795|32956|192274000|1801|||1332850|2038|36795|
1000000223|202112|0|129264|||||0|19168|148432|
1000000223|202212|0|164252|0|14|||0|13445|177711|
1000000223|202312|0|232662|||||0|39578|272240|
1000000223|202412|0|227051|0|10|||0|47316|274377|
1000000224|202212|||||||48000|65|65|
1000000224|202312|||||||48000|66|66|
1000000225|202112|249054|295|||||||295|
1000000225|202212|3505650|4443|||||||4443|
1000000225|202312|4638856|5981|||||||5981|
1000000225|202412|5550520|8159|||||||8159|
1000000228|202112|26257796|30282|1750290|18|||551|1|30301|
1000000228|202212|39110594|49565|||||||49565|
1000000228|202312|48509592|62548|915339|8|||||62556|
1000000228|202412|62058623|91226|163160|2|||||91228|
1000000230|202312|0|787|||||||787|
1000000230|202412|0|1915|||||||1915|
1000000233|202112|4900000|5809|||||||5809|
1000000233|202212|4900000|6210|||||||6210|
1000000233|202312|4900000|6318|||||||6318|
1000000233|202412|4900000|6437|||||||6437|
1000000234|202112|19878995|23568|||||||23568|
1000000234|202212|19473949|24679|||||||24679|
1000000234|202312|11222046|14470|||||||14470|
1000000234|202412|15456114|22720|||||2955|5|22725|
1000000235|202112|38601|45761|||||||45976|
1000000235|202212|8620000|10925|||||||10925|
1000000235|202312|5776000|7448|||||||7448|
1000000235|202412|5049000|7422|||||||7422|
1000000237|202112|10000000|11855|||||||11855|
1000000238|202112|1048|1|||||3120|4|11|
1000000238|202212|||||||3120|4|10|
1000000238|202312|3489|4|||||3120|4|21|
1000000238|202412|||||||||13|
1000000239|202112|344926|409|||||||409|
1000000239|202212|9854|12|||||||12|
1000000239|202312|29054|37|||||||37|
1000000239|202412|83|0|||||||0|
1000000241|202112|0|857143|0|5762|||||862905|
1000000241|202212|0|864605|0|3011|||||867616|
1000000241|202312|0|701150|0|990|||||702140|
1000000241|202412|0|830297|0|476|||||830773|
1000000242|202112|0|102780|0|3984|0|192|0|94|119200|
1000000242|202212|0|142229|0|1947|0|164|0|225|152022|
1000000242|202312|0|159454|0|657|0|306|0|665|175191|
1000000242|202412|0|74776|0|362|0|189|0|31|90672|
1000000242|202512|0|60132|0|768|0|205|0|554|72895|
1000000243|202112|24800|29|||||||29|
1000000243|202212|4200|5|||||||5|
1000000243|202312|||||||33726|48|48|
1000000243|202412|142195|209|||324597|65|6031|9|283|
1000000244|202112|0|11034|||||||11034|
1000000244|202212|0|17982|||||||17982|
1000000244|202312|0|19394|||||||19394|
1000000244|202412|0|31853|||||||31853|
1000000245|202112|4715|6|||4747|6|374009|444|456|
1000000245|202212|175619|223|||||73|10|233|
1000000245|202312|135666|175|||5400|1|551992|787|963|
1000000245|202412|154884|228|||||3300|5|233|
1000000247|202112|0|25939|0|4|||0|98|26041|
1000000247|202212|0|13283|0|7|||0|406|13696|
1000000247|202312|0|4507|0|3|||0|270|4780|
1000000247|202412|0|8281|0|4|||0|91|8376|
1000000248|202112|305051|362|||||101629|136|498|
1000000248|202212|2695277|3416|||||57365|77|3493|
1000000248|202312|232760|300|||206572|37|||723|
1000000248|202412|838046|1232|||114699|23|52273|80|1335|
1000000249|202112|20000000|23710|||||620900|833|24543|
1000000249|202212|24579958|31150|||||||31150|
1000000249|202312|||||||140000|200|200|
1000000249|202412|13887935|20415|||||||20415|
1000000250|202112|0|56158|||||0|217|56375|
1000000250|202212|0|37757|0|40|||0|488|38285|
1000000250|202312|0|39892|||||0|68|39960|
1000000250|202412|0|41426|0|23|||0|36|41485|
1000000257|202112|1352821|1604|||||56829|76|1680|
1000000257|202212|2042469|2589|||||54381|73|2662|
1000000257|202312|1673213|2161|||||||2161|
1000000257|202412|1513072|2224|||||||2224|
1000000258|202112|894885|1061|15072470|155|||||1216|
1000000258|202212|861675|1091|44261198|422|||||1513|
1000000258|202312|967631|1248|51448840|470|||||1718|
1000000258|202412|1215844|1788|75259370|705|||||2493|
1000000261|202412|||||||||0|
1000000263|202112|76357407|90521|||||||90521|
1000000263|202212|120858718|153164|||||||153164|
1000000263|202312|107893593|139118|||||||139118|
1000000263|202412|32049745|47113|||||||47113|
1000000266|202112|4902485|5812|1045440|11|||71345|96|5919|
1000000266|202212|8013100|10155|||19263|3|||10425|
1000000266|202312|4182705|5393|||||||5393|
1000000266|202412|5621356|8263|||||32843|50|8313|
1000000267|202112|577523661|684654|||||377169|506|685164|
1000000267|202212|898991728|1139292|253175|2|||327650|443|1139756|
1000000267|202312|796227880|1026656|2600000|24|||865722|1235|1027915|
1000000267|202412|1936995721|2847384|30250|28|||140762|216|2847646|
1000000270|202112|38155120|45233|||||||45233|
1000000270|202212|27021239|34244|||||||34244|
1000000270|202312|27297621|35197|||||||35197|
1000000270|202412|27471830|40384|||||||40384|
1000000273|202112|0|150|||||||150|
1000000279|202112|0|48282|0|22915|||0|935|72132|
1000000279|202212|0|72209|||||||94417|
1000000279|202312|0|86894|0|30099|||||116993|
1000000279|202412|0|64892|0|30255|||||95147|
1000000282|202112|26728426|31687|17882400|184|7564|1|||31873|
1000000282|202212|0|46997|0|287|0|15|||47365|
1000000282|202312|0|60535|0|295|0|41|||60964|
1000000282|202412|0|97361|0|543|||||98335|
1000000283|202112|14060716|16669|||||||16669|
1000000283|202212|13474979|17077|||||||17077|
1000000283|202312|9014737|11624|||||||11624|
1000000283|202412|9037712|13285|||||||13285|
1000000284|202112|0|5279609|0|1022|||||5280631|
1000000284|202212|0|6066896|0|987|||||6067883|
1000000284|202312|0|5866812|0|940|||||5867752|
1000000284|202412|0|8555881|0|7|||||8555888|
1000000285|202112|101285|120|||||317480|426|546|
1000000285|202212|329849|418|||||528997|715|1133|
1000000285|202312|818858|1056|38300000|350|||528997|755|2161|
1000000285|202412|291513|429|||||283286|433|862|
1000000289|202112|0|1983121|0|2710|0|761|0|13571|2000163|
1000000289|202212|0|2027213|0|2372|0|1140|0|4831|2035556|
1000000289|202312|0|1573517|0|6268|0|972|0|3436|1584199|
1000000289|202412|0|1208263|0|2027|0|1266|0|1925|1213481|
1000000292|202112|0|28143|||||0|2685|30933|
1000000292|202212|0|26363|||||0|2702|29176|
1000000292|202312|0|26363|||||0|2702|29176|
1000000292|202412|0|15232|||||0|3057|18416|
1000000296|202112|0|124|||||0|101|225|
1000000296|202212|0|75|0|23|||||98|
1000000296|202312|0|65|0|130|||0|41|236|
1000000296|202412|0|343|||||||343|
1000000302|202112|1076698|1276|||||||1276|
1000000302|202212|1271272|1611|||||||1611|
1000000302|202312|95202|123|||||||234|
1000000302|202412|191023|281|||||||281|
1000000303|202112|0|6974|0|13|||||6987|
1000000303|202212|0|13057|||||||13057|
1000000303|202312|0|14577|||||||14577|
1000000303|202412|0|9573|||||||9573|
1000000304|202112|509494000|604005|||||||604005|
1000000304|202212|481785000|610566|||||||610566|
1000000304|202312|518346000|668356|||||||668356|
1000000304|202412|477885000|702491|||||||702491|
1000000305|202112|208017000|246604|||75000|14|9079000|12188|258806|
1000000305|202212|108873000|137974|8120000|77|45000|8|3331000|4500|142559|
1000000305|202312|156016|201|||||7274|10|211|
1000000305|202412|205818000|302552|||||7997000|12225|314777|
1000000310|202112|550415|653|||||||653|
1000000310|202212|4580030|5804|||||||5804|
1000000310|202312|15533633|20029|||||186750|266|20295|
1000000310|202412|49026699|72069|||||||72069|
1000000312|202112|24763811|29357|34590750|356|||||29713|
1000000314|202112|0|472|||0|4|0|29|505|
1000000314|202212|0|380|||||||380|
1000000314|202312|0|481|||||||481|
1000000314|202412|0|515|||||||515|
1000000315|202212|||||9100000|1651|||1651|
1000000315|202312|||||9100000|1646|||1646|
1000000315|202412|||||9100000|1832|||1832|
1000000318|202112|166617|198|||||||198|
1000000318|202212|722830|916|||||||916|
1000000318|202312|233378|301|||||||301|
1000000318|202412|94433|176|||||||176|
1000000330|202112|0|4020|0|110|||||4130|
1000000330|202212|0|6883|0|451|||||7334|
1000000330|202312|0|9059|0|47|||0|120|9226|
1000000330|202412|0|8823|||||||8823|
1000000331|202212|30000000|38019|||||||38019|
1000000332|202112|325353345|385706|767956638|7912|5388606|1004|4422119|5936|400561|
1000000332|202212|398595931|505140|462940784|4413|6605773|1198|93742380|126665|637769|
1000000332|202312|237730098|306529|497184722|4538|4878990|882|2391452|3412|315740|
1000000332|202412|||438994213|4111|||||4111|
1000000333|202112|3455487|4097|78132285|804|||||4901|
1000000333|202212|4252547|5389|97372839|928|22118|4|||6321|
1000000333|202312|4511044|5817|140018747|1277|||||7094|
1000000333|202412|4625404|6799|237189156|2221|556147|112|||9132|
1000000337|202112|27693578|32830|3697305|38|||231353|310|33178|
1000000337|202212|24903590|31560|||||562891|761|32321|
1000000337|202312|23879823|30790|||1127700|204|971716|1387|32504|
1000000337|202412|26722834|39283|||||166435|254|39537|
1000000340|202112|0|182|||||0|81|263|
1000000340|202212|0|101|||||0|54|155|
1000000340|202312|0|68|||||0|36|104|
1000000340|202412|0|33|||||0|26|59|
1000000348|202112|8451636|10019|||||||10019|
1000000348|202212|3551257|4501|||||||4501|
1000000348|202312|2524943|4936|||||||4936|
1000000348|202412|8252472|12131|||||||12131|
1000000349|202312|||||||||0|
1000000349|202412|||||||||0|
1000000350|202312|||||||||0|
1000000350|202412|||||||||0|
1000000354|202112|115706629|137170|||||||137171|
1000000354|202212|86889329|110115|||||||110115|
1000000354|202312|123306092|158990|||||||158990|
1000000354|202412|150412025|221105|||||||221105|
1000000355|202112|350623|416|8635686|89|5052806|941|39999|54|1529|
1000000355|202212|292927|371|||4229539|767|47315|64|1321|
1000000355|202312|118063|152|9971740|91|438282|79|26782|38|364|
1000000355|202412|209151|118|5963350|9972|261099|438|57770|27|10555|
1000000356|202112|495100|587|||||||587|
1000000356|202212|3421578|4336|||||||4336|
1000000356|202312|830087|1070|||||||1070|
1000000356|202412|1268464|1864|||||||1864|
1000000358|202112|29955626|35512|||||||35512|
1000000358|202212|32218839|40831|||||186730|252|41083|
1000000358|202412|31352847|46089|||||186749|285|46374|
1000000359|202112|386727|458|11641929|120|||133419|179|763|
1000000359|202212|228588|290|15091741|144|||63694|86|530|
1000000359|202312|116308|150|14361657|131|||113500|162|445|
1000000359|202412|167896|247|2910583|27|||213391|326|607|
1000000363|202112|0|3745|0|1943|0|17|0|1|5706|
1000000363|202212|0|4217|0|1680|0|286|0|29800|35983|
1000000363|202312|0|9333|0|1290|0|111|0|31515|42314|
1000000363|202412|0|6008|0|1228|0|107|0|33807|41231|
1000000365|202312|||||||||0|
1000000365|202412|||||||||0|
1000000366|202112|0|35565|0|3291|||||38856|
1000000369|202212|0|412|||||||412|
1000000369|202312|0|506|||||||506|
1000000369|202412|0|441|||||||441|
1000000376|202112|0|35565|0|15454|||||51019|
1000000376|202212|0|38019|0|14298|||||52317|
1000000376|202312|0|40370|||||||40370|
1000000376|202412|0|45297|||||||45297|
1000000381|202112|0|2450|||||||2450|
1000000381|202212|0|651|||||||651|
1000000381|202312|0|930|||||||930|
1000000381|202412|0|2283|||||||2283|
1000000382|202112|0|906|0|12190|||0|39|13135|
1000000382|202212|0|1447|0|8193|||0|25|9665|
1000000382|202312|0|1026|0|6|||0|2|1042|
1000000382|202412|0|1393|0|3|||0|4|1400|
1000000385|202112|91062353|107954|||||51098|69|108023|
1000000385|202212|235420597|298348|||1365000|248|||298596|
1000000385|202312|80486565|103779|4130000|38|||||103817|
1000000385|202412|39162697|57569|||||||57569|
1000000387|202112|0|2769|||||||2769|
1000000387|202212|0|3678|||||||3678|
1000000387|202312|0|4131|||||||4131|
1000000387|202412|0|4745|||||||4745|
1000000389|202312|||||||||0|
1000000389|202412|||||||||0|
1000000390|202112|38894487|46109|||1001773|186|359195|482|46777|
1000000390|202212|42714836|54132|||668969|121|9889|13|54269|
1000000390|202312|35631218|45943|||351142|63|30604|43|46062|
1000000390|202412|70015016|102924|7414684|69|353417|71|536|1|103086|
1000000393|202112|0|2296|||||||2296|
1000000393|202212|0|2455|||||||2455|
1000000393|202312|0|2498|||||||2498|
1000000393|202412|||||||||2847|
1000000395|202112|0|123654|||0|2918|0|37025|183594|
1000000395|202212|0|155068|||0|484|0|59695|236356|
1000000395|202312|0|154863|||0|157|0|33336|192196|
1000000395|202412|0|122516|||0|128|0|41801|167977|
1000000396|202312|||||||||0|
1000000396|202412|||||||||0|
1000000404|202112|174498|207|||||||207|
1000000404|202212|395249|501|||||||501|
1000000404|202312|192994|249|||||||249|
1000000404|202412|140786|207|||||||207|
1000000406|202112|2480068|2940|||||||2940|
1000000406|202212|5249865|6653|||||||6653|
1000000406|202312|7715242|9948|||||||9948|
1000000406|202412|13962084|20524|||||||20524|
1000000407|202312|0|16|||||||16|
1000000410|202112|74128|88|350000|361|||19952|27|476|
1000000410|202212|143104|181|55970|1|||||182|
1000000410|202312|233739|301|2750000|25|||||326|
1000000410|202412|165820|244|12912329|121|||||365|
1000000411|202112|11398821|13513|||||||13513|
1000000411|202212|1643000|2083|||||||2083|
1000000411|202312|11215775|14462|||||||14462|
1000000411|202412|4668329|6862|||||||6862|
1000000412|202112|6453479|7651|||||240152|322|10307|
1000000412|202212|914820|1159|||||125007|169|1863|
1000000412|202312|1012058|1305|||||||3953|
1000000412|202412|6873003|10103|||||365580|559|10941|
1000000413|202312|||||||||0|
1000000414|202112|727515|863|||||||863|
1000000414|202212|404776|513|||||874|1|514|
1000000414|202312|441485|569|||||874|1|570|
1000000414|202412|357050|525|||||874|1|526|
1000000415|202112|0|148|||||||148|
1000000419|202112|319384|379|||||||379|
1000000419|202212|85743|109|||||||109|
1000000419|202312|1708788|2203|||||||2203|
1000000419|202412|380109|559|||||||559|
1000000421|202112|34467000|40492|||||||40492|
1000000421|202212|22104410|28013|||||||28013|
1000000421|202312|19164775|24711|||||||24711|
1000000421|202412|17760845|26109|||||||26109|
1000000424|202312|||||||||0|
1000000424|202412|||||||||0|
1000000432|202112|2660|3|13428403|138|||||141|
1000000432|202212|9720|12|30815807|293|||||305|
1000000432|202312|270|0|33781827|308|||||308|
1000000432|202412|32680|48|22089277|207|||||255|
1000000433|202112|||||||814464|1093|1093|
1000000433|202212|||722800|7|||925551|1251|1258|
1000000433|202312|||||||356730|509|509|
1000000433|202412|83875|123|||||470437|719|939|
1000000434|202212|||25000000000|238295|||||238295|
1000000434|202312|||20000000000|182532|||||182532|
1000000434|202412|||328244000|3074|||||3074|
1000000436|202112|165582|196|||||63340|85|281|
1000000438|202112|0|242032|0|276|||0|641|243102|
1000000438|202212|0|270320|0|687|||0|2427|273840|
1000000438|202312|0|175699|0|99|||0|970|177208|
1000000438|202412|0|223952|0|82|||0|5288|229441|
1000000439|202112|0|15018|0|91|0|50|0|141|25256|
1000000439|202212|0|6315|0|11|0|49|0|1345|26658|
1000000439|202312|0|1569|0|178|0|49|0|15723|24868|
1000000439|202412|0|35492|0|171|||0|14480|50152|
1000000442|202412|||||||||0|
1000000443|202112|2240425|2656|||||||2656|
1000000443|202212|1807808|2291|||||||2783|
1000000443|202312|1804218|2326|||||||2471|
1000000443|202412|||||||||0|
1000000446|202412|||||||||0|
1000000450|202312|||||||||0|
1000000450|202412|||||||||0|
1000000451|202312|||||||||0|
1000000451|202412|||||||||0|
1000000459|202112|0|909|||||||909|
1000000459|202212|0|857|||||0|85|942|
1000000459|202312|0|935|||||||935|
1000000459|202412|0|1425|||||||1425|
1000000462|202112|6835872|8104|1496456|15|||27396|37|8214|
1000000462|202212|7334389|9295|1572338|15|||488930|661|10191|
1000000462|202312|9258271|11938|3646644|33|||111524|159|12449|
1000000462|202412|7968649|11714|4385377|41|||283033|433|12419|
1000000465|202112|18754809|22328|||||||22328|
1000000465|202212|19530222|24667|||||||24667|
1000000465|202312|1654446|2149|||||||2149|
1000000465|202412|234500|346|||||||346|
1000000467|202112|0|14|||||||20|
1000000467|202212|0|55|||0|4|||65|
1000000467|202312|0|147|||0|26|||190|
1000000467|202412|0|37|||||||51|
1000000468|202109|1340553|1588|518580|5|||||1593|
1000000468|202209|1552399|2227|751600|8|||||2235|
1000000468|202309|1379684|1855|||||2332|3|1858|
1000000468|202509|1221049|1712|562700|5|||||1717|
1000000472|202112|613909|728|||||||728|
1000000472|202212|258290|327|||||||327|
1000000476|202112|65585|78|||||||1695|
1000000476|202212|57180|73|||||5950|8|1728|
1000000476|202312|221737|286|||||69507|99|2330|
1000000479|202312|||||||||0|
1000000488|202112|1203788000|1427091|87837000|905|||||1427996|
1000000488|202212|1201474000|1522628|||||20000|27|1522664|
1000000488|202312|706572000|911054|||||3000|4|911058|
1000000488|202412|710134000|1043897|||||||1043920|
1000000489|202112|173047|213|||||36942|42|255|
1000000489|202212|57450|73|||||221799|300|373|
1000000489|202312|148550|192|||||244413|349|541|
1000000489|202412|179398|264|||||68335|104|368|
1000000492|202412|26353|39|8946140|84|25897|5|||128|
1000000494|202312|||||||||0|
1000000494|202412|||||||||0|
1000000495|202112|0|23540|||||||23549|
1000000495|202212|0|25266|0|1|||||25271|
1000000495|202312|0|32|0|3|||||42|
1000000497|202112|31927|38|2208640|23|||1600402|2149|2210|
1000000497|202212|2284800|22|||||612401|827|849|
1000000497|202312|583631|833|||||382088|545|1378|
1000000497|202412|||37490950|351|1092164|220|||571|
1000000498|202112|140953|167|1330975|13|||377299|506|686|
1000000500|202112|0|1208663|||||||1209289|
1000000500|202212|0|1489831|||||||1490799|
1000000500|202312|0|1062002|||||||1063591|
1000000500|202412|0|1411377|||||||1411444|
1000000501|202112|1492725|1769|||||||1769|
1000000501|202212|13861194|17566|||||||17566|
1000000501|202312|24912906|32194|||||||32194|
1000000501|202412|23571851|34651|||||||34651|
1000000503|202112|2208026|2618|3457300|36|||60731|82|2736|
1000000503|202212|7253339|9192|4873100|46|||63478|86|9324|
1000000503|202312|2959670|3816|4286020|39|||95950|137|3992|
1000000503|202412|3946678|5802|14155640|133|||278828|426|6361|
1000000504|202112|0|3994|0|167|||0|200|4464|
1000000504|202212|0|7394|0|185|||0|294|8242|
1000000504|202312|0|13047|0|129|||0|267|14795|
1000000504|202412|0|13264|0|82|||0|2052|17518|
1000000505|202212|1600000|2028|||||||2028|
1000000505|202312|2960000|3817|||||||3817|
1000000505|202412|1970000|2896|||||||2896|
1000000509|202112|1044657|1238|||||||1238|
1000000509|202212|1595119|2021|||||||2021|
1000000509|202312|590272|761|||||||761|
1000000509|202412|1392737|2047|||||||2047|
1000000510|202112|678808|805|||||||805|
1000000510|202212|654453|829|4875030|46|||||875|
1000000510|202312|1422333|1834|||||||1834|
1000000510|202412|2288948|3386|||||||3386|
1000000513|202112|72993935|86535|26308089|271|||||86806|
1000000513|202212|73642972|93327|153900|1|||||93328|
1000000513|202312|44835252|57810|9720|0|||||57810|
1000000513|202412|48827777|71777|||||||71777|
1000000517|202112|9485000000|11244468|12570000000|129501|||3000000|4027|11377996|
1000000517|202212|9155000000|11602131|22652000000|215914|1000000|181|6000000|8107|11826333|
1000000517|202312|9710000000|12520074|17126000000|156302|345000000|6239|2000000|2853|12685468|
1000000519|202112|0|408308|0|700|||||413935|
1000000519|202212|0|256638|0|1071|||||257762|
1000000519|202312|0|182258|0|754|||||183012|
1000000519|202412|0|213717|0|3699|||||217817|
1000000521|202112|0|2473158|0|337544|||0|140308|2951010|
1000000521|202212|0|2972278|||||0|216801|3374275|
1000000521|202312|0|3142749|||||0|64413|3395062|
1000000521|202412|0|4676651|||||0|19312|4830774|
1000000521|202512|0|3455892|||||0|38172|3517592|
1000000527|202112|||464302000|4783|||||4783|
1000000527|202212|||464302000|4426|||||4426|
1000000527|202312|||464000000|4235|||||4235|
1000000527|202412|||464000000|4345|||||4345|
1000000529|202112|10016713|11875|149955784|1545|||||13420|
1000000529|202212|0|17775|0|423|||0|14|18212|
1000000529|202312|0|38793|0|393|||||39186|
1000000529|202412|0|18874|0|413|||||19287|
1000000532|202112|0|23229|||0|28|0|10674|33931|
1000000532|202212|0|14168|||0|27|0|4106|18301|
1000000532|202312|0|16173|||0|27|0|2004|18204|
1000000532|202412|0|50619|||0|30|0|5361|56010|
1000000534|202112|310891|369|||||63535|85|964|
1000000534|202212|998638|1266|||||448630|606|1872|
1000000534|202312|505145|651|||||575779|821|1472|
1000000534|202412|627114|922|||||73747|113|1035|
1000000536|202112|126220322|149635|26488702|273|||||149908|
1000000536|202212|114369007|144941|26488702|252|||||145193|
1000000536|202312|37810281|48752|26488702|242|||||48994|
1000000536|202412|87862669|129157|26488702|248|||||129405|
1000000537|202112|0|4418|||||||4418|
1000000537|202212|0|5317|0|6|||||5323|
1000000537|202312|0|3763|||||||3763|
1000000537|202412|0|4190|0|6|||||4196|
1000000538|202112|0|43168|||||||49566|
1000000538|202212|0|55138|||||0|22|55890|
1000000538|202312|0|64165|||||||64364|
1000000538|202412|0|67435|||||0|21|67469|
1000000539|202312|||||||||0|
1000000539|202412|||||||||0|
1000000543|202312|||||||||0|
1000000547|202112|||||||7372935|9897|9897|
1000000547|202312|2055|3|||||189008|270|273|
1000000547|202412|||||||183104|280|280|
1000000553|202112|0|982461|||||||982461|
1000000553|202212|0|1179338|||||0|57|1179395|
1000000553|202312|0|1020222|0|59|||0|102|1020383|
1000000553|202412|0|608056|||||||608056|
1000000555|202112|1178100|1397|||||132325|178|1575|
1000000555|202212|1008700|1278|||||66163|89|1367|
1000000555|202312|641300|827|||||||827|
1000000555|202412|1157200|1701|||||||1701|
1000000556|202112|47049|56|||||||56|
1000000556|202212|74544|94|||||||94|
1000000556|202412|66956|98|||||||98|
1000000557|202112|1692901|2007|||||||2007|
1000000557|202312|2951450|3806|||||||3806|
1000000557|202412|1042046|1532|||||||1532|
1000000559|202312|0|290|||||||290|
1000000559|202412|0|319|||||||319|
1000000564|202212|7000|9|||||||9|
1000000564|202312|12450|16|||||||16|
1000000564|202412|4423|7|||||||7|
1000000566|202112|7577000|8983|||||||8983|
1000000566|202212|10419000|13205|||||||13205|
1000000566|202312|4315000|5565|||||||5565|
1000000566|202412|2275000|3345|||||||3345|
1000000568|202112|0|25837|||||0|1042|26879|
1000000568|202212|0|16118|||||0|2536|18654|
1000000568|202312|0|16205|||0|382|0|660|17247|
1000000568|202412|0|24190|||0|1067|0|1059|26323|
1000000573|202312|||||||||0|
1000000575|202112|47476|56|||||||59|
1000000575|202212|51100|65|||||||68|
1000000575|202312|42000|54|||||||57|
1000000575|202412|45000|66|||||||69|
1000000581|202112|30000000|35565|||||||35565|
1000000581|202212|30000000|38019|||||||38019|
1000000581|202312|30000000|38682|||||||38682|
1000000583|202312|||||||||0|
1000000583|202412|||||||||0|
1000000584|202112|10425000|12358|||||||12358|
1000000584|202212|23760000|30112|||||||30112|
1000000584|202312|24323000|31362|||||||31362|
1000000584|202412|26370000|38763|||||||38763|
1000000586|202112|||||||0|20004|20004|
1000000586|202212|||||||0|8287|8287|
1000000586|202312|||||||0|2878|2878|
1000000593|202112|0|184231|0|925|0|35714|0|323|234883|
1000000593|202212|0|134524|0|286|0|5229|0|1638|146309|
1000000593|202312|0|187678|0|69|0|4097|0|300|192277|
1000000593|202412|0|173282|||0|338|0|727|175254|
1000000596|202112|13965|17|||||||17|
1000000596|202212|123856|157|||||||157|
1000000596|202312|382717|493|||||||493|
1000000596|202412|879195|1293|||||8873|14|1307|
1000000598|202312|||||||||0|
1000000598|202412|||||||||0|
1000000600|202112|0|21978|0|43|0|386|0|4854|27387|
1000000600|202212|0|13529|0|924|0|130|0|2729|17618|
1000000600|202312|0|18375|0|342|0|163|0|15474|34726|
1000000600|202412|0|29199|0|1047|0|374|0|10751|41454|
1000000604|202112|0|12544|0|3927|||0|5879|27929|
1000000604|202212|0|17896|0|4912|||0|6611|33786|
1000000604|202312|0|52|0|1|||0|5|64|
1000000604|202412|0|60937|0|623|||0|12301|79802|
1000000606|202312|||||||||0|
1000000606|202412|||||||||0|
1000000607|202112|0|5899|||0|2302|0|151|8352|
1000000607|202212|0|7704|||0|2856|||10560|
1000000607|202312|0|4247335|||0|6824298|0|14650|11087969|
1000000607|202412|0|658|||||0|42|700|
1000000615|202212|95700|121|||||||121|
1000000615|202312|44900|58|||||||58|
1000000615|202412|224426|329906|||||||329906|
1000000619|202312|||||||||0|
1000000619|202412|||||||||0|
1000000622|202112|542968|644|3414000|35|||||679|
1000000622|202212|304261|386|||||||386|
1000000622|202312|383429|494|||||||494|
1000000622|202412|517671|761|||||||761|
1000000623|202112|||8059816|83|20898|4|||87|
1000000623|202212|94803|120|1922684|18|10800|2|||217|
1000000623|202312|152224|196|||136644|25|17674|25|292|
1000000623|202412|226082|332|52480|1|||145|0|342|
1000000627|202312|||||||||0|
1000000627|202412|||||||||0|
1000000634|202112|0|11902|0|8465|||0|147|20514|
1000000634|202212|0|10246|0|7625|0|29|0|12234|30134|
1000000634|202312|0|9812|0|6571|0|161|0|12984|29528|
1000000634|202412|0|11312|0|5993|0|174|0|11867|29346|
1000000635|202112|||32443654|334|||1700000|2282|2630|
1000000635|202212|1084491|1374|29419982|280|||1726400|2333|4007|
1000000635|202312|404874|522|87645083|800|||1643694|2345|3685|
1000000635|202412|217388|320|94516781|885|||1342435|2052|3270|
1000000637|202112|61800842|73264|||||||73264|
1000000637|202212|52401491|66409|||||||66409|
1000000637|202312|51345998|66205|||||||66205|
1000000637|202412|44255398|65056|||||||65056|
1000000639|202312|||||||||0|
1000000639|202412|||||||||0|
1000000642|202112|108940|129|18919953|195|||||324|
1000000642|202212|32783|42|8090740|77|||||119|
1000000642|202412|||9004595|84|||||84|
1000000643|202312|||||||||0|
1000000643|202412|||||||||0|
1000000646|202312|588000|758|||||||758|
1000000646|202412|285000|419|||||29830|46|465|
1000000648|202112|4990613|5916|||||||5916|
1000000648|202212|3618351|4586|||||||4586|
1000000648|202312|46310000|59606|||||||59606|
1000000648|202412|6232596|9162|||||||9162|
1000000650|202312|||||||||0|
1000000650|202412|||||||||0|
1000000655|202112|0|4444038|0|30461|||0|413654|4917120|
1000000655|202212|0|4175673|0|11068|||0|403682|4606829|
1000000655|202312|0|3801757|0|292325|||0|631485|4770322|
1000000655|202412|0|4073413|0|521934|||0|558248|5207726|
1000000658|202112|677980|804|||||||804|
1000000658|202212|678000|859|||||||859|
1000000658|202312|678000|874|||||||874|
1000000658|202412|||||||||0|
1000000660|202112|||0|19|||||60|
1000000660|202212|||||||||44|
1000000660|202312|||||||||31|
1000000665|202212|||||6642734|1205|78825|107|1312|
1000000666|202112|||37247280|384|||||384|
1000000666|202212|1800000|2281|12404300|118|||||2399|
1000000666|202312|||145504300|1328|||||1328|
1000000666|202412|||4924300|46|||||46|
1000000669|202112|2560067|3035|||||||3035|
1000000669|202212|1592571|2018|||||||2018|
1000000669|202312|1072352|1383|||||||1383|
1000000669|202412|610094|897|||||||897|
1000000670|202112|11189430|13265|||||||13265|
1000000670|202212|8729109|11062|||||91735|124|11186|
1000000670|202312|407549|5683|||||20591|29|5712|
1000000670|202412|3836724|5640|||||||5640|
1000000671|202312|||||||||124|
1000000671|202412|22006|32|||||||65|
1000000683|202112|605250|718|||||||718|
1000000683|202212|1689479|2141|||||||2141|
1000000683|202312|1027860|2155|||||||2155|
1000000683|202412|1484535|2182|||||||2182|
1000000684|202312|||||||||0|
1000000684|202412|||||||||0|
1000000685|202312|||||||||0|
1000000685|202412|||||||||0|
1000000693|202112|1012697|1201|||||||1201|
1000000693|202212|1034564|1653|||||||1653|
1000000693|202312|328802|424|||||||424|
1000000693|202412|1425825|2096|||||||2096|
1000000697|202112|||||||||173|
1000000697|202212|||||||||175|
1000000697|202312|||||||||1756|
1000000697|202412|||||||||574|
1000000698|202212|297019|376|||||||376|
1000000698|202312|105127|136|||||||136|
1000000698|202412|230742|339|||||||339|
1000000700|202112|0|1219|||||||1219|
1000000700|202312|||||||0|140|140|
1000000700|202412|||||||0|79|79|
1000000702|202112|2820770|3344|||||||3344|
1000000702|202212|1739795|2205|||||||2205|
1000000702|202312|249947|322|||||||322|
1000000702|202412|1284520|1888|||||||1888|
1000000704|202312|184350|238|||||||238|
1000000704|202412|243500|358|||||||358|
1000000706|202112|12490384|14807|||||||14807|
1000000706|202212|11491486|14563|||||||14563|
1000000706|202312|8787425|11331|||||||11331|
1000000706|202412|7761476|11410|||||||11410|
1000000710|202112|30612942|36292|||||35000|47|36339|
1000000710|202212|50657257|64198|||||542|1|65034|
1000000710|202312|43151038|55639|190000|2|||470750|672|56313|
1000000710|202412|64739086|95167|35632000|334|||1745324|2668|98169|
1000000719|202112|72218411|85615|||||||85615|
1000000719|202212|20915088|26506|||||||26506|
1000000719|202312|36031026|46459|||12482956|2257|||48716|
1000000719|202412|42207224|62045|||14662106|2951|||64996|
1000000721|202112|0|8355|0|422|0|192|0|465|9434|
1000000721|202212|0|2968|0|91|0|382|0|239|3680|
1000000721|202312|3653469|4711|106304|1|||127612|182|4894|
1000000721|202412|9575910|14077|834809|8|320324|65|257436|394|14745|
1000000722|202112|||||0|1525|||1525|
1000000722|202212|||||0|1525|||1525|
1000000722|202312|||||0|276|||276|
1000000722|202412|||||0|307|||307|
1000000725|202312|||||||||0|
1000000725|202412|||||||||0|
1000000726|202112|3526360|4180|||||1816759|2439|7487|
1000000726|202212|||||||||537|
1000000726|202312|3974602|5125|||||2772904|3956|10011|
1000000726|202412|5085509|7476|||||4145690|6338|15124|
1000000734|202112|8551|10|||||||10|
1000000734|202212|36330|46|||||||46|
1000000734|202312|||||||||0|
1000000734|202412|||||||||0|
1000000736|202112|1284833|1523|||||||1523|
1000000736|202212|432746|548|||||||548|
1000000737|202112|3060330|3622|||||||3622|
1000000737|202212|31500|40|||||101162|137|177|
1000000737|202412|262474|386|||||||386|
1000000740|202212|3790197|4803|||||||4803|
1000000740|202312|2182646|2814|||||||2814|
1000000740|202412|2653896|3901|||||||3901|
1000000741|202112|1458214|1729|66555000|686|||||2415|
1000000741|202212|2926015|3694|87103200|830|||||4524|
1000000741|202312|||551707200|5035|||||5035|
1000000741|202412|389460|573|14196000|133|||||706|
1000000744|202312|||||||||0|
1000000744|202412|||||||||0|
1000000746|202112|21688671|25711|||||608811|817|26542|
1000000746|202212|17064427|21625|||||418417|566|22191|
1000000746|202312|609695|786|||1406095|254|824728|1177|2227|
1000000746|202412|839175|1234|13520000|127|150572|30|1095110|1674|3065|
1000000749|202112|38067987|45130|||||||45130|
1000000749|202212|25567468|32402|||||212|0|32404|
1000000749|202312|29636495|38213|||||168|0|38215|
1000000749|202412|23700551|33412|||||||33412|
1000000753|202112|0|1412|||||||1412|
1000000753|202212|0|538|||||||538|
1000000753|202312|0|309|||||0|73|383|
1000000753|202412|0|693|||||0|49|743|
1000000755|202112|112140|133|479220000|4937|||||5070|
1000000755|202212|293832|372|479220000|4568|||||4940|
1000000755|202312|140738|181|479220000|4374|||||4555|
1000000755|202412|||479220000|4374|517408|104|||4478|
1000000759|202212|||||||||0|
1000000759|202312|||||||||0|
1000000759|202412|||||||||0|
1000000761|202112|3429845|4066|6557478|68|||2156039|2894|7028|
1000000761|202212|5647594|7157|6470280|62|||2905383|3926|11192|
1000000761|202312|2373110|3060|||||1262613|1801|4908|
1000000761|202412|3515707|5168|9816624|92|||1317222|2014|7276|
1000000772|202112|296782|352|501019350|5161|||||5513|
1000000772|202212|2164034|2742|718953400|6853|||||9595|
1000000772|202312|240659|310|527565983|4815|||||5125|
1000000772|202412|183306|269|568423780|5323|||||5592|
1000000777|202112|1130379|1340|||||||1340|
1000000777|202212|0|699|||||||699|
1000000777|202312|77796|100|||||||100|
1000000778|202112|3407|4|||||||4|
1000000778|202212|106618|135|||||||135|
1000000778|202312|||||||||0|
1000000778|202412|||||||||0|
1000000779|202112|13157983|15599|1090716|11|3358125|625|||16235|
1000000779|202212|19357370|24532|||||||24532|
1000000779|202312|4830858|6229|||||||6229|
1000000779|202412|4346073|6389|||||||6389|
1000000782|202112|776099|920|||||||920|
1000000785|202112|8742000|10363|||||||10363|
1000000785|202212|8522000|10800|||||||10800|
1000000785|202312|9124000|11764|||||||11764|
1000000785|202412|10363000|15233|||||||15233|
1000000786|202312|||||||||0|
1000000786|202412|||||||||0|
1000000788|202112|593856|704|159679|2|||195|0|706|
1000000788|202212|341948|433|130725|1|||||439|
1000000788|202312|291731|381|||||||381|
1000000788|202412|515932|758|84752|79|||||843|
1000000789|202112|68261|81|||||||81|
1000000789|202312|||||||||0|
1000000789|202412|||||||||0|
1000000791|202112|63074|75|||||410|1|77|
1000000791|202212|6860925|8695|||||895|1|9040|
1000000791|202312|5665445|7305|||||1594|2|7729|
1000000791|202412|7050321|10364|||||||10770|
1000000794|202112|3587217|4253|||||||4253|
1000000794|202212|10209309|13|||||||13|
1000000794|202312|8276874|10672|||||||10672|
1000000794|202412|7762104|11410|||||||11410|
1000000802|202212|||||||72900|99|99|
1000000802|202312|||||||78414|112|112|
1000000802|202412|||||||28910|44|44|
1000000807|202112|19686713|23339|||||||23339|
1000000807|202212|7524722|9536|||||||9536|
1000000808|202212|16360734|20734|||||||20734|
1000000808|202412|14903671|21908|||||||21908|
1000000809|202103|883438|1001|794480|8|||69496|92|1191|
1000000809|202203|327913|397|794480|8|||10781|15|475|
1000000809|202303|179927|235|794480|8|||13717|19|264|
1000000809|202403|564159|760|794480|7|||28396|41|1065|
1000000809|202503|343161|503|5525480|54|||30928|49|745|
1000000814|202112|5917625|7015|35033432|361|||32292|43|7423|
1000000814|202212|5504875|6976|37836352|361|||||7337|
1000000814|202312|7165157|9239|12720472|116|||||9355|
1000000814|202412|3882800|5708|63496840|595|||||6303|
1000000815|202112|0|54615|0|301|||0|17|54933|
1000000815|202212|0|32839|0|408|||0|27|33274|
1000000815|202312|0|19282|0|687|||||19969|
1000000815|202412|0|9930|0|433|||||10363|
1000000823|202112|13472000|15971|||||||15971|
1000000823|202212|20645000|26163|||||||26163|
1000000823|202312|17813636|22969|||||||22969|
1000000823|202412|15563908|22879|||||||22879|
1000000825|202103|1060338|1202|||||751397|998|2274|
1000000825|202203|325501|394|||||625539|847|1396|
1000000825|202303|465580|607|||||761769|1083|1690|
1000000825|202403|65666|607|||||498403|1083|1724|
1000000825|202503|322240|473|||||897647|1425|1984|
1000000828|202112|368021|436|||110000|20|1042857|1400|1856|
1000000828|202212|878530|1114|||||358260|485|1599|
1000000828|202312|0|1760|||||0|4531|6291|
1000000837|202112|206106000|244339|||||||245283|
1000000837|202212|451263000|571886|||||3000|3|572782|
1000000837|202312|14196000|18304|||6350000|1148|134000|191|19644|
1000000837|202412|43187000|63484|16028000|150|6469000|1302|13000|20|64956|
1000000839|202112|66740|78|||||||78|
1000000839|202212|20500|26|||||||26|
1000000839|202312|20500|26|||||||26|
1000000841|202112|7332831|8693|||||||8693|
1000000841|202212|9119345|11557|||||||11557|
1000000841|202312|10585061|13648|||||||13648|
1000000841|202412|25010406|36765|||||||36765|
1000000842|202112|||||||||15146|
1000000842|202212|||||||||11720|
1000000842|202312|||||||||11505|
1000000842|202412|||||||||23745|
1000000843|202112|840625|997|||||||997|
1000000843|202212|2234762|2832|||||||2832|
1000000843|202312|3853392|4969|||||||4969|
1000000843|202412|645259|949|||||||949|
1000000847|202112|9175769|10881|||||||10881|
1000000847|202212|25901115|32825|||||||32825|
1000000847|202312|24148180|31137|||||||31137|
1000000847|202412|42953139|63141|||||||63141|
1000000854|202112|1780685|2111|||||||2111|
1000000854|202212|2056671|2606|||||||2606|
1000000854|202312|2242503|2891|||||||2891|
1000000854|202412|3458802|5085|||||||5085|
1000000860|202112|3693474|450|526572|707|||327690|439|1596|
1000000860|202212|689441|874|||||1366709|1847|2721|
1000000860|202312|1368|1764|||||1236|1763|3527|
1000000860|202412|0|1490|||||0|1864|4536|
1000000866|202112|79700|94|||||||94|
1000000868|202112|42169193|49992|||||||49992|
1000000868|202212|21567643|27333|||504000|91|||27424|
1000000868|202312|26293179|33903|||294000|53|||33956|
1000000868|202412|26393101|38798|||634175|127|||38925|
1000000870|202112|21879529|25942|||||46616|63|26005|
1000000870|202212|12255580|15532|||||1686|2|15534|
1000000870|202312|4803292|6253|||||134400|198|6451|
1000000870|202412|||||||||0|
1000000879|202112|0|684|0|7|0|126|0|220|1037|
1000000879|202212|0|1082|0|7|0|8|0|152|1249|
1000000879|202312|0|965|0|7|0|8|0|759|1975|
1000000879|202412|0|1078|0|7|0|9|0|774|1884|
1000000881|202105|36116|40|13864828|141|||||181|
1000000881|202205|792|1|95980676|936|||||937|
1000000881|202305|146155|195|138105204|1357|||||1552|
1000000881|202405|123185|170|107168831|941|||||1111|
1000000881|202505|122351|169|72948197|700|||||869|
1000000882|202112|77828|92|||3301623|615|||707|
1000000882|202212|16497|21|||2252217|409|||430|
1000000882|202312|||||||||0|
1000000882|202412|||||||||0|
1000000883|202312|164766|212|||||||212|
1000000883|202412|164766|219|||||||219|
1000000886|202212|3000000|3802|||||||3802|
1000000886|202312|3000000|3868|||||||3868|
1000000886|202412|4000000|5880|||||||5880|
1000000889|202312|||||||||0|
1000000889|202412|||||||||0|
1000000892|202112|178147|212|||||||212|
1000000892|202212|43077|55|||||||55|
1000000892|202312|17196|22|||||||22|
1000000892|202412|317403|467|||||||467|
1000000895|202112|3192213|3784|||||||3784|
1000000895|202212|2707121|3430|||||||3430|
1000000895|202412|1581280|2324|||||||2324|
1000000896|202112|4241895|5029|||||1230768|1651|6680|
1000000896|202312|4267497|5503|679400|6|||2159748|3081|8590|
1000000896|202412|5327843|7832|795640000|7451|||2820361|4312|19595|
1000000897|202112|80663|96|||||||96|
1000000897|202212|31056|39|||||||39|
1000000897|202312|||||||||0|
1000000898|202112|3379891|4007|12037000|124|||9635|13|4144|
1000000898|202212|5260471|6667|||||232665|314|6981|
1000000898|202312|5635631|7267|24010500|219|||59284|85|7571|
1000000898|202412|3057693|4495|12440500|117|||12236|19|4639|
1000000899|202112|32925|0|16928000|174|||||174|
1000000899|202212|65749|83|16928000|161|||||244|
1000000899|202312|65749|85|||||||85|
1000000899|202412|100|0|||||||0|
1000000900|202312|1562973|2015|||||367402|524|2725|
1000000900|202412|1150826|1692|||||235401|360|2062|
1000000902|202112|62968|75|||||||75|
1000000903|202112|11700000|13870|||||||14301|
1000000903|202212|11812346|14969|||||||15413|
1000000903|202312|11700000|15086|||||||15450|
1000000906|202112|626305|742|||||359796|483|1225|
1000000906|202212|543812|689|||||||689|
1000000906|202312|511796|660|||||||687|
1000000906|202412|26296|39|||||||39|
1000000908|202112|5602000|6641|||||||6641|
1000000908|202312|||||||||0|
1000000908|202412|||||||||0|
1000000910|202112|473144|561|||||146513|196|757|
1000000910|202312|130707|169|||||34650|49|218|
1000000910|202412|53627|79|||||13654|21|100|
1000000922|202112|256212|303|||||||303|
1000000922|202212|180000|228|||||||228|
1000000922|202312|366352|460|||||||460|
1000000922|202412|251446|390|||||||390|
1000000925|202112|755307|895|||||547663|735|1630|
1000000925|202212|894855|1134|||||704|1|1135|
1000000925|202312|121200|156|||||||156|
1000000925|202412|615401|905|||||3516|5|910|
1000000928|202312|0|7393|||||||7640|
1000000928|202412|0|8851|||||||9203|
1000000932|202112|1878022|2227|||||||2227|
1000000932|202212|2431927|3082|||||||3116|
1000000932|202312|413663|533|||||||533|
1000000932|202412|445816|655|||||11269|17|672|
1000000933|202312|||||||||0|
1000000933|202412|1241615|1825|||||||1825|
1000000939|202112|0|249|||||0|93|342|
1000000939|202212|0|580|||||0|9|589|
1000000939|202312|0|3100|||||0|3|3103|
1000000939|202412|0|4908|||||0|12|4920|
1000000940|202412|||||||||0|
1000000943|202112|||||||||55|
1000000943|202212|||||||||50|
1000000943|202312|||||||||51|
1000000943|202412|||||||||58|
1000000946|202412|||||||||0|
1000000952|202112|21179|25|277495000|2859|||||2884|
1000000952|202212|21179|27|277495000|2645|||||2672|
1000000953|202312|||||||||0|
1000000953|202412|||||||||0|
1000000955|202112|3046563|3612|||||||3612|
1000000955|202212|2321574|2942|||||||2942|
1000000955|202312|2400000|3095|||||||3095|
1000000955|202412|3381689|4971|||||||4971|
1000000958|202412|148105|218|||||1190637|1820|2038|
1000000959|202112|||||||707529|950|950|
1000000959|202212|||||||886245|1198|1198|
1000000959|202312|910|1|25830|0|||742106|1059|1060|
1000000959|202412|||||||795274|1216|1216|
1000000963|202112|810247|961|||||||961|
1000000963|202212|18228|23|||||||23|
1000000963|202312|159567|206|||||||206|
1000000963|202412|121690|179|||||||179|
1000000964|202112|55152|65|||||47413|64|129|
1000000964|202212|214712|273|||||14696|20|293|
1000000964|202312|173022|223|||||3000|4|227|
1000000964|202412|||||||72408|111|111|
1000000971|202112|159280|189|||||||189|
1000000971|202312|3678637|4744|||||||4744|
1000000971|202412|3525648|5182|||||||5182|
1000000972|202112|294189080|348761|||||||348761|
1000000972|202412|257758641|378905|||||||378905|
1000000976|202112|||244795650|2522|||||2522|
1000000976|202212|||201224765|1918|||||1918|
1000000976|202312|||205601710|1876|||||1876|
1000000976|202412|||219376970|2054|||||2054|
1000000982|202112|||||||||228|
1000000982|202412|144819|213|||||||213|
1000000983|202312|||||||||0|
1000000983|202412|||||||||0|
1000000984|202112|8477003|10049|||||106175|143|10192|
1000000984|202212|5939328|7526|||||||7526|
1000000984|202312|15159198|19546|||||||19546|
1000000984|202412|6977867|10257|||||||10257|
1000000988|202112|4563567|5411|6160134|63|||||5474|
1000000988|202212|1395352|1768|||||||1768|
1000000988|202312|841585|1085|||||||1085|
1000000988|202412|2159503|3175|||||||3175|
1000000994|202112|1265100|1500|||||||1500|
1000000997|202112|21559499|25559|38199669|394|1166354|217|||26170|
1000000997|202212|14499972|18376|38812206|370|||||18746|
1000000997|202312|16724061|21564|32514931|297|||||21861|
1000000997|202412|15264494|22440|51343745|481|||||22921|
1000001000|202312|||||||||0|
1000001000|202412|||||||||0|
1000001002|202112|2642296|3132|||||||3132|
1000001003|202112|5126951|6078|||||||6078|
1000001003|202212|0|20687|||||||20687|
1000001003|202312|0|14102|||||||14102|
1000001003|202412|0|42383|||||||42383|
1000001004|202112|1355766|1607|||||||1607|
1000001004|202212|6286874|8454|||||1962266|2680|11134|
1000001004|202312|9121683|11761|||||||11761|
1000001004|202412|7149005|10509|||||1832092|2801|13310|
1000001005|202112|0|12108|0|76|||||12184|
1000001005|202212|0|14623|0|222|||||14845|
1000001005|202312|0|12111|0|147|||||12258|
1000001005|202412|0|10924|0|97|||||11021|
1000001006|202103|2427890|2752|||||||2752|
1000001006|202203|6152967|7446|||||||7446|
1000001008|202106|37614|43|||||||43|
1000001008|202206|33637|43|||||||43|
1000001008|202306|||||||||0|
1000001008|202406|||||||||0|
1000001008|202506|||||||||0|
1000001025|202112|6019771|7136|||||||7136|
1000001025|202212|1078188|1366|||||||1366|
1000001025|202312|650903|839|||||||839|
1000001025|202412|||||||453683|694|694|
1000001028|202112|2471226|2929|||||||2929|
1000001028|202212|2713279|5360|||||||5360|
1000001028|202312|716055|923|||||||923|
1000001032|202112|699189|829|8100653|83|||217454|292|1258|
1000001032|202212|||61372136|585|||208848|282|920|
1000001032|202312|||62120174|567|||||619|
1000001032|202412|6951470|10219|140612727|1317|||214681|328|11915|
1000001033|202112|0|5|||||0|13|936|
1000001033|202212|0|239|||||0|91|1260|
1000001033|202312|0|7|||||||209|
1000001033|202412|0|2|||||||2|
1000001038|202112|120008|142|||||26277|35|177|
1000001038|202212|62821|80|||||10626|14|94|
1000001038|202312|87719|113|||||5260|8|121|
1000001038|202412|84517|124|||||1588|2|126|
1000001040|202112|16215000|19223|||||1638000|2200|21423|
1000001040|202212|12128000|15370|||||2664000|3599|18969|
1000001040|202312|8725000|12|||||537000|3|15|
1000001040|202412|6071000|8924|||||||8924|
1000001049|202112|1212842|1438|4300000|44|||557494|749|2231|
1000001049|202212|4688612|5954|120000|1|||85851|117|6072|
1000001049|202312|3653358|4714|312000|3|||1188919|1696|6413|
1000001049|202412|5220110|7659|542000|5|||2489580|3799|11463|
1000001050|202112|2866271|3398|||||||3398|
1000001050|202212|2956651|3747|||||||3747|
1000001050|202312|2776721|3580|||||||3580|
1000001050|202412|4222380|6207|||||||6207|
1000001054|202412|||||||||0|
1000001056|202312|||||||||0|
1000001056|202412|||||||||0|
1000001063|202412|342806|504|||||17757|27|531|
1000001065|202212|4000000|5069|||||||5069|
1000001065|202312|4000000|5158|||||||5158|
1000001065|202412|4000000|5880|||||||5880|
1000001066|202412|0|5720|||||||5720|
1000001068|202112|1720993|2041|||||||2041|
1000001068|202212|1829796|2319|||||563411|761|3080|
1000001068|202312|2467916|3183|||||561805|801|3984|
1000001068|202412|2610693|3838|||||316108|483|4321|
1000001072|202112|3939624|4670|||||||4907|
1000001072|202212|2189009|2774|||||||3029|
1000001072|202312|1665364|2147|||||||2263|
1000001072|202412|15774344|23188|||||||23218|
1000001075|202112|5212067|6179|||||||6179|
1000001075|202212|584747|741|||||||741|
1000001075|202312|5167022|6662|||||||6662|
1000001080|202112|||||||457289|542|542|
1000001080|202212|1030332|1428|||||9448|13|1441|
1000001080|202312|1273888|1643|||||3490|5|1648|
1000001080|202412|351215|516|||||408|1|517|
1000001081|202112|0|5339|0|43|0|19|||5401|
1000001081|202212|0|1659|0|60|0|177|||1896|
1000001081|202312|0|897|0|68|0|176|||1141|
1000001081|202412|0|414|0|6|||||420|
1000001083|202112|10680779|12663|14940|0|||131595|177|12840|
1000001083|202212|1220213|1547|1584000|15|||157772|213|1775|
1000001083|202312|14400739|18568|||73000|13|2179941|3110|21692|
1000001083|202412|3449342|5070|1353739|272|222894|45|47452|73|5460|
1000001089|202312|||||||||0|
1000001089|202412|||||||||0|
1000001090|202112|1368155|1622|||||88232|118|1740|
1000001092|202112|940583|1115|||||||1115|
1000001092|202212|92|0|||||||0|
1000001092|202312|19196|25|||||||25|
1000001092|202412|101150|149|||||||149|
1000001093|202212|118435|150|||||||150|
1000001093|202312|28796|37|||||||37|
1000001093|202412|21462|32|||||||32|
1000001096|202112|1802047|2136|||||||2136|
1000001096|202212|880549|1116|||||||1116|
1000001096|202312|||||||||0|
1000001096|202412|||||||||0|
1000001099|202112|406644|482|||||||482|
1000001099|202312|||||||||0|
1000001099|202412|793840|1167|||||||1167|
1000001100|202212|22653600|28709|||||||28709|
1000001100|202312|15786024|20355|||||||20355|
1000001100|202412|22514194|33095|||||||33095|
1000001103|202112|1610028|1909|||||||1909|
1000001103|202212|2861420|3626|||||||3626|
1000001103|202312|1312564|1692|165398340|1509|||||3201|
1000001103|202412|1018550|1497|136985960|1283|||||2780|
1000001106|202212|37342|47|||||||47|
1000001106|202312|37999|49|||||||49|
1000001106|202412|23602|34|||||||34|
1000001108|202112|92190726|109293|||||||109293|
1000001108|202212|69190738|87685|||||||87685|
1000001108|202312|78810060|101617|||||||101617|
1000001108|202412|85826083|126164|||||||126164|
1000001110|202112|69379411|82249|3508|0|||2403362|3226|85497|
1000001110|202212|61911436|78460|3508|0|||729680|986|79469|
1000001110|202312|57599303|74269|3508|0|||946502|1350|75619|
1000001110|202412|61245075|90030|3508|0|||725201|1108|91138|
1000001113|202112|||||0|4188|||4360|
1000001113|202212|||||0|32|||33|
1000001113|202312|||0|1|||||13|
1000001113|202412|||||||0|1216|1216|
1000001118|202112|4230857|5017|124240|1|||||5018|
1000001118|202212|8173185|10358|||||||10358|
1000001118|202312|2217063|2859|1424240|13|||||2872|
1000001118|202412|2355281|3765|||||430129|658|4423|
1000001121|202312|||||||||0|
1000001121|202412|||||||||0|
1000001131|202312|||||||||0|
1000001131|202412|||||||||0|
1000001139|202112|1461679|1733|||||||1733|
1000001139|202212|1602563|2031|||||||2031|
1000001139|202312|2338190|3015|||||||3015|
1000001139|202412|1700943|2500|||||||2500|
1000001143|202112|0|17493|0|733|0|449|||18675|
1000001143|202212|0|14546|0|166|0|251|||14963|
1000001143|202312|0|27269|0|300|0|681|||28250|
1000001143|202412|0|20570|0|1463|0|736|||22769|
1000001144|202112|||9075550|93|||44544|60|153|
1000001144|202312|||4253200|39|||||39|
1000001144|202412|||3721200|35|||3074|5|40|
1000001151|202212|4180000|5297|||||||5297|
1000001151|202312|3430000|4126|||||||4126|
1000001151|202412|2280000|3352|||||||3352|
1000001154|202112|1000|1|7400000|76|18500|4|681563|915|996|
1000001154|202212|48360|61|||18500|3|||64|
1000001154|202312|||||||712409|1016|1121|
1000001154|202412|||||||1007864|1541|1582|
1000001164|202112|3153544|3739|||||24763|33|3772|
1000001164|202212|1340660|1699|||||6488|9|1708|
1000001164|202312|1057555|1374|||||6103|9|1383|
1000001164|202412|2206949|3244|||||11419|17|3261|
1000001171|202212|4278645|5422|||||||5422|
1000001171|202312|5106888|6585|||||||6585|
1000001171|202412|||||||||0|
1000001176|202312|||||||||0|
1000001176|202412|||||||||0|
1000001185|202112|||||||2024910|2718|2759|
1000001185|202212|||||||2751292|3718|3718|
1000001185|202312|||||66423|12|1518830|2166|2178|
1000001185|202412|9500|14|||||960470|1454|2088|
1000001190|202112|772864|917|||||||917|
1000001190|202212|2701896|3424|||||||3424|
1000001190|202312|1416418|1826|||||||1826|
1000001190|202412|3524201|5181|||||||5181|
1000001192|202112|1428000|1693|55199000|568|||1969000|2643|4904|
1000001192|202212|1513000|1917|87382000|833|||2963000|4005|6755|
1000001192|202312|1150000|1482|141433000|1291|||3570000|5093|7866|
1000001192|202412|1412000|2076|96540000|904|||1828000|2795|5775|
1000001193|202312|||||||||0|
1000001193|202412|||||||||0|
1000001197|202112|19701|23|||||395177|530|553|
1000001197|202212|367686|497|9140538|87|||57443|73|657|
1000001197|202312|50716|65|||4|0|614648|877|942|
1000001197|202412|260391|383|12777566|120|||1077969|1648|2151|
1000001199|202312|||||||||0|
1000001199|202412|||||||||0|
1000001204|202312|||||||||0|
1000001204|202412|||||||||0|
1000001216|202103|3106341|3521|||||||3521|
1000001216|202203|5840050|7071|||||||7071|
1000001216|202303|10462382|13641|||||||13641|
1000001216|202403|18923437|25486|||||||25486|
1000001216|202503|13007652|19076|||||||19076|
1000001218|202112|27889072|33063|||||||33063|
1000001218|202212|34023231|43117|||1690999|307|||43424|
1000001218|202312|24088078|31059|||10051837|1818|||32877|
1000001218|202412|30464450|44783|||6947239|1399|318434|487|46669|
1000001221|202112|932407|1105|||||||1105|
1000001221|202212|825922|1047|||||||1047|
1000001221|202412|283455|417|||||||417|
1000001227|202112|||244800|3|||383089|514|518|
1000001227|202312|||58576000|535|||||535|
1000001227|202412|80456|118|315436000|2954|||55008|84|3156|
1000001231|202112|611133|724|||||||724|
1000001231|202212|1140208|1445|||||||1445|
1000001231|202312|1231350|1588|||||||1588|
1000001231|202412|157150|231|||||||231|
1000001232|202112|1429742|1695|||||186835|251|1946|
1000001232|202206|853854|1104|||||13900|19|1123|
1000001232|202306|634608|833|||||157994|225|1058|
1000001232|202406|328526|456|||||376523|559|1015|
1000001245|202112|551254|653|1043630949|10753|||||11406|
1000001245|202212|3317590|4205|834596917|7955|||||12160|
1000001245|202312|5131797|6617|848473157|7743|||||14360|
1000001245|202412|7639957|11231|87475000|819|||||12050|
1000001247|202112|24245735|28743|||||||28743|
1000001247|202212|8536267|10818|||||||10818|
1000001247|202312|12603026|16250|||||||16250|
1000001247|202412|14890463|21889|||||||21889|
1000001248|202112|0|15239|0|222|||||15461|
1000001248|202212|0|2256|0|352|||||2608|
1000001248|202312|0|863|0|374|||||1237|
1000001248|202412|0|1632|0|375|||||2007|
1000001250|202112|1295694|1521|||||505322|678|2199|
1000001250|202212|446116|565|||||113851|154|719|
1000001250|202312|737680|951|||||101470|145|1096|
1000001250|202412|670067|984999|||||37550|57404|1042403|
1000001251|202112|1712731|2030|||||||2030|
1000001251|202212|3691875|4679|||||||4679|
1000001251|202312|1049640|1353|||||||1353|
1000001251|202412|1163285|1710|||||||1710|
1000001256|202112|184467|219|||||40816|55|274|
1000001256|202212|445996|565|||||71841|97|662|
1000001256|202312|110564|142|||||||142|
1000001256|202412|208281|306|||||74983|113|419|
1000001262|202312|||11083266|101|||||101|
1000001262|202412|||||||||0|
1000001263|202112|12514|14|207011|2|||||16|
1000001263|202212|53399|67|207011|2|||||69|
1000001263|202312|1448|1|||||||1|
1000001263|202412|54604|80|207011|2|||||82|
1000001265|202112|37862|45|272961200|2812|||||2857|
1000001265|202212|7059425|8946|213008039|2030|||||10976|
1000001265|202312|3978|5|252668|2305|||||2310|
1000001265|202412|||139640667|1308|||||1308|
1000001266|202212|||||||||0|
1000001266|202312|||||||||0|
1000001266|202412|||||||||0|
1000001269|202112|825183|961|||||||961|
1000001269|202312|||||||||0|
1000001276|202312|||||||||0|
1000001276|202412|||||||||0|
1000001278|202112|32799|39|||||||39|
1000001278|202212|226512|287|||||||287|
1000001278|202312|46163|60|||||||60|
1000001278|202412|139982|206|||||||206|
1000001288|202112|0|96|0|250|0|278|||626|
1000001288|202212|0|98|0|2|0|163|0|27|290|
1000001288|202312|0|3009|0|164|0|850|||4024|
1000001288|202412|0|4342|0|150|0|1839|||6354|
1000001292|202112|1545476|1832|||||||1832|
1000001292|202212|1330149|1686|||||||1686|
1000001292|202312|1469827|1895|||||||1895|
1000001292|202412|1241573|1825|||||||1825|
1000001307|202112|42852776|50802|||||||50802|
1000001307|202212|38215349|48430|||||||48430|
1000001307|202312|53184736|68577|||||||68414|
1000001307|202412|55561283|81674|||||||81674|
1000001308|202112|925|1|||||||1|
1000001308|202312|||||||||0|
1000001308|202412|59652|88|||||||88|
1000001314|202112|608269|721|||||9424|13|734|
1000001314|202212|472181|599|2421416|23|||125512|170|792|
1000001314|202312|1128260|1455|||||||1455|
1000001314|202412|12263659|18027|||||115401|176|18203|
1000001315|202112|3155628|3741|||||||3741|
1000001315|202212|8430378|10684|||||||10684|
1000001315|202312|2504277|3229|||||||3229|
1000001315|202412|2651752|3898|||||||3898|
1000001317|202312|||||||||0|
1000001317|202412|||||||||0|
1000001325|202112|0|26035|||||||26157|
1000001325|202212|0|27063|||||||28862|
1000001325|202312|0|8908|||||||9881|
1000001325|202412|0|21758|||||||22315|
1000001333|202312|||||||||0|
1000001333|202412|||||||||0|
1000001336|202312|||||||||0|
1000001360|202112|0|541|||||||541|
1000001360|202212|0|1426|||||||1426|
1000001360|202312|0|60123|||||||60123|
1000001360|202412|0|670|||||||670|
1000001361|202312|||||||||0|
1000001361|202412|||||||||0|
1000001374|202112|1954493|2318|||||2455007|3295|5613|
1000001374|202212|1137227|1441|||15930000|2890|2585361|3493|7824|
1000001374|202312|1154524|1489|||4005000|724|3710754|5294|7507|
1000001374|202412|917455|1349|||7829400|1576|3597312|5499|8424|
1000001375|202112|627304|744|||||||744|
1000001375|202212|578946|734|||||||734|
1000001375|202312|296042|382|||||||382|
1000001375|202412|1448283|2129|||||||2129|
1000001377|202112|2409794|2857|||||92072|124|2981|
1000001377|202212|2470535|3131|||||125385|169|3300|
1000001377|202312|3157566|4072|||||40659|58|4130|
1000001377|202412|2566227|3772|||||2000|3|3775|
1000001379|202112|4275950|5069|14987020|155|||||5224|
1000001379|202212|6354566|8053|13858480|132|||||8185|
1000001379|202312|6530545|8420|6820040|62|||||8482|
1000001379|202412|5605271|8240|7929368|74|||||8314|
1000001385|202312|||||||||0|
1000001385|202412|||||||||0|
1000001390|202112|0|10552|0|120|||0|3248|13920|
1000001390|202212|1303521|1652|120000|1|65925|12|4842620|6543|8208|
1000001390|202312|1901974|2452|551663|5|30125|5|1642928|2344|4806|
1000001390|202412|3065233|4506|120000|1|197300|40|862100|1318|5865|
1000001394|202112|523457|621|||||||621|
1000001394|202212|778575|987|||||||987|
1000001394|202312|256889|331|||||||331|
1000001394|202412|677805|996|||||||996|
1000001402|202312|23173|30|||||1749|2|40|
1000001402|202412|||||||||11|
1000001405|202106|12194000|13779|||||||13779|
1000001405|202206|15089334|19509|||||||19509|
1000001405|202306|21143503|27757|||||1933|3|27760|
1000001405|202406|18178118|25253|||||||25254|
1000001405|202506|3640951|4939|||||||4939|
1000001409|202212|41750|53|||||||53|
1000001409|202312|||||||||0|
1000001409|202412|||||||||0|
1000001411|202112|0|12538|||||||12538|
1000001411|202212|0|1669|||||||1669|
1000001411|202312|0|50|||||||50|
1000001412|202112|1968237|2333|||1851600|345|||2678|
1000001412|202212|537462|681|||19880220|3607|||4288|
1000001412|202312|1174636|1514|||18253056|3301|||4815|
1000001412|202412|454795|668|||19032360|3831|||4499|
1000001417|202112|16698|20|||||2557|3|23|
1000001417|202212|16387|21|||||4308|6|27|
1000001417|202312|10750|14|||||4640|7|21|
1000001417|202412|20445|30|||||6225|10|40|
1000001430|202212|633802|803|||||||803|
1000001430|202312|262980|339|||||||339|
1000001430|202412|53000|78|||||||78|
1000001432|202112|2432487|2884|||||||2884|
1000001432|202212|1279961|1622|||||||1622|
1000001432|202312|11406|15|||||||15|
1000001432|202412|1116064|1641|||||||1641|
1000001439|202212|3138807|3978|39500|0|||1084659|1466|5690|
1000001439|202312|2163069|2789|||||880676|1256|4437|
1000001439|202412|4707543|6920|||||862921|1319|8457|
1000001440|202212|2891556|4008|||||||4008|
1000001440|202312|464637|602|||||||602|
1000001440|202412|123880|182|||||17800|7|189|
1000001452|202112|1631899|1935|62636783|645|40800|8|249081|334|2922|
1000001452|202212|3867232|4901|54800075|522|||147608|199|5622|
1000001452|202312|4564348|5885|41732087|381|||304596|435|6701|
1000001452|202412|2768224|4069|21540903|202|||117575|180|4451|
1000001457|202112|||249100|2|||||11|
1000001457|202212|||952000|9|||||18|
1000001457|202312|17713|23|12092947|110|||||153|
1000001461|202312|12248|16|||||||16|
1000001461|202412|||||||||0|
1000001462|202112|3605189|4274|||||8377|11|4285|
1000001462|202212|2909515|3687|||||75760|103|3791|
1000001462|202312|2379788|3068|||||2235|3|3071|
1000001462|202412|1065354|1566|||||1511|2|1568|
1000001467|202112|13904900|16484|||||||16484|
1000001467|202212|36656536|46455|||||||46455|
1000001467|202312|35493186|45765|||||||45765|
1000001467|202412|34427535|50608|||||||50608|
1000001468|202312|||||||||0|
1000001468|202412|||||||||0|
1000001473|202112|23295|28|||||||28|
1000001473|202212|1697880|2152|||218948|40|||2192|
1000001473|202312|2892678|3730|||211948|38|||3768|
1000001473|202412|1192490|1753|||702949|141|||1894|
1000001474|202112|313354250|371481|||||||371481|
1000001474|202212|306833968|388850|||||||388850|
1000001474|202312|307771|396840|||||129|184|397024|
1000001474|202412|302981705|445383|||||||445383|
1000001476|202112|2131013000|2526316|30000000000|309072|||6000|8|3085702|
1000001476|202212|2186739000|2771254|400000000|3813|||6000|8|3044136|
1000001476|202412|2222517000|3267100|||||||3267100|
1000001495|202112|609061|722|||||||722|
1000001495|202212|185610|235|||||||235|
1000001500|202312|||||||0|969|969|
1000001501|202312|||||||||0|
1000001501|202412|||||||||0|
1000001506|202312|14017|18|||||22371|32|50|
1000001506|202412|7797|11|||||27797|42|53|
1000001510|202112|3189706|3781|||||51000|68|3849|
1000001510|202212|2193995|2781|||||||2781|
1000001510|202312|0|319|||||0|4137|4456|
1000001510|202412|0|164|||||0|4102|4266|
1000001514|202112|846653|859|||||||859|
1000001514|202212|1438676|1823|||||||1823|
1000001514|202312|1326235|1710|||||||1710|
1000001514|202412|||||||||0|
1000001515|202212|214332|272|||||||272|
1000001515|202312|214332|276|||||||276|
1000001515|202412|214332|315|||||||315|
1000001523|202112|5507000|6528|6248000|64|||||6592|
1000001523|202212|3293000|4174|6248000|60|||486000|657|4891|
1000001523|202312|4266000|5501|201548000|1839|||972000|1387|8728|
1000001523|202412|5091000|7484|42598000|399|||||7883|
1000001526|202112|2849000|3377|||||||3377|
1000001526|202312|93100|120|||||||120|
1000001526|202412|17720|26|||||||26|
1000001528|202112|0|2682|0|3|||0|12|2697|
1000001528|202212|0|4704|||||||4704|
1000001528|202312|0|3324|0|25|||||3349|
1000001528|202412|0|4613|0|26|||||4669|
1000001528|202512|0|1360|0|30|||||1390|
1000001532|202112|446039|529|||||||529|
1000001532|202212|1279483|1621|||||||1626|
1000001532|202312|797478|1028|||||2837|4|1131|
1000001532|202412|475414|699|||||1733|3|823|
1000001534|202312|4954052|6388|||||||6388|
1000001547|202212|263496|334|||||||334|
1000001547|202412|4107|6|||||||6|
1000001557|202112|2093999|2482|||||||2482|
1000001557|202212|1150271|1458|||||||1458|
1000001557|202312|1211371|1562|||||||1562|
1000001557|202412|1219671|1793|||||||1793|
1000001561|202112|3370110|3370|||||||3370|
1000001561|202212|1052593|1334|||||||1334|
1000001561|202312|1954467|2520|||||||2520|
1000001561|202412|2214173|3255|||||||3255|
1000001562|202112|||||||85491|115|115|
1000001562|202212|||||||56251|76|76|
1000001562|202312|85017|110|||||76345|109|219|
1000001562|202412|||||||51788|76|76|
1000001563|202312|||||||||0|
1000001563|202412|||||||||0|
1000001565|202112|1882532|2231|||||||2231|
1000001565|202212|2104856|2668|||||||2668|
1000001565|202312|||||||||0|
1000001565|202412|||||||||0|
1000001567|202112|0|637|||||||637|
1000001567|202212|0|179|||||||179|
1000001567|202312|0|167|||||||167|
1000001567|202412|0|548|||||||548|
1000001571|202312|||||||||0|
1000001571|202412|||||||||0|
1000001576|202312|||||||||0|
1000001576|202412|||||||||0|
1000001579|202112|7087146|8402|||||||8402|
1000001579|202212|2792344|3539|||||||3539|
1000001579|202312|4750048|6125|||||||6125|
1000001579|202412|0|5631|||||||5631|
1000001583|202312|||3171959|3030|||||3030|
1000001585|202112|0|5566|||||0|618|6184|
1000001585|202212|0|12034|||||0|1232|13266|
1000001585|202312|0|10474|||||0|1035|11509|
1000001585|202412|0|12403|||||0|1181|13584|
1000001589|202112|9025937|10700|||534662|100|41141|55|10855|
1000001589|202212|10515812|14548|||9958140|1807|||16355|
1000001589|202312|6983351|9004|||194735|35|41094|59|9098|
1000001589|202412|3943877|5797|||358850|72|371477|568|6437|
1000001594|202112|1392339|1651|||||7905|11|1662|
1000001594|202212|894201|1133|||||||1133|
1000001594|202312|688368|894|||||451|1|895|
1000001594|202412|976114|1435|||||||1435|
1000001597|202112|0|8989|0|399|||0|570|10171|
1000001597|202212|0|11610|0|1023|||0|542|13399|
1000001597|202312|0|15272|0|612|||0|1427|17564|
1000001597|202412|0|27052|0|1553|||0|669|29882|
1000001598|202112|6763735|8018|||||||8018|
1000001598|202212|5358376|6791|||||||6791|
1000001598|202312|5624191|7252|||||||7252|
1000001598|202412|8463372|12442|||||||12442|
1000001601|202112|180|0|6340000|65|||400|1|66|
1000001601|202212|180|0|6340000|60|||400|1|61|
1000001601|202312|11095180|14306|40000|0|226500|41|231126|330|14677|
1000001601|202412|10995180|16163|40000|0|153000|31|19683|30|16224|
1000001604|202112|24803680|29405|||||||29405|
1000001604|202212|0|35100|||||||35100|
1000001604|202312|0|37753|||||||37753|
1000001604|202412|0|35979|||||||35979|
1000001606|202112|2544032|3016|||||||3016|
1000001606|202212|2161697|2740|||||||2740|
1000001606|202312|418166|539|||||||539|
1000001606|202412|910159|1338|||||||1338|
1000001613|202112|0|3738|||||0|482|7072|
1000001613|202212|0|983|||||0|3132|11759|
1000001613|202312|0|1218|||||||4981|
1000001613|202412|0|75|||||||75|
1000001617|202212|1297953|1645|||||42513|57|1702|
1000001617|202312|1238967|1598|||||388753|555|2153|
1000001617|202412|878040|1290|||||13227|20|1310|
1000001618|202212|0|31683|||||||31683|
1000001618|202312|0|68|||||||68|
1000001618|202412|0|688|||||||688|
1000001633|202112|487155|578|||||||578|
1000001633|202212|884526|1122|||||||1122|
1000001633|202312|999344|1289|||||||1289|
1000001633|202412|993847|1461|||||||1461|
1000001635|202112|7839882|9294|||||||9294|
1000001635|202212|2949831|3738|||||||3738|
1000001635|202312|5921654|7635|||||||7635|
1000001635|202412|5185680|7623|||||||7623|
1000001643|202112|0|455|0|137|||||592|
1000001643|202212|||0|5|||||5|
1000001643|202412|0|12|0|23|||||35|
1000001649|202112|13110298|15543|||258832|48|||15591|
1000001649|202212|15296660|19386|||276542|50|75178|102|19538|
1000001649|202312|10460456|13488|||308434|56|||13544|
1000001649|202412|21747342|31969|||330972|67|||32036|
1000001652|202312|||||||||0|
1000001652|202412|||||||||0|
1000001653|202112|140149|166|||||527245|842|1008|
1000001653|202212|146611|185|15783|150|||280645|379|714|
1000001653|202312|144376|187|16298928|16|||343367|490|693|
1000001653|202412|215046|349|3545752|33|||245765|376|758|
1000001654|202112|91186|108|||||||108|
1000001654|202212|67707|86|||||||86|
1000001654|202312|14773|19|||||||19|
1000001654|202412|||||||||0|
1000001659|202112|1114347000|1321059|||||||1321093|
1000001659|202212|1307944000|1657557|||||||1657557|
1000001660|202112|2663778|3158|||||||3158|
1000001660|202212|5998114|7601|||||||7601|
1000001660|202312|4591403|5920|||||||5920|
1000001660|202412|4165801|6124|||||||6124|
1000001661|202112|111352|132|||||||132|
1000001661|202212|3109|4|||||||4|
1000001663|202212|85740|109|||||||109|
1000001666|202112|384562|456|||||||456|
1000001666|202212|578273|733|||||||733|
1000001666|202312|0|281|||||||281|
1000001666|202412|0|844|||0|248|||1092|
1000001671|202112|81633|97|||||||97|
1000001671|202212|399319|506|||||||506|
1000001671|202312|180600|233|||||||233|
1000001671|202412|113014|166|||||||166|
1000001672|202312|29000|38|||||||747|
1000001672|202412|||||||||992|
1000001677|202112|15134669|17942|||||||17942|
1000001677|202212|11089599|140654|||||||140654|
1000001677|202312|9854004|12706|||||||12706|
1000001677|202412|6986702|10270|||||||10270|
1000001679|202112|0|40669|||||||40669|
1000001679|202212|0|20022|||||||20022|
1000001679|202312|0|11223|||||||11223|
1000001679|202412|0|5257|||||||5257|
1000001688|202112|0|34612|||||||34615|
1000001688|202212|0|30680|||||||30680|
1000001688|202312|23300541|30043|||||||30043|
1000001688|202412|0|31042|||||||31042|
1000001690|202112|1386189|1643|||||||1643|
1000001690|202212|1551125|1966|||||||1966|
1000001690|202312|579420|747|||||||747|
1000001690|202412|379480|558|||||||558|
1000001694|202312|||||||||0|
1000001694|202412|||||||||0|
1000001696|202212|649108|823|||||35001|47|870|
1000001696|202312|||||||||0|
1000001696|202412|||||||||0|
1000001699|202112|784095|929|5730279|59|||171831|231|1219|
1000001699|202212|1209417|1533|32797716|313|||||1846|
1000001699|202312|345785|446|63031827|575|||156469|223|1244|
1000001699|202412|169168|249|33892345|17|||161120|246|512|
1000001715|202112|1281013|1519|||8411852|1567|||3086|
1000001715|202212|1281013|1623|||30385857|5513|||7136|
1000001715|202312|1281013|1652|||28756760|5200|||6852|
1000001715|202412|300694|442|||1546958|311|||753|
1000001716|202306|1246859|1637|||||1955867|2790|4427|
1000001716|202406|237693|1637|||||1509260|2790|4427|
1000001716|202506|||||||987769|1572|1572|
1000001719|202112|490609|581|||||||581|
1000001719|202212|490609|621748|||||||621748|
1000001719|202312|490609|633|||||||633|
1000001719|202412|93849|138|||||||138|
1000001721|202112|10468|12|||||||12|
1000001721|202212|6295|8|||||||8|
1000001721|202312|||||||||0|
1000001721|202412|6951|10218|||||||10218|
1000001725|202112|13583315|16102|||||||16102|
1000001725|202212|4077652|5168|||||||5168|
1000001725|202312|2638666|3402|||||||3403|
1000001725|202412|5672864|8340|||||||8341|
1000001731|202112|0|949649|0|325166|||0|14999|1289814|
1000001731|202212|0|1031879|0|300832|||0|10212|1342923|
1000001731|202312|0|1031397|0|318217|||0|10813|1360427|
1000001731|202412|0|1181755|0|198869|||0|11042|1391666|
1000001731|202512|0|1174374|0|183027|||0|12926|1370327|
1000001732|202103|871912|988|||||||988|
1000001732|202203|1362191|1649|||||||1649|
1000001732|202303|1234500|1610|||||||1610|
1000001732|202403|1160484|1563|||||||1563|
1000001732|202412|6360491|9350|||||||9350|
1000001742|202112|320000|379|||||||379|
1000001742|202212|335000|425|||||||425|
1000001742|202312|424000|547|||||||547|
1000001742|202412|403000|592|||||||592|
1000001748|202112|1402502|1663|1881619|19|1063|0|95108|128|1865|
1000001748|202212|5655183|7167|42850095|408|181|0|665569|899|9478|
1000001748|202312|6355980|8196|73850508|674|100419|18|766233|1093|11232|
1000001748|202412|4730318|6954|52640496|493|90793|18|634676|970|16165|
1000001755|202112|144500|171|||||||239|
1000001755|202312|263814|340|3500000|32|||4322665|6167|6539|
1000001755|202412|430354|633|||4433222|892|4246447|6492|8017|
1000001756|202312|||||||||0|
1000001757|202112|12400705|14687|||||||14687|
1000001757|202212|12595835|15962|||||||15962|
1000001757|202312|17130803|22088|||||||22088|
1000001757|202412|5017294|7375|||||||7375|
1000001761|202112|4038|5|||||||5|
1000001761|202212|4038|5|||||||5|
1000001761|202312|250836|323|||||||323|
1000001761|202412|306572|450|||||||450|
1000001763|202112|3182408|3773|||||||3773|
1000001763|202212|4421890|5604|||||||5604|
1000001763|202312|3416729|4406|||||||4406|
1000001763|202412|4276723|6287|||||||6287|
1000001764|202112|2204945|2613|93500000|964|||||3577|
1000001764|202212|3125340|3961|71500000|682|||||4643|
1000001764|202312|1893020|2441|||||||2441|
1000001764|202412|4139324|6085|||||||6085|
1000001766|202112|566649|672|||||||672|
1000001766|202212|855393|1084|||||||1084|
1000001766|202312|614464|792|||||||792|
1000001766|202412|362048|532|||||||532|
1000001772|202412|||||||||0|
1000001774|202112|||||||6283798|8435|8435|
1000001774|202212|||||||6313098|8530|8530|
1000001774|202312|||||||5174098|7381|7381|
1000001774|202412|||||||4997698|7640|7640|
1000001783|202312|||||||||0|
1000001783|202412|2781|4|||||||4|
1000001788|202112|3485934|4107|||||||4107|
1000001788|202212|2385999|3024|||||||3024|
1000001788|202312|2700715|3482|||||||3482|
1000001788|202412|2693664|3960|||||||3960|
1000001790|202112|0|29418|||||||29418|
1000001790|202212|0|1|||||||1|
1000001790|202312|0|33022|0|46|||||33068|
1000001790|202412|0|36360|||||||36360|
1000001795|202112|168985|200|||||||200|
1000001795|202312|||84510216|771|||||771|
1000001795|202412|1410600|2074|||||||2074|
1000001796|202112|10163553|12049|||||||12049|
1000001796|202212|5571204|7060|||||||7060|
1000001796|202312|4457144|5747|||||||5747|
1000001796|202412|4600304|6763|||||||6763|
1000001801|202112|2418218|2867|100200102|1033|198750|37|350520|471|4408|
1000001801|202212|1181630|1497|67292363|641|416600|76|309259|418|2632|
1000001801|202312|2343480|3022|20857478|190|||20667|30|3242|
1000001801|202412|1810824|2662|46945708|440|||3350|5|3107|
1000001802|202212|0|223|0|58|||0|174|455|
1000001807|202112|0|5|||||||5|
1000001809|202112|121450|144|||||||144|
1000001809|202212|135289|172|||||||172|
1000001809|202312|139544|181|||||||181|
1000001809|202412|141090|207|||||||207|
1000001819|202112|0|769|0|488|||||1257|
1000001819|202212|0|428|0|259|||||687|
1000001819|202312|0|351|0|1497|||||1848|
1000001819|202412|0|247|0|2781|||||3028|
1000001822|202112|4634553|5495|||||||5495|
1000001822|202212|10736867|13607|||||||13607|
1000001822|202312|5018750|6471|||||||6471|
1000001822|202412|44417053|65292|||||||65292|
1000001833|202112|0|3|0|63|||||66|
1000001833|202212|3004|4|10028979|96|||||100|
1000001833|202312|3004|4|5622329|51|||||55|
1000001833|202412|0|4|0|54|||||58|
1000001840|202112|579481|687|||||||687|
1000001840|202212|435895|552|||||2440900|3298|3850|
1000001840|202312|257913|333|||||||333|
1000001840|202412|257913|379|||||670000|1024|1403|
1000001844|202112|130014000|154132|72000|1|||48245000|64761|229791|
1000001844|202212|303189000|384231|165000|2|||61096000|82553|472008|
1000001844|202312|382516000|493216|||||158552000|226189|731219|
1000001844|202412|0|441|0|11|||0|146|611|
1000001845|202112|0|72844|0|103183|||0|106039|282066|
1000001845|202212|0|49740|0|95503|||0|82850|228093|
1000001853|202112|568524|674|||||||674|
1000001853|202212|11684008|14807|||||||14807|
1000001853|202312|||||||||0|
1000001853|202412|||71088742|666|||||666|
1000001856|202112|0|635987|||||||635987|
1000001856|202212|0|471668|||||||471668|
1000001856|202312|0|661710|||||||661710|
1000001856|202412|0|597657|||||0|13670|611327|
1000001859|202112|1222917|1450|||||4328|6|1456|
1000001859|202212|986591|1250|||||5666|8|1258|
1000001859|202312|1147792|434|||||15078|21|455|
1000001859|202412|1175714|1728|||||7689|12|1740|
1000001862|202112|435641|516|166195110|1712|||||2228|
1000001862|202212|4287055|5433|188697948|1799|||||7232|
1000001862|202312|992891|1280|60864256|556|||||1836|
1000001862|202412|872201|1282|47940263|449|||||1731|
1000001867|202212|0|210|0|2|||||212|
1000001867|202312|0|186|||||||186|
1000001867|202412|0|679|0|28|0|3|||710|
1000001873|202112|0|26|0|10|0|9|0|7|109|
1000001873|202212|0|40|0|13|0|8|0|18|118|
1000001873|202312|0|24|0|10|0|1|0|20|98|
1000001873|202412|0|39|0|12|0|12|0|28|203|
1000001876|202112|14079424|16691|196234696|2022|||3979092|5341|24054|
1000001876|202212|19870171|25182|107685489|1026|||5765881|7790|34026|
1000001876|202312|22200000|28625|146800|1|||318647|455|29118|
1000001876|202412|20477450|30102|||||7950299|12153|42294|
1000001885|202510|||||||||0|
1000001890|202112|0|67446|||0|269|0|249|68075|
1000001890|202212|0|56607|||0|485|0|644|57775|
1000001890|202312|0|13114|||0|699|0|801|14614|
1000001890|202412|0|5695|||0|588|0|910|7193|
1000001898|202112|||2120000|22|580999|108|||130|
1000001898|202212|||2300000|22|368065|67|66|0|89|
1000001898|202312|||7430000|68|400574|72|||140|
1000001898|202412|1071|2|||311896|63|||65|
1000001902|202112|121195|144|16224034|167|32069|28|||339|
1000001902|202212|445136|564|6411609|61|||||661|
1000001902|202312|2627853|3388|||74200|14|||3507|
1000001902|202412|9144443|13442|15100000|141|5405000|1088|||14784|
1000001906|202112|6923535|8208|||||||8208|
1000001906|202212|6123495|7760|||||||7760|
1000001906|202312|1562293|2014|||||||2014|
1000001906|202412|||||||||0|
1000001911|202112|5576645|6611|||||2784323|3737|10348|
1000001911|202212|11019326|13965|||||2796243|3778|17743|
1000001911|202312|6702446|8642|||||2630606|3753|12395|
1000001911|202412|5227809|7685|||||4309571|6589|14274|
1000001915|202112|0|347|||||||347|
1000001915|202212|0|23|||||||23|
1000001915|202312|0|2|||||||2|
1000001917|202112|2644916|3135|||||||3135|
1000001917|202212|2864373|3630|||||||3630|
1000001917|202312|3072649|3962|||||||3962|
1000001917|202412|4652085|6838|||||41778|64|6902|
1000001919|202412|5404242|7945|||||||7945|
1000001920|202112|180343|214|||||||214|
1000001920|202212|256343|325|||||||325|
1000001920|202312|293762|379|||||||379|
1000001920|202412|23900|35|||||||35|
1000001923|202312|||||||||0|
1000001923|202412|||||||||0|
1000001927|202112|1575455|1868|||||||1868|
1000001927|202212|1312069|1663|14216773|135|||||1798|
1000001927|202312|1881257|2426|||||135990|194|2620|
1000001927|202412|1931228|2839|151662350|1420|||124810|191|4450|
1000001937|202312|||||||||0|
1000001937|202412|||||||||0|
1000001944|202312|5808|7|||||||7|
1000001944|202412|41351|61|||||||61|
1000001946|202112|380372|451|||||||451|
1000001946|202212|365882|463|||||||463|
1000001946|202312|196896|254|||||||254|
1000001946|202412|25296|38|||||||38|
1000001948|202112|0|4448|||||||4495|
1000001948|202212|0|15874|||||||15899|
1000001948|202312|0|16013|||||||16015|
1000001948|202412|0|29814|||||||39605|
1000001949|202412|0|3|||||||3|
1000001950|202112|2192688|2599|||15510595|2889|||5488|
1000001950|202212|1464280|1856|||18235474|3309|||5165|
1000001950|202312|3330971|4295|||28648631|5181|||9476|
1000001950|202412|2322699|3414|||62090462|12143|||15557|
1000001954|202112|12525047|14849|||||||14849|
1000001954|202212|12025008|15239|||||||15239|
1000001954|202312|6287829|8108|5742800|52|||151139|216|8376|
1000001954|202412|5986920|8801|2593008|24|||12774|20|8845|
1000001961|202112|0|1042|||||0|593|1662|
1000001961|202212|0|1460|||0|21|0|330|1884|
1000001961|202312|0|5315|||||0|111|5454|
1000001961|202412|0|49115|||||0|93|49208|
1000001963|202112|17511329|20760|||||7428974|9973|31568|
1000001963|202212|18857024|23898|||||9310762|12581|40725|
1000001963|202312|27298380|35199|||||9328410|13308|49984|
1000001963|202412|79303711|116577|||||20710278|31661|148447|
1000001976|202212|||||||||0|
1000001976|202312|||||||||0|
1000001976|202412|||||||||0|
1000001980|202112|8792747|10424|59661645|615|441667|82|||11121|
1000001980|202212|5237382|6638|56951004|543|863224|157|||7338|
1000001980|202312|5204883|6711|75528760|689|460946|83|||7483|
1000001980|202412|461475|678|346595311|3246|||||3924|
1000001989|202312|||||||||0|
1000001993|202112|1794417|2128|||||1800|2|2130|
1000001993|202212|1283635|1626|||||||1626|
1000001993|202312|1021848|1317|||||||1317|
1000001993|202412|1054189|1549|||||2500|4|1553|
1000002001|202112|14098|17|82502758|850|173|0|515547|692|1559|
1000002001|202212|6208|8|30516714|291|||376435|509|808|
1000002001|202312|441721|569|27140878|248|1806965|327|272858|389|1533|
1000002001|202412|654134|961|48654195|456|3342030|672|652126|997|3086|
1000002006|202312|||||||||0|
1000002006|202412|||||||||0|
1000002009|202112|0|368|0|4|||0|983|1479|
1000002009|202212|0|649|0|6|||0|926|2887|
1000002009|202312|0|2379|0|5|||0|2203|7329|
1000002009|202412|0|654|0|6|||0|338|2619|
1000002012|202312|||||||||0|
1000002012|202412|||||||||0|
1000002014|202112|684546|811|||||43989|59|870|
1000002014|202212|422737|536|||||||536|
1000002014|202312|207307|267|||||||267|
1000002014|202412|66563|98|||||||98|
1000002016|202103|18768626|21206|||||||21946|
1000002016|202203|29626186|35915|||||||35915|
1000002016|202303|28384327|37008|||||||37008|
1000002016|202403|39595429|53327|||||||53327|
1000002019|202112|24372|29|||95495|18|||47|
1000002019|202212|7722|10|||80229|15|||25|
1000002019|202312|10877|14|||||||14|
1000002031|202112|630416|748|||||||748|
1000002031|202212|2329767|2953|||||||2953|
1000002031|202312|4378439|5645|||||||5645|
1000002031|202412|6086820|8947|||||||8947|
1000002037|202112|10258|12|||29763|6|||18|
1000002037|202212|30764|39|||||||39|
1000002037|202312|37366|48|||||||48|
1000002037|202412|80052|118|||||2300|4|122|
1000002040|202112|11457511|13583|||||||13583|
1000002040|202212|0|29974|||||||29974|
1000002040|202312|0|31631|||||||31631|
1000002040|202412|0|31585|||||||31585|
1000002043|202112|2141042|2538|||||57974|78|2616|
1000002043|202212|1171456|1485|||||||1485|
1000002043|202312|1495263|1928|||||||1928|
1000002043|202412|2093173|3077|||||43386|66|3143|
1000002046|202312|||||||||0|
1000002046|202412|||||||||0|
1000002048|202112|910446|1079|||||||1079|
1000002048|202212|2458222|3115|||||||3115|
1000002048|202312|826777|1066|||||||1066|
1000002048|202412|1333908|1961|||||||1961|
1000002051|202312|2081722|2684|11628233|106|||16914|24|2889|
1000002051|202412|538284|791|2271849|21|||45445|69|939|
1000002053|202212|38221|48|||745959|135|||183|
1000002053|202312|479033|618|||1859377|336|||954|
1000002053|202412|183323|269|||428944|86|||355|
1000002055|202112|1435135|1701|||||3994231|5362|7063|
1000002055|202212|4740874|6008|||||3955491|5345|11353|
1000002055|202312|12034754|15517|||||3955491|5643|21160|
1000002055|202412|11417507|16934|||||3955491|6047|22981|
1000002056|202312|||||||||0|
1000002056|202412|||||||||0|
1000002062|202112|59785|71|||||||71|
1000002062|202312|||||||||0|
1000002062|202412|||||||||0|
1000002063|202112|10238557|12138|||||||12138|
1000002063|202212|11672402|14793|||||||14793|
1000002063|202312|10926800|14089|||||||14089|
1000002063|202412|7344726|10796|||||||10796|
1000002064|202212|||||||||0|
1000002064|202312|||||||||0|
1000002064|202412|||||||||0|
1000002071|202212|||||||||0|
1000002071|202312|||||||||0|
1000002071|202412|||||||||0|
1000002078|202112|1090029|1292|||||284000|381|1673|
1000002078|202212|2223215|2817|||||208888|282|3099|
1000002078|202312|5035674|6493|||||4308|6|6499|
1000002078|202412|1667378|2451|||||15782|24|2475|
1000002079|202112|5579978|6615|||||||6615|
1000002079|202212|26575790|33680|||||658683|890|34570|
1000002079|202312|24111222|31089|6608000|60|||161510|230|31379|
1000002079|202412|17751537|26095|||||59463|91|26186|
1000002087|202112|5154032|6110|17562|181|||||6291|
1000002087|202212|4571864|5794|18752760|179|||||5973|
1000002087|202312|5751731|7416|21261520|194|||||7610|
1000002087|202412|2749490|4042|21975660|206|||||4248|
1000002088|202412|0|394|0|75|||||469|
1000002089|202112|208108|247|||||||247|
1000002089|202212|340969|432|||||||432|
1000002089|202312|421479|543|||||||543|
1000002089|202412|173598|255|||||||255|
1000002092|202112|3126174|3706|||||||3706|
1000002092|202212|2192159|2778|||||||2778|
1000002092|202312|250704|323|||||||323|
1000002092|202412|3107497|4568|||||||4568|
1000002093|202112|0|1823376|0|18|||0|172815|1999406|
1000002093|202212|0|2308914|0|19|||0|216312|2527818|
1000002093|202312|0|1825302|||0|9934|0|118491|1954686|
1000002093|202412|0|2225876|||0|4649|0|141528|2378803|
1000002096|202112|153432|182|||||||182|
1000002100|202112|0|5465|0|25|||0|1086|6576|
1000002100|202212|0|9162|0|9|||0|1670|11075|
1000002100|202312|0|13900|0|30576|||0|1539|46626|
1000002100|202412|0|11602|0|19368|||0|1714|33064|
1000002101|202112|0|49875|0|207|||0|4503|54585|
1000002101|202212|0|42845|0|73|||0|1236|44154|
1000002101|202312|0|31874|0|78|||0|3577|35529|
1000002101|202412|0|65006|0|109|||0|92|65207|
1000002104|202112|3500|4|||||50225|67|71|
1000002104|202212|314768|399|||||5155|7|406|
1000002104|202312|481231|620|4693|0|||17075|24|644|
1000002104|202412|595020|875|1725500|16|||174171|266|1157|
1000002113|202112|0|15337|||||0|82|16096|
1000002113|202212|0|10548|||||0|53|10605|
1000002113|202312|0|5375|||0|1454|0|10|9605|
1000002113|202412|0|2874|||||0|10|2884|
1000002117|202312|||||||||0|
1000002132|202312|||||||||0|
1000002132|202412|||||||||0|
1000002134|202112|0|2412|0|113|0|289|0|363|3177|
1000002134|202212|0|3043|0|278|0|267|0|252|3840|
1000002134|202312|0|2909|0|252|0|230|0|300|3691|
1000002134|202412|0|3173703|0|194496|0|180853|0|311956|3861008|
1000002134|202512|0|4415669|0|32166|0|172332|0|458644|5078811|
1000002135|202112|380039000|450536|5893000|61|||55829000|74942|592108|
1000002135|202212|334296000|423653|89000|1|||12094000|16341|518374|
1000002135|202312|389446000|502152|13531000|123|||3577000|5102|758579|
1000002135|202412|745684000|1096155|632000|6|||3994000|6105|1265880|
1000002142|202112|382134|446|||||||446|
1000002142|202212|504723|640|||||||640|
1000002142|202312|329142|424|||||45100|64|488|
1000002142|202412|348687|513|||||15276|23|536|
1000002152|202112|16000|19|||||||19|
1000002152|202212|0|60|||||||60|
1000002152|202312|0|43|||||||43|
1000002152|202412|0|52|||||||52|
1000002153|202112|0|633578|0|33688|||0|87191|992789|
1000002153|202212|0|546646|0|14633|||0|76750|991148|
1000002153|202312|0|640343|0|30025|||0|41806|1202938|
1000002153|202412|0|765485|0|26826|||0|52199|1650118|
1000002154|202112|62|74|||||134877|181|802|
1000002154|202212|540|1|926000|9|||650709|879|1272|
1000002154|202312|||||||65145|93|906|
1000002154|202412|12565|18|||||105903|162|729|
1000002155|202112|902|0|||||||0|
1000002155|202212|480|1|||||||1|
1000002163|202112|615000|1339|59216000|0|||||1339|
1000002163|202312|2116|3|41445|0|||||3|
1000002163|202412|2116000|2728|41445000|378|||||3106|
1000002167|202112|126874|150|974997400|10045|104330744|19433|||29628|
1000002167|202212|47770|61|886174785|8447|89191404|16183|||24691|
1000002167|202312|||||||||0|
1000002167|202412|46433|68|487498700|4565|35411851|7128|||11761|
1000002171|202112|1022659|1212|23911653|246|25528843|4755|14904|20|6233|
1000002171|202212|686356|870|7295174|70|24829465|4505|731401|988|6433|
1000002171|202312|24258|31|15803069|144|26291886|4755|||4930|
1000002171|202412|663104|975|9349046|88|31373157|6314|37556|57|7434|
1000002181|202312|||20707389|189|||||189|
1000002184|202112|8149512|9661|||||10887|15|9676|
1000002184|202212|0|448|||||0|10|458|
1000002184|202312|0|1540|||||0|16|1556|
1000002184|202412|0|2070|||||0|14|2084|
1000002185|202109|4038955|4782|||||||4782|
1000002185|202209|3439352|4954|||||||4954|
1000002185|202309|4422826|5975|||||||5987|
1000002185|202409|4681010|6173|||||||6256|
1000002185|202509|4618226|6486|||||||6542|
1000002189|202112|0|56|||||0|30|89|
1000002189|202212|0|61|||||0|6|69|
1000002189|202312|0|138|||0|0|0|5|143|
1000002189|202412|0|227|||||0|35|262|
1000002191|202112|1491954|1769|||||||1769|
1000002191|202212|689601|874|||||||874|
1000002191|202312|828458|1068|||||||1068|
1000002191|202412|1021489|1502|||||||1502|
1000002199|202312|||||||||0|
1000002199|202412|||||||||0|
1000002202|202212|432124|0|||||||0|
1000002202|202312|2173601|2803|||||||2803|
1000002202|202412|2747670|4039|||||||4039|
1000002203|202112|0|2356731|0|40585|0|36996|0|10884|2445196|
1000002203|202312|0|6559|0|47|0|11|0|18|6635|
1000002203|202412|0|7044340|0|29277|0|132209|0|14434|7220260|
1000002203|202512|0|5688533|0|17365|0|9097|0|20268|5735263|
1000002204|202112|0|19589|0|2471|0|7697|0|480|33020|
1000002204|202212|0|17880|0|2425|0|5013|0|1348|32239|
1000002204|202312|0|48136|0|9811|0|22210|0|687|84840|
1000002204|202412|0|73173|0|9716|0|48895|0|2176|142413|
1000002204|202512|0|75173|0|11204|0|16398|0|712|107967|
1000002208|202112|0|10|||||||164|
1000002208|202212|||||0|6|||6|
1000002208|202312|0|1247|||0|135|||1382|
1000002208|202412|||||0|42|||42|
1000002214|202112|4355319|5163|||||||5163|
1000002214|202212|3301605|4185|||||||4185|
1000002214|202312|3717347|4793|||||||4793|
1000002214|202412|3278304|4819|||||||4819|
1000002221|202112|1821816|2160|||||3446155|4626|6786|
1000002221|202212|5079466|6438|||||6932845|9368|15806|
1000002221|202312|2129140|2745|||||5951367|8490|11235|
1000002221|202412|2467229|3627|||||6019477|9202|12829|
1000002229|202112|||||||53514|63|63|
1000002229|202212|521170|660|||||||660|
1000002229|202312|||||||||0|
1000002229|202412|165442|243|||||||243|
1000002253|202112|3664690|94|||||69941|4344|4438|
1000002253|202212|4144395|5252|||||581033|785|6037|
1000002253|202312|1838460|2371|||||33360|48|2419|
1000002253|202412|3351097|4926|||||306942|469|5395|
1000002260|202312|||||||||0|
1000002260|202412|||||||||0|
1000002266|202112|587|1|||||||1|
1000002266|202212|97315|123|||||||123|
1000002266|202312|80831|104|||||||104|
1000002266|202412|18826|28|||||||28|
1000002271|202112|5159683|6117|||||324440|436|6553|
1000002271|202212|7323155|9282|||||729678|986|10268|
1000002271|202312|5126102|6609|||||732354|1044|7653|
1000002271|202412|4749363|6981|||||461442|705|7686|
1000002272|202112|0|11052|||||||11052|
1000002272|202212|0|1359|||||||1359|
1000002272|202312|0|2419|||||||2419|
1000002272|202412|0|688|||||||688|
1000002284|202112|3067000|3636|||||||3636|
1000002284|202212|708000|898|||||||898|
1000002284|202312|1300000|1676|||||||1676|
1000002284|202412|1368000|2011|||||||2011|
1000002285|202312|||||||||0|
1000002285|202412|||||||||0|
1000002286|202112|2303697|2731|||||7805088|10478|13209|
1000002286|202212|2182513|2766|713700|7|||9670573|13066|15854|
1000002286|202312|1011819|1305|||||1407121|2007|3335|
1000002286|202412|||||||||0|
1000002290|202112|23489779|19301|||||||19301|
1000002290|202212|6500000|8237|||||||8237|
1000002290|202312|6500000|8381|||||||8381|
1000002301|202312|||||||||0|
1000002301|202412|||||||||0|
1000002318|202112|2471524|2930|||||||2930|
1000002318|202212|4804086|6089|||||||6089|
1000002318|202312|1164003|1501|60478712|552|||||2053|
1000002318|202412|1128326|1659|21660134|203|||||1862|
1000002322|202306|3706067|4865|||||||4865|
1000002322|202406|3151270|3478|||||||3478|
1000002322|202506|2621423|3558|||||||4384|
1000002324|202112|23812254|28229|17319779|178|||||28415|
1000002324|202212|29372596|37224|10245541|98|||||37327|
1000002324|202312|13002050|16765|4599546026|41979|203371|37|||58789|
1000002324|202412|29484076|43347|7229565995|67704|180804|43|||111096|
1000002333|202212|396330|502|||||||502|
1000002333|202312|||||||||0|
1000002333|202412|||||||||0|
1000002337|202212|||194340463|1853|||||1853|
1000002337|202312|204262|264|232686105|2123|||||2387|
1000002337|202412|417751|614|181880792|1703|||||2317|
1000002346|202112|7110959|8429|||||||8429|
1000002346|202212|7956739|10084|||||||10084|
1000002346|202312|5597762|7218|||||||7218|
1000002346|202412|||||||||0|
1000002348|202112|0|27261|||0|1|0|101|27363|
1000002348|202212|0|25899|0|305|||0|242|26460|
1000002348|202312|0|28796|||0|78|0|1299|30173|
1000002348|202412|0|4766|0|300|0|0|||5066|
1000002351|202112|0|415|||||0|3|418|
1000002351|202212|0|2581|||||0|58|2639|
1000002351|202312|0|7514|||||0|2|7516|
1000002351|202412|0|6453|||||||6453|
1000002353|202112|26007302|30832|||5799353|1080|3942|5|31917|
1000002353|202312|99076|128|4262|0|5391109|975|61883|88|1211|
1000002353|202412|1507510|2216|432780|4|2411230|485|||2705|
1000002363|202312|||||||||0|
1000002363|202412|||||||||0|
1000002383|202112|24527679|29077|||||||29077|
1000002383|202212|28509009|36129|||||||36129|
1000002383|202312|23152328|29852|||||||29852|
1000002383|202412|21538298|31661|||||||31661|
1000002395|202112|5372260|6369|||||||6369|
1000002395|202212|3551388|4501|||||||4501|
1000002395|202412|6615670|9724|||||||9724|
1000002397|202112|1616962|1917|||||||1917|
1000002397|202212|2317674|2937|||||||2937|
1000002397|202312|2730629|3505|||||||3505|
1000002397|202412|2082642|3051|||||||3051|
1000002410|202112|44501|53|758000|8|||||61|
1000002410|202212|44797|57|||||||57|
1000002426|202212|3681776|4666|||||||4666|
1000002429|202112|1515367|1796|100000|1|||||1797|
1000002429|202212|2375794|3011|19301810|184|||6640|9|3204|
1000002429|202312|2861034|3689|220000|2|||69600|99|3790|
1000002429|202412|2197875|3231|||||||3231|
1000002442|202106|0|106|||0|1084|||1190|
1000002442|202206|0|475|||0|804|||1279|
1000002442|202306|0|499|||0|1666|||2165|
1000002442|202406|0|3350|||0|1292|||4642|
1000002442|202506|0|904|||0|3890|||10440|
1000002449|202312|||||||||0|
1000002449|202412|||||||||0|
1000002460|202112|16766678|19877|||||||19877|
1000002460|202212|16766678|21248|||||||21248|
1000002463|202312|||||||||0|
1000002463|202412|||||||||0|
1000002465|202112|76114|90|||||||90|
1000002465|202212|234991|298|||||||298|
1000002465|202312|60000|78|||||||78|
1000002465|202412|58000|85|||||||85|
1000002472|202312|||||||||0|
1000002472|202412|||||||||0|
1000002482|202112|0|16191|||||0|58|22757|
1000002485|202112|89625|106|||||||106|
1000002492|202112|6535717|7748|||||||7748|
1000002492|202212|4203120|5326|||||||5326|
1000002492|202312|7140077|2620|||||435000|621|3241|
1000002492|202412|4267876|6274|||||||6274|
1000002496|202112|2933036|3477|||||||3477|
1000002496|202212|1067978|1366|||||||1366|
1000002496|202312|972966|1254|||||||1254|
1000002496|202412|1705765|2507|||||||2507|
1000002500|202112|13428195|15919|||||7065|9|15928|
1000002500|202212|12071517|15298|||||5151|7|15305|
1000002500|202312|16033444|20673|||||5473|8|20681|
1000002500|202412|18483820|27171|10526400|99|||5254|8|27278|
1000002509|202312|||||||||0|
1000002509|202412|||||||||0|
1000002512|202112|0|682196|||||||682196|
1000002512|202212|0|870843|||||||870843|
1000002512|202312|0|599033|||||||599033|
1000002512|202412|0|448886|||||||448886|
1000002514|202112|747326|886|||||||886|
1000002514|202212|775371|983|||||||983|
1000002514|202312|574628|741|||||||741|
1000002514|202412|545812|802|||||||802|
1000002519|202112|843|1|||||||1|
1000002519|202212|45130|57|||||||57|
1000002519|202312|122758|158|||||||158|
1000002519|202412|22567|33|||||||33|
1000002520|202112|584730000|693197|||||||693197|
1000002520|202212|254920000|323060|||||||323060|
1000002520|202312|113080000|145805|||||||145805|
1000002520|202412|424929000|624645|||||||624645|
1000002524|202112|52062113|61720|||||234770|315|62630|
1000002524|202412|2435376|3580|||||59664|91|3671|
1000002530|202312|2066052|2664|||||||2664|
1000002530|202412|2541281|3736|||||||3736|
1000002547|202112|30263186|35877|||||||35877|
1000002547|202212|18217137|23087|||||||23087|
1000002547|202312|10172188|13116|||||||13116|
1000002547|202412|19873026|29214|||||||29214|
1000002551|202106|||||||||2977|
1000002551|202206|||160063443|1515|||||2732|
1000002551|202306|||118605150|1076|||||2615|
1000002551|202506|||32658186|307|||||2696|
1000002554|202112|||||||||10|
1000002554|202212|||||||1070|1|4|
1000002554|202312|||||||||3|
1000002564|202312|||||||||0|
1000002578|202106|248033|281|||||||281|
1000002578|202206|993798|1276|||||||1276|
1000002578|202306|42746|56|||||||56|
1000002578|202406|15506|21|||||||21|
1000002578|202506|||||||||0|
1000002587|202112|2040820|2419|||||||2419|
1000002587|202212|1426028|1807|||||||1807|
1000002587|202312|350929|453|||||||453|
1000002587|202412|285240|419|||||||419|
1000002596|202112|10062378|11929|||||||11929|
1000002596|202212|7935480|10057|||||||10057|
1000002596|202312|7846761|10118|||||||10118|
1000002596|202412|7812709|11485|||||||11485|
1000002598|202109|1405880|1666|||||||1666|
1000002598|202209|5038833|7229|||||||7234|
1000002598|202309|7353762|9889|||||||9889|
1000002598|202409|5325792|7028|||||2050|3|7031|
1000002598|202509|7290655|10224|||||||10224|
1000002607|202412|||||||||0|
1000002621|202312|434855|561|||||||561|
1000002628|202112|8550|10|||||27622|37|47|
1000002629|202212|10361805|13132|||||||13683|
1000002629|202312|15699579|20243|||||||20243|
1000002629|202412|17962446|26405|||||||26405|
1000002651|202312|||||||||0|
1000002652|202112|11061361|13114|||||||13114|
1000002652|202212|18576948|23543|||||||23543|
1000002652|202312|13629838|17793|||||||17793|
1000002652|202412|17964830|26408|||||||26408|
1000002661|202112|136920|149|||||||149|
1000002661|202212|337774|428|||||||428|
1000002661|202312|||||||||0|
1000002661|202412|||||||||0|
1000002667|202212|2696042|3417|||||||3417|
1000002667|202312|37472|48|||||||48|
1000002667|202412|686929|1010|||||||1010|
1000002673|202112|0|513512|0|698|0|126|||515377|
1000002673|202212|0|687956|0|2247|0|113|||691876|
1000002673|202312|0|768066|0|1791|0|142|||772408|
1000002673|202412|0|1052339|0|3838|0|191|||1056940|
1000002675|202312|||||||||0|
1000002675|202412|||||||||0|
1000002684|202112|197000|234|||||||234|
1000002684|202212|25000|32|||||||32|
1000002684|202312|12000|15|||||||15|
1000002684|202412|||||||||0|
1000002688|202312|||||||||0|
1000002703|202312|||||||||0|
1000002703|202412|||||||||0|
1000002706|202312|||||||||0|
1000002706|202412|||||||||0|
1000002732|202312|||||||||0|
1000002732|202412|||||||||0|
1000002733|202312|||||||2792|4|4|
1000002733|202412|||||||89566|137|137|
1000002734|202112|49698|59|||||||59|
1000002734|202212|73608|93|||||||93|
1000002734|202312|||||||||0|
1000002734|202412|||||||||0|
1000002745|202112|0|4780|||||||4780|
1000002745|202212|0|2993|||||||2993|
1000002745|202312|0|2218|0|1|||0|16|2235|
1000002745|202412|0|2124|0|1|0|1|||2126|
1000002748|202112|499453|592|||||||592|
1000002748|202212|1200|2|||||||2|
1000002748|202312|39130|50|||||||50|
1000002748|202412|299277|440|||||||440|
1000002755|202112|255230|303|22235500|229|||||532|
1000002755|202212|186708|236|62541800|596|||38290|52|884|
1000002755|202312|612140|222|155476900|1419|||38290|55|1696|
1000002755|202412|614391|903|98578100|923|||||1826|
1000002756|202110|97370433|10519978|7531655|78|||||10520056|
1000002756|202510|63636308|90567|17975509|166|||||90733|
1000002757|202112|2067706|2451|||||||2451|
1000002757|202212|1452354|1841|||||||1841|
1000002757|202312|893824|1153|||||||1153|
1000002757|202412|1668008|2452|||||||2452|
1000002759|202112|29764914|35287|2610075055|26890|||||62177|
1000002759|202212|9911565|12561|4887707098|46589|||||59150|
1000002759|202312|1307758|1687|5768335844|52645|||||54332|
1000002759|202412|8760613|12878|4818335208|45122|||||58000|
1000002760|202112|2228945|2642|||||||2642|
1000002760|202212|1847432|2341|||687000|125|||2466|
1000002760|202312|2576714|3323|||||||3418|
1000002760|202412|3639682|5350|||5000|1|||5351|
1000002763|202112|39150493|46413|||||||46413|
1000002763|202212|15541177|18481|||||||18481|
1000002763|202312|11679829|15060|||||||15060|
1000002763|202412|8234374|12105|||||||12105|
1000002780|202312|||||||||0|
1000002780|202412|||||||||0|
1000002789|202112|3083602|3656|||||||3656|
1000002789|202212|1382551|1752|||||||1752|
1000002789|202412|2189691|3219|||||||3219|
1000002794|202112|1769571|2098|||||||2098|
1000002794|202212|484569|614|||||||614|
1000002794|202312|160922|207|||||||207|
1000002794|202412|1011556|1487|||||||1487|
1000002794|202512|689524|989|||||||989|
1000002811|202312|||||||||0|
1000002811|202412|||||||||0|
1000002812|202312|||||||||0|
1000002814|202112|0|18|||||0|35|53|
1000002814|202212|0|82|||||0|68|164|
1000002814|202312|0|13|||||0|40|53|
1000002814|202412|0|11|||||0|17|37|
1000002817|202212|1440140|1825|||||||1825|
1000002817|202312|1567547|2021|||||||2021|
1000002817|202412|1352508|1988|||||||1988|
1000002821|202112|7613667|9026|||||4589702|6161|15187|
1000002821|202212|5926924|7511|||||8110353|10959|18470|
1000002821|202312|3961793|5108|||49973307|9037|17775978|25359|39504|
1000002821|202412|1868711|2747|||2270077|457|11591030|17719|20923|
1000002828|202112|785247|931|||||||931|
1000002828|202212|389754|494|||||||494|
1000002828|202312|||||||||0|
1000002828|202412|93448|137|||||||137|
1000002833|202312|||||||||0|
1000002833|202412|||||||||0|
1000002835|202112|11209|14|1589|0|||17|0|14|
1000002835|202212|16952|22|1348|0|301|0|10|0|24|
1000002835|202312|||99000|1|1644430|298|||2806|
1000002835|202412|4401603|6471|33000|0|5131191|1033|35770|55|9652|
1000002836|202312|||||||||0|
1000002836|202412|||||||||0|
1000002838|202112|26486681|31400|||||||31400|
1000002838|202212|18566444|23529|||||||23529|
1000002838|202312|15380190|19831|||||||19831|
1000002845|202112|0|217|||||||217|
1000002845|202212|0|821|||||||821|
1000002845|202312|0|1601|||||||1625|
1000002845|202412|0|1770|||||||1770|
1000002849|202112|2188081|2594|145500000|1499|||||4093|
1000002849|202212|||1200000|12|||||12|
1000002849|202312|1443356|1861|135082569|1233|||||3094|
1000002849|202412|1751819|2575|428302890|4011|||||6586|
1000002868|202112|4711209|5585|||||||5585|
1000002868|202212|4168316|5283|||||||5283|
1000002868|202312|2403273|3098|||||||3098|
1000002868|202412|3996625|5875|||||||5875|
1000002876|202212|744043|943|480000|5|||76231|103|1063|
1000002876|202412|1437267|2113|695000|7|||108023|165|2297|
1000002889|202112|0|5572|||||0|13479|19051|
1000002889|202212|||||||0|18|18|
1000002889|202312|||||||||98507|
1000002915|202112|2896023|3433|||||||3433|
1000002915|202212|386813|490|||||||490|
1000002915|202312|1441247|1858|||||||1858|
1000002915|202412|736149|1082|||||||1082|
1000002920|202109|0|1016|0|172|0|11|0|380|1579|
1000002920|202209|0|1942|0|243|0|12|0|104|2301|
1000002920|202309|0|938|0|309|0|11|0|115|1490|
1000002920|202409|0|767|0|549|0|5|0|243|1564|
1000002920|202509|0|416|0|435|0|6|0|316|1173|
1000002925|202312|||||||||0|
1000002925|202412|||||||||0|
1000002931|202112|4887|6|||||||6|
1000002932|202112|100000000|118550|||||||118550|
1000002932|202212|220000000|278806|||||||278806|
1000002932|202312|120000000|154728|||||||154728|
1000002932|202412|120000000|176400|||||||176400|
1000002933|202112|20000|24|||||||24|
1000002933|202212|20000|25|||||||25|
1000002933|202312|20000|26|||||||26|
1000002933|202412|20000|29|||||||29|
1000002936|202112|||0|82|||0|294|821|
1000002936|202212|||0|25|||0|180|896|
1000002936|202312|||0|38|||0|392|1008|
1000002936|202412|||0|151|||0|201|840|
1000002954|202112|2417412|2865|||||||2865|
1000002954|202212|2831104|3588|||||||3588|
1000002954|202312|5756925|7423|||||||7423|
1000002954|202412|839770|1234|||||||1234|
1000002956|202212|824|1|||||||1|
1000002971|202112|0|38|||0|13|||51|
1000002971|202212|0|42|||||||42|
1000002971|202312|0|2665|||0|13|||2678|
1000002971|202412|0|5747|||||||5747|
1000002977|202212|939572|1190|||||||1190|
1000002977|202312|129020|166|||||||166|
1000002981|202312|||||||||0|
1000002981|202412|||||||||0|
1000002983|202312|||||||||0|
1000002983|202412|||||||||0|
1000002988|202312|||||||||0|
1000002997|202112|4909714|5821|||||||5821|
1000002997|202212|4936894|6256|||||||6256|
1000002997|202312|5118876|6600|||||||6600|
1000002998|202112|1710826|2029|||||||2029|
1000002998|202212|2595036|3289|||||||3289|
1000002998|202312|1310577|1690|||||||1690|
1000002998|202412|869142|1261|||||||1261|
1000002999|202112|6628167|7857|||||62000|83|7940|
1000002999|202212|8475261|10740|||||||10740|
1000002999|202312|6308511|8134|||||179422|256|8390|
1000002999|202412|9243840|13588|||||309043|472|14060|
1000003004|202412|53960|75|8583880|80|1902205|383|172053|263|801|
1000003012|202112|62580852|74190|49312422|508|||||74698|
1000003012|202212|49715533|62045|65187473|621|||||62666|
1000003012|202312|57851344|74593|35192620|321|||||74914|
1000003012|202412|36084956|53045|26914292|252|||||53297|
1000003015|202312|||||||||0|
1000003015|202412|||||||||0|
1000003020|202112|2188|3|||||||3|
1000003020|202212|3676|5|||||||5|
1000003020|202312|||||||||0|
1000003020|202412|47|0|||||||0|
1000003023|202312|||||||||0|
1000003023|202412|||||||||0|
1000003027|202112|4153667|4924|||||||4924|
1000003027|202212|4053623|5138|||||||5138|
1000003027|202312|4072625|5251|3809540|35|||||5286|
1000003027|202412|4425152|6505|||||||6505|
1000003029|202112|777055|921|2873265|30|||206521|277|1304|
1000003029|202212|532628|675|1262386|12|||224003|303|1086|
1000003029|202312|398574|514|433858|4|||93524|133|701|
1000003029|202412|1066566|1511|543949|5|||135921|205|1770|
1000003036|202312|||||||||0|
1000003036|202412|||||||||0|
1000003048|202212|1582391|2005|||||111190|150|2155|
1000003048|202312|3191433|4115|||||||4572|
1000003048|202412|8219688|12083|||||||12189|
1000003049|202112|79094|94|||||||94|
1000003049|202212|733901|954|||||||954|
1000003049|202312|131817|170|||||||170|
1000003049|202412|328083|461|6532512|61|||||522|
1000003061|202112|0|270|||||||270|
1000003061|202212|0|959|||||||959|
1000003061|202312|0|3539|||||||3539|
1000003061|202412|0|6104|||||||6104|
1000003078|202112|19100000|22643|||||||22643|
1000003081|202112|||12174045|125|||||125|
1000003081|202212|||10552774|101|||3000|4|105|
1000003081|202312|21360|27|8643806|79|||||106|
1000003081|202412|||6647657|62|||||62|
1000003084|202312|||||||||0|
1000003084|202412|||||||||0|
1000003087|202412|10826633|15915|21524213|202|||5025|8|16832|
1000003088|202412|||||||||0|
1000003097|202212|195239|247|||||||247|
1000003097|202312|128105|165|||||||165|
1000003097|202412|21818|32|||||||32|
1000003101|202212|2315616|2935|132532761|1263|||||4198|
1000003101|202312|1701253|2194|||||||2194|
1000003101|202412|726403|1068|||||||1068|
1000003127|202112|7828021|9280|||||||9280|
1000003127|202212|16314382|6441|||||||6441|
1000003127|202312|2963812|3825|||||||3825|
1000003127|202412|4659636|6849|||||||6849|
1000003169|202312|||||||||0|
1000003169|202412|||||||||0|
1000003173|202312|||||||||0|
1000003173|202412|||||||||0|
1000003177|202112|0|12830|||||||83878|
1000003177|202212|0|51968|||||||128360|
1000003177|202312|0|115525|||||||154599|
1000003177|202412|0|74053|||||||87490|
1000003183|202112|4562090|5409|||||||5409|
1000003183|202212|6776937|8589|||||||8589|
1000003183|202312|3616026|4662|||||||4662|
1000003183|202412|544150|800|||||||800|
1000003189|202312|||||||||0|
1000003189|202412|||||||||0|
1000003196|202312|2918588|3764|||||||3764|
1000003196|202412|4817214|7081|||||||7081|
1000003205|202412|||||||||0|
1000003213|202212|4886936|6193|||||||6193|
1000003213|202312|||||||||0|
1000003213|202412|2252770|3311|||||||3311|
1000003220|202412|190464|280|21334610|200|||2468553|3774|4304|
1000003222|202112|3724991|4416|||||||4416|
1000003222|202312|6259529|8071|||||||8071|
1000003222|202412|15471566|21613|||||||21613|
1000003230|202112|459371|545|||||||545|
1000003230|202212|767196|972|||||||972|
1000003230|202312|851855|1098|||||||1098|
1000003230|202412|745042|1095|||||||1095|
1000003245|202112|523745|621|||||||621|
1000003245|202212|482555|612|||||||612|
1000003245|202312|952697|1229|||||35600|51|1280|
1000003245|202412|184551|271|||||||271|
1000003260|202112|0|387|||||0|64|451|
1000003260|202212|0|636|0|16|||0|683|1335|
1000003260|202312|0|1780|0|54|||0|898|3103|
1000003260|202412|0|1599|0|114|||0|1148|3052|
1000003266|202112|0|1599|0|436|||0|2228|4352|
1000003266|202212|0|1685|0|327|||0|1016|3069|
1000003266|202312|1318361|1700|24298430|221|||1262815|1801|3914|
1000003266|202412|995447|1463|21602500|202|||1328114|2031|3818|
1000003267|202312|||||||||0|
1000003267|202412|||||||||0|
1000003268|202112|1381915|1639|||||||1639|
1000003268|202212|2459362|3117|||||||3117|
1000003268|202312|1453345|1883|||||||1883|
1000003268|202412|1155043|1698|||||||1698|
1000003280|202312|||||||||0|
1000003280|202412|||||||||0|
1000003296|202312|||||||||0|
1000003296|202412|||||||||0|
1000003298|202412|1385034|2036|||||||2036|
1000003302|202112|1320140|1565|||||||1565|
1000003302|202212|504920|640|||||||640|
1000003302|202312|2968910|3828|||||||3828|
1000003302|202412|1330900|1956|||||||1956|
1000003308|202112|109869|130|||||||130|
1000003308|202212|38843|49|||||||49|
1000003308|202312|1004|1|||||||1|
1000003308|202412|38020|56|||||||56|
1000003320|202112|10487000|12432|||||||12432|
1000003320|202212|8862000|11230|||||||11230|
1000003320|202312|11737000|15134|||||||15134|
1000003320|202412|6952000|10220|||||||10220|
1000003323|202112|||||0|4|||4|
1000003323|202212|||||0|8|||8|
1000003323|202312|0|4|0|113|0|4|||121|
1000003323|202412|0|54|0|57|0|10|||121|
1000003324|202112|3703714|4390|||||||4390|
1000003324|202212|19403470|24629|||156250|29|464779|628|25286|
1000003324|202312|6173847|7961|||28129|5|49763|71|8040|
1000003324|202412|8248556|12125|||||19953|31|12156|
1000003327|202112|9779884|11594|||||||11594|
1000003327|202212|7645867|9689|||||||9689|
1000003327|202312|6632877|8552|||||||8552|
1000003327|202412|10205734|15002|||||||15002|
1000003330|202112|355524|421|||||||421|
1000003330|202212|257428|326|||||||326|
1000003330|202312|330726|426|||||||426|
1000003330|202412|102526|151|||||||151|
1000003335|202412|0|100|||||||100|
1000003335|202512|0|8|||||||8|
1000003338|202212|||||||540874|731|731|
1000003338|202312|||||||540874|731|731|
1000003338|202412|||||||479358|733|733|
1000003344|202112|0|51551|0|238|||||51789|
1000003344|202212|0|25331|0|32|||||25363|
1000003344|202312|0|21912|0|104|||||22016|
1000003344|202412|0|54328|0|180|||||54508|
1000003352|202112|19883066|23571|||||||23571|
1000003352|202212|15343293|19445|||||||19445|
1000003352|202312|14905776|19219|||||||19219|
1000003352|202412|19561831|28756|||||||28756|
1000003362|202112|534705|634|||||||634|
1000003363|202112|||19025400|196|||||196|
1000003363|202212|1943351|2463|52844000|504|||||2967|
1000003363|202312|1455718|1877|||||||1877|
1000003363|202412|1365170|2007|||||||2007|
1000003375|202112|0|7236|0|701|||0|5443|13590|
1000003375|202212|0|5317|0|1|||0|511|5829|
1000003375|202312|0|14392|0|384|||0|6703|21648|
1000003375|202412|0|11319|0|546|0|10|0|5003|17038|
1000003390|202112|||330363|3|||||3|
1000003390|202212|||1900596|18|||||18|
1000003394|202112|37277461|44192|||743527|138|396058|531|44861|
1000003394|202212|36389838|46117|||1967306|357|117123|158|46632|
1000003394|202312|35342292|45570|||2059249|372|105170|150|46092|
1000003394|202412|36578815|53771|||4397846|885|393644|602|55258|
1000003397|202312|||||||||0|
1000003397|202412|||||||||0|
1000003406|202412|||0|38|||||38|
1000003414|202112|113546|135|532447622|5485|||||5620|
1000003414|202212|656612|832|326960292|3117|||||3949|
1000003414|202312|1942143|2504|89041304|813|||||3317|
1000003414|202412|7029018|10333|||12245121|2465|||12798|
1000003417|202412|29759311|43746|||||||43746|
1000003418|202112|13986813|16584|||||||16584|
1000003418|202212|14733778|18673|||||||18673|
1000003418|202312|7334270|9457|||||||9457|
1000003418|202412|8325854|12239|||||7430|11|12250|
1000003436|202112|0|52090|||0|5208|0|2411|59709|
1000003436|202212|0|52705|||0|7480|0|888|61073|
1000003436|202312|0|47120|||0|33173|0|321|80614|
1000003436|202412|0|47742|||0|35956|||83698|
1000003437|202112|381049|452|||||||452|
1000003437|202212|250461|317|||||||317|
1000003437|202312|244121|315|||||||315|
1000003437|202412|288285|424|||||||424|
1000003451|202312|||||||||0|
1000003451|202412|||||||||0|
1000003456|202212|1878201|2380|||||||2380|
1000003456|202312|||||||||0|
1000003456|202412|||||||||0|
1000003458|202112|681824|805|||||||805|
1000003458|202212|648824|822|||||||822|
1000003460|202112|246249|292|||||||292|
1000003460|202212|774284|981|||||||981|
1000003460|202312|1178563|1520|||||||1520|
1000003460|202412|1447733|2128|||||||2128|
1000003461|202412|||||||||0|
1000003470|202112|46684|55|||8712250|1623|||1678|
1000003470|202212|46684|59|||3455072|627|||686|
1000003470|202312|46684|60|||||||60|
1000003470|202412|46684|69|||||||69|
1000003476|202212|11266160|14278|||||||14278|
1000003476|202312|7879939|10160|||||||10160|
1000003476|202412|9969433|14655|||||||14655|
1000003481|202212|4550|6|||||||6|
1000003481|202312|620|1|||||||1|
1000003481|202412|670|1|||||||1|
1000003483|202212|13350|17|||||||189|
1000003483|202312|1336490|1723|||||||2149|
1000003483|202412|520425|765|||468000|94|||1455|
1000003490|202212|780979|990|||||1124136|1519|2509|
1000003490|202312|674435|870|||||5159335|7361|8231|
1000003490|202412|6737|10|||||16475676|25187|25197|
1000003498|202112|941768|1116|||||||1116|
1000003498|202212|797018|1039|||||||1039|
1000003498|202312|1381431|1781|||||||1781|
1000003498|202412|4946291|7334|||||||7334|
1000003503|202112|591429000|701139|||2604000|485|36000|49|701673|
1000003503|202212|578868000|733600|||||||733600|
1000003503|202312|59068000|76163|135000000|1232|8000|1|381000|543|77939|
1000003503|202412|925157000|1359980|||||||1360013|
1000003504|202112|0|4774|0|4801|||||9575|
1000003504|202212|0|5235|0|361|||||5596|
1000003504|202312|0|6199|0|4815|||||11014|
1000003504|202412|0|4189|0|719|||||4908|
1000003510|202312|||||||||0|
1000003510|202412|||||||||0|
1000003521|202312|||||||||0|
1000003521|202412|||||||||0|
1000003533|202112|353051|419|||||||419|
1000003533|202212|914135|1158|||||||1158|
1000003533|202312|2437230|3142|||||||3142|
1000003533|202412|2601676|3824|||||||3824|
1000003540|202312|55516|18|||||||18|
1000003540|202412|55516|72|||||||72|
1000003542|202112|6901814|8172|||||||8172|
1000003542|202212|7110801|9012|8066|77|||||9089|
1000003557|202112|30962365|36706|||||||36706|
1000003557|202212|34988493|44340|||||||44340|
1000003557|202312|91466462|117937|||||||117937|
1000003557|202412|23411832|34416|||||||34416|
1000003566|202212|||34828800|332|||||332|
1000003566|202312|||72217600|659|||||659|
1000003566|202412|121601|179|72217600|676|||22050|34|889|
1000003570|202312|||||||||0|
1000003570|202412|||||||||0|
1000003571|202112|0|32231|||||||32231|
1000003571|202212|0|23794|||||||23794|
1000003571|202312|0|22254|||||||22254|
1000003571|202412|0|35349|||||||35349|
1000003586|202112|5816791|6896|112225572|1156|||240337|323|10021|
1000003586|202212|4970369|6299|70751097|674|||707401|956|10218|
1000003586|202312|4677884|6032|48208684|440|||269542|384|7566|
1000003586|202412|0|10873|||||||18122|
1000003592|202112|0|117339|||||||117339|
1000003592|202212|0|472643|0|93|||||472736|
1000003592|202312|0|17913|||||||17913|
1000003592|202412|0|101586|0|1|||0|34|101621|
1000003595|202112|0|3619|||||||3619|
1000003595|202212|0|1517|||||||1517|
1000003595|202312|0|16109|||||||16109|
1000003595|202412|||||||||3089|
1000003603|202112|81150|96|||||||96|
1000003603|202212|74450|94|||||||94|
1000003603|202312|206400|266|||||||266|
1000003603|202412|307688|452|||||||452|
1000003604|202112|273175|324|||||||324|
1000003604|202212|113186|143|||||||143|
1000003604|202312|294341|379|||||||379|
1000003604|202412|305124|449|||||||449|
1000003614|202112|0|90193|||||0|50|90243|
1000003614|202212|0|91242|0|54|||0|44|91340|
1000003614|202312|0|49952|||||0|46|49998|
1000003619|202312|||||||||0|
1000003619|202412|||||||||0|
1000003621|202412|||||||||0|
1000003631|202112|2469233|2927|||||||2927|
1000003631|202212|457024|579|||||||579|
1000003631|202312|5208882|6717|||||9523|14|6731|
1000003631|202412|7222423|10617|||||9523|15|10632|
1000003640|202112|0|1007|||||||1007|
1000003640|202212|0|446|||||0|11|475|
1000003640|202312|0|2046|||||||2046|
1000003640|202412|0|15857|0|3|||0|121|15981|
1000003641|202112|100631|119|||||||119|
1000003641|202212|100631|128|||||||128|
1000003641|202312|100631|130|||||||130|
1000003641|202412|100631|148|||||||148|
1000003657|202112|31111|37|||||1230|2|39|
1000003657|202412|2215|3|||||||3|
1000003658|202112|5816000|6896|||||||6896|
1000003658|202212|454000|576|||||||576|
1000003658|202312|2179000|2811|||||||2811|
1000003658|202412|301000|444|||||||444|
1000003659|202112|||||||6275196|8423|8423|
1000003659|202212|||||||6133514|8288|8288|
1000003659|202312|||||||5838138|8329|8329|
1000003659|202412|||||||6820979|10881|10881|
1000003669|202112|4289956|5086|||||||5086|
1000003669|202212|2485283|3150|||||||3150|
1000003669|202312|1287472|1660|||||||1660|
1000003669|202412|1706718|2508|||||||2508|
1000003672|202112|0|146|||||||146|
1000003672|202312|0|313|||||||313|
1000003672|202412|0|176|||||||176|
1000003674|202312|5645682|7280|||||22581|32|7312|
1000003674|202412|8752737|12867|||||23921|37|12905|
1000003695|202312|||||||||0|
1000003695|202412|||||||||0|
1000003700|202112|2713801|3218|||||||3218|
1000003700|202212|2109908|2674|||||||2674|
1000003700|202312|1268185|1635|||||||1635|
1000003700|202412|346539|509|||||||509|
1000003738|202112|0|2|||||||2|
1000003738|202212|0|50|||||||50|
1000003738|202312|0|11|||||||11|
1000003739|202112|1349045|1615|||||||1615|
1000003740|202112|0|119|0|76|||0|4|199|
1000003740|202212|0|168|0|8|||0|4|180|
1000003740|202312|0|242|0|46|||0|3|291|
1000003740|202412|0|500|||||0|3|503|
1000003766|202212|926104|1174|2167223|2066|||||3240|
1000003766|202312|1019624|1502|204774559|187|||||1689|
1000003766|202412|756446|1112|290019721|2716|||||3828|
1000003768|202306|||||||||0|
1000003768|202406|||||||||0|
1000003768|202506|||||||||0|
1000003772|202112|4056125|4808|||||||4808|
1000003772|202212|6132453|7772|||||95850|130|7902|
1000003772|202312|1512757|1950|||||34550|49|1999|
1000003772|202412|2260691|3324|||||17594|27|3351|
1000003776|202112|155532|184|2437560|25|||147050|197|406|
1000003776|202212|4380079|5551|17870800|170|||6976041|9426|17538|
1000003776|202312|2197100|2833|5941920|54|226042|41|2366536|3376|6742|
1000003776|202412|4562810|6707|21316080|200|240864|48|3219549|4922|12925|
1000003783|202112|1349490|1600|||||||1600|
1000003783|202312|||||||||0|
1000003783|202412|||||||||0|
1000003808|202312|||||||||0|
1000003808|202412|||||||||0|
1000003810|202412|||||||1970|3|3|
1000003823|202109|5067073|6001|||||||6001|
1000003823|202209|5454076|7802|||||||7802|
1000003823|202309|3151600|4180|||||||4180|
1000003823|202409|2286190|3047|||||||3047|
1000003823|202509|||||||||0|
1000003826|202112|18000000|21339|||||||21339|
1000003828|202112|3247331|3850|||||||3850|
1000003828|202212|2973780|3769|||||||3769|
1000003828|202312|2048641|2642|||||||2642|
1000003828|202412|35747|52|||||||52|
1000003837|202312|||||||||0|
1000003837|202412|||||||||0|
1000003843|202412|||||||||0|
1000003846|202112|148038657|175500|||||||175500|
1000003846|202212|148872224|188666|||||||188666|
1000003846|202312|893101|1152|||||||1152|
1000003846|202412|1399484|2057|||||||2057|
1000003847|202112|13800000|16360|||||||16360|
1000003877|202112|0|293885|||||||293885|
1000003877|202212|0|117810|||||||117810|
1000003877|202312|0|464445|0|1148|||0|12|466027|
1000003877|202412|0|1972|||||0|247|2219|
1000003886|202312|||||||||0|
1000003886|202412|8757541|12874|||||||12874|
1000003896|202112|0|319|||||||319|
1000003896|202212|0|155|||||||155|
1000003897|202112|0|371|||||||371|
1000003897|202212|0|170|||||||170|
1000003897|202312|0|353|||||||353|
1000003897|202412|0|274|||||||274|
1000003925|202412|||||||||0|
1000003934|202312|||||||||0|
1000003934|202412|||||||||0|
1000003935|202112|80405000|95320|||||117908000|158273|287427|
1000003935|202212|124998000|158410|394360000|3759|||122748000|165858|344268|
1000003935|202312|122797000|158334|610696000|5574|||101915000|145391|342727|
1000003935|202412|61608000|90564|||||76069000|116289|232908|
1000003936|202312|||||||||0|
1000003936|202412|||||||||0|
1000003942|202212|733374|929|||||||929|
1000003942|202312|3334728|4299|||||990900|1414|5713|
1000003942|202412|1302457|1915|||||1608895|2460|4389|
1000003955|202112|4919237|5832|||||||5832|
1000003955|202212|6315693|8004|||||||8004|
1000003955|202312|1907281|2459|||||||2459|
1000003955|202412|2178504|3202|||||||3202|
1000003962|202112|17422840|20655|||||||20655|
1000003962|202212|15865818|20104|||||||20104|
1000003962|202312|11865173|15299|||||||15299|
1000003962|202412|1355862|1993|||||||1993|
1000003973|202212|||||6366055|1150|||1150|
1000003973|202312|||||1920403|350|||350|
1000003973|202412|||||2500142|503|||503|
1000003980|202112|0|796|||||||796|
1000003980|202312|0|2177|||||||2177|
1000003980|202412|0|5003|||||||5003|
1000003984|202112|7236195|8578|||14523674|2705|||11283|
1000003984|202212|6193516|7849|||||||7849|
1000003984|202312|5749360|7414|||||||7414|
1000003984|202412|11708998|17212|870000|8|||||17220|
1000003985|202112|20432|24|||5471649|1019|175170|236|1279|
1000003991|202112|5000000|5928|||||||5928|
1000003991|202212|5000000|6337|||||||6337|
1000003993|202312|||||||||0|
1000003993|202412|||||||||0|
1000003995|202112|1618|2|3660000|38|||||424|
1000003995|202212|4240|5|||||||5|
1000003995|202312|1618|2|||||||2|
1000003995|202412|1618|2|6480000|61|||||63|
1000003996|202112|87917|104|||||||104|
1000003996|202212|33766|43|||||||43|
1000003996|202312|||||||||0|
1000003996|202412|46293|68|||||||68|
1000003997|202212|||0|20|||||20|
1000003997|202312|||0|19|||||19|
1000003997|202412|0|2|0|20|||||22|
1000004011|202112|0|20052|0|17|||||20069|
1000004011|202212|0|13525|0|4|||||13529|
1000004011|202312|0|10980|0|4|||||10984|
1000004011|202412|0|21125|0|14|||||21139|
1000004018|202412|12531421|18421|||||||18421|
1000004019|202112|9928901|11771|||||||11771|
1000004019|202212|5826267|7384|||||||7384|
1000004019|202312|3662132|4722|||||||4722|
1000004019|202412|4893820|7194|||||||7194|
1000004021|202112|0|4642|||||0|10607|15249|
1000004021|202212|0|9738|||||0|10400|20138|
1000004021|202312|0|6941|||||0|11003|17944|
1000004021|202412|0|13423|||||0|13|13436|
1000004023|202112|0|30198|||||0|71|30269|
1000004023|202212|47395441|60064|||||||60064|
1000004023|202312|0|69844|||||||69844|
1000004023|202412|0|115673|||||0|172|115845|
1000004078|202112|0|51|0|10|0|1|0|2|64|
1000004078|202212|0|55360|0|6352|0|183|0|2299|64194|
1000004078|202312|0|44026|0|4063|0|15|0|2302|50406|
1000004078|202412|0|59704|0|5118|0|499|0|1960|67281|
1000004079|202112|62352776|73920|672074276|6924|||||80844|
1000004079|202212|37772165|47869|||||4965|7|47876|
1000004079|202312|44641891|57562|||||4918|7|57569|
1000004079|202412|43938791|64590|||||4332|7|64597|
1000004094|202112|0|4265|0|513|0|451|||5229|
1000004094|202212|0|1662|0|514|0|292|||2468|
1000004094|202312|0|1774|0|451|0|293|||2518|
1000004094|202412|0|28|0|418|0|148|0|53|647|
1000004095|202312|522990|674|||2073225|375|||1049|
1000004095|202412|196000|288|||9354270|1883|||2171|
1000004112|202306|2389632|3137|||||||3137|
1000004112|202406|2493902|3465|||||||3465|
1000004112|202506|2958499|4095|||||||4095|
1000004119|202112|4745157|5625|||||||5625|
1000004119|202212|8404084|10650|||243193|44|||10694|
1000004119|202312|7638785|9849|||||||9849|
1000004119|202412|11799985|17346|||||||17346|
1000004141|202212|3269698|4144|||||||4144|
1000004141|202312|||||||||0|
1000004141|202412|519724|764|||||||764|
1000004144|202412|29299|43|||||||43|
1000004145|202112|3461712|4104|||||||4104|
1000004145|202212|5813428|7368|||||||7368|
1000004145|202312|4112599|5303|||||||5303|
1000004155|202412|2429164|3571|||||||3571|
1000004177|202112|||||||24058|32|32|
1000004177|202212|485000|615|||||15990|22|637|
1000004177|202412|||||||1200|2|2|
1000004189|202112|0|420|||||||420|
1000004189|202412|0|124|||||||124|
1000004192|202112|2340702|2775|||||||2775|
1000004192|202212|3422726|4337|||||||4337|
1000004192|202312|1857280|2395|||||||2395|
1000004192|202412|948695|1394|||||||1394|
1000004194|202112|602647|714|||||||714|
1000004195|202112|7177986|8509|||||||8509|
1000004195|202212|5018207|6360|||||||6360|
1000004195|202312|406347|524|||||||524|
1000004198|202112|33561631|39788|||||8054|11|39799|
1000004198|202212|64370335|81577|||||24858|33|81610|
1000004198|202312|63973918|82488|||||||82488|
1000004198|202412|63651094|93567|||||1382|2|93569|
1000004199|202112|0|2872|0|8|||0|236|3118|
1000004199|202212|0|3320|0|6|||0|180|3515|
1000004199|202312|0|25792|0|4|||0|26|25827|
1000004199|202412|0|2777|||||0|33|2811|
1000004200|202112|2520000000|2988049|||||||2988049|
1000004200|202212|3914000000|4959975|||||||4959975|
1000004200|202312|3961000|5107740|||||||5107740|
1000004200|202412|3608000000|5304241|||||||5304241|
1000004200|202512|3129000000|4490034|||||||4490034|
1000004201|202112|533753000|632765|140381000|1446|||6123000|8219|642430|
1000004201|202212|591801000|749989|33158000|316|||4595000|6208|756513|
1000004201|202312|480915000|620091|117237000|1070|||12026000|17156|638317|
1000004201|202412|544748000|800779|2400000|22|||8220000|12566|813367|
1000004206|202312|||||||||0|
1000004206|202412|38977|57|||||||57|
1000004241|202312|||||||||0|
1000004241|202412|||||||||0|
1000004249|202112|44999651|53347|||||||53348|
1000004249|202212|77792893|98587|74119078|706|||28092|38|99331|
1000004249|202312|66154042|85299|253767|232|||999400|1426|86957|
1000004249|202412|68179513|100224|32954300|309|11000|2|944000|1443|101978|
1000004259|202409|8872345|11708|||||||11708|
1000004259|202509|7220445|10125|||||||10125|
1000004264|202112|697590000|826993|8605000|89|6827000|1272|3788000|5085|1080879|
1000004264|202212|453793000|575092|8926000|85|3605000|654|4925000|6655|1092184|
1000004264|202312|448189000|577895|17316000|158|59000|11|4718000|6731|1248075|
1000004264|202412|690306000|1014750|70976000|665|745000|150|16920000|25866|1323273|
1000004276|202112|2657830|3151|||||||3151|
1000004276|202212|2808193|3559|||38600|7|||3566|
1000004276|202312|1876051|2419|||||||2419|
1000004276|202412|2408223|3540|||164600|33|||3573|
1000004277|202112|3433920|4071|||||||4071|
1000004277|202212|2620381|3321|||||||3321|
1000004277|202312|919067|1185|||||||1185|
1000004277|202412|1954949|2874|||||||2874|
1000004299|202112|31041000|36799|||||1679000|2254|39053|
1000004299|202212|84759000|107414|||||1196000|1617|109031|
1000004299|202312|40326000|51996|||||2375000|3388|55384|
1000004299|202412|71120000|104546|||||3359000|5135|109681|
1000004307|202112|281499|335|||||||335|
1000004307|202212|162266|206|||||||206|
1000004307|202312|198955|257|||||||257|
1000004307|202412|200295|294|||||||294|
1000004322|202312|||||||||0|
1000004322|202412|||||||||0|
1000004354|202212|300000|380|||||||380|
1000004354|202312|0|63|||||||63|
1000004354|202412|0|12|0|6|||||18|
1000004368|202112|||||||0|669|669|
1000004368|202212|||||||0|700|700|
1000004368|202312|||||||0|813|813|
1000004368|202412|||||||0|277|277|
1000004373|202112|0|207473|0|5861|||0|1031|214365|
1000004373|202212|0|243726|0|6045|0|71|0|322|250164|
1000004373|202312|0|289982|0|5465|||0|1547|296994|
1000004373|202412|0|233782|0|3711|||0|858|238351|
1000004378|202212|||1870182|18|||||18|
1000004378|202312|51792|67|||||||67|
1000004394|202212|138138|174|||112380|21|||195|
1000004394|202312|138138|179|||785077|143|||322|
1000004394|202412|138138|204|||789734|159|||363|
1000004395|202106|4596519|5194|||||||5194|
1000004395|202206|9235961|11942|||||4009|5|11947|
1000004395|202306|13010347|17079|||||||17079|
1000004395|202406|10999849|15281|||||||15281|
1000004395|202506|8333100|11303|||||||11303|
1000004415|202112|0|84454|||||||84454|
1000004415|202212|0|454764|||||||454764|
1000004415|202312|0|505186|||||||505186|
1000004415|202412|0|13|||||||13|
1000004425|202312|1018292|1313|||||||1313|
1000004425|202412|3310918|4867|||||||4867|
1000004429|202112|2552823|3026|||1944942|362|||4061|
1000004429|202212|740421|938|307474100|2931|||||11993|
1000004429|202312|495716|639|477284100|4356|||||8196|
1000004429|202412|491102|722|52300000|490|||||1742|
1000004431|202312|||||||||0|
1000004449|202312|47|0|||||||0|
1000004449|202412|47|0|||||||0|
1000004484|202312|||||||||0|
1000004484|202412|237597|349|||||||349|
1000004519|202412|4032|6|||||||6|
1000004539|202312|||||||||0|
1000004556|202112|3294633|3905|||||||3905|
1000004556|202212|4337036|5496|||||||5496|
1000004560|202212|0|444|0|793|||0|2625|3887|
1000004560|202312|0|299|0|568|||||871|
1000004560|202412|0|19021|0|141|||||19162|
1000004583|202112|6464000|7663|140460000|1447|||||9110|
1000004583|202212|20842000|26338|||||||26338|
1000004583|202312|8456000|10903|||||1272000|1816|12719|
1000004583|202412|21100000|30790|||||57000|85|30875|
1000004591|202112|0|44|||||||44|
1000004591|202212|0|827|||||||827|
1000004591|202312|0|669|||||||669|
1000004591|202412|0|289|||||||289|
1000004597|202212|2023153|2564|||||||2564|
1000004597|202312|1046163|1349|||||||1349|
1000004597|202412|121550|169|||||||169|
1000004609|202112|691008|819|||||||819|
1000004609|202312|137279|196|||||||196|
1000004609|202412|||||||1235515|1889|1889|
1000004629|202112|639913|759|||||||759|
1000004629|202212|0|500|||||||500|
1000004629|202312|0|575|||||||575|
1000004629|202412|504604|742|||||||742|
1000004640|202112|0|2724|0|2|||||2728|
1000004640|202212|0|2133|||||0|1759|3892|
1000004640|202312|0|43|||||0|350|393|
1000004640|202412|0|185|||||0|128|313|
1000004642|202409|||||||||0|
1000004642|202509|||||||||0|
1000004649|202312|145849|188|10563742|1910|||||2098|
1000004656|202212|13350|17|||||||17|
1000004656|202312|83623|108|||||||108|
1000004656|202412|58593|86|||||||86|
1000004657|202112|0|6608|||||||6608|
1000004657|202212|0|5080|||||0|537|5617|
1000004657|202312|0|5323|||||0|413|5871|
1000004657|202412|0|5014|||||0|9|5137|
1000004661|202112|7480405|8868|30035293|310|||||9178|
1000004661|202212|4733560|5999|7731434|74|||||6073|
1000004661|202312|5269234|6795|23353267|213|||||7008|
1000004661|202412|7174296|10547|11457993|107|||66188|101|10755|
1000004685|202112|7790261|9235|3600000|37|||81053|109|9381|
1000004685|202212|16928685|21454|||||32009|43|21497|
1000004685|202312|105286410|135756|3599130|33|||181606|259|136063|
1000004685|202412|88534881|130146|12322692|115|||8038|12|130283|
1000004704|202112|164988|196|||||||196|
1000004704|202212|115077|146|||||||146|
1000004704|202312|108170|139|||||||139|
1000004704|202412|39370|58|||||||58|
1000004712|202112|8370637|9918|||||||9918|
1000004712|202212|9025771|11438|||||||11438|
1000004712|202312|7435130|9587|||||||9587|
1000004712|202412|13974827|18624|||||||18624|
1000004715|202112|0|5632|0|90|||0|2110|8782|
1000004715|202212|0|2184|0|2977|||0|1602|6934|
1000004715|202312|0|597|||||0|195|1112|
1000004715|202412|0|5313|0|197|||||5972|
1000004716|202112|20000000|23710|16326640|168|||||23878|
1000004716|202212|||38984|0|||1118950|1512|1512|
1000004716|202312|698818|901|38984|0|78525|14|4811610|6864|7791|
1000004717|202412|||0|4545|||||4545|
1000004731|202112|||||||4000|5|5|
1000004731|202212|||||||12000|16|16|
1000004731|202312|||||||||0|
1000004731|202412|||||||||0|
1000004739|202112|1391023|1649|||||||1649|
1000004739|202212|1020227|1293|||||||1293|
1000004739|202312|8183860|10552|||||||10552|
1000004739|202412|11405528|16756|||||||16756|
1000004744|202103|||73869732|759|4170760|719|||1478|
1000004744|202203|||61307551|609|3630508|690|||1299|
1000004744|202303|||35857037|351|||||351|
1000004744|202403|||140482183|1249|6994|1|||1250|
1000004744|202503|||127583332|1253|2609|1|||1254|
1000004747|202312|||||||||0|
1000004747|202412|||||||||0|
1000004759|202312|431733|557|||||||564|
1000004759|202412|1567893|2305|||||||2305|
1000004771|202112|401143|476|||||||476|
1000004772|202112|10133519|12013|23611200|243|||426627|573|12829|
1000004772|202212|3085656|3910|4380000|42|||522046|705|4657|
1000004772|202312|5566743|7178|3254352|30|||429606|613|7821|
1000004772|202412|2170601|3191|||||50698|78|3269|
1000004773|202412|||||||||0|
1000004796|202312|||||||||0|
1000004796|202412|||||||||0|
1000004806|202112|662328000|785190|||||||785240|
1000004806|202212|941293000|1192901|||||||1192948|
1000004827|202112|641630|761|||||||761|
1000004827|202212|2485388|3150|||||||3150|
1000004827|202312|1490396|1922|||||||1922|
1000004827|202412|4453404|6546|||||||6546|
1000004834|202312|513380|666|||||||666|
1000004834|202412|||||||||0|
1000004843|202312|||||||||0|
1000004845|202112|469737|557|||||333910|448|1005|
1000004850|202303|371577|484|||||27654|39|528|
1000004850|202403|342787|462|||||7809|11|477|
1000004850|202503|309553|453|||||39137|62|573|
1000004864|202112|13630000|16158|||||||16158|
1000004883|202112|3061703|3630|138911024|1431|||6676329|8962|14077|
1000004883|202212|7833173|9927|32012819|305|||4508471|6092|16324|
1000004883|202312|10144494|13080|49154043|449|||8787433|12536|27711|
1000004883|202412|10744774|15795|34188053|320|||5516743|8434|24549|
1000004896|202112|1392950|1651|||||||1651|
1000004896|202212|1134298|1437|||||||1437|
1000004896|202312|288961|373|||||||373|
1000004896|202412|5893541|8664|||||||8664|
1000004902|202212|30000000|38019|||||||38019|
1000004902|202312|30000000|38682|||||||38682|
1000004902|202412|30000000|44100|||||||44100|
1000004927|202312|1739910|2243|||||||2243|
1000004931|202112|597553|708|||||53580|72|1140|
1000004931|202212|3335875|4239|||||59702|81|5138|
1000004931|202312|5328960|6871|||||||8559|
1000004931|202412|3311077|4867|||||||5094|
1000004932|202112|||0|172|||0|295|1454|
1000004932|202212|||0|20|||0|168|826|
1000004932|202312|0|84525|0|76|||0|235|84946|
1000004932|202412|||0|178|||0|214|519|
1000004937|202112|139346|340|||||||340|
1000004937|202412|2039858|2999|||2230390|449|||3448|
1000004961|202112|2096379|2485|||||||2485|
1000004961|202212|1540190|1952|||||||1952|
1000004961|202312|1462384|1886|||||||1886|
1000004961|202412|1872886|2753|||||||2753|
1000004965|202112|0|44697|||||||44697|
1000004965|202212|0|40273|||||||40273|
1000004965|202312|0|48225|||||||48225|
1000004965|202412|0|65458|||||||65458|
1000004986|202412|0|2322|0|2103|||0|952|5377|
1000005024|202312|||||||||0|
1000005024|202412|||||||||0|
1000005027|202412|||||||||0|
1000005048|202112|||||663023|123|||123|
1000005048|202212|49841|63|20993|0|666944|121|||184|
1000005048|202312|||||950468|172|||269|
1000005048|202412|11119|16|||1393018|280|||629|
1000005050|202206|1957000|2531|||||||2531|
1000005050|202306|1357590|1782|||||||1782|
1000005052|202112|0|1528|||||0|495|2697|
1000005052|202212|0|2089|0|111|0|11|0|2426|5231|
1000005052|202312|0|1872|||0|25|0|212|2720|
1000005052|202412|0|1684|||0|321|0|64|2619|
1000005057|202112|0|28513|||||0|441|28954|
1000005057|202212|0|35972|||||0|861|36833|
1000005057|202312|0|28069|||||0|525|28594|
1000005057|202412|0|23606|||||0|353|23959|
1000005060|202412|29600|43|||||7055|11|54|
1000005063|202312|1877940|2421|||||||2421|
1000005087|202112|16307|20|||||||20|
1000005087|202212|569908|723|58875139|561|||||1290|
1000005087|202312|26023|34|139295292|1271|||||1315|
1000005087|202412|985132|1448|134637272|1261|||||2709|
1000005121|202112|0|101|||||||104|
1000005121|202212|0|200|0|3|0|438|||674|
1000005121|202312|0|153|0|5|0|185|0|1|364|
1000005121|202412|0|3876|0|2379|0|51|||6393|
1000005127|202312|514|682|||||||682|
1000005127|202412|320|715|||||||715|
1000005137|202312|997569|1286|||||||1286|
1000005137|202412|1883145|2768|||||||2768|
1000005194|202112|0|149560|0|10470|||0|53995|214054|
1000005194|202212|0|163487|0|9571|||0|54347|227672|
1000005194|202312|0|163167|0|9293|0|166|0|57759|230907|
1000005194|202412|0|141883|0|9426|0|1633|0|61663|214862|
1000005210|202312|0|15|||0|219|0|13|306|
1000005210|202412|0|573|||0|116|||764|
1000005220|202112|7000000|8299|||||||8299|
1000005220|202212|80740|102|||||||102|
1000005228|202212|265166|336|||||378329|511|847|
1000005228|202312|162122|209|||||55529|79|298|
1000005228|202412|102939|151|284750|3|||303727|464|621|
1000005244|202312|||||||||0|
1000005244|202412|||||||||0|
1000005247|202112|328000|389|||||||389|
1000005247|202212|5000|6|||||||6|
1000005248|202412|0|393|||||0|224|617|
1000005254|202212|||||||70072|95|95|
1000005259|202112|0|90327|0|2285|||||92612|
1000005259|202212|0|108452|0|2396|||||111451|
1000005259|202312|0|40252|0|449|||||40774|
1000005259|202412|0|29900|0|38|||||30106|
1000005271|202112|78647889|93237|866551126|8928|74167613|13814|||115979|
1000005271|202212|74790465|94632|866551126|8927|59092568|10641|14720|20|114220|
1000005271|202312|83215890|107298|||38035795|6878|22887|33|114209|
1000005271|202412|71250354|104738|||49926053|10049|16914|26|114813|
1000005273|202112|968896|1149|505748|7|||||1156|
1000005273|202212|1102523|1397|39266|0|||||1397|
1000005273|202312|1348834|1739|25477|33|||||1772|
1000005273|202412|2738780|4026|||||5053|8|4034|
1000005283|202112|0|11317|0|391|0|21|0|22|11855|
1000005283|202212|0|17011|0|8|||0|22|17041|
1000005283|202312|0|9009|0|14|||0|8|9099|
1000005283|202412|0|8798|0|195|||||9047|
1000005287|202112|3067811|3637|||||||3755|
1000005287|202212|2829084|3585|||||||3681|
1000005287|202312|1216232|1568|||||||1632|
1000005287|202412|2661350|3912|||||||3966|
1000005297|202112|753628|894|||||1406034|1887|4049|
1000005297|202212|650139|824|||||2055001|2777|4869|
1000005297|202312|8902914|11480|||||1805244|2575|14853|
1000005297|202412|24498838|36013|||||1712060|2617|39428|
1000005337|202112|0|10|||||||10|
1000005337|202212|||||||||2|
1000005337|202312|0|2|||||||2|
1000005337|202412|0|2|||||||2|
1000005352|202112|3251471|3855|||||||3855|
1000005352|202212|5212381|6606|2392265|23|||||6629|
1000005375|202112|552000|655|3416000|35|||||690|
1000005375|202212|1792000|2271|6282000|60|||142000|192|2523|
1000005375|202312|6077000|7835|6009000|55|||172000|245|8135|
1000005375|202412|2851000|4191|4110000|38|1438000|289|13000|21|4646|
1000005378|202112|6663|7900|||||||7900|
1000005378|202212|5515427|6990|||||||6990|
1000005378|202312|20630376|26600|||||||26600|
1000005378|202412|21999687|32340|||||||32340|
1000005382|202112|880625|1044|||||||1044|
1000005382|202212|453664|575|||||||575|
1000005382|202312|431709|557|||||||557|
1000005382|202412|4393330|6458|||||||6458|
1000005395|202112|4925|6|||||||6|
1000005395|202212|856730|1086|||||||1086|
1000005395|202412|7266|11|||||||11|
1000005398|202112|0|104|||||0|16335|16479|
1000005398|202212|0|135|||||0|13440|13617|
1000005398|202312|0|370|||||0|15138|15519|
1000005398|202412|0|349|||||0|66030|66435|
1000005407|202112|62658|74|||||||74|
1000005407|202212|73904|94|||||||94|
1000005407|202312|50984|66|||||5208|7|73|
1000005407|202412|20873|31|||||||31|
1000005417|202312|7008785|269|||||||269|
1000005417|202412|5535069|8137|||||||8137|
1000005432|202312|||||||||0|
1000005432|202412|||||||||0|
1000005443|202112|7017850|8320|||||453965|609|8929|
1000005443|202212|11880465|15056|||||282051|381|15437|
1000005465|202206|1598621|2067|||||||2067|
1000005465|202306|2664252|3498|||||||3498|
1000005465|202406|99932|139|||||||139|
1000005465|202412|216852|319|||||||319|
1000005486|202112|4531|5|||||392398|527|532|
1000005486|202212|4531|6|||||172970|234|240|
1000005543|202112|826210|979|357394|4|||189279|254|1256|
1000005543|202212|1198529|1519|1073531|102|||46555|63|1743|
1000005543|202312|1011720|1305|593098|5|||134507|192|1955|
1000005543|202412|857738|1261|2931789|27|||74013|113|1422|
1000005546|202312|||||||||0|
1000005546|202412|||||||||0|
1000005551|202112|0|7772|||||||7772|
1000005551|202212|0|8044|||||||8044|
1000005551|202312|0|1453|||||||1453|
1000005551|202412|0|14554|||||||14554|
1000005556|202312|607833|784|||||||784|
1000005556|202412|923020|1357|||||||1357|
1000005567|202112|284480|337|||||||337|
1000005567|202212|587591|745|||||||745|
1000005567|202312|4092784|5277|||||||5277|
1000005567|202412|4563279|6708|||||||6708|
1000005568|202112|0|1934|||||||1934|
1000005568|202312|0|2478|0|297|||||2775|
1000005568|202412|0|2936|||||||2936|
1000005585|202112|6264377|7426|||||||7426|
1000005585|202212|25595955|32438|||||||32438|
1000005585|202312|26392789|34031|||||||34031|
1000005585|202412|26972665|39650|||||||39650|
1000005586|202212|87238|111|||||||111|
1000005586|202312|804415|1037|||||||1037|
1000005586|202412|369526|543|||||||543|
1000005590|202303|27775|36|||||690566|976|1459|
1000005590|202403|69468|93|||||685147|994|1168|
1000005590|202503|||||||582036|918|937|
1000005622|202212|0|13449|0|11|||||13460|
1000005622|202312|0|9583|0|7|||||9590|
1000005622|202412|0|13375|0|7|||||13382|
1000005637|202112|3526377|4181|||||||4181|
1000005637|202212|5815235|7370|||||||7370|
1000005637|202312|3939498|5115|||||||5115|
1000005637|202412|4560385|6735|||||||6735|
1000005647|202112|25014031|29654|||||||29654|
1000005647|202212|25851693|32762|||||||32762|
1000005647|202412|31687558|46581|||||||46581|
1000005671|202112|1055132|1251|||||603832|811|2062|
1000005671|202212|978478|1240|||||608854|823|2063|
1000005671|202312|674706|884|||||2160913|3214|4098|
1000005671|202412|202398|274|||||835205|1241|1515|
1000005682|202112|8852276|10494|191112500|1969|||2339640|3141|15604|
1000005682|202212|8092438|10256|82467900|786|||1587700|2145|13187|
1000005682|202312|5572883|7186|222437280|2030|||1019560|1454|10670|
1000005682|202412|3468990|5099|276217140|2587|||320300|490|8176|
1000005688|202112|15917|19|||||||19|
1000005688|202212|64299|81|||1235712|224|707407|956|1261|
1000005688|202312|52059|67|||23091|4|||71|
1000005688|202412|4174|6|||765579|154|||160|
1000005689|202112|163792|194|||||||194|
1000005689|202212|104672|133|||||||133|
1000005689|202312|311680|402|||||||402|
1000005689|202412|324071|476|||||696|1|477|
1000005692|202312|||||||||0|
1000005692|202412|||||||||0|
1000005693|202212|198755|252|||||||252|
1000005693|202312|171470|221|||||||221|
1000005693|202412|198780|292|||||||292|
1000005700|202112|2877249|3411|||||||3411|
1000005700|202212|2279142|2888|||||||2888|
1000005700|202312|1814935|2340|||||||2340|
1000005700|202412|1685644|2478|||||||2478|
1000005702|202312|||||||||0|
1000005702|202412|||||||||44|
1000005704|202112|3592893|4259|||1669601|311|||4570|
1000005704|202312|166768|215|||2328|421|||636|
1000005704|202412|172569|254|||2772793|558|||812|
1000005726|202312|||||||||0|
1000005726|202412|||||||||0|
1000005761|202112|0|49|||||0|48|97|
1000005761|202212|0|303|||||0|410|713|
1000005761|202312|0|713|||||0|250|963|
1000005762|202305|||||||||0|
1000005762|202405|||||||||0|
1000005762|202505|||||||||0|
1000005764|202312|||||||||0|
1000005771|202306|||||||||0|
1000005773|202112|0|513|||||0|184|713|
1000005773|202212|0|549|||||0|46|595|
1000005773|202312|0|510|||||0|27|537|
1000005773|202412|0|785|||||0|93|878|
1000005778|202312|||||||||0|
1000005778|202412|||||||||0|
1000005783|202112|108279|128|||||||148|
1000005783|202312|||||||||0|
1000005783|202412|||5422950|51|||||51|
1000005796|202106|||||||20748850|27896|27896|
1000005796|202206|||||||17936415|24215|24215|
1000005796|202306|||||||23499998|33524|33524|
1000005796|202406|||||||21066541|31182|31182|
1000005796|202506|||||||18619081|29638|29638|
1000005808|202112|1388625|1647|||||||1647|
1000005808|202212|1584474|2008|||||||2008|
1000005823|202112|0|10|||0|21|||31|
1000005823|202212|0|29|||||||29|
1000005824|202212|3834392|4859|||||29969|40|4899|
1000005824|202312|4247914|5477|||||399552|570|6047|
1000005824|202412|4280687|6293|||||307089|469|6762|
1000005826|202112|154046|183|79218606|816|||||999|
1000005826|202212|65338|83|65429888|624|||||707|
1000005826|202312|107939|139|61748798|564|||||703|
1000005826|202412|122404|180|61128398|572|||||752|
1000005831|202112|1988599|2358|||||||2358|
1000005831|202312|||||||||0|
1000005831|202412|||||||||0|
1000005832|202312|||||||||0|
1000005832|202412|||||||||0|
1000005841|202112|87096|104|||||||104|
1000005841|202312|7625|10|||||||10|
1000005841|202412|||||||||0|
1000005852|202112|2368464|2808|||||||2808|
1000005852|202312|141000|182|||||||182|
1000005875|202112|0|19608|0|671|||0|532|20811|
1000005875|202212|0|15436|0|116|||0|30|15582|
1000005875|202312|0|24280|0|543|||0|48|24871|
1000005875|202412|0|18838|||||0|162|19000|
1000005876|202312|646138|833|||||||833|
1000005876|202412|1081592|1590|||||||1590|
1000005880|202212|8061|10|||||||10|
1000005880|202312|||||||||0|
1000005880|202412|||||||||0|
1000005886|202112|368480|437|||986000|184|||621|
1000005886|202212|||||2140200|388|||388|
1000005886|202312|401370|518|||2736000|495|||1013|
1000005886|202412|459360|675|||1566000|315|||990|
1000005893|202112|||231134552|2381|||||2381|
1000005893|202212|||164254531|1566|||90000|122|1688|
1000005893|202312|||264005377|2410|||90000|128|2538|
1000005893|202412|||268199704|2512|||90000|138|2650|
1000005897|202212|||||||||0|
1000005897|202312|||||||||0|
1000005897|202412|||||||||0|
1000005901|202112|||414000000|4255|||||4255|
1000005901|202212|||378000000|3603|||||3603|
1000005901|202312|||378000000|3450|||||3450|
1000005901|202412|||378000000|3540|||||3540|
1000005916|202112|2404663|2851|||||||2851|
1000005916|202212|5337126|6764|||||||6764|
1000005916|202312|10500958|13540|||||406419|580|14120|
1000005916|202412|15503972|22791|||||219832|336|23127|
1000005918|202112|9160|11|||||||11|
1000005918|202212|5873871|7419|||||||7419|
1000005918|202312|1835520|2366|||||||2366|
1000005918|202412|4780285|7027|||||||7027|
1000005943|202112|70582|84|182395130|1879|4268|1|||1964|
1000005943|202212|41026|52|138218311|1317|||||1369|
1000005943|202312|198056|255|185103644|1689|||||1944|
1000005943|202412|397421|584|227730679|2132|||||2716|
1000005944|202112|3286798|3896|||||||3896|
1000005944|202212|2183588|2767|||||||2767|
1000005944|202312|300077|387|||||136818|195|582|
1000005944|202412|2897457|5852|||||1061250|30|5882|
1000005951|202112|84575088|100263|14471310|149|53962390|10051|684526|919|111391|
1000005951|202212|95867345|121493|9673920|92|91745046|16646|92901|125|138360|
1000005951|202312|||26331706|240|||||240|
1000005951|202412|119226076|175262|2612352|24|114012778|22947|487727|746|198980|
1000005953|202112|561426|666|||||||1039|
1000005953|202212|583537|740|||||||1372|
1000005953|202312|||||||||762|
1000005953|202412|||||||||948|
1000005957|202112|0|527|||||||527|
1000005957|202212|0|2988|||||||2988|
1000005957|202312|0|1988|0|37|||||2025|
1000005957|202412|0|3934|||||||3934|
1000005958|202112|0|8491|||0|40|0|219|8750|
1000005958|202212|0|837|||0|115|0|706|1658|
1000005958|202312|0|11427|||0|45|0|2323|13939|
1000005958|202412|0|32691|||0|18|0|10|32719|
1000005959|202112|3925000|4654|||||||4654|
1000005959|202212|2767000|3508|547000|5|||630000|851|4364|
1000005959|202312|1797000|2317|||||1302000|1857|4174|
1000005959|202412|3115000|4578|||||1225000|1873|6451|
1000005960|202412|1351488|1987|||||||1987|
1000005963|202112|0|154|||||||154|
1000005963|202212|0|12|||||||12|
1000005965|202212|50431189|63912|742783658|7080|||308000|416|71408|
1000005965|202312|1968706|2538|268446300|2450|||255000|364|5352|
1000005965|202412|16714708|24571|442311590|4142|||144800|221|28934|
1000005966|202112|9259705|10978|||||106780|143|11121|
1000005966|202212|10921577|13841|||||14864|20|13861|
1000005966|202312|392257|506|||||195781|280|786|
1000005966|202412|3774759|5549|||||280154|428|5977|
1000005969|202112|||||949578|177|||177|
1000005969|202212|31308|40|||327139|59|||99|
1000005969|202312|7899|10|||352554|64|||74|
1000005969|202412|||||785532|158|||158|
1000005970|202312|||||||||0|
1000005970|202412|29791|44|||601238|121|||165|
1000005971|202112|21371819|25336|75269796|775|214000|40|3495|5|26156|
1000005971|202212|30331001|38438|46675265|445|262262|48|17552|24|38956|
1000005971|202312|32539930|41957|30480234|278|1973664|357|14469|20|42612|
1000005971|202412|38152609|56084|55452310|519|||58914|90|56693|
1000005976|202112|30923214|36659|||||||36659|
1000005976|202212|29683645|37618|||||||37618|
1000005976|202312|26380995|34016|||||||34016|
1000005976|202412|24815651|36479|||||||36479|
1000005977|202312|||||||||0|
1000005977|202412|||||||||0|
1000005978|202312|||||||||0|
1000005978|202412|||||||||0|
1000005985|202312|||||||||0|
1000005985|202412|320|0|||||||0|
1000005986|202112|11697032|13867|1137325|12|||||13879|
1000005986|202212|20673078|26199|899675|9|||||26208|
1000005986|202312|13670987|17627|850125|8|||||17635|
1000005986|202412|4171179|6132|14978044|140|||||6272|
1000005990|202112|16758751|19898|||||||19898|
1000005990|202212|18836277|23871|||||||23871|
1000005990|202312|17430566|22475|||||||22475|
1000005990|202412|17822104|26198|||||||26198|
1000005993|202112|||||5251684|978|||978|
1000005993|202212|||||9349480|1696|||1696|
1000005993|202312|||||12400934|2243|||2243|
1000005995|202306|||||||||0|
1000005995|202406|||||||||0|
1000005995|202506|||||||||0|
1000005998|202212|8960504|11356|||||||11356|
1000005998|202312|832216|1073|||||||1073|
1000005998|202412|640316|941|||||||941|
1000005999|202112|121683562|144256|17762150|183|||1627090|2184|146623|
1000005999|202212|58075643|73600|7357500|70|||26029448|35171|108841|
1000005999|202312|20060071|25866|||||25609505|36534|62400|
1000005999|202412|25387032|37319|||||26698743|40815|78134|
1000006000|202110|20795867|24367|||||1637778|2242|26609|
1000006000|202210|64107585|90988|||||1737897|2456|93444|
1000006000|202310|71342215|96512|||||1629663|2340|98852|
1000006000|202410|70442477|97443|||||1754619|2636|100079|
1000006000|202510|68934161|98107|||||1128201|1858|99965|
1000006004|202112|818868|971|||||||971|
1000006004|202212|985029|1248|||||||1248|
1000006004|202312|409269|528|||||||528|
1000006004|202412|519062|763|||||||763|
1000006006|202312|||||||||0|
1000006006|202412|||||||||0|
1000006007|202312|||||||||0|
1000006007|202412|||||||||0|
1000006008|202112|2459742|2916|23932237|247|||125270|168|3331|
1000006008|202212|2864373|3630|14036910|134|||119157|161|3925|
1000006008|202312|984095|1269|3807974|35|||194626|278|1582|
1000006008|202412|563677|829|8788447|82|1249286|251|53127|81|1243|
1000006013|202112|137848|163|||||||163|
1000006013|202312|||||||||0|
1000006013|202412|||||||||0|
1000006014|202112|330036|391|6858844|71|||2755|4|466|
1000006014|202212|212980|270|9567124|91|1320|0|2755|4|365|
1000006016|202112|477521|566|3025804|31|||||597|
1000006016|202212|382196|484|440000|595|||||1079|
1000006016|202312|414087|534|||||||534|
1000006016|202412|528103|106|||||||106|
1000006018|202112|119932|142|||||||142|
1000006018|202212|138913|176|||||||176|
1000006018|202312|3323421|4285|||||||4285|
1000006018|202412|2393168|3518|||||||3518|
1000006021|202112|571423|677|||||||784|
1000006021|202212|482936|612|||||||763|
1000006021|202312|265249|342|||||||582|
1000006021|202412|285063|419|||||||627|
1000006022|202312|1835119|2366|||||370703|529|2895|
1000006022|202412|2995179|4387|||||1484932|2271|6658|
1000006023|202112|550646|653|||20074957|3739|||4392|
1000006023|202212|333306|422|||13291407|2412|||2834|
1000006023|202312|145295|187|||3666635|663|||850|
1000006023|202412|180532|265|||7230453|1455|||1720|
1000006024|202212|374213|474|||||||474|
1000006024|202312|298981|386|||||||386|
1000006024|202412|277313|408|||||||408|
1000006025|202112|1737121|1965|||||2980252|4001|5966|
1000006025|202212|4589883|5817|||||1887173|2550|8367|
1000006025|202312|4264083|5498|||||920806|1314|6812|
1000006025|202412|3157564|4642|||||377460|577|5219|
1000006032|202312|||||||||0|
1000006032|202412|||||||||0|
1000006039|202312|||||||||0|
1000006039|202412|||||||||0|
1000006043|202312|||||||||0|
1000006043|202412|||||||||0|
1000006045|202112|5243802|6217|||||2124126|2851|9068|
1000006045|202212|261348|353|||||3887565|4927|5280|
1000006045|202312|4615272|5371|||||654921|934|6305|
1000006045|202412|2168601|3188|||||647695|990|4178|
1000006046|202112|0|42090|0|69|0|6|||42165|
1000006046|202212|0|38577|0|143|||||38720|
1000006046|202312|0|25510|0|69|||||25579|
1000006046|202412|0|38536|0|112|||||38648|
1000006052|202312|||||||||0|
1000006052|202412|||||||||0|
1000006053|202312|||||||||0|
1000006053|202412|||||||||0|
1000006057|202112|310420|368|||||||368|
1000006057|202212|86240|109|||||||109|
1000006057|202312|110643|143|||||||143|
1000006057|202412|29380|43|||||||43|
1000006061|202112|5727108|6789|||||||6789|
1000006061|202212|4051027|5134|||||||5134|
1000006061|202312|3818383|4923|||||||4923|
1000006061|202412|5729792|8423|||||||8423|
1000006068|202212|4770|6|||||||6|
1000006068|202312|||||||||0|
1000006070|202312|||||||||0|
1000006070|202412|||||||||0|
1000006074|202312|||||||||0|
1000006074|202412|||||||||0|
1000006076|202312|||||||||0|
1000006076|202412|||||||||0|
1000006078|202112|1418715|1682|22269616|229|||||1911|
1000006078|202212|145350|184|16146295|154|||||338|
1000006078|202312|496142|640|14825232|135|||||775|
1000006078|202412|511563|752|10235468|96|||||848|
1000006079|202212|||||10132614|1838|||1838|
1000006079|202312|||||6107874|1104|||1104|
1000006079|202412|||||6088854|1225|||1225|
1000006080|202112|26700|32|||||||32|
1000006080|202312|||||||||0|
1000006080|202412|||||77900|16|||16|
1000006084|202112|1702|2|||172032|32|||34|
1000006084|202212|964|1|||509093|92|||93|
1000006084|202312|1310|2|||806274|146|||148|
1000006084|202412|2397|4|||1265371|255|||259|
1000006092|202112|436167|517|||||269974|362|879|
1000006092|202212|798821|1012|||||355879|481|1493|
1000006092|202312|837093|1079|||||443815|634|1713|
1000006092|202412|1150437|1691|||||339349|518|2209|
1000006094|202212|699466|886|||||||886|
1000006094|202312|337507|435|||||73582|105|540|
1000006096|202112|0|700|||||||700|
1000006096|202212|0|8376|||||||8376|
1000006096|202312|0|15166|||||0|165|15331|
1000006096|202412|0|4668|||||||4668|
1000006103|202112|5514150|6537|||||||6537|
1000006103|202212|5751390|7289|||||||7289|
1000006103|202312|6141269|7919|||||||7919|
1000006103|202412|3665733|5389|||3124563|629|||6018|
1000006108|202112|2884|3|||||8268|11|14|
1000006108|202212|8960|12|||||58595|79|91|
1000006108|202312|115636|149|||||||149|
1000006110|202112|495561|587|||||||587|
1000006110|202212|685530|869|||||||869|
1000006110|202312|855480|1103|||||||1103|
1000006110|202412|||||||||0|
1000006111|202312|||||||||0|
1000006111|202412|||||||||0|
1000006113|202112|4767023|5652|||||||5652|
1000006113|202212|3484664|4416|||||||4416|
1000006113|202312|4103897|5292|||||||6581|
1000006113|202412|5568419|8185|||||||8185|
1000006115|202212|32757|42|||||||42|
1000006115|202312|0|11|||||0|11|22|
1000006115|202412|0|39|||||0|20|59|
1000006120|202312|||||||||0|
1000006120|202412|||||||||0|
1000006124|202112|8043746|9536|||||||9536|
1000006124|202212|8412553|10661|||||||10661|
1000006124|202412|7683431|11295|||||||11295|
1000006130|202112|4520743|5359|||||||5359|
1000006130|202212|544784|690|||||||690|
1000006130|202312|577699|745|||||||745|
1000006130|202412|2832360|4164|||||||4164|
1000006136|202112|135201|160|1507000|16|||||176|
1000006136|202212|145210|184|||||||184|
1000006136|202312|72379|132|||||||132|
1000006136|202412|1124110|1653|||||||1653|
1000006147|202112|7012030|8313|||||||8313|
1000006147|202212|8887518|11263|||||||11263|
1000006147|202312|6058180|7811|||||||7811|
1000006147|202412|9261708|13615|||||||13615|
1000006148|202112|10927912|12955|||||||12955|
1000006148|202212|11129851|14105|||||||14105|
1000006148|202312|10312382|13297|||||||13297|
1000006148|202412|9145793|13841|||||||13841|
1000006151|202112|246659|292|||||3228558|4334|4626|
1000006151|202212|69000|87|||||1371824|1854|1941|
1000006151|202312|||||||2180566|3111|3111|
1000006151|202412|112500|165|||||441635|675|840|
1000006155|202112|772752|916|||||||916|
1000006155|202212|1651119|2094|||||||2094|
1000006155|202312|||||||||0|
1000006155|202412|||||||||0|
1000006158|202312|||||||||0|
1000006158|202412|||||||||0|
1000006160|202312|||||||||0|
1000006160|202412|||||||||0|
1000006163|202212|10849614|13750|||||||13750|
1000006163|202312|9545226|12307|||||398775|569|12876|
1000006163|202412|10902194|16026|||||192137|294|16320|
1000006171|202312|127582|165|||||5092|7|970|
1000006171|202412|170189|250|||||3068|5|259|
1000006180|202112|3976924|4715|||||||4715|
1000006180|202212|834000|1057|||||||1057|
1000006180|202312|2216203|2858|||||||2858|
1000006180|202412|4589698|6747|||||||6747|
1000006184|202112|121107|144|||||15424|21|165|
1000006184|202212|7230545|9163|||||5775|8|9171|
1000006184|202312|493879|637|||||||637|
1000006184|202412|2813407|4106|||||||4106|
1000006190|202312|||||||||0|
1000006190|202412|||||||||0|
1000006193|202112|1530359|1814|||||||1814|
1000006193|202212|45703|58|||||||58|
1000006193|202312|||||||||0|
1000006193|202412|||||||||0|
1000006196|202312|||||||||0|
1000006196|202412|||||||||0|
1000006199|202112|686340|814|1918115|20|||||834|
1000006199|202212|||1918115|18|||||18|
1000006199|202312|||27581137|252|154019|28|||280|
1000006199|202412|221718|326|14869680|139|7682119|1546|||2011|
1000006202|202112|0|1099|||||0|356|1455|
1000006202|202212|0|900|||||||900|
1000006202|202312|0|52568|||||||52568|
1000006202|202412|0|1550|||||||1550|
1000006213|202312|||||||||0|
1000006213|202412|||||||||0|
1000006214|202112|12271561|14548|||||||14548|
1000006214|202212|8202715|10395|||||||10395|
1000006214|202312|0|6960|0|11094|||||18054|
1000006214|202412|4037667|5935|257070|2|||||5937|
1000006219|202112|0|65094|||0|51204|0|39726|166560|
1000006219|202212|0|39749|0|10090|0|210772|0|202223|463383|
1000006219|202312|0|17766|0|15416|0|193991|0|284110|513011|
1000006219|202412|0|30521|0|8788|0|210194|0|276181|527820|
1000006221|202412|4053110|5982|||||||5982|
1000006222|202112|7899123|9365|||||||9365|
1000006222|202212|6503104|8242|||||||8242|
1000006222|202312|5595343|7666|||||||7666|
1000006222|202412|6510373|9570|||||||9570|
1000006224|202112|2398799|2844|||||||2844|
1000006224|202212|1770880|2244|||||||2244|
1000006224|202312|2215658|2857|||||||2857|
1000006224|202412|1949482|2866|||||||2866|
1000006246|202112|2807535|3328|1679396|17302|||||20630|
1000006246|202312|1582088|2040|2867446|26170|||||28210|
1000006246|202412|7289005|10715|2315041694|21680|||||32395|
1000006259|202312|||||||||0|
1000006259|202412|||||||||0|
1000006260|202112|1168700|1385|||||||1385|
1000006260|202212|514963|653|||||||653|
1000006260|202312|2101488|2710|||||||2710|
1000006260|202412|1453813|2137|||||||2137|
1000006265|202112|20702|25|||||||25|
1000006265|202212|164462|208|||||||208|
1000006265|202312|359027|463|||||||463|
1000006265|202412|1083878|1593|||||||1593|
1000006280|202112|2293069|2718|||7948953|1481|131768|177|4376|
1000006280|202312|8992792|11595|||36533423|6607|21724|31|18233|
1000006280|202412|8939216|13141|||36545797|7356|62736|96|20593|
1000006283|202112|7950336|9425|||||5488154|7367|16792|
1000006283|202212|10788476|13672|||||5748118|7767|21439|
1000006283|202312|10611218|13682|||||3855439|5500|19182|
1000006283|202412|11674292|17161|||||3727725|5699|22860|
1000006298|202112|517820|614|||||||614|
1000006298|202212|361353|4579|||||||4579|
1000006298|202312|1394108|1798|||||||1798|
1000006298|202412|1837220|2701|||||||2701|
1000006301|202112|335646|398|||||210708|283|681|
1000006301|202212|243168|308|||||||308|
1000006301|202312|||||||||0|
1000006328|202112|9496000|11258|||||||11258|
1000006328|202212|6224000|7887|||||||7887|
1000006328|202312|5115|6596|||||||6596|
1000006328|202412|3265000|4799|||||||4799|
1000006330|202112|988420|1172|||||9100|12|1184|
1000006330|202212|839943|1064|||||58728|79|1143|
1000006330|202312|1061971|1369|||||||1369|
1000006330|202412|909288|1337|||||2300|4|1341|
1000006338|202312|147819|191|667010|6|||18727|27|224|
1000006338|202412|210528|309|665645|6|||31564|48|363|
1000006340|202112|320974|380|||||||380|
1000006340|202212|179717|228|88535586|844|||||1072|
1000006340|202412|847755|1246|||||||1246|
1000006348|202112|4000000|4742|||||||4742|
1000006348|202212|4570867|5793|||||||5793|
1000006348|202312|6426947|8287|||||||8287|
1000006348|202412|3879251|5702|||||||5702|
1000006351|202112|159844|189|||||||189|
1000006351|202212|||||759120|138|||138|
1000006351|202312|||||418647|76|||76|
1000006351|202412|||||||||0|
1000006374|202312|||||||||0|
1000006374|202412|||||||||0|
1000006375|202303|||||||||0|
1000006375|202403|||||||||0|
1000006376|202112|15344811|18191|||||||18191|
1000006376|202212|15634907|21345|||||33600|300321|321666|
1000006376|202312|80606891|103935|||||||103935|
1000006376|202412|82628850|121464|||||206596|316|121780|
1000006381|202112|134526|160|||||||160|
1000006381|202212|131704|167|||||||167|
1000006381|202312|146232|188|||||||188|
1000006381|202412|91624|135|||||||135|
1000006404|202112|0|539|||||0|5|544|
1000006404|202212|0|8812|0|2|||0|42|8856|
1000006404|202312|0|6497|0|3|||||6500|
1000006404|202412|0|6831|0|4|||||6835|
1000006406|202103|2987696|3387|||||2957892|3929|7382|
1000006406|202203|4444639|5382|||||1231363|1664|7046|
1000006412|202112|3483816|4123|||||||4123|
1000006412|202212|2718533|3420|||||||3420|
1000006412|202312|2805774|3645|||||||3645|
1000006412|202412|2487029|3400|||||||3400|
1000006420|202112|0|443500|||||||443500|
1000006420|202212|0|379019|||||||379019|
1000006420|202312|0|268687|||||||268687|
1000006420|202412|0|329835|||||||329835|
1000006432|202112|1654197|1961|||||||1961|
1000006432|202212|2312520|2931|||||||2931|
1000006432|202312|2406855|3104|||||||3104|
1000006432|202412|2371155|3486|||||||3486|
1000006462|202112|2177771|2582|||||80292|108|2690|
1000006462|202212|2528519|3396|||||91335|127|3523|
1000006462|202312|2873902|3706|||||||3852|
1000006462|202412|1916323|2817|||||227120|347|3164|
1000006481|202312|||||||||0|
1000006481|202412|||||||||0|
1000006482|202312|||||||||0|
1000006482|202412|||||||||0|
1000006485|202312|12870|17|||||||17|
1000006500|202112|0|17241|0|2|||0|2362|19748|
1000006500|202212|0|1564375|0|2500|||0|1934|1568868|
1000006500|202312|0|596258|0|169|||0|938|598161|
1000006500|202412|0|69872|0|11|||0|495|70447|
1000006500|202512|0|14677|0|233|||0|2678|18190|
1000006506|202212|404897|513|||||||513|
1000006506|202312|513342|662|||||||662|
1000006506|202412|542906|798|||17640|3|183|0|801|
1000006542|202112|0|203094|||||0|25860|245007|
1000006542|202212|0|128254|||||0|29798|160347|
1000006542|202312|0|78923|0|9|||0|33281|113918|
1000006542|202412|0|265656|||||0|40835|308200|
1000006542|202512|0|348530|0|78|||0|68971|423175|
1000006571|202112|0|1585|||||||1585|
1000006571|202212|0|2037|||||||2037|
1000006571|202312|0|2397|||||||2397|
1000006571|202412|0|2544|||||||2544|
1000006585|202112|7273703|8623|||||||8623|
1000006597|202312|||||||||0|
1000006597|202412|||||||||0|
1000006600|202112|1057140|1253|||200000|37|||1290|
1000006600|202212|8713914|11043|||839642|152|||11195|
1000006600|202312|10025307|12927|||||||12927|
1000006600|202412|8071303|11865|||||||11865|
1000006603|202112|656183000|777905|||||||777905|
1000006603|202212|1298267000|1645294|||||||1645294|
1000006603|202312|808744000|1042795|||||||1042795|
1000006603|202412|542246000|797101|||||||797101|
1000006613|202312|||||||||0|
1000006613|202412|||||||||0|
1000006632|202112|845051|610|||||||610|
1000006632|202212|358074|454|||||||454|
1000006632|202312|1275668|1645|||||||1645|
1000006632|202412|1619114|2380|||||||2380|
1000006639|202412|7705285|11327|||||||11327|
1000006645|202412|6391224|9395|||||941000|1439|10834|
1000006650|202112|335000|397|||||||397|
1000006650|202312|256000|330|||||||330|
1000006650|202412|||||||||0|
1000006678|202212|4341825|5502|||||||5502|
1000006678|202312|4123354|5316|||||||5316|
1000006678|202412|4171378|6132|||||||6132|
1000006708|202312|1130573|1458|||||||1458|
1000006708|202412|885016|205|||||||205|
1000006743|202312|1052572|1502|||||||1502|
1000006743|202412|||||||2817653|4307|4307|
1000006759|202306|||||||||0|
1000006814|202312|||||||||0|
1000006814|202412|||||||||0|
1000006818|202312|129720|167|||||||167|
1000006818|202412|||||||||0|
1000006825|202312|||||||||0|
1000006825|202412|||||||||0|
1000006849|202112|1694493|2008|||||||2008|
1000006849|202212|877546|1112|||||||1112|
1000006849|202312|683807|882|||||||882|
1000006849|202412|744932|1096|||||||1096|
1000006875|202312|||||||||0|
1000006875|202412|||||||||0|
1000006879|202112|952403|1130|||||||1130|
1000006879|202212|2834077|3591|||||||3591|
1000006879|202312|1737020|2240|||||||2240|
1000006893|202312|210600|272|||||1305170|1862|2134|
1000006911|202312|||||||||0|
1000006911|202412|||||||44256|68|68|
1000006916|202112|516121|612|||||||612|
1000006917|202312|1933225|2493|||||||2493|
1000006917|202412|1910599|2809|||||||2809|
1000006934|202212|50111|64|||||||64|
1000006934|202312|408055|526|||||||526|
1000006934|202412|2032499|2988|||||||2988|
1000006936|202312|||||||||0|
1000006936|202412|2981|4|||||||4|
1000006940|202312|||||||||0|
1000006940|202412|||||||||0|
1000006947|202412|||||||||0|
1000006960|202312|||||||||0|
1000006960|202412|375|1|||||||1|
1000007008|202112|58133|69|||||||69|
1000007008|202212|58133|74|||||||74|
1000007034|202412|||||||||0|
1000007036|202312|||||||||0|
1000007036|202412|||||||||0|
1000007041|202311|0|634|||||||1383|
1000007041|202411|0|30|||||0|98|128|
1000007041|202511|0|238|||||0|39|1170|
1000007043|202112|0|9|||||||9|
1000007043|202212|0|91|||||||91|
1000007043|202312|0|43|||||||43|
1000007043|202412|0|222|||||||222|
1000007048|202112|3162622|3749|65689453|676|||1031409|1384|5809|
1000007048|202212|5904|43668|55574|530|||591|799|44997|
1000007048|202312|4315542|5564|66665607|608|||889714|1269|7441|
1000007048|202412|4935238|7255|75778124|710|||732264|1120|9085|
1000007052|202112|234117|278|||||48809|65|343|
1000007052|202212|275856|350|||||10490|14|364|
1000007052|202312|33422|43|||||||43|
1000007054|202112|5995|7|48137719|496|39000|7|||510|
1000007054|202212|8260|10|1303809|12|||||22|
1000007054|202312|227466|293|||||||293|
1000007054|202412|62011|91|1514904|14|||||105|
1000007056|202112|5090972|6035|||||||6035|
1000007056|202212|13525760|17141|||||||17141|
1000007056|202312|5128082|6612|||||||6612|
1000007056|202412|5105934|7506|||||||7506|
1000007058|202412|100000|147|30000000|282|||||429|
1000007065|202112|0|3600|0|45|||0|79|3744|
1000007065|202212|0|3141|0|33|||0|95|3269|
1000007065|202312|0|1336|0|50|||0|31|1420|
1000007065|202412|0|1087|0|18|||0|39|1167|
1000007067|202312|||||||||0|
1000007067|202412|||||||||0|
1000007070|202112|0|2826|0|22|||0|503|3351|
1000007070|202212|0|1908|0|12|||0|1013|2933|
1000007070|202312|0|5508|||||0|26|5534|
1000007070|202412|0|3598|0|27|||0|513|4138|
1000007071|202112|0|7822|||||||7822|
1000007071|202212|0|2072|||||||2072|
1000007071|202312|0|5686|||||||5686|
1000007071|202412|0|7342|||||||7342|
1000007072|202112|1950840|2313|8198400|84|||81893|110|2507|
1000007072|202212|368930|468|11064910|105|||14752|20|593|
1000007072|202312|164699|212|||||159678|228|440|
1000007072|202412|697494|1025|9752050|91|||||1116|
1000007074|202212|3571613|4526|||||||4526|
1000007074|202312|2546|3|||||||3|
1000007075|202412|1727078|2539|||||130000|199|2738|
1000007077|202112|0|1881|||||||1881|
1000007077|202212|0|1083|||||||1083|
1000007077|202312|0|311|||0|1510|||1821|
1000007077|202412|0|346|||||||346|
1000007081|202212|206483|262|5699866|54|1444692|262|||578|
1000007081|202312|35523|46|||||||46|
1000007081|202412|43649|64|||||||64|
1000007086|202112|0|2090|0|8797|0|2|||10889|
1000007086|202212|0|21167|0|18|||||21185|
1000007086|202312|0|20815|0|153|0|172|||21140|
1000007086|202412|0|22662|0|102|0|87|||22851|
1000007092|202112|0|1678|||||||1678|
1000007092|202212|0|2269|||||||2269|
1000007092|202312|0|1535|||0|452|||1987|
1000007094|202412|||||||||0|
1000007096|202112|24925531|29549|||||||29549|
1000007096|202212|6143032|7785|||||||7785|
1000007096|202312|9599807|7785|||||||7785|
1000007096|202412|19863677|29200|||||||29200|
1000007104|202112|0|144464|0|12|||||144476|
1000007104|202212|0|174256|0|10|||||174266|
1000007104|202312|0|115404|||||||115404|
1000007104|202412|0|15246|||||||15246|
1000007105|202304|||||||||0|
1000007106|202212|39093|50|||||||50|
1000007106|202312|159350|205|||||||205|
1000007106|202412|||||||35610|54|54|
1000007109|202112|279670|332|||||||332|
1000007109|202212|15502|20|||||61575|75|95|
1000007109|202312|625|1|||||||1|
1000007109|202412|22882|34|||||||34|
1000007111|202112|314896|373|||412000|77|||450|
1000007111|202212|291023|369|||196560|36|||405|
1000007111|202312|238484|308|||||||308|
1000007111|202412|||||||||0|
1000007112|202312|||||||||0|
1000007112|202412|121183|178|||||||178|
1000007113|202312|||||||||0|
1000007113|202412|||||||||0|
1000007114|202112|122118|145|||||585955|787|932|
1000007114|202212|39480|50|||||644983|872|922|
1000007114|202312|291476|376|||||601642|858|1234|
1000007114|202412|153960|226|||||||226|
1000007117|202112|||19379940|199|406594|76|||275|
1000007117|202212|||206368086|1967|560560|102|||2069|
1000007117|202312|14299410|18438|74706683|682|344160|62|||19182|
1000007117|202412|13521850|19877|36638094|342|349460|71|||20290|
1000007120|202212|11149723|14130|||||||14130|
1000007120|202312|404035|521|||||||521|
1000007120|202412|||||||||0|
1000007125|202212|3314442|4200|||||||4200|
1000007125|202312|2412131|3110|||||||3110|
1000007125|202412|2532218|3722|||||||3722|
1000007126|202212|164000|208|||||||208|
1000007126|202312|||||||||0|
1000007126|202412|262000|385|||||||385|
1000007127|202112|16541504|19610|||||250|0|19675|
1000007127|202212|10194102|12919|||||||13016|
1000007127|202312|8850146|11411|||||||11498|
1000007127|202412|9279624|13641|||||||13724|
1000007133|202112|25655005|30413|8247773|85|16289440|3034|||41485|
1000007133|202212|20133005|25519|7319963|70|10624401|1928|80|0|36287|
1000007133|202312|8957062|11549|54778520|501|17464838|3159|1610|2|26493|
1000007133|202412|9474553|13928|20466112|191|19711686|3968|525|1|31326|
1000007168|202112|||51000785|525|||||525|
1000007168|202212|||46544476|444|||||444|
1000007168|202312|||138544476|1265|||||1265|
1000007168|202412|||29196711|273|||||273|
1000007170|202412|||||||||0|
1000007172|202312|||||||||0|
1000007172|202412|||||||||0|
1000007179|202112|2741183|3250|||||||3250|
1000007179|202212|3951304|5007|||||||5007|
1000007179|202312|6663579|8592|||||||8592|
1000007179|202412|7517052|11050|||||||11050|
1000007180|202312|||||||||0|
1000007180|202412|||||||||0|
1000007195|202112|4064337|4818|||||||4818|
1000007195|202212|4122819|5225|||||||5225|
1000007195|202312|2679791|3455|||||||3455|
1000007195|202412|3130873|4602|||||||4602|
1000007200|202112|214215|254|||||302|0|254|
1000007200|202212|870401|1103|||||||1103|
1000007200|202312|2469880|3185|||||||3185|
1000007200|202412|0|1133|||||||1133|
1000007208|202112|205262469|243338|||||||243338|
1000007208|202212|232896047|295149|||||921806|1246|296395|
1000007208|202312|199690150|257480|||||||257480|
1000007208|202412|257819545|378995|||||3071655|4696|383691|
1000007213|202312|||||||||0|
1000007213|202412|||||||||0|
1000007217|202312|||||||||0|
1000007217|202412|||||||||0|
1000007219|202212|94920|120|||||||120|
1000007219|202312|160495|206942|||||||206942|
1000007219|202412|||||||||0|
1000007224|202412|5333195|7840|||||||7840|
1000007264|202112|1500000|1778|||||||1778|
1000007294|202112|302815|359|||||||359|
1000007294|202212|253889518|321754|||||||321754|
1000007294|202312|225441|291|||||||291|
1000007294|202412|595387|875|||||||875|
1000007367|202112|2415914|2864|||||213827|287|3151|
1000007367|202212|4020364|5095|||||359650|486|5581|
1000007367|202312|4440936|5726|||||507596|724|6450|
1000007367|202412|4323592|6355|||||414497|634|6989|
1000007369|202112|||2517451080|25936|||||25936|
1000007369|202312|||||||||0|
1000007369|202412|||||||||0|
1000007371|202112|1126086|1335|||||||1335|
1000007371|202212|1369242|1735|||||||1735|
1000007371|202312|1754358|2262|||||||2262|
1000007371|202412|2559006|3762|||||||3762|
1000007383|202112|823899|896|||||||896|
1000007387|202112|80900|96|||||1465|2|98|
1000007387|202212|124597|158|||||22170|30|188|
1000007387|202312|227|0|||||||0|
1000007387|202412|||||||19610|30|30|
1000007387|202512|3416|5|||||||5|
1000007390|202112|490146|581|||||||581|
1000007390|202212|1565632|1984|||||||1984|
1000007390|202312|10731885|13838|||||178133|254|14092|
1000007390|202412|1585734|2331|||||13192|20|2351|
1000007402|202112|24386641|28910|||||190460|155|29065|
1000007402|202212|32851722|41633|||||195701|264|41897|
1000007402|202312|29568132|38124|||||264480|377|38501|
1000007402|202412|24559826|36103|||||66556|102|36205|
1000007403|202212|147183|187|||||||187|
1000007404|202112|1643522|1949|||||||1949|
1000007404|202212|1401586|1776|||||||1776|
1000007404|202412|708856|1042|||||||1042|
1000007407|202312|||||||||0|
1000007407|202412|||||||||0|
1000007415|202112|8469139|10040|1338387164|13789|||2628000|3528|27357|
1000007415|202212|8242150|10445|1406493692|13406|||1237000|1671|25522|
1000007415|202312|13854375|17864|1270463614|11594|||4369600|6234|35692|
1000007415|202412|9925696|14591|1370875186|12838|||2790000|4265|31694|
1000007417|202112|0|19483|0|231|||0|197|19911|
1000007417|202212|6814000|8612|||||8000|11|8623|
1000007417|202312|||3216000|29|||||29|
1000007418|202112|0|456288|0|44574|||0|28709|530313|
1000007418|202212|0|1090160|0|12699|||0|16787|1119702|
1000007418|202312|0|1246957|0|40537|||0|50806|1338477|
1000007418|202412|0|1219009|0|26941|0|226|0|54817|1301088|
1000007418|202512|0|1877110|0|46696|||0|977|1924783|
1000007423|202112|652641000|773706|||2000|1|24269000|32578|806346|
1000007423|202212|251988000|319345|92910000|886|160000|29|7901000|10676|331695|
1000007423|202312|235688000|303897|68636000|626|90000|16|7009000|9999|314538|
1000007423|202412|74033000|108828|||282000|57|1043000|1594|110479|
1000007428|202112|0|224|0|1139|0|82|0|5|1450|
1000007428|202212|0|377|0|14|0|75|0|1059|1525|
1000007428|202312|0|965|0|8|0|319|0|1336|2628|
1000007428|202412|0|989|0|17|0|323|0|1164|2493|
1000007431|202112|13291930|15758|||||||15758|
1000007431|202212|24568928|31136|||||||31136|
1000007431|202312|23205874|29922|||||||29922|
1000007431|202412|23782139|34960|||||||34960|
1000007433|202112|8225092|9750|68892480|710|||||10460|
1000007433|202212|7060373|8967|53658433|511|||2362|3|9481|
1000007433|202312|9704052|12512|44995609|411|||||12923|
1000007433|202412|6683566|9826|49687997|465|||||10291|
1000007435|202312|||13017921|119|||||119|
1000007435|202412|||||||||0|
1000007436|202112|5173000|6132|||||||6132|
1000007436|202212|5060000|6412|||636000|115|||6527|
1000007436|202312|164000|211|||21000|4|||215|
1000007436|202412|848000|1246|||1590000|320|||1566|
1000007439|202112|8922000|10577|||||190000|255|10832|
1000007439|202212|13051000|16540|||||120000|162|16702|
1000007439|202312|12148000|15664|||||90000|128|15792|
1000007439|202412|12480000|18346|||58000|12|4000|6|18364|
1000007440|202112|10920000|13000|||||||13000|
1000007440|202212|12920000|16374|||||||16374|
1000007440|202312|25884000|33374|||||||33374|
1000007440|202412|||||||||0|
1000007441|202112|16010249|18980|||||||18980|
1000007441|202212|21104684|26746|||||||26746|
1000007441|202312|3034435|3913|||||21882|31|3944|
1000007441|202412|7424905|10914|||||||10914|
1000007443|202212|0|9832|0|708|0|9056|0|233|19829|
1000007443|202312|0|14838|0|474|0|4303|0|260|19875|
1000007444|202112|41930|50|||||||50|
1000007444|202212|40930|52|||||||52|
1000007444|202312|33000|43|||||||43|
1000007444|202412|32690|48|||||||48|
1000007446|202112|0|61045|||||||61045|
1000007446|202212|0|42073|||||||42073|
1000007446|202312|0|30437|||0|22|||30459|
1000007446|202412|0|36285|0|23|0|24|||36332|
1000007449|202312|||||||||0|
1000007449|202412|||||||||0|
1000007452|202112|157177553|186334|4300|0|250|0|8679|12|186349|
1000007452|202212|122204103|154869|4300|0|250|0|8581|12|154884|
1000007452|202312|85580977|110348|4300|0|17054114|3084|8679|12|113498|
1000007452|202412|93913150|138053|4300|0|204725|41|8679|13|138112|
1000007454|202112|0|15047|0|34|||0|973|16118|
1000007454|202212|0|16896|0|46|||0|1184|18670|
1000007454|202312|0|18275|||||0|1052|19327|
1000007454|202412|0|6336|0|181|||0|876|7953|
1000007458|202412|1612711|2079|||||||2079|
1000007460|202112|1039167|1232|||||||1232|
1000007460|202212|1773195|2247|||||||2247|
1000007460|202312|1430939|1845|||||||1845|
1000007460|202412|1425201|2095|||||||2095|
1000007461|202112|0|3084|||0|4327|0|399|8336|
1000007461|202212|0|2959|||0|5429|0|143|8566|
1000007461|202412|0|2235|||0|2962|0|251|5448|
1000007474|202112|8858000|10501|||||||10501|
1000007474|202212|9109000|11544|||||||11544|
1000007474|202312|3754000|4841|||2000|0|||4841|
1000007474|202412|4885000|7181|||2000|0|||7181|
1000007475|202112|0|797|||||||797|
1000007475|202212|0|784|||||||784|
1000007475|202312|0|111|||||||111|
1000007475|202412|0|133|||||||133|
1000007476|202112|10693965|12678|||3249089|605|||13283|
1000007476|202212|3348874|4244|||972077|176|693215|937|5357|
1000007476|202312|11027481|14219|||||||14219|
1000007476|202412|3738434|5495|||172652|35|||5530|
1000007477|202112|0|24618|0|1016|||||25634|
1000007477|202212|0|200846|0|6868|||||207714|
1000007477|202312|0|205719|0|3901|||||209620|
1000007477|202412|0|221852|0|2990|||||224842|
1000007478|202212|6151480|7796|||||||7796|
1000007480|202112|880637|1044|11712000|121|||285|0|1165|
1000007480|202212|4084663|5176|||||11672|16|5192|
1000007480|202312|||||||||0|
1000007481|202112|||||||8671|12|12|
1000007481|202212|||||||8671|12|12|
1000007481|202312|||||||||0|
1000007481|202412|||||||||0|
1000007482|202112|232856|276|50000000|515|||||791|
1000007482|202212|71500|91|50000000|477|||||568|
1000007482|202312|65100|84|50000000|456|||||540|
1000007482|202412|37000|54|50000000|468|||||522|
1000007489|202312|||||||||0|
1000007489|202412|||||||||0|
1000007494|202312|||||||||0|
1000007494|202412|||||||||0|
1000007497|202312|171832|222|||||||222|
1000007497|202412|360870|531|||||||531|
1000007512|202112|925770|1099|||3880072|722|||1826|
1000007512|202212|566944|719|||1262285|229|||948|
1000007512|202312|360367|465|||491790|89|||554|
1000007512|202412|440806|649|||773984|156|||805|
1000007513|202212|0|2677|||||||2677|
1000007513|202312|0|1850|||||||1850|
1000007513|202412|0|361|||||||361|
1000007519|202112|2768000|3281|||||||3281|
1000007519|202212|16466000|20867|||||||20867|
1000007519|202312|24448000|31523|||||||31523|
1000007519|202412|0|26930|||||||26930|
1000007521|202112|179469|213|||||||213|
1000007521|202212|179470|227|||||||227|
1000007528|202112|18417977|21835|||||100439|135|21970|
1000007528|202212|22694823|28761|||||156753|212|28973|
1000007528|202312|23471|30263|||||||30263|
1000007528|202412|16583968|24379|||||||24379|
1000007533|202212|7800|10|||||||11|
1000007533|202312|66719|86|||||||96|
1000007533|202412|20511|30|||||||30|
1000007539|202212|0|84|||||||84|
1000007543|202112|49817|59|||||||59|
1000007543|202212|5842|7|||||||7|
1000007543|202312|12793|16|||||||16|
1000007543|202412|49829|73|||||||73|
1000007554|202112|500000|593|||||||593|
1000007554|202212|500000|634|||||||634|
1000007554|202312|500000|645|||||||645|
1000007554|202412|||||||||0|
1000007556|202112|0|1537|0|11|||||1548|
1000007556|202212|0|2942|0|7|||||2949|
1000007556|202312|0|3848|0|8|||||3856|
1000007556|202412|0|6575|0|12|||||6587|
1000007557|202112|50891158|60331|11704000|121|||245196|329|60781|
1000007557|202212|40626169|51486|||||473830|640|52126|
1000007557|202312|39782735|51296|||||391045|558|51854|
1000007557|202412|42585678|62601|||||||62601|
1000007559|202112|2875958|3409|||||||3409|
1000007559|202212|4470917|5666|||||||5666|
1000007559|202312|2911754|3754|||||||3754|
1000007559|202412|2440413|3587|||||||3587|
1000007565|202112|17041087|20202|265848|2739|||||22941|
1000007565|202212|19798987|25091|200000000|1906|||||26997|
1000007565|202312|28263985|36443|200000000|1825|||||38268|
1000007565|202412|30690737|45116|200000000|1873|||||46989|
1000007566|202112|1003000|1189|210000000|2164|||||3353|
1000007566|202212|650000|824|210000000|2002|||||2826|
1000007566|202312|1511000|1949|210000000|1917|||||3866|
1000007566|202412|2163000|3180|210000000|1967|||||5147|
1000007567|202112|0|43856|||||||43856|
1000007567|202212|0|51199|||||||51199|
1000007567|202312|0|27913|||||||27913|
1000007567|202412|0|33474|||||||33474|
1000007571|202312|||||||||0|
1000007572|202112|238074000|282236|||||||282236|
1000007572|202212|321276000|407622|||||||407622|
1000007572|202312|242658000|312883|||||||312883|
1000007572|202412|276118000|405893|||||||405893|
1000007575|202112|9115|11|||2551697|475|||489|
1000007575|202212|10837|14|||444069|80|||97|
1000007575|202312|||||||||3|
1000007575|202412|34289|51|||118133|24|||78|
1000007577|202112|0|164042|||||||164042|
1000007577|202212|0|93381|0|16|||||93397|
1000007577|202312|0|104853|||||||104853|
1000007577|202412|0|106261|0|57|||||106318|
1000007578|202112|1781820|2112|||||||2112|
1000007578|202312|700346|903|||||||903|
1000007578|202412|703514|913|||||||913|
1000007583|202312|||||||||0|
1000007583|202412|||||||||0|
1000007589|202112|45128670|53501|||||778574|1045|55190|
1000007589|202212|28822094|36527|250000000|2383|||8355733|11291|50418|
1000007589|202312|40764080|52561|1260000000|11499|||4671648|6665|70870|
1000007589|202412|43653241|64170|1260000000|11800|||7498984|11464|87584|
1000007595|202412|545965|802|||||497985|761|1627|
1000007601|202112|0|33945|||||||37370|
1000007601|202212|0|41834|||||||86645|
1000007601|202312|0|218|||||||47366|
1000007601|202412|0|91|||||||129|
1000007602|202112|1640|2|||||||6|
1000007602|202312|||||||||0|
1000007602|202412|||||||||0|
1000007615|202112|0|370|||||||370|
1000007615|202212|0|297|||||0|243|540|
1000007615|202312|0|101|||||||101|
1000007618|202112|45400|54|||||||54|
1000007618|202212|405262|514|||||||514|
1000007618|202312|1760150|2270|||||||2270|
1000007618|202412|760150|1117|||||||1117|
1000007620|202412|||||||||0|
1000007622|202112|47258000|56024|||||||56024|
1000007622|202212|17149000|21732|||||||21732|
1000007622|202312|2062000|2659|||||||2659|
1000007622|202412|1827000|2686|||||||2686|
1000007626|202112|0|16|0|34|||||50|
1000007626|202212|0|6|||||||6|
1000007626|202312|0|23|||||||23|
1000007626|202412|0|1|||||||1|
1000007626|202512|0|1|||||||1|
1000007632|202112|0|9|||||||9|
1000007632|202312|0|22|||||0|432|454|
1000007632|202412|0|173|||||||173|
1000007644|202112|859564|1019|||||||1019|
1000007644|202212|650456|1038|||||||1038|
1000007644|202312|837125|1079|||||||1079|
1000007644|202412|797071|1172|||||||1172|
1000007650|202112|66719897|79096|657195|7|||291312|391|79494|
1000007650|202212|68772734|87156|208725|2|||703053|950|88108|
1000007650|202312|59533000|76762|957000|9|||1177000|1680|78451|
1000007650|202412|66334000|97510|||||526000|804|98314|
1000007651|202112|446308|529|||||-45655|-62|477|
1000007651|202212|903855|1146|||227262|41|32540|43|1233|
1000007651|202312|12784|17|||||29104|41|66|
1000007651|202412|681765|1002|300640|3|||247021|378|1383|
1000007652|202412|||||||||0|
1000007655|202203|||72119563|716|||||716|
1000007655|202303|||236631257|2323|||||2323|
1000007655|202403|||66358688|591|||||591|
1000007655|202503|||173275952|1702|||||1702|
1000007657|202412|||||||||0|
1000007659|202312|4199965|5415|||||163981|234|5649|
1000007659|202412|4165117|6123|||||83635|128|6251|
1000007666|202112|5277000|6292|||||||6292|
1000007666|202212|816|1034|||||||1034|
1000007666|202312|1658000|2138|||||25000|35|2173|
1000007666|202412|5067000|7448|||||||7448|
1000007673|202412|||||||||0|
1000007683|202112|10791954|12794|||||411019|552|13346|
1000007683|202212|4293023|5440|||||268994|363|5803|
1000007683|202312|7045737|9085|||||313687|448|9533|
1000007683|202412|5526830|8127|||||156558|239|8366|
1000007685|202112|3934134|4664|||||||4664|
1000007685|202212|6228432|7893|||||||7893|
1000007685|202312|6228432|7893|||||||7893|
1000007685|202412|6193585|9105|||||||9105|
1000007690|202112|4609924|5465|110563638|1139|||||6604|
1000007690|202212|968376|1227|136557604|1302|||||2529|
1000007690|202312|257239|332|868947322|7931|||||8263|
1000007690|202412|515000|757|316458050|2966|35810000|7208|||10931|
1000007694|202112|6083795|7212|||||||7212|
1000007694|202212|9100859|11534|||||||11534|
1000007694|202312|12281697|15836|||||59446|85|15921|
1000007694|202412|4895861|7197|||||||7197|
1000007735|202112|367821|436|206155896|2124|||||2560|
1000007735|202212|||196212208|1870|||||1870|
1000007735|202312|||198176487|1809|||||1809|
1000007735|202412|242004|356|172833351|1619|95118000|19144|||21119|
1000007747|202112|321109|381|||||||381|
1000007747|202412|132849|195|||||||195|
1000007749|202312|||||||||0|
1000007768|202503|3458034|5071|||||402362|639|5710|
1000007781|202212|||||||||0|
1000007781|202312|||||||||0|
1000007786|202112|||18000000|185|||||185|
1000007786|202212|||18000000|172|||||172|
1000007786|202312|||29119000|266|||||266|
1000007786|202412|||24250000|227|||||227|
1000007805|202412|35703|52|||||||52|
1000007806|202112|214867|255|25804488|266|1264009|235|300|0|756|
1000007806|202212|468970|594|7810567|74|1232729|224|456|1|893|
1000007806|202312|0|133|0|73|0|187|0|2|395|
1000007806|202412|0|55|0|181|0|170|0|2|408|
1000007808|202112|0|720|||||0|344|1064|
1000007808|202212|0|2024|0|556|||0|292|2872|
1000007808|202312|0|877|0|337|||0|12202|13416|
1000007808|202412|0|3764|0|113|||0|3898|7775|
1000007818|202112|2288684|2713|||||||2713|
1000007818|202212|619980|785|||||||785|
1000007818|202312|876490|1130|||||544780|777|1907|
1000007818|202412|3841043|5646|||||696475|1065|6711|
1000007820|202112|805|1|||||||1|
1000007820|202312|293313|378|||||||378|
1000007820|202412|152000|223|||||||223|
1000007825|202112|1000|1|||||||1|
1000007825|202212|1000|1|||||||1|
1000007825|202312|1000|1|||||||1|
1000007851|202112|0|380|||||||642|
1000007851|202212|0|957|||||||1001|
1000007851|202312|0|100|||||||100|
1000007851|202412|0|37931|||||||37931|
1000007855|202212|0|66299|0|253|||0|308|66860|
1000007855|202312|0|69399|0|1095|||0|325|71070|
1000007855|202412|0|32634|0|382|||0|348|33364|
1000007858|202412|2850060|4190|||35462056|7137|||11330|
1000007868|202112|878719|1039|47971182|494|||||1533|
1000007868|202212|621714|788|23290085|222|||||1010|
1000007868|202312|1502209487|1502|||||||1502|
1000007868|202412|7435|3690|54610|511|||||4201|
1000007878|202312|6677|9|||||||9|
1000007882|202312|||||||||0|
1000007882|202412|||||||||0|
1000007920|202312|886673|1144|||||49735|71|1215|
1000007920|202412|470634|692|||||355898|544|1236|
1000007982|202112|0|315|||||||315|
1000007982|202212|0|310|||||||310|
1000007982|202312|0|988|||||||988|
1000007982|202412|0|873|||||||873|
1000007995|202112|616912|731|4032580|42|||112308|151|924|
1000007995|202212|810134|1027|2794452|26|||180687|241|1294|
1000007995|202312|700688|903|1073159|10|||152449|217|1130|
1000007995|202412|481969|708|982174|9|||112486|172|889|
1000007996|202112|9920|12|||||||12|
1000007996|202312|780372|1006|||||||1006|
1000007996|202412|442899|651|||||1746100|2669|3320|
1000008002|202312|||||||||0|
1000008002|202412|||||||||0|
1000008018|202112|507233|601|||||395700|531|1132|
1000008018|202212|321720|408|||||169000|228|636|
1000008018|202312|639099|824|46400000|423|||180600|258|1505|
1000008018|202412|1156251|1700|12400000|116|||||1816|
1000008021|202312|||||||||0|
1000008021|202412|||||||||0|
1000008023|202312|||||||||0|
1000008023|202412|||||||||0|
1000008031|202112|0|25|||0|5|||30|
1000008031|202212|0|86|||0|4|||90|
1000008031|202312|0|71|||0|10|||81|
1000008031|202412|0|1635|||0|6|||1641|
1000008032|202112|2546158|3019|||||||3019|
1000008032|202212|545730|692|||||||692|
1000008032|202312|116637|150|||||||150|
1000008032|202412|89536|132|||||||132|
1000008037|202312|||||||||0|
1000008037|202412|||||||||0|
1000008041|202112|508891|603|||||||603|
1000008041|202212|1076086|1364|||||||1364|
1000008041|202312|1627822|2099|||||||2099|
1000008041|202412|1719533|2528|||||||2528|
1000008044|202312|||||||||0|
1000008044|202412|||||||||0|
1000008046|202112|0|8730|||||||8730|
1000008046|202212|0|11652|||||||11652|
1000008046|202312|0|9061|||||||9061|
1000008046|202412|0|9837|||||||9837|
1000008047|202312|39041|50|||||||50|
1000008047|202412|0|341|||||||341|
1000008050|202112|0|118248|0|55412|||||175962|
1000008050|202212|0|142002|0|51552|||||201364|
1000008052|202312|||||||||0|
1000008052|202412|245729|361|||||57075|87|448|
1000008060|202112|38056|45|||||||45|
1000008060|202212|5247732|6651|||||||6651|
1000008060|202312|9339484|12042|||||||12042|
1000008060|202412|6276233|9226|||||||9226|
1000008078|202212|21808|28|||34000|6|||34|
1000008088|202112|4000|5|||||||5|
1000008088|202312|||||||||0|
1000008088|202412|||||||||0|
1000008125|202412|0|3465|0|22|||||3487|
1000008138|202112|6400|8|||||||8|
1000008138|202212|5200|7|||||||7|
1000008138|202312|||||||||0|
1000008138|202412|||||||||0|
1000008154|202112|3006195|3564|980941635|10106|||||13670|
1000008154|202312|||||||||0|
1000008155|202112|0|3316|0|2436|0|1734|||7486|
1000008155|202212|0|2238|0|1623|0|1329|||5359|
1000008155|202312|0|3696|0|1537|0|38|||5271|
1000008155|202412|0|436|0|1248|0|59|||1765|
1000008169|202312|||||||||0|
1000008169|202412|||||||||0|
1000008178|202312|||||||||0|
1000008178|202412|||||||||0|
1000008182|202312|||||||||0|
1000008182|202412|||||||||0|
1000008188|202112|0|9|||||||9|
1000008208|202112|56650|67|||||3600|5|72|
1000008208|202212|90165|118|||||||118|
1000008208|202312|9950|14|||||700|1|15|
1000008208|202412|48450|71|||||||71|
1000008212|202112|0|5933|||||||6009|
1000008212|202212|0|5615|||||||5698|
1000008212|202312|0|4625|||||||4665|
1000008212|202412|0|4871|||||||4928|
1000008220|202312|||||||||0|
1000008220|202412|315052|463|45391237|425|||||888|
1000008229|202112|323809|384|||||||384|
1000008229|202312|||||||||0|
1000008229|202412|253870|373|||||||373|
1000008244|202312|||||||||0|
1000008244|202412|||||||||0|
1000008274|202312|507626|655|||||99849|142|797|
1000008275|202112|1790|2|||||||2|
1000008275|202212|1790|2|||||||2|
1000008275|202312|1790|2|||||||2|
1000008275|202412|47390|70|||||||70|
1000008287|202112|39575|47|||||||47|
1000008287|202212|39575|47|||||||47|
1000008287|202312|40|51|||||||51|
1000008287|202412|92076|135|||||||135|
1000008288|202312|1382005|1782|||||||1782|
1000008288|202412|170098|250|||||||250|
1000008295|202112|||116747000|1203|||||1203|
1000008295|202212|||83248000|794|||||794|
1000008295|202312|||38119000|348|||||348|
1000008295|202412|||39420000|369|||||369|
1000008315|202312|||||||||0|
1000008315|202412|||||||||0|
1000008344|202112|3196988|3790|||||||3790|
1000008344|202212|3965468|5026|||||||5026|
1000008344|202312|3984158|5138|||||||5138|
1000008344|202412|3774959|5549|||||||5549|
1000008352|202412|27954|41|||||||41|
1000008359|202112|407964|484|||||174385|234|718|
1000008359|202212|933446|1183|||||||1183|
1000008359|202312|962628|1242|||||115|0|1242|
1000008359|202412|620337|862|||||||862|
1000008362|202112|||147215760|1517|||||1517|
1000008362|202212|3250963|4120|127633705|1217|||||5337|
1000008362|202312|2313674|2983|||||||2983|
1000008362|202412|3312166|4869|70378189|659|||||5528|
1000008390|202112|8568345|10164|9127792|94|||39784|53|10311|
1000008390|202212|5607685|7107|7648000|73|||||7180|
1000008390|202312|5995724|7731|6000000|55|||||7786|
1000008390|202412|7806950|11477|||||3405|5|11482|
1000008391|202412|81290|119|||||||119|
1000008392|202112|0|180838|||0|1624|0|493|183225|
1000008392|202212|0|205967|||0|597|0|577|207686|
1000008392|202312|0|177436|0|277|0|995|0|4045|183961|
1000008392|202412|0|127806|||0|1897|0|4141|135116|
1000008393|202112|5314000|6300|||||1000|1|6301|
1000008393|202212|7206000|9132|15174000|145|||8074000|10910|20187|
1000008393|202312|5495000|7085|||||235000|335|7420|
1000008393|202412|5793038|8516|64800000|12719|||8319928|607|21842|
1000008396|202112|1251682|1484|||||2318886|3113|4597|
1000008396|202212|2479706|3143|||||683685|924|4067|
1000008396|202312|2831510|3651|||||1244638|1776|5427|
1000008396|202412|894659|1315|||||1251753|1914|3233|
1000008398|202312|||||||||0|
1000008398|202412|139166|204|||||||204|
1000008399|202112|0|3206|||||0|1279|4485|
1000008399|202212|0|2396|||||0|482|2878|
1000008399|202312|0|2436|||||||2436|
1000008399|202412|0|1688|||||||1688|
1000008405|202303|||||||||0|
1000008406|202112|55072534|65289|||||||65289|
1000008406|202312|41318403|53257|||3378000|611|||53868|
1000008406|202412|27243015|40062|||625502|126|980000|1498|41686|
1000008407|202112|0|6693|0|849|||0|114|7694|
1000008407|202212|0|7989|0|27|||0|40|8067|
1000008407|202312|0|9279|0|108|||0|174|9572|
1000008407|202412|0|8852|0|618|||0|7629|17110|
1000008408|202112|861580|1021|||||||1021|
1000008408|202212|174640|221|||||||221|
1000008408|202312|81640|105|||||||105|
1000008409|202112|0|105|||||||105|
1000008409|202212|0|237|||||||237|
1000008409|202312|167798|216|||||||216|
1000008409|202412|0|150|||||||150|
1000008410|202112|||444756270|4582|||||4582|
1000008410|202212|||646000915|6156|||1800000|2432|8588|
1000008410|202312|||616852472|5630|||1600000|2283|7913|
1000008410|202412|||703132973|6585|||1400000|2140|8725|
1000008420|202312|||||||||0|
1000008420|202412|||||||||0|
1000008422|202112|273246|324|28099927|200|29000|5|121150|163|692|
1000008422|202212|208201|264|20837000|199|29000|5|17167|23|491|
1000008422|202312|459747|592|24353500|222|1144732|207|9635|14|1035|
1000008422|202412|347959|511|39997988|771|29000|6|386257|590|1878|
1000008426|202112|2221|2|||||13286|2|4|
1000008426|202212|216|0|||||2352|3|3|
1000008426|202312|2617|4|||||1630|2|6|
1000008426|202412|||||||1153|2|2|
1000008432|202112|2624906|3112|||||2652923|3561|6673|
1000008432|202212|3550593|4500|||||1094241|1478|5978|
1000008432|202312|114280|151|||||||151|
1000008432|202412|85479|126|||||||126|
1000008436|202112|972230|1153|||||||1153|
1000008436|202212|310683|394|||||||394|
1000008436|202312|213267|275|||||||275|
1000008442|202112|2337789|2771|2223936|23|||10400000|13960|16754|
1000008442|202212|3270454|4827|823680|8|||10400000|14052|18887|
1000008442|202312|1631712|2104|3365630|31|||10400000|14837|16972|
1000008442|202412|1362226|2003|664884|6|||10413784|15920|17929|
1000008444|202112|0|359|0|7|||||366|
1000008444|202212|0|674|0|6|||||680|
1000008444|202312|0|343|0|3|||||346|
1000008444|202412|0|220|||||||220|
1000008446|202112|461239|547|||||||547|
1000008446|202212|342856|435|||||||435|
1000008446|202312|217580|281|||||||281|
1000008451|202112|689098|817|4253000|44|1393558|260|7755|11|1132|
1000008451|202212|1007984|1277|956900|9|1393558|253|36681|50|1593|
1000008451|202312|575360|742|||1393558|252|10222|15|1009|
1000008451|202412|207287|305|17500|0|||7369|11|316|
1000008454|202312|||||||||0|
1000008454|202412|||||||||0|
1000008456|202412|||||||||0|
1000008464|202112|1263331|1498|||||2457270|3298|4878|
1000008464|202212|||1044736|10|||||10|
1000008464|202312|767168|989|||||38481|55|1283|
1000008464|202412|973779|1431|250000|2|||238162|364|1797|
1000008482|202312|||||||||0|
1000008482|202412|||||||||0|
1000008486|202112|1358203|1610|||||||1610|
1000008486|202212|1575097|1996|||||||1996|
1000008486|202312|1330537|1716|||||||1716|
1000008486|202412|415204|610|||795029|160|151300|231|1001|
1000008501|202312|||||||||0|
1000008514|202112|2373144|2813|||||12500|17|2830|
1000008518|202112|197962|235|||||10187|14|249|
1000008518|202212|260641|330|||||6818|9|339|
1000008518|202312|546658|725|||||6267|9|734|
1000008518|202412|365478|537|||||||537|
1000008525|202112|3126661|3707|||||||3707|
1000008525|202212|2959746|3751|||||||3751|
1000008525|202312|6838256|8817|||||||8817|
1000008525|202412|5654653|8312|||||||8312|
1000008531|202212|276600|351|||||||351|
1000008531|202412|105095|154|||||||154|
1000008536|202112|1120100|1324|||||||1324|
1000008536|202312|||||||||0|
1000008536|202412|||||||||0|
1000008538|202112|262021|311|||||||311|
1000008550|202112|0|68434|0|24820|0|9391|0|1535|104180|
1000008550|202212|0|28009|0|23867|0|6656|0|10115|68647|
1000008550|202312|0|29708|0|7674|0|13794|0|5297|56473|
1000008550|202412|0|35820|0|4602|0|18464|0|2909|61795|
1000008551|202112|589107000|698387|25479000|262|||2880000|3865|741098|
1000008551|202212|566733000|718220|48298000|460|||8107000|10954|757675|
1000008551|202312|209274000|269838|3523000|2380|||1668000|32|272250|
1000008551|202412|75708000|111291|1138678000|10664|||5268000|8038|161838|
1000008564|202112|1914641|2270|1616358|17|||562235|755|3042|
1000008564|202212|1744620|2211|||||947303|1280|3491|
1000008564|202312|1114644|1437|||||907706|1295|2732|
1000008564|202412|1601897|2355|||||492325|753|3108|
1000008602|202112|1622|2|||||||2|
1000008602|202212|2384|3|||||||3|
1000008602|202312|400635|517|||||||517|
1000008602|202412|212|0|||||||0|
1000008627|202312|||||||||0|
1000008627|202412|||||||||0|
1000008642|202312|||||||||0|
1000008642|202412|||||||||0|
1000008644|202312|1817|2|||4800|1|||3|
1000008644|202412|||||||||0|
1000008671|202212|19832179|25134|||45172863|8196|||33330|
1000008671|202312|19059688|24575|||107725646|19481|||44056|
1000008671|202412|17958236|26399|||52199219|10506|||36905|
1000008671|202503|20908805|30663|||20496183|4134|||34797|
1000008721|202112|1811580|2148|||||||2148|
1000008721|202212|878582|1113|||||||1113|
1000008721|202312|2306113|2974|||||||2974|
1000008721|202412|2491936|3663|||||||3663|
1000008726|202212|13077|14|||||||14|
1000008726|202312|||||||||0|
1000008726|202412|13487|20|||||||20|
1000008728|202312|||||||||0|
1000008728|202412|||||||||0|
1000008739|202312|||||||||0|
1000008739|202412|||||||||0|
1000008742|202312|730000|941|||||||941|
1000008742|202412|||||||||0|
1000008756|202112|384900|456|||||||456|
1000008756|202312|||||||||0|
1000008756|202412|||||||||0|
1000008764|202112|164857|195|||||||195|
1000008764|202212|839210|1064|||||||1064|
1000008764|202312|1038055|1338|||||||1338|
1000008764|202412|1048357|1541|||||||1541|
1000008770|202312|||||||||0|
1000008770|202412|||||||||0|
1000008781|202112|162943|193|||||||193|
1000008781|202212|144944|184|||||||184|
1000008781|202312|1786215|2303|||||||2303|
1000008781|202412|3871357|5691|||||2784913|4257|9948|
1000008785|202112|0|290|||0|2064|0|30|2384|
1000008790|202412|||||||||0|
1000008794|202103|6315146|7158|||||||7158|
1000008794|202203|12629414|15292|||||||15292|
1000008794|202403|||||||||0|
1000008794|202503|||||||||0|
1000008823|202112|448986|532|||||||532|
1000008823|202212|660613|837|||||||837|
1000008823|202312|282630|364|||||||364|
1000008823|202412|171862|253|||||||253|
1000008827|202112|138384|164|||||15776|21|185|
1000008827|202212|138384|164|||||15776|21|185|
1000008827|202412|||||||50289|75|75|
1000008842|202312|332398|429|||||||429|
1000008842|202412|17108|25|95580|19|||||44|
1000008856|202112|31645|38|850000|9|||12500|17|64|
1000008860|202412|3240000|4763|||||||4763|
1000008864|202312|||||||||0|
1000008864|202412|||||||||0|
1000008865|202112|4014908|4759|||||||4759|
1000008865|202212|7916593|10033|||||||10033|
1000008865|202312|6080092|7843|||||||7843|
1000008865|202412|6862355|10088|78306674|733|||||10821|
1000008933|202412|||||||||0|
1000008956|202112|9321000000|11050216|40991000000|422308|8000000|1444|134000000|180445|11654413|
1000008956|202212|13439000000|17031773|40831000000|389195|7000000|1232|83000000|112121|17534321|
1000008956|202312|17505000000|22571103|19000000|3480|111000000|158820|65380000000|596699|23330102|
1000008956|202412|13263000000|19497064|105109000000|984329|||373000000|570426|21051819|
1000008974|202212|5251051|6655|453602|4|10650|2|3500|5|6671|
1000008974|202312|4020388|5184|||||||5184|
1000008974|202412|16495|24|||||||24|
1000008976|202112|574226|681|||||||681|
1000008976|202212|482030|611|||||||611|
1000008976|202312|318971|411|||||||411|
1000008976|202412|938837|1380|||||||1380|
1000008982|202112|0|403|||||||403|
1000008982|202212|0|423|||||||423|
1000008982|202312|0|338|||||||338|
1000008982|202412|0|506|||||||506|
1000008986|202112|6681896|7921|244166221|2515|||||10436|
1000008986|202212|3366546|4267|19865900|189|||||4456|
1000008986|202312|180043|232|5870350|53|||||285|
1000008986|202412|1186437|1744|966900|9|||||1753|
1000008990|202112|0|2965|0|184|||||3149|
1000008990|202212|0|881|||||||881|
1000008990|202312|0|1265|||||||1265|
1000008999|202112|0|14545|||||||14545|
1000008999|202212|12124666|15366|||||||15366|
1000008999|202312|2614481|3371|||||||3371|
1000008999|202412|18954391|27863|||||||27863|
1000009004|202112|4224915|5009|||||||5009|
1000009004|202212|3833465|4914|||||456696|617|5531|
1000009004|202312|2055409|2651|||||1102680|1573|4224|
1000009004|202412|115637|170|||||2588167|3957|4127|
1000009005|202212|609941|773|148142352|1412|||||2185|
1000009005|202312|331422|427|137227500|1253|||||1680|
1000009005|202412|124177|183|105798661|991|||||1174|
1000009014|202312|||||||||0|
1000009022|202112|0|231300|||||||231300|
1000009022|202212|0|317387|||||||317387|
1000009022|202312|0|288975|||||||288975|
1000009022|202412|0|298267|||||||298267|
1000009025|202112|15373833|18226|||||||18226|
1000009025|202212|35746190|48181|||||||48181|
1000009025|202312|24037528|31769|||||||31769|
1000009025|202412|33186147|47271|||||||47271|
1000009036|202312|||||||||0|
1000009036|202412|||||||||0|
1000009050|202412|||||||||0|
1000009059|202212|||||||18920|26|26|
1000009059|202312|1997|2575|||||||2575|
1000009059|202412|||||||||37|
1000009068|202412|||||||||0|
1000009076|202112|181345577|214987|26842080|277|||9510|13|215277|
1000009076|202212|218489111|276892|24527650|234|||14665|20|277146|
1000009076|202312|148283930|189462|28251420|258|1424311|258|61468|88|190066|
1000009076|202412|136708913|200963|32370486|303|2361706|475|53808|82|201824|
1000009087|202212|30000|38|||||||38|
1000009087|202312|63000|82|||||||82|
1000009088|202112|||||||2012831|2664|2664|
1000009088|202212|||||||1554905|2101|2101|
1000009088|202312|||||||3097215|4418|4418|
1000009088|202412|||||||5274761|8064|8064|
1000009091|202112|2009192|2382|||||||2382|
1000009091|202212|3307589|4192|||||||4192|
1000009091|202312|2270659|2928|||||||2928|
1000009091|202412|3989134|5864|||||||5864|
1000009092|202112|7563320|8966|780000000|8036|||410250|551|18279|
1000009092|202212|17318626|21960|780000|7435|||491200|664|30059|
1000009092|202312|10308924|13292|780000000|7119|||213110|304|21983|
1000009092|202412|4247659|6244|780000000|7305|||487315|745|16309|
1000009093|202112|628516|745|||||137592|185|930|
1000009093|202212|250591|318|||||218502|295|613|
1000009093|202312|450319|581|||||||581|
1000009093|202412|150520|221|||||||221|
1000009094|202107|25547|29|||||||29|
1000009094|202207|414812|541|||||||541|
1000009094|202307|318265|408|||||||408|
1000009094|202407|15337|21|||||||21|
1000009094|202507|||||||||0|
1000009095|202112|52260|62|||||||62|
1000009095|202212|0|984|||||0|52|1036|
1000009096|202306|||||||||0|
1000009096|202406|||||||||0|
1000009096|202506|||||||||0|
1000009097|202112|314828|373|||||||373|
1000009098|202112|0|18577|||||0|338|18915|
1000009098|202212|0|21659|||||||21659|
1000009098|202312|0|11502|||||||11502|
1000009098|202412|0|14760|||||||14760|
1000009100|202112|2607323|3091|||||||3091|
1000009101|202112|84673|100|251204424|2624|||||2724|
1000009101|202212|70259|89|182977919|1744|||||1833|
1000009101|202312|47760|62|253052329|2365|||||2427|
1000009101|202412|19194|28|233551468|2187|23520|5|||2220|
1000009102|202112|42570359|50467|||36898106|380|1628|2|50849|
1000009102|202212|46478173|58902|27867920|266|||||59168|
1000009102|202312|37524104|48384|28788465|263|||||48647|
1000009102|202412|43450204|63872|29399473|275|||||64147|
1000009104|202312|||||||||0|
1000009104|202412|||||||||0|
1000009108|202312|1572616|1970|||||||1970|
1000009108|202412|339042|498|||||||498|
1000009109|202312|||||||||0|
1000009109|202412|||||||||0|
1000009119|202212|0|392|||||||392|
1000009119|202312|0|627|||||||627|
1000009119|202412|0|29|||||||29|
1000009122|202212|6171000|7821|17314000|165|8000|1|||7987|
1000009122|202312|4549|5865|18697|171|||||6036|
1000009122|202412|1917000|2818|19196000|180|||||2998|
1000009124|202412|0|10347|||||||10347|
1000009128|202412|||||||||0|
1000009133|202212|166400|211|||||||211|
1000009135|202112|394818|468|||||||468|
1000009135|202212|295930|375|||||||375|
1000009135|202312|85143|110|||||||110|
1000009135|202412|181442|267|||||||267|
1000009138|202112|1622519|1932|||||||1932|
1000009138|202212|15300|19|||||||19|
1000009138|202312|||||||||0|
1000009138|202412|||||||||0|
1000009140|202112|0|648|||||||648|
1000009140|202212|0|693|||||||693|
1000009140|202312|0|693|||||||693|
1000009144|202112|3151000|3736|||||19000|26|3762|
1000009144|202212|3951000|5007|||||19000|26|5033|
1000009144|202312|4216000|5436|||||19000|28|5464|
1000009144|202412|4277000|6287|||||19000|30|6317|
1000009147|202112|0|2228|0|592|||||2820|
1000009147|202212|0|5836|0|355|||||6191|
1000009147|202312|0|5578|0|340|||||5918|
1000009147|202412|0|8566|0|315|||||8881|
1000009148|202112|0|81|||||||81|
1000009148|202212|0|37|||||||37|
1000009148|202312|0|128|||||||128|
1000009148|202412|0|63648|||||0|4151|67799|
1000009155|202112|1184015|1404|10219850|105|||88688|119|1636|
1000009155|202212|826604|1048|6639170|63|||106299|144|1263|
1000009155|202312|435469|561|8349730|76|||69330|99|736|
1000009155|202412|656676|965|15039400|141|||56990|87|1194|
1000009158|202212|0|11754|||||0|3402|15156|
1000009158|202312|0|139|||||||171|
1000009158|202412|0|758|||||0|6115|6873|
1000009161|202112|||12551550|129|||||129|
1000009161|202212|||60070|0|||||263|
1000009161|202312|||53020|0|||||0|
1000009161|202412|11100|16|53020|0|||||16|
1000009174|202312|||||||||0|
1000009174|202412|||||||||0|
1000009179|202112|13000000|15412|||||||15412|
1000009179|202212|13000000|16475|||||||16475|
1000009179|202312|13000000|16762|||||||16762|
1000009200|202112|43500|52|||||||52|
1000009200|202212|43500|55|||||||55|
1000009200|202312|43500|56|||||||56|
1000009200|202412|398520|586|||||||586|
1000009204|202112|30000000|35565|||||||35565|
1000009204|202212|30000000|38019|||||||38019|
1000009204|202312|30000000|38682|||||||38682|
1000009211|202112|1861794|2207|||||||4402|
1000009211|202312|6442388|8307|||||||9995|
1000009211|202412|9971544|14658|||||||15853|
1000009219|202112|78973|94|||||47352|64|158|
1000009219|202212|75123|95|||||||95|
1000009219|202312|73340|95|||||||95|
1000009240|202112|3369|4|76484|1|||||5|
1000009240|202312|||||||||0|
1000009240|202412|||||||||0|
1000009241|202112|489203|580|288266|3|||||588|
1000009241|202212|47000|60|||||||113|
1000009241|202312|470000|607|||||||607|
1000009241|202412|105000|155|||||||155|
1000009249|202312|||||||||0|
1000009249|202412|||||||||0|
1000009265|202312|||||||||0|
1000009265|202412|||||||||0|
1000009267|202312|||||||||0|
1000009267|202412|||||||||0|
1000009303|202312|||||||||0|
1000009303|202412|167040|246|||||||246|
1000009326|202112|12500000|16779|||||||16779|
1000009326|202212|14992651|19000|42509669|405|27161274|4928|12813905|17314|41647|
1000009326|202312|22473470|28977|24377474|222|30051203|5434|12615031|17996|52629|
1000009326|202412|||||||12500000|19109|19109|
1000009373|202312|23852889|30756|||||2469|4|33025|
1000009373|202412|24089542|35412|||||54960|84|35602|
1000009376|202112|0|5|0|5|||0|17364|17386|
1000009376|202212|0|11830|0|68|0|12|0|19349|31260|
1000009376|202312|0|23111|0|79|0|1639|0|20879|45708|
1000009376|202412|0|34253|0|186|0|4226|0|23047|61807|
1000009388|202112|192905|229|||||52047|70|299|
1000009388|202212|17534|22|||||||30|
1000009388|202312|816265|1052|||||||1052|
1000009388|202412|1087570|1599|||||||1599|
1000009393|202112|0|51775|0|557|||||51775|
1000009393|202212|0|13247|0|40|||||13287|
1000009393|202312|0|46408|||||||68711|
1000009393|202412|0|14896|||0|48465|||63361|
1000009394|202112|0|52|0|1948|||||2000|
1000009394|202212|0|84|0|2043|||||2127|
1000009394|202312|0|85|0|3089|||||3174|
1000009394|202412|0|59|0|2461|||||2520|
1000009399|202112|385451|457|||||||457|
1000009399|202312|32160|41|||||||41|
1000009399|202412|||||||||0|
1000009417|202212|21757|28|||||||31|
1000009417|202312|||||||267|0|0|
1000009417|202412|2046|3|||||||3|
1000009429|202112|0|7832|||||0|2983|10815|
1000009429|202212|0|8312|||||0|3254|11566|
1000009429|202312|0|8537|||0|3|0|30|8570|
1000009429|202412|0|10557|||||0|100|10657|
1000009446|202112|3034709|3598|298500|3|||||3601|
1000009446|202212|3910156|4955|||||||4955|
1000009446|202312|4226014|5449|||||||5449|
1000009446|202412|4472086|6574|||||||6574|
1000009449|202112|127406|151|||||||151|
1000009449|202212|200446|254|||||||262|
1000009449|202312|319764|413|||||||421|
1000009449|202412|93444|137|||||||149|
1000009501|202112|0|1028|||||||1028|
1000009501|202212|0|429|||||||429|
1000009501|202312|0|244|||||||244|
1000009501|202412|0|656|||||||656|
1000009502|202112|2279275|2702|171176400|1764|2203830|410|182183|245|5574|
1000009502|202212|1967167|2493|85959600|819|2917945|529|7606|10|3864|
1000009502|202312|3786269|4882|87366900|798|9871894|1785|108746|155|8741|
1000009502|202412|2084788|3065|102517210|960|7453302|1500|64066|98|5698|
1000009503|202112|0|129934|||||0|120540|258797|
1000009503|202212|0|156352|||||0|228997|392231|
1000009503|202312|0|144141|||||0|99600|250146|
1000009503|202412|0|237563|||||0|103264|343662|
1000009504|202112|3316753|3932|7224480|74|||17809|24|4030|
1000009504|202212|3265600|4139|5994000|57|||||4196|
1000009504|202312|1757517|2266|2692000|25|||||2291|
1000009504|202412|2664315|3917|1784320|17|||7526|12|3946|
1000009505|202112|296489|351|||||||351|
1000009505|202312|112561|145|||||||145|
1000009505|202412|399392|587|||||||587|
1000009506|202112|1144472|1356|||||84759|114|1470|
1000009506|202212|4540362|5754|1843000|18|||2286|4|5776|
1000009506|202312|3171615|4089|1690000|15|405861|73|||4177|
1000009506|202412|2610389|3838|1690000|16|||9908|15|3869|
1000009514|202312|53116987|68489|3579000|33|||||68522|
1000009514|202412|16957404|24927|||||1930|3|24930|
1000009524|202212|785164|995|||||114100|154|1149|
1000009524|202312|653264|842|||||||842|
1000009524|202412|254420|374|29800000|279|||||653|
1000009525|202312|||||||||0|
1000009525|202412|||||||||0|
1000009526|202112|0|1242|||||0|1355|2661|
1000009526|202212|0|252|||||0|447|762|
1000009526|202312|0|216|||||0|726|942|
1000009526|202412|0|279|||||0|751|1030|
1000009532|202112|104069|123|41908840|432|||67810262|91024|123|
1000009532|202212|329827|418|||||||418|
1000009532|202312|30932|40|||||||40|
1000009534|202112|0|922|||||0|275|1197|
1000009534|202212|0|669|||||||669|
1000009534|202312|0|3647|||||||3647|
1000009534|202412|0|12130|||||0|150|12280|
1000009535|202112|18507941|21941|8824000|91|||86413|116|22148|
1000009535|202212|14901437|18884|11711000|112|||120933|163|19159|
1000009535|202312|15980393|20605|6412500|59|||1133434|1617|22281|
1000009535|202412|17605422|25880|16683000|156|||205724|315|26351|
1000009537|202112|2367753|2807|||||||2807|
1000009539|202112|2982576|3536|||50568742|9419|523091|702|13657|
1000009539|202212|1022680|1296|||143798157|26091|21586|29|27416|
1000009539|202312|2681532|3458|||189596845|34286|141626|202|37946|
1000009539|202412|2605375|3830|||374620972|75400|71497|109|79339|
1000009540|202112|0|18533|0|20|||||18553|
1000009540|202212|0|24804|0|10|||||24814|
1000009540|202312|0|18774|0|14|||||18788|
1000009540|202412|0|24235|0|1|||||24236|
1000009542|202112|10529236|12482|3463920|36|||3787|5|12523|
1000009542|202212|10581584|13410|||||4552|6|13416|
1000009542|202312|11631867|14998|6387380|58|||12572|18|15074|
1000009542|202412|9471292|13923|9598150|90|||9564|14|14027|
1000009543|202112|28872|34|||||||34|
1000009543|202212|6796|9|||||||9|
1000009543|202312|12000|15|||||||15|
1000009547|202112|8529964|10112|10967040|113|||||10225|
1000009547|202212|9242980|11714|||||86320|117|11831|
1000009547|202312|7283605|9457|||||240175|343|9800|
1000009547|202412|0|3419|0|19527|||||23096|
1000009554|202312|||||||||0|
1000009554|202412|||||||||0|
1000009559|202112|45234|54|||||||54|
1000009559|202312|||||||||0|
1000009560|202112|2050000|2430|||||||2430|
1000009560|202212|1680000|2129|||||||2129|
1000009567|202112|9121132|10813|||||||10813|
1000009567|202212|5614145|7115|||||||7115|
1000009567|202312|17862640|23443|||||15730|22|23465|
1000009567|202412|35102977|51601|||||||51601|
1000009568|202212|66140|84|||||2560|3|87|
1000009568|202312|111897|145|||||||145|
1000009568|202412|40984|60|||||2561|4|64|
1000009570|202212|||||3153510|572|||572|
1000009570|202312|||||3009852|572|||572|
1000009570|202412|||||3009852|606|||606|
1000009575|202112|624065|740|||||||740|
1000009575|202212|685520|869|||||831042|1123|1992|
1000009575|202312|310594|400|||||800369|1142|1542|
1000009575|202412|1524227|2241|||||875607|1339|3580|
1000009582|202212|0|183|0|4670|0|444|||5353|
1000009582|202312|0|35034|0|10933|0|51056|0|6587|103647|
1000009588|202112|0|15|||||||15|
1000009588|202212|0|60|||||||60|
1000009588|202312|0|178|||||||178|
1000009588|202412|0|184|||||||184|
1000009595|202112|209538|281|||||1000000|1186|1467|
1000009595|202212|||||||12696|17|17|
1000009595|202312|5308|7|||||87981|126|133|
1000009595|202412|886663|1303|||||93919|144|1447|
1000009598|202312|||||||||0|
1000009598|202412|||||||||0|
1000009599|202112|27270|32|||||||32|
1000009607|202312|||||||280103|400|400|
1000009607|202412|||||||81018|124|124|
1000009610|202112|2983358|3537|||||||3537|
1000009610|202212|1610784|2041|||||||2041|
1000009610|202312|0|943|||||||943|
1000009610|202412|0|917|||||||917|
1000009624|202112|0|28094|0|1868|||||39522|
1000009624|202212|0|40782|0|3317|||||54369|
1000009624|202312|0|8932|0|3987|||||22911|
1000009624|202412|0|4153|0|2756|||||16767|
1000009624|202512|0|4391|0|1589|||||16490|
1000009625|202112|186612|221|||||||221|
1000009630|202312|||||||||0|
1000009630|202412|||||||||0|
1000009631|202412|||||||||0|
1000009636|202112|56710|67|7417128|77|||||144|
1000009636|202212|75545|96|3481357|33|||||129|
1000009636|202312|28700|37|1881760|17|||||54|
1000009639|202312|||||||||0|
1000009639|202412|||||||||0|
1000009647|202312|||||||||0|
1000009647|202412|||||||||0|
1000009649|202112|3089677|3663|16000000|165|||||3828|
1000009649|202212|2533557|3210|||||||3210|
1000009649|202312|1867717|2408|||||||2408|
1000009649|202412|2645907|3890|||||||3890|
1000009655|202112|1780199|2110|738730562|7611|||1353768|1817|11538|
1000009655|202212|1767317|2240|552984864|5271|||1118952|1512|9023|
1000009655|202312|1945414|2532|304234109|2763|||3780194|5351|10646|
1000009660|202112|0|3184|||||||3184|
1000009660|202212|0|1107|||||||1107|
1000009660|202312|0|1634|||||0|1|1635|
1000009660|202412|0|2329|||||||2329|
1000009670|202112|137000|163|||||||163|
1000009679|202312|||||||||0|
1000009679|202412|||||||||0|
1000009683|202112|460395|546|||||||546|
1000009683|202212|662599|840|||||||840|
1000009683|202412|421328|619|||||||619|
1000009694|202312|||||||869599|1241|1241|
1000009694|202412|||||||1582241|2419|2419|
1000009695|202112|20095|24|||||||24|
1000009704|202112|0|57188|||||0|826|58437|
1000009704|202212|0|49818|||||0|9861|60475|
1000009704|202312|0|5947|0|4|||0|10648|18868|
1000009704|202412|0|11866|0|18|||0|11712|25152|
1000009709|202312|||||||||0|
1000009709|202412|1182841|1739|255000|2|||||1741|
1000009721|202112|0|9|0|301|||0|1697|2007|
1000009721|202212|0|28|0|280|||0|713|1021|
1000009721|202312|||||0|3|0|143|146|
1000009721|202412|||0|130|||||130|
1000009743|202312|||||||||0|
1000009743|202412|||||||||0|
1000009747|202112|43380|51|||||||51|
1000009747|202212|45493|54|||||||54|
1000009747|202312|73057|94|||||||94|
1000009747|202412|65174|95|||||||95|
1000009749|202112|3111399|3689|41908840|432|||67810262|91024|95171|
1000009749|202212|1895912|2403|88765439|846|||27936527|37748|40999|
1000009749|202312|4200881|5417|11850000|108|||499543|713|6238|
1000009749|202412|5013650|7370|||162302|33|531326|812|8233|
1000009754|202312|||||||||0|
1000009754|202412|||||||||0|
1000009759|202112|||||||||1|
1000009759|202212|0|473|||||||474|
1000009771|202312|||||||||0|
1000009771|202412|||||||||0|
1000009772|202112|1582993|1877|||||171070|230|2107|
1000009772|202212|1149219|1456|392150|4|||256906|347|1807|
1000009772|202312|1432600|1847|292500|3|||||1850|
1000009772|202412|363997|535|124500|1|||231594|354|891|
1000009784|202312|||||||||0|
1000009784|202412|||||||||0|
1000009786|202312|||||||||0|
1000009786|202412|||||||||0|
1000009820|202112|0|71085|||||0|190|71275|
1000009820|202212|0|92324|||||0|243|92567|
1000009820|202312|0|93150|||||0|23|93173|
1000009820|202412|0|108564|||||0|198|108762|
1000009829|202112|1924646|2282|||||||2282|
1000009829|202312|||||||||0|
1000009829|202412|||||||||0|
1000009844|202112|1434705|1701|||||||1701|
1000009844|202212|2139505|2712|||||||2712|
1000009844|202312|1677570|2163|||||||2163|
1000009870|202412|||||||||0|
1000009894|202112|1180393|1399|||||583079|783|2182|
1000009894|202212|559425|709|||||950930|1285|1994|
1000009894|202312|859914|1109|||||||1109|
1000009894|202412|1096955|1646|||||||1646|
1000009898|202212|35325|44|||||||44|
1000009907|202312|9001|12|||||||43|
1000009907|202412|||||||||2|
1000009976|202112|6308442|7479|||||||7479|
1000009976|202212|9565649|12239|||||||12239|
1000009976|202312|11478761|14801|||||||14801|
1000009976|202412|10144756|14913|||||||14913|
1000009981|202112|883424|1047|200413634|2065|||||3112|
1000009981|202212|528902|670|104308784|994|||||1664|
1000009981|202312|1100661|1419|166017620|1515|||||2934|
1000009981|202412|479057|704|222573207|2084|||||2788|
1000010001|202112|5428030|6435|||||||6435|
1000010001|202212|7478775|9478|||||||9478|
1000010001|202312|8033793|10359|||||||10359|
1000010001|202412|7678582|11288|||||||11288|
1000010025|202112|1029570|1221|||||128312|172|1393|
1000010025|202212|1741538|2207|||40590|7|18844|25|2239|
1000010025|202312|1466646|1892|||||1229|2|1894|
1000010025|202412|1513807|2226|||||1619|2|2249|
1000010026|202112|15989575|18955|||15693|3|||18958|
1000010026|202312|11242619|14496|||||||14496|
1000010026|202412|5797785|8523|||||||8523|
1000010028|202312|||||||||0|
1000010028|202412|||||||||0|
1000010029|202112|92920|110|||||||110|
1000010029|202212|1000|1|||||7540|10|11|
1000010029|202312|330904|431|||||||431|
1000010029|202412|22762|33|||||||33|
1000010030|202312|73611|95|||||||95|
1000010030|202412|75516|111|||||||111|
1000010031|202212|452|1|||||||1|
1000010031|202312|69446|90|||||||90|
1000010031|202412|154908|228|||||||228|
1000010032|202112|0|119404|0|663|||||120317|
1000010032|202212|0|86115|0|346|||||86727|
1000010032|202312|0|22448|0|61|||||22520|
1000010032|202412|0|11908|||||||12047|
1000010034|202112|72078|85|||||||85|
1000010034|202212|99063|85|||||||85|
1000010034|202312|57719|74|||||||74|
1000010034|202412|56102|82|||||||82|
1000010038|202112|44534|53|||||||53|
1000010038|202212|624000|791|||||||791|
1000010038|202312|9420|12|||||||12|
1000010042|202112|0|11554|0|110|||||11664|
1000010042|202212|0|14388|0|1329|||0|105|15822|
1000010042|202312|0|17125|0|92|||0|13|17230|
1000010042|202412|0|18596|0|96|||0|90|18782|
1000010046|202112|5065018|6005|327600|3|||||6008|
1000010046|202212|3145656|3986|||||||3986|
1000010046|202312|3719391|4796|||||||4796|
1000010046|202412|2734799|4020|||||||4020|
1000010048|202112|48810|58|||||||58|
1000010048|202212|15321|20|||||||20|
1000010048|202312|33743|44|||||||44|
1000010051|202112|0|67|||||0|338|405|
1000010051|202212|0|540|0|1|||0|775|1316|
1000010051|202312|0|3080|0|25|||0|624|3729|
1000010051|202412|0|1115|0|23|||0|783|1921|
1000010052|202112|0|1959|||||||1959|
1000010052|202212|0|586|||||||586|
1000010052|202312|0|424|||||||424|
1000010052|202412|0|3682|||||||3682|
1000010053|202112|0|1482|||||0|1020|2502|
1000010053|202212|0|31667|||||0|1171|32838|
1000010053|202312|0|31846|||||0|615|32461|
1000010053|202412|0|34656|||||0|2297|36953|
1000010055|202312|||||||||0|
1000010055|202412|||||||||0|
1000010056|202112|1442333|1710|||||||1710|
1000010056|202212|1619967|2053|||||||2053|
1000010056|202312|3117389|4019|||||||4019|
1000010056|202412|2719212|3997|||||||3997|
1000010057|202212|492800|625|||||||625|
1000010057|202312|897341|1157|||||||1157|
1000010057|202412|794885|1168|||||||1168|
1000010058|202312|||||||||0|
1000010058|202412|||||||||0|
1000010062|202112|0|1794|0|4|||||1798|
1000010062|202212|0|3994|||||||4006|
1000010062|202312|0|2983|||||0|468|3451|
1000010062|202412|0|3888|||||0|25|4535|
1000010064|202112|4060754|4814|||||||4814|
1000010064|202212|4039553|5619|||||||5619|
1000010064|202312|3644850|4698|||||||4698|
1000010064|202412|4922455|7236|||||||7236|
1000010065|202312|||||||||0|
1000010066|202112|253262|300|||||||300|
1000010066|202212|1589262|2014|||||||2014|
1000010066|202312|253262|327|||||||327|
1000010066|202412|253262|372|||||||372|
1000010067|202212|94968|120|||||||120|
1000010067|202312|15000|19|||||||19|
1000010067|202412|||||||||0|
1000010069|202112|13334|16|||||||16|
1000010069|202312|||||||||0|
1000010069|202412|56927|84|||||132135|202|286|
1000010070|202112|1185|1646|||186|387|2684|12146|14179|
1000010070|202212|1899464|2407|||523573|95|8010805|10824|13326|
1000010070|202312|1066441|1375|||1601736|290|8973837|12802|14467|
1000010070|202412|1348780|1983|||1742006|351|11531929|17629|19963|
1000010072|202112|||1035305|1227|||||1227|
1000010072|202212|2056160|2606|||||||2606|
1000010072|202312|||||||||0|
1000010072|202412|120389|177|||||||177|
1000010073|202112|66127|78|||||||78|
1000010073|202312|||||||||0|
1000010073|202412|||||||||0|
1000010079|202312|||||||||0|
1000010080|202112|21826|26|||48800|9|||35|
1000010080|202212|121689|154|||||||154|
1000010080|202312|116555|150|||12272|2|||152|
1000010080|202412|143773|211|||30400|6|||217|
1000010081|202112|4786195|5674|||||||5674|
1000010081|202212|6870387|8707|||||||8707|
1000010081|202312|3626785|4676|||||||4676|
1000010081|202412|4192511|6163|||||||6163|
1000010082|202112|0|37115|0|1594|||||38709|
1000010082|202212|0|30205|0|1341|||||31546|
1000010082|202312|0|30007|0|581|||||30588|
1000010082|202412|0|91862|0|859|||||92721|
1000010083|202112|13765728|16319|1377905000|14196|||945767|1269|31784|
1000010083|202212|9892363|12537|635000000|6053|||44500|60|18650|
1000010083|202312|805120|1038|635000000|5795|||38700|55|6888|
1000010083|202412|4605919|6771|635000000|5947|||||12718|
1000010087|202112|90839|108|||||||108|
1000010087|202212|31500|40|||||||40|
1000010087|202312|98139|127|||||||127|
1000010087|202412|363471|534|||||||534|
1000010094|202312|||||||||0|
1000010094|202412|||||||||0|
1000010102|202112|0|26024|0|582|||||26606|
1000010102|202212|0|18|0|1|||||19|
1000010102|202312|0|21285|0|683|||||21968|
1000010102|202412|0|19462|0|503|||||19965|
1000010104|202312|||||||||0|
1000010104|202412|1266002|1852|||||||1852|
1000010106|202112|144673|172|3932527|41|||17600|24|296|
1000010106|202212|54505|69|14107287|134|||19648|30|287|
1000010106|202312|268129|346|||||96946|138|602|
1000010106|202412|82|120|||||||16973|
1000010108|202312|||||||||0|
1000010108|202412|||||||||0|
1000010111|202112|501530|595|||||||595|
1000010111|202212|466373|591|||||||591|
1000010111|202312|466373|601|||||||601|
1000010111|202412|466373|686|||||||686|
1000010135|202112|||5223990|54|||7050|9|63|
1000010135|202212|449166|569|45432000|433|||||1002|
1000010135|202312|619968|799|45956760|420|||36874|52|1271|
1000010135|202412|550723|809|41300000|387|||73748|113|1309|
1000010141|202312|||||||||0|
1000010141|202412|||||||||0|
1000010150|202112|5361545|6356|||||||6356|
1000010150|202212|2650004|3358|||||||3358|
1000010154|202312|||||||||0|
1000010154|202412|||||||||0|
1000010157|202212|||5778000|55|||||55|
1000010157|202312|||10392000|95|||||95|
1000010157|202412|||||||||0|
1000010160|202112|556080|659|279717580|2882|||||3541|
1000010160|202212|6725530|8523|0|0|5592976|1015|570644|771|10309|
1000010160|202312|75846|98|415574190|3793|5570756|1007|2271|3|4901|
1000010160|202412|||671591640|6287|4519930|910|2271|3|7200|
1000010162|202112|2041274|2420|||||88221|118|2539|
1000010162|202212|1928618|2444|||||29713|40|2489|
1000010162|202312|2000127|2579|||||16451|23|2606|
1000010162|202412|2406539|3538|22117608|207|1326800|267|152320|233|4245|
1000010163|202112|6509046|7716|||59736436|11127|1254924|1685|20528|
1000010163|202212|12051444|15273|||14092168|2557|2087130|2820|20650|
1000010163|202312|24065592|31030|||32585041|5893|6692091|9547|46485|
1000010163|202412|65365431|96087|||20784428|4183|40560|62|100332|
1000010164|202312|||||||||0|
1000010164|202412|||||||||0|
1000010179|202112|297908|324|||||||324|
1000010179|202212|353092|447|||||||447|
1000010179|202312|448453|578|||||||578|
1000010179|202412|1802929|2650|||||||2650|
1000010180|202112|||0|2143|||||2143|
1000010180|202212|||0|805|||||805|
1000010180|202312|||0|3190|||||3190|
1000010180|202412|||0|4055|||0|734|4789|
1000010181|202112|252316|299|||||35023|47|346|
1000010181|202212|366819|465|||||105574|143|608|
1000010181|202312|211115|272|||||||272|
1000010181|202412|0|469|||||||469|
1000010195|202112|0|407|||||||407|
1000010195|202212|0|407|||||||407|
1000010195|202312|0|550|||||||550|
1000010197|202112|12234699|14504|21000|22|||||14526|
1000010197|202212|||||61000|11|||11|
1000010198|202112|529961|628|||||||628|
1000010198|202212|3894057|4934|||||||4934|
1000010198|202312|2580027|3332|||||||3332|
1000010198|202412|2492811|3664|||||||3664|
1000010201|202112|||||10412630|1939|||1939|
1000010201|202212|88458|112|||6036840|1096|||1208|
1000010205|202312|222013|286|||||||286|
1000010205|202412|85464|126|||||||126|
1000010208|202112|171161|203|||||||216|
1000010208|202212|94664|120|||129656|54|||174|
1000010208|202312|63891|82|||60290|11|||93|
1000010208|202412|71602|105|||323129|65|||170|
1000010235|202312|||||||||0|
1000010235|202412|||||||||0|
1000010250|202112|306585|364|||||62905|84|448|
1000010250|202212|282734|358|||368907|67|||425|
1000010250|202312|108138|139|||||95725|137|276|
1000010250|202412|373330|549|||||||549|
1000010252|202312|||||||||0|
1000010252|202412|||||||||0|
1000010254|202312|||||||||0|
1000010254|202412|||||||||0|
1000010267|202412|1986070|2920|||||||2920|
1000010307|202112|0|244681|0|33378|0|449|0|43036|322140|
1000010307|202212|0|245228|0|18694|0|363|0|38339|303235|
1000010307|202312|0|100691|0|14297|0|4719|0|33553|153467|
1000010307|202412|0|58000|0|14980|0|3557|0|35771|112386|
1000010315|202112|18733|22|||798394|149|184315|247|418|
1000010315|202212|396788|503|||131374|24|196450|265|792|
1000010315|202312|2024640|2610|||1483511|268|||2878|
1000010315|202412|29016|43|||46309|9|112082|171|223|
1000010318|202112|542160|643|||||||643|
1000010318|202212|417500|529|||||||529|
1000010318|202412|122500|180|||||||180|
1000010321|202112|174419|211|||438500|36|13380|13|311|
1000010321|202212|783282|993|||1331000|241|265265|358|1592|
1000010321|202312|334493|97|||1898044|343|1534|2|442|
1000010321|202412|226181|332|||1118182|225|||557|
1000010325|202112|115866|138|9992000|103|||||241|
1000010325|202212|75249|95|8584000|82|||||177|
1000010326|202112|588666|2417|18803330|194|||||2611|
1000010326|202212|450972|571|11299560|108|||||679|
1000010326|202312|1079946|1392|41161200|376|||||1768|
1000010326|202412|1863454|2739|7717520|72|||||2811|
1000010329|202112|1314615|1559|||||1164|2|1561|
1000010329|202212|1357346|1096|||||||1096|
1000010329|202312|31321|40|||||||40|
1000010329|202412|1412976|2077|||||||2077|
1000010331|202112|||10500000|108|||695370|933|1041|
1000010331|202212|||10500000|100|||600000|811|911|
1000010331|202312|||10500000|96|||600000|856|952|
1000010331|202412|||||||||0|
1000010332|202112|447948|531|||||||531|
1000010332|202212|883754|1120|||||175524|237|1357|
1000010332|202312|138600|179|98644800|900|||||1079|
1000010332|202412|127256|187|60660380|568|||211436|323|1083|
1000010338|202312|||||||||0|
1000010338|202412|||||||||0|
1000010350|202112|35689290|42310|||||||42310|
1000010350|202212|31867741|40386|||||||40386|
1000010350|202312|30547031|39388|||||||39388|
1000010350|202412|20197764|29691|||||||29691|
1000010352|202112|1257051|1490|||||||1490|
1000010352|202212|1857464|2354|||||||2354|
1000010352|202312|217755|281|||||||281|
1000010352|202412|296062|435|||||||435|
1000010363|202112|125848|149|2751498|28|||||177|
1000010363|202212|81249|103|||||||103|
1000010363|202312|47013|61|2589704|24|||||85|
1000010363|202412|||||||||0|
1000010373|202112|||92000000|948|||||948|
1000010373|202212|||92000000|948|||||948|
1000010378|202112|678071|804|4770000|49|309000|58|68000|91|1002|
1000010378|202312|||21400|19|||||19|
1000010378|202412|610419|897|||3178500|640|||1537|
1000010387|202312|||||||||0|
1000010387|202412|||||||||0|
1000010405|202112|863316|1023|||||||1023|
1000010405|202212|665015|843|||||||843|
1000010405|202312|438657|566|||||||566|
1000010405|202412|609802|896|||||||896|
1000010406|202112|847|1|||||||1|
1000010406|202212|848|1|||||||1|
1000010406|202312|75231|97|||||||97|
1000010406|202412|||||||||0|
1000010415|202312|||||||||0|
1000010436|202112|145580|173|||||||173|
1000010436|202212|167271|212|||||||212|
1000010464|202312|656937|847|||||||847|
1000010464|202412|2358242|3467|||||||3467|
1000010467|202112|19391800|22989|||||259838|349|23338|
1000010467|202212|16871315|21381|||||||21381|
1000010467|202312|15218137|19622|||||||19622|
1000010467|202412|20179731|29664|||||||29664|
1000010481|202112|684883|812|||||||812|
1000010481|202212|253092|321|||||||321|
1000010481|202312|111617|144|||||||144|
1000010481|202412|111406|164|||||||164|
1000010500|202112|39760|45|||||||45|
1000010500|202212|0|96|||||||96|
1000010500|202312|0|206|||||||206|
1000010500|202412|0|16|||||||16|
1000010503|202312|||||||||0|
1000010503|202412|||||||||0|
1000010526|202412|||||||||0|
1000010565|202312|||||||||0|
1000010565|202412|||||||||0|
1000010576|202112|1231329|1466|||||||1499|
1000010576|202212|849839|1077|||||||1152|
1000010576|202312|755543|974|||||||1008|
1000010576|202412|513733|755|3293800|31|||||824|
1000010677|202312|||||||||0|
1000010677|202412|||||||||0|
1000010684|202112|917|1092|||||||1092|
1000010684|202212|521660|661|||||||661|
1000010684|202312|524251|676|||||||676|
1000010684|202412|203004|298|||||||298|
1000010685|202312|||||||||0|
1000010685|202412|||||||||0|
1000010687|202112|1119816|1328|4130000|43|157755|30|||1401|
1000010687|202212|1026638|1301|4130000|39|511026|93|||1433|
1000010687|202312|1400878|1806|4130000|38|1298288|235|||2079|
1000010687|202412|1479498|2175|||775197|156|||2331|
1000010690|202212|29198|37|||||||37|
1000010690|202412|116063|171|||||1195|2|173|
1000010692|202103|94975|108|11467048|118|45225|8|2573851|3419|3653|
1000010692|202203|51473|62|452458|4|1099863|209|7563454|10220|10495|
1000010692|202303|39897|53|17926872|176|||9960963|14160|14389|
1000010692|202403|55076|74|20617587|183|49767|9|3514764|5107|5373|
1000010692|202503|343180|504|4783354|47|430785|87|7031|12|650|
1000010696|202312|||||||||0|
1000010696|202412|||||||||0|
1000010698|202112|||||||239783|322|322|
1000010698|202212|0|893|||||0|733|1626|
1000010698|202312|0|560|||||0|462|1022|
1000010698|202412|0|2049|||||||2049|
1000010701|202112|0|50251|||||||50251|
1000010701|202212|0|35831|||||||35831|
1000010701|202312|0|13160|||||||13160|
1000010701|202412|0|25061|||||||25061|
1000010711|202112|2448000|2902|||||1000|2|2904|
1000010711|202212|4577000|5800|||||2000|3|5803|
1000010711|202312|6425000|8284|||||||8284|
1000010711|202412|6769000|9951|||||||9951|
1000010736|202112|0|2178|||||0|13|2191|
1000010736|202212|0|5478|||||0|1859|7337|
1000010736|202312|0|3517|||||||3517|
1000010736|202412|0|5956|||||||5956|
1000010754|202312|499984|645|||||||645|
1000010762|202212|609015|772|||||||772|
1000010762|202312|814260|1050|||||||1050|
1000010762|202412|562856|827|||||||827|
1000010765|202212|3199960|4055|||||||4055|
1000010765|202312|1837281|2369|||||||2369|
1000010765|202412|2066529|3038|||||||3038|
1000010771|202406|1838513|2554|||||||2554|
1000010771|202506|2975433|4036|||||||4036|
1000010784|202412|0|208|||||||208|
1000010800|202112|0|44014|0|17|||0|967|44998|
1000010800|202212|0|150248|||||0|13940|164188|
1000010800|202312|0|226473|0|80|||0|22572|249125|
1000010800|202412|0|205022|0|149|0|1576|0|31128|238524|
1000010851|202112|20000|24|||||||24|
1000010851|202312|||||||||0|
1000010851|202412|||||||||0|
1000010903|202212|633900|803|||||||803|
1000010903|202312|956000|1233|||||||1233|
1000010903|202412|875335|1287|||||||1287|
1000010945|202412|0|793|||||||793|
1000010958|202112|11243|13329|||||||13329|
1000010958|202212|680000|862|||||||862|
1000010958|202312|0|9|0|8|||0|4|21|
1000010958|202412|6188000|9096|||86000|17|1199000|1833|10946|
1000011055|202112|||2048740|21|||||21|
1000011055|202212|||0|2049|||||2049|
1000011055|202312|||0|2049|||||2049|
1000011055|202412|||2048740|19|||||19|
1000011059|202112|0|18361|||||||18361|
1000011059|202212|0|9114|||||||9114|
1000011059|202312|0|10358|||||||10358|
1000011059|202412|0|16528|||0|121|||16649|
1000011081|202112|1000000|1186|||||||1186|
1000011081|202212|1130097|1432|||||||1432|
1000011081|202312|1133537|1461|||||3807|6|1467|
1000011081|202412|118352|174|||||10215|16|190|
1000011085|202112|0|92|||||||92|
1000011085|202212|0|366|||||||514|
1000011085|202312|0|139|||||0|3|143|
1000011085|202412|0|428|||||0|212|641|
1000011099|202112|2067|2|||689722|128|||130|
1000011099|202212|2067|3|||1059843|192|||195|
1000011099|202312|2067|3|||1538312|278|||281|
1000011099|202412|2067|3|||2758620|555|||558|
1000011119|202312|||||||||0|
1000011119|202406|||||||||0|
1000011119|202506|||||||||0|
1000011159|202412|||||||||0|
1000011197|202112|209100|248|||||234484|315|563|
1000011197|202212|251756|319|||||165007|223|542|
1000011197|202312|265975|343|||||232956|332|675|
1000011299|202312|||||||||0|
1000011299|202412|3798402|5584|||||||5584|
1000011431|202112|||||||714422|966|966|
1000011431|202212|||||||378173|511|511|
1000011431|202312|||||||212608|303|303|
1000011436|202212|0|147|||||||147|
1000011455|202212|705908|895|71942|1|||13373|18|915|
1000011455|202312|0|291|0|75|||0|9|375|
1000011455|202412|444385|653|||||10707|16|669|
1000011537|202412|98938000|145263|||||51545000|78611|223874|
1000011559|202312|||||||||0|
1000011559|202412|||||||||0|
1000011567|202112|22578018|26766|2514320|26|||||26792|
1000011567|202212|38923000|49327|3681454|35|79539|14|338|0|49376|
1000011571|202312|||||||||0|
1000011571|202412|||||||||0|
1000011584|202312|||||||||0|
1000011584|202412|||||||||7051|
1000011585|202112|84097023|99697|||||1689577|2268|102077|
1000011585|202212|75547208|95741|||||2338427|3160|99032|
1000011585|202312|90560719|116769|||||2329672|3323|120268|
1000011585|202412|72975671|107274|||||4158962|6358|113951|
1000011589|202312|||||||||0|
1000011607|202112|4276034|5069|||||38420|46|5115|
1000011607|202212|3672884|4655|||||||4655|
1000011607|202312|2402038|3097|||||||3097|
1000011607|202412|790720|1162|||||||1162|
1000011615|202212|||||||18623|25|25|
1000011615|202312|1023|1|||||16292|23|24|
1000011615|202412|26808|39|||||6881|11|50|
1000011616|202412|450486|662|||1625792|327|||989|
1000011625|202112|0|191|0|75|||||266|
1000011625|202212|0|222|||||0|180|402|
1000011625|202312|0|228|||||0|171|399|
1000011625|202412|0|111|||||0|46|157|
1000011654|202312|||||||||0|
1000011654|202412|||||||||0|
1000011660|202412|0|4|||||||4|
1000011686|202112|10079141|11949|||||||11949|
1000011686|202212|9652822|12234|||||||12234|
1000011686|202312|6432504|8294|||||||8294|
1000011686|202412|2937221|4318|||||||4318|
1000011723|202112|4561|5|||||97665|131|136|
1000011723|202212|||||||91455|123|123|
1000011723|202312|1440|2|||||141254|201|203|
1000011723|202412|10604|16|||||187480|287|303|
1000011756|202312|||||||||0|
1000011756|202412|||||||||0|
1000011757|202312|||||||||0|
1000011757|202412|||||||||0|
1000011771|202112|0|1099|||||||1099|
1000011771|202212|0|4116|||||0|22|4138|
1000011771|202312|0|4340|||||||4340|
1000011771|202412|0|5911|||||0|712|6623|
1000011801|202312|||||||||0|
1000011801|202412|||||||||0|
1000011816|202112|8701394|10315|||||||10315|
1000011816|202212|13014228|16493|14242000|136|||||16629|
1000011816|202312|4347362|5605|||||||5605|
1000011816|202412|8327845|12242|||||||12242|
1000011858|202412|11000|16|||||2000|3|19|
1000011888|202112|3652017|4329|||||||4329|
1000011888|202212|5714701|7268|939540315|8956|||||16224|
1000011888|202312|5079460|6549|127008725|1159|||||7708|
1000011888|202412|372468|547|||||||547|
1000011890|202312|||||||||0|
1000011890|202412|||||||||0|
1000011898|202112|53216101|63088|3825344608|39410|||||102498|
1000011898|202212|125350071|158856|4773783935|45503|||||204359|
1000011898|202312|157113985|202583|3161685745|28855|||||231438|
1000011898|202412|118586389|174322|942518259|8826|||||183148|
1000011912|202112|786433|932|||||||932|
1000011912|202212|446019|565|||||||565|
1000011912|202312|274615|354|||||769404|1098|1452|
1000011912|202412|2055693|3021|||||860098|1315|4336|
1000011914|202112|0|85374|||||||85374|
1000011914|202212|0|371435|0|256|||0|494|372888|
1000011914|202312|0|332243|||0|127|0|46|332857|
1000011914|202412|0|49450|||||0|91|49542|
1000011929|202112|3985359|4725|||||2058977|2764|7489|
1000011929|202212|6421454|8138|||||2370860|3204|11342|
1000011929|202312|6188031|7979|||||2775472|3959|11938|
1000011929|202412|5771830|8485|||||3124010|4776|13261|
1000011940|202112|||||227763|42|||42|
1000011940|202312|||||231916|42|||42|
1000011940|202412|5645|8|||52782|11|||19|
1000011943|202312|||||||||0|
1000011943|202412|||||||||0|
1000011957|202312|||||||||0|
1000011957|202412|||||||||0|
1000011973|202312|79500|103|||||||103|
1000011973|202412|190660|280|||||||280|
1000011980|202212|||||352000|64|||64|
1000011980|202312|801292|1033|||1221800|221|||1254|
1000011980|202412|172590|254|||||||254|
1000012015|202212|0|997|||||||997|
1000012015|202412|0|8990|||||||8990|
1000012036|202112|0|436|||||0|44|480|
1000012036|202212|0|273|||||||273|
1000012036|202312|0|5148|||||||5148|
1000012036|202412|0|2529|||||0|231|2760|
1000012044|202312|607200|783|||||||783|
1000012044|202412|285600|420|||||||420|
1000012057|202112|10368000|12291|||||||12291|
1000012057|202212|6317000|8005|||||||8005|
1000012057|202312|2777000|3581|||||30000|43|3624|
1000012057|202412|1479000|2174|||17468000|3516|||5690|
1000012074|202312|||||||||0|
1000012074|202412|||||||||0|
1000012102|202312|60800|78|||||||78|
1000012102|202412|||||||||0|
1000012109|202112|316592|376|||||||376|
1000012109|202212|1416|2|||||||2|
1000012109|202312|819800|1057|||||||1057|
1000012109|202412|1001540|1472|||||||1472|
1000012122|202112|812448|963|||||||963|
1000012122|202212|1325072|1679|||||||1679|
1000012122|202312|2827629|3646|||||||3646|
1000012122|202412|2980015|4381|||||||4381|
1000012130|202112|18334100|21735|||||||21735|
1000012130|202412|16479846|24225|||||||24225|
1000012153|202312|||||||||0|
1000012153|202412|||||||||0|
1000012157|202112|30869251|36596|||||||36596|
1000012157|202212|23189092|29387|||||||29387|
1000012157|202312|30170391|38902|||||||38902|
1000012157|202412|40940202|60182|||||||60182|
1000012162|202112|1352615|1604|||||||1604|
1000012162|202212|1010610|1281|||||||1281|
1000012162|202312|2441917|3149|||||||3149|
1000012162|202412|1516951|2230|||||||2230|
1000012165|202306|||||||||0|
1000012165|202406|||||||||0|
1000012165|202506|||||||||0|
1000012166|202103|3854177|4369|||||||4369|
1000012166|202203|6912479|8370|||||||8370|
1000012166|202303|3325645|4336|||||||4336|
1000012166|202403|6947050|9361|||||||9361|
1000012166|202503|6655385|9760|||||||9760|
1000012173|202112|||0|28|||0|1|29|
1000012173|202212|0|235|0|2|||||237|
1000012173|202312|||0|2|||0|413|415|
1000012173|202412|||0|31|||0|132|163|
1000012178|202112|54588|65|||||312023|419|484|
1000012178|202312|||||||||0|
1000012178|202412|34848|51|||1505520|303|||354|
1000012183|202312|||||||||0|
1000012184|202312|22400|29|||||||29|
1000012185|202212|||||||113852|154|154|
1000012185|202312|11415|15|||||107836|154|169|
1000012185|202412|||||||6298|9|9|
1000012192|202112|0|48|||||||48|
1000012192|202212|0|38|||||||38|
1000012192|202312|0|31|||||||31|
1000012192|202412|0|55|||||||55|
1000012204|202112|12627301|14969|34510073|356|||||15325|
1000012204|202212|||16676904|159|||||159|
1000012204|202312|5049175|6510|15022400|137|7551308|1366|871|1|8014|
1000012204|202412|5922949|8735|22413600|211|4739332|958|889147|1362|11266|
1000012204|202512|5513944|7912|17642400|16190|17006|3|3594|6|24111|
1000012246|202112|668195|792|||||||792|
1000012246|202212|5494|7|||||||7|
1000012246|202312|162361|209|||||||209|
1000012246|202412|2560|4|||||||4|
1000012254|202112|338729|402|4236769|44|||143146|192|638|
1000012254|202212|||556220|5|||318160|430|435|
1000012254|202312|||930880|8|||48745|70|78|
1000012254|202412|||1912098|18|||102061|156|174|
1000012265|202112|||||||124734|167|167|
1000012265|202212|||||||455852|616|616|
1000012265|202412|||||||63907|98|98|
1000012276|202112|6240|7|36832700|379|||68281|92|1142|
1000012276|202212|53531|68|9098400|87|||100648|136|291|
1000012276|202312|285789|368|87551750|799|||377862|539|1711|
1000012276|202412|161546|237|180243690|1688|26275055|5288|134503|206|7440|
1000012320|202112|12632882|14976|366824271|3779|||||18755|
1000012320|202212|12789491|16208|87499788|834|||||17042|
1000012320|202312|8503584|10965|147439339|1346|||||12311|
1000012320|202412|11922|17525|110897|1039|||||18564|
1000012322|202106|1644096|1858|||||307005|413|2300|
1000012322|202206|2413814|3121|||||||3121|
1000012322|202306|1706973|2240|||||4914|7|2256|
1000012322|202406|1144850|1590|||||||1600|
1000012322|202506|1726217|2342|||||||2342|
1000012325|202112|2311117|2739|||||||2739|
1000012325|202212|2544198|3224|||||||3224|
1000012325|202312|2817692|3633|||||||3633|
1000012325|202412|2293420|3371|||||||3371|
1000012337|202112|0|2189|||||0|19|2208|
1000012337|202212|0|4749|||0|16|0|5|4770|
1000012337|202312|0|1873|||0|71|0|173|2117|
1000012337|202412|0|282|||0|89|||371|
1000012347|202312|||||||||0|
1000012347|202412|2304545|3388|||||495772|758|4146|
1000012349|202312|||||||||0|
1000012349|202412|||||||||0|
1000012354|202212|45774|58|23970000|228|||||286|
1000012354|202412|19954|31|23800000|223|||||254|
1000012356|202112|0|8270|||||||8270|
1000012356|202212|0|11516|||||||11516|
1000012356|202312|0|2014|0|6|||||2020|
1000012356|202412|0|8478|||||||8478|
1000012362|202112|14958564|17733|||||||17733|
1000012362|202212|3939271|4992|14993113|19001|||||23993|
1000012362|202312|14066250|18137|||||||18137|
1000012362|202412|10794710|15868|||||||15868|
1000012370|202212|247835|314|||||||314|
1000012370|202312|42887|55|||||||55|
1000012370|202412|435005|639|||||||639|
1000012391|202112|2540503|3012|||||28817|39|3051|
1000012391|202212|2377092|3013|||||||3013|
1000012391|202312|2469566|3184|||||||3184|
1000012391|202412|2529538|3718|||||||3718|
1000012393|202112|69110|81930|||||||81930|
1000012393|202212|197819|251|||||||251|
1000012393|202412|1537979|2261|||||||2261|
1000012397|202112|2828592|3353|5000000|52|||10000|13|3504|
1000012397|202312|936820|1213|5000000|45|||||1258|
1000012397|202412|238272|351|||||||358|
1000012402|202112|1920967|2278|||||||2278|
1000012402|202212|1928047|2443|||||||2443|
1000012402|202312|5754563|7420|||||||7420|
1000012402|202412|8157822|11993|||||||11993|
1000012433|202212|6165397|7813|||||||7813|
1000012433|202312|3424947|4416|||||||4416|
1000012437|202112|44788|49|||||||49|
1000012437|202312|569256|734|||||||734|
1000012437|202412|526600|774|||||||774|
1000012458|202112|111105|132|||||||132|
1000012458|202212|80320|102|||||||102|
1000012458|202312|11963|15|||||||15|
1000012458|202412|||||||||0|
1000012476|202112|0|44240|||||||46131|
1000012476|202212|0|47229|||||0|3321|50550|
1000012476|202312|0|48612|||||0|3070|51682|
1000012476|202412|0|52723|||||0|781|53504|
1000012484|202112|569800|675|||||||675|
1000012484|202212|335880|426|||||||426|
1000012484|202312|255054|329|10614500|97|||||426|
1000012484|202412|246775|363|||||||363|
1000012488|202112|0|1954|||||||1954|
1000012488|202212|0|5629|||||||5629|
1000012488|202312|0|954|||||||954|
1000012488|202412|0|2370|||||||2370|
1000012493|202112|0|1502|||||||1502|
1000012493|202212|0|2759|0|51|||||2810|
1000012493|202312|0|245|||||||245|
1000012493|202412|0|824|||||||824|
1000012495|202312|0|53|||||||53|
1000012495|202412|0|1323|||||||1323|
1000012502|202106|66375|75|29196|0|||||75|
1000012502|202206|283403|366|29196|0|||||377|
1000012502|202306|35781|46|29196|0|||25|0|46|
1000012502|202406|57334|80|29196|0|||||80|
1000012502|202506|142682|194|19644|0|||||194|
1000012517|202312|||||||||0|
1000012517|202412|||||||||0|
1000012523|202112|20408|24|||||||24|
1000012523|202212|325403|412|||||||412|
1000012523|202312|17625|23|||||||23|
1000012523|202412|3488990|5129|||||||5129|
1000012538|202112|3252235|3855|18277700|188|||||4043|
1000012538|202212|33693|43|26992540|257|||||300|
1000012547|202112|0|310|||||0|18159|18469|
1000012547|202212|0|530|||||0|16437|16967|
1000012547|202312|0|16|||||0|18214|18230|
1000012547|202412|0|419|||0|44|0|16275|16738|
1000012556|202312|||||||||0|
1000012556|202412|||||||||0|
1000012564|202112|0|16521|||||0|2733|19653|
1000012564|202212|0|76585|||||0|43076|134237|
1000012564|202312|0|124456|||||0|28229|159742|
1000012564|202412|0|98393|||||0|17072|145023|
1000012564|202512|0|517180|||||0|15174|734391|
1000012567|202112|1494111|1771|||||371771|500|2271|
1000012567|202212|2587534|3279|||||22209|30|3416|
1000012567|202312|1792089|2311|||||93167|133|2444|
1000012567|202412|5188019|7627|||||309937|473|8160|
1000012571|202112|0|1132|||||||1350|
1000012571|202212|0|3300|||||||3514|
1000012571|202312|0|4379|||||||4838|
1000012571|202412|0|4057|0|42|||0|100|4226|
1000012578|202112|503930|598|||||8800|12|610|
1000012578|202212|293575|372|||||101272|137|509|
1000012578|202312|95990|124|||||||124|
1000012578|202412|32875|48|||||||48|
1000012583|202112|0|51|||0|179|||230|
1000012583|202212|0|1337|||0|8700|||10044|
1000012583|202312|0|2219|||0|8119|||10480|
1000012583|202412|0|1823|||0|182|||5138|
1000012597|202112|0|1012|||||||1012|
1000012597|202212|0|1902|||||||1902|
1000012597|202312|0|89|||||||89|
1000012597|202412|0|157|||||||157|
1000012602|202112|0|91241|0|1912|0|1447|0|14|94668|
1000012602|202212|0|78741|0|1082|0|1459|0|69|81629|
1000012602|202312|0|31884|||||||31884|
1000012602|202412|0|153317|||||||153317|
1000012605|202112|0|311|||||0|763|1162|
1000012605|202212|0|661|||||0|536|1349|
1000012605|202312|0|332|||||0|24|356|
1000012605|202412|0|15133|||||0|3794|18927|
1000012605|202512|0|5476|||||0|4919|10917|
1000012613|202212|256463|325|||||||325|
1000012613|202312|430598|555|||||||555|
1000012613|202412|199600|293|||||||293|
1000012624|202312|||||||||0|
1000012624|202412|||||||||0|
1000012626|202412|||||||||0|
1000012633|202312|||||||||0|
1000012633|202412|||||||||0|
1000012640|202312|||||||||0|
1000012640|202412|||||||||0|
1000012644|202312|||||||||0|
1000012644|202412|||||||||0|
1000012669|202112|||||||115679|155|155|
1000012669|202212|||||||33390|45|45|
1000012669|202312|||||||375|1|1|
1000012669|202412|||||||||0|
1000012681|202112|||||||||19|
1000012681|202212|||||||||19|
1000012681|202312|||||||||19|
1000012681|202412|||||||||20|
1000012733|202312|||||||||0|
1000012733|202412|||||||||0|
1000012738|202412|466|1|||||||1|
1000012754|202112|157|0|4902|0|||||0|
1000012754|202212|349108|442|||||||442|
1000012754|202312|10440|13|||||||13|
1000012754|202412|52053|77|||||||77|
1000012764|202312|14650|19|78400000|716|||||735|
1000012764|202412|||||||1736|3|3|
1000012799|202112|20729000|22553|||||||22553|
1000012800|202312|449400|579|||||||579|
1000012800|202412|||||||||0|
1000012830|202212|510720|647|||||||647|
1000012830|202312|357200|461|2199100|20|||||481|
1000012830|202412|26678|39|||||||39|
1000012843|202112|||6155520|63|||||63|
1000012843|202312|1875|2|||||||2|
1000012850|202112|124000|147|||||||147|
1000012850|202312|14000|18|||1570000|284|7000|10|312|
1000012850|202412|||||200000|40|227000|347|387|
1000012905|202112|3167295|3755|||||||3755|
1000012905|202212|3727027|4723|||||||4723|
1000012905|202312|4365105|5628|||||||5628|
1000012905|202412|5526933|8125|||||||8125|
1000012930|202112|25319661|30017|||323454|60|25555|343|30420|
1000012930|202212|10604771|13439|||60519|11|16067|22|13472|
1000012930|202312|12275895|15829|1694000|15|217040|39|26067|37|15928|
1000012930|202412|2067715|3040|1413446|13|259973|52|30214|46|3163|
1000012933|202112|289456|343|||||||343|
1000012933|202212|280106|355|||||||355|
1000012933|202312|51616|67|||||||67|
1000012933|202412|158155|232|||||||232|
1000012938|202112|166913591|197876|||||||197887|
1000012938|202212|245678776|311349|||||||311349|
1000012938|202312|168725634|217555|||||||217555|
1000012938|202412|154033727|226430|||||||226430|
1000012939|202412|||||||||0|
1000012944|202212|420|1|||||3488|5|6|
1000012960|202212|||||||381137|516|516|
1000012960|202312|||||||68750|98|227|
1000012960|202412|255700|376|||||114971|176|552|
1000012996|202112|9788|12|||||||12|
1000012996|202312|||||||||0|
1000013019|202112|57000|68|||||||68|
1000013019|202212|12000|15|||||||15|
1000013019|202312|75330|97|||||||97|
1000013019|202412|66550|98|||||||98|
1000013020|202112|1437563|1704|||||||1704|
1000013063|202112|3625|4|||||||4|
1000013063|202312|||||||||0|
1000013063|202412|22929|34|||13735|3|||37|
1000013091|202312|1444963|1863|||||||1863|
1000013116|202312|||||||||0|
1000013116|202412|||||||||0|
1000013183|202312|||||||||0|
1000013200|202112|517851|614|||509481|95|||709|
1000013200|202212|206585|262|||1077419|195|||457|
1000013200|202312|46871|60|||6162436|1114|||1174|
1000013200|202412|||||882245|178|||178|
1000013250|202312|||||||||0|
1000013250|202412|||||||||0|
1000013255|202112|2685064|3184|||||||3184|
1000013255|202212|2409810|3054|||||182108|246|3300|
1000013255|202312|2910912|3753|||||82734|118|3871|
1000013255|202412|2000939|2941|||||381453|583|3524|
1000013304|202412|13650|20|||||||20|
1000013309|202312|77788|100|||||||100|
1000013309|202412|||||||||0|
1000013336|202112|433960|393|226587680|2334|800|0|||2727|
1000013336|202212|453466|574|144840800|1381|800|0|||1955|
1000013336|202312|440315|568|5150280|47|800|0|||615|
1000013336|202412|452936|665|||800|0|||665|
1000013340|202412|296097|437|||||||437|
1000013343|202212|333815|423|||||||423|
1000013343|202312|708745|914|||||||914|
1000013343|202412|967088|1422|||||||1422|
1000013407|202112|350190000|415150|||||||415150|
1000013407|202212|376388000|476996|||||19000|26|477022|
1000013407|202312|396480000|511222|||||253000|362|511584|
1000013407|202412|229156000|336858|75000000|702|||||337591|
1000013410|202112|448712|529|||||||529|
1000013410|202212|270177|342|||||||342|
1000013410|202312|463846|598|||||||598|
1000013410|202412|229288|337|||||||337|
1000013420|202112|629|1|||||||1|
1000013420|202212|7548|10|||||||10|
1000013420|202312|33003145|4259|||||||4259|
1000013420|202412|15653209|23010|||||||23010|
1000013424|202112|1060147000|1256804|||||||1264342|
1000013424|202212|1189380000|1507302|||||||1519355|
1000013424|202312|1068|1377118|||||||1385510|
1000013424|202412|947202000|1392387|||||||1395755|
1000013441|202112|0|65275|0|134|||||65409|
1000013441|202212|0|28764|0|6|||||28770|
1000013441|202312|0|51655|||||||51655|
1000013450|202112|0|24756|||||||24756|
1000013450|202212|0|25388|0|5|||||25393|
1000013450|202312|0|3595|0|117|||||3712|
1000013450|202412|0|10023|||||||10023|
1000013462|202112|0|506936|0|89|||||507025|
1000013462|202212|0|341102|||||||341102|
1000013462|202312|0|188301|||||||188301|
1000013462|202412|0|197199|||||||197199|
1000013489|202112|0|25044|||||||25044|
1000013489|202212|0|33317|||||||33317|
1000013489|202312|0|3094|||||||3094|
1000013492|202312|||||||||0|
1000013492|202412|||||||||0|
1000013493|202112|0|6224|||||||6224|
1000013493|202212|0|5506|||||||5506|
1000013493|202312|0|1226|||||||1226|
1000013496|202112|6418053|7608|||||||7608|
1000013496|202212|6534037|8281|||||||8281|
1000013496|202312|6426381|8286|||||||8286|
1000013496|202412|6465265|9504|||||||9504|
1000013499|202312|||||||||0|
1000013499|202412|||||||||0|
1000013506|202312|1080|1|||||||1|
1000013507|202312|||||||||0|
1000013507|202412|||||||||0|
1000013518|202112|76466|91|||1941577|362|||453|
1000013518|202212|34466|44|||1154511|209|||253|
1000013518|202312|130946|170|||2514418|455|||625|
1000013518|202412|71176|105|||2324050|468|||573|
1000013519|202112|0|7234|0|29|||0|277|8006|
1000013519|202212|0|9344|0|6|||0|743|10744|
1000013519|202312|0|14527|0|12|||0|609|15572|
1000013519|202412|0|15102|0|17|||0|2511|18061|
1000013521|202112|605504|718|||||||718|
1000013521|202212|136866|173|||||||173|
1000013521|202312|220553|284|||||||284|
1000013521|202412|251672|1470|||||||1470|
1000013527|202312|||||||||0|
1000013527|202412|||||||||0|
1000013542|202112|||||||223300|310|310|
1000013542|202212|72297|92|||||||145|
1000013542|202312|551015|710|||||||780|
1000013542|202412|633|1|||||||69|
1000013551|202112|979697|1161|||||402822|541|1702|
1000013551|202212|848588|1075|||||||1075|
1000013551|202312|279175|360|||||||360|
1000013551|202412|363244|534|||||||534|
1000013553|202112|0|185|0|2826|||||3011|
1000013553|202212|0|428|0|2085|||||2513|
1000013553|202312|0|2156|||||||2156|
1000013553|202412|0|142|0|1962|||||2104|
1000013554|202112|0|325|||||0|240|565|
1000013554|202212|0|319|||||0|242|561|
1000013554|202312|0|1299|||||0|255|1805|
1000013554|202412|0|734|||||0|273|1015|
1000013569|202112|248460|292|||||||292|
1000013571|202312|||||||||0|
1000013597|202112|685117|812|219864653|2265|||||3077|
1000013597|202212|490193|621|149288640|1423|||||2044|
1000013597|202312|764779|986|267886379|2445|||||3431|
1000013597|202412|919326|1352|116857132|1095|||||2447|
1000013603|202312|||||||||0|
1000013612|202112|17761|21|16731000|172|||||193|
1000013612|202212|17371000|22|11378000|108|||||130|
1000013612|202312|17371|22|22789|0|||||22|
1000013612|202412|17371|26|9388000|88|||||114|
1000013622|202112|22866|27|||||||27|
1000013622|202212|18188|23|||||||23|
1000013622|202312|76324|98|||||||98|
1000013622|202412|87932|129|||||||129|
1000013626|202312|||||||||0|
1000013626|202412|||||||||0|
1000013636|202112|0|36|||||||36|
1000013636|202312|0|3317|||||||3317|
1000013641|202212|498230|631|||||||631|
1000013641|202312|417206|538|||||||538|
1000013641|202412|396967|584|||||||584|
1000013643|202112|||7278160|75|||||75|
1000013643|202212|135396|172|6611850|63|||||235|
1000013643|202312|||5344000|49|||||49|
1000013643|202412|0|153|||||||153|
1000013669|202112|0|28444|||||||28444|
1000013669|202212|0|35244|||||||35244|
1000013669|202312|0|27005|||||||27005|
1000013686|202112|95286|113|||||||113|
1000013686|202212|24274|31|||||||31|
1000013686|202312|70104|90|||||||90|
1000013686|202412|58907|87|||||||87|
1000013690|202112|967000|1146|||||||1146|
1000013690|202212|252000|319|||||1000|1|320|
1000013690|202312|8085000|10425|||||||10425|
1000013690|202412|643000|945|||||||945|
1000013715|202112|||||||||13|
1000013715|202212|||||||||13|
1000013715|202312|67264|87|||||||87|
1000013796|202112|0|267|||||||282|
1000013796|202212|0|2759|||||||2759|
1000013796|202312|0|6084|||||||6124|
1000013796|202412|0|4338|0|148|||||4508|
1000013797|202112|180472|214|328201341|3381|||||3595|
1000013797|202212|153158|194|388534636|3703|||||3897|
1000013797|202312|167403|216|222828|2034|||||2250|
1000013797|202412|89309|131|203872050|1910|||||2041|
1000013866|202112|||897600|9|||||9|
1000013866|202212|1875|2|||||||2|
1000013866|202312|80838|104|||||||104|
1000013866|202412|130214|191|||||||191|
1000013905|202112|3720000|4410|||||17000|23|4433|
1000013905|202212|3018000|3825|||||||3825|
1000013905|202312|714000|921|3649000|4705|||||5626|
1000013905|202412|4893000|7193|||||||7193|
1000013906|202312|||||||||0|
1000013906|202412|||||||||0|
1000013945|202412|||||||||0|
1000013969|202112|754060|894|||||||894|
1000013969|202212|1195594|1515|||||||1515|
1000014011|202212|30000000|37975|||||||37975|
1000014011|202312|30000000|38682|||||||38682|
1000014011|202412|0|44049|||||||44049|
1000014012|202112|206367|245|||||||245|
1000014012|202212|150574|191|||||||191|
1000014012|202312|162324|209|||||||209|
1000014012|202412|68727|101|||||||101|
1000014013|202112|3354638|3976|||||2070|3|3979|
1000014013|202212|3313089|4199|||||||4199|
1000014013|202412|||||||||0|
1000014014|202112|0|2388|0|611|0|1180|0|2084|6263|
1000014014|202212|0|8826|0|499|0|3612|0|755|13692|
1000014014|202312|0|4423|0|642|0|3680|0|1655|10400|
1000014014|202412|0|22459|0|739|0|8065|0|1341|32604|
1000014015|202312|||||||||0|
1000014015|202412|||||||||0|
1000014020|202112|2366585|2806|||239207|45|||2851|
1000014020|202212|1887074|2391|||241207|43|||2434|
1000014020|202312|4134722|5328|||241207|43|||5371|
1000014020|202412|1389265|2042|||239207|48|||2090|
1000014022|202312|67000|86|||||||86|
1000014025|202212|70000|89|||||||89|
1000014025|202312|4278|6|||||||6|
1000014025|202412|4278|6|||||||6|
1000014028|202312|||||||||0|
1000014028|202412|||||||||0|
1000014047|202112|175392|208|2670699|28|207380|39|173|0|275|
1000014047|202212|127884|162|3517408|34|368085|67|||263|
1000014047|202312|113549|146|8197560|75|236733|43|50057|71|335|
1000014047|202412|0|437|0|9|||||605|
1000014051|202112|816123|968|||||||968|
1000014051|202212|618328|784|||||||784|
1000014051|202312|259716|335|||||||335|
1000014051|202412|87354|128|||||||128|
1000014062|202112|2868000|3399|703000|7|13000|2|168000|225|3633|
1000014062|202212|32719000|41469|2000000|19|422000|77|22003000|29735|71300|
1000014062|202312|28071000|36860|3416000|31|17482000|3161|31671000|44515|84567|
1000014062|202412|28241000|41514|||11379000|2290|32561000|49776|93580|
1000014079|202112|8027400|9516|4000000|41|||||9557|
1000014079|202212|9152000|11598|||||||11598|
1000014079|202312|2288000|2950|||||||2950|
1000014079|202412|106100|156|61740|578|||||734|
1000014089|202112|79384|94|||||||94|
1000014089|202212|169628|215|||||||215|
1000014089|202312|65692|84703|||||||84703|
1000014089|202412|186002|273|||||||273|
1000014090|202112|90800|108|||||101952|137|245|
1000014090|202312|3247|5|||||||5|
1000014090|202412|||||||||0|
1000014091|202112|711145|843|||115909|22|||865|
1000014091|202212|1353807|1716|||115909|21|||1737|
1000014091|202312|1497194|1930|||301328|55|||1985|
1000014091|202412|1609866|2366|||615785|124|||2490|
1000014093|202112|||||||||3264|
1000014093|202212|0|3|||||||3|
1000014093|202312|0|1059|0|169|||||1228|
1000014094|202112|2649468|3007|||||||3007|
1000014094|202212|3825444|4848|||||||4848|
1000014094|202312|6620762|8537|||||||8537|
1000014095|202112|133082|158|||||||158|
1000014095|202212|23850|30|||||64977|88|118|
1000014095|202312|20742|27|||||6283|9|36|
1000014095|202412|10114|15|||||21356|33|48|
1000014096|202112|2190700|2597|||||||2597|
1000014096|202212|1455100|1844|||||||1844|
1000014096|202312|922700|1190|||||||1190|
1000014096|202412|||||||||0|
1000014099|202112|0|29859|||||||29859|
1000014099|202212|0|32568|||||||32568|
1000014099|202312|0|33128|||||||33216|
1000014099|202412|0|33845|||||||33946|
1000014102|202312|||||||||0|
1000014102|202412|||||||||0|
1000014107|202112|0|38614|0|905|||0|1|39520|
1000014126|202112|||||||31748|43|43|
1000014126|202212|710474|900|||||56599|77|977|
1000014126|202312|45804|59|||||6189381|8830|8889|
1000014135|202112|2770|3|||1071657|200|||203|
1000014135|202212|18924|24|||4507586|818|28042|38|880|
1000014135|202312|||||||92189|132|132|
1000014135|202412|||||||45215|69|69|
1000014157|202412|||||||||0|
1000014158|202112|106314|126|||||||126|
1000014158|202312|||||||||0|
1000014158|202412|||||||||0|
1000014160|202312|||||||||0|
1000014160|202412|||||||||0|
1000014166|202112|1168846|1386|886000|9|||305924|411|1806|
1000014166|202212|517671|656279|996800|38|||234284|48|656365|
1000014166|202312|6920893|8924|||||101438|145|9069|
1000014166|202412|531413|782|||||197221|301|1083|
1000014167|202212|||299850000|2858|||||2858|
1000014167|202312|||||||||0|
1000014167|202412|||||||||0|
1000014167|202512|||||||||0|
1000014174|202312|||||||||0|
1000014174|202412|||||||||0|
1000014177|202112|1834246|2174|336847|63|||196810|264|2501|
1000014177|202212|306708|389|297000|54|||17935|24|467|
1000014177|202312|49846|65|||||150994|215|280|
1000014177|202412|44928|66|||||86502|129|195|
1000014199|202112|0|110|||||||110|
1000014199|202212|0|117|||||||117|
1000014199|202312|93000|120|||||||120|
1000014251|202109|97200|115|||||||115|
1000014251|202309|52830|71|||||||71|
1000014251|202409|99820|132|||||||132|
1000014251|202509|82410|116|||||||116|
1000014296|202112|582000|690|||||1987000|2668|3358|
1000014296|202212|492000|624|||||343000|463|1087|
1000014296|202312|654000|843|||||831000|1186|2029|
1000014296|202412|815000|1197|||||930000|1422|2619|
1000014298|202312|||||||||0|
1000014298|202412|||||||||0|
1000014300|202112|29348000|34792|||||||34792|
1000014300|202212|39380000|49906|12604000|121|||||50027|
1000014300|202312|26507000|34179|1678000|15|||||34194|
1000014300|202412|18004000|26466|1487000|14|1878000|378|||26858|
1000014309|202112|4530233|5385|||||12348749|16626|22011|
1000014309|202212|3418497|4308|||||10309764|13862|18170|
1000014309|202312|1295149|1680|||||10925696|15665|17345|
1000014309|202412|1944266|2867|||||12320148|18876|21743|
1000014311|202112|71787|85|||||||85|
1000014311|202212|104706|133|||||||133|
1000014311|202312|2057480|2653|||||||2653|
1000014311|202412|96841|142|||164925|33|||175|
1000014315|202112|8434716|9999|||||||9999|
1000014315|202212|6754671|8560|||||||8560|
1000014315|202312|5642231|7275|||||||7275|
1000014315|202412|6704771|9856|||||||9856|
1000014317|202212|247487|314|||||||314|
1000014317|202312|1121100|1446|||||||1446|
1000014317|202412|2543819|3739|||||||3739|
1000014325|202112|15243|20|||||||20|
1000014325|202212|50000|63|||||||63|
1000014325|202312|||||||||0|
1000014325|202412|||||||||0|
1000014329|202312|||||||||0|
1000014329|202412|||||||||0|
1000014330|202312|||||||||0|
1000014330|202412|||||||||0|
1000014361|202312|||||||||506|
1000014361|202412|||||||||31|
1000014400|202112|0|10815|0|149|0|515|0|1220|12699|
1000014400|202212|0|13717|0|311|0|450|0|1336|15814|
1000014400|202312|0|13917|0|6|0|587|0|1820|16330|
1000014400|202412|0|14490|0|3|0|546|0|955|15994|
1000014406|202112|27443020|32534|||||||32534|
1000014406|202212|29784515|37746|8480000|81|||||37827|
1000014406|202312|21380519|27568|9280000|85|||||27653|
1000014406|202412|27357637|39466|9280000|87|||||39553|
1000014409|202112|1243586|1474|||||||1474|
1000014409|202212|2130184|2700|||||4200|6|2706|
1000014409|202312|1146867|1479|1340000|12|||||1491|
1000014409|202412|615841|905|||||1725|3|908|
1000014410|202112|0|9354|0|15|||||9369|
1000014410|202212|0|3154|0|2|||||3156|
1000014410|202312|0|13426|||0|79|||13505|
1000014410|202412|0|6719|||0|42|||6761|
1000014411|202112|202162|239|9770048|101|||||340|
1000014411|202212|290341|367|13106988|125|||||492|
1000014411|202312|46098|59|13106988|120|||||179|
1000014411|202412|214624|309|7934976|74|||||383|
1000014412|202312|||||||||0|
1000014412|202412|161331|237|||||||237|
1000014414|202112|0|1183|0|5138|||||6321|
1000014414|202212|0|231|0|7356|||||7587|
1000014414|202312|0|920|0|6717|||||7637|
1000014414|202412|0|590|0|4087|0|94|||4771|
1000014416|202112|9186974|10888|72362|1|||88031|118|11007|
1000014416|202212|9830904|12454|72362|1|||79148|107|12591|
1000014416|202312|||72362|1|||||1|
1000014416|202412|427614|629|72362|1|||102686|157|787|
1000014418|202412|||||||||0|
1000014419|202112|34000|41|||||||41|
1000014419|202212|20000|26|||||||26|
1000014419|202312|20020000|25814|||||||25814|
1000014419|202412|20162|2849|||||||2849|
1000014427|202312|||||||||0|
1000014427|202412|||||||||0|
1000014428|202112|0|29291|||||||29291|
1000014428|202212|0|26413|||||||26413|
1000014428|202312|0|30989|0|246|||0|245|31480|
1000014428|202412|0|29575|||||||29575|
1000014429|202312|||||||||0|
1000014429|202412|||||||||0|
1000014430|202112|61622|73|3052000|31|||||104|
1000014430|202212|61622|78|3052000|29|||||107|
1000014430|202312|134122|173|3052000|28|||||201|
1000014430|202412|61622|91|3052000|29|||||120|
1000014434|202112|17630|21|234800|2|||79851|107|130|
1000014434|202212|17630|22|234800|2|||79815|108|132|
1000014434|202312|17630|23|234800|2|||79851|114|139|
1000014434|202412|17616|26|234800|2|979418|197|79815|122|347|
1000014435|202112|0|6324|0|46|0|57|0|268|6714|
1000014435|202212|0|6158|0|2289|0|37|0|187|8700|
1000014435|202312|0|7824|||0|79|0|97|8008|
1000014435|202412|0|11071|0|2513|0|59|0|169|13812|
1000014439|202103|2276924|2580|||||988704|1313|3893|
1000014439|202203|5229821|6332|||||508272|687|7019|
1000014439|202303|1531289|1996|||||773712|1100|3096|
1000014439|202403|999382|1332|||||310284|446|1778|
1000014439|202503|934582|1371|||||||1371|
1000014440|202112|0|5686|||||||5686|
1000014440|202212|0|6898|||||||6898|
1000014440|202312|0|6715|||||||6715|
1000014440|202412|0|17222|||||||17222|
1000014443|202312|||||||||0|
1000014445|202212|0|159|||0|84|0|1932|2175|
1000014445|202312|0|835|||0|3060|0|1859|5754|
1000014445|202412|0|2852|||0|95|0|1966|4913|
1000014448|202312|||||||||0|
1000014448|202412|||||||||0|
1000014451|202212|424079|537|||||||537|
1000014451|202312|766860|989|||||||989|
1000014451|202412|1053405|1549|||||19760|30|1579|
1000014452|202312|||||||||0|
1000014452|202412|||||||||0|
1000014454|202112|235537|279|||39400|8|||287|
1000014454|202212|606287|768348|||5560|1009|||769357|
1000014454|202312|1314989|1696|||109018|20|||1716|
1000014454|202412|1369786|1991|||||||1991|
1000014459|202112|26712349|31668|||||||31668|
1000014459|202212|24387833|30908|||||||30908|
1000014459|202312|26264973|33865|||||||33865|
1000014459|202412|25404210|37344|||||||37344|
1000014465|202312|||||||||0|
1000014465|202412|||||||||0|
1000014489|202312|1891500|2439|||||||2439|
1000014489|202412|4534103|6665|||||||6665|
1000014491|202112|3257040|3861|||||||3861|
1000014491|202212|155427|197|||||||197|
1000014491|202312|1023912|1320|||||||1320|
1000014491|202412|3549383|5219|||||||5219|
1000014492|202112|84000|100|||||28136|38|138|
1000014492|202212|6102|8|||||32670|44|52|
1000014492|202312|15816|20|||||96502|138|158|
1000014492|202412|70759|104|||||64028|98|202|
1000014494|202312|||||||||0|
1000014494|202412|||||||||0|
1000014500|202212|5452|7|||||||7|
1000014500|202312|5452|7|||||||7|
1000014500|202412|5452|8|||||||8|
1000014502|202112|555278|658|||||||658|
1000014502|202212|300069|377|||||||377|
1000014502|202312|13800|18|||||||18|
1000014502|202412|||||||||0|
1000014506|202312|||||||||0|
1000014506|202412|||||||||0|
1000014507|202112|1066345|1264|||||||1264|
1000014507|202212|320752|407|||||||407|
1000014507|202312|3886017|5010|||||||5010|
1000014507|202412|3327956|4893|||||3826|6|4899|
1000014514|202112|5240|6|||||||6|
1000014514|202312|||||||||0|
1000014514|202412|||||||||0|
1000014517|202312|||||||||0|
1000014517|202412|||||||||0|
1000014518|202112|2022889|2400|||||18282|22|2422|
1000014518|202212|1160436|1471|||||18916|26|1497|
1000014518|202312|1752622|2260|||||9548|14|2274|
1000014518|202412|1101062|1618|||||685694|1048|2666|
1000014520|202112|1131972|1342|||||||1342|
1000014520|202212|6414376|8129|||131012|24|||8153|
1000014520|202312|10020749|12724|||584444|104|||12828|
1000014520|202412|8028251|11801|||44444|9|||11810|
1000014521|202112|||11495422|118|||364605|489|607|
1000014521|202212|||6306754|60|||1214580|1641|1701|
1000014521|202312|||18640873|170|||878760|1254|1424|
1000014521|202412|||||||||0|
1000014522|202112|891410|1056|||||||1056|
1000014522|202212|122933|156|||||||156|
1000014522|202312|629338|812|||38572|7|||819|
1000014522|202412|55309|81|||562569|113|||194|
1000014524|202312|4290898|5533|||||||5533|
1000014524|202412|1606330|2361|||||||2361|
1000014527|202312|||||||||0|
1000014527|202412|||||||||0|
1000014528|202312|||||||||0|
1000014529|202112|5678723|6732|||||||6732|
1000014529|202212|5478669|6943|||||||6943|
1000014529|202312|4933049|6361|||||||6361|
1000014529|202412|4933289|7252|||||||7252|
1000014535|202312|||||||||0|
1000014535|202412|||||||||0|
1000014536|202112|10303|12|||||||12|
1000014536|202212|7883|10|||||||10|
1000014536|202312|3159|4|||||||4|
1000014536|202412|1915|3|||||||3|
1000014540|202312|||||||||0|
1000014540|202412|||||||||0|
1000014550|202312|||||||||0|
1000014550|202412|||||||||0|
1000014561|202312|||||||||0|
1000014561|202412|||||||||0|
1000014571|202112|||5309708|54|||195000|262|316|
1000014571|202212|||2759708|26|||115864|157|183|
1000014571|202312|||||||15991|23|23|
1000014571|202412|||||||15991|24|24|
1000014574|202112|498660|591|||||||591|
1000014574|202212|493238|625|||||||625|
1000014574|202312|876881|1131|||||||1131|
1000014574|202412|236250|347|||||||347|
1000014575|202112|184578|219|||||||219|
1000014575|202212|22146|28|||||||28|
1000014575|202312|78413|101|||||||101|
1000014575|202412|982700|1445|||||||1445|
1000014585|202112|1789456|2120|||||||2120|
1000014585|202212|1249937|1557|||||||1557|
1000014585|202312|1445962|1832|||||||1832|
1000014585|202412|2714559|3920|||||||3920|
1000014598|202112|12346107|14636|||||||14636|
1000014598|202212|4551641|5768|||||||5768|
1000014598|202312|5460706|7041|||||||7041|
1000014598|202412|12841696|18877|||||||18877|
1000014602|202112|6353960|7532|||||||7532|
1000014602|202212|10327672|13089|||||||13089|
1000014602|202312|10281227|13257|||||||13257|
1000014602|202412|13389414|19683|||||||19683|
1000014612|202306|||||||||0|
1000014612|202406|||||||||0|
1000014612|202506|||||||||0|
1000014616|202112|56202|67|||||||67|
1000014616|202312|2018728|2603|||||||2603|
1000014616|202412|1710612|2515|||||||2515|
1000014623|202112|374526|444|829840|9|||48719|65|518|
1000014623|202212|87091|110|||||89191|121|231|
1000014623|202312|||||||||0|
1000014623|202412|||||||||0|
1000014627|202312|||||||||0|
1000014627|202412|||||||||0|
1000014631|202112|0|170|||||||170|
1000014631|202212|0|499|0|5|||||504|
1000014631|202312|0|36|||||0|9|45|
1000014631|202412|0|31|||||0|3|34|
1000014634|202112|0|142|0|26|0|762|0|51|981|
1000014634|202212|||0|6|0|12|0|22|40|
1000014634|202312|0|7|||0|257|0|84|348|
1000014634|202412|0|6|0|49|0|94|0|6|155|
1000014645|202312|||||||||0|
1000014645|202412|||||||||0|
1000014649|202112|2289535|2715|||887277|165|||2923|
1000014649|202212|617917|783|||1178531|214|||997|
1000014649|202312|583212|752|||1856848|335|||1087|
1000014649|202412|658071|968|||541323|109|||1077|
1000014650|202312|5649|7|||||||7|
1000014650|202412|261424|384|||||||384|
1000014651|202312|||||||||0|
1000014651|202412|||||||||0|
1000014662|202312|||||||||0|
1000014662|202412|||||||||0|
1000014667|202312|||||||||0|
1000014667|202412|236677|348|||1950|0|||348|
1000014669|202312|||||||||0|
1000014669|202412|||||||||0|
1000014681|202312|||||||||0|
1000014681|202412|||||||||0|
1000014682|202312|||||||||0|
1000014682|202412|||||||||0|
1000014690|202312|172180|246|||||||246|
1000014690|202412|||||||||0|
1000014705|202312|||||||||0|
1000014705|202412|110244|162|||||||162|
1000014717|202412|||||||||0|
1000014723|202112|21812919|25860|||||||25860|
1000014723|202212|19446953|24645|||||||24645|
1000014723|202312|15468118|19945|||||||19945|
1000014723|202412|10211781|15011|||||||15011|
1000014732|202312|||||||||0|
1000014732|202412|||||||||0|
1000014743|202112|553718|656|||||||656|
1000014743|202212|305691|387|||||||387|
1000014743|202312|105734|136|||||||136|
1000014743|202412|172033|253|||||||253|
1000014746|202312|||||||||0|
1000014746|202412|||||||||0|
1000014757|202212|895000|1134|||||||1134|
1000014757|202312|895000|1154|||||||1154|
1000014757|202412|895000|1316|||||||1316|
1000014766|202112|2195239|2602|||||||2602|
1000014766|202212|4589780|5817|||||||5817|
1000014766|202312|2139944|2759|||||||2759|
1000014766|202412|2277632|3349|||||||3349|
1000014822|202112|0|708|0|99|||0|95|902|
1000014822|202212|0|480677|0|9620000|||0|32372|10133049|
1000014822|202312|420262|542|9620000|88|||194895|278|908|
1000014822|202412|339387|498|9620000|90|||121453|186|774|
1000014846|202312|||||||||0|
1000014846|202412|||||||||0|
1000014853|202112|0|5759|||||0|500|6259|
1000014853|202212|0|10619|||||0|913|11532|
1000014853|202312|0|7774|||||0|435|8209|
1000014853|202412|0|6136|||||0|311|6447|
1000014898|202112|414872|492|||||||492|
1000014898|202212|452060|573|||||||573|
1000014898|202312|1002139|1292|||||||1292|
1000014898|202412|908970|1336|||||||1336|
1000014910|202212|1336285|1693|||||||1693|
1000014910|202312|702758|906|||||||906|
1000014928|202312|||||||||0|
1000014928|202412|||||||||0|
1000014954|202112|0|394|0|150|||||544|
1000014954|202212|0|1492|||||||1492|
1000014954|202412|||0|168|||||168|
1000014975|202112|224911|267|19892316|205|||||472|
1000014975|202212|280614|356|6150269|59|||52080|70|858|
1000014975|202312|932018|1201|6560658|60|||||1551|
1000014975|202412|880195|1294|4452151|42|||||1336|
1000014977|202312|||||||||0|
1000014977|202412|||||||||0|
1000015003|202312|||||||||0|
1000015003|202412|||||||||0|
1000015040|202112|131298|156|||||||156|
1000015040|202212|149920|190|||||7629|10|200|
1000015040|202312|||||||||0|
1000015040|202412|||||||||0|
1000015049|202312|137554|177|||||||177|
1000015049|202412|84003|123|||||||123|
1000015063|202312|||||||||0|
1000015063|202412|||||||||0|
1000015065|202312|||||||||0|
1000015065|202412|||||||||0|
1000015074|202312|||||||||0|
1000015074|202412|||||||||0|
1000015086|202312|||||||||0|
1000015086|202412|||||||||0|
1000015107|202312|||||||||0|
1000015107|202412|||||||||0|
1000015144|202312|||||||||0|
1000015144|202412|||||||||0|
1000015184|202112|1394307|1653|71693325|739|2093|0|28885|39|2431|
1000015184|202212|1092899|1385|85615002|816|523425|95|307005|415|2711|
1000015184|202312|695601|897|77018358|703|668403|121|54607|78|1799|
1000015184|202412|387805|570|54313185|509|1980438|399|784|1|1479|
1000015204|202312|||||||||0|
1000015204|202412|||||||||0|
1000015251|202312|||||||||0|
1000015251|202412|||||||||0|
1000015299|202112|1879064|2228|||||||2228|
1000015299|202212|558153|707|||||||707|
1000015299|202312|232434|300|||||||300|
1000015299|202412|225709|332|||||||332|
1000015322|202412|5280769|7763|||||800|1|7768|
1000015377|202112|||9025800|93|||||93|
1000015377|202212|485940|616|9025800|86|||||702|
1000015377|202312|||||||||0|
1000015377|202412|||||||||0|
1000015422|202112|25283631|29974|||557566|104|497672|668|30746|
1000015422|202212|25149224|31872|||168728|31|||31903|
1000015422|202312|25341577|32675|||468694|85|||32760|
1000015422|202412|25332159|37238|||203550|41|||37279|
1000015423|202112|0|5311|||||||5311|
1000015423|202212|5443029|6898|||||||6898|
1000015423|202312|479626|618|||||||618|
1000015423|202412|1301496|1913|||||||1913|
1000015427|202112|48530237|57532|||82086|15|36192|49|57596|
1000015427|202212|44752683|56716|||||82395|111|56827|
1000015427|202312|42842188|55240|||||30634|44|55284|
1000015427|202412|36835389|54148|||||59357|91|54239|
1000015429|202112|0|336|||||||336|
1000015429|202212|0|606|||||||606|
1000015429|202312|||||||||84|
1000015431|202312|||||||||0|
1000015431|202412|||||||||0|
1000015436|202312|||||||||0|
1000015436|202412|||||||||0|
1000015457|202312|||||||||0|
1000015457|202412|||||||||0|
1000015460|202112|11879|14|||||||14|
1000015460|202212|||||||8741|12|12|
1000015460|202312|115441|149|||||8741|12|161|
1000015460|202412|||||||||0|
1000015467|202312|||||||||0|
1000015471|202312|||||||||0|
1000015471|202412|||||||||0|
1000015477|202412|||||||||0|
1000015480|202312|||||||||0|
1000015480|202412|||||||||0|
1000015482|202312|||||||||0|
1000015482|202412|||||||||0|
1000015495|202112|4428056|5272|||||||5272|
1000015495|202212|2621080|3328|||||||3328|
1000015495|202312|4681547|6036|||||||6036|
1000015495|202412|4146381|6095|||||||6095|
1000015496|202312|||||||||0|
1000015496|202412|||||||||0|
1000015521|202106|1394279|1576|||||50400|68|1644|
1000015521|202206|1913641|2474|||||606071|818|3292|
1000015521|202306|965472|1267|||||358231|511|1778|
1000015521|202406|2585621|3592|||||312742|465|4057|
1000015521|202506|1372676|1862|||||140584|224|2086|
1000015542|202112|30000000|35565|||||||35565|
1000015542|202212|30622519|38903|||||||38903|
1000015542|202312|35000000|6486|||||||6486|
1000015542|202412|30000000|44100|||||||44100|
1000015553|202212|||43140000|411|||||411|
1000015553|202312|||43140000|399|||||399|
1000015553|202412|||43140000|404|||||404|
1000015564|202312|||||||||0|
1000015564|202412|||||||||0|
1000015567|202312|||||||||0|
1000015567|202412|||||||||0|
1000015574|202312|||||||||0|
1000015574|202412|||||||||0|
1000015581|202212|1877805|2380|||||||2380|
1000015581|202312|1844403|2378|592500|5|||||2383|
1000015581|202412|1007994|1482|||||||1482|
1000015599|202112|21000000|24896|||||||24896|
1000015599|202212|19000000|24079|||||||24079|
1000015599|202312|19000000|24499|||||||24499|
1000015632|202109|1234234|1462|||||||1462|
1000015632|202409|19208556|25348|||||||25348|
1000015632|202509|87879426|12731|||||||12731|
1000015664|202112|1000000|1186|||||||1186|
1000015664|202212|750000|950|||||||950|
1000015664|202312|250000|322|||||||322|
1000015664|202412|250000|368|||||||368|
1000015754|202312|||||||||0|
1000015754|202412|||||||||0|
1000015814|202112|5549241|6579|||||||6579|
1000015814|202212|6309632|7996|||||||7996|
1000015814|202312|6002940|7740|||||||7740|
1000015814|202412|6329492|9300|||||||9300|
1000015819|202112|||||578441|108|||108|
1000015819|202312|||||||||0|
1000015819|202412|||||87000|18|||18|
1000015912|202106|16180|18|||||404311|544|562|
1000015912|202206|100412|129|||||118688|161|459|
1000015912|202306|885604|1163|||||5559686|7931|9154|
1000015912|202406|||||||746604|1110|1374|
1000015912|202506|842|1|||200714|38|1761781|2804|2945|
1000015913|202112|0|2935|0|527|0|720|0|426|4726|
1000015913|202212|0|7184|0|1702|0|1213|0|1911|12010|
1000015914|202112|0|6733|||||||6733|
1000015914|202212|0|8270|0|26|||0|3|8299|
1000015914|202312|0|124679|0|68|||||124747|
1000015914|202412|0|151560|0|6|||0|502|152068|
1000015915|202412|||||||0|315|315|
1000015917|202112|0|21779|||||||21779|
1000015917|202212|0|35965|||||||35965|
1000015917|202312|0|24740|||||||24740|
1000015917|202412|0|21897|||||||21897|
1000015919|202112|511854|607|240000|2|761443|142|306687|412|1163|
1000015919|202212|511617|648|240000|2|2150468|390|||1040|
1000015919|202312|2952486|3807|240000|2|||||3809|
1000015919|202412|2952486|3807|240000|2|||||3809|
1000015923|202112|433847|514|||||||514|
1000015923|202212|916098|1161|||||||1161|
1000015923|202312|614301|792|||||||792|
1000015923|202412|350308|516|||||||516|
1000015939|202112|87381|104|||||||104|
1000015939|202312|34287|44|||||||44|
1000015939|202412|70546|104|||||||104|
1000015972|202112|0|4933339|0|12838|0|187|0|2116332|7113385|
1000015972|202212|0|10297|||||0|1358773|1369070|
1000015972|202312|0|9728|||||0|1757008|1766736|
1000015972|202412|0|20731|||||0|39171|59902|
1000015972|202512|0|1016494|||||0|45105|1061649|
1000015973|202112|280624|333|||||||333|
1000015973|202312|||||||||0|
1000015973|202412|||||||||0|
1000015975|202112|0|144087|0|388|0|4|0|63|144554|
1000015975|202212|0|336469|0|297|||0|48|336814|
1000015975|202412|||||||5|0|0|
1000015975|202512|0|215|||||0|9|224|
1000015976|202112|||||||0|192|192|
1000015976|202212|0|3|||||||3|
1000015976|202312|0|4|||||||4|
1000015976|202412|0|3748|||||||3767|
1000015977|202112|0|6482|0|5|||0|35|6522|
1000015977|202212|0|5275|||||0|81|5356|
1000015977|202312|0|4966|0|7|||0|90|5063|
1000015978|202112|0|3201|||||||3201|
1000015978|202212|0|2234|||||||2234|
1000015979|202112|0|252130|0|65|0|454|0|2196|254845|
1000015979|202212|0|320950|0|400|0|588|0|110|322048|
1000015979|202312|0|812750|0|491|0|3540|0|535|817316|
1000015979|202412|0|531092|0|819|0|1068|0|2345|535324|
1000015979|202512|0|619566|0|871|0|754|0|1720|622911|
1000015980|202112|0|184141|||||0|11621|275073|
1000015980|202212|0|91652|||||0|20602|241211|
1000015980|202312|0|218322|||||0|14207|360261|
1000015980|202412|0|184303|||||0|8402|224769|
1000015984|202212|597|1|||||||927|
1000015984|202312|597|1|||||||833|
1000015984|202412|597|1|||||||904|
1000015985|202112|55028|65|||||88300|119|184|
1000015985|202212|21340860|27046|1000000000|9532|393329|71|16508|22|36671|
1000015985|202312|21417314|27615|1000000000|9127|||66210|94|36836|
1000015985|202412|24555733|36097|1000000000|9365|||53660|82|45544|
1000015988|202112|1744655|2068|||||||2068|
1000015988|202212|2971410|3766|||||||3766|
1000015988|202312|974409|1256|||||||1256|
1000015988|202412|2153847|3166|||||||3166|
1000015989|202112|0|34449|||||||34449|
1000015989|202212|0|25574|||||||25574|
1000015989|202312|0|32287|||0|39|||32326|
1000015989|202412|0|33539|||||||33539|
1000015991|202206|8954|12|||||||12|
1000015991|202306|||||||68464|90|90|
1000015991|202406|||||||||0|
1000015991|202506|||||||||0|
1000015993|202112|3336000|3955|1302000|13|||||3968|
1000015993|202212|7379000|9351|1378000|13|||||9364|
1000015993|202312|499000|643|55000|1|||||644|
1000015993|202412|2355000|3461|216000|2|||||3463|
1000015995|202112|1547104|1834|||||||1834|
1000015995|202212|3603|5|||||||5|
1000015995|202312|19266|25|||||||25|
1000015995|202412|7899|12|||||||12|
1000016002|202112|0|4891|||||||4891|
1000016002|202212|0|4455|||||||4455|
1000016002|202312|0|5049|||||||5049|
1000016002|202412|0|4852|||||||4852|
1000016003|202312|||||||||0|
1000016003|202412|||||||||0|
1000016009|202112|6005580|7139|||||||7139|
1000016009|202212|4992849|6327|||||||6327|
1000016009|202312|4384788|5654|||||||5654|
1000016009|202412|5770381|8482|||||3033|5|8487|
1000016025|202112|100651|120|||||||120|
1000016025|202212|159771|203|||||||203|
1000016025|202312|288565|372|||||||372|
1000016025|202412|123922|182|||||||182|
1000016027|202412|||||||||0|
1000016032|202312|||||||||0|
1000016032|202412|||||||||0|
1000016040|202112|2547400|3020|||||||3020|
1000016040|202212|2778220|3521|||||||3521|
1000016040|202412|2764060|4063|||||||4063|
1000016056|202112|||||||738085|991|991|
1000016056|202212|||||||430943|582|582|
1000016056|202312|||||||138678|199|199|
1000016056|202412|||||||||0|
1000016061|202112|1752348|2077|14068360|167|||||2244|
1000016061|202212|1440392|1825|40378882|385|||||2210|
1000016061|202312|2070844|2670|63428251|579|||||3249|
1000016061|202412|2015733|2963|63428251|594|||||3557|
1000016077|202312|||||||||0|
1000016077|202412|||||||||0|
1000016093|202112|0|13|0|955|0|492|0|9|1469|
1000016093|202212|0|6|0|20|0|705|0|6|737|
1000016093|202312|0|3|0|20|0|658|0|7|688|
1000016093|202412|0|5|||0|34|0|3|42|
1000016144|202212|106370|135|||||||135|
1000016144|202312|130000|168|||||||168|
1000016144|202412|0|49|||||||49|
1000016145|202106|675224|763|||||||763|
1000016145|202206|602085|778|||||||778|
1000016145|202306|372251|489|||||||489|
1000016145|202406|540540|1910|||||||1910|
1000016145|202506|332008|450|||||||450|
1000016150|202112|532119|631|||||||631|
1000016150|202212|593567|752|||||48190|65|817|
1000016150|202312|945145|1219|||||42290|60|1279|
1000016150|202412|1377942|2026|||||18140|28|2054|
1000016155|202112|505099|599|3068928|31|1507352|281|22351|30|941|
1000016155|202212|1272101|1612|472127|5|2411787|438|122|0|2055|
1000016155|202312|8255263|10644|3883478|35|2628151|475|233|0|11154|
1000016155|202412|4865378|7153|5908000|55|1748398|352|339|1|7561|
1000016166|202312|||||||||0|
1000016166|202412|||||||||0|
1000016179|202112|||||||||263|
1000016207|202312|536473|708|||||15859|22|730|
1000016207|202412|344006|506|||||7681|12|518|
1000016210|202112|39929|47|12466986|129|||||176|
1000016210|202212|33930|43|26415278|252|||||295|
1000016210|202312|||13611503|124|||||124|
1000016210|202412|||25563091|239|||||239|
1000016218|202312|||||||||0|
1000016218|202412|||||||||0|
1000016219|202112|26637|32|||||||32|
1000016219|202312|||0|4545|||||4545|
1000016224|202312|||||||||0|
1000016224|202412|||||||||0|
1000016229|202312|||||||||0|
1000016229|202412|||||||||0|
1000016233|202312|||||||||0|
1000016233|202412|||||||||0|
1000016240|202312|||||||||0|
1000016240|202412|218898|322|||||||322|
1000016242|202112|281815|334|||||||334|
1000016242|202212|120419|153|||||||153|
1000016242|202312|||||||||0|
1000016250|202412|||||||||0|
1000016295|202112|8765734|10392|||||||10392|
1000016295|202212|6404631|8117|||||||8117|
1000016295|202312|5995402|7730|||||||7730|
1000016295|202412|8049966|11833|||||||11833|
1000016304|202212|1962904|2488|||||||2488|
1000016304|202312|740146|954|||||||954|
1000016304|202412|590407|868|||||||868|
1000016311|202112|11527528|13666|||||||13666|
1000016311|202212|14815666|18776|||||||18776|
1000016311|202312|||||||||0|
1000016311|202412|17684042|25996|||||||25996|
1000016333|202112|1926092|2283|725412|7|||133796|180|2470|
1000016333|202212|57505941|72877|185808213|1771|||2809464|3796|78444|
1000016333|202312|5523592|7122|253335|2312|||555539|793|10227|
1000016333|202412|2848846|3961|252360997|2330|||333417|485|6776|
1000016360|202112|1169810|1387|||||||1387|
1000016360|202212|577684|732|||||||732|
1000016360|202312|321840|415|||||||415|
1000016360|202412|847888|1247|||||||1247|
1000016361|202312|||||||||0|
1000016361|202412|||||||||0|
1000016375|202312|||||||||0|
1000016375|202412|||||||||0|
1000016379|202312|||||||||0|
1000016379|202412|||||||||0|
1000016388|202312|||||236250|42|||42|
1000016388|202412|||||398180|80|||80|
1000016390|202112|123803|147|||||||147|
1000016390|202212|99092|126|||||||126|
1000016390|202312|||||||||0|
1000016390|202412|||||||||0|
1000016413|202312|||||||||0|
1000016413|202412|||||||||0|
1000016449|202112|23261804|27577|||||||27577|
1000016449|202212|16946311|21476|||||||21476|
1000016449|202312|26852722|34624|||||||34624|
1000016449|202412|25599221|37631|||||||37631|
1000016450|202112|747533|886|||||||886|
1000016450|202212|611664|775|||||||775|
1000016450|202312|330086|426|||||||426|
1000016450|202412|595793|876|||||||876|
1000016453|202412|||||||||0|
1000016454|202112|2191877|2599|||||||2599|
1000016454|202212|3247866|4116|||||||4116|
1000016454|202312|2671834|3445|||||||3445|
1000016454|202412|2530634|3720|||||||3720|
1000016455|202312|||||||||0|
1000016455|202412|||||||||0|
1000016456|202312|||||||||0|
1000016456|202412|||||||||0|
1000016457|202112|7936|9|||||||9|
1000016457|202312|||||||||0|
1000016457|202412|||||||||0|
1000016462|202112|||||||155000|208|208|
1000016462|202212|||||||155000|209|209|
1000016462|202312|||||||155000|221|221|
1000016462|202412|||||||155000|236|236|
1000016463|202212|0|2|||||||2|
1000016473|202112|4486|5|||||||5|
1000016473|202212|21470|27|||||||27|
1000016473|202312|12055|2|1066000|10|||||12|
1000016473|202412|118576|174|2745000|26|||||200|
1000016476|202312|||||||||0|
1000016476|202412|||||||||0|
1000016478|202112|0|11232|0|554|0|14396|0|95|26285|
1000016478|202212|0|3444|0|1159|0|10746|0|776|16125|
1000016478|202312|0|3250|0|369|0|15690|0|820|20129|
1000016478|202412|0|3961|0|233|0|19272|0|685|24151|
1000016486|202312|||||||||0|
1000016486|202412|||||||||0|
1000016507|202212|0|27|||||||27|
1000016507|202312|0|433|||||||433|
1000016517|202312|||||||||0|
1000016517|202412|720000|1058|||||||1058|
1000016520|202212|3310335|4195|||||||4195|
1000016520|202312|929052|1198|||||||1198|
1000016520|202412|1017530|1496|||5701440|1148|||2644|
1000016523|202312|||||||||0|
1000016561|202112|579418000|686900|3446486000|35507|3520000|655|3998000|5367|728429|
1000016561|202212|638449000|809107|7286818000|69456|3247000|589|9064000|12247|891399|
1000016561|202312|612056000|789185|5875126000|53620|2843000|514|2053000|2929|846248|
1000016561|202412|643189000|945487|7465489000|69913|3486000|702|5512000|8427|1024529|
1000016600|202312|||||||||0|
1000016601|202312|||||||||0|
1000016601|202412|||||||||0|
1000016624|202103|127055280|144017|7452000|77|||1200000|1618|145712|
1000016624|202203|247118000|299210|||||2170000|2932|302147|
1000016624|202303|142456000|185733|12086000|119|||1446000|2055|187939|
1000016624|202403|143080000|207111|12086000|108|30557000|5676|441000|642|213573|
1000016624|202503|172578000|253086|4262000|42|22626000|4572|157000|250|257988|
1000016720|202112|2192|3|||||||3|
1000016720|202212|28313|36|||||||36|
1000016720|202312|||||||||0|
1000016720|202412|4133|6|||||||6|
1000016738|202312|||||||||0|
1000016738|202412|||||||||0|
1000016744|202203|0|128577|0|24489|||0|1961|156078|
1000016744|202303|0|106959|0|16565|||0|8936|133498|
1000016744|202403|0|102415|0|9330|||0|1468|113909|
1000016744|202503|0|73000|0|20386|||0|2043|96197|
1000016745|202112|11742014|13920|||||||13920|
1000016745|202212|12331485|15627|||||||15627|
1000016745|202312|26127721|33690|||||||33690|
1000016745|202412|21866468|32144|16740000|157|||327500|501|32802|
1000016747|202112|1872469|2220|407800|4|||1276116|1713|4511|
1000016747|202212|4960977|6287|||||909585|1229|8343|
1000016747|202312|5216868|6727|||||18766838|26773|33818|
1000016747|202412|3690655|5426|||||19312442|29523|35426|
1000016749|202112|0|196017|0|2395|||||199028|
1000016749|202212|0|646628|0|115|||||646743|
1000016749|202312|0|888774|0|2715|||||891489|
1000016749|202412|0|703759|||||||703759|
1000016752|202312|||||||||0|
1000016752|202412|3464|5|||||||5|
1000016760|202412|||||||||0|
1000016763|202112|448965|532|||||||532|
1000016763|202212|5935049|7521|||||||7521|
1000016763|202312|10033524|12937|||||||12937|
1000016763|202412|360137|529|||||||529|
1000016770|202312|||||||||0|
1000016770|202412|||||||||0|
1000016772|202112|0|2842|0|1137|||0|550|4529|
1000016772|202212|0|2832|0|765|||0|796|4393|
1000016772|202312|0|4176|0|1167|||0|540|5883|
1000016772|202412|0|1309|0|757|||0|37|2103|
1000016773|202112|1405588|1670|||||||1670|
1000016773|202212|92219|117|||||||117|
1000016773|202312|0|2018|||||0|18|2036|
1000016773|202412|0|2804|||||||2804|
1000016777|202312|||||||||0|
1000016777|202412|||||||||0|
1000016782|202312|||||||||0|
1000016782|202412|||||||||0|
1000016783|202112|16526148|19592|||||||19592|
1000016811|202312|157740|200|||||||200|
1000016849|202112|543907|645|||||||645|
1000016849|202212|728211|923|||||||923|
1000016849|202312|1777950|2292|||||||2292|
1000016849|202412|2670829|3926|||4800|1|||3927|
1000016874|202112|0|15785|0|78|||0|251|16115|
1000016874|202212|0|19368|||||0|140|19508|
1000016874|202312|0|15384|0|110|||0|5|15499|
1000016874|202412|0|11815|||||0|62|11877|
1000016875|202512|0|54506|0|539|||0|42196|97241|
1000016877|202112|0|20080|||||||20080|
1000016877|202212|0|35914|||||||35914|
1000016877|202312|0|31666|||||||31666|
1000016877|202412|0|27359|||||||27359|
1000016879|202112|93955|112|1947396|20|||33197|45|177|
1000016879|202212|2592|3|5719996|54|||||58|
1000016879|202312|79725|98803|4128000|38|1797|0|32445|46|98887|
1000016879|202412|21687|32|394768|3|||||35|
1000016881|202112|0|54142|||||0|27|54609|
1000016881|202212|0|76535|||||||84677|
1000016881|202312|0|86390|||||||86653|
1000016881|202412|0|102746|||||||103019|
1000016884|202212|0|750|0|12|||0|47|809|
1000016884|202312|0|346|0|10|0|419|0|126|901|
1000016884|202412|0|628|0|4|0|626|0|102|1360|
1000016886|202112|79702062|94487|||||||94487|
1000016886|202212|63408006|80358|||||||80358|
1000016886|202312|50130591|64638|||||||64638|
1000016886|202412|80695319|118622|||||||118622|
1000016886|202512|25812524|37038|||||||37038|
1000016888|202112|21275518|25222|127257115|1311|||8076250|10841|37521|
1000016888|202212|23911681|30303|148954390|1420|||2755671|3723|35639|
1000016888|202312|14777336|19054|90841590|829|||4631119|6607|26619|
1000016888|202412|13767167|20238|289991769|2716|||3401381|5200|28388|
1000016889|202312|||||||||0|
1000016889|202412|||||||||0|
1000016891|202112|0|30461|||||||30461|
1000016891|202212|0|37673|||||||37673|
1000016901|202112|0|28714|||0|208|0|237|29159|
1000016901|202212|0|35216|||0|708|0|276|36200|
1000016901|202312|0|41302|||0|671|0|317|42290|
1000016901|202412|0|52428|0|6179|0|126|0|730|59528|
1000016902|202112|0|17463|||||||17463|
1000016902|202212|0|16853|0|1507|||0|114|18474|
1000016902|202312|0|16584|||||0|1622|18206|
1000016902|202412|0|17772|0|3416|||0|715|21903|
1000016905|202112|1534887|1820|||||||1820|
1000016905|202212|1586059|2010|||||||2010|
1000016905|202312|1921838|2478|||||||2478|
1000016905|202412|803918|1182|||||||1182|
1000016908|202112|0|725|||0|1777|||2502|
1000016908|202212|0|1052|||0|1531|||2583|
1000016908|202312|0|1294|||0|3094|0|7|4395|
1000016908|202412|0|2050|||0|2376|||4426|
1000016909|202112|0|2485|||||||2485|
1000016909|202212|0|5107|||||||5107|
1000016909|202312|0|5196|||||||5196|
1000016909|202412|0|38|||||||38|
1000016915|202112|||8464200|87|||||87|
1000016915|202312|||||||||0|
1000016915|202412|||||||||0|
1000016919|202312|||||||||0|
1000016919|202412|||||||||0|
1000016920|202112|21238938|25179|||||||25179|
1000016920|202312|21238938|25179|||||||25179|
1000016920|202412|||||||||0|
1000016921|202112|0|678|||||||678|
1000016921|202212|0|686|||||||686|
1000016921|202312|0|1131|||||0|60|1191|
1000016921|202412|0|809|||||0|56|865|
1000016924|202312|||||||||0|
1000016924|202412|||||||||0|
1000016929|202112|725802|860|||||||860|
1000016929|202212|11843010|15009|||||||15009|
1000016929|202312|4122272|5315|||||102898|147|5462|
1000016929|202412|3750700|5513|||||19977|31|5544|
1000016930|202112|337361|400|56000|1|||||401|
1000016930|202212|52281|65|1036000|10|||||75|
1000016930|202312|493427|636|||3868|1|||637|
1000016930|202412|20736|30|||||||30|
1000016931|202112|||112492400|1159|||||1159|
1000016931|202212|||119745000|1141|||||1141|
1000016931|202312|||59795000|546|||||546|
1000016931|202412|462868|680|70496000|660|||||1340|
1000016934|202112|0|92669|||||0|55166|147835|
1000016934|202212|0|96110|||||0|68011|164121|
1000016934|202312|0|130439|0|27380|||0|70817|228636|
1000016934|202412|0|156312|0|28094|||0|68439|252845|
1000016936|202312|||||||||0|
1000016936|202412|||||||||0|
1000016938|202112|0|18284|||||0|498|18785|
1000016938|202212|0|24826|||||0|4005|28834|
1000016938|202312|0|15431|||||0|2946|18377|
1000016939|202103|191279|217|||||||217|
1000016939|202203|287539|348|4878440|48|||||396|
1000016939|202303|153574|200|80297760|788|||13585|19|1007|
1000016939|202403|5150504|6937|||||||6937|
1000016939|202503|3318073|4866|||||||4866|
1000016941|202112|3633071|4307|||||||4307|
1000016941|202212|4750167|6020|||||||6020|
1000016941|202312|959604|1237|||||||1237|
1000016941|202412|978341|1438|||||||1438|
1000016950|202112|104617|124|||||||124|
1000016950|202212|||||||24000|32|32|
1000016950|202312|||||||52345|81|81|
1000016950|202412|||||||22897|38|38|
1000016954|202112|1215298|1441|||||||1441|
1000016954|202212|402773|510|||||||510|
1000016954|202312|||||||||0|
1000016954|202412|||||||||0|
1000016955|202112|18335|20|||||||20|
1000016955|202212|241050|305|||||||305|
1000016955|202312|51050|66|||||||66|
1000016955|202412|51050|75|||||||75|
1000016958|202212|217159|275|||||||275|
1000016958|202312|23306|30|||||||30|
1000016958|202412|179023|259|||||||259|
1000016961|202112|20000|24|||||||24|
1000016961|202312|||||||||0|
1000016961|202412|||||||||0|
1000016962|202112|386604|458|||||75811|103|561|
1000016962|202312|201601|260|||||||272|
1000016962|202412|127495|187|||||361202|552|739|
1000016966|202312|||||||||0|
1000016966|202412|||||||||0|
1000016969|202112|339694|403|19440000|200|||||603|
1000016969|202212|12885|16|||||||16|
1000016969|202312|||||||||363|
1000016969|202412|220000|323|||||||323|
1000016970|202112|1867053|2213|||||29400|40|2253|
1000016970|202212|237153|301|||451368|82|703100|950|1333|
1000016970|202312|3236270|3750|||||||3750|
1000016970|202412|344617|507|||451368|91|308224|471|1069|
1000016975|202112|366022|434|||||||434|
1000016975|202212|20444|26|||||||26|
1000016975|202312|88220|114|||||||114|
1000016975|202412|154339|227|||||||227|
1000016977|202312|||||||||0|
1000016977|202412|||||||||0|
1000016981|202112|2055244|2437|||||||2437|
1000016981|202212|628183|796|||||||796|
1000016981|202312|230268|297|||||||297|
1000016981|202412|19965|29|||||||29|
1000016982|202312|1886338|2432|||||||2432|
1000016982|202412|||||||||0|
1000016983|202312|31100|41|||||||41|
1000016983|202412|||||||||0|
1000016985|202112|0|999|||||0|662|2519|
1000016985|202212|0|360|||||0|737|1219|
1000016985|202312|0|759|||||0|616|1391|
1000016985|202412|0|873|||||0|568|1441|
1000016987|202312|||||||||0|
1000016987|202412|||||||||0|
1000016989|202312|||||||||0|
1000016989|202412|||||||||0|
1000016995|202312|594694|767|||||||767|
1000016995|202412|||||||||0|
1000016996|202112|2433850|2885|||||||2885|
1000016996|202212|5588866|7083|||||||7083|
1000016996|202312|13511087|17421|||||||17421|
1000016996|202412|11718078|17226|||||||17226|
1000016997|202112|0|20146|0|2043|0|12|0|739|22940|
1000016997|202212|0|33842|0|825|||0|358|35025|
1000016997|202312|0|2467|0|104|||0|283|2854|
1000016997|202412|0|36385|0|1271|0|1|0|2048|39705|
1000017008|202112|17308285|20519|||||||20519|
1000017008|202212|19948754|26074|||||||26074|
1000017008|202312|16561815|21369|||||||21369|
1000017008|202412|18055851|26538|||||||26538|
1000017012|202312|||||||||0|
1000017012|202412|||||||||0|
1000017015|202112|507434|602|||||||602|
1000017015|202312|206553|336|||||||336|
1000017015|202412|1499600|2204|||||||2204|
1000017016|202112|20727770|24573|220991|2|||||24575|
1000017016|202212|19105253|24212|||||||24212|
1000017016|202312|13336247|17195|||||||17195|
1000017016|202412|10547410|15504|1386638|13|||||15517|
1000017020|202112|17046742|20208|5084659|52|||35785|48|20308|
1000017020|202212|18027435|22846|5296388|50|||35359|48|22944|
1000017020|202312|17833021|22994|||||||22994|
1000017020|202412|17345154|25497|27912760|261|||||25758|
1000017025|202312|||||||||0|
1000017029|202312|||||||||0|
1000017029|202412|||||||||0|
1000017048|202112|0|3493|0|71|||||3564|
1000017048|202212|0|3663|0|65|||||3728|
1000017048|202312|0|4898|0|90|||0|241|5229|
1000017048|202412|0|2005|0|152|||0|140|2297|
1000017053|202112|3607020|4277|411000|4|||24843|33|4314|
1000017053|202212|3390670|4297|||||||4297|
1000017053|202312|479833|619|155400|1|||28482|41|661|
1000017053|202412|292627|430|||||18894|29|459|
1000017056|202212|3396678|4305|||||||4305|
1000017056|202312|4239854|5467|||||||5467|
1000017056|202412|3909259|5747|||||||5747|
1000017059|202112|2608963|3093|||||||3093|
1000017059|202212|3277469|4154|||||||4154|
1000017059|202312|922261|1189|||||||1189|
1000017059|202412|331445|487|||||||487|
1000017060|202112|2972888|3524|1828957|19|||352351|473|4073|
1000017060|202312|2894042|3732|5560866|51|||303801|433|4235|
1000017060|202412|2155855|3169|8458655|79|||222168|340|3646|
1000017061|202112|7234489|8576|||||||8576|
1000017061|202212|43045|55|||||||55|
1000017061|202312|3088318|3982|||||||3982|
1000017061|202412|644435|947|||||||947|
1000017066|202112|84373|100|||||||100|
1000017066|202212|127707|162|||||||162|
1000017066|202312|127449|164|||||||164|
1000017066|202412|68047|100|2188000|20|||||120|
1000017070|202312|||||||||0|
1000017070|202412|||||||||0|
1000017071|202112|327358|388|||204636|38|2037778|2735|3161|
1000017071|202212|129566|164|||356558|65|1518611|2052|2281|
1000017071|202312|201925|260|||180544|33|2254548|3216|3509|
1000017071|202412|5311463|7808|||636628|128|2423233|3704|11640|
1000017073|202312|||||||||0|
1000017073|202412|||||||||0|
1000017080|202112|541596|642|||||612|1|643|
1000017080|202212|801717|1016|||||612|1|1017|
1000017080|202312|858319|1107|||||612|1|1108|
1000017080|202412|911432|1340|||||612|1|1341|
1000017085|202312|||||||||0|
1000017085|202412|||||||||0|
1000017091|202312|||||||||0|
1000017091|202412|||||||||0|
1000017098|202312|||||||||0|
1000017098|202412|||||||||0|
1000017100|202312|||||||||0|
1000017100|202412|||||||||0|
1000017105|202312|||||||||0|
1000017105|202412|||||||||0|
1000017109|202312|||||||||0|
1000017111|202312|3875|5|||2979|1|3439|5|11|
1000017111|202412|||||||||0|
1000017119|202112|||793143500|8171|||||8171|
1000017119|202212|1072610|1359|1107239625|10554|||||11913|
1000017119|202312|||1479717205|13505|||||13505|
1000017119|202412|||1332213000|12476|||||12476|
1000017126|202312|||||||||0|
1000017137|202312|115574|149|||||||149|
1000017137|202412|598096|879|||||||879|
1000017147|202312|||||||||0|
1000017147|202412|||||||||0|
1000017154|202112|||1735400|18|||||18|
1000017154|202212|322257|408|||||||408|
1000017154|202312|||||||||0|
1000017154|202412|||||||||0|
1000017163|202112|2443305|2897|79326526|817|||2915|4|3718|
1000017163|202212|722426|916|20986604|200|||104|0|1116|
1000017163|202312|992818|1280|13778500|126|||||1406|
1000017163|202412|428718|783|13266500|124|||||907|
1000017170|202312|||||||||0|
1000017170|202412|||||||||0|
1000017173|202112|578568|686|836825804|8621|||||9307|
1000017173|202212|||836703700|7975|||||7975|
1000017173|202312|71355|92|836703700|7637|||||7729|
1000017173|202412|||836703700|7835|||||7835|
1000017184|202412|121600|179|||||||179|
1000017190|202112|5225803|6195|||||||6195|
1000017190|202212|5377035|6814|||||||6814|
1000017190|202312|2543208|3279|||||||3279|
1000017190|202412|2158883|3173|||||||3173|
1000017202|202212|0|296|||||||296|
1000017202|202312|0|331|||||||331|
1000017202|202412|0|202|||||||202|
1000017207|202112|322286|351|||||||351|
1000017207|202212|2389390|3028|||||||3028|
1000017207|202312|2389390|3081|||||||3081|
1000017207|202412|2389390|3512|||||||3512|
1000017212|202112|6937188|8|||||||8|
1000017212|202212|8443798|11825|131733022|132|||||11957|
1000017212|202312|16323358|21048|35742790|326|||||21374|
1000017212|202412|15733263|23128|11557541|108|||||23236|
1000017231|202112|||453550000|4673|||||4673|
1000017231|202212|||453550000|4323|||||4323|
1000017231|202312|||453550000|4139|||||4139|
1000017231|202412|||407000000|3811|||||3811|
1000017240|202112|419816|498|||||||498|
1000017240|202212|279255|359|||||||359|
1000017240|202312|713911|921|||||||921|
1000017240|202412|676041|994|||||||994|
1000017244|202212|729236|924|||||||924|
1000017244|202512|940888|1350|||||||1350|
1000017245|202112|||||2516657|469|||469|
1000017245|202212|138000|175|||175412|939|||1114|
1000017245|202312|343224|443|||4368000|790|||1233|
1000017245|202412|307071|451|||4868000|980|||1431|
1000017251|202112|||||||0|43|43|
1000017262|202112|495600|588|||||||588|
1000017262|202312|||||||||0|
1000017262|202412|||||||||0|
1000017263|202112|824940|978|||||||978|
1000017263|202212|5221977|6618|||||||6618|
1000017263|202312|5629264|7259|||||||7259|
1000017263|202412|3522556|5176|||||||5176|
1000017283|202112|4100000|4969|357000000|3678|||||8647|
1000017283|202212|5100000|6463|257000000|2450|||||8913|
1000017283|202312|4376000|5642|257000000|2346|||||7988|
1000017283|202412|3250000|4478|257000000|2407|||||6885|
1000017285|202312|||||||||0|
1000017285|202412|||||||||0|
1000017292|202212|2220443|2814|||||||2814|
1000017292|202312|2713517|3499|||||||3499|
1000017292|202412|1167629|1717|||||||1717|
1000017295|202112|1000000|1186|||||||1186|
1000017295|202212|1101168|1396|||||||1396|
1000017295|202312|1000000|1289|||||||1289|
1000017295|202412|1000000|1470|||||||1470|
1000017298|202212|7989276|10125|||||130764|177|10302|
1000017298|202312|4103602|5292|||||5014|7|5299|
1000017298|202412|2544274|3740|||||||3740|
1000017300|202112|63466780|75239|||||5258558|7059|82298|
1000017300|202212|99310457|125856|||||32467911|43871|169727|
1000017300|202312|86195749|111141|||||28804202|41092|152233|
1000017300|202412|71910438|105708|||||22795947|34849|140557|
1000017307|202312|||||||||0|
1000017307|202412|||||||||0|
1000017316|202312|||||||||0|
1000017316|202412|||||||||0|
1000017322|202212|573544|727|||||||727|
1000017322|202312|3255147|4197|||||||4197|
1000017322|202412|1675607|2463|||||||2463|
1000017323|202112|31184|37|||||||37|
1000017323|202312|||||||||0|
1000017323|202412|||||||||0|
1000017335|202312|||||||||0|
1000017335|202412|||||||||0|
1000017336|202112|||218128215|2247|||||2247|
1000017336|202212|||0|75|||||75|
1000017336|202312|||0|2417|||||2417|
1000017336|202412|||0|2215|||||2215|
1000017339|202112|130292|154|||||422868|568|722|
1000017339|202212|1524|2|454648|82|||480151|649|733|
1000017339|202312|809889|1044|||43000|8|912957|1302|2354|
1000017339|202412|130161|191|||896080|180|378042|578|949|
1000017354|202112|||3356880|35|||||35|
1000017354|202212|43979|56|10105292|96|||62896|85|237|
1000017354|202312|6664|9|873625|8|||473979|676|693|
1000017354|202412|2317|3|5747415|54|||345523|528|585|
1000017385|202112|2593405|3074|||||||3074|
1000017385|202212|1209699|1110|||||||1110|
1000017385|202312|898389|1158|||||||1158|
1000017385|202412|17590|26|||||||26|
1000017413|202312|||||||||0|
1000017413|202412|||||||||0|
1000017417|202112|||315000|3|||||3|
1000017417|202212|335|0|740000|7|||||7|
1000017417|202312|285|0|740000|7|||||7|
1000017417|202412|21441|32|1480000|14|||||46|
1000017435|202312|||||||||0|
1000017435|202412|||||||||0|
1000017444|202212|1094736|1387|||||||1387|
1000017444|202312|||||||||0|
1000017450|202312|||||||||0|
1000017450|202412|||||||||0|
1000017465|202112|7519005|8913|3951000|41|||892387|1198|10152|
1000017465|202212|9407929|11923|12569590|120|||372157|503|12546|
1000017465|202312|8493653|10952|2266000|21|||1118038|1595|12568|
1000017465|202412|4757944|6994|6573600|62|||1079849|1651|8707|
1000017486|202112|430454|510|||||||510|
1000017486|202212|3258002|4129|||||||4129|
1000017486|202312|296763|383|||||||383|
1000017486|202412|||||||||0|
1000017495|202112|37704|45|||||2453120|3293|3338|
1000017513|202112|37147487|44038|727267127|7492|||801438|1075|52707|
1000017513|202212|28027246|35519|472571456|4504|225260|41|212832|287|40448|
1000017513|202312|13647595|17597|23788207|2868|248423|45|156152|223|20811|
1000017513|202412|16691195|24536|331736191|3107|911510|183|357728|547|28712|
1000017516|202112|31236766|37031|||||||37031|
1000017516|202212|26073009|33042|||||||33042|
1000017516|202312|1205846|1554|||||||1554|
1000017516|202412|||||||||0|
1000017540|202112|251126|297|||||33316|45|342|
1000017540|202212|85999|109|||||6885|9|118|
1000017540|202312|47397|61|||||4169|6|67|
1000017540|202412|129445|190|||||6850|10|200|
1000017555|202312|||||||||0|
1000017555|202412|||||||||0|
1000017557|202112|779323|924|||||||924|
1000017557|202212|1267800|1607|||||||1607|
1000017557|202312|551797|711|145894610|1332|||||2043|
1000017557|202412|571001|839|109390747|1024|||||1863|
1000017579|202112|0|85131|||||0|3273|88602|
1000017579|202212|0|108640|||||0|3042|111871|
1000017579|202312|0|117521|||||0|2569|122809|
1000017579|202412|0|116581|||||0|1443|121526|
1000017580|202112|0|2937|0|48|0|443|0|560|3988|
1000017580|202212|0|2566|||0|873|0|416|3855|
1000017580|202312|0|1565|||0|458|0|199|2222|
1000017580|202412|0|5417|||0|654|0|156|6227|
1000017581|202112|0|771389|0|58|0|71|||771546|
1000017581|202212|0|667711|0|3623|0|200|||672735|
1000017581|202312|0|682324|0|6924|0|864|||691891|
1000017581|202412|0|776787|0|7490|0|746|||787569|
1000017611|202112|4133631|4900|||||||4900|
1000017611|202212|4127631|5231|||||||5231|
1000017611|202312|4127631|5322|||||||5322|
1000017611|202412|4122631|6060|||||||6060|
1000017613|202312|||||||||0|
1000017613|202412|||||||||0|
1000017656|202112|10444326|12378|||||||12378|
1000017656|202212|4061241|5147|||||||5147|
1000017656|202312|1000000|1289|||||||1289|
1000017656|202412|2881228|4235|||||||4235|
1000017689|202112|135695|161|||||12844|17|178|
1000017689|202212|407386|516|||||||516|
1000017689|202312|104205|134|||||||134|
1000017689|202412|236689|348|||||||348|
1000017691|202212|2052403|2601|||||||2601|
1000017732|202103|566799|642|||||||642|
1000017734|202112|5810407|6888|||||||6888|
1000017734|202212|7373329|9344|||399000|72|||9416|
1000017734|202312|5451161|7028|||345000|62|||7090|
1000017734|202412|6577785|9669|||||||9669|
1000017738|202312|||||||||0|
1000017738|202412|||||||||0|
1000017744|202312|1053071|1358|||||||1358|
1000017777|202312|129852|167|||||||167|
1000017789|202312|||||||||0|
1000017789|202412|||||||||0|
1000017829|202112|175211|208|||||||208|
1000017829|202212|580730|736|||||||736|
1000017829|202312|82295|106|||||||106|
1000017829|202412|1140554|1677|||||||1677|
1000017841|202412|||||||||0|
1000017878|202112|5797815|6873|||||||6873|
1000017878|202212|5225710|6622|||||||6622|
1000017878|202312|5250554|6770|||||||6770|
1000017878|202412|3600426|5293|||||||5293|
1000017885|202212|0|3|||||||3|
1000017914|202112|453198|537|||||||537|
1000017914|202212|3256696|4127|||||||4127|
1000017914|202312|3256696|4127|||||||4127|
1000017914|202412|493495|725|||||||725|
1000017918|202112|1331020|1578|||||||1578|
1000017918|202212|4089552|5183|||||||5183|
1000017918|202312|1624111|2094|||||||2094|
1000017971|202412|135191|207|3197195|30|||158686|233|470|
1000017973|202112|20071360|23795|||||||23795|
1000017973|202212|21039868|26664|||||||26664|
1000017973|202312|16098721|28487|650000|5932|||||34419|
1000017973|202412|32504114|47781|150000000|1405|||||49186|
1000017976|202112|11275396|13367|||||10590|14|13381|
1000017976|202212|6763787|8572|||||21180|29|8601|
1000017976|202312|2058141|2653|||||29130|42|2695|
1000017976|202412|4577129|6729|||||||7194|
1000018002|202312|||||||||0|
1000018002|202412|||||||||0|
1000018032|202312|||||||||0|
1000018032|202412|||||||||0|
1000018070|202112|22539595|26721|||||||26721|
1000018070|202212|18922580|14856|||||||14880|
1000018070|202312|14321168|18466|||||11650|17|18483|
1000018070|202412|20455672|30070|||||241794|370|30440|
1000018084|202112|1733000|2054|||||||2054|
1000018084|202212|6633000|8405|||54000|20|||8425|
1000018084|202312|6600000|8511|||73000|13|||8524|
1000018084|202412|7720000|11348|||732000|147|||11495|
1000018109|202112|703169|834|||||||834|
1000018109|202212|221947|282|||||128846|174|456|
1000018109|202312|943229|1216|||||115000|164|1380|
1000018109|202412|662493|974|||||368441|563|1537|
1000018124|202312|||||||||0|
1000018124|202412|||||||||0|
1000018131|202112|430566|510|||||||510|
1000018131|202212|676811|858|||||||858|
1000018131|202312|||||||||0|
1000018165|202112|15528399|18409|||||1239643|1664|20073|
1000018165|202212|32047381|40613|||||5693785|7693|48306|
1000018165|202312|48966190|63137|||||8378322|11952|75089|
1000018165|202412|31845288|46813|10229073|96|||3242684|4957|51866|
1000018173|202312|4606592|5939|||||||5939|
1000018173|202412|5922213|8705|||||||8705|
1000018208|202112|0|9699|0|15|||0|3285|13035|
1000018208|202212|0|10264|||||0|100|10364|
1000018208|202312|0|13759|||||0|3470|17229|
1000018208|202412|0|23914|||||0|1721|25726|
1000018209|202112|52859|63|||||||63|
1000018209|202312|||||||385200|550|550|
1000018209|202412|3451900|5074|1038000|10|||||5084|
1000018210|202112|0|313060|||||0|10910|323985|
1000018210|202212|0|311294|||||0|354|311648|
1000018210|202312|0|379310|||||||379310|
1000018210|202412|0|443943|0|2616|0|12|0|58415|505657|
1000018211|202112|0|45074|0|10009|||||55083|
1000018211|202212|0|45520|||||0|9313|54833|
1000018211|202312|0|14030|||0|12275|0|2478|28783|
1000018211|202412|0|5112|||0|23510|0|2406|31028|
1000018213|202312|75000|96|||||||96|
1000018213|202412|75000|110|||||||110|
1000018215|202112|||||||1896042|2545|2545|
1000018215|202212|0|1133|||||0|430|1563|
1000018215|202312|1184677|1528|||||826077|1178|2706|
1000018217|202312|0|118|||||||118|
1000018217|202412|0|803|||||||803|
1000018218|202112|95044252|112676|13460527|139|||419717|564|113379|
1000018218|202212|119357885|151262|18617740|178|||732618|990|152430|
1000018218|202312|88873643|114594|40180092|367|||881378|1257|116218|
1000018218|202412|101342549|148974|||||8187990|12517|161491|
1000018219|202112|9811316|11631|||||||11631|
1000018227|202312|||||||||0|
1000018227|202412|921499|1355|||||||1355|
1000018229|202112|11476095|13605|||||||13605|
1000018229|202212|7260032|9201|||||||9201|
1000018229|202312|6751729|4368|||||||4368|
1000018229|202412|3444379|5077|||||||5077|
1000018231|202112|158780|188|||||||188|
1000018231|202312|||||||||0|
1000018231|202412|||||||||0|
1000018232|202312|1646|2|||||||2|
1000018232|202412|14358|21|||22710|5|||26|
1000018234|202112|74000|88|693000|7|||||95|
1000018234|202212|27516000|34872|1155000|11|677000|123|||35006|
1000018234|202312|18133000|23380|||2915000|527|4000|5|23912|
1000018234|202412|1338000|1967|3245154000|30390|963000|194|||32551|
1000018235|202112|709096|841|||||99160|133|974|
1000018235|202212|387483|491|5324000|51|||98870|134|676|
1000018235|202312|298863|385|||||2451255|3497|3882|
1000018235|202412|295765|435|||||11098870|16967|17402|
1000018239|202312|0|93|||||||452|
1000018239|202412|0|95|||||||585|
1000018241|202112|14158868|16785|||||||16791|
1000018241|202212|12476280|15811|854640|8|||||16240|
1000018241|202312|14159912|18267|1074440|10|||||18279|
1000018241|202412|7950078|11687|1074440|10|||||11697|
1000018243|202312|||||||||0|
1000018243|202412|||||||||0|
1000018247|202312|||||||||0|
1000018247|202412|||||||||0|
1000018251|202112|173099|205|||||4226|5|210|
1000018251|202212|391552|497|||||||818|
1000018251|202312|127925|9053|||||||9305|
1000018251|202412|343591|505|||||||712|
1000018253|202112|426565|506|||||||506|
1000018253|202212|845445|1071|1340000000|12773|||||13844|
1000018253|202312|1127890|1454|1340000000|12230|||||13684|
1000018253|202412|149000|219|1340000000|12549|||||12768|
1000018257|202212|||6135000|58|||||58|
1000018257|202312|||490000|4|||||4|
1000018257|202412|||||||||0|
1000018258|202412|||||||||0|
1000018259|202112|669975|794|44484745|458|||||1252|
1000018259|202212|623731|814|||||||814|
1000018259|202312|||||||||0|
1000018259|202412|748479|1106|||||||1106|
1000018261|202312|||||||||0|
1000018261|202412|||||||||0|
1000018264|202212|||620000000|6387|||||6387|
1000018264|202312|||620000000|6029|||||6029|
1000018268|202112|0|125|||||||3126|
1000018268|202212|0|1|||||0|2|1447|
1000018268|202312|||||||0|2|769|
1000018268|202412|||||||||129|
1000018271|202112|847719|1005|||||||1005|
1000018271|202212|633916|804|||||||804|
1000018271|202312|334745|432|||||||432|
1000018271|202412|109431|161|||||||161|
1000018272|202312|||||||||0|
1000018272|202412|||||||||0|
1000018273|202312|||||||||0|
1000018273|202412|||||||||0|
1000018274|202112|||||||54648|73|73|
1000018274|202312|79200|102|||||||102|
1000018274|202412|||||||||0|
1000018278|202112|3150249|3735|||||11339|15|3750|
1000018278|202212|1191776|1510|39110121|373|||||1883|
1000018278|202312|1628379|2100|||||38084|54|2154|
1000018278|202412|3544691|5211|||||||5211|
1000018280|202112|106560|126|||||||126|
1000018280|202212|277514|352|||||||352|
1000018280|202312|266040|343|||||||343|
1000018280|202412|350632|515|||||||515|
1000018281|202312|||||||||0|
1000018281|202412|||||||||0|
1000018294|202112|2819502|3343|||||||3343|
1000018294|202212|1415668|1794|||||||1794|
1000018294|202312|1184928|1528|||||||1528|
1000018294|202412|1312716|1930|||||||1930|
1000018303|202112|5448450|6765|||||||6765|
1000018303|202212|11422681|14475|||||||14475|
1000018303|202312|6448798|8315|||||||8315|
1000018304|202312|658153|849|||||||849|
1000018304|202412|323741|476|||||||476|
1000018306|202312|||||||||0|
1000018306|202412|||||||||0|
1000018317|202312|||||||||0|
1000018317|202412|||||||||0|
1000018318|202112|2034933|2412|||||||2412|
1000018318|202212|2053683|2603|||||||2603|
1000018320|202112|80094310|94951|17258563|177|319682|59|8421643|11305|106492|
1000018320|202212|93621395|118646|||1435691|260|4107032|5549|124455|
1000018320|202312|110313051|142238|||1817937|329|5762167|8220|150787|
1000018320|202412|94614178|139083|1893000|18|||4352332|6654|146680|
1000018321|202312|||||||||0|
1000018321|202412|||||||||0|
1000018322|202212|275250|349|||||||349|
1000018322|202312|67656|87|||||||87|
1000018322|202412|323800|476|||||||476|
1000018323|202112|107797|128|||||||128|
1000018323|202212|334408|424|||||||424|
1000018323|202312|270189|348|||||||348|
1000018323|202412|272037|400|||||||400|
1000018325|202112|1705146|2021|38733540|399|65004|12|||2432|
1000018325|202212|7192377|9115|17991589|172|||1154|2|9289|
1000018325|202312|776986|1002|63256864|577|||942|1|1580|
1000018325|202412|1413102|2078|35184223|32949|||4967|8|35035|
1000018327|202112|1269146|1504|||||||1504|
1000018327|202212|977287|1238|||||||1238|
1000018327|202312|207496|238|||||||238|
1000018327|202412|877013|1289|||||||1289|
1000018328|202112|1687454|2000|||||||2000|
1000018328|202212|5087437|6447|||||||6447|
1000018328|202312|5455337|7034|||||||7034|
1000018328|202412|9517682|13991|||||||13991|
1000018329|202212|0|740|||||||740|
1000018330|202112|100165|119|||||||119|
1000018330|202212|39573|50|||||113530|153|203|
1000018330|202312|||||||||0|
1000018332|202112|134725|160|||||3768438|5058|5310|
1000018332|202212|32562|41|||||1351595|1827|1879|
1000018332|202312|16869|22|||||984204|1404|1500|
1000018332|202412|3233|5|||||849066|1298|1314|
1000018332|202512|142719|205|||||1437423|2423|2650|
1000018335|202212|586831|744|||||||744|
1000018335|202312|||||||||0|
1000018335|202412|||||||||0|
1000018336|202112|0|2515|||||||2515|
1000018336|202212|0|10002|||||||10002|
1000018336|202312|0|811|||||||811|
1000018336|202412|0|1089|||||||1089|
1000018337|202106|2709811|3058|||||||3058|
1000018337|202206|1779715|2316|||||||2316|
1000018337|202306|814375|1074|||||||1074|
1000018340|202112|507592|601|||||||601|
1000018340|202212|482829|612|||||||612|
1000018340|202312|482829|612|||||||612|
1000018341|202312|||||||||0|
1000018341|202412|||||||||0|
1000018342|202312|||||||||0|
1000018342|202412|||||||||0|
1000018343|202312|||||||||0|
1000018343|202412|||||||||0|
1000018346|202112|74460|88|||||||88|
1000018346|202312|6000000|7736|||||||7736|
1000018346|202412|6652800|9780|||||||9780|
1000018347|202112|1531333|1815|3242|33|||||1848|
1000018347|202212|4051280|5135|||||||5135|
1000018347|202312|4044291|5215|||||||5215|
1000018347|202412|5325202|7828|393560|4|||||7832|
1000018349|202312|||||||||0|
1000018349|202412|45000|66|||||||66|
1000018351|202312|||||||||0|
1000018351|202412|||||||||0|
1000018352|202112|2263116|2683|||||||2683|
1000018352|202212|3356696|4254|||||||4254|
1000018352|202312|3403891|4389|||||315641|450|4839|
1000018352|202412|2556006|3757|||||||3757|
1000018354|202112|251400|298|||||||298|
1000018354|202212|259270|329|||||||329|
1000018354|202312|229355|296|||||||296|
1000018354|202412|42560|63|||||||63|
1000018355|202112|0|38440|||||||38440|
1000018355|202212|0|44083|||||||44083|
1000018355|202312|0|43229|||||||43229|
1000018355|202412|0|58548|||||||58548|
1000018357|202112|3142910|3722|284355|6|||||3728|
1000018370|202312|||||||||0|
1000018370|202412|||||||||0|
1000018374|202312|||||||||0|
1000018374|202412|||||||||0|
1000018375|202112|143584|170|3383817|36|||||206|
1000018375|202212|325398|412|5549329|52|||||464|
1000018375|202312|123129|159|2798003|26|||||185|
1000018375|202412|135576|199|||||||199|
1000018379|202112|57518|68|161952000|1668|1262449|235|6124|8|1979|
1000018379|202212|22750|29|||1901085|345|10077|14|388|
1000018379|202312|65488|84|||576909|104|5944|8|196|
1000018379|202412|||||427956|86|29105|44|130|
1000018380|202312|||||||||0|
1000018380|202412|||||||||0|
1000018383|202312|||||||||0|
1000018383|202412|||||||||0|
1000018384|202312|||||||||0|
1000018395|202112|800000|948|2490240|26|||||974|
1000018395|202312|5328000|6583|||||||6583|
1000018395|202412|788900|1160|||||||1160|
1000018396|202312|||||||||0|
1000018396|202412|||||||||0|
1000018404|202112|0|2659|||0|583|0|35|3277|
1000018404|202212|0|2152|||0|572|0|392|3116|
1000018404|202312|0|3031|||||0|48|3079|
1000018404|202412|0|1507|||||0|129|1636|
1000018413|202112|2571003|3048|659808000|6798|||1316|2|9848|
1000018413|202212|43244|55|659808000|6289|||||6344|
1000018413|202312|||659808000|6022|||||6022|
1000018415|202112|2902866|3441|||||||3441|
1000018415|202212|2221250|2815|||||||2815|
1000018415|202312|2362568|3046|||||9188|13|3059|
1000018415|202412|2366804|3479|||||||3479|
1000018424|202112|95776|114|8699|2|||||116|
1000018424|202212|202184|256|7741|1|||||257|
1000018424|202312|761849|982|23302|4|||||986|
1000018424|202412|785216|1154|||||||1154|
1000018425|202312|||||||||0|
1000018425|202412|||||||||0|
1000018426|202112|67506|80|1788700|18|16840|3|||101|
1000018426|202212|54360|69|3773700|36|||||105|
1000018426|202312|34847|45|2961200|27|405050|73|||145|
1000018426|202412|16163|24|2300300|22|||||46|
1000018428|202312|231617|299|||||||299|
1000018428|202412|||||||||0|
1000018430|202112|309772|367|||||1281325|1720|2087|
1000018430|202212|366712|465|||||938581|1268|1733|
1000018430|202412|424986|625|||||59216|91|716|
1000018431|202112|63430|75|||||||75|
1000018431|202212|70463|89|||||||89|
1000018431|202312|55581|72|||||||72|
1000018431|202412|122417|180|||||||180|
1000018432|202312|||||||||0|
1000018432|202412|||||||||0|
1000018434|202412|||||||||0|
1000018441|202112|469765|557|||||||557|
1000018441|202212|112139|142|||||||142|
1000018441|202312|95470|123|||||||123|
1000018441|202412|192|0|||||||0|
1000018445|202312|||||||||0|
1000018445|202412|||||||||0|
1000018448|202112|0|84|0|45|||||129|
1000018448|202212|0|44|||||||44|
1000018448|202312|0|113|||||||113|
1000018451|202112|118422|159|||||||159|
1000018451|202212|||||||41566|56|56|
1000018451|202312|45540|65|||||||65|
1000018451|202412|||||||88147|135|135|
1000018455|202112|132609|157|||||||157|
1000018455|202212|570047|722|||||||722|
1000018455|202312|335165|432|||||||432|
1000018455|202412|461700|679|||||||679|
1000018456|202112|1641208|1946|||||||1946|
1000018456|202212|1437437|1821|||||||1821|
1000018456|202312|1427117|1840|||||||1840|
1000018456|202412|1426567|2097|||||||2097|
1000018462|202112|0|1112|||||0|528|1655|
1000018462|202212|0|1748|||||0|9937|11695|
1000018462|202312|0|2210|||||0|12226|14442|
1000018462|202412|0|1964|||||0|2291|4272|
1000018465|202312|||||||||0|
1000018465|202412|||||||||0|
1000018467|202312|||||||||0|
1000018467|202412|||||||||0|
1000018468|202112|280831|333|||||||333|
1000018468|202312|182256|235|||||||235|
1000018468|202412|359016|528|||||||528|
1000018487|202312|||||||||0|
1000018487|202412|||||||||0|
1000018489|202312|0|73|||||||73|
1000018496|202112|294837|350|100000000|1030|||73397|99|1479|
1000018496|202212|85989|109|100000000|953|||51299|69|1131|
1000018496|202312|110853|142|100000000|913|||||1055|
1000018499|202312|||||||||0|
1000018499|202412|||||||||0|
1000018503|202112|10540|12|||||2533|3|15|
1000018503|202212|21343|27|||||4641|6|33|
1000018503|202312|48672|63|||||16485|24|87|
1000018503|202412|53754|79|||||||79|
1000018507|202112|16140|19|||||||19|
1000018507|202212|16140|20|||||||20|
1000018507|202312|16140|20|||||||20|
1000018507|202412|16140|24|||||||24|
1000018512|202112|58627|70|6504554|67|||9279|12|149|
1000018512|202212|77561|98|1468090|14|||22456|30|142|
1000018512|202312|530327|684|||||19795|28|712|
1000018512|202412|1489882|2190|2311480|22|||29931|46|2258|
1000018513|202312|||||||||0|
1000018513|202412|||||||||0|
1000018515|202112|1345000|1594|||||||1594|
1000018515|202212|1991000|2523|||||||2523|
1000018515|202312|3269000|4215|||||||4215|
1000018515|202412|2731000|4015|||||||4015|
1000018517|202112|1265499|1500|||||||1500|
1000018517|202212|2103493|2666|||||||2666|
1000018517|202312|652062|841|||||||841|
1000018517|202412|745188|1095|||||||1095|
1000018524|202312|||||||||0|
1000018524|202412|||||||||0|
1000018528|202112|379556|450|||||||450|
1000018528|202212|1180843|1496|||||||1496|
1000018528|202312|338302|436|||||||436|
1000018528|202412|648854|954|||||||954|
1000018565|202412|||||||||0|
1000018573|202112|1601600|1899|||||1915000|2571|4470|
1000018573|202212|1916442|2429|||||1915000|2588|5017|
1000018573|202312|1836873|2368|||||1915000|2732|5100|
1000018582|202312|||||||||0|
1000018582|202412|||||||||0|
1000018583|202112|2093|2|13294360|137|||||139|
1000018583|202212|45642|58|78610272|749|||||807|
1000018583|202312|0|29|0|13|||||42|
1000018583|202412|0|5|0|1|||0|17|23|
1000018586|202112|40650767|48187|23636881|243|||17413276|23374|78682|
1000018586|202212|92374279|117066|22795930|218|3764658|683|4409738|19889|154414|
1000018586|202312|106359479|137141|23202430|212|2709922|490|16839989|24024|184834|
1000018586|202412|74239349|109132|9965429|93|332646|67|14600465|22320|140728|
1000018587|202112|9059177|10734|||||||10734|
1000018587|202212|9026280|11439|||||||11439|
1000018587|202312|10873|15|||||||15|
1000018587|202412|2862|4|||||||4|
1000018588|202112|109095147|129332|5800000|60|||79717|107|129607|
1000018588|202212|119961406|152027|2155000|21|||14802|20|152181|
1000018588|202312|77338128|99721|5210000|48|||48886|70|99974|
1000018588|202412|70319312|103370|26129200|245|||51117|78|103727|
1000018590|202112|1820110|2158|133962330|1380|3178746|592|194500|261|4391|
1000018590|202212|2580287|3270|141709190|1351|4196360|761|||5382|
1000018590|202312|1503483|1939|122566365|1119|4060427|734|330796|472|4425|
1000018590|202412|1398623|2056|103518990|969|4576841|921|111628|171|4117|
1000018593|202112|41000|48|||||||48|
1000018593|202212|36000|46|||||||46|
1000018593|202312|7000|9|||||||9|
1000018593|202412|6000|10|||||||10|
1000018604|202312|||||||||0|
1000018604|202412|||||||||0|
1000018631|202312|3858435|4975|||||33384|48|5023|
1000018631|202412|38264|56|||||||56|
1000018685|202412|14249069|20946|||||305923|468|21414|
1000018735|202409|||||||||0|
1000018735|202509|||||||||0|
1000018736|202312|||||||||0|
1000018736|202412|||||||||0|
1000018754|202412|||||||||0|
1000018758|202312|54000|70|||||||70|
1000018758|202412|||||||||0|
1000018775|202312|||||||||0|
1000018775|202412|408700|601|||||||601|
1000018776|202112|5113337|6062|103891320|1070|||332824|446|7578|
1000018776|202212|2874639|3643|83217860|793|||457486|618|5054|
1000018776|202312|4794692|6182|217326630|1984|||235328|336|8502|
1000018776|202412|5627184|8272|235475860|2205|||569092|870|11347|
1000018782|202212|||41160000|392|||||392|
1000018782|202312|41828|54|21826000|199|||||253|
1000018782|202412|208893|307|||||||307|
1000018795|202312|||||||||0|
1000018795|202412|||||||||0|
1000018814|202212|1144198|1450|||||||1450|
1000018814|202312|1157732|1490|||||||1490|
1000018814|202412|1907646|2804|||||||2804|
1000018861|202112|4607772|5463|6760000|70|||||5533|
1000018861|202212|4087199|5180|16660000|159|||||5339|
1000018861|202312|3968646|5117|107880000|98458|||||103575|
1000018861|202412|3088478|4540|8420000|79|||||4619|
1000018884|202112|0|51|||||||51|
1000018884|202312|0|126|0|9|||0|16|151|
1000018884|202412|0|11|||||||11|
1000018885|202112|151282|179|||||16076|22|201|
1000018885|202212|816703|1035|||||||1035|
1000018885|202312|375295|484|1520000|14|||248231|354|852|
1000018885|202412|49170|72|||||||72|
1000018887|202112|4029560|4777|||||174693|234|5011|
1000018887|202212|6211165|7871|||||597372|807|8678|
1000018887|202312|858899|1107|||||6443019|9192|10299|
1000018887|202412|7008964|10303|||||402750|616|10986|
1000018889|202112|0|1074|0|2|||0|7|1083|
1000018889|202212|0|1709|0|1|||0|10|1720|
1000018889|202312|0|1424|0|1|||0|14|1439|
1000018889|202412|0|1276|0|1|||0|2|1279|
1000018893|202112|0|259010|0|16857|||0|95498|427372|
1000018893|202212|0|325951|0|23367|||0|179462|576603|
1000018893|202312|0|247953|0|25050|||0|145514|486567|
1000018893|202412|0|716136|0|8131|||0|197279|988601|
1000018898|202112|0|9|||||||9|
1000018898|202212|0|246|0|17|0|229|0|6|498|
1000018898|202312|0|358|0|9|0|88|0|8|463|
1000018898|202412|0|331|0|9|0|69|0|10|419|
1000018899|202112|0|2428|||||||2428|
1000018899|202212|0|12420|||||||12420|
1000018899|202312|0|12742|||||||12742|
1000018899|202412|0|132|||||||132|
1000018901|202112|1529633|1813|||||||1813|
1000018901|202212|1436974|1821|||||||1821|
1000018901|202312|1035842|1336|||||||1336|
1000018901|202412|818459|1203|||||||1203|
1000018902|202112|0|1437|||||||1437|
1000018902|202212|0|2300|||||||2300|
1000018902|202312|0|3223|||||||3223|
1000018902|202412|0|1512|||||||1512|
1000018902|202512|0|2167|||||||2167|
1000018908|202312|||||||||0|
1000018908|202412|||||||||0|
1000018912|202212|||1410220000|13442|||||13442|
1000018912|202312|||||||||0|
1000018912|202412|||||||||0|
1000018913|202312|||||||||0|
1000018913|202412|||||||||0|
1000018915|202112|||459631000|4735|||||4735|
1000018915|202212|||459630883|4381|||||4381|
1000018915|202312|||459630883|4195|||||4195|
1000018915|202412|||||||||0|
1000018919|202212|||||||||0|
1000018919|202312|||||||||0|
1000018919|202412|||||||||0|
1000018924|202212|0|6|||||0|8|14|
1000018924|202312|0|28|||||||28|
1000018924|202412|0|43|||||||43|
1000018927|202312|||||||||0|
1000018927|202412|||||||||0|
1000018936|202212|1310089|1660|||||||1660|
1000018936|202312|50400|65|||||||65|
1000018937|202112|0|59052|0|15602|0|19|0|157|74830|
1000018937|202212|0|39539|0|16799|0|163|0|9|56671|
1000018937|202312|0|90509|0|315|||0|28|90852|
1000018937|202412|0|108810|0|48|0|221|0|44|109123|
1000018940|202412|10299|15|||||||15|
1000018947|202212|0|886|0|80|||0|244|1210|
1000018947|202312|0|1349|0|68|||0|321|1770|
1000018947|202412|0|2612|0|59|||0|298|3006|
1000018949|202112|2128886|2524|||||||2524|
1000018949|202212|1782456|2259|||||||2259|
1000018949|202312|1695379|2186|||||||2186|
1000018949|202412|212812|313|||||||313|
1000018953|202112|0|116004|0|9120|||0|83195|210230|
1000018953|202212|0|245417|0|5522|0|12389|0|62910|329402|
1000018953|202312|0|256309|0|3600|0|1082|0|64119|338027|
1000018953|202512|0|54886|0|1917|0|9225|0|34350|110870|
1000018958|202112|0|1187|||||0|10626|12756|
1000018958|202212|0|796|||||0|9540|12755|
1000018958|202312|0|39416|||||0|15656|56090|
1000018958|202412|0|44890|||0|142|0|13244|60054|
1000018962|202312|||||||||0|
1000018962|202412|||||||||0|
1000018971|202312|||||||||0|
1000018971|202412|||||||||0|
1000018973|202112|4028297|4776|||||||4776|
1000018973|202212|3579427|4536|||||||4536|
1000018973|202312|3394860|4377|||||||4377|
1000018973|202412|3045307|4477|88605000|830|36693|7|||5314|
1000018982|202312|||||||||0|
1000018982|202412|||||||||0|
1000018987|202312|||||||||0|
1000018987|202412|||||||||0|
1000018989|202212|4727370|5991|||||||5991|
1000018989|202312|6003166|7740|||3501|1|14303|20|7761|
1000018989|202412|||||135400|27|||27|
1000018991|202112|404692|480|||||||480|
1000018991|202312|1404648|1811|||||||1811|
1000018991|202412|||||||||0|
1000018992|202112|2995292|3551|||||||3551|
1000018992|202312|||||||||0|
1000018992|202412|||||||||0|
1000018994|202212|||||||||0|
1000018994|202312|||||||||0|
1000018994|202412|||||||||0|
1000018997|202112|5374309|6371|||||10000|13|6384|
1000018997|202212|2629265|3332|24960000|238|||24100|33|3603|
1000018997|202312|3552555|4581|55583000|507|156261|28|4500|6|5122|
1000018997|202412|6492052|9543|60636400|568|1261|0|43300|66|10177|
1000018998|202112|631998|749|||||||2902|
1000018998|202212|394835|500|||||||500|
1000018998|202312|767017|989|||||||989|
1000018998|202412|1086071|1597|||||||1597|
1000019006|202212|||||||42113|57|57|
1000019006|202312|||||||42113|60|60|
1000019006|202412|||||||||0|
1000019010|202112|7969|9|||||||9|
1000019010|202212|23151|29|||||||29|
1000019010|202312|11552|15|||||||15|
1000019010|202412|||||||||0|
1000019017|202112|642579|762|1828800|19|||6384|9|790|
1000019017|202212|448383|568|||||||568|
1000019017|202312|284985|367|||||||367|
1000019017|202412|236708|348|||||||348|
1000019022|202312|||||||||0|
1000019022|202412|||||||||0|
1000019037|202112|||38559760|397|||||397|
1000019037|202212|||48729048|464|||||464|
1000019037|202312|||6688206|61|||||61|
1000019037|202412|||15884488|149|||||149|
1000019040|202112|77994|93|||||5349|7|100|
1000019040|202212|0|978|||||||978|
1000019040|202312|0|195|||||0|4|199|
1000019040|202412|0|176|||||0|1|177|
1000019045|202212|389013|493|||||||493|
1000019045|202312|31063|40|||||||40|
1000019045|202412|18755|28|22500000|211|||||239|
1000019046|202312|||||||||0|
1000019046|202412|17700|26|||||||26|
1000019049|202412|||||||||0|
1000019050|202112|1280000|1517|||||||1517|
1000019050|202212|1280000|1622|||||||1622|
1000019050|202312|1280000|1650|||||||1650|
1000019050|202412|||||||||0|
1000019055|202312|||||||||0|
1000019055|202412|||||||||0|
1000019062|202312|||||||||0|
1000019062|202412|||||||||0|
1000019066|202112|420000|498|||||||498|
1000019066|202212|369763|469|||||||469|
1000019066|202312|75390|97|||||||97|
1000019066|202412|52637|77|||||||77|
1000019074|202312|||||||||0|
1000019074|202412|||||||||0|
1000019078|202212|1000000|1267|||||||1267|
1000019078|202312|1000000|1289|||||||1289|
1000019078|202412|833000|1225|||||||1225|
1000019081|202312|||||||||0|
1000019081|202412|||||||||0|
1000019083|202112|13428479|15920|||||||15920|
1000019083|202212|13485475|17090|||||||17090|
1000019083|202312|12455604|16060|||||||16060|
1000019083|202412|9824570|14443|||||||14443|
1000019084|202112|173290|205|||17016757|3170|||3375|
1000019084|202212|94789|120|||20638672|3745|||3865|
1000019084|202312|61906|80|||16430479|2971|||3051|
1000019084|202412|66392|98|||19587911|3942|||4040|
1000019085|202112|1487986|1764|||||||1764|
1000019085|202212|||||9736861|1767|||1767|
1000019085|202312|10838|14|||8629952|1560|||1574|
1000019085|202412|||196818|58|6694793|1347|||1405|
1000019089|202112|||104000000|1071|||||1071|
1000019089|202212|||104000000|991|||||991|
1000019089|202312|||104000000|949|||||949|
1000019089|202412|||104000000|983|||||983|
1000019097|202112|18225501|21606|||||||21606|
1000019097|202312|8847261|11407|||||3338|4|11411|
1000019097|202412|19618361|28839|||||||28839|
1000019111|202112|97847|116|||||||116|
1000019111|202212|160605|204|||||||204|
1000019111|202312|640942|826|||||||826|
1000019111|202412|815875|1200|||||||1200|
1000019144|202312|||||||||0|
1000019144|202412|||||||||0|
1000019153|202312|||||||||0|
1000019153|202412|||||||||0|
1000019171|202112|3607871|4278|||||||4278|
1000019171|202212|676849|857|||||||857|
1000019171|202312|2091923|2697|||||||2697|
1000019171|202412|1441875|2119|||||||2119|
1000019195|202412|513249|754|||||||754|
1000019280|202112|0|16778|||||0|3216|37815|
1000019280|202212|0|4058|||||0|1966|8611|
1000019280|202312|0|6127|||||0|5423|14215|
1000019280|202412|0|8824|||0|1913|0|5171|17079|
1000019293|202112|0|14684|||||0|11874|27466|
1000019293|202212|0|6726|||||0|13724|20867|
1000019293|202312|0|11726|||||0|18494|30727|
1000019293|202412|0|28749|||||0|8376|37731|
1000019317|202312|||||||||0|
1000019317|202412|||||||||0|
1000019321|202112|8601813|10198|||||144627|194|10392|
1000019321|202212|3928234|4978|||||293891|397|5375|
1000019322|202312|||||||||0|
1000019322|202412|2670076|3925|||||5605200|8569|12494|
1000019327|202112|5870568|6959|||||||6959|
1000019327|202212|3399693|4309|||||||4309|
1000019327|202312|4033757|5201|||||||5201|
1000019327|202412|2549299|3747|||||74563|114|3861|
1000019329|202112|||||0|359|||359|
1000019329|202212|||||0|408|||408|
1000019329|202312|||||0|602|||602|
1000019329|202412|||||0|337|||337|
1000019332|202112|0|1245|||||||1523|
1000019332|202212|0|385|||||||392|
1000019332|202312|0|847|||||||848|
1000019332|202412|0|1192|0|1|||||1193|
1000019333|202112|0|30593|0|944|||0|1723|33260|
1000019333|202212|0|37396|0|307|||||37703|
1000019333|202312|0|18295|0|195|||0|7569|57187|
1000019333|202412|0|56924|0|1080|||0|10148|77674|
1000019343|202112|594212|647|||||||647|
1000019343|202212|246320|312|||126|23|||335|
1000019343|202312|61373|79|||62000|11|||90|
1000019343|202412|104250|153|||66600|13|||166|
1000019349|202112|||||||341077|464|464|
1000019349|202212|||||||341077|464|464|
1000019349|202312|12900|17|||||||17|
1000019349|202412|||||||||0|
1000019365|202312|||||||||0|
1000019365|202412|||||||||0|
1000019394|202412|3904027|5739|||||||5739|
1000019403|202412|2607557|4138|||||||4138|
1000019411|202312|||||||||0|
1000019446|202312|||||||||0|
1000019446|202412|||||||||0|
1000019491|202312|||||||||0|
1000019491|202412|||||||||0|
1000019543|202312|||||||||0|
1000019543|202412|||||||||0|
1000019544|202112|296212|351|4447520|46|175092|33|||430|
1000019544|202212|233145|295|4035240|38|||||333|
1000019544|202312|108527|140|||||||140|
1000019544|202412|66869|96|||||||96|
1000019585|202112|36824|44|2608205|27|||6193|8|79|
1000019585|202212|39878|51|2608205|25|||6193|8|84|
1000019585|202312|44574|58|10555187|96|82355|15|1022|1|170|
1000019585|202412|10054|15|8350082|78|||1022|2|95|
1000019615|202312|||||||||0|
1000019615|202412|||||||||0|
1000019623|202212|939256|1190|||||||1190|
1000019623|202312|939256|1211|||||||1211|
1000019623|202412|||||||||0|
1000019628|202212|||||||||0|
1000019628|202312|||||||||0|
1000019630|202112|2685125|3183|28248000|291|||24400|4|3478|
1000019630|202212|2623200|3324|||||20315|27|3351|
1000019630|202312|1306812|1688|85251100|778|||||2466|
1000019630|202412|684965|1007|||||33000|50|1057|
1000019657|202312|||||||||0|
1000019657|202412|||||||||0|
1000019707|202112|330025|391|||||||391|
1000019707|202212|71695|91|||||||91|
1000019707|202312|123895|160|||||||160|
1000019707|202412|0|33|||||||33|
1000019746|202412|||||||||0|
1000019760|202112|432336|513|||||||513|
1000019760|202212|28029|36|||||||36|
1000019760|202312|49610|64|||30968|6|||70|
1000019760|202412|||||||||0|
1000019764|202106|0|1122|||||0|2750|3872|
1000019764|202206|0|2808|||||0|2844|5652|
1000019764|202306|0|2256|||||0|749|3005|
1000019764|202406|0|8504|||||0|10759|19263|
1000019764|202506|0|3723|||||0|10298|14021|
1000019783|202112|404039|479|||||||479|
1000019783|202212|48812|62|||||||62|
1000019783|202312|3955|5|||||832|1|6|
1000019783|202412|13782|20|||||||20|
1000019810|202112|3492911|4141|||||||4141|
1000019810|202212|190599|242|||||||242|
1000019810|202312|190599|242|||||||242|
1000019810|202412|||||||||0|
1000019812|202312|||||||||0|
1000019812|202412|||||||||0|
1000019813|202112|48000|57|2371000|24|||||81|
1000019813|202212|23000|30|903000|9|||||39|
1000019813|202312|1000|1|||||||1|
1000019813|202412|16099000|23666|||||||23666|
1000019823|202112|33577|45|||||939916|1114|1159|
1000019823|202212|987474|1251|||||||1251|
1000019823|202312|999726|1289|||22741|4|||1293|
1000019823|202412|||||1207238|243|911450|1393|1636|
1000019825|202112|||42998660|443|||||443|
1000019825|202212|||62744669|598|||||598|
1000019825|202312|||49846500|455|||||455|
1000019825|202412|||30047000|281|||||281|
1000019831|202112|203729|242|||||||242|
1000019831|202212|275729|349|||||||349|
1000019831|202312|||||||||0|
1000019831|202412|275729|405|||||||405|
1000019835|202312|||||||||0|
1000019848|202312|||||||||0|
1000019849|202312|||||||||0|
1000019849|202412|||||||||0|
1000019852|202312|||||||||0|
1000019852|202412|||||||||0|
1000019853|202112|6385549|7570|||||||7570|
1000019853|202212|6665113|8447|||||||8447|
1000019853|202312|6787601|8751|||||||8751|
1000019853|202412|6585985|9681|||||||9681|
1000019861|202312|||||||||0|
1000019861|202412|591103|799|||||||799|
1000019865|202312|||||||||0|
1000019865|202412|||||||||0|
1000019868|202112|371568|440|||||||440|
1000019868|202212|435478|552|||||||552|
1000019868|202312|393248|508|||||||508|
1000019868|202412|0|402|||||||402|
1000019877|202312|||||||||0|
1000019880|202212|1288754|1633|||||||1633|
1000019880|202312|1500000|1934|||||||1934|
1000019880|202412|1977401|2906|||||||2906|
1000019885|202412|||||||||0|
1000019887|202312|1842083|2366|||6134155|1109|||3475|
1000019887|202412|||||||||0|
1000019904|202312|||||||||0|
1000019904|202412|||||||||0|
1000019906|202412|||||||||0|
1000019924|202212|30000|38|||||||38|
1000019924|202312|46000|59|||||||59|
1000019924|202412|75400|111|||||||111|
1000019945|202312|||||||||0|
1000019945|202412|||||||||0|
1000019949|202112|508083|602|148018097|1525|||||2127|
1000019949|202212|1185847|1502|158965531|1515|||2614631|3532|6549|
1000019949|202312|4029652|10266|292006589|0|||1555140|0|10266|
1000019949|202412|3498904|5144|||||||5144|
1000020003|202312|||||||||0|
1000020003|202412|6962|7|||||||7|
1000020023|202312|||||||||0|
1000020023|202412|||||||||0|
1000020046|202312|||||||||0|
1000020046|202412|||||||||0|
1000020065|202312|||||||||0|
1000020065|202412|||||||||0|
1000020088|202112|1203209|1427|||||336835|452|1879|
1000020088|202312|955868|1232|||||826801|1179|2411|
1000020088|202412|1369163|2012|79449|1|||1066366|1630|3643|
1000020120|202312|||||||||0|
1000020120|202412|||||||||0|
1000020132|202212|||114927|146|||122096|165|311|
1000020132|202312|232314|300|||||161901|231|531|
1000020132|202412|285673|420|||||123319|189|609|
1000020153|202312|102066|132|||||||132|
1000020153|202412|15162|22|||||||22|
1000020155|202112|||27000000|279|||3000|4|283|
1000020155|202212|||27620000|266|||||266|
1000020155|202312|||27000000|249|||||249|
1000020155|202412|65000|95|27000000|254|||||349|
1000020171|202212|||||||||0|
1000020171|202312|||||||||0|
1000020171|202412|||||||||0|
1000020175|202112|||||21140000|3940|168000|226|6506|
1000020175|202212|||||17250000|3132|74000|100|11490|
1000020175|202312|||||18848000|3409|90000|130|7941|
1000020175|202412|||||||||38586|
1000020181|202112|1456158|1726|||||||1726|
1000020181|202212|3376287|4279|||||||4279|
1000020181|202312|2088221|2693|||||||2693|
1000020181|202412|2390855|3515|||||||3515|
1000020188|202112|2606252|3090|305755520|3150|||||6240|
1000020188|202212|2540196|3219|306555050|2922|||||6141|
1000020188|202312|3690445|4758|300001376|2751|||||7509|
1000020188|202412|1809760|2661|303460700|2841|||||5502|
1000020196|202112|907640|1853|||||||1853|
1000020196|202212|780702|1767|||||||1767|
1000020196|202312|526507|679|||||||679|
1000020196|202412|1234442|1815|||||||1815|
1000020238|202112|436805|518|||||||518|
1000020238|202212|279769|355|||||||355|
1000020238|202312|||||||||0|
1000020238|202412|||||||||0|
1000020242|202112|861033|1021|||3904748|727|||1748|
1000020242|202212|824442|1045|||4581519|836|||1881|
1000020242|202312|608143|784|||3663571|663|||1447|
1000020242|202412|289466|425|||8468448|1706|||2131|
1000020243|202112|1196939000|1418970|925846000|9538|||1190000|1597|1430105|
1000020243|202212|1577668000|1999379|170755000|1627|||551000|745|2001751|
1000020243|202312|1135198000|1463725|316413000|2888|||2652000|3784|1470397|
1000020243|202412|1188132|1747|313747|2|||529|1|1750|
1000020245|202212|49500|63|||||||63|
1000020245|202312|||||||||0|
1000020245|202412|||||||||0|
1000020250|202112|401329|476|||174500|32|99970|135|643|
1000020250|202212|382048|484|171168|2|1986000|360|142812|193|1039|
1000020250|202312|469904|606|||4183782|756|175072|250|1612|
1000020250|202412|554275|814|158232|1|1093791|220|409586|626|1683|
1000020251|202112|903408|1071|||||||1071|
1000020251|202212|206179|261|||||||261|
1000020251|202312|206179|266|||||||266|
1000020251|202412|116469|171|||||||171|
1000020262|202112|1389324|1647|||||||1647|
1000020262|202212|3310881|4196|14750000|141|||||4337|
1000020262|202312|2667520|3440|||||||3440|
1000020262|202412|184157|271|||||||271|
1000020280|202312|165753|214|||||650|1|215|
1000020280|202412|320919|472|||||||472|
1000020300|202112|2145106|2543|||||||2543|
1000020300|202212|2086455|2644|||||||2644|
1000020300|202312|2445934|2895|||||||2895|
1000020300|202412|3794974|5578|||||||5578|
1000020322|202112|3782539|4484|||||145981|196|4680|
1000020322|202212|2172806|2754|||||147456|199|2953|
1000020322|202312|4133378|5330|||2740|0|451584|644|5974|
1000020322|202412|2175160|3197|||||220576|337|3534|
1000020355|202112|1821423|2159|||||||2159|
1000020355|202212|4082489|5174|||||||5174|
1000020355|202312|3371046|4347|||||||4347|
1000020355|202412|3764424|5534|||||||5534|
1000020401|202112|423096|502|||||||502|
1000020409|202112|3401085|4049|||||3759183|5068|9117|
1000020409|202212|2079661|2627|||||2521222|3409|6036|
1000020409|202312|2022272|2627|||||7268012|10420|13047|
1000020409|202412|1590015|2337|||||4973404|7603|9940|
1000020411|202412|590282|868|||||||868|
1000020413|202312|||||||||0|
1000020413|202412|||||||||0|
1000020415|202312|||||||||0|
1000020417|202312|||||||||0|
1000020417|202412|||||||||0|
1000020440|202212|||||||||0|
1000020440|202312|||||||||0|
1000020440|202412|||||||||0|
1000020540|202312|||||||||0|
1000020587|202112|934564|1108|||||||1108|
1000020587|202212|1731358|2194|||||||2194|
1000020587|202312|531486|685|||||||685|
1000020587|202412|616548|906|||||||906|
1000020644|202112|7142657|8471|||||||8471|
1000020644|202212|7142657|9052|||||||9052|
1000020644|202312|6428193|8289|||||||8289|
1000020693|202312|0|5158|||||||5158|
1000020693|202412|0|5880|||||||5880|
1000020707|202212|771950|978|||||||978|
1000020707|202312|1807462|2331|||||||2331|
1000020707|202412|6519208|9583|||||||9583|
1000020737|202212|164255|208|||||||208|
1000020737|202312|968505|1249|||||||1249|
1000020737|202412|605010|889|||||||889|
1000020749|202312|||||||||0|
1000020749|202412|||||||||0|
1000020845|202112|0|9892|||0|99|||9991|
1000020845|202212|0|12087|||0|5364|||17451|
1000020845|202312|0|25445|||0|264|||25709|
1000020845|202412|0|25477|||0|2904|||28381|
1000020895|202212|16645|21|||||||21|
1000021040|202112|660000|782|||||||782|
1000021040|202212|106000|134|||||||134|
1000021040|202312|106000|137|||||||137|
1000021040|202412|106000|156|||||||156|
1000021161|202212|||||||||1100|
1000021161|202312|||||||||1483|
1000021161|202412|||||||||0|
1000021172|202312|||||||||0|
1000021172|202412|||||||||0|
1000021177|202112|2112362|2504|||||||2504|
1000021177|202212|1977817|2506|||||||2506|
1000021177|202312|1948719|2513|||||||2513|
1000021184|202312|||||||||0|
1000021198|202312|||||||||0|
1000021198|202412|||||||||0|
1000021205|202412|||||||||0|
1000021215|202212|7944308|10068|||||||10068|
1000021215|202312|7944308|10243|||||||10243|
1000021215|202412|||||||||10615|
1000021330|202112|0|1001|||||||1001|
1000021330|202212|0|365|||||||365|
1000021330|202312|0|136|||||||136|
1000021330|202412|0|712|||||||712|
1000021334|202312|||||||||0|
1000021334|202412|||||||||0|
1000021338|202112|80146|95|||||1958788|2629|2724|
1000021338|202212|||||||1495159|2363|2363|
1000021338|202312|||||||3353045|4784|4784|
1000021338|202412|||||||2868465|4385|4385|
1000021420|202112|9625000|11410|||||||11410|
1000021420|202212|379479|481|438000|4|||||485|
1000021420|202312|525703|678|||||||699|
1000021420|202412|1213660|1784|498890|5|||956|1|1795|
1000021432|202212|2874740|3643|||||||3643|
1000021432|202312|1538822|1985|||||||1985|
1000021432|202412|1538822|1985|||||||1985|
1000021483|202112|76200699|90336|||||963174|1293|91653|
1000021483|202212|65106758|82510|||||580000|784|83307|
1000021483|202312|0|49564|||||0|453|50024|
1000021483|202412|0|167747|||||0|128|167875|
1000021577|202112|0|4644|||||0|5021|11135|
1000021577|202212|0|201|||||0|5054|7025|
1000021577|202312|0|205|||||||1953|
1000021577|202412|0|266|||||||2166|
1000021635|202312|||||||||0|
1000021635|202412|||||||||0|
1000021660|202112|0|563309|||||0|89921|653239|
1000021660|202212|0|361872|||||0|102178|464058|
1000021660|202312|0|239840|||||0|27509|267622|
1000021660|202412|0|339633|||||0|14759|354508|
1000021664|202112|||33500000|345|||||345|
1000021666|202112|21412634|25385|||||||25385|
1000021666|202312|19731003|25441|||||37387|53|25494|
1000021666|202412|21755373|31980|||||3117431|4583|36563|
1000021682|202112|5466616|6481|||||||6481|
1000021682|202212|4574149|5796|||||||5796|
1000021682|202312|4238789|5466|||||||5466|
1000021682|202412|24872804|36563|||||||36563|
1000021725|202112|25000|30|||||||30|
1000021725|202212|27000|34|||||||34|
1000021725|202412|29000|43|||||||43|
1000021831|202106|131130|148|||||||148|
1000021831|202306|131297|172|||||||172|
1000021831|202406|145248|202|||||||202|
1000021831|202506|||||||||0|
1000021889|202312|||||||||0|
1000021889|202412|||||||||0|
1000022002|202212|85640|109|||||||134|
1000022002|202412|||||||||58|
1000022032|202312|||||||||0|
1000022032|202412|||||||||0|
1000022105|202112|102570970|121598|||||||121598|
1000022105|202212|65168337|82589|||||239600|324|82913|
1000022105|202312|60314899|77769|||||154095|220|77989|
1000022105|202412|51832567|76194|||||||76194|
1000022130|202112|18315739|21713|||||||21713|
1000022130|202212|29051279|36816|||||||36816|
1000022130|202312|14256715|18380|||||||18380|
1000022139|202112|41783184|49534|||||||49534|
1000022139|202212|41990377|53214|||||||53214|
1000022139|202312|43231180|55742|||||||55742|
1000022139|202412|43878691|64502|||||||64502|
1000022150|202312|||||||||0|
1000022150|202412|||||||||0|
1000022170|202112|30574000|36246|||||2580000|3463|39709|
1000022170|202212|18216000|23085|||||3487000|4712|27797|
1000022170|202312|36279000|46778|||||3269000|4664|51442|
1000022170|202412|31681000|46571|||||2887000|4413|50984|
1000022207|202212|150000|191|||||65400|88|279|
1000022207|202312|150000|191|||||12181|17|208|
1000022224|202112|163725|194|||||||194|
1000022224|202212|107079|136|||||8058|11|147|
1000022224|202312|557070|718|||||27373|39|757|
1000022224|202412|629485|925|||||17837|27|952|
1000022226|202112|43774|52|||||||52|
1000022226|202212|233634|296|||||||296|
1000022226|202312|16860|22|||||||22|
1000022226|202412|227770|334|||||||334|
1000022232|202312|||||||||0|
1000022232|202412|||||||||0|
1000022237|202312|||||||||0|
1000022237|202412|||||||||0|
1000022255|202312|||||||||0|
1000022255|202412|||||||||0|
1000022257|202312|||||||||0|
1000022325|202112|17500000|20746|||||||20746|
1000022325|202212|17500000|22178|||||||22178|
1000022325|202312|17500000|22565|||||||22565|
1000022332|202312|||||||||0|
1000022332|202412|||||||||0|
1000022339|202312|||||||||0|
1000022339|202412|||||||||0|
1000022468|202112|5272975|6251|||||||6251|
1000022468|202212|5966801|7562|||||28075|38|7600|
1000022468|202312|2834921|3655|||||8434|12|3667|
1000022468|202412|0|13662|||||0|11|13673|
1000022483|202103|4467196|5063|||1456462|251|28085565|37306|42642|
1000022483|202203|11132671|13480|||2018551|384|38799445|52423|66291|
1000022483|202303|22902849|29861|||941779|178|11791833|16763|46829|
1000022483|202403|7668211|10328|||1622633|301|25892906|37621|48278|
1000022483|202503|5789809|8491|||1069590|216|9745650|15475|24216|
1000022496|202112|1043540|1238|||||||1238|
1000022496|202212|9408365|11924|||||||11924|
1000022496|202312|4531487|5843|||||||5843|
1000022496|202412|1043209|1534|||||||1534|
1000022518|202312|||||||||0|
1000022518|202412|||||||||0|
1000022521|202112|0|5807|0|5205|||||11012|
1000022521|202212|0|4843|0|5057|||||9900|
1000022521|202312|0|3031|0|4378|||||7409|
1000022521|202412|0|1249|0|3984|||||5233|
1000022522|202312|803626|1036|||||||1036|
1000022522|202412|1209862|1778|||||||1778|
1000022545|202312|2150000|2772|||||||2772|
1000022547|202312|1361350|1755|||||||1755|
1000022747|202112|585593|694|||||||694|
1000022748|202112|29000000|34380|||||||34380|
1000022748|202212|29000000|36752|||||||36752|
1000022786|202112|96235713|114087|||||||114087|
1000022786|202212|67053946|84977|||||||84977|
1000022786|202312|68688423|88567|||||||88567|
1000022786|202412|145974326|214583|||||||214583|
1000022819|202112|1877185|2226|2923058|30|||65934|89|2345|
1000022819|202212|1099616|1394|18639149|178|||55677|75|1647|
1000022819|202312|392569|506|||||462960|660|1166|
1000022819|202412|835899|1229|1161127|11|||10709|16|1256|
1000022825|202112|319792|379|||||||379|
1000022825|202212|1991|3|||||||3|
1000022825|202312|64872|84|||||||84|
1000022825|202412|850731|1251|||||||1251|
1000022829|202312|||||||||0|
1000022829|202412|||||||||0|
1000022835|202412|138897|203|||||||203|
1000022856|202312|||||||||0|
1000022897|202112|0|77|0|61|||||138|
1000022897|202212|0|112|0|1317|||||1429|
1000022897|202312|0|115|0|5502|||0|21|5638|
1000022897|202412|0|35|0|5318|||||5353|
1000022900|202112|212646|252|||||||252|
1000022900|202212|791214|1003|||||10992|15|1018|
1000022900|202312|2134387|2752|||||48673|69|2821|
1000022900|202412|0|3671|||||0|52|3723|
1000022906|202312|||||||||0|
1000022906|202412|||||||||0|
1000022919|202312|||||||||64|
1000022919|202412|||||||||59|
1000022921|202312|||||||||0|
1000022942|202112|104552432|123947|||||||123947|
1000022942|202212|149495908|189456|||||2284540|3087|192543|
1000022942|202312|91560655|118058|||||||118058|
1000022942|202412|87240624|128244|||||||128244|
1000022947|202112|122000|144|||3000|1|80000|108|253|
1000022947|202212|1554000|1969|||||105000|143|2112|
1000022947|202312|50000|64|||||30102|188|252|
1000022947|202412|111000|164|||16000|3|237000|363|530|
1000022959|202112|27380000|32459|||||||32459|
1000022959|202212|28651000|36309|||||||36309|
1000023057|202212|||||||||138|
1000023117|202112|0|345347|0|867|0|89|0|82|346866|
1000023117|202212|0|342261|0|2742|0|54|0|33|362429|
1000023117|202312|0|509268|0|2231|0|431|0|111|514684|
1000023117|202412|0|466376|0|4289|0|442|0|131|474885|
1000023119|202312|||||||||0|
1000023119|202412|||||||||0|
1000023229|202112|2842790|3370|||||||15727|
1000023229|202212|5519132|6994|||||||20206|
1000023229|202312|6013458|7753|||||||24123|
1000023229|202412|6003189|8824|||||||27599|
1000023266|202106|4655135|5260|||||6488586|8723|13983|
1000023266|202206|2716252|3512|||||5021606|6779|10291|
1000023266|202306|1871307|2457|||3300|1|654383|934|3392|
1000023278|202112|0|3091|0|262|||||3353|
1000023278|202212|0|5193|0|22|||||5215|
1000023278|202312|0|5127|0|3|||||5130|
1000023278|202412|0|3053|||||||3069|
1000023449|202112|233038|276|430000000|4430|||||4706|
1000023449|202212|||430000000|4099|||||4099|
1000023449|202312|929426|1198|430000000|3924|||||5122|
1000023449|202412|||430000000|4027|||||4027|
1000023450|202312|||||||||0|
1000023450|202412|375000|551|||||||551|
1000023451|202112|534742|634|||||6842646|9185|9819|
1000023451|202212|879000|1114|||||5201506|7028|8142|
1000023451|202312|||||||5000000|7133|7133|
1000023451|202412|||||||5000000|7644|7644|
1000023468|202112|0|25|0|1540|||||1565|
1000023468|202212|0|17693|0|1390|||||19083|
1000023468|202312|0|21498|0|1340|||||22838|
1000023468|202412|0|47|||||||47|
1000023471|202112|0|1413709|||||0|17|1413726|
1000023471|202212|0|1576359|||||||1576359|
1000023471|202312|0|1702010|||||0|3|1702013|
1000023471|202412|0|1752949|||||0|24|1752973|
1000023477|202112|5819288|6899|||||||6899|
1000023477|202212|3625826|4595|||||||4595|
1000023477|202312|5343849|6890|||||||6890|
1000023477|202412|5186430|7624|||||||7624|
1000023482|202112|679855|806|||5886459|1097|||1903|
1000023482|202212|18819|24|||3803825|690|||714|
1000023482|202312|20219|26|||5181979|937|45663|65|1028|
1000023482|202412|136669|201|||8009352|1612|||1813|
1000023488|202312|||||||||0|
1000023488|202412|||||||||0|
1000023495|202312|||||||||0|
1000023495|202412|||||||||0|
1000023500|202112|8488|10|||||||10|
1000023500|202212|125000|158|||||||158|
1000023500|202312|18380|24|||||||24|
1000023500|202412|20750|31|||||||31|
1000023503|202312|||||||||0|
1000023503|202412|||||||||0|
1000023520|202312|50822|66|||||||66|
1000023530|202312|154607|199|||||||199|
1000023530|202412|||||||||0|
1000023564|202112|301425|405|||||||405|
1000023564|202312|||||||525507|750|750|
1000023564|202412|||||||561740|859|859|
1000023570|202112|860163|1020|||||||1020|
1000023570|202212|801485|1016|||||||1016|
1000023570|202312|192681|248|||||||248|
1000023570|202412|293701|432|||||||432|
1000023576|202312|3046|4|380|3|||||7|
1000023576|202412|3046|4|||||||4|
1000023603|202112|314831|373|||2143537|399|7751654|10405|11229|
1000023603|202212|99770|126|||||7706680|10413|10559|
1000023603|202312|192118|248|||116424|21|7723314|11018|11318|
1000023603|202412|2348772|3452|||||49377|75|3570|
1000023612|202212|||9462500|90|||312000|422|546|
1000023612|202412|54630|80|||||||80|
1000023634|202112|63500|75|||||||75|
1000023634|202312|156000|201|||1454363|263|||464|
1000023634|202412|112500|165|||||||165|
1000023639|202112|199534|237|||||||237|
1000023639|202212|61600|78|||||||78|
1000023639|202312|64339|83|||||||83|
1000023639|202412|405960|597|||||||597|
1000023641|202312|||||||||0|
1000023641|202412|795217|1169|||||||1169|
1000023676|202112|8574|10|1874000|19|113500|21|||50|
1000023676|202212|20496|26|2386200|23|340800|62|3000|4|115|
1000023676|202312|21300|28|1944000|18|495693|90|||136|
1000023676|202412|43030|63|3490506|33|252500|51|||147|
1000023737|202212|144622|183|||||||183|
1000023756|202312|||||||||0|
1000023756|202412|||||||||0|
1000023775|202112|0|47006|||||||47006|
1000023775|202212|0|41976|||||||41976|
1000023775|202312|0|14030|||||||14030|
1000023775|202412|0|2735|||||||2735|
1000023788|202112|0|31510|0|10753|||0|642|42905|
1000023788|202212|0|29699|0|9532|||0|248|39479|
1000023788|202312|0|18444|0|256|||0|233|18933|
1000023788|202412|0|23640|0|313|||0|2|23955|
1000023834|202312|||||||||0|
1000023839|202312|||||||||0|
1000023844|202312|||||||||0|
1000023844|202412|||41177525|386|||||386|
1000023864|202112|14329549|16987|||||||16987|
1000023864|202212|11494500|14567|||||||14567|
1000023864|202312|10987779|14167|||||||14167|
1000023864|202412|13714875|20160|||||||20160|
1000023883|202312|||||||||0|
1000023883|202412|||||||||0|
1000023909|202412|190512|280|||||||280|
1000023910|202112|1003043|1189|||||||1189|
1000023910|202212|3463164|4389|||||||4389|
1000023910|202312|414107|534|||||||534|
1000023910|202412|497072|731|||||||731|
1000023924|202312|||||||||0|
1000023924|202412|||||||||0|
1000023937|202112|8578792|10170|||||||10170|
1000023948|202112|1280000|1393|||||||1393|
1000023948|202212|1472468|1860|||||||1860|
1000023948|202312|860000|1117|||||||1117|
1000023948|202412|1011000|1493|||||||1493|
1000023966|202212|3319912|4207|||||||4207|
1000023966|202312|2062779|2660|||||||2660|
1000023966|202412|3046102|4478|||||||4478|
1000023968|202112|||||||6620923|8886|8886|
1000023968|202212|9183|12|||||9608787|12983|12995|
1000023968|202312|236800|305|||||13390456|19103|19408|
1000023968|202412|||||||13793531|21086|21086|
1000023997|202412|||||0|26|||26|
1000024004|202112|57417|68068|||||||68068|
1000024004|202312|||||||||0|
1000024004|202412|||||||||0|
1000024095|202112|9450|11|||||||11|
1000024095|202212|751571|952|||||497|1|953|
1000024095|202312|119192|154|||||||154|
1000024095|202412|850510|1250|||||||1250|
1000024123|202312|||||||||0|
1000024123|202412|||||||||0|
1000024175|202312|||||||||0|
1000024175|202412|||||||||0|
1000024184|202312|||||||||0|
1000024184|202412|||||||||0|
1000024200|202412|||||||||0|
1000024213|202112|2208|3|||||||3|
1000024213|202212|79020|101|||||||101|
1000024213|202412|0|107|||||||107|
1000024223|202112|270265|320|||||||320|
1000024223|202212|204952|260|||||||260|
1000024223|202312|29065|37|||||||37|
1000024273|202412|259897|382|||||||382|
1000024291|202312|||||985600|178|||178|
1000024291|202412|5180|8|||407460|82|||90|
1000024294|202312|480600|88|||||||88|
1000024302|202112|19979|24|||||||24|
1000024302|202212|466660|591|||||||591|
1000024302|202312|927814|1196|||237660|43|||1239|
1000024302|202412|1205020|1771|||||||1771|
1000024326|202112|||||7390181|1376|||1376|
1000024326|202212|||||2695309|489|||489|
1000024326|202312|||||2656208|480|||480|
1000024326|202412|||||6584023|1325|||1325|
1000024332|202412|503946|741|||||||741|
1000024338|202312|||||||||0|
1000024338|202412|||||||||0|
1000024360|202212|391632|496|||||||496|
1000024360|202312|||||||||0|
1000024360|202412|||||||||0|
1000024362|202312|||||||||0|
1000024363|202412|||||||||0|
1000024403|202212|0|97031|||||||97031|
1000024442|202112|2724527|3230|||||136392|183|3413|
1000024442|202212|1523905|1931|||||||1931|
1000024442|202312|1079136|1391|||||75413|108|1499|
1000024442|202412|2093614|3078|||||108784|166|3244|
1000024481|202212|0|1454|||||||1454|
1000024481|202312|0|750|||||||750|
1000024481|202412|0|278|||||||278|
1000024509|202112|595596|706|||||||706|
1000024509|202212|1007267|1277|||2525576|458|||1735|
1000024509|202312|818120|1055|||||||1055|
1000024509|202412|897211|1319|||||||1319|
1000024565|202312|||||2510053|454|||454|
1000024586|202412|1107148|1628|||||16295|25|1668|
1000024587|202212|373938|474|||||||474|
1000024587|202312|243690|314|||468915|85|||399|
1000024587|202412|569207|292|||||||292|
1000024588|202112|||||||150362|202|202|
1000024588|202212|||||||1011420|1367|1367|
1000024588|202312|||||||1184923|1690|1690|
1000024588|202412|||||||904580|1383|1383|
1000024595|202112|2323668|2754|||||||2754|
1000024595|202212|1992728|2525|||||||2525|
1000024595|202312|444106|589|||||||589|
1000024595|202412|518073|762|||485589|98|||860|
1000024597|202112|3385220|4013|||17800|3|||4017|
1000024597|202212|3744738|4701|||17800|3|||4704|
1000024597|202312|5206649|6713|||17800|3|||6716|
1000024597|202412|7387116|10859|||17800|3|||10862|
1000024606|202112|40700|48|||||||48|
1000024606|202212|||||||443017|599|599|
1000024606|202312|||||||587857|839|839|
1000024606|202412|||||||1110284|1697|1697|
1000024629|202312|||||||||0|
1000024629|202412|||||||||0|
1000024735|202112|30000000|35565|||||||35565|
1000024735|202212|30000000|38019|||||||38019|
1000024735|202312|30000000|38682|||||||38682|
1000024735|202412|30000000|44100|||||||44100|
1000024750|202212|21199|27|||77221|14|||41|
1000024750|202312|||||77221|14|||14|
1000024750|202412|128107|188|||3240534|652|||840|
1000024837|202412|1129418|1660|||||||1660|
1000024857|202112|370733|440|||||507706|682|1122|
1000024857|202212|236109|299|||425521|77|1534061|2075|2451|
1000024857|202312|64006|83|||642391|116|147027|209|512|
1000024857|202412|176155|259|||10045301|2022|324741|497|2778|
1000024879|202412|||||0|22|||22|
1000024895|202412|||||||||0|
1000024918|202212|7285|9|||||568114|768|777|
1000024918|202312|13005|17|||||243174|347|364|
1000024918|202412|9091|13|||||149200|228|241|
1000024924|202112|0|237|||0|684|0|122|1043|
1000024924|202212|0|228|||0|606|0|362|1196|
1000024924|202312|0|158|||0|729|0|305|1192|
1000024924|202412|0|1703|||0|314|0|208|2225|
1000024955|202412|||||||||0|
1000024959|202112|638016|756|||||||756|
1000024959|202212|3311856|4197|||||||4197|
1000024959|202306|2507132|3291|||||||3291|
1000024959|202406|2849495|3959|||||||3959|
1000024959|202506|2983756|4047|||||||4047|
1000025000|202112|||||||||0|
1000025000|202212|||||||||0|
1000025017|202312|||||||||0|
1000025017|202412|||||||||0|
1000025041|202112|270312|320|||||||320|
1000025041|202212|81600|103|||||||103|
1000025042|202112|||0|4|||||4|
1000025042|202212|||0|7|||||7|
1000025042|202312|||0|24|||||24|
1000025042|202412|||0|18|||||18|
1000025068|202112|0|17624|0|14|||0|19865|37503|
1000025068|202312|0|27689|0|3050|||0|4006|34745|
1000025068|202412|0|89065|0|5565|||0|39443|134073|
1000025132|202312|10168|13|||||||13|
1000025132|202412|||||||||0|
1000025151|202112|29002|34|38296014|395|||||429|
1000025151|202212|1829637|2319|10062803|96|||||2415|
1000025151|202312|747760|964|26777366|244|||||1208|
1000025151|202412|1062810|1562|52428708|491|||||2053|
1000025152|202112|0|31940|0|2167|||0|4649|39853|
1000025152|202212|0|41610|0|2263|||0|4854|51682|
1000025152|202312|0|44387|0|2150|||0|3812|51486|
1000025152|202412|0|48870|0|3561|||0|9285|61720|
1000025174|202112|15060|17|||||21650|29|46|
1000025174|202212|||||||1500|2|2|
1000025174|202312|||||||85970|123|123|
1000025174|202412|37363|55|||||43563|67|122|
1000025218|202212|21459|27|||||370742|501|528|
1000025229|202312|||||||||0|
1000025229|202412|||||||||0|
1000025238|202112|9183799|10887|16355036|168|||||11055|
1000025238|202212|7686813|9741|6451200|61|||||9802|
1000025238|202312|9421808|12148|7204680|66|||||12214|
1000025238|202412|7689783|11304|28858100|270|||||11574|
1000025240|202312|||||||||0|
1000025240|202412|||||||||0|
1000025241|202212|1549468|1964|||||||1964|
1000025241|202312|3033841|3912|||||||3912|
1000025241|202412|4539307|6673|||||||6673|
1000025245|202112|1457979|1728|||||||1728|
1000025245|202312|3114132|4016|119200|1|||13328|19|4036|
1000025245|202412|107153144|157516|||||1477|2|157518|
1000025264|202112|3489493|4137|||||||4137|
1000025264|202212|4020373|5095|||||||5095|
1000025264|202312|4499999|5803|||||||5803|
1000025264|202412|7951348|11689|||||||11689|
1000025266|202312|1000|1|||||||1|
1000025266|202412|360000|529|||||||529|
1000025268|202112|0|203757|||0|542|0|775|205074|
1000025268|202212|0|43585|||0|270|0|122401|166256|
1000025268|202312|0|47467|||0|48|0|7695|55210|
1000025268|202412|0|32699|||0|353|0|13962|47014|
1000025316|202312|||||||||0|
1000025316|202412|||||||||0|
1000025328|202112|90713|107|||||||107|
1000025328|202212|535543|679|||||||679|
1000025328|202312|583582|752|||||||752|
1000025328|202412|350310|515|||||||515|
1000025367|202412|0|68755|||||0|1212|69967|
1000025367|202512|0|115444|||||0|190|115634|
1000025384|202312|||||||||0|
1000025384|202412|||||||||0|
1000025403|202312|470150|606|||||||606|
1000025403|202412|61162|90|||||||90|
1000025425|202112|6700000|7943|||||||7943|
1000025440|202112|4777000|5663|||||||5663|
1000025440|202212|7191000|9113|||||||9113|
1000025440|202312|9348000|12054|||||||12054|
1000025440|202412|2917000|4287|||||||4287|
1000025470|202112|7804000|9252|||||||9252|
1000025470|202212|1794000|2272|||||||2309|
1000025470|202312|4071000|5249|||||||6722|
1000025470|202412|570000|837|||||||886|
1000025536|202412|||||||||0|
1000025569|202412|||||||||0|
1000025595|202112|20890000|24765|38000000|391|2802000|522|||25678|
1000025595|202212|26114000|33094|5640000|54|2865000|520|||33668|
1000025595|202312|21114000|27224|||3642000|659|12000|17|27900|
1000025595|202412|32671000|48026|||2991000|602|||48628|
1000025641|202212|||||||||5274|
1000025641|202312|||||||||6353|
1000025641|202412|||||||||2215|
1000025663|202412|6030|9|4992663|47|||21905|33|89|
1000025677|202412|||0|12|||||12|
1000025680|202112|503739|597|||||1485795|1994|2591|
1000025680|202212|820891|1040|||||2519690|3405|4445|
1000025680|202312|1829745|2359|||||207156|296|2655|
1000025680|202412|1170214|1720|||||933694|1427|3147|
1000025707|202112|0|200028|0|273|0|2218|0|3796|207551|
1000025707|202212|0|29699|0|419|0|2843|0|10839|46477|
1000025707|202412|0|593022|0|341|0|5217|0|5385|606938|
1000025711|202112|0|34128|0|36126|0|10296|0|75414|155981|
1000025711|202212|0|76027|0|18604|0|23433|0|51283|169383|
1000025711|202312|0|63238|0|18492|0|6556|0|47921|136211|
1000025711|202412|0|72635|0|11329|0|5786|0|24416|116699|
1000025721|202212|13535|17|||||||17|
1000025721|202312|13535|17|||||||17|
1000025721|202412|9483|14|||||||14|
1000025732|202112|||||||0|34901|34901|
1000025732|202312|||||||||37091|
1000025733|202212|0|1014|||||||1014|
1000025733|202312|0|1837|||||||1837|
1000025733|202412|0|76|||||||76|
1000025749|202412|||||||||0|
1000025761|202312|||||||||0|
1000025761|202412|||||||||0|
1000025798|202112|146904|174|||||||174|
1000025798|202212|234744|297|||||||297|
1000025798|202312|177998|230|||||||230|
1000025798|202412|20224|30|||||||30|
1000025816|202312|||||||||0|
1000025816|202412|||||||||0|
1000025831|202212|5011879|6352|||20499499|3719|||10071|
1000025831|202312|0|586|||||||586|
1000025831|202412|0|7286|0|2|0|622|||7910|
1000025842|202103|258000|292|||||||292|
1000025842|202203|403000|488|||||12000|16|504|
1000025842|202303|349000|455|12460000|122|||1000|2|1021|
1000025842|202403|341000|459|12460000|111|||2305000|3350|3940|
1000025842|202503|1547000|2267|26420000|260|||754000|1197|3891|
1000025846|202112|0|14800|0|88|0|13|0|10494|26420|
1000025846|202212|0|8601|0|61|0|13|0|9800|18755|
1000025846|202312|0|9527|0|23|0|13|0|7992|18658|
1000025846|202412|0|17047|0|1|0|468|0|12832|31963|
1000025848|202112|2061139|2443|||||||2443|
1000025848|202212|5179749|6564|||||46850|63|6627|
1000025848|202312|9250|12|||||||12|
1000025848|202412|10609923|15596|||||||15596|
1000025852|202212|355630|451|||||||451|
1000025852|202312|||||||619500|884|884|
1000025858|202112|5189000|6152|||||||6152|
1000025858|202212|4729251|5993|||||||5993|
1000025863|202112|216400|257|||249860|46|||303|
1000025863|202212|194335|246|||1352898|245|||491|
1000025863|202312|79567|103|||1113487|201|||304|
1000025863|202412|125660|185|||825406|166|||351|
1000025865|202112|||0|71|||||71|
1000025865|202212|0|163|||||||163|
1000025865|202312|0|163|||||||163|
1000025865|202412|0|34|||||||34|
1000025869|202112|204962000|242983|26047000|268|22916000|4268|128000|172|247691|
1000025869|202212|202196000|256243|||17540000|3182|||259425|
1000025869|202412|249|365|||10434|2100|||2465|
1000025918|202112|4971013|5893|||51729004|9635|||15528|
1000025918|202212|5202263|6593|||65081210|11808|||18401|
1000025918|202312|12234146|15775|||76145345|13770|||29545|
1000025918|202412|8346544|12269|||191754332|38594|||50863|
1000025933|202112|0|5414|0|286|||0|1536|7236|
1000025933|202212|0|3501|0|40|||0|4910|8460|
1000025933|202312|0|158|||||||158|
1000025933|202412|0|19357|0|41|||0|4110|23508|
1000025947|202112|2611000|3095|60597000|624|||||3719|
1000025947|202212|1905000|2414|115675000|1103|||229000|309|3826|
1000025947|202312|2901000|3741|82540000|753|||||4494|
1000025947|202412|2501000|3676|39780000|372|||||4048|
1000025948|202112|3609416|4279|||||||4279|
1000025948|202212|1729437|2192|10589106|101|||||2293|
1000025948|202312|56700|73|||||||73|
1000025948|202412|1955194|2874|||||||2874|
1000025982|202312|||||||||0|
1000025982|202412|||||||||0|
1000026006|202112|0|2689|||||||2689|
1000026006|202212|0|3325|||||||3325|
1000026006|202312|0|5001|||||||5001|
1000026006|202412|0|6435|||||||6435|
1000026027|202312|||||||||0|
1000026027|202412|||||||||0|
1000026031|202412|||||||||0|
1000026060|202112|35887320|42544|||||||42544|
1000026060|202212|0|19576|||||||19576|
1000026060|202312|24775013|31945|||||||31945|
1000026060|202412|20107915|29559|||||103638|158|29717|
1000026076|202112|1441284|1709|142310674|1466|9346370|1741|357614|480|5396|
1000026076|202212|1101574|1396|63515026|605|9277039|1683|2547970|3443|7127|
1000026076|202312|275477|355|72225110|659|16008094|2895|310|0|3909|
1000026076|202412|433316|637|73398049|687|17306205|3483|22509|34|4841|
1000026078|202112|2137484|2534|||55308|10|1510310|2028|4649|
1000026078|202212|1360021|1724|7366000|70|133576|24|6180040|8350|10208|
1000026078|202312|1984268|2559|612000|6|1197016|216|3473092|4955|7772|
1000026078|202412|1985968|2919|36649630|343|215416|43|1396265|2135|5981|
1000026088|202112|133370|158|||||||158|
1000026088|202212|41109|52|||||||52|
1000026088|202312|41109|53|||||||53|
1000026184|202112|11693|14|||||||14|
1000026184|202212|11693|15|||||||15|
1000026184|202312|11693|15|||||||15|
1000026184|202412|11693|17|||||||17|
1000026193|202112|||31100000|320|||||320|
1000026193|202212|||31100000|296|||||296|
1000026193|202412|226359|332|426114|4|5035928|1014|||1350|
1000026193|202512|||||4666372|995|||995|
1000026211|202112|0|26303|0|11916|||||38219|
1000026211|202212|15926|20183|2623090|25003|||||45186|
1000026211|202312|7055000|9097|3347000000|30547|||||39644|
1000026211|202412|535000|364|4869000|519880|||||520244|
1000026218|202112|0|30809|0|4082|0|11|0|2229|37131|
1000026226|202412|||||9308242|1873|3998|6|1879|
1000026247|202112|27264|32|||||859|1|33|
1000026247|202212|898|1|||||480|1|2|
1000026296|202112|||||||||880|
1000026310|202212|190005|242|1372693|13|141056|26|||286|
1000026310|202312|373120|481|43090|0|23100|4|161147|230|727|
1000026310|202412|295560|434|43090|0|350604|71|129250|198|761|
1000026387|202112|5123000|6073|||2252000|420|||6600|
1000026387|202212|1995000|2528|||||198000|267|2801|
1000026387|202312|1168000|1506|||||583000|832|2476|
1000026387|202412|2664000|3917|||||384000|587|4651|
1000026415|202112|2296443|2723|||||||2723|
1000026415|202212|2604202|3301|||||||3301|
1000026423|202412|255598|376|||||||376|
1000026426|202112|0|5990|0|59|||0|4456|11626|
1000026426|202212|0|17103|0|8616|||0|4715|31683|
1000026426|202312|0|7744|0|6144|||0|1225|22205|
1000026426|202412|0|24870|0|581|||0|6238|39226|
1000026432|202112|0|3394|||||0|1206|4600|
1000026432|202212|0|10908|||||0|3102|14098|
1000026432|202312|0|12753|||||0|128|14826|
1000026432|202412|0|860|||||0|2|1132|
1000026503|202112|10233670|12132|||||1513924|2032|14164|
1000026503|202212|11988072|15192|||||1457006|1969|17161|
1000026503|202312|6529191|8419|||||647939|924|9343|
1000026507|202212|1309|2|||||||2|
1000026507|202312|1137|2|||||||2|
1000026507|202412|1661|2|||||||2|
1000026513|202112|949922|1126|||451702|84|1263093|1696|2906|
1000026513|202212|15927731|20185|||21500|4|1221706|1651|21840|
1000026513|202312|158478|204|||||84234|120|324|
1000026513|202412|15566926|22884|||607375|122|3890452|5947|28953|
1000026543|202312|1775025|2288|||2150000|389|||2677|
1000026596|202312|||||||||0|
1000026596|202412|||||||||0|
1000026600|202312|0|2857|||||||2858|
1000026600|202412|0|13161|||||||13173|
1000026608|202212|9744746|12349|||||||12349|
1000026608|202312|3109647|4010|||||12500|18|4028|
1000026608|202412|10597709|15579|||||12500|19|15598|
1000026611|202112|887960|1053|||||||1053|
1000026611|202212|754860|956|||||||956|
1000026611|202312|949476|1224|||||||1224|
1000026611|202412|3422372|5031|||||||5031|
1000026621|202112|0|148494|0|16|0|986|0|1598|151094|
1000026621|202212|0|47468|0|233|0|683|0|18021|66405|
1000026621|202312|0|30120|0|42|0|3165|0|37455|70842|
1000026621|202412|0|32351|||0|3915|0|11867|48133|
1000026623|202312|||||||||0|
1000026623|202412|||||||||0|
1000026646|202112|225726|268|1255500|13|||||281|
1000026646|202212|174104|221|||||197980|267|488|
1000026646|202312|409539|528|7281000|66|||230104|328|1029|
1000026646|202412|||1352|2|||||2|
1000026670|202312|754372|973|||||99091|141|1114|
1000026670|202412|446914|657|||||||657|
1000026721|202412|||||||||0|
1000026779|202112|0|550|||||||550|
1000026779|202212|0|3775|||||||3775|
1000026779|202312|0|3935|||||||3935|
1000026779|202412|0|369|||||||369|
1000026780|202112|0|52725|0|2591|0|22|0|3430|58768|
1000026780|202212|0|71797|0|1315|0|8|0|3340|76460|
1000026780|202312|0|74848|0|3667|0|9|0|3543|82067|
1000026780|202412|0|23809|0|3117|0|4|0|3692|30622|
1000026806|202312|6127|8|||||18321|26|34|
1000026836|202412|1165495|1713|||||||1713|
1000026837|202212|276866|340|||||||340|
1000026837|202312|404147|521|||||||521|
1000026837|202412|592339|871|||||||871|
1000026907|202112|0|4224|||||||4224|
1000026907|202212|0|817|||||||817|
1000026907|202312|0|644|||||||644|
1000026907|202412|0|1853|||||||1853|
1000026910|202312|12069|16|||||||16|
1000026910|202412|62309|92|||||||92|
1000027025|202112|0|1017|||||||1017|
1000027025|202212|0|2979|||||0|7|2986|
1000027025|202312|0|185|||||0|159|344|
1000027025|202412|0|1050|||||0|176|1226|
1000027119|202412|||||||||0|
1000027155|202112|0|1649|||||||1777|
1000027155|202212|0|3204|||||||3235|
1000027155|202312|0|1143|||||||1178|
1000027155|202412|0|4650|||||||4808|
1000027171|202312|||||||||0|
1000027171|202412|||||||||0|
1000027213|202112|3242496|3844|||||||3844|
1000027213|202212|3138366|3977|||||||3977|
1000027213|202312|4195514|5410|||||||5410|
1000027213|202412|4392605|6457|||||||6457|
1000027237|202212|1710308|2167|||||||2167|
1000027237|202312|653750|843|||||||843|
1000027237|202412|1759533|2587|||||||2587|
1000027270|202112|4712536|5587|||113562|21|||5608|
1000027270|202212|5710376|7237|||||||7237|
1000027270|202312|3445861|4443|||||||4443|
1000027270|202412|9864419|14500|||||||14500|
1000027273|202112|0|9658|||||||9658|
1000027329|202412|176462|259|||||||259|
1000027508|202112|0|68188|||||||68191|
1000027508|202212|0|47959|||||0|579|48668|
1000027508|202312|0|569|||||0|1134|1703|
1000027508|202412|0|28|||||0|112240|112304|
1000027512|202112|||7100000|73|||||73|
1000027512|202212|22330|28|7650000|73|||35642|48|149|
1000027512|202312|24300|31|||||506102|722|753|
1000027512|202412|94200|138|||||365272|558|696|
1000027531|202112|65988110|73303|55000|1|||||73304|
1000027531|202212|0|49685|||||||49685|
1000027531|202312|0|58783|||||||58783|
1000027531|202412|0|62518|0|7|||||62525|
1000027544|202112|73866445|87569|||||||87569|
1000027544|202212|10000000|12673|||||||12673|
1000027544|202312|20033117|25831|||||||25831|
1000027544|202412|0|34560|||||||34560|
1000027590|202112|7038|8|||||||8|
1000027590|202212|198|0|||||1344|2|2|
1000027590|202312|155218|200|||||88354|126|326|
1000027590|202412|185596|273|||||212629|325|598|
1000027641|202112|16213|20|||||34|0|23|
1000027641|202212|14770230|18718|||||20660|28|21577|
1000027641|202312|17895180|23073|||||1020780|1456|26219|
1000027641|202412|28730220|42234|||||142320|218|42612|
1000027726|202112|0|67098|0|111|||0|1227|68436|
1000027726|202212|0|79234|||||0|615|79849|
1000027726|202312|0|88827|||||0|784|89611|
1000027726|202412|0|12193|0|47073|||0|707|59973|
1000027737|202112|85491|99|||||||99|
1000027850|202112|25000|30|||||||30|
1000027853|202312|109106|141|||||||141|
1000027881|202112|30993603|36743|||||||36743|
1000027881|202212|28372045|35956|||||||35956|
1000027881|202312|11524939|14860|||||||14860|
1000027881|202412|22661958|33313|||||||33313|
1000027886|202312|||||||||0|
1000027935|202312|821680|1264|||||||1264|
1000027935|202412|155213|228|||||785999|1202|1430|
1000027981|202412|4682455|6883|||||||6883|
1000028006|202312|1452180|1872|||||||1872|
1000028009|202112|68785|82|||||||82|
1000028009|202312|65210|84|||||||84|
1000028009|202412|93720|138|||||||138|
1000028019|202112|10700000|12685|||||||12685|
1000028042|202112|0|9195|0|97|||||9292|
1000028042|202212|0|9086|0|154|||||9240|
1000028042|202312|0|10844|0|298|||||11142|
1000028042|202412|0|15221|0|272|||||15493|
1000028121|202212|38228|48|||6071579|1102|||1150|
1000028121|202312|164944|213|||5578604|1009|||1222|
1000028121|202412|255402|1575|||6177100|0|||1575|
1000028161|202412|48954|72|||||||72|
1000028167|202112|188796|223|||||||223|
1000028167|202212|281654|357|||||||357|
1000028167|202312|560446|723|||||||723|
1000028167|202412|1025255|1507|||||||1507|
1000028169|202312|||||||||0|
1000028169|202412|9886965|14534|||8640|2|||14536|
1000028172|202112|0|14982|||||0|4880|19862|
1000028172|202212|0|28620|||||0|12305|40925|
1000028172|202312|0|8758|||||||8758|
1000028172|202412|0|17647|||||0|4491|22138|
1000028186|202312|||||||||0|
1000028186|202412|||||||||0|
1000028268|202212|53262|67|||||||67|
1000028413|202412|0|1196|||||||1196|
1000028449|202212|918084|1163|||||||1163|
1000028449|202312|935076|1206|||||||1206|
1000028504|202112|0|52079|0|4182|||||56261|
1000028504|202212|0|7806|0|477|||||8283|
1000028504|202312|0|1209|0|238|||0|114|1561|
1000028504|202412|1040|1|180000000|1686|||||1687|
1000028511|202112|18409000|21824|13461000|139|6860000|1278|1482000|1989|30182|
1000028511|202212|57730000|73161|46742000|446|36961000|6706|196000|264|89068|
1000028511|202312|41508000|53521|21542000|197|42181000|7628|754000|1075|66405|
1000028511|202412|36376000|53473|179830000|1684|16035000|3227|549000|839|66634|
1000028656|202412|||||||||0|
1000028669|202112|0|2048936|0|11087|0|557|0|148364|2556560|
1000028669|202212|0|1690092|0|2336|0|419|0|99645|2039974|
1000028669|202312|0|1804775|0|2975|0|727|0|181740|2155207|
1000028669|202412|0|981051|0|3508|0|733|0|142495|1273736|
1000028744|202212|500000|634|||||||634|
1000028744|202312|69759|90|||||||90|
1000028744|202412|239272|351|||||19731|30|391|
1000028783|202112|||||0|55|||55|
1000028783|202212|||||0|53|||53|
1000028783|202312|0|945|||0|53|0|37|1035|
1000028783|202412|0|206|||0|59|||265|
1000028799|202312|0|88252|||||||88252|
1000028799|202412|0|84432|||||||84432|
1000028819|202412|||||||||0|
1000028855|202212|19977|25|||||||32|
1000028855|202312|19977|26|||||||32|
1000028855|202412|1146133|1645|||||||1645|
1000028866|202112|0|2339|||||||2339|
1000028866|202212|0|823|||||||823|
1000028866|202312|0|1511|0|2|||||1513|
1000028866|202412|0|1720|||||0|852|2572|
1000028884|202312|6993101|9017|||||||9017|
1000028884|202412|11456682|16842|||||90000|138|16980|
1000028973|202112|10703990|15654|36750|0|3844918|716|5297|7|16377|
1000028973|202212|11736310|14873|||2440544|443|133353|180|15496|
1000028973|202312|3334468|4299|35260|0|2885259|522|8578|12|4833|
1000028973|202412|4685724|6888|35260|0|30543136|6148|15800|24|13060|
1000029000|202112|||||||0|10|263|
1000029000|202312|0|6|||||||519|
1000029000|202412|||||||||1030|
1000029027|202212|795000|1008|||63722|12|800000|1081|2101|
1000029027|202312|191326|250|||29770|5|34290|49|305|
1000029027|202412|||||11733|2|||3|
1000029052|202112|0|2592|||||||2592|
1000029052|202212|0|3294|||||||3294|
1000029052|202312|0|3243|||||||3243|
1000029052|202412|0|2603|||||||2603|
1000029055|202112|0|7498|||||||7498|
1000029055|202212|0|33131|||||0|774|47900|
1000029055|202312|0|7322|||||0|208|12519|
1000029055|202412|0|9906|||||||11993|
1000029098|202112|0|610|||||||610|
1000029098|202212|0|928|||||||928|
1000029098|202312|0|691|||||||691|
1000029098|202412|0|698|||||||698|
1000029106|202112|4769771|5654|||||||5654|
1000029106|202212|7900153|10012|||||||10012|
1000029106|202312|11043427|14239|||||||14239|
1000029106|202412|15597760|22928|||||||22928|
1000029107|202112|82004|98|||||185000|246|344|
1000029107|202412|||||288000|58|||58|
1000029111|202312|11447800|14761|||||||14761|
1000029111|202412|5057976|7435|||||||7435|
1000029175|202212|20700|26|||||||26|
1000029175|202312|||||||||0|
1000029175|202412|||||||||0|
1000029257|202212|868294|1100|18004608|172|||3628319|4903|6175|
1000029257|202312|936483|1208|||||2437010|3477|4685|
1000029257|202412|400878|589|||||84915|130|719|
1000029276|202112|0|3336|||0|129|0|1687|5170|
1000029276|202212|0|18307|0|11|0|66|0|1434|19836|
1000029276|202312|||||||0|1222|1240|
1000029276|202412|0|31566|||0|162|0|4036|35786|
1000029331|202112|27904349|33081|150600|2|2065|0|297|0|33083|
1000029331|202212|34732726|44016|150600|1|2065|0|||44017|
1000029331|202312|11102547|14315|251900|2|2065|0|||14317|
1000029331|202412|14587530|21443|237380|2|2065|0|||21445|
1000029337|202112|453260|537|1320707|14|||||551|
1000029337|202212|633224|803|9544078|91|||||894|
1000029337|202312|453939|585|2052553|19|||||646|
1000029337|202412|738641|1085|89994530|843|26895|5|||1933|
1000029424|202112|0|14902|||||||14902|
1000029424|202212|0|14928|0|1892|||||16820|
1000029424|202312|0|25241|||||0|158|25399|
1000029424|202412|0|17195|||||0|4|17199|
1000029427|202412|0|156|||||||156|
1000029436|202112|0|4|0|4|||0|95|103|
1000029436|202212|0|86|0|2|||0|55|143|
1000029436|202312|0|257|0|6|||0|51|314|
1000029436|202412|0|396|0|15|||0|158|569|
1000029455|202112|0|20955|0|3007|||0|2280|26242|
1000029455|202212|0|18361|0|2832|||0|459|21652|
1000029455|202312|0|1018|0|1259|||0|485|4460|
1000029455|202412|216212|318|||||534426|817|1135|
1000029486|202112|11021760|13066|||||||13066|
1000029486|202212|316655213|401297|||||||401297|
1000029486|202312|321122687|414055|||||||414055|
1000029486|202412|114892050|168891|||||||168891|
1000029500|202112|1946889|2308|||||113007|152|2466|
1000029500|202212|0|107013|||||0|4|107017|
1000029500|202312|0|0|||||||138703|
1000029500|202412|0|205639|||||||205674|
1000029502|202312|83850|108|||||||108|
1000029502|202412|83850|108|||||||108|
1000029546|202212|||300000000|2860|||||2860|
1000029546|202312|||501944142|4581|||||4581|
1000029546|202412|||440104140|4121|||||4121|
1000029549|202312|||||||||0|
1000029549|202412|||||||||0|
1000029551|202112|0|616|||||||616|
1000029551|202212|0|680|0|0|0|1|||681|
1000029551|202312|0|241|||||||241|
1000029551|202412|0|967|0|409|||||1376|
1000029592|202212|755222|957|||||||957|
1000029592|202412|||||||||0|
1000029632|202212|||||||17874|24|24|
1000029632|202312|||||||26234|37|37|
1000029632|202412|106|0|||||14679|22|22|
1000029636|202112|0|944|0|2235|||0|1002|4181|
1000029636|202212|||0|4|||||4|
1000029636|202312|0|10|0|338|0|13|0|244|605|
1000029636|202412|0|596|0|138|0|52|0|699|1485|
1000029656|202112|93501|111|||||||111|
1000029656|202212|1341515|1700|||||||1700|
1000029656|202412|2084167|3064|||||||3064|
1000029663|202412|0|404|||||0|24|428|
1000029738|202212|7000|9|||||||9|
1000029738|202312|234118|302|||||||302|
1000029738|202412|286477|421|||||||421|
1000029745|202312|||||8982242|1624|||1624|
1000029745|202412|||||6787593|1366|||1366|
1000029754|202212|680|1|||||91|0|1|
1000029754|202312|3916|5|||||991|1|6|
1000029754|202412|3916|6|||||3210|5|11|
1000029869|202212|9186013|11641|||||||11641|
1000029869|202312|2579641|3326|||||||3326|
1000029869|202412|6037238|8875|||||||8875|
1000029888|202112|27230957|32282|||||35270|48|32330|
1000029888|202212|55728225|70624|||||22365|30|70654|
1000029888|202312|56408997|72734|||||81645|116|72850|
1000029888|202412|44474593|65378|||||48311|74|65452|
1000029903|202312|||||||||0|
1000029903|202412|||||||||0|
1000029968|202312|4357917|5619|||||||5619|
1000029968|202412|7439911|10937|||1780022|358|||11295|
1000029984|202212|32743|41|||||||41|
1000029984|202312|244864|316|||||||316|
1000029984|202412|386351|568|1060|0|||||568|
1000029995|202412|430826|633|||||||633|
1000030026|202312|||||||||0|
1000030026|202412|||||||||0|
1000030028|202212|0|574|0|17|||||591|
1000030028|202312|0|182|||||||182|
1000030028|202412|0|331|||||||387|
1000030070|202112|418441|496|71407791|736|||||1232|
1000030070|202212|759834|962|||||67800|92|1054|
1000030070|202312|580768|749|||||531819|769|1518|
1000030070|202412|200000|2940|||||1352555|2068|5008|
1000030088|202312|||||||||0|
1000030088|202412|||||||||0|
1000030091|202112|855090|1014|364800|4|||35575|47|1143|
1000030091|202212|3900866|4943|||||159997|216|5469|
1000030091|202312|0|7096|||||||7989|
1000030091|202412|0|7119|||||||8599|
1000030118|202312|17960|23|||||||23|
1000030118|202412|6496|10|||||||10|
1000030134|202312|||||||||0|
1000030137|202412|10000|15|||||||15|
1000030158|202103|1382687|1567|15823637|163|||37143|49|1779|
1000030158|202203|1825455|2210|115597065|1148|||3237|4|3362|
1000030158|202303|301939|394|118591701|1164|||2064|3|1561|
1000030158|202403|1107663|1492|196000|2|||17524|25|1519|
1000030158|202503|576863|846|||||||859|
1000030173|202112|2488|3|||||54730|73|76|
1000030173|202212|||||||11778|16|16|
1000030173|202312|518248|668|||||9310|13|681|
1000030173|202412|||||||7602|12|12|
1000030194|202112|0|23470|||||||23470|
1000030194|202212|0|21981|||||||21981|
1000030194|202312|0|17909|||||||17909|
1000030194|202412|0|17834|||||||17834|
1000030224|202112|0|5700|||0|46|0|2610|8356|
1000030224|202212|0|16506|||||0|734|17379|
1000030224|202312|0|9148|||||0|1928|11076|
1000030224|202412|0|33599|||||0|1374|35162|
1000030226|202312|||||||||0|
1000030239|202212|14680219|18604|||||||18604|
1000030239|202312|1114219|19471|||||||19471|
1000030239|202412|15521368|22816|||||||22816|
1000030284|202112|7500|9|||||||9|
1000030284|202212|31480|40|11394|0|||||40|
1000030284|202312|386305|498|11976771|109|||||607|
1000030284|202412|95790|141|11194200|105|||||246|
1000030306|202112|0|875|0|793|0|82|0|27|1801|
1000030306|202212|0|586|0|676|0|537|0|195|2427|
1000030306|202312|0|4907|0|17|0|155|0|82|8041|
1000030306|202412|0|1946|0|12|||0|539|5746|
1000030309|202112|20511343|24316|1405000|14|||||24330|
1000030309|202212|19824411|25123|3003000|29|||||25152|
1000030309|202312|6073316|7831|6567000|60|||||7891|
1000030309|202412|5031244|7396|1405000|13|||||7409|
1000030311|202112|0|2540124|0|10374|0|602|0|750174|3301274|
1000030311|202212|0|2916172|0|14243|0|3807|0|754930|3689152|
1000030311|202312|0|3814710|0|15421|0|8478|0|82410|3921019|
1000030311|202412|0|6429977|0|30329|0|45407|0|103185|6608898|
1000030311|202512|0|9036409|0|31462|0|36588|0|96739|9201198|
1000030346|202412|530374|780|||||||780|
1000030383|202312|||||||||0|
1000030383|202412|||||||||0|
1000030385|202312|1565875|2019|||||||2019|
1000030385|202412|1479213|2174|||||||2174|
1000030410|202112|||||||||247602|
1000030410|202212|||||||||66|
1000030410|202312|||||||||66748|
1000030410|202412|||||||||65735|
1000030411|202212|||||||||1100310|
1000030411|202412|0|1292066|||||||1292078|
1000030427|202312|||||||||0|
1000030432|202312|9379734|12094|||||||12094|
1000030432|202412|9334011|13721|||||||13721|
1000030465|202112|0|26|0|239|0|186|||451|
1000030465|202212|0|13978|0|5888|0|3400|0|8888|32154|
1000030465|202312|0|12302|0|5796|0|6567|0|14527|39401|
1000030465|202412|0|15821|0|5245|0|8538|0|13330|43808|
1000030567|202112|20619000|24443|264000|3|||216000|290|24736|
1000030567|202212|18366000|23276|||||109000|138|23414|
1000030567|202312|12364000|15942|||||79000|112|16054|
1000030567|202412|16197000|23810|||||267000|408|24218|
1000030709|202312|0|35|||||0|6789|6824|
1000030709|202412|0|2931|||||0|4312|7243|
1000030712|202112|13654000|16187|10000|0|||1180000|1584|17771|
1000030712|202212|11131000|14106|||||126000|171|14292|
1000030712|202312|50205000|64734|||88000|16|912000|1301|66051|
1000030712|202412|44489000|65399|3000|0|34000|7|81000|124|65534|
1000030812|202312|25910|34|731950|7|||||41|
1000030812|202412|15909|23|||||||23|
1000030846|202112|0|119196|0|941|||0|3221|123397|
1000030846|202212|0|118206|0|1117|0|8|0|3003|122387|
1000030846|202312|0|39480|0|2211|0|11|0|3714|45467|
1000030846|202412|0|79268|0|1547|0|12296|0|14290|107448|
1000030917|202112|0|993|||||0|915|1908|
1000030917|202212|0|534|||||0|114|648|
1000030917|202312|||0|199|||0|724|923|
1000030917|202412|0|1432|0|187|0|339|0|1172|3130|
1000030917|202512|0|39|||0|113|||152|
1000030939|202312|||2077815|19|||||19|
1000030949|202112|18600|22|10898552|112|||||134|
1000030949|202212|6336634|8030|||||||8030|
1000030949|202312|7380|10|||||||10|
1000030949|202412|22418|33|||||||33|
1000031035|202112|0|82153|||||||82153|
1000031035|202212|0|109458|||||||109458|
1000031035|202312|0|111|||||||111|
1000031035|202412|0|78906|||||||78906|
1000031048|202112|852451000|1010580|608103000|6265|7360000|1371|340000|457|1018673|
1000031048|202212|939617000|1190776|253023000|2411|5252453000|953005|523000|707|2146899|
1000031048|202312|1977383000|2549638|109890000|1003|4746281000|858317|556000|793|3409751|
1000031048|202412|3162433000|4648776|109927000|1029|4461818000|898030|239000|366|5548201|
1000031050|202412|0|187|||||||187|
1000031072|202412|350355|515|||||||515|
1000031083|202212|15037000|19056|80356000|766|479000|87|179632000|242718|286724|
1000031083|202312|13275000|17117|||||29476000|42051|76060|
1000031083|202412|13324000|19586|||||1335000|2041|43558|
1000031156|202312|7895462|10180|||||||10180|
1000031156|202412|7544174|11090|||||||11090|
1000031184|202112|10007020|11863|62285000|642|||||12505|
1000031184|202212|11909851|15093|40390000|385|5007666|909|||16387|
1000031184|202312|5485527|7073|52990000|484|||||7557|
1000031184|202412|6971826|10249|126180000|1182|2514843|506|||11937|
1000031212|202412|||||||||0|
1000031294|202212|39631037|50224|||||||50224|
1000031294|202312|35330719|45555|||||||45555|
1000031294|202412|16518309|24282|||||||24282|
1000031364|202212|0|5343629|0|2560|0|520|0|685763|6476540|
1000031364|202312|0|6336288|0|9892|0|488|0|719484|7067925|
1000031364|202412|0|7396895|0|9588|0|10692|0|2953|7420960|
1000031409|202312|7020000|9052|||||||9052|
1000031409|202412|11440000|16817|||||||16817|
1000031422|202212|13484|17|2119823|20|||||37|
1000031422|202312|0|79|0|22|||||101|
1000031422|202412|0|727|0|68|||||795|
1000031429|202212|1108533|1405|323604|314|||5404|7|1747|
1000031429|202312|3233473|4169|48261628|440|||6201|9|4633|
1000031429|202412|3156987|4641|36838487|345|||6844|10|5002|
1000031434|202212|0|205268|0|7121|||||212389|
1000031434|202312|0|168373|0|3101|||0|145|171619|
1000031434|202412|0|150325|0|4801|||0|21|155147|
1000031483|202212|12125|15|||||||15|
1000031483|202312|47952|62|||||||62|
1000031483|202412|298676|439|||||||439|
1000031493|202212|||||||943410|1275|1275|
1000031493|202312|||||||206872|295|295|
1000031493|202412|||||||60077|92|92|
1000031531|202212|0|26|||||0|3|29|
1000031531|202312|0|44109|||||||44109|
1000031531|202412|0|21856|0|3185|||0|323|25364|
1000031562|202212|2094832|2655|||||||2655|
1000031562|202312|13664|18|||||||18|
1000031562|202412|1346558|1979|||||||1979|
1000031617|202212|||||||||44|
1000031617|202312|21|0|||||||0|
1000031633|202212|2024031|2564|||||||2564|
1000031633|202312|1410248|1818|||||||1818|
1000031656|202212|3143940|3984|||1820614|330|||4314|
1000031656|202312|4217718|5438|||285197|52|19598|28|5518|
1000031681|202212|0|11516|0|397|0|3|||11916|
1000031681|202312|0|21741|0|411|||0|35|22187|
1000031693|202212|8126000|10300|||||||10300|
1000031693|202312|10194|13|||||||13|
1000031693|202412|12169000|17885|||||||17885|
1000031760|202312|0|124|||||||124|
1000031760|202412|0|181|||||||181|
1000031774|202312|||||||||1762|
1000031774|202412|||||||||387|
1000031820|202312|0|379|||||||379|
1000031866|202312|2035116|2624|||||||2624|
1000031866|202412|16210015|23829|||||||23829|
1000031867|202312|0|313320|0|398|0|11|0|570|314299|
1000031867|202412|0|274389|0|572|0|101|0|67|275129|
1000031867|202512|0|163971|0|487|||0|173|164631|
1000032005|202412|||||||||0|
1000032006|202412|1842575|2709|68630137|642|10|0|||3408|
1000032045|202312|3097061|3993|||40571|7|||4001|
1000032045|202412|5788473|8625|1706498|16|40571|8|||8649|
1000032049|202412|||||||||0|
1000032087|202412|0|24351|0|61|||0|1608|27167|
1000032095|202112|4607648|5462|||||||5462|
1000032095|202212|4762991|6036|||||||6036|
1000032095|202312|4489678|5789|||||||5789|
1000032106|202412|12342000|18143|||||26000|39|18182|
