V_BZNO|KIS_LS_FNA_MKS_2021|KIS_LS_FNA_MKS_2022|KIS_LS_FNA_MKS_2023|KIS_LS_FNA_MKS_2024|KIS_LS_FNA_MKS_2025|
가상_사업자번호|최종재무평점_2021|최종재무평점_2022|최종재무평점_2023|최종재무평점_2024|최종재무평점_2025|
1000000040|5|4|4|4|4|
1000000047|6|5|6|6|4|
1000000050|5|6|6|7|7|
1000000075|2|3|3|2|4|
1000000088|4|4|4|4|4|
1000000091|8|||||
1000000159|6|4|5|6|5|
1000000163|4|4|4|4|5|
1000000169|4|4|4|4|4|
1000000212|6|7|7|8|8|
1000000223|4|4|4|5|5|
1000000245|4|4|4|4|6|
1000000263|4|6|4|4|4|
1000000273|4|4|4|4|4|
1000000282|5|4|4|4|4|
1000000284|4|4|4|5|5|
1000000286|4|4|4|4|4|
1000000288|6|6|5|4|5|
1000000308|4|4|5|4||
1000000348|6|6|6|8|7|
1000000361|2|3|2|3|3|
1000000446|5|5|5|4|4|
1000000475|4|4|6|6|6|
1000000493|5|3|2|3|4|
1000000548|4|4|4|||
1000000551|4|4|6|5|5|
1000000576|5|5|5||5|
1000000591||4|4|4|4|
1000000599|||5|5||
1000000639|4|5|6|5|4|
1000000674|6|6|6|7|7|
1000000691|5|||||
1000000724|6|4|4|4|3|
1000000728|4|6|5|4|4|
1000000769|5|4|4|||
1000000774|5|4|5|4|4|
1000000791|4|4|4|4|4|
1000000817|7|8|6||8|
1000000823|5|5|5|5|4|
1000000835||4||3||
1000000849|5|7|4|4|4|
1000000860|4|4|4|4|4|
1000000887|6|6|6|8|7|
1000000888|9|10||||
1000000892|4|3|3|4|3|
1000000896|5|4|6|6|6|
1000000923||5|6|6||
1000000938|6|6|5|5|6|
1000000942|4||6|5||
1000000975|5|6|7|5|6|
1000001033|4|5|5|5|5|
1000001034|4|||4||
1000001058|4|4|4|4|4|
1000001074|5|5|5|7|6|
1000001083|6|5|4|5|6|
1000001129|5|5|5|4|5|
1000001133|6|7|9|||
1000001138|3|3|4|4|3|
1000001170|6|5|6|6|7|
1000001176||5|5|5|5|
1000001196|5|7|7|8|7|
1000001219|||7|6|7|
1000001284||6||6||
1000001286|5|5|4|5||
1000001314|4|4|4|4|4|
1000001347|4|4|3|6|6|
1000001353|4|6|6|5|4|
1000001362||4||4||
1000001388|4|||||
1000001421|5||5|5||
1000001444|5|4|5|5||
1000001482|8|7|7|6||
1000001483|4|3|4|4|4|
1000001499|4|4|4|4|4|
1000001501|4|5|6|9|8|
1000001512|10|10||||
1000001548|4|4||||
1000001558|4|4|4|||
1000001559|||6|6|6|
1000001569|4|5||5||
1000001573|5|5|4|5|5|
1000001637|7|6|8|6||
1000001660|6|7|7|7|5|
1000001665|8|8|9|8|9|
1000001699|6|6|8|8|8|
1000001705|3|5|5|6|6|
1000001745|5|5||4|4|
1000001814|3|3|4|4|3|
1000001824|5|5|5|4|4|
1000001829|5|7|9|9|8|
1000001845|3|||||
1000001848||4||4||
1000001851|4|5|6|5||
1000001852|5|5|4|4|4|
1000001856|5|6|7|7|8|
1000001860|4|8|6|5||
1000001861|6|6|6|8|9|
1000001867|6|3|3|4|3|
1000001871||8|7|6|5|
1000001877|3|3|3|3|3|
1000001884|6|5|5|5||
1000001890|3|3|3|3|3|
1000001894|8|7|6|7|7|
1000001895|8|8|8|||
1000001900|4|6|6|6|7|
1000001984|9|7|9|8||
1000001996|5|6|7|8|8|
1000002001|6|7|8|9|8|
1000002050||6|4|5||
1000002060|5||5|||
1000002075|9|9||||
1000002080|7|||||
1000002097|5|4|5|5|5|
1000002104|5|6|6|5|7|
1000002112|5|5|5|5|5|
1000002169|6|5|6|7||
1000002173|8|6|8|7|6|
1000002185|8|8|8|8|8|
1000002223|5|5||||
1000002236|3|2|3|2|2|
1000002252||5|5|6||
1000002254|3|3|3|3|3|
1000002269|4|4|5|4|5|
1000002290|4|4|4|4|4|
1000002305|4|3|3|4|4|
1000002311|8|8||||
1000002328|6|6|6|6|6|
1000002353|3|4|3|3|3|
1000002377|4|4|4|5|4|
1000002404|4|4|4|5|4|
1000002435|4|4||||
1000002437|7|8|8|8|8|
1000002441|5|4|4|5||
1000002449|2|3|2|3|3|
1000002465|2|3|4|4|4|
1000002467|4|4|4|||
1000002468|4|5|4|4||
1000002473|5|4|4|4||
1000002487|3|3|3|3|4|
1000002525|6|6|6|7|7|
1000002548|6|6|6|6|6|
1000002552|4|4|5|4|4|
1000002553|6|6|6|8||
1000002579|5|4||||
1000002582|4||5|4|5|
1000002592|4|4|4|5||
1000002607|4|5|3|3|4|
1000002611||4||4||
1000002642|4|4|5|||
1000002679||||4||
1000002690|5||4|||
1000002707|6||5|6|5|
1000002712|8|8|8|9|9|
1000002718|7|5|5|6|6|
1000002724|6|7|6|5|5|
1000002794|4|4|5|6|4|
1000002799|6|5||||
1000002819|4|4||4||
1000002826|6|6|6||5|
1000002829|2|3|4|3|3|
1000002884|6|6|6|8|8|
1000002887|3|3|4|3||
1000002888|8|9||||
1000002889|5|5|6|6|6|
1000002929|4|4||8||
1000002934||5|5|5|5|
1000002969|4|4|4|5|5|
1000002971|5|6|6|5|5|
1000002975||6||||
1000002976|5|6|6|8|8|
1000003026||5|6|||
1000003039|9||9|10||
1000003040|4|4||3||
1000003041|3|3|2|2|2|
1000003044||4|||5|
1000003047|6|5|5|5|6|
1000003055|7|8|9|9|8|
1000003069|4||4||5|
1000003085|4|5|4|4|4|
1000003091|||||5|
1000003104|5||4|5||
1000003131|2|2|2|5|5|
1000003187|6|7|8|8|9|
1000003205|7|4|5|5|5|
1000003240|5|4|9|9||
1000003267|6|6|8|6|6|
1000003301|6|6|5|6|6|
1000003314||5|5|5||
1000003326|8|6|6|9||
1000003332|6|6|7|7||
1000003352|5|3|4|5|4|
1000003358|5|5|5|4|4|
1000003370|4||4|||
1000003377|5|5|6|5|9|
1000003380|9|8|8|8|8|
1000003418|4|5|6|5|5|
1000003438|4|6|6|7|6|
1000003440|4||4|4||
1000003442|3|3|3|5|5|
1000003461|4|3|4|4||
1000003463|6|6|6|8||
1000003466|4|4|4|4|4|
1000003480|5|4||4||
1000003483|6|6|6|6|6|
1000003497|5|4|5|||
1000003517|3|3|3|3||
1000003519|||5|||
1000003530|6|5|5|5|5|
1000003538|6|6|6|5|5|
1000003542|8|8|8|8|3|
1000003543|4|4|4|5|5|
1000003544|8|8|9|||
1000003546|5|6|6|6|6|
1000003554|3|5||||
1000003567|8|8|8|8|8|
1000003583|8|6|8|6|6|
1000003608|5|5|5|6|8|
1000003621|4|4|3|4|3|
1000003622|5|6|6|6|7|
1000003626|||5|||
1000003642|4|||||
1000003651|||6|6||
1000003696||5|6|||
1000003709|6|6|5|4|4|
1000003714|4|4|6|6||
1000003729||9|8|||
1000003737|5|4|4|4|4|
1000003752|5|4|4|4||
1000003768|5|5|6|7|6|
1000003787|5|5|5|4|6|
1000003834|5||6|7||
1000003862|6|7|||6|
1000003865|||5|5||
1000003869|5|6|5|5||
1000003871|4|4|4|3|4|
1000003897|4|5|5|5|4|
1000003911|4|4|6|6|7|
1000003913||5|4|4||
1000003918|7|8|10|||
1000003926|3|3|3|3|3|
1000003965|6|5|5|6|5|
1000004004|7|7|7|9||
1000004009|6|5|6|5||
1000004035|4|3|4|3|3|
1000004040||||6||
1000004046|6|6||6|6|
1000004057|6|6|6|5||
1000004070|5|8||||
1000004097|5|4|4|4|3|
1000004098|5|5|5|6||
1000004099|9|9|10|||
1000004102|7|8|8|8|9|
1000004129|4|4|5|4|8|
1000004130|5|||||
1000004145|6|6|8|5||
1000004156|7|8|8|8|9|
1000004180||||4||
1000004195|4|4|4|5|4|
1000004247|5|6||8||
1000004311|||6|8||
1000004320||7|7|9||
1000004338|8|7|8|9||
1000004353|6|7|8|6|6|
1000004366|4|4|4|5|4|
1000004376|6|8|7|9|10|
1000004397|5|5|6|8||
1000004427|5|5|9|10||
1000004442|3|4|4|4||
1000004459|4|4|4|4||
1000004500|||4|||
1000004514|6|7|8|6||
1000004523|5|5|6|6|6|
1000004525|7|9|8|8|8|
1000004561|4|4||||
1000004575|6|7||4||
1000004607|4|||||
1000004661|6|5|4|6|6|
1000004713|5|5|6|8||
1000004726|6|6|6|6||
1000004731||9|8|9|7|
1000004733|3|4|4|5|5|
1000004746|5|5|5|6||
1000004781|8|8|6|6|8|
1000004799|4|||||
1000004802|6|4|5|5|4|
1000004817|6|8||6|6|
1000004825|||4|5|5|
1000004829|5|5|5|4|5|
1000004840|5|5|7|5||
1000004870|||9|9||
1000004926|3|||||
1000004949|5|6|7|7|7|
1000004951|||6|||
1000005021||6|7|5|5|
1000005053|4||5|5|5|
1000005056|6|9||||
1000005107|8|9|9|||
1000005125|6||6|8||
1000005136||4|4|3||
1000005198|5|5|6|6||
1000005257|5|8||6||
1000005302|3|3|4|4|4|
1000005331|6|6|6|7||
1000005339|4|4||||
1000005348|4|4|4|3|4|
1000025310|5|7|9|9|9|
1000005601|6|6|5|4|5|
1000005625|5|5|5|||
1000005632|6|6|7|6|6|
1000005684|4|8||||
1000005689|4|4|4|4|4|
1000005797|7|8|8|8||
1000005820|8|8|8|8|8|
1000005853|5|5|5|5||
1000005881|4|4|4|||
1000005882|8|7|6|6|6|
1000006022|5|6|8|6|7|
1000006032|5|6|6|6|6|
1000006034|||4|||
1000006038|4|4|4|4||
1000006078|6|5|6|6|8|
1000006083|||4|3||
1000006115|7|8|9|9|9|
1000006170|5|5|5|6||
1000006205|5|4|4|5|5|
1000006240|3|4|4|3|3|
1000006244|8|9|9|||
1000006249|8|10||||
1000006255|4|9||10||
1000006273|9|10|10|9||
1000006301|3|4|3|3|3|
1000006335|8|6|6|6|5|
1000006339|5||5|5|4|
1000006373|6||4|5|4|
1000006464|9|10||||
1000006471|5|8||9||
1000006489|6|8|6|||
1000006493|4|4|4|4|4|
1000006509|4|4|4|4||
1000006512|6|5|5|5||
1000006515|7|8||||
1000006556|4|5|5|5||
1000006582|4|4|||5|
1000006600|8|7|8|8|6|
1000006742|4|4||4||
1000006746||5|5|5|6|
1000006775|8|6|6|6||
1000006777|6|5|6|7|6|
1000006832|5|6|6|8|7|
1000006845|6|6|6|6||
1000006851||6|6|6||
1000006857|5|5|5|4|4|
1000006903|7|6|6|6|6|
1000006913|||9|||
1000006928|3|4|3|3|3|
1000006944|6|5|4|5|6|
1000006946|5|6|8|8|8|
1000006964|9|10|10|||
1000006974||7|8|6|6|
1000007006|4|5|8|7||
1000007023|5|5|5|5|6|
1000007030|4|6|8|8|8|
1000007064|6|6|6|5|5|
1000007068|4||4|3||
1000007077|5|4|5|6|7|
1000007082|6|4|4|5|5|
1000007123|4|6|7|6|5|
1000007126|6|6|6|6|5|
1000007144|4|||||
1000007150|3|4|4|5||
1000007165|4|4|4|4||
1000007169|8||8|8|8|
1000007236|5|4|4|4||
1000007238||5|5|||
1000007240|5|4|4|4||
1000007242|5|7|9|10||
1000007249|4|4|4|4||
1000007266|6|5|5|5|5|
1000007269|||5|||
1000007335|7|9||||
1000007383|6|6|6|6|5|
1000007401|7||8|6||
1000007425|4|5|9|10|10|
1000007429|4|6|5|6|6|
1000007430|3|3|3|3|3|
1000007458|5|6|6|9|6|
1000007460|5|4|5|8||
1000007467|6|5|5|4||
1000007471|3|3|4|3|4|
1000007484|3|4|6|6|6|
1000007494|5|6|5|5|6|
1000007545|7|7|6|6|5|
1000007579|9|9|10|8|9|
1000007582||5||4||
1000007603|9|9||||
1000007617|6|6|6|5||
1000007676|10|10||||
1000007686|3|5|4|||
1000007759|9|7|8|10|10|
1000007865|4|3|3|4|3|
1000007913|5|5|5|5||
1000007936|5|7|5|5|5|
1000007941|||4|4|5|
1000007946||||7||
1000007957||8||6||
1000007974|5|8|8|8||
1000008008|6|6|6|7|7|
1000008015||||5||
1000008100|9|8|9|10||
1000008117|8|6||||
1000008120|8|8|9|||
1000008161|7|5|8|6|7|
1000008203|5|5|6|5|5|
1000008204|8|8||5||
1000008227|5|6|5|5||
1000008251|4|4||5|5|
1000008274|8|8|8|9|10|
1000008277|6|6|6|7|6|
1000008302|7|6|6|6|6|
1000008304|7|8|8|8|8|
1000008329|5|4|5|5|5|
1000008475|5|||||
1000008508||||6||
1000008549|||7|6|6|
1000008561|4|4|4|4|4|
1000008575|4||6|6||
1000008650|6|5|8|8||
1000008731|8|6|5|4|5|
1000008733|7||8|8||
1000008843|6|4|4|5|5|
1000008888|6|||4||
1000008918|5|6|6|||
1000008929|5|6|6|6||
1000009014|3|4|4|2|3|
1000009017|5|5||4||
1000009033|8|7|7|7|6|
1000009068|4|4|5|7||
1000009096|3|3|3|3|4|
1000009099|6|5|4|5|4|
1000009103|4|4|4|3|2|
1000009105|6|8|4|6|5|
1000009141|3|4|3|4|4|
1000009153|7|6|6|6|6|
1000009217|5|5|5|4|4|
1000009220|6|5|5|6||
1000009230|6||8|7||
1000009246|4|6||||
1000009269|9|9|9|9|9|
1000009388|6|5|4|8|5|
1000009419|10|9||||
1000009436||6||||
1000009437||8|8|6||
1000009444|6|9|9|9||
1000009474|6|6|5||5|
1000009490|5|5|4|||
1000009503|5|6|6|7|6|
1000009522|6|5||6||
1000009523||||5||
1000009565|4|4||4||
1000009574|4|3|3|3|3|
1000009600|5|5|6|8|8|
1000009678|6|7||6|4|
1000009711|6|7|7|8|8|
1000009721|4|4|5|5|6|
1000009769|7|8|9|||
1000009780|6|6|6|8|6|
1000009814||4||||
1000009829|4|5|5|5|4|
1000009850|6|6|6|6|5|
1000009853|6|5|8|8|7|
1000009913|6|6|5|5||
1000009941|7|6|6|5|5|
1000009971|5|||||
1000009989|4|4|6|5|5|
1000010004|4|4|5|4||
1000010125|8|8|8|9|9|
1000010207|9|9|9|9|10|
1000010268|4|5|6|5|5|
1000010280|6|6|6|8|5|
1000010285||8|6|5||
1000010286|6|5|6|6|5|
1000010289|4|4|4|4||
1000010301|3|3|4|5||
1000010304|||6|5|4|
1000010325|5|6|8|6|6|
1000010334|5|8|7|7|6|
1000010361|6|6|6|5|5|
1000010366|6||6|6|6|
1000010370|6|5|8|5|8|
1000010386|5|6|7|5|7|
1000010398|6|5|5|6||
1000010409||5|5|5||
1000010424|6|7|7|8|6|
1000010470|5|7|6|||
1000010498|5|6|6|5||
1000010539|5|8||||
1000010546|||6|6||
1000010552|4|5|5|6||
1000010630|5|5|6|8||
1000010634|9|||||
1000010636|6|6|6|8||
1000010674|5|4|4|5|5|
1000010676|4|4|4|4|4|
1000010684|4|4|7|8|6|
1000010741|7|||||
1000010756|||5|5|6|
1000010777|5|4|4|4|4|
1000010784|7|9|8|5|6|
1000010835|4|||||
1000010839|6|6||||
1000010846|6|6|6|6||
1000010875|6|5|6|6|6|
1000010885|5|4|5|5||
1000010886|5|5|6|6||
1000010903|6|6|7|6|6|
1000010934|2|4|4|||
1000010942|3|4|4|3|6|
1000010951|6|6|6|8|9|
1000010952|3|3|3|3|3|
1000010957|7|8|5|5|5|
1000010975|9|9|9|9||
1000010976|5|5|5|4||
1000010981|4|4|4|4|3|
1000010989|6|5|5|5|5|
1000011070|5|5|6|5|6|
1000011100|4|4|4|4|4|
1000011115|4||5|5|8|
1000011120|5|6|6|6|8|
1000011128||5|6|6||
1000011134|3||4|4|5|
1000011161|8|||||
1000011175|5|6||5|5|
1000011183|5|4|4|5||
1000011234|8|8|8|5|5|
1000011271||6|4|||
1000011289|8|7|8|8||
1000011304|8|8|8|8||
1000011305|6|8|9|9||
1000011317|6|6|6|6|6|
1000011323|6|6|7|8||
1000011331|5|7|6|6|8|
1000011333|6|6|6|7|7|
1000011336|6|6|5|5||
1000011370|4|4|6|6||
1000011372||6||||
1000011377|8|5|8|8|9|
1000011388|6|||||
1000011409|5|4|4|5|4|
1000011410|5|4|3|2|2|
1000011431|4|5|5|4|5|
1000011436|4|5|4|4|8|
1000011467||3|4|3||
1000011491||7|6|6|6|
1000011495|6|5|4|4||
1000011516|5|5||4|7|
1000011542|7|8|7|7|7|
1000011546|6|6|5|5||
1000011563|4|4|7|6|7|
1000011661|5|4|8|8|8|
1000011701|8|8|8|8|8|
1000011777||4||4||
1000011793|5|6||||
1000011833|3|4|4|4|4|
1000011834||4|9|8|9|
1000011880|4|6||5||
1000011887|8|8|9|9||
1000011947|4|5|5|||
1000011957|5|5|6|4|6|
1000011962|4|4|4|4|5|
1000011967|8|8|8|8|8|
1000011977||8|8|6||
1000011994|4|5|5|4|5|
1000011998|4|4|4|4|5|
1000012012|5|4|5|4|4|
1000012013|9|9|8|10||
1000012062|4|4|3|2|2|
1000012063|7|8||||
1000012093|5|5|5|6||
1000012100|6|8|8|6|8|
1000012113|6|7|8|7|8|
1000012148|8|8|8|8||
1000012164|5|4|4|5|4|
1000012183|8|8|9|8|8|
1000012209|4|4||4||
1000012243|5|5|5|5||
1000012251|6|5|4|||
1000012264|4|4|5|4|4|
1000012277|5|5|5|6|6|
1000012317|6|||8||
1000012342|4|4|4|4|4|
1000012344|5|4|5|5||
1000012360|5|||||
1000012381|6|6|6|6|8|
1000012391|7|8|9|8|8|
1000012394|4|4|4|5||
1000012395|8|8|6|||
1000012417|5|6|7|8||
1000012466|6|7|8|8|6|
1000012481|2|2|2|2|2|
1000012495|3|3|3|3|4|
1000012524|5|||5||
1000012552|4|4|4||4|
1000012575|4|4|4|5|6|
1000012597|9|9|10|9|6|
1000012600|4|5|5|4|4|
1000012625|5|6|6|7|8|
1000012648|6|6|5|7|8|
1000012649|6|6|6|5||
1000012653|4|5|5|5|5|
1000012667|5|5|5|6|6|
1000012672|6|6|8|||
1000012686|6|5|6|7|6|
1000012688|7|5|5||5|
1000012701|3|3|3|3|3|
1000012711|5|4|6|6|8|
1000012731|9|9|9|8||
1000012736|6|6|6|7|6|
1000012744|||7|8||
1000012762|||5||5|
1000012801|||4|4|3|
1000012805|6|7|6|6||
1000012821|5|5|6|5||
1000012836|4|||5||
1000012840|4|4|5|7|7|
1000012851|7|||||
1000012892||||4|4|
1000012901|8|6||6||
1000012973|8|5|5|6|6|
1000012982|4|5|6|5||
1000012995|4|4|5||5|
1000013013|7|6|7|6|6|
1000013025||4|4|4|4|
1000013034|5|5|6|6|6|
1000013052|6|6|||6|
1000013055|4|4|5|6|5|
1000013124|6|6||8||
1000013139|6|7|8|9||
1000013211|5|4|4|5|5|
1000013215|5|8|8|||
1000013230|6|4|5|||
1000013242|5|5|8|7|7|
1000013258|6|5|6|6||
1000013284|6|7|8|7|7|
1000013314|8|8|6|8|6|
1000013319|5|||||
1000013330|8|7|6|7||
1000013338|6|8||||
1000013347|5||4|4||
1000013392|3|3|5|4||
1000013433|4|4|4|4||
1000013439|3|5|5|4|4|
1000013443|5|6|5|6|6|
1000013526|5|5|5|4|5|
1000013527|3|3|3|2|2|
1000013548|4|4|4|5|5|
1000013571|6|9|9|9||
1000013580|||4|4||
1000013590|5|5|5||6|
1000013594|6|5|6|4|4|
1000013618|6|7|6|7|7|
1000013623|3|4|4|4|4|
1000013633|6|8|8|4||
1000013653|8|6|8|6|6|
1000013664|4|4||3|4|
1000013670|5|4|5|5||
1000013682|8|8|7|5|7|
1000013726|||4|||
1000013728|6|9|9|9||
1000013734|3|3|||3|
1000013737||8||6||
1000013751|8|9|8|8||
1000013761|8|8|8|7|6|
1000013786|5|7|5|||
1000013803|4|5|6|5|4|
1000013815||6|8|||
1000013823|7|10|10|9||
1000013833|10|10|10|||
1000013841|7|9||||
1000013842|6|7|6|6||
1000013864|6|9|8|6||
1000013866|3|3|3|3|3|
1000013876|5|6|5|6||
1000013912|6|7|6|7|7|
1000013939|||5|||
1000013945|6|5|5|5|5|
1000013969|4|4|5|5|4|
1000013973|6|7|7|7|7|
1000014014|6|7|6|8|6|
1000014030||||4||
1000014046|5|4|8|8|8|
1000014085|5|6|6|5||
1000014098|5|5|6|9||
1000014126|4|5|5|4|5|
1000014179|4|5|6|6|6|
1000014216|9|8|8|8||
1000014255|4|4|||5|
1000014265|4|5|6|6||
1000014313|4|4||4|6|
1000014323||6|5|||
1000014347||||6|5|
1000014355|6|5|5|6||
1000014372|8|8|8|||
1000014376|6|5|7|5||
1000014390|6|6|5|5|6|
1000014446|4|4|4|4|4|
1000014461|6|6|6|7||
1000014474|5|4||||
1000014482|4|5|4|4|5|
1000014499|5|5|5|||
1000014548|4|||8|8|
1000014550|5|6|6|7|9|
1000014602|4|6|5|5|4|
1000014603|4|4|4|4||
1000014611|6|8|7|10||
1000014626|6||6|6|6|
1000014658|6|6||6|5|
1000014683|5|6|7|6||
1000014685|3|4|4|8||
1000014692|6|5|5|4|5|
1000014701|6|5|6|5||
1000014758|6|5|4|5|5|
1000014780|4|4|5|4|3|
1000014802||7|7|6||
1000014819|5|6|5|6|6|
1000014834|3|4|3|3|3|
1000014838|6|6|7|8|7|
1000014850|5|5|5|6|8|
1000014851|6|6|6|||
1000014916|5|6|8|9|9|
1000014917||6||||
1000014937|||5|6|6|
1000014941|5|4|4||5|
1000014947|4|4|6|6|6|
1000014958||8|7|6|5|
1000014975|6|5|5|5|6|
1000014991|9|5|6|7|6|
1000015007|6||6|9|9|
1000015039|8|||||
1000015083|6|6||6|6|
1000015086|5|5|6|6|6|
1000015095|6|5|5|5|5|
1000015132|4||||4|
1000015140|8|8||||
1000015154|||4|||
1000015174|4|5|5|||
1000015182|8|8|9|||
1000015195|3|7|7|8||
1000015219|4|4|5|4|4|
1000015236|7|8|6|6|5|
1000015355|2|2|2|3|3|
1000015371|6|5|6|6||
1000015373|5|5|5|||
1000015374|6|5|7|6||
1000015380|5|5|5|8|5|
1000015394|||5|4||
1000015403||8|8|||
1000015444|4|4|3|||
1000015457|4|5|4|4|4|
1000015495|6|5|6|5|4|
1000015504|6|5|6|7|6|
1000015510|4|4|4|5|6|
1000015513|5||5|5|6|
1000015515|4|4|4|4||
1000015528|4|||4||
1000015531|6||6|6|6|
1000015538|7|8|8|8||
1000015546|5|5|4|||
1000015572|6|5|4|4||
1000015607|4|4|4|6|5|
1000015642|4|5|5|6||
1000015643|5|4||6||
1000015666|7|6|6|6|6|
1000015669|7|8|7|6|7|
1000015695|5||5|5|5|
1000015711|6|4|4|4||
1000015738|3|4|5|||
1000015756|5|5|5|5|5|
1000015783|6|||||
1000015803|6|5|5|5|4|
1000015818|5|4|5|6|5|
1000015833|7|9||||
1000015842|6||5|7||
1000015849||5|5|5|5|
1000015854|6|5|8|6|6|
1000015856|4|||||
1000015866|8|8|5|5||
1000015913|4|5|5|5|5|
1000015943|4|4|5|5|6|
1000015976|4|4|4|3|3|
1000015989|4|4|4|4|4|
1000016006|4||3|4||
1000016019|4|5|4|4||
1000016045|3|3|3|4|3|
1000016056|4|5|8|8|6|
1000016071|7|8|8|9|8|
1000016090|5|4|4|4||
1000016122|8|8|9|8||
1000016163|6|5|4|5|7|
1000016208|4|4||3||
1000016220|6|5|4|5||
1000016238|6||6|8|8|
1000016252|6|7|6|6|6|
1000016271|5|5|6|7||
1000016292|8|||||
1000016297|8||9|8||
1000016319|5|6||8|7|
1000016338|6|6|9|9|8|
1000016342||||6||
1000016402|6|7|7|6|6|
1000016416|6|5|4|3|4|
1000016418|5|5|4|4|4|
1000016456|4|4|4|5|4|
1000016463|3|4|3|3|3|
1000016465|5|4|4|5||
1000016466|6|5|5|4||
1000016470|8|7|9|5||
1000016478|5|6|6|5|5|
1000016506|6|4|9|||
1000016513|4|4|4|4|4|
1000016515|3||3|4||
1000016516|4|5|4|3|5|
1000016533|6|7|9|9||
1000016566||5|4|4||
1000016607|4|||6|6|
1000016633|4|4|4|4||
1000016639|5|6|4|7|6|
1000016646||8||7||
1000016651||7|6|5|5|
1000016717||9||||
1000016795|6|5|6|5|4|
1000016813|6|7|7|6|6|
1000016829||5|5|||
1000016830|4|4|6|5||
1000016854|5|4|4|||
1000016862|5|4|6|5|6|
1000016877|4|5|5|6|4|
1000016888|5|4|4|4|4|
1000016890|6|7||||
1000016897|2|2|3|3|4|
1000016906|4|6|5|6|5|
1000016920|5|6|6|6|8|
1000016933||8|6|5||
1000016968|4|6|4|4|4|
1000016982|4|4|5|5|5|
1000016996|5|5|5|6|4|
1000017002|4|4|4|||
1000017017|5|4|4|4|4|
1000017022|6||6|6|4|
1000017034|3|3|4|4|5|
1000017036|5|5|5|5|5|
1000017063|7|5|8|10|10|
1000017083|4|5|4|4|4|
1000017089|6|5|5|5|5|
1000017112|8|8|9|||
1000017119|4|4|6|6|8|
1000017121|6|7|6|6||
1000017129|4|4||||
1000017153|5|5|6|||
1000017162|5|5|6|5|6|
1000017164|6|6|5||4|
1000017178|8|10||10|9|
1000017200|5|5|9|10||
1000017272|6|5|6|6|5|
1000017298|5|5|5|6|5|
1000017328|8|7||||
1000017361|9|8||||
1000017362|4|4|3|4|3|
1000017365|5|5||8||
1000017387|4|4|4|4||
1000017402|5|5|4|4||
1000017403|5|6|5|4|4|
1000017407|6|5|5|4|4|
1000017417|5|7|8|6|4|
1000017460|7|7|8|8||
1000017482|5|4|5|6|6|
1000017500|5|5|5|6|6|
1000017509|6|6|10|8|7|
1000017511|9|5|4|4|6|
1000017540|4|4|5|7|6|
1000017551|5|5|8|8|8|
1000017571|4|4|4|4||
1000017598|5|4|6|4|5|
1000017629|5|6|5|4||
1000017671|7|||||
1000017685|5|5|4|4|4|
1000017714|9|||||
1000017721||4|5|4|4|
1000017722||8||6||
1000017731|4|4|4|4||
1000017742|8|6|7|7|6|
1000017753|5|4|4|4||
1000017760|4|5|6|6|6|
1000017770|4|6|5|5|6|
1000017778|2|2|3|3|3|
1000017791|6|7|5|5||
1000017800|6|6|6|6|6|
1000017807||4|3||4|
1000017841|5|8|9|10|7|
1000017869|4|4|4|4||
1000017900|8|||||
1000017901|6|7|8|6|8|
1000017920|6|6|7|7|5|
1000017932|3|5|4|5||
1000017946|||4|4||
1000017963|4|4||5||
1000017965|8|6|7|7|7|
1000017974|4|4|4|5|5|
1000025080|6|5|4|4||
1000017976|8|6|6|8|6|
1000018002|6|7|6|8|8|
1000018038|5|5|5|4|4|
1000018058|4|4|4|4|4|
1000018071|9|8||8|8|
1000018204|8|8|8|8||
1000018225||5||5||
1000018284|8|7||||
1000018286|6|6|8|6||
1000018354|4|3|3|4|4|
1000018357|5|4||||
1000018360|4|4|5|5|6|
1000018364|5|5|6|6|7|
1000018385|8|8|9|||
1000018427|5|||||
1000018440|5|5|5|5|4|
1000018452|5|4|5|5|6|
1000018466|9|||||
1000018473|7|7|7|6|6|
1000018490|5|5|6|5|5|
1000018522||6|5|5|5|
1000018534|8|8||8||
1000018540|6|6||5||
1000018549||5||5||
1000018592|4|4|4|4|4|
1000018600|5|5|5|5|5|
1000018615|5|4|5|6||
1000018616|8|6|7|8|8|
1000018624|5|5|5|6|6|
1000018627|4|4|4|||
1000018657|7|7|6|5||
1000018683|10|6|9|||
1000018692|6|5|6|||
1000018708|5|4|4|6|5|
1000018735|6|5|4|4|4|
1000018745||4||6||
1000018759||8|4|4||
1000018810|8|8|8|6|8|
1000018815|6|7|6|7||
1000018831|6|6|5|5||
1000018849|4|4|4|6|6|
1000018850|6|6|7|6|6|
1000018858|5|5|6|7|8|
1000018897|6|6|6|6|8|
1000018945|5|5|5|5||
1000018985|6|5|4|6|5|
1000018998|6|7|6|7|8|
1000019059|5|5||||
1000019068|5|5|6|5|5|
1000019087|||6|||
1000019095|5|5|8|5|5|
1000019166|7|6|7|9|9|
1000019167||4||5||
1000019170||5|4|5|3|
1000019203|7|5|6|6|5|
1000019205|4|6||||
1000019216|6|6|6|6|6|
1000019220|||6|6||
1000019239|9|8|9|9||
1000019251|6|8|8|9|9|
1000019303|3|4|3|||
1000019309|7|8|7|8|8|
1000019310|7|6|8|7||
1000019355||5|5|5|5|
1000019370|9|9||||
1000019413|8|8|10|||
1000019420|6|6|4|5||
1000019469|6|5|5|6||
1000019487|4|5|5|5||
1000019494|9|||||
1000019517|5|6|5|5|5|
1000019533|7|7|6|7|7|
1000019538|4|3|3|3|2|
1000019559|4|4|4|3|3|
1000019568|8|8|8|7|7|
1000019573|6|6|6|8|8|
1000019588|4|4|5|5|5|
1000019596|4|5|4|4|4|
1000019652|4|4||4|4|
1000019659|8|8|8|9||
1000019680|8|8|8|7|7|
1000019721|5||4|4||
1000019722|6|6|6|6|8|
1000019748|6|6|7|6|6|
1000019751|8|8|8|7||
1000019755|4|4|6|4||
1000019765|5|4|4|4|5|
1000019767|6|6|6|6|5|
1000019813|4|4|5|5|4|
1000019818|6|5|5|6|5|
1000019822|7|9||||
1000019827|4|4||3|3|
1000019835|6|6|7|5|5|
1000019853|4|4|4|4|4|
1000019895|||4|||
1000019914|7|6|6|6|6|
1000019946|4|4|5|4|4|
1000019984|5|5|5|4||
1000020001|6|6|5|||
1000020028|8|6|6|5|5|
1000020054|6|6|5|6|6|
1000020070|5|4|4|4||
1000020074|6||8|10||
1000020082|6|6|6|5|5|
1000020136|3|3|5|5|4|
1000020146|5|5|5|5|5|
1000020162|||5|4||
1000020175|2|2|5|3|3|
1000020179|5|6|5|5|5|
1000020189|4|5|5|5|6|
1000020194|8|6|6|6||
1000020214|4|5|4|||
1000020230|6|7|7|7|7|
1000020236|4|4||4||
1000020269|3||3|4||
1000020275|6|5|6|5||
1000020278|4|5|5|5|5|
1000020285|6|6|6|6|6|
1000020334|8|5|6|6|5|
1000020343|6|6|6|6|6|
1000020384|4|||4||
1000020406||9|9|||
1000020433|8|6|6|6||
1000020446||4||5||
1000020450|6|5|5|5||
1000020460|5||5|5||
1000020470|8|8|9|||
1000020473|6|6|6|6|7|
1000020476|5|4||5|5|
1000020545|4||4|4||
1000020546|6|6|7|6|6|
1000020550||4|5|4|4|
1000020597|5|5|6|5|5|
1000020615|5|6|6|5||
1000020645|6|5|5|7|7|
1000020704||||4||
1000020715||4|4|4|4|
1000020718|6|7|7|6|6|
1000020726|6|6|5|5|5|
1000020730|7|7|8|8|7|
1000020732|5|5|5|5|4|
1000020744|7|6|6|5|5|
1000020810|5|6|5|6||
1000020820|4||4|5||
1000020821|6|5|6|8|8|
1000020838|4|4|4|4||
1000020847|4|5|5|6||
1000020877|8|6|5|||
1000020951|6|5|6|6|7|
1000020962|7|7|6|7|7|
1000020967|6|8|5|5|5|
1000020972|5|4|6|6||
1000020987||5|6|5||
1000021010|6|5|5|6|6|
1000021019|4|3|5|5|5|
1000021028|5|5|5|5||
1000021040|6|6|6|5|5|
1000021053|6|6|7|6|6|
1000021080|6|6|7|8||
1000021096|7|9|7|||
1000021098|6|6|6|6||
1000021102||8|8|8|8|
1000021154|6|6|8|6|6|
1000021164|6|6|6|6||
1000021165|6|8|8|6|6|
1000021204||6|6|5|5|
1000021216|4|4|3|4|5|
1000021218|8|6|7|7|7|
1000021220|8|8|8|8|6|
1000021224|3|3|3|2||
1000021229||4||4|4|
1000021246|8|8|8|8||
1000021264|5|5|4|5|5|
1000021270|4|4|5|5|5|
1000021350|7|8|9|8|9|
1000021370|5||6|6|6|
1000021371|5||5|5|3|
1000021374|6|6|6|6|6|
1000021393|8|8|8|||
1000021394|6|5|5|5||
1000021428|5|6||6|6|
1000021446|5|5||6||
1000021448|6||5|||
1000021467|8|7|6|6|6|
1000021491|5|4|5|5||
1000021494|4|7|6|6|6|
1000021507|9|8|8|10||
1000021524|6|5|5|5|4|
1000021538|4|6|8|8|5|
1000021549||5|4|4||
1000021628|8|6|5|8|8|
1000021643|5|6|5|4|5|
1000021650|6|4|5|4||
1000021668|7|7|9|||
1000021669|5|5|4|4|4|
1000021704|4|5||4||
1000021707|5|5|8|||
1000021719|5|6|6|5|5|
1000021747|5|4|4|4||
1000021752|5|5|4|||
1000021761|9|8|9|8|7|
1000021801|5|5|4|4||
1000021810|5|6|6|5||
1000021832|9|8|9|9|8|
1000021833|5|5|5|5|5|
1000021870|6|6|6|6|6|
1000021872|7|6|8|8|8|
1000021903||6||7||
1000021942|8|6||5|6|
1000021949|5|6||6||
1000021954|4|5|6|6|6|
1000021965|8|8||||
1000021967|4|4|5|5|4|
1000021973|7|7|9|||
1000021977|7|6|8|10||
1000022008|3|4|4|4||
1000022033|6|6|8|7|7|
1000022062|6|5|5|4||
1000022069|6|6|7|7|6|
1000022075|6|6|5|||
1000022124|5||5|5||
1000022129|5|4|4|6|8|
1000022161|7|8|8|9||
1000022166|5|||||
1000022180|3|4|4|4||
1000022184|4||5|||
1000022206|7|7|8|8|9|
1000022209|5|5|6|6|5|
1000022225|6|6|6|6|6|
1000022226|4|4|4|4|4|
1000022236||7||8|8|
1000022254|5|5|6|6|7|
1000022257|5|6|6|6|5|
1000022291|7|6|7|7|6|
1000022298|8|8|8|||
1000022302|7|6|6|5|5|
1000022344|6|8|8|7|8|
1000022345|9|9|10|||
1000022346|5|5|5|6|5|
1000022354|6|6|6|8||
1000022364|4|4|5|5||
1000022380|8|||||
1000022405|4|3|4|4||
1000022408|8|6||6||
1000022477|5|8|8|8|5|
1000022490|6|5|5|4|4|
1000022499|5||4|4|4|
1000022504|8|6|8|10||
1000022534|4|4|4|5|6|
1000022535|5|5|5|5|5|
1000022548|6|6|5|5|6|
1000022553|5|||5||
1000022556|9|9|9|8|8|
1000022581|7|6|6|6||
1000022586|3|3|3|3|5|
1000022589|5|5|8|8||
1000022598|4|4|5|8||
1000022620|6|5|4|5|4|
1000022645|6|10||||
1000022646|7|8|6|5||
1000022669|5||4|6||
1000022684|6|5|6|6|5|
1000022689|5|5|6|6||
1000022694|4|4|8|4|4|
1000022706|4|4|4|3|4|
1000022757||||4||
1000022770|6|5|6|6|6|
1000022815|5|||||
1000022819|5|5|5|6|5|
1000022855|4|5|4|4||
1000022871|4|4|4|5||
1000022875|5|5||4|5|
1000022909|||6|5|5|
1000022914|6|6|6|||
1000022932|7|8|6|6|6|
1000022940|5|5|4|5||
1000022966|4|4|5|5|4|
1000023064|5|4|5|4||
1000023076|5|5|6|4||
1000023123|6|8|4|6|8|
1000023128||6|7|8|8|
1000023137||4||4||
1000023165|5|5||6||
1000023186|4|6|6|5||
1000023188|9|||||
1000023195|5|6|7|8||
1000023212|7|8|9|10||
1000023239|4|4|4|4|4|
1000023278|5|6|6|6|6|
1000023327|6|5|5|6||
1000023349|5|5||8||
1000023369|6|5|4|4|5|
1000023389|4|4||5||
1000023423|4|4|6|6||
1000023444|5|6|6|6||
1000023467|5|5|6|6|6|
1000023468|4|4|6|4|5|
1000023481|4|4|4||4|
1000023508|5|6|7|6|5|
1000023517|4|4|4|3|4|
1000023521|8||8|||
1000023526|5|6|6|7|7|
1000023537|6|5|5|5|5|
1000023538|5|5|5|6|4|
1000023550|4|4|4|3||
1000023551|||7|6||
1000023628|5|6|6|6||
1000023646|5|4|4|3|4|
1000023648|5|5|6|6|7|
1000023668||4||6|6|
1000023670|8|9|10|9||
1000023675|5|4|5|4|5|
1000023750|||3|4|3|
1000023772|4|5|4|4||
1000023774|8|8|6|8|9|
1000023783|5|5||||
1000023788|4|4|4|5|5|
1000023802|4|||||
1000023836|4|||6||
1000023860|6|6|5|6||
1000023876|6|6|6|7|7|
1000023888|8|9|8|7|8|
1000023893|6|7|8|7|8|
1000023929|6|6|6|6|7|
1000023959||9||||
1000023974|4|4|4|4|4|
1000024007|3|3|3|5||
1000024038|4||4|4||
1000024050|4|5|5|4||
1000024067|4|4|5|5||
1000024140|6|5|6|||
1000024144|9|8|10|||
1000024168|8|8|7|7||
1000024203|6|6|5|5|5|
1000024205|6|5|7||6|
1000024217|6|8||||
1000024235|8|||||
1000024239|6|5|7|7|7|
1000024272||5||||
1000024274|6|5|8|6||
1000024280|6|5|8|6||
1000024306|4|4|3|3||
1000024316|8|5|5|||
1000024345|4|4|4|4||
1000024359|8|7|7|6|6|
1000024396|6|6|6|5|6|
1000024398||5|6|6||
1000024447|4|4|5|6|5|
1000024526|9|||||
1000024576|5|4|4|4||
1000024591|8|6||||
1000024595|4|5|5|5|5|
1000024600|5|5|4|3||
1000024611||6|5|4||
1000024624|5|5|5|4|4|
1000024627|8|8|8|6||
1000024632|6|6|4|4||
1000024637|5|4|6|4|5|
1000024693|6|6|8|7|8|
1000024729|3|3||||
1000024745|5|6|6|5|6|
1000024772|5|5|6|||
1000024820|6|||6||
1000024950|7|7|9|||
1000025174|7|6|7|7|8|
1000026213|5|5|5|7|8|
1000012120|||6|6||
1000025432||4|4|||
1000025434|5|5|5|||
1000025781||4|4|6||
1000012097|||5|5||
1000005509|5|6|6|5|6|
1000021696|6|6|5|5||
1000026458|4|4|4|4|4|
1000013237|8|10||||
1000025672|6|6|6|6||
1000025136|4|||5|3|
1000018715|8|7|7|6|6|
1000025400|6|9||||
1000011298|5|5|5|||
1000010664|5|5|6|6||
1000025272||4|4|||
1000025274|8|||||
1000024714|6|6|7|8||
1000013129|5||5|||
1000025793|7|5||||
1000013481|6|5|5|4||
1000026032|9|9|9|9||
1000018095|4|4|4|4||
1000015273|5|5|5|8||
1000008692|4|5|4|4||
1000021826||5|6|6|6|
1000026431|6|7|5|5||
1000020866|5|5|4|3|6|
1000020868||8|7|6||
1000005362|8|8|8|8||
1000026540|5|4|4|5|4|
1000024749|4|4|4|4||
1000021307|7|9|9|||
1000025701|5|5|6|||
1000025705|4|6|8|6||
1000010651|6|6||||
1000025597|10|||||
1000013847|6|8|9|7||
1000007852|5|6|8|7|7|
1000026330|8|9|9|5||
1000025055|8|||||
1000015333|5|6|6|6|5|
1000026024|8||5|6||
1000008699|8|9|10|10||
1000008702||6|5|4||
1000025323|6||5|5||
1000005300|2|||||
1000011408|5||6|5||
1000021646|5|6||5||
1000015408|4|5|5|4|4|
1000025375|6|4|4|||
1000025381|6||5|4|4|
1000010815|8|8||||
1000005405|5|6|8|8|7|
1000025336|8||10|10||
1000009066|8|5|6|8||
1000025843|6|5|5|5|5|
1000024833|6|4||3||
1000005478||4||4|4|
1000025297|8|8|8|8||
1000005291|2|4|6|6||
1000025200|7|8|7|7|7|
1000018160|8|8|6|4|4|
1000025886|9|9|9|10|9|
1000025887|7|9|9|8|8|
1000020999|4|4|4|4|4|
1000006768|4|4|5|4||
1000009958|4|5||5||
1000022351|3|4|4|6|6|
1000012234|6|7|8|7|8|
1000025877|7|8||6|6|
1000019692|4|4|4|6||
1000013855|6|6|6|6||
1000005435|8|||||
1000007033|4|5|5|5||
1000027357|8||10|||
1000027358|9|9|9|||
1000008921|6|4|9|||
1000024251|6|4|4|5|5|
1000021626|4|6|5|5|5|
1000012447|5|7|7|6|6|
1000025478|8|6|9|||
1000025734|8|||4||
1000025281|4|4|4|4||
1000026181|6|6|6|5|6|
1000023821|10|||||
1000026285|5|6||||
1000026297|||5|5||
1000027210|5|6|5|5|5|
1000026658|4|6|4|5||
1000026659|6|5|5|6|6|
1000026098|5|6|6|5|5|
1000025545|5||4|3||
1000018143||5|5|5|4|
1000027272|6|6|6|5||
1000005369|5|5|8|8||
1000020894|5|5|5|5|4|
1000026636|||8|9||
1000025117|5|6||6||
1000025724|3|3|3|||
1000013162|6|6|5|5|4|
1000026246||5|4|4||
1000025357|7|9|8|8||
1000025248|7|8|8|8|8|
1000008920|5|6|6|6||
1000013753|8|7|8|8||
1000026264|6|6|7|6|6|
1000015615|4|6|5|6||
1000026559|7|8|9|9||
1000025456|5|5|5|7|8|
1000025660|4|6|6|6||
1000013992|5|8|7|8||
1000011914|5|5|6|9|6|
1000026107|4|8|8|8|8|
1000023296|||6|5||
1000023298||5|4|4||
1000025416|5|4||4||
1000025419|6|5|7|6|6|
1000005564|6|6||5||
1000008371|5|5|5|5|5|
1000008378||5||||
1000025152|3|3|3|3|2|
1000025448|7|7|8|8|7|
1000026589|6|6|6|5|7|
1000021497|6|5|5|5||
1000025004|5|7|8|||
1000021383|8|8|7|7|6|
1000024734|5|5|5|6||
1000019260|6|||5||
1000005262|10|||||
1000024895|3|3|5|4|4|
1000027499|6|6|6|8||
1000028305|4|6|6|6||
1000028262|6|6|6|8||
1000026523|9|8|8|10||
1000027702|7|9||||
1000027541||5|5|5||
1000027327|4|6|5|7|7|
1000026351|8|8|7|7|6|
1000022044|4|5|6|5|5|
1000015727|||7|5||
1000025288|6|6|6|5|5|
1000025289|3|4|3|4|3|
1000025924|8|||||
1000026843|8|8|7|8|8|
1000026260|7|7|6|6|6|
1000027169|6|5|5|5|5|
1000028187|6|6|8|||
1000027907|6|5||||
1000026221|6|8|5|5|5|
1000026224|||4|||
1000016654|6|7|6|8|8|
1000018148|10|8||||
1000026122|7|6|6|7|6|
1000027989|5|5|5|4|4|
1000025582|8|7|8|6|8|
1000021007|8|4|4|4||
1000024084|4|4||4|4|
1000027025|6|6|8|9||
1000027042|7|8|9|8|7|
1000027761|5||6|6|6|
1000027574|8|7|10|||
1000025908|6|7|6|6|6|
1000027888|5|6|6|6|7|
1000025015|6||6|7|6|
1000027008|5||6|4|4|
1000027009||4|4|4|4|
1000007339||8|8|6|7|
1000027213|6|5|5|6|5|
1000027214|6|6|5|5|5|
1000024321|6|5|5|5|5|
1000028046|8|||||
1000028047||6|6|7|6|
1000026859|6|7|9|8||
1000026635|5|5|4|5|6|
1000028711|6|5|8|8||
1000013181|4|4||4||
1000027385|4|3|3|4||
1000026934||3||4||
1000028160|6|5|5|5|5|
1000027403|7|8|||9|
1000028405|8|8|7|||
1000027719|6|7|6|6||
1000027123|||6|8|7|
1000027127|4|4|4|4||
1000005543|8|8|6|6|5|
1000027187|4|4||4||
1000027188|5||8|7|7|
1000027735||4|5||6|
1000026899|4|4|5|5||
1000028495|4|5|6|6||
1000028496|4|4|5|9|9|
1000026663|6|6|7|6|6|
1000028468||||4|6|
1000028242|5|5|5|6|6|
1000027310|4|4|5|6||
1000027141|8|8|8|8|8|
1000025214|4|4|5|5||
1000028827||7|9|8||
1000026076|4|6|8|8|6|
1000029274||5|4|5||
1000029356|4|5|8|6|5|
1000028202|8|6|9|8|8|
1000028927|8|6|6|6||
1000027902|6|7|7|7|8|
1000029172|8|8|6|4|7|
1000029209|4|5|4|5|6|
1000028899|5|7|5|6|6|
1000025881|6|6|6|5|4|
1000000015|4|3|4|4|3|
1000028377|3|3|3|4|5|
1000027282|6|6|6|8||
1000027285|5|5|6|6|7|
1000025796|4|6|5|5||
1000025552|6|7|8|6||
1000027826|3|3|3|3|5|
1000026724|6|6|8|8|7|
1000028933|6|7|6|8|8|
1000020909|5||4|||
1000029802|5|4|4|4|7|
1000029755|6|6|6|5||
1000028350|8|6|6|9||
1000028352||6|5|8||
1000005469|7|8|9|8|7|
1000027420|5|6|6|6|6|
1000027421|5|6|8|||
1000027488|6|5|5||5|
1000027076|6|5||5|5|
1000019278|6|6|6|6|6|
1000025769|5|||5||
1000029256|7|5||4||
1000028984|6|8|5|||
1000029675|8|7|8|6|4|
1000028420|6|6|7|8|7|
1000028422|4|6|4|6|6|
1000027515|8|6|8|9|9|
1000026849|7|6|6|6|6|
1000027622|6|6|8|8|8|
1000022605||6||8||
1000022610|6|6|5|5|5|
1000027165||6|6|6||
1000025306|5|6|5|5||
1000028670|9|8|8|10||
1000027774|9|8|10|||
1000026186|8|4|3|6|5|
1000027956|8|8|8|9||
1000030091|9|8|7|6|6|
1000025383|4|5|4|4|4|
1000025855|7|6|7|6||
1000028333|6|6|5|5|5|
1000028753||6|6|6|6|
1000025822|6|5|8|7|6|
1000028772|7|6|6|6|7|
1000029312||9|8|||
1000027352|10|10||||
1000027057|4|4|4|4||
1000028310|6|7|8|7|7|
1000027984|4|5|6|||
1000027986|5|5|4|4||
1000027018|5|6|5|5|5|
1000027939|8|8|8|8|8|
1000026747|5|4|6|5||
1000007876|5||6|5|5|
1000027786|8|8|9|10|8|
1000028690||6||||
1000028693|6||4|5|6|
1000025709|8|8|8|10||
1000025710|5||8|||
1000030574|4||6|6||
1000030576|8|8|6|6||
1000029894|9|10||||
1000029865|8|9|7|6|6|
1000031009|4|6|4|6|7|
1000030476|5|4|5|5|5|
1000030655|6||8|8|6|
1000029442|6|7|6|9|10|
1000029910|5|10||||
1000031277||5|5|5|5|
1000030823|5|5|6|4|4|
1000029646|6|6|8|9||
1000028408|8|8|8|||
1000029178||4|5|6||
1000031120|6||6|8|8|
1000029546|6|7|8|8|5|
1000029273|4|4|4|4||
1000028918|4|6|9|8|9|
1000028919|5|3||||
1000028921|8||7|8||
1000026702|4|4|4|4||
1000030785|4|5|8|8|8|
1000025341|5|6|6|7||
1000031301|||7|7||
1000029913||4|3||5|
1000026216|8|||||
1000027322|10|||||
1000030352||5|8|8|8|
1000029156|6|7|6|9|9|
1000029157|5|6|5|6||
1000030643|5|5|5|4|4|
1000025700||8|8|8|8|
1000030632|6|6|6|||
1000028345|6|8|8|8|8|
1000030855||10|8|7||
1000030856|5|5|7|7||
1000030886|5|10|9|8|8|
1000029118|9|9||||
1000029772|6|7|9|9||
1000026946|4||5|6|8|
1000028645|5||6|||
1000029612||||4||
1000030411|4|5|5|5|5|
1000029088||5|6|6||
1000030134|3|2|5|6|5|
1000028219|6|6|5|7|8|
1000029198||4|4|5|5|
1000029817|4|4|4|||
1000030224|6|6|6|6|7|
1000030308|4|6|4|6|6|
1000030309|6|5|5|5|6|
1000030109|6|8|6|7||
1000030097|||7|8|9|
1000029844|8|7|10|10||
1000009707|4|5|5|5||
1000009708||4||4||
1000029516|||9|9|9|
1000027552|5|5|7|6||
1000030002|6|6||6||
1000030620|9|10|10|10|10|
1000030011|4|6||||
1000028270|6|6|7|||
1000025725|5|6||||
1000028980|8|5|8|6|8|
1000028981||4|4|5||
1000030199|4|5|6|6|8|
1000030200||5|6|8|8|
1000027397|6|8|8|6|7|
1000030363|5|6|5|5|5|
1000026193|4|4|3|3|3|
1000029830|6|6|5|6|5|
1000030384|5|5|6|6|6|
1000027533|6|5|6|5||
1000027538|6|6|6|6|6|
1000030285|9|6|5|4||
1000025329|7|8|8|8|8|
1000028843|6|6|5|7|6|
1000029797|6|10||||
1000028949|5|4||6||
1000028096|8|8|7|7||
1000029020|5|4|8|7|6|
1000029096|8|8|9|9|9|
1000029099|6|9|10|||
1000029400|5|6|8|6|7|
1000027724|3|4||||
1000031019||6|6|7||
1000028357||6|6|6||
1000028360|6|5|8|8|9|
1000031536|6|5|6|6|5|
1000028858|8|6|6|6|6|
1000030162|6|6|5|4||
1000030911|7|6|7|6|6|
1000029768|5|8|8|6||
1000030954|5|8|8|7||
1000031270|||6|6||
1000030972|8||8|6||
1000031201|5|5|6|7|6|
1000031202||6||||
1000030465|7|7|5|5|5|
1000001152|5|5||5||
1000031744||8|8|4||
1000030557|5|5|5|||
1000030558|6|||6||
1000030790|5|4|6|6|6|
1000030472|||8|8||
1000030378|9|||||
1000031646|||9|9||
1000031649||10||||
1000031482||8|8|7||
1000031483||4|3|3|3|
1000001168|4|5|8|9|9|
1000030354|5|6|6|6||
1000030356|6|5|5|6||
1000005236||5|8|7||
1000004463|3|3|4|3|4|
1000001039|4|4|4|4||
1000018262|5|5||5|5|
1000030749|6|||||
1000030446|4|||6||
1000001185|6|8|10|10|9|
1000028790|6|6|5|6|6|
1000030685|4|4|4|||
1000001236|3|3|3|3||
1000016128|6|8|8|9|9|
1000012325|5|4|5|5|4|
1000028300|||4|4|3|
1000005403||5||6||
1000005103|9|8|9|10||
1000028368|4|5|6|4||
1000031441||6|9|||
1000031444||7|6|7|7|
1000021664|9|10|9|9|10|
1000015335||6||||
1000028890|4|4|7|8||
1000001327|9|8|10|||
1000030243|4|4|5|5|5|
1000026088|9|8|8|||
1000028471|4|6|6|6|6|
1000031379||8|7|6||
1000004691|10|||||
1000028526||7||7||
1000004693|5|5|5|||
1000017957|5||5|5||
1000028625|5|6|7|10||
1000019340|5|3|4|3||
1000016664|5|5|5|5||
1000007349|6|6|5|7|8|
1000029525|6|8|9|8|8|
1000007343|7|6|6|9|9|
1000031567||8||||
1000005463|7|5|6|8||
1000004486|4|3|4|3|3|
1000018430|4|5|5|5|5|
1000029869|9|8|6|8|6|
1000029874|5|6|7|8|9|
1000019728|5|6|6|5||
1000031045|6|8||||
1000031048|6|7|7|8|6|
1000020784|6|6|8|6|5|
1000021630||||5||
1000004852|7|9||||
1000004854||6|5|5||
1000022800|9|10||||
1000013297|5|5|6|6|6|
1000030874|6|5|||6|
1000022077|4|4|6|||
1000013238|6|6|6|5|5|
1000003960|7|8|8|6||
1000031192|||5|5|6|
1000022784|5|5|5|4|4|
1000021253|||4|5||
1000003974|4|7||9|9|
1000004873|7|6|5|8|8|
1000015186|5|6|||6|
1000011476|6|||||
1000005460|4||4|4|4|
1000011453||8|8|||
1000000396|5|6|8|6|6|
1000025362|4|4|4|4|4|
1000011449|4|4|5|5|5|
1000030665|5|5|5|5|6|
1000006514||4||4|4|
1000005194|5|5|6|6|6|
1000015022|6|6|5|6|7|
1000004760|6|7|8|||
1000004931|4|4|5|5|4|
1000004966||5|5|7|8|
1000004245|8|6|8|8|7|
1000004771|5|4|6|6|6|
1000004319||||6||
1000027367|9|9|10|10||
1000023791|5|6|6|||
1000004372||6|6|5||
1000015080|5||5|5||
1000020757|6|6||||
1000015029|5|5|5|5|4|
1000015043|6|4|4|4|4|
1000028388|5|6|6|6|6|
1000028390|||4|||
1000025849|5|9||||
1000007256|6|5|5|4|4|
1000007259|5|6|5|6|5|
1000017931|6|5|5|5||
1000004786|5|4|4|5|4|
1000005106||8|8|5|5|
1000006560|5||4|||
1000017997|6|6|7|7|7|
1000005015|4|5||6|5|
1000004744|2|3|3|3|3|
1000006674|7|9|8|7||
1000015134||||4||
1000031415||5|4|7|6|
1000031148|4|6|7|7|7|
1000011703|4|5|4|5|6|
1000032004|||||6|
1000011815|5|4|4|4|4|
1000028539||8||10||
1000011588|4|5|6|7|6|
1000011927|5|6|5|6||
1000011678|5|4|4|4|4|
1000026356|6||7|7|8|
1000011795|7|5|6|6|6|
1000011615|4|4|4|5|5|
1000030297|8|8|8|6|6|
1000031938|||6|7|7|
1000011758|3|4||||
1000011740|5|5|4|4|4|
1000011579|4|4|4|3||
1000031266|||5|7||
1000031054|7|6|6|6||
1000029414|8|8|7|9|9|
1000028574||8||||
1000030847|6|8|7|8|9|
1000031333||4|7|8|7|
1000031547||6|6|6||
1000027863|6|6|9|8|8|
1000031502|8|9|8|10||
1000031504||9|8|9||
1000028481|5||8|8|8|
1000027930|4|5|6|6|6|
1000031573|||5|5||
1000030895||||4|5|
1000029447|5|5|5|6||
1000028175|||8|9||
1000031554||8|9|||
1000029932|4|5||5|6|
1000029778|7|9||||
1000031103|5|5|4|6|6|
1000028328|6|6|||5|
1000026827|6||7|6|6|
1000031872|||4||4|
1000029341|4|5|4|4||
1000029343||7|8|7|6|
1000031112|||3|4||
1000030718|8||4|3|4|
1000031927|||9|9||
1000030995|5|5|6|5|5|
1000028708|6||8|7||
1000028668|8|7|7|9|8|
1000030760||5|4|||
1000030769||5||4||
1000031489||6|6|||
1000030926|||8|8||
1000031848|||9|9|9|
1000029352|5||5|7|6|
1000031183|7|8|6|8|8|
1000030980|8|9|9|9||
1000030981|6|7|8|6||
1000031225||10||||
1000007182|||6|6||
1000007184|4|4|4|4||
1000009189|6|6|6|8||
1000007897|2|2|2|2|2|
1000007608|8|7|7|6|6|
1000007103|5|5|5|5||
1000005905|4|4||5|4|
1000008511||6|6|8|8|
1000008981||6||6||
1000008023||2|3|3|4|
1000007513|5|7|5|4|4|
1000005935|5|4||4|4|
1000008765|7|7|8|7|7|
1000008488|3|4|3|5|5|
1000006888||3||||
1000009643|3|4|4|4||
1000006922|6|4|4|||
1000006907|4||3|4|4|
1000009510|8|8|7|8|8|
1000007575|5|6|6|6|5|
1000009404|5||4|5||
1000009144|5|6|6|6|6|
1000006850|9|9|7|6|4|
1000007562|4|4|4|6|4|
1000005921|6|7|6|8||
1000009619|3|3|3|4|3|
1000008726|5|4|5|5|5|
1000031724|||6|6|8|
1000010231|6|5|5|5|5|
1000007005||5||||
1000010542|6|6|6|7|8|
1000008215|5|4|4|4|4|
1000006993|3|4||3||
1000031690||9|5|7|5|
1000009800||5|5|5||
1000024544|6|5|6|8||
1000009788|8|7|8|7|8|
1000024230|6|6|6|7|7|
1000031761||8|9||8|
1000024045|4|6|4|5||
1000008301|9|||||
1000009874|5|6|6|5|5|
1000006999|5|6|6|6|6|
1000026211|4|5|8|9|9|
1000009903|5|5|5|6||
1000008207|5|5|6|7|8|
1000024114|5|5|6|5|5|
1000009300|4|4|4|4||
1000010551|5|5|6|||
1000030868|8|7|8|9|10|
1000010239|4|4|4|4|3|
1000008249|4|4|4|||
1000008250|6|5|6|6|6|
1000031875|||5|8||
1000031877||||6||
1000027816|5|5|5|6|6|
1000028662||3||3||
1000029568|5|||4||
1000030515||5|6|6|6|
1000030516||10|10|||
1000030517|6|6|8|6|6|
1000006901|7|8||6|6|
1000027692||6|6|6|6|
1000027693|4|4|5|6||
1000026873||5|5|4||
1000024875|6|||8||
1000028685|6|9|9|10||
1000029661|6|4|8|9|8|
1000008550|5|5|5|6|5|
1000031643||7|5|4||
1000028969|8|6||||
1000010475|6|6|9|9|9|
1000029193|6||7|||
1000031732||4|4|3|4|
1000026986|6|7|6|5|6|
1000024630|7|8|7|7|7|
1000027102|5|5|5|5|5|
1000005670|7|7|7|7|7|
1000029899|5|4|4|4|4|
1000027199|8|8|8|9||
1000027200|6|8|8|10|9|
1000027665|6|6||6||
1000027426|6|6|7|6|6|
1000027674|4||6|6||
1000028547|8|8|6|8|9|
1000028923|5|5||5|5|
1000027467|||5|8|6|
1000010365|5|5|5|||
1000007802|6|6|6|6|6|
1000010196|5|8|8|8|8|
1000010197|10|10|9|||
1000009831|6|9||||
1000010092|6|6|8|6|6|
1000010084|5|||6||
1000024139|4|5|4|||
1000024333|5|4||4|4|
1000024334|8|||||
1000024134|6|6|6|7|6|
1000024266||5|5|5||
1000010521|6|6|7|7|6|
1000010140|5|6|9|8|8|
1000010132|7|7|7|6|6|
1000010408|6|6|6|6|6|
1000009273||6|4|3|3|
1000010296|||7|||
1000009284|8|9||||
1000009286|8|8|7|8|7|
1000010118|4|4|6||5|
1000008609|5|4|4|5||
1000024438|6|6|6||5|
1000032053||||8|9|
1000015242|6|9|10|10|10|
1000029798||||7||
1000029799|5|4|4|5|5|
1000030700||4|4|4|3|
1000031769|5|8|5|4|3|
1000006622|4||4|||
1000030696|4|5|6|6|6|
1000030697||||8|8|
1000030525|4|5|5|5||
1000031948||||8|9|
1000004959|2|5|5|5|6|
1000013064|5|5||4||
1000004836|4|4|4|4|4|
1000031908|||||5|
1000006652|9|10||||
1000006654|7|5|6|7|7|
1000032113|||||6|
1000004984|7|8|9|10|10|
1000005084|6|6|6|7|7|
1000027441|5|8|8|7|7|
1000004985||10||||
1000028558||5|6|||
1000005039|9|9|9|9|9|
1000004999|5|5|4|4||
1000005002|7|7|5|6|6|
1000026361|8|8|10|9||
1000027948||7|7|6|6|
1000031863|||5|5|7|
1000005068|5|6|8|7|6|
1000026626|6|6|6|8||
1000032079||||6||
1000032044|||6|9||
1000029713|4|3|3|4|4|
1000009577|4|5|6|6||
1000031706||7|8|9||
1000031856|||8|6||
1000009744|7|7|7|6|6|
1000031957||||8||
1000032105|7|6|5|4|4|
1000032068||||8|6|
1000018045|5|5|6|9|8|
1000018047|5|5|6|9||
1000006690|10|10||||
1000005124|4|3|3|3||
1000032001|7|5|6|5||
1000032003||5|4|4|4|
1000031457|||8|6|8|
1000009961|8|5|6|6|6|
1000030426|8|8|10|7||
1000030560|5|10||||
1000028503|6|8|8|8|8|
1000027494|6|7|6|6||
1000029729|8|6|6|6|6|
1000000034|6|5|6|6|6|
1000000046|5|4|4|4|5|
1000000089|5|5|5|5|4|
1000000104|4|5|6|5|7|
1000000109|4|||||
1000000110|5|5|9|9|6|
1000000112|3|4|3|3|3|
1000000116|5|5|4|5|5|
1000000131|4|4|4|6|5|
1000000144|4|5|6|6|6|
1000000145|6|6|6|6|5|
1000000149|5|5|6|5|6|
1000000162|5|6||6|6|
1000000176|4|3|3|3|3|
1000000188|6|4|3|3|4|
1000000208|4|4|4|4||
1000000215|5|5|4|4|4|
1000000228|3|3|3|4|4|
1000000246|3|3|3|4|4|
1000000253|4|||||
1000000275|5|5|5|6||
1000000311|5|5|5|5||
1000000329|7|8|6|5|4|
1000000387|5|5|6|6|5|
1000000404|5|4|4|4|4|
1000000411|4|4|3|3|3|
1000000432|4|4|4|4|5|
1000000440|3|4|5|4|4|
1000000441|2|2|2|2|2|
1000000460|5|4|4|6|7|
1000000470|8|||||
1000000482|4|4|5|4|5|
1000000498|4|4|4|5|5|
1000000503|3|3|4|4|4|
1000000514|||8|8|8|
1000000523|3|3|3|4|3|
1000000534|4|5|4|4|5|
1000000537|6|5|6|6|8|
1000000540|5|6|6|5|6|
1000000543|2|2|2|2|2|
1000000567|6|6|6|5|5|
1000000577|4|4|4|4||
1000000583|3|4|4|4|4|
1000000589||3||3|2|
1000000643|6|6|5|5|4|
1000000645|||9|||
1000000667|3|2|3|3||
1000000683|3|3|3|3|3|
1000000693|6|5|6|8|8|
1000000694|4|4|4|4||
1000000758|8|6|7|||
1000000777|3|3|3|3|4|
1000000783|8|9|9|6|8|
1000000787|5|4|5|5|5|
1000000800||4|4|6|5|
1000000809|4|3|4|3|4|
1000000828|4|4|4|5|5|
1000000897|7|7|8|||
1000000898|4|5|5|5|6|
1000000904|4|5|6|4|4|
1000000919|5|4|6|6|5|
1000000949|3|4|4|4|4|
1000000954|5|5|5|5||
1000000955|4|4|4|4|4|
1000001020|5|5|4|4|4|
1000001064|6|6|6|6|5|
1000001066|6|6|7|8|6|
1000001076|5|5||8||
1000001107|6|7|8|||
1000001206||||7||
1000001213|8|6|7|6|6|
1000001241|8|6|6|6|6|
1000001325|3|3|4|4|3|
1000001341||||6|5|
1000001356|4|||4||
1000001394|4|5|5|6|6|
1000001434|4|5||5||
1000001456|8|8|8|8|7|
1000001464|4|4|3|4|4|
1000001476|3|3|3|3|3|
1000001477|5|6|7|6|6|
1000001478|6|6|5|5|4|
1000001509|5|4|5|4|4|
1000001535|5||6|5|4|
1000001537|5|5|5|||
1000001560|6|6|5|5|5|
1000001588||6||||
1000001599|3|3|3|4|4|
1000001614|3|4|4|3||
1000001624|8||8|||
1000001645|4|4|4|4|4|
1000001657||5||4||
1000001662|4|5|3|3|5|
1000001674||4|5|4|5|
1000001675|3||3|3||
1000001685||6||7||
1000001693|6|6|6|6||
1000001700|3|4|4|4|4|
1000001715|8|8|6|6|5|
1000001732|6|5|5|7|6|
1000001755|5|5|4|4|4|
1000001765|5|4||||
1000001774|4|4|5|5|5|
1000001775||4||4|7|
1000001793|6|5|5|6|5|
1000001800|9|8|6|6|6|
1000001812|3|4|4|4||
1000001827|5|5|8|8||
1000001836|5|4|6|||
1000001849|||7|8|8|
1000001857|4|4||||
1000001888|5|5|5|6|5|
1000001948|4|4|6|6|8|
1000001979|3|3|3|4|5|
1000001992|3|3|3|3|3|
1000001995|8|8||||
1000002002||6|4|5|5|
1000002023|5|6|5|5|6|
1000002037|5|4|4|3|4|
1000002041|5||6||5|
1000002092|6|5|5|8|7|
1000002094|6|4|5|5|5|
1000002159|8|8|8|8||
1000002168||4|4|4|4|
1000002198|3|3|3|3||
1000002217|4|||||
1000002231|6|5|8|7|8|
1000002242|5|6|8|8||
1000002244|||5|5|4|
1000002255|5|4|5|5||
1000002262|3|3|3|3|3|
1000002270||5|5|5|6|
1000002276|7|8|7|7|7|
1000002280|6|6|6|9|9|
1000002303||||4||
1000002329|5|5|5|6||
1000002331|7|8|7|7|6|
1000002340|6|7|7|8|8|
1000002360||5|4|4|4|
1000002369|9|||||
1000002385|6|6|6|6|6|
1000002399|3|4|4|3|4|
1000002408|4|8|9|7|6|
1000002423|8||9|||
1000002450|6|5||||
1000002476||6|8|9||
1000002492|5|5|5|8|5|
1000002493|6|6|6|6|6|
1000002515|5|7||6||
1000002535|8|8|8|8||
1000002549|6|5|6|6||
1000002566|||6|||
1000002569||5|6|8||
1000002598|6|6|6|6|6|
1000002602|2|2|3|3|3|
1000002605|8|7|7|6|8|
1000002606||||6||
1000002619|8|8|6|6|7|
1000002621|6|6|8|9||
1000002641|3|3|4|4||
1000002661|3|4|5|5|4|
1000002663|4|7|7|6|7|
1000002665|8||5|8|8|
1000002671|4|4|4|4||
1000002685|5|5|5|||
1000002705|7|8|8|7|7|
1000002756|5|4|5|5|5|
1000002760|5|4|5|6|4|
1000002776|4|4|5|4|5|
1000002778|3|3|3|4|5|
1000002779|4|5|5|4||
1000002797|7|8|8|6|6|
1000002801|4|4||4||
1000002827|4|4|4|5|4|
1000002849|6|5|7|7|7|
1000002867|6|7|6|4||
1000002892|5||6|6|5|
1000002911|2|2|2|2|2|
1000002915|4|3|3|3|3|
1000002960|8|8||8||
1000002987|3|5|4|4|4|
1000002996||3||5||
1000002998|9|9|9|9|10|
1000003004|4||4|4|3|
1000003029|5|3|4|4|4|
1000003098|4|4|5|5|5|
1000003109|4||3|4||
1000003120|6|9|8|8||
1000003134||||6|5|
1000003158|6|6|7|6|6|
1000003211|5|7|7|8|8|
1000003216|6|7|6|6|8|
1000003219|6|6|6|6||
1000003221|6|5|5|4|5|
1000003234||||5||
1000003239|5|4|5|5|5|
1000003253|5|||||
1000003257|3|4|4|4|3|
1000003271|7|9|8|8|9|
1000003282||4|4|4||
1000003303|6|5|6|5|6|
1000003304|10||||8|
1000003356|6|7|7|8|7|
1000003361|5|5|6|5|5|
1000003369|2|3|3|2|2|
1000003406|3|4|4|3|3|
1000003408|6|7|6|6|6|
1000003414|4|4|4|5|5|
1000003415|6|7|10|10||
1000003416|5|4|4|4||
1000003423|4|5|||6|
1000003446|6|5|5|5||
1000003486|6|5|7|5||
1000003500|||5|5|6|
1000003511|3|3|4|4|3|
1000003513|4|4||4||
1000003541||||3||
1000003548|6|6|9|8|5|
1000003563|4|4|4|3|3|
1000003572|9|||||
1000003577|4|8|9|9|9|
1000003584|6|5|6|5|5|
1000003586|3|3|3|3|3|
1000003601|3|4|4|5||
1000003602|4|4|5|6|6|
1000003611|||||5|
1000003617|4|5|4|4|3|
1000003620|6|6|10|||
1000003632|6|6|6|6|6|
1000003637|5|5|6|5|5|
1000003673|6|6||||
1000003687|4||3|4|7|
1000003699||6|6|8|7|
1000003703|||6|6||
1000003713|7|6|6|6|6|
1000003717|4|5|5|5|5|
1000003726|6|8|6|5||
1000003735|4||4|4||
1000003743|||6|6|6|
1000003747||7||||
1000003788|6|7|8|7||
1000003803|||6|8|7|
1000003816|6|8|7|6|7|
1000003820|4|4|4|4|3|
1000003826|4|4|5|5|5|
1000003853|4|4|4|||
1000003879||4|5|||
1000003886|6|4|5|6|5|
1000003916|5|5||4||
1000003919|5|||||
1000003946|4|3|3|3|4|
1000003984|5|5|5|6|5|
1000003995|4|3|4|4|4|
1000004006|7|9|8|8||
1000004007|5|5|5|5||
1000004020|6|5|6|6||
1000004080|6|7||7|7|
1000004084||5|6|6|9|
1000004089|4|7|6|8|8|
1000004100||4|5|4|4|
1000004117|5|5|9|9|9|
1000004121|7|8||9||
1000004139|8|6|9|9|8|
1000004144|4||5|5|5|
1000004181||4|4|5|5|
1000004184|5|7|7|7||
1000004233|8|5|8|6||
1000004259|7|5|6|6|6|
1000004262|7|8|9|9||
1000004263|6|6|6|||
1000004267|7|7|7|5|5|
1000004268|8|7|7|7|6|
1000004271|6|8|8|8|7|
1000004283|7||5|6||
1000004313||6|5|6||
1000004326|6|5|7|6|6|
1000004346||3|5|6|5|
1000004357|4|5||8||
1000004360|6|6|6|9|6|
1000004383|8|3|3|3||
1000004384|6|6|8|6|8|
1000004390|7|8|7|6||
1000004421||||5||
1000004422|4||4|4|4|
1000004454||6|6|6|7|
1000004461|5||7|6|6|
1000004467||4|4|5|5|
1000004496|5|6|8|7||
1000004501|5||5|5|5|
1000004512||4|3|4|4|
1000004637|||8|7||
1000004660|7|7|7|8|7|
1000004793|6|8|10|9||
1000004796|5|4|5|6|5|
1000004798|8|8|7|7|7|
1000004833|7|7|8|||
1000004857|5|8||||
1000004882|5|5|6|||
1000004908|6|5|5|4|4|
1000004968|6|8|7|7|8|
1000005020|5|5|6|8|7|
1000005024|2|2|2|2|2|
1000005116|6|8|8|8||
1000005184|||4|5|5|
1000005196|5|5|6|5|5|
1000005211|8||10|||
1000005229|||4|4||
1000005283|7|7|8|9|7|
1000005301||6||||
1000005306|10|||||
1000005313||6|6|8||
1000005320|8|8|6|||
1000005351|4|||5|5|
1000005416|5|5|5|4||
1000005450|6|5|7|7||
1000005493|6|6|7|7||
1000005591|5|5|5|5|5|
1000005641||8|8|8||
1000005650|7|8|8|8||
1000005654|6|7|9|6||
1000005692|4|4|4|5|5|
1000005694|4|3|3|5|5|
1000005725||||4||
1000005743|6||7|7||
1000005761|3|3|3|4|4|
1000005822||6|6|6|6|
1000005839|5|5|5|5|5|
1000005849|5||8||6|
1000005854|4|5|5|4||
1000005896|3|4|2|4|3|
1000005946|8|8|8|8|8|
1000005959|4|5|8|5|4|
1000005960|3|4|4|3|3|
1000006011|8|8|8|8||
1000006091|4|4|4|||
1000006094|4|5|5|5|6|
1000006101|4|4|7|5||
1000006112|6|6||5|5|
1000006132|4|4|3|4|3|
1000006162|6|6|6|5|5|
1000006211|8|8|8|10||
1000006212|4|6|7|7|6|
1000006229|5|5|4|5||
1000006252|3|5|4|4||
1000006268|7|7|7|8||
1000006276||||5|5|
1000006284|5|4|6|7||
1000006317|6||5|6|5|
1000006323||6|5|6|6|
1000006327||8|7|6||
1000006338||3|3|3|3|
1000006358|6|6|8|7|6|
1000006390||4|4|4|4|
1000006402|7|6|6|5||
1000006414|3|5|6|5|3|
1000006423|6|6|5|5|4|
1000006430|5|6|4|5||
1000006487||6|6|6||
1000006513|4|4|4|||
1000006519|4||5|4|4|
1000006525|8|8|8|7|6|
1000006548|6|5|8|8||
1000006552|5|5|5|6||
1000006555|5|7|9|10||
1000006607|4|4|5|5|5|
1000006608||7||5||
1000006659|9|9||||
1000006661|8|7|6|7|7|
1000006669|6|6|6|6||
1000006741|8|||||
1000006787||||8||
1000006815|5|5|6|6||
1000006873|7|7|6|5|5|
1000006924|5|||9||
1000006925|6|9|7|8|6|
1000006926|4|4|5|4|4|
1000006936|5|4|4|7|8|
1000006940||3|3|3|3|
1000006975|6|7|8|8|8|
1000007003|9|||9||
1000007007|5|6||6|5|
1000007022|5|5||||
1000007045|5|5|5|6|6|
1000007047|8|6|6|6|7|
1000007049|4|4|4|4||
1000007050|5|6|6|6|6|
1000007051|4|4|5|5|4|
1000007067|7|6|6|5|5|
1000007073|6|6|7|8||
1000007086|4|5|5|5|6|
1000007107|4|4|3|3|4|
1000007133|6|6|6|8|5|
1000007201|5|5|6|||
1000007202|5|6|8|8||
1000007217|3|4|4|3|4|
1000007224|8|7|8|7|6|
1000007231||8||8||
1000007241|7|6|6|5||
1000007261|5|4||||
1000007263|4|4|4|4|4|
1000007279||6||5|5|
1000007284||5|5|5|5|
1000007321|5|5|5|5|5|
1000007322|9|||||
1000007354|5|4|5|4|4|
1000007378|6|7|8|6|6|
1000007387|6|6|6|8|8|
1000007405|5|5|5|5||
1000007414|5|4|4|4|4|
1000007420|5|4|4|4|5|
1000007439|4|4|5|6|5|
1000007465|6|7|8|||
1000007477|4|3|5|5|4|
1000007483||4|5|5||
1000007528|5|5|6|6|6|
1000007538|5|5|5|4|4|
1000007539|2|3|3|3|3|
1000007557|4|4|6|5|5|
1000007558|5|5|5|5|5|
1000007578|6|5|4|7|7|
1000007622|4|8|7|6|5|
1000007623|6|5|6|6|5|
1000007639|7|7|7|6|6|
1000007694|5|8|9|7|7|
1000007722||7|6|6||
1000007723|6|5|5|4||
1000007732|6|6|6|5||
1000007768||||7|5|
1000007769|4|3|3|||
1000007786|3|3|3|3|3|
1000007799|9|9|8|7|7|
1000007800|8|6|9|8|9|
1000007848|9|8|7|9|9|
1000007863|6|6|6|6|8|
1000007944|7|6|5|5||
1000007971|6|9|8|9||
1000008003|5|5|4|4||
1000008052|4|4|5|6||
1000008071|6|5|5|6||
1000008076|10|10|9|||
1000008085|||8|6|6|
1000008088|3|4|9|7|8|
1000008105|7|6|7|6|7|
1000008122|5|6|6|6|5|
1000008153|4|6|8|5|5|
1000008165|5|6||5|5|
1000008221|6|5|7|6|6|
1000008241|6|6||5||
1000008405|7|6|6||5|
1000008411|3|3|3|3|3|
1000008592|5|5|7|6|6|
1000008620|4|4||5||
1000008627||3|4|3|3|
1000008681|5|5|5|5||
1000008737|4|||||
1000008758|7|8||||
1000008811|4|||||
1000008813|6|6|6|5||
1000008838|5||5|6|6|
1000008851|5|6|7||7|
1000008891|9|9|8|8|8|
1000008895|7|8|9|8|8|
1000008910|4|6|4|6||
1000008935|5|4|5|5||
1000008956|3|4|6|4|3|
1000008976|5|4|5|6|6|
1000009015|8|8|9|8||
1000009020|6|8||5|6|
1000009024|6|6|8|7|6|
1000009026|6||||5|
1000009037|9||9|7||
1000009047|8|||||
1000009051|4|8|8|8|8|
1000009061|6|5|5|7|4|
1000009081|6|6|6|5|5|
1000009091|3|4|4|3|4|
1000009163|6|6|6|6|5|
1000009176||5|6|5|5|
1000009213|||5|||
1000009235|8||8|7|8|
1000009345|8|8|8|7|7|
1000009372|8|8|8|8|8|
1000009389|5|4|6|6|5|
1000009394|5|5|8|7|8|
1000009412|8|9||||
1000009428|4|5|5|5||
1000009445|6|6|6|8|8|
1000009448|5|5||||
1000009460|4|5|6|7|9|
1000009469|8|8|9|10||
1000009575|6|6|8|6|5|
1000009614|8||9||10|
1000009627|5|5|6|8|6|
1000009737|6|6|5||6|
1000009761|6|6|6|5|6|
1000009796|4|6|8|6|7|
1000009834|6|6|6|7|7|
1000009859|7|7|7|7|7|
1000009910|6|6|6|7||
1000009929||8|8|||
1000009954|5|6|7|6|6|
1000010016||4||||
1000010039|||2|||
1000010058|5|6|8|7|6|
1000010075|6|6|6|5|7|
1000010110|4||3|||
1000010113|5|5|6|6|5|
1000010135|6|8|7|7|7|
1000010193|6|8|7|||
1000010194|9|10|10|||
1000010221|8|10||||
1000010224|8||8|8|8|
1000010227|3|3|3|||
1000010255||5|5|5||
1000010274|4|4|3|||
1000010335|5|6|6|5|5|
1000010362|8|||||
1000010403|7|6|6|6|6|
1000010419|5|5|4|4|3|
1000010430|8|8|7|8|7|
1000010440|6|6|6|6|5|
1000010459|5|5|6|||
1000010469|8|7|7|7|7|
1000010496|4|7|6|7|6|
1000010507|6|7|7|8|7|
1000010543|9|5|6|5|5|
1000010602|8|8|8|8|8|
1000010609|4|||||
1000010709|8|9|6|6|6|
1000010710|8|9||||
1000010712|4||5|4||
1000010736|8|8|8|9|6|
1000010743|4|4|4|4|3|
1000010747|4|4|6|4|6|
1000010751|6||8|6||
1000010763|6|6|6|6||
1000010792|6|6|5|6||
1000010805|5|4||3||
1000010836|3|3|3|3|3|
1000010874|7||8|7|6|
1000010883|||6|6||
1000010909|6|6|6|6||
1000010912|4|4||4||
1000010977|6|6||6|6|
1000010978|6|6|6|6|6|
1000010994|8|6|6|7|7|
1000011009|6|5|6|5|6|
1000011029|6|5|4|4|5|
1000011032|7|8|9|10||
1000011036|4|4|4|||
1000011054|6|5|5||6|
1000011059|4|4|4|3|3|
1000011063|4|5|4|4||
1000011069|6|8|5|8|8|
1000011086|4|5|3|||
1000011126|8|8|8|7|6|
1000011139|5|5|5||5|
1000011159|7|6|4|4|4|
1000011240|5|5|5|5|5|
1000011257|6|7|6|6|7|
1000011274||6|6|8||
1000011276||5|5|5||
1000011283|3|4|3|4|4|
1000011320|8|9|9|9|9|
1000011335||6|6|6||
1000011369|5|6||4|4|
1000011458|5|6||7||
1000011471|5|6|6|6|6|
1000011493|8|||6||
1000011531|||5|5||
1000011547|6|4|5|4|4|
1000011551|6|5|6|||
1000011557|5|5|5|5|5|
1000011570|4|5|6|6|6|
1000011607|5|4|6|6|5|
1000011692||3|4|3|4|
1000011787||4||||
1000011802|6|5|5|6|6|
1000011808|5|4|4|5||
1000011849||||4|4|
1000011856||4|5|5|4|
1000011860|3|3|3|3||
1000011862|4|4|3|3|3|
1000011878|8|8|8|8|8|
1000011882|9|9|9|10|10|
1000011946|3|3|3|3|3|
1000011965|8|7|8|7||
1000011993|6|6|6|5||
1000011997|5|||5||
1000012008||6|7|6|6|
1000012068|6|8|8|7|7|
1000012073|8|10|10|||
1000012168|8|10|10|10||
1000012173|4|5|5|4|5|
1000012207|3|4|4|4||
1000012213|8|7|6|6|6|
1000012219|6|5|5|5||
1000012249|||8|8|8|
1000012274|8|||||
1000012281|3|3|3|3||
1000012309||6||8||
1000012343|6|6||6|7|
1000012350||4|2|4||
1000012358|5|5|5|6|5|
1000012362|5|5|5|5|5|
1000012370|4|4|4|3|3|
1000012376|4|4|6|5|8|
1000012464|7|6|7|6|6|
1000012482|5|6|6|6|5|
1000012517|2|3|3|2|3|
1000012538|3|3|3|4||
1000012556|5|5|6|5|7|
1000012557|5|6|8|6||
1000012564|4|4|4|4|4|
1000012582|4|5|6|5|9|
1000012585|7|6|9|9|6|
1000012589|5|4|4|4|4|
1000012593|6|||||
1000012643||5|6|6|6|
1000012652|6|8|6|5|7|
1000012669|6|8|6|6|6|
1000012696|9||9|9||
1000012704|5|6|5|6|6|
1000012720||4||||
1000012727|5|4|5|5|5|
1000012730|4|4|4||4|
1000012752|5|5|6|5|5|
1000012770||4||||
1000012779|5|8||||
1000012833|||7|7|6|
1000012837|||8|||
1000012861|6|6|6|7||
1000012870|6|8|8|7|7|
1000012882|4|4||4||
1000012897|5|3|3|3|3|
1000012913|6|6|6|6|7|
1000012934|5|4|4|4|4|
1000012939|8|5|7|6|7|
1000012968|4||4|3||
1000012974|6|5||||
1000012984||5|6|5||
1000012997|4|4|5|5|6|
1000013008|4|6|7|9|9|
1000013027|4||4|5|5|
1000013048|5|5|5|5||
1000013053|5|4|5|||
1000013059|5|4||||
1000013079|7||7|||
1000013083|8|8|8|9|8|
1000013112|8|7|7|9|7|
1000013177|5|5||5||
1000013192|8|8|8|8||
1000013223||5||6||
1000013234|8|7|7|7|6|
1000013247|6|||||
1000013250|3|3|3|3|3|
1000013269|4|4|4|4||
1000013280|4|||||
1000013306||4|3|3|3|
1000013308|4|4|||4|
1000013391|10|10||||
1000013394|6|6|5|6|6|
1000013406|5|6|8|4|5|
1000013407|3|3|3|4|4|
1000013459|6|5||||
1000013463|10|||||
1000013467|4|4|4|||
1000013488|4|6|4|5|6|
1000013501|4||4|||
1000013505|6|4|5|5|5|
1000013513|4|5|4|4|5|
1000013534||4|4|||
1000013595|4|4|5|5|5|
1000013604||5|6|5||
1000013629|6|6|4|4|4|
1000013648|6|6|6|6||
1000013654|5|6|7|6||
1000013660|8|8|8|8|8|
1000013685|5|5|6|6||
1000013687|6|6||7|6|
1000013707|||8|8|5|
1000013714|5|5|4|4||
1000013721|8|7|9|9|10|
1000013758||4|6|6|6|
1000013793|8|8|||8|
1000013800|4|4|5|4||
1000013818|5|9|8|10||
1000013835||4||5||
1000013853|9|8|9|9||
1000013856|4|6|5|6||
1000013897||6||5||
1000013908|6|4|9|8|7|
1000013931|8|8|9|8||
1000013937||3|3|4|4|
1000013959|7|8|6|6|7|
1000013965|7|6|6|6|6|
1000013971|8|8|8|9|8|
1000013972|7|6|6|7||
1000014000|3|4|4|3|3|
1000014099|6|8|10|10|10|
1000014139|8|8|7|8|8|
1000014156|5|5|6|6|5|
1000014175|5|6|5|5|6|
1000014197|4|4|3|2||
1000014208|8|5|4|6||
1000014210|5|5|5|5|6|
1000014217|4|4|5|5|5|
1000014249|6|6|5|||
1000014294||6|6|8|8|
1000014302|6|6|7|6||
1000014308|6|7|9|9|9|
1000014314|6|5|7|7||
1000014351||6|5|5||
1000014380|4|5|4|4||
1000014400|3|3|3|3|3|
1000014403|3|3|4|3|4|
1000014405|4|4|4|5|4|
1000014421|3|4|4|3|4|
1000014433||||5||
1000014440|4|4|4|4|4|
1000014464|4|4|5|5|5|
1000014467|6|5|6|6|6|
1000014496|||4|4||
1000014511|4|5|7|6|6|
1000014520|5|7|6|8|6|
1000014536|5|5|5|5|5|
1000014546|4||4|||
1000014644|6|6|6|5||
1000014657|3|4|4|4|6|
1000014660||5||5||
1000014661|5|6|6|9|8|
1000014702|5|6|7|9||
1000014704|6|5|6|6|6|
1000014736|4|4|4|3|3|
1000014746|6|6|5|5||
1000014764|6|6|6|7|7|
1000014767|7|7|10|10||
1000014776|9|9||||
1000014779||5|4|||
1000014781|4||4|5||
1000014784|||6|6|6|
1000014788|5|4|5|4||
1000014805|5|5||5||
1000014811|4|5|5|4||
1000014813|7|8|8|8|7|
1000014853|5|5|6|6|5|
1000014866||6||||
1000014897|6|4|4||4|
1000014913|7|7|6|8||
1000014926|5|5|5|5||
1000014951|||9|||
1000014959|5|8||8||
1000014986|4|||||
1000014996|6|4|8|7||
1000014999|8|8|10|||
1000015005|7|8|10|10||
1000015032||8|6|8||
1000015036|6|7|6|9||
1000015065|5|5|5|5||
1000015089|6|6|6|6||
1000015090|8|6||8|7|
1000015106|5|5|4|||
1000015122|||5|4||
1000015130|8|9|9|||
1000015131|7|6|6|7|7|
1000015135||5||6||
1000015161||||4||
1000015170|6|4|6|6|4|
1000015350|4|6|4|4|5|
1000015351|8|8|8|8|8|
1000015353|||6|7||
1000015367||4|5|5|5|
1000015382|6|6|6|6|6|
1000015388|8|6|8|9|9|
1000015511|5|5|5|6|6|
1000015551|5|5|5|6|6|
1000015554|6|5|5|5|4|
1000015556|4|4||||
1000015569|5|6|6|7||
1000015593|5||5|5||
1000015623||7|9|10||
1000015641|5|5|4|4||
1000015645|5|6|5|||
1000015671|5|5||4|4|
1000015716|6|8|6|5||
1000015729|5|6||||
1000015739|5|6|7|8|8|
1000015740|7|6|6|5|6|
1000015746||5|5|5|4|
1000015747|5||6|8|7|
1000015770|6|6|6|6|6|
1000015799|6|6|5|6|9|
1000015802|3|4|4|4||
1000015815|6|8||10|10|
1000015820|8|7|6|5||
1000015824||6|5|6|5|
1000015831|||5|5||
1000015850|6|6|6|8|6|
1000015870|8||7||9|
1000015883||4|4|4||
1000015917|5|6|5|5|5|
1000015920||5|4|4||
1000015927|5|6|8|5||
1000015934|3|3|4|5|7|
1000015947|5||6|6||
1000015969|5|5|8|5||
1000015994|7|5|6|5|6|
1000016007||6|6|5||
1000016008|6||5|6||
1000016011|3|4|4|4|4|
1000016014|3|3|4|3|3|
1000016021|6|8|8|8|8|
1000016029|5|6|8|||
1000016034|8|8||7|7|
1000016065|7|6|7|6|6|
1000016069|4|4|4|||
1000016109|8|8|8|7|8|
1000016110|6|5|5|5||
1000016223|9|||||
1000016224|4|4|5|4|4|
1000016233|5|5|6|5|8|
1000016251|9|||||
1000016253|6|8|8|8||
1000016288|4|4|4|5||
1000016364|5|5|5|6|6|
1000016371|6|6|9|10||
1000016426|5|5|6|7||
1000016434|4|4|5|5|5|
1000016447|5|5|4|4|6|
1000016452|6|5|4|5|4|
1000016453|5|8|9|||
1000016454|8|7|10|9|6|
1000016458|3|4|4|5|5|
1000016487|6|6|7|6|6|
1000016492|4|||||
1000016504|8|6|5|8|6|
1000016505|4|4||3||
1000016528|5|5|6|6|6|
1000016534|9||9|||
1000016537|5|||5||
1000016570|4|4|4|||
1000016576|2|2|2|2|2|
1000016580|5|6|6|6|6|
1000016588|4|4|4|||
1000016589|8|7|9|9|8|
1000016619|5|4|6|5|5|
1000016643|8|8|8|7|6|
1000016648|8|8|9|9|9|
1000016683|7|6|7|6|5|
1000016703|5|5||5||
1000016710|4|5|5|6|6|
1000016718|6|7|6|6|7|
1000016734|6|5|4|8|7|
1000016739|6|6|5|5|4|
1000016748||8||9||
1000016755|6|8|10|||
1000016789|6|5||||
1000016811|6|5|6|5|5|
1000016826|9|10||||
1000016842|4|4|4|5|8|
1000016875|4|4|4|4|5|
1000016885|3|2|3|3|4|
1000016900|4|4|4|4|4|
1000016904|6|4|4|4|4|
1000016940|4|4|5|5|5|
1000016964|5|6|5|6|6|
1000016981|5|4|5|7|8|
1000016992||6|8|7||
1000017008|4|6|6|6|6|
1000017035|7||6|6|6|
1000017059|4|5|5|6|6|
1000017160|5|5|4|||
1000017175|7|||||
1000017188|3|2|3|3|3|
1000017190|3|3|4|3|4|
1000017199|4|5|6|5|5|
1000017246|5||6|6|7|
1000017279|8|8|9|9|9|
1000017303||||4||
1000017345||6|9|||
1000017370|8|||4||
1000017397|||6|7||
1000017419|6|6|6|4|4|
1000017420|6|6|7|8|7|
1000017423|5|6|5|5|5|
1000017445|5|6|6|6|5|
1000017454|9|10||||
1000017469|4|4|6|5||
1000017471|4|4|4|4|4|
1000017477|7|8|8|7|7|
1000017485|7|6|7|6|6|
1000017497|6||5|||
1000017539|6|7|6|6||
1000017554|7|6||6|6|
1000017555|6|5|5|5|4|
1000017569|||5|5|5|
1000017578||5|6|6||
1000017595|4||4|4||
1000017602|4|4||||
1000017625|8|8|7|8|7|
1000017626|6|6|6|6|6|
1000017646|3||4|3||
1000017682|4|4|4|4|2|
1000017686|6|8|8|6|6|
1000017692|5|6|6|6|5|
1000017710|6|6|6|5|5|
1000017752||||6||
1000017776|4|||||
1000017803|6|6|9|||
1000017813|6|6|8|8|10|
1000017817|||5|4||
1000017822|4|4|4|8||
1000017876|4|5|5|7|6|
1000017878|4|4|6|3|4|
1000017889|5||4|4|6|
1000017891|5|4||||
1000017921|6|6||8||
1000017947|5|7|6|6||
1000017975|5|5|8|9|10|
1000025078|6||4|4||
1000025082|6|6|6|6|6|
1000017984|5|4||||
1000017985|5|6|6|6|6|
1000017996|7|6|6|6||
1000018016|6|6|6|6|6|
1000018053|6|7|7|6|6|
1000018079|6|6|6|6|6|
1000018109|6|6|6|6|7|
1000018118|6|6|6|5||
1000018172|8|8|9|8|8|
1000018175|8|8|8|9||
1000018187|6|6|6|8||
1000018188|5|5|5||8|
1000018196|5|4||4||
1000018207|4|4||4||
1000018229|5|4|5|7|6|
1000018242|8|6|6|5|4|
1000018259|5|5|5|4|5|
1000018280|4|4|4|4|4|
1000018283|3|4|3|3|3|
1000018292||||5||
1000018293|3|4|3|5|5|
1000018302|4|4|3|3||
1000018350|6|6||5|5|
1000018361|5|4|4|4|4|
1000018395|5|8|8|6|5|
1000018399|6|4|5|6||
1000018426|3|3|3|5|3|
1000018441|5|5|6|6|6|
1000018481|6|7|6|7|9|
1000018482|4|5|4|4||
1000018486|6|6|6|6|4|
1000018514|6|5|5|6|6|
1000018520||5|5|||
1000018530|4|4|4|4|4|
1000018544|3|4|3|||
1000018566|6|8|7|6|6|
1000018570|7|8|10|||
1000018622|5||7|5|4|
1000018644|4|4|5|7|5|
1000018645|5|5|8|8|7|
1000018652|9|9|8|8|8|
1000018653|5|4|4|4|4|
1000018687|3|4||||
1000018688|8|9||||
1000018699||5||6||
1000018740|7|7|6|6|7|
1000018743|5|4|4|4|4|
1000018747|5|5|6|6|5|
1000018770|6|7|6|7|8|
1000018787|9|||||
1000018812|5|5|6|6|5|
1000018876|5|4|6|4||
1000018877|7|6|6|6|6|
1000018900|4|6|6|5||
1000018909|7|8|8|9|9|
1000018938|4|5||4||
1000018940|4|5|6|5|5|
1000018943|4|4|6|4|5|
1000018956|5|4|3|||
1000018970||5|4|4||
1000019040|5|5|5|4|6|
1000019045|5|4|5|6|5|
1000019072|7|6|6|9||
1000019078|5|6|6|5|6|
1000019092|6|6|6|6|6|
1000019099|6|6|7|6|6|
1000019102||5|4|5|5|
1000019115||6|6|6||
1000019179|6|6|5|5|5|
1000019218|4|4|4|5|5|
1000019269|8|8|8|||
1000019308|4|4|4|4|4|
1000019314|6|6|8|6||
1000019317|4|4|5|4|4|
1000019326|7|7||8||
1000019354|4|4|4|4|4|
1000019356|6|6|6|6|6|
1000019405|4||4|4|5|
1000019440|4|5|4|4||
1000019445|6|6||8||
1000019514|5|5|5|5|4|
1000019556|4|4|3|3|3|
1000019562|5|5|5|||
1000019579|||5|||
1000019587|7|7|6|6||
1000019589|||6|6|8|
1000019594|8||6||7|
1000019608|9|8||||
1000019610|3|3|4|4|3|
1000019626|5|5|5|||
1000019636|6|6|6|4||
1000019656|5|6|6|6|6|
1000019681|9|9|8|8|9|
1000019698|5|5|6|||
1000019730|6|4|8|||
1000019735|||4|4|5|
1000019739|8|7|8|8|8|
1000019754|4|5|6|7||
1000019786|4|4|4|4|4|
1000019864|5|6|6|6|7|
1000019868|4|4|4|4|4|
1000019873|7|8|7|6|5|
1000019876|||4|4|4|
1000019898|4|5|6|5|5|
1000019939|6|6|5|5|5|
1000019943|7|6||||
1000019956||4||||
1000019964|6|6|7|6|7|
1000019982|4|4|4|5|5|
1000019987|4|4|4|4||
1000020019||5|4|3|3|
1000020022||5||6||
1000020023|4|5|5|4|4|
1000020024|6|7|6|6|6|
1000020038|5|5|6|6||
1000020053|4|||5|5|
1000020064|7|7|8|8|8|
1000020095|6|5||4||
1000020098|||3|4||
1000020141|5|5|6|5|5|
1000020158|5|6|6|6|6|
1000020168|6|6||||
1000020196|4|4|4|4||
1000020210||5|4|||
1000020221|6|5|6|5|5|
1000020245|4|4|5|6|6|
1000020246||4||4||
1000020307|5|5|6||6|
1000020331|6|5|6|6|6|
1000020383|4||4|5|5|
1000020413|4|4|4|4|4|
1000020420|5|5|9|8|8|
1000020421|7|7|8|7|6|
1000020447|3|4|4|3|4|
1000020463||3|4|||
1000020472|8|8|9|8|8|
1000020478|8|7|7|7||
1000020489|8|8||||
1000020505|4|4||||
1000020516|6|5|6|6||
1000020519|7|||||
1000020521||4|5|4||
1000020556|4|4|5|5||
1000020574|8|8|8|8||
1000020637|5||5|4||
1000020665|7|7|6|7||
1000020675||8||||
1000020770|6|8|7|6|6|
1000020794|5|8|9|||
1000020802|5|4|5|5|4|
1000020842||4|4|8|7|
1000020932|8|7||6|7|
1000020947|5|5|5|5||
1000020955|||4|6|5|
1000020983|||6|6||
1000021003|8|||||
1000021054|||4|4|4|
1000021084|4|3|3|||
1000021086|7|6|10|9||
1000021107|8|8|6|6|6|
1000021152|5|6|5|5||
1000021159|5|6|7|7|6|
1000021173|8|6|6|5||
1000021199|5|6|5|4||
1000021202|7|6|8|8||
1000021222|6|||8|7|
1000021238|5|5|6|6|7|
1000021267|7|5|6|6|5|
1000021269|7|9|8|8|9|
1000021278|8|8|7|6|6|
1000021349|8|6|7|6||
1000021355||8|8|7||
1000021389|6|5||7|7|
1000021408||4|4|4||
1000021425|5|6|5|5|5|
1000021436|5|4|4|4|4|
1000021456||6|6|6||
1000021458|4|||||
1000021484|8|8|8|8|8|
1000021485|10|9|8|8|9|
1000021486|6|6|5|7|6|
1000021506|5||6|5|6|
1000021511|4|4|4|4||
1000021532|4|5|6|7|6|
1000021542|4|4|5|5|5|
1000021573|8|6|6|5|5|
1000021594|5|5|5|5|5|
1000021599|7|6|6|6|4|
1000021602|6|5|4|4||
1000021667|6|6|5|7|7|
1000021685|6|7|7|6||
1000021687|5|5|6|5|5|
1000021702|5|5|6|5|5|
1000021712|7|7|6|6|6|
1000021713|6|4|6|6|5|
1000021736|4|4|3|4|4|
1000021741|||4|||
1000021745|7|8|8|10||
1000021806|5|5|5|4||
1000021837|4|4||||
1000021894|7|10||||
1000021910|6|4|4|4|4|
1000021919|6|6|7|6|5|
1000021952|9|||||
1000021958|5|5|6|5|5|
1000021996|5|5|5|5|5|
1000021997|8|9||10||
1000022042|6|5|5|5|5|
1000022141|3|3|3|2|3|
1000022152|8|7|5|6||
1000022177|6|5|6|4|4|
1000022185|6|8|8|7|7|
1000022195|4|4|4|4|4|
1000022198||6|5|4|4|
1000022211|6|5|6|7|7|
1000022228|3|4|4|4|4|
1000022243|6|8|8|8|6|
1000022251|5|5|5|||
1000022286|4|5|5|6||
1000022310|6|6|6|6|5|
1000022388|5|6|6|6|6|
1000022389|6|8|6|7||
1000022411|4|5|5|5||
1000022413|4|4|4|5|4|
1000022434|5||6|4||
1000022471|4|3|3|4|3|
1000022523|5|5|7|||
1000022527|4|6|6|6|5|
1000022574|4||4|||
1000022576|9|9|8|8||
1000022601|||7|6|7|
1000022613|||6||6|
1000022631|6|5|4|4||
1000022632|6|5|6|5||
1000022647|4|5|4|4||
1000022653|5|5|4|5|6|
1000022656|6|5|5|5||
1000022662|6|6|6|6|6|
1000022705|6|6|7|8|7|
1000022718|3|3|3|4|4|
1000022741||5|5|6||
1000022747|5|4|3|4|4|
1000022748|4|4|4|4|4|
1000022751|9|10||||
1000022762|5|6||||
1000022785|||6|6||
1000022791|6|8|8|8|8|
1000022796|6|5|5|6||
1000022839|7|6|8|8|8|
1000022840|4|4|4|4|6|
1000022857||4||4|4|
1000022898|4|4|4|4|4|
1000022927|8|7|8|8|8|
1000022930|5|5|6|5|5|
1000022974|4|4||||
1000023031|5|6|8|8|8|
1000023033|4|4|4|4|4|
1000023036|5|5|4|5||
1000023049|5|6|6|5|5|
1000023065|4|4|4|||
1000023087|6|5||6||
1000023093|6|6||8||
1000023094|3|4|3|4|4|
1000023142||8|7|10||
1000023145|5|4|5|5|8|
1000023154|6|5|6|6|7|
1000023176|3|4|4|4||
1000023179|5|5|6|6||
1000023197|6|4|6|5|6|
1000023204|4|4|6|||
1000023226|5|4|5|4||
1000023230|5|4|4|4||
1000023258|7|8|8|8|7|
1000023373|5|6|5|6|6|
1000023385|||5|||
1000023393|4|4|4|4||
1000023396||9||9|9|
1000023431|6|5|7|6||
1000023453|5|5|7|6|5|
1000023458|7|4|5|4|4|
1000023465|4|4|4|4|3|
1000023496|5|5|4|4|4|
1000023535||6||||
1000023558||6|4|5||
1000023576|6|5|7|5|4|
1000023578|5|5|7|6||
1000023583||8||6||
1000023595|6|7|8|6|5|
1000023596||5||4||
1000023600|5|5||4||
1000023624|7|6|7|7||
1000023698|8|7|7|7|7|
1000023708||6|5|5||
1000023713|2|2|2|3|4|
1000023729|7|8|8|7|7|
1000023731|4||4|4||
1000023734|||5|5||
1000023736|7|6|7|8|7|
1000023794||6|4|6||
1000023837|4||4|4||
1000023865|4|4|4|4||
1000023898|5|6|5|5||
1000023902|5|||5||
1000023933|4|5||||
1000023947|8||7|8|7|
1000023955|5|5|5|5|5|
1000024014||6|5|||
1000024016|4|5|5|4||
1000024018|8|8|8|8|8|
1000024025|6|5|4|5|6|
1000024037|8|8|8|8|8|
1000024080|3|3|3|3|4|
1000024117||6||||
1000024156|6|5|5|6|6|
1000024208||6|6|8|9|
1000024210|5|6|6|5||
1000024212||8|9|9||
1000024257||5|4|||
1000024279|2|5|5|6|6|
1000024287|6|7|7|8|8|
1000024307|8|||||
1000024342|6|6|5|5|5|
1000024349|6|6|6|6||
1000024360|6|4|5|8|6|
1000024371|6|7|9|||
1000024379|6|4|3|3||
1000024400|9|9||||
1000024406|9|8|9|8|6|
1000024409|9|10|10|||
1000024416|6|6|5|||
1000024442|5|5|6|5|5|
1000024457||4|4|||
1000024461||5||4||
1000024494|5|6|7|6|6|
1000024522|6|8|8|9||
1000024532|6|6|6|6|5|
1000024534|8|6|5|||
1000024634|4|4|4|3||
1000024673|||6|||
1000024674|3|4|4|3|4|
1000024675|7|9|9|10||
1000024680|7|8|8|10|10|
1000025053|6|6|5|6||
1000013147|8|10||||
1000018150|6|8|10|||
1000024838|6|6|6|6|6|
1000024862|8|7|7||6|
1000024864||8||||
1000024969|5|||4||
1000025042|4|4|6|6|4|
1000025060|4|4|5|5|5|
1000025103|9|8|9|9|9|
1000025124|6||9|||
1000025193|4|5|5|4|5|
1000025268|5|4|5|5|4|
1000025360|9|7||||
1000006782|5|7|10|||
1000018129||4|5|||
1000018132||7||7||
1000008148|5||4|4|4|
1000025982|8|9|8|8|9|
1000009965|7|6||6||
1000007016|8|||||
1000026190|9|||||
1000026275|5|5||||
1000026067|4||4|4||
1000026068|9|9|10|||
1000025649|4|5|4|4|4|
1000015686|6|5|5|5||
1000026740|6|10||||
1000022890|7|7|7|7|7|
1000022893|6|7|7|7||
1000020881|5|5|5|5|5|
1000022570|8|10||||
1000023269|4|4|4|4|4|
1000025518|10|||||
1000024783|6|6|6|6||
1000026891|6|7|6|6||
1000014071|4|4||4|4|
1000025811||4|5|8|7|
1000025925|||5|5||
1000025828|6|6|7|7|8|
1000019281|8|8|9|||
1000021073|6|9|6|6|6|
1000026167||5|7|7||
1000015275|6|6|8|9|8|
1000011215|6|6|6|5||
1000026428|5||4|4||
1000007890|6|8|8|7|8|
1000026539|10|10||||
1000026542|6|5|5|6|6|
1000026546||6||6|5|
1000013777|7||9|9||
1000010650|7|7|7|6|6|
1000026385|8|8|8|7|6|
1000006739|6|8||||
1000026157|4|6|5|6||
1000026776|6|||7||
1000023330|6|5|8|7||
1000023334|7||6|6||
1000019292|7|9|10|||
1000019298|8|8|8|9|9|
1000025345|7|6|6|6||
1000025698|5|5|6|8||
1000010562|4|6|5|6|7|
1000005558|8|8||||
1000005560||||3|3|
1000026334|6|7||||
1000025869|3|5|6|6|7|
1000026436|5|6|8|8|8|
1000026438|8|8||5||
1000026020|6|5|5|6|6|
1000025854|5|6|6|4||
1000025322|5|6|7|8|7|
1000024802|6|5|5|6|7|
1000025379|6|7|9|9||
1000024575|5|6|6|8||
1000024940|6||6|||
1000024943|8|6|6|10||
1000015326|4|4|8|||
1000026486|4|5|5|5|9|
1000022461|8|8|8|8|8|
1000022349|4|5||4|4|
1000019688|6|8|7|5||
1000019693|6|6|6|6|6|
1000026719|9|8|8|8|9|
1000007874|4|5|5|4||
1000026685|8|6|6|4||
1000016349|6|7|6|7|8|
1000025212||7||||
1000025935|3|5|4|8||
1000014221|8|8|10|||
1000023006|6|6|6|6||
1000005487|5|4|5|5||
1000005250|4|3|3|5|6|
1000020109|5|5|4|||
1000027070|8|||||
1000027071|7|9|9|||
1000005489|4||5|4|4|
1000025732|5|4|4|4|4|
1000026041||5||6||
1000025282||4|5|5||
1000025857||4|4|4||
1000025428|6|6|6|6||
1000026287|8|7|6|||
1000026058|5|7|6|6||
1000027132|3|3||||
1000021900|10|||||
1000027204|6|6|7||6|
1000015420|4|4|4|5||
1000026394|5|8|7|6|6|
1000009349|6|8|7|7|6|
1000027271|5|5||||
1000020891||6|5|||
1000025263||8|7|5||
1000025047|4|||||
1000025356|6|6|8|6||
1000025494|5|6|6|8|9|
1000026265|8|6||6||
1000005309|10|||||
1000024296|4|4|4|5|4|
1000025454|||6|6||
1000007883|6|5|6|||
1000008373||6|8|9||
1000025039|5|6|8|6|6|
1000025449|4|5|5|6|6|
1000019258|6|4|5|4|4|
1000019265|7||8|6|6|
1000015343|4|4|5|5|5|
1000013794|5|5|4|4||
1000005357|6|5||6||
1000024913|6|5|6|6|6|
1000026007|6|6|7|6|6|
1000027531|6|6|6|6|4|
1000026598|6|7|9|||
1000026599|||4|||
1000025504|8||8|7||
1000024897||6|6|7|7|
1000024904|6|6|10|||
1000024886|6|5|6|5||
1000026318|8||6|6|6|
1000021142|4|4|8|8||
1000026501|6|6|5|5||
1000025638|9|9||||
1000027694||8|8|6|8|
1000027795|7|7|7|8|8|
1000027798||4|5|||
1000026454|||5|5|5|
1000026515|7|9||||
1000026518|8|7|4|8||
1000026522|5|6|4|4||
1000024980||4|4|4||
1000026172|5|4|5|5||
1000027544|4|4|3|3|4|
1000027548|8|8|8|10|10|
1000027743|||8|8|6|
1000026678|6|5|5|5||
1000011518|5|5|4|5||
1000015764|6|6|9|||
1000021250|7|9||||
1000027347|9|8|6|5|5|
1000027349|5|7||6||
1000027116|4||4|4||
1000027913|5|4|5|8|6|
1000026226|6|3|5|6|6|
1000026013|6|6|6|6||
1000027396|6|||5||
1000025447|6|4|5|5||
1000025602|7|7|8|8||
1000028535|6|5|8|8|8|
1000026127|4|4|5|4||
1000026128|4|4|5|5||
1000027990|6|6|8|8|8|
1000027028|8|5|9|8|8|
1000028917|6|6|8|5|5|
1000025906|8|8|9|8|10|
1000027834|6|7||||
1000027874||5|5|5|6|
1000024426|6|5||||
1000014080|4|8|9|4||
1000020854||4||||
1000020855|8|7|8|8|8|
1000024909|3|||4||
1000027556|5|6|6|6||
1000027237|5||8|6|6|
1000026950||4|5|4|3|
1000025093|6|5|5|5||
1000025558|6|||4||
1000028162|8|9|8|8|8|
1000027058|6|6|6|5||
1000027059|6|4|4|4|4|
1000026709|4|4|4|3||
1000028652|5|4|5|5||
1000029022|||4|6|9|
1000027126|7|7|7|7|7|
1000027189|6|6|5|6|7|
1000025668|4|4|4|4||
1000028851|8|8|8|6|5|
1000027144|5|7|10|10|10|
1000028994|6|||||
1000026808|6|5|5|6|6|
1000026789|4|5|5|5||
1000029529|3|4|4|4|4|
1000026054|6|6|7|7|7|
1000028430|6|8|6|9|8|
1000027004|4|5|4|4|3|
1000029358|6|||7||
1000028126||6||5||
1000029106|4|5|5|6|5|
1000029137|6|6|9|||
1000026133|6|4|5|6||
1000027925|5|5|5|5|5|
1000027866|6|5|5|5|5|
1000027848|6|6|6|5|6|
1000029208|8|9|8|10||
1000028106|4|4||||
1000025779|4||5|6||
1000027698|7|6||||
1000029235|6|6||||
1000029500|6|6|6|8|8|
1000028376|5|6|6|6|6|
1000027284|5|6|5|5|5|
1000026615|5|5|5|6|6|
1000026621|4|4|4|5|5|
1000028696|8|9|10|9||
1000025805|5|7|8|7|10|
1000027825|5|5|5|4|4|
1000026772|10|||||
1000008714|4|3|4|4|4|
1000029804|6|5|5|5||
1000026144|5|6|6|5|5|
1000027687|6|6|6|5|6|
1000026234|6|7|6|8|8|
1000026236|6|7|9|9|9|
1000028944|5|5|||4|
1000028667|8|8|8|6|5|
1000028985|5|||||
1000024997|7|5|7|6|6|
1000028576|4|5|4|5|5|
1000028323|7|9||||
1000015793|8|6|6|6|6|
1000028212|6|6|5|6|6|
1000028214|7|8|6|7|7|
1000026848|6|7|9|10||
1000026851|4|4|4|||
1000022609|6|4|5|6|5|
1000027157|5|6|5|6||
1000027164||6|6|5||
1000024837|6|6|6|5|7|
1000026152||5|5|||
1000029083|4|6|6|7|6|
1000028551|6|8|7|5|6|
1000029627|8|6|8|6|8|
1000029487|5|6|7|7|6|
1000028083|6|6|6|8|7|
1000021915|7|8|7|7|6|
1000030118|4|5|8|8|6|
1000027954|5|6|5|5||
1000029863|4|4|4|4||
1000027381|6|6|6|8|9|
1000025576|6|7||6||
1000028557|6|4|4|6|7|
1000028750|4||4|4|4|
1000028752|8|8|6|6|5|
1000029285||6||5||
1000028387|8|8|8|7|6|
1000030241|4|4|4|4||
1000026400||5||5|5|
1000027050|5||5|4||
1000029734|||4|4|6|
1000028529|6|5|7|||
1000028531|4|4|5|6|5|
1000030143|6|6|7|6|6|
1000027996|5|5||6|6|
1000028069|7|7|9|10|10|
1000028070|4|4|4|4|4|
1000026062|4|3|5|5||
1000029821||5|5|5||
1000027752|5|6|3|4|4|
1000026932|6|6|6|6|6|
1000029248|||5|||
1000027068|4|5|5|6|6|
1000026305|8|6||||
1000030468|5|5||4||
1000029879||9|8|6|8|
1000031355||||6||
1000028698|5|5|5|5||
1000029867|5|6|6|8|7|
1000029833|5|5|4|4|4|
1000029836|4||3|||
1000027118|8|6|6|5|5|
1000030131|5|4|||6|
1000029392||6|6|6|6|
1000029294|3|5|5|5|6|
1000029028|8|8|8|8||
1000029206|4|5||||
1000028407||4|4|4|5|
1000029545||5|5|9||
1000029152|6||7|6|6|
1000030298||8|8|8|5|
1000030530|6|7||||
1000026594||10|10|||
1000026704|5|6|10|||
1000026217|5|6|8|9||
1000031316||8|9|10||
1000029905|6|6|8|||
1000030644|4|5|6|8|6|
1000009354|8|8|8|8|8|
1000027265|4||6|||
1000027267||8|9|9|9|
1000028120|4|4|4|5|4|
1000028123|6|7|9|||
1000029956|||5|||
1000027409|4|5|6|5||
1000026945|8|8|7|8|7|
1000029543|6|6|7|7|6|
1000030413|||6|4||
1000029988||8|8|8||
1000029994|7|7|9|8|8|
1000029038|||5|5|6|
1000029042|6|4|4|4|4|
1000030078|6|6|6|5|5|
1000029828|6|4|4|5||
1000029748|5|5|5|6|6|
1000029753|6|8|10|10||
1000030505|8|7|8|5||
1000029409|6|6|8|8|6|
1000030751|6|8|6|6||
1000031231|6|8|8|6||
1000029005|5|5|7|8|9|
1000031027||6|8|6||
1000028129|5|4|5|||
1000028655|4|4|4|4|4|
1000028147|6|8|8|8||
1000029240|5|4|5|6|6|
1000029468|8|6|6|6|6|
1000028770|3|4|5|5|5|
1000029806||5|||6|
1000029345|6|4|5|5|5|
1000030034||4|4|5|5|
1000028232|5|6|8|8|8|
1000031195||||8||
1000029853|4|4|4|||
1000029429|4|6|6|6||
1000027589|8|8|8|8|9|
1000027592|5|5|6|6|6|
1000030619|7|7|9|10||
1000027915||6||||
1000027920|8|8||||
1000025775|||4|8||
1000029165|6|9||||
1000030198|4|6|4|4||
1000009680||6|6|8||
1000028912|8||8|||
1000028396|6|6|7|8|7|
1000028397|5|||7||
1000030385|5|6|6|7|7|
1000026094|8|6|8|9|8|
1000027536|5|5|6|4|5|
1000029474|||7|8||
1000025888|5|5|6|5||
1000026420|8|8|8|9|9|
1000026421|4|4|4|4||
1000027236|4|3|4|5|8|
1000030702||6||||
1000028947|7|7|8|8|8|
1000030793||5|5|5|5|
1000030514|||7|8||
1000031369||9|9|10|7|
1000030074|6|5|5|5|5|
1000030076|6|6|6|9|10|
1000030983|6|5|10|||
1000027222|4||4|||
1000029251|8|8|9|||
1000031106|||7|8|9|
1000031107|5|4|7|9|9|
1000030623||6|6|6||
1000031199||5||||
1000031284||7|6|8|6|
1000030537||6|5|5|5|
1000001102|4|4|5|4|3|
1000001108|5|5|6|6|6|
1000001156|2|2|2|2|2|
1000001157|4|4|5|5||
1000001075|4|4|5|4|4|
1000001027|4|4|3|3|4|
1000004573|5|8||||
1000024726|||||4|
1000004666|8|6|7|5||
1000026344|8|8|8|8|8|
1000027300||5|6|6|6|
1000027304|10|||||
1000014091|4|4|4|4|4|
1000028253|4|5|5|4|4|
1000028254||6|6|6|6|
1000017914|6|6|7|7|8|
1000005764|7|8|5|5|4|
1000031443||6|5|4||
1000001278|8|7|8|8|8|
1000024958|6||6|7||
1000028432|5|4|4|4||
1000030337|5|5|4|4||
1000006586|5|5|5|||
1000028875|5|8||||
1000001239|||5|||
1000016720|5|4|5|4|4|
1000017954||5|4|5|5|
1000030244|5|5|6|6|6|
1000028472|6|8|6|6||
1000028528|5|5||||
1000028624||7|9|||
1000012315|6|6|4|4||
1000018417|8|8|6|6|7|
1000018436||5|6|6||
1000018438|6|6|7|8|6|
1000031565||8|7|6|8|
1000021723|7|7|7|6|6|
1000031052|8|9|9|||
1000004729|9|9||||
1000031164||5|4|4|6|
1000007470|4|6||4||
1000004894|6|6|6|8||
1000026442|7|6|5|4|4|
1000003961|5|5|6|5|6|
1000022777|5|5|5|6||
1000013145|5||6|6|4|
1000008344|6|6|5|6|5|
1000008951|7|7|6|7||
1000012329|4|4|5|5|4|
1000004879||5|5|5||
1000014083|6|8|8|8|9|
1000030664|5|5|6|6|7|
1000018017|5|5|5|5|5|
1000004727|||6|7||
1000004214|6|6|6|6||
1000004216|7|5|7|||
1000004217|5|5|4|3|3|
1000018026|6|9||||
1000024934|5|4|4|||
1000024935|9|7|6|6|7|
1000020659|5|5|4|6||
1000020661|||5|6|5|
1000006716|7|8|8|7|9|
1000017992|4|4|||4|
1000004978|5|5|7|7|6|
1000004980|6||5||5|
1000004736||6|6|6|7|
1000006713|6|6|6|6|6|
1000005034|6|6|6|6|6|
1000006563||||5|5|
1000004743|5|8||4||
1000004791|9|7|6|9||
1000025040||6|8|8|9|
1000030725|8|9|9|8||
1000031042|5|4|6|6||
1000028597|4|4|4|4|5|
1000031638||7|8|6|7|
1000011854|7|8|8|8|8|
1000031976|8|6|8|8|8|
1000026883|5|4|6|6|6|
1000011717|3|3|4|3|4|
1000011684|6|6|6|6|6|
1000011587|2|3|4|4|3|
1000011670|||6|||
1000011611|6|6|6|||
1000008425|||6|6|8|
1000029607|6|6|6|6||
1000011656||4|4|||
1000011623|6|6||5|6|
1000031466||5|5|||
1000011759|4|||||
1000011582||4|5|5|5|
1000028611||8|9|8||
1000026715|4|5|4|5|5|
1000030888|5|5|5|5|5|
1000031055||4|4|4|4|
1000029413|7|7|8|8|8|
1000029558|||8|||
1000031849|||4|4|6|
1000031850|||8|||
1000029566|5|8||8||
1000031749||7|8|8||
1000031030|8|8|10|||
1000030849|4|4|5|5||
1000031273||9|9|9||
1000026960||4||||
1000029676|6|6|6|5||
1000031929|7|8|9|10||
1000031295||5|5|5|4|
1000031249|||8|8||
1000028532|5|6|6|6|6|
1000031501|||8|||
1000031503|5|6|7|8|7|
1000031070|||8|6|7|
1000029795||5|5|||
1000031319||5|7|7|6|
1000005717|7|7|6|||
1000031307||10|10|||
1000029773|5|||||
1000026526|6|8|9|8|6|
1000031168||8|8|9||
1000031891|||8|8|8|
1000029598|5|5|5|5|5|
1000031098||6|5|6|10|
1000028715||6|6|6||
1000028717|6|6|7|6|6|
1000029775|6|||||
1000026829|3|4|4|5|4|
1000026830|3|4|4|4||
1000031438||5|7|9|8|
1000031343||8|6|||
1000030998|5|5|6|5|5|
1000028707|5|4|5|5||
1000031416||6|5|6||
1000031363||10|8|8||
1000030841|||7|8|7|
1000031402||6|8|4|4|
1000030914|5|7||6||
1000029349|||5|4|4|
1000028036|5||5|||
1000030979|4|9||||
1000031685||7|8|||
1000030645||8|8|8|4|
1000028580|10|10||||
1000031074|4|5|5|5|5|
1000031611||4|3|4|6|
1000005919|4|3|3|3|3|
1000005911|4|||||
1000009129|5|4|4|5|5|
1000008804|4|3|5|4||
1000008454|5|6|5|5|6|
1000006821|3|2|2|3|2|
1000009123|4|4||4||
1000008448|6|5|9|10|8|
1000009582|5|6|7|9|6|
1000007552|4|4|5|4|4|
1000008783|6|6|6|6|6|
1000005947|5|6|6|6|6|
1000009690|||6|5||
1000008490|||4|4|4|
1000007576||8||||
1000005930|5|5||5||
1000008740|5|6|6|6|7|
1000006853|8|6|6|6||
1000009146|10|10||||
1000006879|3|4|4|||
1000009138|7|6|6|6|6|
1000005922|4|3||||
1000008819||4||3||
1000024650|6||6|6|6|
1000010229|4|4|4|4||
1000008666|6|4|4|6||
1000008039|6|5|5|8|6|
1000009320|9|9|9|8|8|
1000010540|5|5|6|5||
1000010541||6|8|7||
1000007756|10|||||
1000024173|5|5|5|5|5|
1000024175|3|4|4|4|3|
1000024227||8|6|8|8|
1000024232|4|4|4|4||
1000006951|4|4|4|5|4|
1000031409||6|8|8|8|
1000009004|7|6|7|8|6|
1000005221||9||||
1000031939|||10|9|9|
1000030966|6|6|6|7|6|
1000009904|4|5|6|6|5|
1000031671|8|8|7|8|7|
1000010753|4|4|4|4|5|
1000010754|7|8|9|6|6|
1000007871|5|7|8|6||
1000007008|6|7|8|7|7|
1000008043|3|2|3|3|4|
1000024690||6|6|6|6|
1000025279|||6|5||
1000031617||7|9|9|8|
1000007770|6||6|5||
1000007765|7|6|6|5|7|
1000007766|||6|8|8|
1000027350|7|6||||
1000027806|7|10||||
1000027811|9|||||
1000008271|7|8|8|8||
1000024871|4|4|4|4|4|
1000027966|4|6|6|6|6|
1000027967|6|8|8|6|6|
1000031950|7|8|8|8|8|
1000028017|6|6|6|6||
1000028026||5|5|6|6|
1000028747|3|4|4|3|3|
1000027101|5|5|4|5|5|
1000005629|6|||5||
1000027606|5|4|6|5||
1000028459|||9|6||
1000027659|6|6|6|7|7|
1000027668|6|5|6|5|5|
1000029960|8|9|8|8|8|
1000030501|7|8|8|8|8|
1000024626||8|8|||
1000009255|4|||||
1000010027|3|4|5|4|4|
1000007819|8|9|10|10||
1000010357|7||8|8||
1000006976|||||7|
1000010436|8|8|10|7|5|
1000010770|6|5|8|6|7|
1000010771||6||6|6|
1000009869|6|6|6|6||
1000009870|5|8|7|7|5|
1000010076|5||6|6|6|
1000010080|4|4|4|4|4|
1000024135|5|5|4|4|5|
1000024130|4|4|4|4||
1000010145|5||8|||
1000010151|5|5|5|5||
1000024154||9|9|8|8|
1000010686|4|4|5|6|4|
1000010397|5|8|6|6||
1000009840|8|||6||
1000009841|6|5|7|7|6|
1000010527||6|5|5||
1000010529|6|6|9|9|7|
1000010302|6||||6|
1000010297|4|5|6|3|3|
1000010414||5||4||
1000010415|6|6|8|8|9|
1000010423|8|8|8|8|8|
1000024664|7|6|6|5|5|
1000014019|3|3||3|3|
1000030414|7|||6||
1000005178|4|4|4|4|4|
1000026017|6|8|8|6||
1000014055|4|5|7|8|8|
1000031952|||6|7||
1000006708|6|6|9|7|6|
1000031867|||6|5|6|
1000031989||||4|6|
1000013102||6|8|9||
1000030266|7|6|6|6|6|
1000013043|6|8||5|6|
1000006623|7|7|7|6|6|
1000029983|6|6|6|5||
1000031910|||5|4|4|
1000006653|4|5|5|4|4|
1000027442|8|6|6|8||
1000025269|6|6|6|6||
1000025270|6|6|5|6|6|
1000006695|6|5|4|4|4|
1000015203|3|4|4|4||
1000006683||9|9|9||
1000006681|3|||||
1000032041|8|7|9|8|8|
1000027850|4|4|3|3|4|
1000032104||||6||
1000031641||7|8|||
1000009727|5|6|5|5|5|
1000031213|7|6|6|8|5|
1000030686|6|6|7|8||
1000029179|4|5|5|5|6|
1000029578||8|9|||
1000009538|6|6|7|8|8|
1000009540|4|5|6|6|4|
1000031835|||6|7||
1000024844|4|5|5|6|8|
1000013101|4|4|4|4||
1000020819|4|5|6|5||
1000031459||7|8|6|7|
1000027106|5|6|8|8|9|
1000027448|6|5|5|6|6|
1000030562||6|7|7|7|
1000030565|6|6|6|6||
1000030925||||9||
1000032050||||4|4|
1000032051||||4|4|
1000031991|||6|6|7|
1000000016|6|5|6|6|7|
1000000026|4|4|4|5|5|
1000000033|6|7|6|4|4|
1000000037|4|4|5|4|3|
1000000060|7|7|6|5|6|
1000000063|5|5|6|6|6|
1000000076|4|4|3|4|4|
1000000085|6|6|5|6|6|
1000000111|3|3|3|3|3|
1000000124|4|4|4|4|4|
1000000138|3|4|3|3|3|
1000000139|4|5|4|3|3|
1000000152|||5|||
1000000183|5|6|6|6||
1000000187|4|4|4|4|5|
1000000189|4|3|3|4|3|
1000000210|6|4|4|4|4|
1000000213|8|8|9|8|8|
1000000214|9|8|8|8|8|
1000000222|4|4|4|4|4|
1000000257|7|6|6|6|6|
1000000276|5|6|6|8||
1000000290|6|5|5|4|5|
1000000315|6|5|8|10||
1000000318|5|5|4|5|4|
1000000325|4|4|4|4|4|
1000000333|4|4|4|4|4|
1000000337|6|5|5|5|5|
1000000363|4|4|4|3|4|
1000000398|4|6|5|4|5|
1000000403|8|6|4|4|4|
1000000419|6|5|5|5|5|
1000000430|8|6|6|6|5|
1000000457|6|6|6|6||
1000000459|4|3|3|3|4|
1000000465|6|5|6|6|6|
1000000474|3|3|4|4|3|
1000000509|2|3|3|3|3|
1000000520|5|5|5|4|5|
1000000530|8|||||
1000000531|6|6|7||7|
1000000545|5|3|3|4|4|
1000000556|3|4|4|3|3|
1000000565|4|3|3|2|2|
1000000575|4|3|3|4|3|
1000000592|4|4|4|||
1000000601|6|6|6||8|
1000000606|6|5|6|4|4|
1000000610|5|4|4|4||
1000000668|5|4|5|6|7|
1000000695|6|5|5|4||
1000000701|5|4|6|6|7|
1000000705|5|4||||
1000000734|6|6|6|4|6|
1000000742|5|6|5|6||
1000000753|3|4|4|4|4|
1000000756|4|3|3|3|4|
1000000768|4|8|8|||
1000000786|5|6|5|5|5|
1000000851||6|6|5||
1000000864|5|6|6|6|6|
1000000873|6|5|6|6|7|
1000000889|2|3|2|2|2|
1000000934|6|4|4|4|4|
1000000967|5|4|4|4||
1000000971|5|5|8|8|9|
1000000972|5|4|4|4|4|
1000000974|4|||||
1000000981|2|3|4|4|4|
1000000982|3|3|3|4|3|
1000000988|5|4|5|7|6|
1000000990|5|5|6|5|5|
1000001003|4|4|4|4|5|
1000001008|8|8|7|6|7|
1000001018|5|||5||
1000001019|6|6|6|7|6|
1000001040|8|8|9|10||
1000001046|6|8|8|8|8|
1000001063|6|6|7|9|8|
1000001112|5|4|4|4|5|
1000001159|||3|||
1000001223|4|4|4|4|4|
1000001250|6|6|6|6|5|
1000001292|3|3|4|3|4|
1000001330|4|4|5|5|4|
1000001342|5|6||5|5|
1000001369|4|5|4|5|4|
1000001378|4|6|4|4|4|
1000001387|7|6|6|6|6|
1000001406|6|6|5|4|4|
1000001417|2|2|2|2|2|
1000001439|3|3|4|6|3|
1000001473|4|4|4|4|4|
1000001484|6|8|7|9|9|
1000001487|5|5||5||
1000001513|4|5|4|5|4|
1000001522|3|4|4|3|3|
1000001526|4|6|4|6|6|
1000001562|4|5|4|5||
1000001587|7|7||||
1000001598|6|5|6|7|6|
1000001689|5|4|4|5||
1000001721|4|4|4|3|4|
1000001748|6|5|3|4|4|
1000001778|5|4|4|4||
1000001780|5|7||||
1000001782|4|4|4|5|5|
1000001783|4|4|5|4|4|
1000001795|5|6|6|8|8|
1000001797|4|||||
1000001799|5|4|4|4|4|
1000001802|2|3|2|3|4|
1000001806||7|7|7||
1000001817|6|7|6|5|6|
1000001831||7|10|8|8|
1000001841|3|3||4||
1000001883|3|3|3|3|3|
1000001931|4|5||5|5|
1000001935|5|5|5|4||
1000001955|5|6|5|6|5|
1000001976|4|4|5|5|5|
1000002031|4|4|4|4|4|
1000002065|8|6|6|8|8|
1000002069|6|8|8|7|8|
1000002085|6||6|7|6|
1000002086||5|4|5||
1000002108|||5|||
1000002127|6|9|9|10||
1000002140|6|||4|3|
1000002147||6||8||
1000002153|3|3|5|5|5|
1000002165|6|5|5|5||
1000002179|9|10||||
1000002190|6|6|4|6|8|
1000002209|5|4|5|4||
1000002216|5|6|5|6||
1000002229|3|4|3|3|3|
1000002266|6|6|7|6|6|
1000002279|5|5|8|8|8|
1000002282||6|8|5||
1000002292|5|8||8||
1000002313||4|3|4|3|
1000002333|4|3|4|4||
1000002334||5|5|6||
1000002342||5|7|5||
1000002355||||5||
1000002382|4|4|2|3|2|
1000002396|||7|6|6|
1000002400|6|5|8|8|9|
1000002403|10|10|8|9|8|
1000002407|6||||5|
1000002448|3|3|3|4|3|
1000002460|3|3|3|4|3|
1000002463|3|3|3|3|4|
1000002483|4|4|5|4|5|
1000002489|5|7|8|7|7|
1000002491|7||8|8|6|
1000002500|4|5|6|4|4|
1000002502|6|7|8|8||
1000002509|5|8|5|6|4|
1000002531|5|5|6|5|6|
1000002538|4|6|6|6|7|
1000002539|6|5|5|||
1000002573|4|4|4|4|4|
1000002578|3|3|4|3|3|
1000002659|5|5|5|5|4|
1000002664|||2|3|3|
1000002703|4|4|4|3|3|
1000002708|6|7|6|5|4|
1000002720|5|5|6|6|6|
1000002733|5||4|3||
1000002755|5|6|7|8|6|
1000002818|5|5|6|5|5|
1000002821|8|6|7|5|8|
1000002832|4|5|5|4|4|
1000002846|6|5|6|7|9|
1000002847|8|8|6|3||
1000002852||5|5|||
1000002863|7|7|4|8||
1000002879|5|5|4|5|6|
1000002885|6|9||||
1000002900|4|||5|4|
1000002907|8|9|8|9|9|
1000002956|6|4|6|5|5|
1000002977||3|3|3|5|
1000002982|5|5|4|||
1000003006|6|6|6|6|6|
1000003012|4|4|4|4|4|
1000003021|6|7|7|7|6|
1000003022||6|||5|
1000003027|7|8|9|8|8|
1000003046|4|4|4|5|4|
1000003051|4|7|6|8|7|
1000003053|4|5|4|4|4|
1000003066|6|5||6|6|
1000003067|5|5|5|4|4|
1000003074|5|6||||
1000003092|4|4|3|3||
1000003101|4|5|4|4|4|
1000003119|4|3|5|5||
1000003125|6||5|5||
1000003128|10|4|6|8|8|
1000003152|6|||||
1000003153|||5|5|5|
1000003181|6|6||5||
1000003188|||5|||
1000003202||5|5|4|4|
1000003213||4|4|4|5|
1000003251|3|3|4|3||
1000003258||4||5||
1000003272|8|7|7|7|8|
1000003283|7|8|8|6|6|
1000003292|||3|3||
1000003296||3|2|3|3|
1000003317|10|||||
1000003364|8|7|6|6|6|
1000003381|6|6|6|7|7|
1000003407|5|||||
1000003409||5||5|5|
1000003428||5|5|6|6|
1000003434|5|6|8|7|6|
1000003459||4|5|5||
1000003470|9|8|10|10||
1000003507|4|4|4|5||
1000003510|5|6|6|6|5|
1000003514|4|4|4|4||
1000003516|4|5|7|7||
1000003522|5|6|4|5||
1000003585|4|3|4|5|4|
1000003604|6|6|5|6|5|
1000003681|7|6|6|8|8|
1000003757|6|5|6|6||
1000003785|4|4|3|3|3|
1000003805||4||3||
1000003811|6||6|||
1000003815|4|5|5|4|5|
1000003818|8|6|7|7|6|
1000003824|5|6||5||
1000003846|8|8|8|8|8|
1000003859||4|||4|
1000003861|5|5||5||
1000003887|7|7|9|8||
1000003888|4|4|4|4|4|
1000003895|4|4|4|7|8|
1000003900|3|4|3|3|3|
1000004002|8|4|4|||
1000004021|4|4|4|4|4|
1000004025|8|5|5|6||
1000004036||||5||
1000004042|4|6|4|4|5|
1000004059|||6|6|6|
1000004072|5|4|5|5|4|
1000004104|4|4|4|4||
1000004123||7|7|5|5|
1000004133|||6|5|4|
1000004136|5|6|5|6||
1000004137|3|2|2|2|2|
1000004157|8|7|7|6||
1000004201|5|5|4|5|5|
1000004215|2|3|2|2|3|
1000004242||5||||
1000004269|6|4|7|4||
1000004270|5|||||
1000004275|6|6|6|||
1000004281|5|4|4|4|5|
1000004285|7|9||||
1000004344|6||6|6||
1000004382|5|6|7|4||
1000004410||7|6|7||
1000004450|2|3|3|3|3|
1000004549|8|6|9|9||
1000004586|7|7|8|6|6|
1000004613|9|10||||
1000004618|5|5|6|5|5|
1000004627|8|6|8|8|10|
1000004672|9|8|9|9||
1000004766|4|4||||
1000004789|4|5|6|5||
1000004792|4|4|4|5|4|
1000004848|4|3||||
1000004904|9|9|9|8||
1000004988||5||||
1000004997|||6|||
1000005010|6|6|6|4|5|
1000005085||4|6|5|5|
1000005113|6||6|9||
1000005158|7|8|8|6||
1000005163|2|2|2|||
1000005167|6|8|8|6|5|
1000005172|4|4|4|5|8|
1000005249|6|6|7|9|9|
1000005289|5|4||9|8|
1000005290|5|6|4|5||
1000005327|4|4|3|3|2|
1000005329|4|||4||
1000005333|5|||||
1000005358|8||7|6||
1000005371|7|6|6|7|6|
1000005379|5|5|8|8||
1000005385|7|6|6|6|6|
1000005390|6|4|5|5|8|
1000005399|5|6|7|7|7|
1000005521|10|||||
1000005544|4||5|6|6|
1000005545|8|6|4|6||
1000005546|5|7|7|8|5|
1000005614||4|4|||
1000005635|5|5|5|6|6|
1000005640|5|4|5|6|6|
1000005644|5|4|3|3|3|
1000005651|4|6|6|8|4|
1000005662|5||7|5||
1000005695|3|3|3|3||
1000005715|5|5|5|5|5|
1000005747||8|8|8|8|
1000005750|5|5|6|6|6|
1000005789|5|||7||
1000005796|8|6|6|6|5|
1000005802|3|4||||
1000005803|6|8|8|6|6|
1000005816|8|5|5|5|6|
1000005841|6|4|5|5||
1000005844|7||6|6||
1000005864|5|6|9|9||
1000005876|6|7|7|6|5|
1000005970|5|6|9|9|9|
1000005985|4|4|5|8|5|
1000005991|7|9|8|8|7|
1000006016|6|6|6|8|5|
1000006035||4|4|||
1000006036|5|4|5|5|4|
1000006060|3|3|4|4|4|
1000006122||6|5|4||
1000006125|6|6|6|4|6|
1000006185|6|6|5|5|5|
1000006233|6||7|6|7|
1000006248|5|5|5|5|5|
1000006259|6|5|7|6|6|
1000006280|3|4|3|3|3|
1000006300|5|5|4|4|6|
1000006336|4|5||||
1000006369|6|7|5|6|6|
1000006374|5|5|6|6|6|
1000006377|3|2||||
1000006387||4|4|4||
1000006411|||4|||
1000006418||7|6|8||
1000006420|5|4|4|4|4|
1000006427|8|9|9|10||
1000006517|6|6|||10|
1000006534|6|5||||
1000006615||6|7|8|7|
1000006641||||4||
1000006649|8|6|5|7|6|
1000006728|6|10|10|||
1000006753|5|8|6|4||
1000006844|9|9||||
1000006860|4|4|4|4||
1000006861|5|5|5|6||
1000006869|8|6|6|6|6|
1000006933|5|5|7|8||
1000006955|10|||||
1000007001|6|5|6|6|5|
1000007019|6|7|7|7|6|
1000007024||4|4|||
1000007041|4|4|4|5|4|
1000007046|8|8|5|6|6|
1000007071|6|5|5|5|5|
1000007096|5|6|6|8|7|
1000007120|6|6|6|6|6|
1000007152||||4||
1000007153|5|5|3|||
1000007156|4|5||5||
1000007168|6|5|8|7|8|
1000007247|4|5|5|5||
1000007251|5|4|4|4||
1000007302|3|4||4||
1000007317|8|||||
1000007323|5|||||
1000007324|6|6||7|6|
1000007345|7|6|7|6||
1000007347|6|6|6|6||
1000007358|||5|||
1000007370|10|||||
1000007388|4|4||||
1000007393||||8||
1000007398|8|8|8|8||
1000007402|4|5|5|5|4|
1000007438|4|4|6|5|5|
1000007446|6|6|6|6|6|
1000007523|4|4|4|||
1000007547||3||||
1000007589|5|5|6|6|6|
1000007661|7|8|8|9|8|
1000007678|7|8||||
1000007698|8|9|9|9||
1000007713|6|6|6|8||
1000007714|7|6|6|6||
1000007729|8|6|6|6|5|
1000007735||4|5|7|6|
1000007741|5|4|4||4|
1000007742||6|6|7|6|
1000007755||8||||
1000007820|8|6|7|8|8|
1000007844|7|6|6|6|6|
1000007846|6|6|6|5|6|
1000007879|9|8|8|9||
1000007904|4|4|5|5|5|
1000007911||5|5|6|6|
1000007931|8|8|8|8||
1000007955|8|8|6|5|8|
1000007956|4|4||5||
1000007960||4||||
1000007966|5|5|5|4||
1000007986|4||6|6|6|
1000008012|4|||||
1000008073|4|||||
1000008078|5|9||||
1000008102|8|8|9|||
1000008112|8|6|6|||
1000008123|5|5|5|4|4|
1000008168|7|6|5|5|5|
1000008172|7|8|8|9||
1000008190|6|6|5|6||
1000008195|6|6|5|4|4|
1000008198|4|6|5|4|5|
1000008231|5|6|7|7||
1000008240|4|6|6|6|6|
1000008247|3|3|4|3||
1000008258|9|10|10|9|9|
1000008292|4||4|||
1000008347|8|9|9|9|9|
1000008383|5|5|5|5|5|
1000008404|4|4|4|4||
1000008412|4|4|4|5|5|
1000008423||6||||
1000008451|4|4|4|5|5|
1000008474|5|||||
1000008498|4|4|4|4|3|
1000008525|4|4|5|5|4|
1000008531|4|4|4|4|4|
1000008576|6||5|5||
1000008586|5|||4||
1000008599|7|9|8|||
1000008607||5|6|5|4|
1000008647|6|6|6|6|6|
1000008651|5|4|5|4|4|
1000008659|4|4||||
1000008660||5|5|5||
1000008687|6||8|7||
1000008712|8|||6|8|
1000008721|6|5|5|4|4|
1000008732|5|5|4|||
1000008753|4|4|4|4||
1000008772|4|5|4|4|4|
1000008807|6|6|7|8|7|
1000008812|8|5|6|5|6|
1000008862|7|6||8||
1000008869||5|4|5||
1000008890|9||9|||
1000008898|6|6|6|5|6|
1000008900|6|7|8|9|9|
1000008975|8|7|8|6|8|
1000009007||4|4|4||
1000009065|5|5|8|8|5|
1000009082|4|5|6|5|4|
1000009155|8|7|6|6|6|
1000009162|6|||||
1000009275|4|5|4|4|4|
1000009323||5|6|9||
1000009329|8|8|8|||
1000009380|5||4|4|4|
1000009385|6|6|6|6|6|
1000009409|5|6|7|7|7|
1000009435|6|5|5|6|6|
1000009456|7||8|7||
1000009511|9||10|||
1000009561|5|8|6|6||
1000009593|4|4|5|4||
1000009646|8|||||
1000009665|6|6||||
1000009667|5|6|8|6|6|
1000009684|5|4||4||
1000009706|6|6|6|8||
1000009728|10|10|10|10|10|
1000009729||||7||
1000009735|4|4|5|4|4|
1000009776|6|||||
1000009783|6|6|6|6|5|
1000009792|6|5|5|||
1000009806|5|4|3|3|6|
1000009810|4||5|4||
1000009844|4|4|3|8|9|
1000009846|5|6|5|5||
1000009890|8|6|6|6||
1000009914|5|8|5|||
1000009917|4|6|8|||
1000009930||4||||
1000009944|||4|4|4|
1000009970|5|4|5|4|5|
1000009972|6|8|8|7||
1000009982|8|9||||
1000010001|4|5|4|4|4|
1000010023|3|4|4|3|3|
1000010024|8|7|7|7|8|
1000010042|6|6|4|4|4|
1000010049|4|4|4|3|3|
1000010089|7|6|6|5|6|
1000010111|6|5|6|6|8|
1000010131|5|6||||
1000010155|5|4|5|4|5|
1000010159|4||4|5||
1000010177|5|6|6|6|6|
1000010181|4|4|5|4|5|
1000010236|8|8|8|8||
1000010238|5|3|4|3|4|
1000010245|6|5|5|4|4|
1000010266|3|4||||
1000010279|4|4|4|3||
1000010282|4|5|5|6|6|
1000010330|6|8|10|7|9|
1000010337|6||5|||
1000010388|6|6|6|6|6|
1000010405|8|7|6|8|9|
1000010427|6|6|6|6|6|
1000010456|7|6|6|6|6|
1000010480|4|3|||3|
1000010481|6|6|8|8||
1000010592|5|5|4|||
1000010611|9|7|7|7||
1000010646|4|5|6|6|7|
1000010671|6|7|8|7||
1000010723|4|4|4|4|4|
1000010729||||4||
1000010734|4||4|3||
1000010748|5|6|7|6|8|
1000010838|5|6|6|6|6|
1000010855|5|6|5|6||
1000010868|4|3|3|3|3|
1000010873||4|4|4|4|
1000010906|7|8|8|8|6|
1000010910|3|2|2|2|2|
1000010958|5|5|5|5|5|
1000010983|||4|4|5|
1000011002||7|||7|
1000011004|6|5|6|6||
1000011033|4|4|4|||
1000011038||5|4|4|4|
1000011050|6|7|7|6||
1000011062|4|4||5|6|
1000011072|6|6|6|7|7|
1000011103|6|5|8|6|5|
1000011105|6|6|5|5||
1000011118|6|6|6|5|6|
1000011154|6|7|7|7||
1000011158|4||5|5|5|
1000011165|6|7|6|8|8|
1000011166|6|6|6|8|8|
1000011180||7||9||
1000011206|4|4|5|4||
1000011223|8|9|10|10||
1000011249|9|8|8|9||
1000011251|7|7|8|8|8|
1000011264|7|5|6|6||
1000011287|4|4|4|4||
1000011318|9|8|8|8|8|
1000011337|5|6|6|6|6|
1000011361|2|2|2|2|2|
1000011362|4|4|4|6|5|
1000011364|5||6|5||
1000011368|4|7|6|8|8|
1000011384||5|5|6|6|
1000011393|8|8|8|8|7|
1000011403|7||8|8|8|
1000011416|8|8|8|8||
1000011427|5|5|4|5|4|
1000011466|3|4||5|5|
1000011469|4|5|4|4|4|
1000011501|6|5|5|5|5|
1000011502|5|4|5|6||
1000011535|6|7|6|||
1000011555|5|6|4|8||
1000011565|9|8||||
1000011585|6|7|6|6|6|
1000011606|8|6|6|6|6|
1000011622|5|4|4|4||
1000011669|6|5|5|6|6|
1000011672|7|6|6|6||
1000011673|5|5|8|8|6|
1000011782|6|7|9|9||
1000011784||9|8|7||
1000011789|6||7|7|6|
1000011797||4|5|6||
1000011922|4|||||
1000011952|5|4|5||6|
1000011959|6|4|4|4|3|
1000011966|6|6|7|7||
1000011978|4|4||4|4|
1000011980|4|6|6|7|6|
1000011986|7|6|6|6|6|
1000011989|8|8|8|8|5|
1000012009|5|9|8|10||
1000012021|2|2|2|2|2|
1000012023|4|5|4|3|3|
1000012044|7|6|7|5|5|
1000012045|6|8|6|6||
1000012058|5||5|||
1000012122|4|3|3|3|3|
1000012142||6||5||
1000012179|3|3|5|5|6|
1000012182|4|||||
1000012186|5|5|5|5|5|
1000012202||5|5|5|5|
1000012218|4|||||
1000012226|6|4|4|4|3|
1000012247|8|7|6|5|5|
1000012254|6|5|5|5|4|
1000012258|4|3|4|||
1000012269|3|4|4|3|4|
1000012275|4|5|5|5||
1000012299||5|6|7||
1000012305|6|8||9||
1000012316||4|4|5||
1000012332||6|6|6|7|
1000012366|6|6|6|6|7|
1000012375|8|8|7|8||
1000012410|6|5|5|4|6|
1000012426|3|4|5|5|5|
1000012460|6|6|6|6|5|
1000012491|5|5|6|5|6|
1000012516|4||4||4|
1000012526|6|7|8|6||
1000012527|4|4|4|4|5|
1000012545|4|6|5|6|6|
1000012566|5|5|5|5|5|
1000012568|6|6|6|6|4|
1000012574|5|6|6|6|6|
1000012579|7|7|7|10||
1000012583|4|4|4|5|5|
1000012622|8|8|8|9|9|
1000012627|6|7|7|6|7|
1000012631|5|6|6|5|6|
1000012647||4||||
1000012664||8||8||
1000012666||5||||
1000012680|5|5|6|5|5|
1000012729|4|4||||
1000012767|5|7|7|6|5|
1000012771|||7|7||
1000012773|4|4||5||
1000012775|6|||6||
1000012792|7|6|6|6|6|
1000012799|4|4|4|4||
1000012802|4|5|9|9||
1000012827|6|6|6|7|7|
1000012852|8|8|7|8||
1000012863|||5|||
1000012875|6|9||||
1000012908|4|6|7|7|9|
1000012912||6|5|6||
1000012929|2|2|2|2|2|
1000012937|5||5|5|4|
1000012977|6|||||
1000012980|4|4||||
1000012994|4|4|4|4|3|
1000013000|4|5|||4|
1000013028||4|4|4|6|
1000013030|4|5|5|7|7|
1000013035|6|5||5||
1000013049||6||||
1000013087|||4|5|4|
1000013108|5|5|5|5||
1000013114|5||5|6|6|
1000013160|6|5|6|5||
1000013174|6|6||6||
1000013214|4|5|5|8||
1000013222|4|4|4|4||
1000013236|8|8|9|9|7|
1000013241|7|8|8|8|8|
1000013253|5||6|5||
1000013256|6|6|5|5||
1000013277|7|6|5|5|5|
1000013286|4|4|4|4|4|
1000013296|5|||||
1000013313|3|3|3|3|3|
1000013324|5|4|4|3||
1000013348|5|5|5|7||
1000013371|8|8||||
1000013379|7|8|6|8|8|
1000013409|4|4|4|5|6|
1000013458|9|7|8|8|8|
1000013507|5|6|6|6|6|
1000013512|4|4|4|4|4|
1000013523|6|6|6|6|6|
1000013533|4|4|3|4|3|
1000013543|4|5|5|6||
1000013545|5|7|6|||
1000013561|4|5|5|5|5|
1000013655|5|4|5|4|4|
1000013662|5|5|5|6||
1000013666|6|6|6|6||
1000013679|4|4|4|5||
1000013688|3|3|4|3|4|
1000013697|5|5|5|8|8|
1000013713|5|4|4|4||
1000013722|6|6|6|6|7|
1000013740|8|9|10|||
1000013746|8|7|5|8|7|
1000013789|4||4|6|6|
1000013791|5|5|5|6|6|
1000013796|3|4|4|5|5|
1000013831|6|6|8|8|8|
1000013838|5|5|6|4||
1000013964|4|5|6|6|5|
1000013966|5|6|5|8|6|
1000013981|5|6|6|5||
1000013986|8|8|8|8|8|
1000013994|5|5|5|5|5|
1000013998|7|6|6|6|5|
1000014015|3|4|4|3|4|
1000014021|6||5||6|
1000014056|5|5|5|5||
1000014076|8|7|8|8|8|
1000014088|5|||||
1000014104|5|5|5|5|5|
1000014113|6|6|6|6|6|
1000014137|||5|6||
1000014159|6|10|8|10||
1000014167|4|5|5|8|6|
1000014237|8|8|8|8||
1000014259|5|4|5|5|5|
1000014298|6|5|5|4|4|
1000014311|5|5|5|6|6|
1000014325|6|6|6|6|6|
1000014328|6|5|4|||
1000014337|7|8|9|10|10|
1000014374|7|8|9|8||
1000014378|5|6|5|5|6|
1000014379|4|5|5|8||
1000014385|6|5||5||
1000014414|4|4|4|4|4|
1000014430|4|4|4|6|5|
1000014432|4|4|6|4|4|
1000014435|4|4|3|3|3|
1000014453|4|4||4||
1000014486|8|5|5|6|6|
1000014493|5|5||5|6|
1000014494|3|3|4|3|3|
1000014497||5||4|5|
1000014515|4|4|4|5|4|
1000014525|3|5|4|8|8|
1000014539|5|5|5|4||
1000014577|6|5|5|5|6|
1000014578|6|7|9|9||
1000014585|6|8|8|10|10|
1000014605|4|5|5|5|5|
1000014616|6|6|6|7|6|
1000014619|8|9||||
1000014650|5|6|7|6|6|
1000014739||5||5|5|
1000014751|6|6|6|6||
1000014752|6|6|7|7||
1000014763|5|4|4|4|4|
1000014765|3||3|3||
1000014766|4|5|4|5|4|
1000014794|3|3|3|3|4|
1000014842|5|6|6|6|5|
1000014882|5|5|5|5||
1000014904||6|6|6|5|
1000014907|6|4||5||
1000014927|6||6|6|6|
1000014932|7|6||9|9|
1000014949|3|3|4|4|5|
1000014963|6|6|7|8||
1000014965|7|6|6|6|6|
1000015006|5|6||||
1000015018|4|4|5||5|
1000015091|3|3|4|3||
1000015099|7|6|6|8|8|
1000015110||||4||
1000015124|5|5|6|5|5|
1000015138|5|4|5|5||
1000015148|||4|||
1000015150|5|6||5|6|
1000015152||4||||
1000015153|4|4|4|6|6|
1000015160|8|6|8|8||
1000015162|6|6|7|8|8|
1000015168|4|||4||
1000015189|4|6|||6|
1000015213|5||5|5||
1000015249||4|4|4|4|
1000015259|8|8|8|8|7|
1000015338|4||4|8|7|
1000015348||4|4|||
1000015366|5|3|4|4||
1000015378|4|4|4|4||
1000015431|5|4|4|4|4|
1000015461|6|7|7|6|6|
1000015489||||4||
1000015503|6|6||6||
1000015506|6|6|6|5|4|
1000015562|7|8|6|7|7|
1000015590||8|8|8||
1000015602|5|6|6|5|5|
1000015605|5|6|5|5|6|
1000015640|4|8|7|6|6|
1000015656|5|5|5|5||
1000015677|4|5|5|5|5|
1000015701|||5|5|4|
1000015703||4|4|4|4|
1000015724||9||||
1000015743|5|6|7|8|6|
1000015748|4|5|4|4||
1000015761|6|5|6|||
1000015781|4|4|4|4|4|
1000015837|4|4|4|4|4|
1000015841||||4||
1000015855||4|4|||
1000015879|7|5|6|6|6|
1000015884|5|5|5|||
1000015904|6|9||||
1000015912|3|4|4|5|4|
1000015918|5|4|5|6|5|
1000015960|7|7|7|6|7|
1000015973|4|6|6|5|6|
1000015975|3|4|4|2|3|
1000015995|4|3|3|4||
1000016001|5|6|6|7||
1000016005|5|7|6|6|6|
1000016036||4|4|4|3|
1000016039|6||5|6|5|
1000016089|8|9|8|10||
1000016104|10|||||
1000016107|6|6|6|6||
1000016136|8|8|8|8|8|
1000016138|6|6|6|6|6|
1000016139||5|8||8|
1000016162|4|5|5|5|5|
1000016176|4|5|7|6|6|
1000016184|6|6|6|6||
1000016189|8|9|8|9|9|
1000016213|10|8|7|9|8|
1000016245|5|||||
1000016314|8|8|7|7|7|
1000016359|8|6|9|6||
1000016380|5|5|5|5||
1000016394|5|||||
1000016432||||4|4|
1000016471|5|5|5|6|5|
1000016472|6|6|4|4||
1000016499|6|6|6|6||
1000016527|4|4|4|3||
1000016539|6|7|5|6||
1000016577|7|8|7|6||
1000016593|4|5|5||4|
1000016603|4|5|6|5|6|
1000016605|9|10||||
1000016629|6|6|6|4||
1000016638|6||7|6|8|
1000016642|5|||5||
1000016694|8|7|8|7|7|
1000016696|||9|8|8|
1000016728|4|7|6|7|5|
1000016790|5|5|5|5|5|
1000016817||||6||
1000016834|6|6|7|6||
1000016852|6|4|4|4|4|
1000016861|7|6|8|5|6|
1000016863|7||6|6|6|
1000016899|6|6|6|6|6|
1000016905|4|4|3|4|3|
1000016911|6|6|6|7|7|
1000016916|4|6|6|8|8|
1000016926|6|3|4|4|4|
1000016942|6|6|6|6|6|
1000016954|6|4|6|6|5|
1000016971|7|6|||7|
1000016978|7|6|6|6|6|
1000016988|4|5|6|5|5|
1000016998|||6|8||
1000017003|6||6|5|5|
1000017009|4|4|4|8|8|
1000017023|4|5|5|4|4|
1000017040|5|5|5|5|5|
1000017048|6|5|6|6|4|
1000017051|4|||4||
1000017055|5|5|6|6|6|
1000017099|4|6|4|4|3|
1000017101|6|8|6|8|8|
1000017115|||4|5|5|
1000017130|6|6|5|6||
1000017133|6|5|6|5|6|
1000017134|||4|||
1000017136|3|2|2|2|2|
1000017181||4|5|8|4|
1000017182|6|6|7|7||
1000017196|6|5|7|6|7|
1000017209|5|4|4|3||
1000017210|4|4|4|4|4|
1000017234||5|5|4|5|
1000017237|6|6|6|4||
1000017268|5|5|5|6|5|
1000017305|6|4|4|4|5|
1000017326|4|5|5|5||
1000017395|8|9|9|10||
1000017408|6|7|7|7|6|
1000017415||5||||
1000017424|||8|6||
1000017435|7|6|6|8|7|
1000017439|6|5|||5|
1000017444|5|7|6|4|5|
1000017449|4|5|5|4|5|
1000017458|5|5|5||5|
1000017463|4|||||
1000017476|5|6|6|6|6|
1000017508|6|6|6|8|7|
1000017532|8|6|6|6|6|
1000017544|5|4|5|7|6|
1000017549|6|5|6|6|6|
1000017552||3|4|3|4|
1000017556|3|3|3|3|3|
1000017563|3|4|4|4||
1000017572|8|8|6|8|8|
1000017610|5|5||||
1000017613|5|5|4|7||
1000017618|6|6|6|8|7|
1000017621|5|4||||
1000017631|5|5|5|4|5|
1000017640|6|5|6|4|6|
1000017648|4|4|4|5|5|
1000017719|4||||2|
1000017724|8|8|10|9|9|
1000017728|4|4|6|6|6|
1000017729|8|7|8|8|7|
1000017744|4|4|4|4|5|
1000017749|6|5|5|4|4|
1000017750|5|6|8|8|8|
1000017754|4|4|4|4|4|
1000017759|6|6|8|8|7|
1000017762|6|6||6|6|
1000017825|7|7||7||
1000017846|2|2||3|3|
1000017849|4|4|5|5|4|
1000017855|5|5||5|4|
1000017856|4|5|4|4||
1000017871|8|9||||
1000017880|5|4||5|5|
1000017881|6|4|5|5|6|
1000017887|6|7|7|7|7|
1000017948|4|4||4||
1000017967|4|4|4|4|4|
1000025160||8|8|9|9|
1000018013|5|5|5|6|6|
1000018055|||5|5||
1000018061|6|4|4|4|4|
1000018102|6|7||7|7|
1000018122|5|8|8|9||
1000018203|4||4|3||
1000018222|5|5|6|6|5|
1000018239|4|4|4|4|5|
1000018243|4|3|3|4|5|
1000018248|5|5|5|5||
1000018260|4|4|5|4|4|
1000018268|5|5|5|6|5|
1000018285|5|4|3|5||
1000018332|5|6||||
1000018340|8|9|10|10||
1000018352|5|5|7|6|6|
1000018365|4|4|4|5|4|
1000018404|4|4|4|4|5|
1000018408|4|3|3|3|6|
1000018504||5||5|3|
1000018509||5|5|6||
1000018516|5|5|5|4|4|
1000018523|5||5|||
1000018545|8|6|9|6|7|
1000018546|8|9|10|||
1000018554|4|3|3|4||
1000018572|5|8|9|8|8|
1000018595|5||6|6|6|
1000018623|5|5|5|5|5|
1000018626|5|5|6|6|6|
1000018631|5|5|5|5|4|
1000018679|5|5|6|6|6|
1000018685|6|6|5|5|7|
1000018719|5|5|6|6||
1000018720|7|8|9|9|10|
1000018736|4|4|4|6|6|
1000018751|6|6|5|5||
1000018790|5|6|6|4|5|
1000018857|5|5|5|5||
1000018889|6|6|6|6|7|
1000018899|3|4|4|5|4|
1000018912|4|4|5|6|5|
1000018914|5|||||
1000018934|3|4|4|3||
1000018968|4|4|5|6|5|
1000018990||9||||
1000019037|7|6|7|8||
1000019038|6|6|5|5|5|
1000019044|6|6|7|8|8|
1000019064|4|3|5|||
1000019114|4|4|5|5|4|
1000019127|5|8|9|9||
1000019140|6|6|5|5|8|
1000019142|8|8|6|8|6|
1000019143|5|5|7|9|9|
1000019147|3|4|4|4|4|
1000019152|||4|4||
1000019159|6|6|8|10|8|
1000019171|6|4|4|4|4|
1000019188|8|8|8|7|7|
1000019190|5|6|5|8||
1000019200|4||4|||
1000019204|8|4|8|8||
1000019241|10|||||
1000019273||4|3|3||
1000019305|6|||||
1000019372|4|4|4|||
1000019378||8|8|7|8|
1000019388|4|5|7|5|7|
1000019389||6||5||
1000019393|5|4|5|4||
1000019406|5|5|3|||
1000019426|6||7|7|7|
1000019466|9|||||
1000019471|6||6||6|
1000019490||8|8|8||
1000019516|4|5|6|5|5|
1000019555|5|6|6|6|6|
1000019561|6|5|5|5|4|
1000019563||4|5|4|3|
1000019581||5|6|6||
1000019582|4|8|8||5|
1000019600|6|7|6|6|6|
1000019617|5|5|5|4|5|
1000019662|7|10||||
1000019705||6|6|4|4|
1000019708||6|6|7|7|
1000019709|4|4|5|5||
1000019710|10|9||||
1000019742|5|7|6|6|6|
1000019745|5|4|6|8|8|
1000019759|6|4|5|5|5|
1000019779|6|6|6|6|5|
1000019783|9|8|8|7|6|
1000019837|4|5|5||4|
1000019839|6|6|5|||
1000019857|5|5|4|3||
1000019866|8|9|8|8|8|
1000019879|6|6|6|6||
1000019916|4|||4||
1000019957|7|8|6|6||
1000019989|5|5|6|6|6|
1000020011|6|7|5|5|5|
1000020013|8|7|9|||
1000020026|4|5|5|5|5|
1000020027|5|5|5|6|5|
1000020029||5|4|4|4|
1000020043|6|8|7|8|9|
1000020049|4|5|5|4||
1000020065|6|8|8|8|8|
1000020112||4|6|||
1000020145|5|6|5|5|4|
1000020155|5|6|6|7|6|
1000020169|4|4|5|8||
1000020192|3||3|4|4|
1000020199|6|6|6|6|7|
1000020204|4|4|4|4|4|
1000020209|6|4|5|5||
1000020229||6|6|5|5|
1000020235|6|6|6|6||
1000020252|7|6|6|6||
1000020295|4|8|9|10|9|
1000020345|3|4|4|4|3|
1000020356|8|8|7|8|8|
1000020377|4|5|6|8||
1000020380|3|3|4|4|4|
1000020411|5|6|6|6|5|
1000020425||4||5|4|
1000020427|6|7|6|6|6|
1000020431|5|5|5|5|5|
1000020507|5|8|10|9||
1000020509|6|8|8|7||
1000020540|7|9|6|6|6|
1000020542|4|4||4||
1000020547|5|4|6|5||
1000020572|6|8|6|6||
1000020596||7|7|||
1000020608|8|8|6|6|6|
1000020733|8|7||7||
1000020745|4|5|7|9|9|
1000020762|||6|||
1000020776|5|6|9|6|5|
1000020806||4|4|4||
1000020824|5|5|5|4|3|
1000020873|||||5|
1000020942|4|4|5|4||
1000020984|4|4|4|4||
1000021012|8|9||||
1000021025|5|5|5|5|5|
1000021050|5|6|5|7|8|
1000021055|4|5||5||
1000021063|4|4|4||3|
1000021093||4||4||
1000021101||7||6||
1000021125|6|6|6|6|6|
1000021126|6|5|7|6|6|
1000021130|6|7|6|6|6|
1000021137|5|6|6|6||
1000021175|5|7|6|6|6|
1000021182|||8|7|6|
1000021210|8|6|6|6|6|
1000021288|8|8|8|6|6|
1000021295|7|7||8||
1000021303|5|6|7|6|6|
1000021322|4|5|4|||
1000021338|3|4|4|4|4|
1000021341|5|6|9|||
1000021344|7|7|6|7||
1000021353|5|6|6|5||
1000021385|4|4||4||
1000021388|7|6|7|8|8|
1000021390||||6||
1000021395|8|7|8|8||
1000021405|6|4|4|5|6|
1000021407|6|5|4|4||
1000021416||8|8|8||
1000021422||7|7|6|6|
1000021460||4|4|||
1000021463|4||4|4|4|
1000021470|5|6|5|5||
1000021478|5|4|4|4||
1000021513|5|4|4|4||
1000021523|8|8|8|8||
1000021525|4|4|7|6|7|
1000021545|8|8|10|||
1000021556|6|6|6|5||
1000021587|5|5|5|4|4|
1000021654|4|5||||
1000021708|5|5|6|6|6|
1000021744|4|4|4|4||
1000021758|5|6|6|6|5|
1000021765|5|5|6|5||
1000021767|6|7|7|7|7|
1000021779|5|5|5|6|6|
1000021785|6|5|5|5||
1000021788|8|9|8|8|8|
1000021802||6|6|6|6|
1000021858|7|8|8|6||
1000021865|8|10|10|||
1000021892|6|6|6|6|6|
1000021893|6|5|6|5||
1000021923|5|4|5|5||
1000021938|7|9||||
1000021962|6|6|8|6||
1000021985|5|6|8|8|5|
1000021994|6|7|8|8|8|
1000022001|5|6|4||4|
1000022012|5|5|5|6|6|
1000022018|7|6|8|6|6|
1000022058|5|6|5|6||
1000022079|5|5|4|5||
1000022096|6|6||||
1000022105|3|3|4|4|5|
1000022106|||5|6||
1000022123|6|6|6|7|8|
1000022130|4|4|3|3|4|
1000022182|||5|||
1000022205|||5|8||
1000022210|5||4|5||
1000022215|5|4|4|4|4|
1000022290|7|8||||
1000022299|4|4|5|4||
1000022309|7|7||8|8|
1000022333|7|6|6|5|4|
1000022339|4|4|4|4|4|
1000022342|||8|8||
1000022403|8|||6||
1000022409|4|||||
1000022418|||6|7|6|
1000022423||||5||
1000022427||8||5||
1000022472|6|6|6|5|6|
1000022482|6|6|6|7|8|
1000022492|6|5||6||
1000022497|8|||||
1000022519|3|4||||
1000022526|7|10||||
1000022547|4|4|8|5||
1000022558|7|8|7|6|6|
1000022580|5|6|5|5|5|
1000022584|8|7|6|5|5|
1000022595|4|4|4|5|5|
1000022670|4|6|5|6|5|
1000022678|4|4|4|4|6|
1000022679|5||6|6||
1000022701|6|6|7|6||
1000022703||5||||
1000022733||4|4|4|5|
1000022806|5|4|4|4||
1000022854|6||6|7|9|
1000022862|7|9|10|9||
1000022866|8|8|9|8|9|
1000022874|5||5|||
1000022912|7|7|8|8|9|
1000022956|6|7||||
1000022958|5|4|6|6||
1000022998|7|10|9|||
1000023017|6|5|5|6||
1000023046||||4||
1000023069|5|4|3|5|4|
1000023113|6|6|6|6||
1000023115|9|6|6|8||
1000023122|5|5|5|5||
1000023129|7|6|6|6|5|
1000023134||4|5|||
1000023143||8|8|7||
1000023155||4|5|6||
1000023158|4|4||||
1000023164||3|4|4|5|
1000023166|4|4||||
1000023173||6|8|4||
1000023198|6|5|5|5|5|
1000023228|9|8|10|||
1000023233|9|8|9|9||
1000023281|3|3|4|5||
1000023314||4||4|6|
1000023337|7|7|7|7||
1000023341|7|7|8|9|9|
1000023351|8|7|7|8||
1000023390|4|4|5|5|5|
1000023411|5|4|5|||
1000023425|7|||||
1000023428|6|5||||
1000023446|7|8|7|7|6|
1000023464|6|6|6|8|6|
1000023485|5|4|5|4||
1000023493||4|4|4||
1000023512|5|5|5|4|5|
1000023523|7|7|8|8||
1000023525|4|5|5|8||
1000023544|6|6|6|5||
1000023577|4|6|6|5|4|
1000023586|4|4||||
1000023593|8|9||||
1000023605|||4|4||
1000023607||4|4|3|4|
1000023608|6|7|7|||
1000023609|6|6|6|6|6|
1000023619|6|5|5|6||
1000023623|9|10||||
1000023642|4|4||||
1000023660|5|5|4|4|4|
1000023671|7|6|6|7|8|
1000023683|8|8|6|6|6|
1000023688|5|||||
1000023691|10|10|10|9|9|
1000023700|3|4|3|3|3|
1000023709|6|6|6|6|7|
1000023714|4|4|3|4|4|
1000023724|4||4|5|5|
1000023737|8|9||||
1000023745|4|4|4|6|6|
1000023753|6|6|6|5|5|
1000023760||5|6|6|6|
1000023803|6|6|7|6||
1000023844|7|8|7|6|5|
1000023847|6|6|6|6|5|
1000023858|5|5|5|6|6|
1000023925|6|5||5||
1000023930|8|8|8|8|8|
1000023946|6|8|7|9|9|
1000023948|7|6|6|8|6|
1000023951|4|||||
1000023952|4|5|6|6|6|
1000023989|5|6|6|6||
1000024006|8|8|5|5|5|
1000024035|7|9||||
1000024107|4|4|6|5|4|
1000024124|6|6|6|6|6|
1000024170|4||4|3||
1000024193|6|7|7|8||
1000024200|4|4|5|5|5|
1000024204||6||6||
1000024206|5|5|6|6|6|
1000024226|6|6|6|||
1000024293||5|6|6||
1000024351|5|4|4|6||
1000024374|6|7|5|5||
1000024392|4|4|4|4||
1000024404||6||5||
1000024511|5|8|8|9|9|
1000024515|9|8||||
1000024551|7|6|8|6|8|
1000024563|6|5|6|8||
1000024581|8|8|8|8|8|
1000024584|9|9||||
1000024586||5|5|6||
1000024639|5|6|6|8|7|
1000024648|5|4|4|4|4|
1000024657|6|6||6||
1000024987|4|4|5|6|6|
1000024989|5|6|7|6|6|
1000025033||4||6||
1000015304|6|6|5|4|4|
1000024867||||6||
1000024744|4|5|6|6|6|
1000025043|6|6|6|6|6|
1000025100|9|8|8|8|8|
1000025105|6|||9||
1000008149|6|6|6|5|5|
1000024795|4||6|5|5|
1000012119|8|7|7|8|7|
1000026070|4|6|6|6|5|
1000023321|5|6|5|6||
1000012472|4|4|4|5|4|
1000020883|6|5|4|4|4|
1000020884|6|5|8|5|6|
1000011485|5|6||6|6|
1000022573|5|5|6|5|6|
1000023813|5||||4|
1000025671|4|4|5|4|3|
1000025531|7|8|6|||
1000008366|4|||||
1000023270|8|8|8|||
1000024555|6|5|4|5||
1000024560|5|5|5|4|6|
1000024850|7|5|4|4|6|
1000024776|6|4|6|5||
1000018730||5|4|||
1000025814|6|6|7|7|7|
1000025818|6|5|7|7|7|
1000019798||4|5|||
1000025929|10|10||||
1000019279|8|8|8|7|7|
1000019280|5|4|4|4|4|
1000013131|7|8|6|8||
1000005335|8||6|9||
1000005336|5|4||||
1000005452|5|||||
1000006748||||4||
1000013479|6|5|5|4||
1000006792|6|6|8|8|8|
1000026038||9|10|9||
1000018096|9|||||
1000011217|8|8|8|6||
1000008691|4|5|5|9|8|
1000024420|4|4|4|4|4|
1000024700||6|5|6||
1000016439|4|4|4|4||
1000006738|5||8|9||
1000006734|||5|||
1000016540|5|5|5|5|5|
1000016551|6|5|6|6|7|
1000025485|6||6|6||
1000005497|4|4|5|6||
1000025686||4||4||
1000025509|6|6|7|6|7|
1000018080|6|5||6|5|
1000025696|8|8|8|9|9|
1000006791|8|6|7|7|7|
1000015681|3|4|4|5||
1000026824|5|6|5|5|6|
1000010924|5|4|4|5|4|
1000005437|5|5|6|9||
1000005440|4|8|9|8|9|
1000019247|5|7|6|6||
1000019248|5|5|5|4|4|
1000025056|8|||||
1000020118|8|||||
1000021647|6|6|6|6||
1000006721|4|4|4|5||
1000025374|5|4|4|5|5|
1000025382|7|8|8|6|7|
1000010814|4|3|4||4|
1000026198|4|4||4||
1000025337|8|8|8|8||
1000025842|4|4|4|4|4|
1000025845|5|5|5|||
1000005387|6||5|5||
1000024832|9|9|9|10||
1000025294|6|6|6|6||
1000025300|6|7|7|9||
1000024945|6|||||
1000018161|6|6|5|5|4|
1000018163|4|3|4|4||
1000025891||5||4||
1000006764|8|7|6|6||
1000023415||4|4|||
1000005517|7|7|7|8|6|
1000026488|8|8|8|8|7|
1000019690|10|||||
1000006757||3||||
1000026574|6|6|9|||
1000007327||5||6||
1000026138|5|5|6|7|7|
1000027072||6||||
1000025750|6|9|9|9|9|
1000025069|4|5|7|6|6|
1000025071|6|5|4|||
1000023823|6|5|6|6||
1000008908|4|4|5|5|5|
1000026286|5|6|7|8|9|
1000014277|5|5|4|4|4|
1000026298|5|5|6|6|6|
1000027205|5|4|4|4||
1000025764|8|7|7|8||
1000018141|8|7|8|8|7|
1000025188|||4|4||
1000019312|6|7|7|6||
1000019313|7|6|7|8|8|
1000025261|6|6|6|5||
1000026450|5||6|6|6|
1000008671|7|6|6|||
1000025358|5|||5|5|
1000015301|8|6|6|7|8|
1000007977|7|6|8|9||
1000021119|8|9|9|||
1000025586|5|6|5|5|6|
1000025588|8|7|7|6|7|
1000025590|6|9|10|||
1000025752|8|8|8|8|8|
1000013755|4|4|4|3||
1000016668|6|6|7|8||
1000015614|5|5|4|6|6|
1000021932||5|5|5||
1000026556|4|6||4||
1000026560|5|5|4|||
1000025917|4||8|9||
1000024075|5|6|6|7|6|
1000025663|8|8|9|8|8|
1000025664|6|7|8|8|7|
1000014230|8|8|7|8||
1000023306|8|7|8|7|8|
1000014396|7|6|6|7|7|
1000007887|5|8|8|||
1000009933|5|5|5|5||
1000025412||7||4||
1000008379|5|6|5|6|9|
1000021716|10|||||
1000023287|9|10|10|||
1000005303|4||8|8|4|
1000025568|||4|4||
1000005258|8|8|8|8|6|
1000024965|9|9|8|8|8|
1000024733|6|7|6|6|6|
1000019263|8|7|7|6|6|
1000019268|4|5|5|7|5|
1000021791|6|6|6|6|6|
1000026002||5|4|5||
1000026871||8|6|7||
1000027523|7|8|6|6|6|
1000025508|6|8|5|4||
1000011893|5|5|5|5|5|
1000024885||4|5|6|6|
1000024887|5|5|5|||
1000026499|5|5|5|5||
1000025644|5|4|3|3||
1000026453|8|5|9|8|8|
1000027613|4|4||5||
1000025084|8|8|8|6|6|
1000026519|4|5|5|5|7|
1000027539|6|6|4|4||
1000027963|6|7|8|8||
1000028014|5|5|5|6||
1000026992||||4||
1000026649|5|8|6|7||
1000027585|4|4|4|4||
1000028887|5|9|9|10||
1000026841|5|4||||
1000014200|6|7|6|8||
1000027111|||6|8|8|
1000027113|6||6|6||
1000027908||||6||
1000026220|8|9|9|9||
1000025444|5|5|5|5|5|
1000026493|7|7|8|8||
1000024242|6||6|6||
1000010570||7|9|||
1000025614|5||4||4|
1000025919|4|4|4|5|6|
1000027230|6|5|3|4|4|
1000027760|6|6|8|8|7|
1000027896|6|6||||
1000028117|6|6|6|6|6|
1000027218|6|6|6|6||
1000025565|5||5|6|6|
1000018168|6|6|7|6|6|
1000027456|5|8||||
1000029071||4|5|5|5|
1000027975|4|7|5|7|6|
1000025091|3|4||4||
1000028954|9|10||||
1000027438|5|5|6|7||
1000018154|6|6||7|8|
1000026938||6|5|||
1000028093|8||||6|
1000005587||||4||
1000028234|5|5|6|7|8|
1000028237|9|9|9|6|6|
1000027470|5|6|8|6||
1000027511|8|6|7|9||
1000026727|5|5|6|6||
1000026025|5|||4||
1000027732|6||6|||
1000024708|9|8|8|8||
1000027295|7|6|5|5|5|
1000028826|7|6|6|5|6|
1000026809|4||4|||
1000026787|6|5||6||
1000025625|6|6|6|5|6|
1000028205|5|6|8|8|8|
1000025759|8|7|8|7||
1000027867|4|4|4|||
1000029171|5|4|4|4||
1000027847|4|||||
1000028897||8|9|10||
1000027648||4|4|4||
1000027283||8||8||
1000025553|9|10|9|10||
1000025804|4|4|4|4||
1000028363||5||4||
1000028364|8|6|8|8|10|
1000026767|6|8|8|9|9|
1000026771|4|4|4|4||
1000025028|6|6|6|6|5|
1000029757|4||4|4||
1000028349|5|5||||
1000028071||6|6|6|9|
1000028074|6|8||||
1000028454|4||3|||
1000026147|5|6|6|7||
1000028294|4|4|5|4|4|
1000024996|8|9|8|6|6|
1000028575|6|8||||
1000028577|6|6|7|7|6|
1000029094|8|9|9|9|10|
1000028975|8|9||||
1000028423|||7|7|8|
1000027521|8|4|4|4|4|
1000027522|6|6|8|||
1000026850||8|10|||
1000026853|4|6|7|6|5|
1000027621|4|4|5|4|4|
1000027623|6|6|7|9||
1000022603|4|4|4|4|4|
1000022604|5|5|5|4|5|
1000027158|6|6|5|4|5|
1000027162|6|4|5|6||
1000021397|5|4|5|5|4|
1000028228|6|6|6|4||
1000027710|4|6|6|5|5|
1000024829|7||6|6|6|
1000029697|5|9|9|9|9|
1000028676|||||6|
1000026733|8|8|9|||
1000028506|8|||||
1000030119|8|6|7|7||
1000030120||||5||
1000026185||||5|5|
1000027380|5||5|6|7|
1000025577|6|5||5||
1000025578|5|5|4||5|
1000028051|5|5|5|6|6|
1000028172|5|7|6|6|6|
1000028174|5|4|5|5||
1000030237|5|4||5||
1000026399|||8|7||
1000027054|9|10||||
1000028068|||5|7||
1000027941|4|6||||
1000030022|6|6|5|6|8|
1000028019|6|6|6|6|6|
1000027754|4||5|4||
1000026748|9|8|9|9|9|
1000026928|8|9|8|8|7|
1000027066|6|||6|6|
1000027069|5|5||||
1000030575||5||||
1000030470|6|8|7|7|6|
1000031410||8|8|5|8|
1000030477|7|8|6|6||
1000030166||9|8|||
1000030653||6|6|6|6|
1000030654|4|4|4|4|4|
1000030257|6||7|9|9|
1000030862|5|6|8|8|8|
1000031275|5|6|5|6||
1000029271|6|8|9|||
1000029970|6||5|5|7|
1000030487|6||5|||
1000030763|8|7|8|8||
1000030764||10|9|6||
1000030346|5||7|8|8|
1000028346|6||6|6|6|
1000009353|||5|||
1000030288|7|5||5||
1000029962||5||||
1000029672|6|||7||
1000030272|7|6|6|8||
1000030410|5|5|6|6|6|
1000029980|6|6||||
1000029108|5||4||5|
1000030187|9|9|5|6|4|
1000029365|4|5||||
1000030135|4|4|5|4|4|
1000029040|6|5|6|8|5|
1000031078|||7|6||
1000029509|7|||||
1000029197|5|4|5|6||
1000030125|6|5|5|5|5|
1000029216|5|4|5|6|6|
1000030222||4|4|5||
1000030370|4||3|4|4|
1000029998|6|5|7|5|5|
1000030110||||4||
1000025987|5|6|5|4||
1000030233|4||4|4||
1000028427|6||6|6||
1000030990|6|6||9||
1000031232||6|6|6|3|
1000030934||9|9|8|6|
1000030391|6|6|5|6|6|
1000029522|4|4|4|4||
1000027033|10|||||
1000027039|3|4|4|4|4|
1000030032||||4||
1000030036|5|5|4|5||
1000027593||||5||
1000030616||6|6||5|
1000030009|6|6|8|7||
1000030015|6|5|6|9|9|
1000029076|6|5|7|8|8|
1000025730|5|6|8|8|8|
1000025939|5|4|5|5|5|
1000028639|4|5|5|6|7|
1000026900|||5|||
1000028913|6|4||4|4|
1000027628|3|3||||
1000026915|4|4|5|5|4|
1000030921|8|||6||
1000028401||9|8|8|9|
1000030387|5||6|||
1000030106|6|6|7|||
1000030341|8|8|8|8|9|
1000027532|5|6||||
1000026920|5|5|6|6||
1000025134|6|6|5|6||
1000028847|||4|4||
1000009951|6|7|7|5||
1000028208|8|8||||
1000028098|6|6|7|6|5|
1000030064||8|9|6|6|
1000029601|6|8|9|8||
1000029929|3||4|6|7|
1000029098|5|4|5|4|6|
1000029280|||6|||
1000030422|5|5|7|6|6|
1000028464||7|8|6|5|
1000027722|8|6|5|6|6|
1000030843||5|6|6|8|
1000030090|6|6|5|5|5|
1000030044|6|6|6|6||
1000030932|4|7|7|8|6|
1000030906||8|6|8||
1000030958|6|||5||
1000030959|6|6||||
1000030985||8|7|8|8|
1000029769|5|6|9|9|10|
1000031326||8||6|4|
1000031327||8|10|10|9|
1000031031||4|5|5|7|
1000001014|5|4|3|3|4|
1000030953|6|4|4|4|4|
1000001061|8|4||||
1000001218|4|5|5|6|6|
1000030471||6|4|4||
1000030820|||6|5|5|
1000030376|6|||6||
1000031787|||8|||
1000030903||8|5|5||
1000031655||6|7|9||
1000004559|4|4|4|5|4|
1000030777|5|5|5|4||
1000031494|||9|10||
1000030252|8|9|9|9|9|
1000030813|||6|6|5|
1000024092|8|8|8|8|8|
1000026272|5|6|5|5||
1000001285||||4||
1000004782|6|6|7|6|6|
1000027301|5|5||||
1000005007|9|9|||9|
1000014092|4|8|9|8|8|
1000001338|7|6||6||
1000004818|4|5|5|5|6|
1000018015||||3||
1000007903|6|6|4|4|4|
1000030881|6|6||8||
1000031179|6|||5|4|
1000001276|6|4|3|3|5|
1000024959|4|9||9|9|
1000001333|4|3|3|4|5|
1000005144|5|5|5|6|6|
1000028524|8|6|6|6||
1000004692|5|5|4|4||
1000031549|||8|7||
1000031550|6|5|5|6||
1000001253|||4|5||
1000019341|3|3|4|3||
1000030523||||5||
1000016615|5|5|5|5||
1000031680||10|8|6|6|
1000019624|6|6|6|6|8|
1000011279|8||8|||
1000026439|4|4|4|4|5|
1000030872||8||||
1000015766|4|5|5|5||
1000022771|7|8|8|8|8|
1000020782|5||5|5||
1000004924|3|3|3|3||
1000014281|5|4|4|4||
1000021150|5|5|6|6||
1000011480|4|6||7||
1000022724|7|8|9|8|8|
1000022727|5|4||4||
1000012328|6|6|6|6|6|
1000012082||6|||5|
1000025452|5|4|4|4|5|
1000020747|5|4|6|4|4|
1000006596||4||6||
1000015023|5|5|5|5|5|
1000031616|||8|6||
1000005043|6|5|5|6||
1000020091|7|6|10|||
1000015251|5|6|6|8|7|
1000004974|5|6|7|8||
1000024933|5|4|4|||
1000011832|7|6|7|6|6|
1000004221||4|5|5||
1000020759|8|6|7|8|8|
1000010505||6|5|5||
1000017794|6|5|6|6|6|
1000015030|6|5|5|5|5|
1000015031|6|6|8|||
1000015041|5|7|6|5|6|
1000028389|5|5|7|7|6|
1000009820|6|6|7|8|9|
1000025860|5|5|6|6|6|
1000004754|5|4|4|4|5|
1000009247|6|5|5|5||
1000017844|5|4|5|4|5|
1000031598||5|5|||
1000015053|4|5|6|5||
1000030728|8||6|||
1000029976|3|3|3|4||
1000031568||6||8|8|
1000031942|||8|9|8|
1000031194||6|6|6||
1000011683|6|5|6|8||
1000028056|8|||||
1000031289||5|6|6|5|
1000028317|5|6|4|4||
1000008429|5|4|6|9|6|
1000031796|||7|4||
1000011780||3||4||
1000030294|6|6||||
1000011645||4|4|||
1000031188||8|9|||
1000011721|6|6|6|5|5|
1000031935|6|6|6|6|6|
1000011799|7|5|7|6|6|
1000011766|4||4|5|5|
1000011577|8|8|7|6||
1000011747|6|5||7||
1000011750|5|6|6|6||
1000025144|8|7|8|9|8|
1000029826|6|4|5|4||
1000026716|4|4||5||
1000031383||6|5|6|5|
1000032059||||4||
1000030647||9||7||
1000030649|7|6|7|6||
1000031851|||9|5|8|
1000031272||||6||
1000029430|5|7|7|7|7|
1000031522||8|9|9|9|
1000027931|8|9|9|9||
1000025651|6|5|6|6|8|
1000031306||9||8||
1000031882|||7||10|
1000030896|6|7|10|||
1000031843|||7|5|4|
1000030817||5|9|||
1000031622||8||||
1000030715|6|5|6|6|7|
1000028176|6|4|3|4|3|
1000030614|4|4|5|4|4|
1000027473|8|8|8|8||
1000029339|9|6|9|8||
1000031113|5|5|5|6||
1000031822|||4|4||
1000031859|||10|9|6|
1000031330||10|8|7||
1000031800|||6|6|6|
1000030730|4||6|5||
1000030732|6|4|8|8|8|
1000031349||9|9|7||
1000031351||8|10|10|9|
1000029694|6|6|6|6|7|
1000031999|||5|4||
1000030919|9|6|9|8|8|
1000007205|8||9|10||
1000008802|5|6|7|6|6|
1000008803|4|4|6|6|6|
1000008453|5|4|4|4||
1000009655|4|5|5|5|5|
1000031970|||8|6||
1000007534|4|||||
1000008433|4|4|4|4|4|
1000007654|4|5|4|4|4|
1000007095|7|7|6|6|7|
1000008774|6|6|6|6|8|
1000008026|4|4|4|5||
1000007651|3|4|4|5|4|
1000009672|5|||5||
1000008980|5|6|6|5|6|
1000008768|7|8|6|||
1000008479|7|8||||
1000008206|4|||5||
1000006883|4|5||4||
1000007498|5|5||4||
1000008824||5||6||
1000008188|8|||||
1000007763|5|4|6|5|6|
1000031630||9|9|9|5|
1000009321|||5|6||
1000024123|4|4|5|5|6|
1000008217|8|8|8|4||
1000031688||6|6|6|5|
1000031689||||6||
1000007757|5|9|9|10||
1000007758|5|6|8|10|10|
1000031781||||6||
1000007705|4|||||
1000024684|3||3|4|4|
1000008582|7|9||||
1000024229||4|5|||
1000024231|7|6|6|6|5|
1000028552||8|8|6|10|
1000028554|5|5|8|||
1000008299|7|6|5|5||
1000010766|6|6|7|7||
1000006997|||4|4|3|
1000007657|4|4|4|4|3|
1000007671|4|4|4|||
1000010531||6||6|8|
1000009879|6|6||6|6|
1000031452||6|5|||
1000025207|4|5|5|4||
1000010494|5|5|6|6||
1000009899|10|||||
1000008649|5|5|5|5|5|
1000007773|5|5||4||
1000007662|6|8|9|5|5|
1000031206|||6|7|7|
1000031694|||6|||
1000026818|4|5|5|4||
1000030506||4|6|5||
1000006916|6|5|6|6||
1000028661||5|6|5|5|
1000031667|5|6|5|5||
1000024878|5|5|4|||
1000024879|8|8|9|9|9|
1000030398|||3|3||
1000025127|6|5|7|6||
1000010476|8||9|||
1000030405||10|6|5|5|
1000031949|||8|6||
1000031731|3|4|3|3|3|
1000027478|4|5||||
1000031770|||6|6||
1000005671|5|5|8|9||
1000009772|4|3|3|3|4|
1000027151|5|5|5|6|6|
1000027154|6|5|7|6|6|
1000005628|5|6|6|6|6|
1000029900|6|5|6|5|6|
1000009254|4|3|3|3|3|
1000027193|4|5|5|4||
1000028461|9|9|9|||
1000030026|4|4|5|4|4|
1000027201|6|10||||
1000027660|4|4||5||
1000028448|9||6|5|5|
1000029954|5|8|10|||
1000027670|6|6|5|6||
1000028903|5|6||5|6|
1000032031|||5|4||
1000010026|5|5|6|6|6|
1000008311|9|9||||
1000007817||6||5||
1000009992|5|5|6|5||
1000023984|8|8||||
1000023985|8|8|6|7|8|
1000009857|4|5|4|4|5|
1000010333||6|7|7|6|
1000010169||6|7|8||
1000007790|||5||4|
1000007826|||4|4||
1000024330||6|6|8|5|
1000010780|8|7|8|6|6|
1000008615|4|6|6|6|6|
1000024258|5|4|5|6||
1000008625|4|4|4|4|6|
1000009293|6|5|5|7||
1000010307|5|5|5|6|6|
1000010421|6|7|6|9||
1000010374|6|7|6|8|7|
1000010116|8||6|6||
1000028835|5|6|6|5||
1000031931|||6|6||
1000031881|||8|9|9|
1000031581||4|4|4||
1000006619|6|5|7|7|6|
1000030698|6|6|8|8||
1000031817||||6|6|
1000031820|||6|6|5|
1000030183|6|7|9|9|9|
1000031815|||6|||
1000006696|5|3|8|8||
1000028559|5|4|||4|
1000013078|6|7|7|6||
1000028641|||||7|
1000024220|5|5|6|7|5|
1000009756|||4|||
1000009757|3|3|3|3|3|
1000029716||6|5|5||
1000031855|||8|6|6|
1000031385||7|7|||
1000031387|||8|||
1000009808|4|5|5|6|5|
1000029181|4|5|4|4|5|
1000029575|6|6|4|4|4|
1000032062|6|5|6|7|7|
1000031834|||6|10||
1000005140|5|5|4|6||
1000031672|||5|6|6|
1000031684||9|10|||
1000030158|3|3|4|3|2|
1000005154|6|6|6|8|9|
1000029081||6|5|6||
1000030019|4|3||4||
1000027107|5|5|4|4|4|
1000030563|5|5|5|5|5|
1000030112|4|4|5|5|6|
1000000038|6|6|6|5|5|
1000000051|2|2|3|3|2|
1000000074|3|3|3|3|3|
1000000077|3|3|3|6|3|
1000000118|4|4|3|3|3|
1000000141|3|3|3|3|4|
1000000142|4|4|4|5|4|
1000000161|2|2|2|3|3|
1000000182|10|10|10|10|10|
1000000202|4|3|4|4|4|
1000000226|5|6|2|3|3|
1000000230|6|6|6|5|5|
1000000236|4|4|4|5|4|
1000000242|4|6|5|5|5|
1000000258|3|4|3|3|3|
1000000269|6||6||5|
1000000289|4|5|5|5|6|
1000000304|6|5|5|4|6|
1000000321|4|4|4|4|5|
1000000338|4||4|5||
1000000358|6|5|6|6|7|
1000000399|5|6|6|9|9|
1000000412|4|4|4|4|4|
1000000453|6|5|6|6|6|
1000000467|4|4|4|4|4|
1000000481|4|4|5|4|4|
1000000485|4|5|5|8||
1000000515|4|4|6|5|5|
1000000539|5|5|5|5|5|
1000000552|||8|6|6|
1000000558||8|8|7||
1000000568|3|4|4|4|4|
1000000569|3|6|2|5|5|
1000000590|5|5||5||
1000000676|5|8|8|8||
1000000679|5|5|6|6|6|
1000000680|4|4|5|6|5|
1000000707|7|8|10|8|8|
1000000708|4|5|5|4|5|
1000000739|5|6|5|5|6|
1000000762|5|5|6|||
1000000792|||3|||
1000000807|6|4|4|4|6|
1000000895|4|4|6|4|5|
1000000901|5|5|4|||
1000000926||5|5|4|5|
1000000937|5|5|4|5|4|
1000000963|3|4|3|3|3|
1000001005|4|6|6|6|5|
1000001007|5|6|5|||
1000001044|5|5|5|5|5|
1000001055|5||6|6|6|
1000001094|5|4|4|4|3|
1000001214|6|6||6|6|
1000001244|5|5|5|5|6|
1000001266|3|4|4|4|3|
1000001364|4|5||6||
1000001401|5|5|5|6|6|
1000001408|6|6|5|4||
1000001459|||4||4|
1000001463|5|4|4|4||
1000001469|6|6|3|3|3|
1000001471|4|4|4|4|5|
1000001490|8|9|9|9|9|
1000001515|3|3|4|4|4|
1000001541|6|5|||6|
1000001557|5|6|8|6|6|
1000001565|6|4|4|4||
1000001596|5|||||
1000001602|6|6|7|8|8|
1000001632|6|8|6|6||
1000001672|8|8|8|8||
1000001673|4|5||||
1000001687|5|4|8|8|9|
1000001696|3|4|5|6|5|
1000001701|4|5|4|4|4|
1000001713|6|7|7|8||
1000001740|5|5||||
1000001744|10|8|8|8||
1000001758|2|2|2|2|3|
1000001777|5||5|||
1000001791|5|5|6|6||
1000001794|3|3|4|4|4|
1000001796|5|5|6|6|5|
1000001830|4|4|4|||
1000001855|2|2|2|2|2|
1000001858|4|4|4|4|5|
1000001872|4|4|4|5|4|
1000001918|||5|5||
1000001944|8|7|7|6|5|
1000001952|8|||||
1000001975|9|10||||
1000001977|5|6|6|10||
1000002017|5||6|6|6|
1000002029|4|4|4||4|
1000002063|5|4|4|4|4|
1000002071|7|8|8|9|8|
1000002109|8|5|6|6||
1000002125|3|3|3|3|3|
1000002137||5|5|5||
1000002162|7||5|8|7|
1000002167|6|4|5|5|4|
1000002182|6|7|9|||
1000002207|8|8|7|8|8|
1000002212|4|4|5|5||
1000002247|5|||||
1000002250|4|5|6|5|5|
1000002320|6|7|7|7|6|
1000002337|6|5|5|6|6|
1000002361|7|5|7|8|9|
1000002366|4|6|5|5|5|
1000002370|5|||||
1000002373|8|6|5|6|9|
1000002381||5|6|6||
1000002428|4|5|4|4|5|
1000002470|6|7|8|8||
1000002511|4|3|4|4||
1000002560||5|6||5|
1000002629|5|6|5|5|6|
1000002652|5|5|4|5|4|
1000002667|3|4|5|6|3|
1000002677||5||5||
1000002710|9|8|8|8|9|
1000002713||8||8|8|
1000002728|5|5|5|5|5|
1000002729|5|5|5|||
1000002747|6|6|6|7|6|
1000002752||6||8|8|
1000002768||3|5|||
1000002773|4||6|8||
1000002775|7|8|8|6|6|
1000002817|4|5|5|5|5|
1000002824|3|3|3|3|4|
1000002828|4|5|7|5|5|
1000002831|8|6|6|7|6|
1000002844|4|5|6|4||
1000002872|6|7|8|8|8|
1000002901||5|5|||
1000002925|4|4|4|4|4|
1000002926|4|||4||
1000002941|4|3|4|4|4|
1000002942|6|8||||
1000002958|4|4|4|4|4|
1000002959|6|6|6|7|6|
1000002968|8|8||||
1000002980|4|5|5|6|8|
1000003087|8|6|7|8|7|
1000003096|4|4|4|4||
1000003116|6|6|6|6|6|
1000003137|4|||||
1000003142|4|5||||
1000003143|||5|4|8|
1000003160|||6|6|6|
1000003171|6|6|5|6||
1000003182|6|6|5|5|6|
1000003214|4|5|6|6|7|
1000003228|4|||||
1000003256|3|||||
1000003324|6|6|4|5|5|
1000003340|6|7|6|5|5|
1000003350|8|9||||
1000003400|4|||4||
1000003417|3|3|4|4|7|
1000003421|8|4|4|4||
1000003450|6|6|6|6|6|
1000003471||7|6|7|7|
1000003506|3|5|4|5|5|
1000003509|4|6|6|||
1000003560|8|8|10|||
1000003593|8|9|8|8|8|
1000003616|4|4||||
1000003640|3|3|3|4|6|
1000003649|5|5|5|6|5|
1000003685|7|8|7|6||
1000003694|9|8|8|8|6|
1000003695|3|4|4|4|5|
1000003700|4|3|3|6|6|
1000003732|6|6|4|4|4|
1000003734|7|9||5|6|
1000003771|6|8|4|4|5|
1000003778|4|6|8|6|6|
1000003794|5|5||||
1000003795||4|6|9||
1000003944||5||5||
1000003980|4|6|8|6||
1000004031|5|6|6|7|8|
1000004044|4|4|5|8|7|
1000004062|5|7|8|9|8|
1000004082|4|4||||
1000004101|6|8|9|8||
1000004115|4|4|4|4||
1000004125||||4||
1000004135|3|3|3|4||
1000004158|6|6|7|6|6|
1000004168|5|5|5|5|6|
1000004178|3|3|3|4|3|
1000004185|6|6|6|5|7|
1000004188|6|5|5|5|5|
1000004202|10|||||
1000004223|||4|4||
1000004234|6|6|6|6|6|
1000004351|5|4|4|4||
1000004365|4|||4||
1000004371|8|10||||
1000004378|6|4|6|6||
1000004381|||4|4|4|
1000004391|6|7|6|6|6|
1000004401|5|5|5|5|6|
1000004408||||4||
1000004412|3|3|3|3|3|
1000004415|4|4|3|3|4|
1000004435||4||||
1000004456|4|4|4|4|4|
1000004485||6|6|5||
1000004524|6|6|7|7||
1000004535|5|5||5|6|
1000004542|4|4|6|5|6|
1000004544|4|4|5|5|5|
1000004557||6|6|6||
1000004577|6|5|6|5|5|
1000004601|4|4||4||
1000004608|5|4|4|4|5|
1000004612|6|9|9|10||
1000004622|8|5|8|7|6|
1000004628|6|6|7|7||
1000004630|4||4|||
1000004639|9|10|8|8||
1000004657|4|5|5|5|5|
1000004664|8|7|9|||
1000004665|4|5|5|||
1000004683|3|5|9|10||
1000004695|5|5|3|3|3|
1000004720|5|4|5|5||
1000004722|4|3|3|3||
1000004757|8|6|6|6|6|
1000004758|5|5|9|9|10|
1000004761|4|6|6|6|6|
1000004839|4|6|5|8|6|
1000004856|4|4|5|8||
1000004887|4|4||5||
1000004888|3|2|2|3|3|
1000004919|4|||||
1000004923||4||4||
1000005025||4|4|3||
1000005049|7|6|9|7|6|
1000005104|8|9||||
1000005119|9|7|6|7|7|
1000005137|5|7|6|6|8|
1000005183|4|5||6||
1000005191||8||||
1000005205|4|4|5||7|
1000005206|8|8|8|9|8|
1000005217|6|5|5|4|5|
1000005252|6|6||||
1000005319|4|4||4|4|
1000005341|6|6|6|5||
1000005349|6|5|4|6||
1000005401|||6|8||
1000005421|4|3|4|5||
1000005436|8|8|9|||
1000005480||5||||
1000005499|4|4|6|8|8|
1000025313|||6|5|5|
1000024789|8|8|8|7|8|
1000005580|6||5|4||
1000005600||4|4|||
1000005620|4|4|5|9|10|
1000005679||5||||
1000005688|5|4|3|4|4|
1000005700|6|5|6|5|5|
1000005757|5|||3|3|
1000005785|6|7|6|5||
1000005825|6|5|6|6|6|
1000005852|5|6|8|10||
1000005889|5|4|5|6||
1000005932|5|5|6|6|8|
1000006010|6|6||6||
1000006019|4||3|||
1000006039|6|6|6|5|7|
1000006055|6|6|6|5|6|
1000006061|4|4|6|8|6|
1000006066|||4|4||
1000006068|5|5|7|7|6|
1000006071|4||4|4|4|
1000006093||6|8|7|8|
1000006095|8|9|9|9|9|
1000006129|||4|4||
1000006150||5|4|4||
1000006154|6|8|9|9|8|
1000006166||||3||
1000006180|5|6|6|6||
1000006186|5||6|||
1000006200|3|5|6|4|4|
1000006243||4||||
1000006254|5|8|6|5|6|
1000006277|5|6|6|6||
1000006329|6||5|7|8|
1000006364||6|6|7|7|
1000006380||3|3|4|3|
1000006417|7|||||
1000006469|6|5|5|5||
1000006529|5|6|7|7|6|
1000006574|4|||||
1000006605|5|6|5|||
1000006626|4|5|5|5|5|
1000006643|||5|5|6|
1000006658|8|6|5|4||
1000006660|||6|6||
1000006677|8|5|5|5|7|
1000006687|5|5|5|9|6|
1000006816|6|6|5|5|5|
1000006825|7|7|6|6|6|
1000006833|||5|||
1000006842|6|6|6|6|6|
1000006919|4|4|5|6|6|
1000006931|||4|5|6|
1000006980|5|5||||
1000006981|6|9|9|9|9|
1000006996|7|7|7|8|9|
1000007020|4|5|5|||
1000007048|5|6|6|6|6|
1000007060|6|7|6|7|5|
1000007089|5|5|6|8|6|
1000007136||4||5||
1000007158|5|5|6|5|7|
1000007177|6|6|6|6|5|
1000007288|6|5||5||
1000007290|5|6||||
1000007310|7|8|9|9|8|
1000007319|6|7|6|6|7|
1000007352|7|6|7|||
1000007355||7||6||
1000007360|6|4|5|5||
1000007372|5|5|5|6|5|
1000007384||7|7|7||
1000007385||7|||6|
1000007404|7|6|6|6|8|
1000007423|4|5|4|4|4|
1000007433|5|6|6|6|6|
1000007480|8|8|8|8|8|
1000007487|4|4|4|4|4|
1000007520|5|5|5|6||
1000007524|3|5|4|3|4|
1000007614|6|6|7|6||
1000007642|4|5||5||
1000007659||6|8|7|6|
1000007691|5|||||
1000007707|4|4||||
1000007728|7|6|5|5||
1000007731|5|6|8|7|7|
1000007740|5|6|5|5|5|
1000007744||6||5||
1000007749|3|2|3|||
1000007752|8|8|7|7||
1000007764|7|6|7|6|5|
1000007775|6|8|8|6|7|
1000007797|5|5|5|4|4|
1000007810|5|5|5|6||
1000007881|5|6|8|8|8|
1000007900|6|6|5|5|5|
1000007953|8|8|8|8|8|
1000008006||4|4|||
1000008014|6|8|6|7|6|
1000008025|4|4|4|4|4|
1000008092|||8|6||
1000008121|5|6|8|5|5|
1000008152|||9|||
1000008166|4|5|6|5||
1000008403|4|4|3|4||
1000008407|5|5|5|4|4|
1000008408|7|6|6|8|8|
1000008417|4|4|4|4|5|
1000008463||5||||
1000008466|3|4|4|3|3|
1000008560||4|4|4||
1000008585|5||5|8|9|
1000008611|8|8|8|8|9|
1000008613|9|||||
1000008628|4|4|6|4|3|
1000008637|5|4||4||
1000008638|4|4|3|3|4|
1000008752|4|5||4||
1000008790|3|3|3|3|3|
1000008808|9|9|8|9||
1000008856|10|9||||
1000008863|6|7|7|6||
1000008875|7|6|7|7||
1000008882||4||||
1000008937|6|8|8|9|8|
1000008942|6|||6||
1000008948|7|6|6|5||
1000008986|6|5|8|8|8|
1000008994|5|5|4|||
1000009077|6|7|7|6||
1000009086|6|6|5|5||
1000009094|6|6|6|6|8|
1000009100|3|4|3|3|2|
1000009130|7|6|6|7|6|
1000009142||7|6|||
1000009149|5|5|6|6|6|
1000009152|4|4|4|8||
1000009164|8|8|9|8|8|
1000009175|4|4|6|||
1000009177|6|5|8|5|5|
1000009214|6||5|||
1000009215|5|5||5|6|
1000009225|6|8|10|10||
1000009232||||5||
1000009253||6|6|6||
1000009299|6|5|6|6|6|
1000009333|||||4|
1000009347|4|5|6|4|4|
1000009367|6|8|8|8||
1000009386|6|6|6|7||
1000009396|8|8|8|8||
1000009400|6|5|6|6|6|
1000009430|6|7|6|7|8|
1000009470|8|8|8|||
1000009502|4|4|4|5|4|
1000009513|4|3|3|4|5|
1000009554|3|5|3|3|3|
1000009566|4|3|3|3|3|
1000009591|4|4||4||
1000009629||4|4|4||
1000009637|4|4|4|4|4|
1000009658|4|4|4|||
1000009668|5|5|4|5||
1000009675|7|7|7|8|7|
1000009760|8|6|6|5|4|
1000009771|8|8|9|9|8|
1000009781|4|4|4|4|4|
1000009790|3||3|3|3|
1000009797|8|9|9|8|8|
1000009815|5|4|5|5|5|
1000009849|7|6||||
1000009852|7|6|6|7||
1000010002|4|5|5|4|4|
1000010046|4|4|5|6|7|
1000010112|5|4||||
1000010161|6|6|7|6|6|
1000010211|9|9||||
1000010212|5|4|5|5||
1000010237||5|6|4|4|
1000010247|4|4|4|||
1000010248|4|4|5|4||
1000010250|6|6|6|6|6|
1000010251|7|5|5|6|5|
1000010373|4|5|5|4|4|
1000010434|8|8|6|8|8|
1000010445|5|4||||
1000010448|4|6|7|6||
1000010454|7|6|6|6|6|
1000010468|8|8|5|||
1000010497||6||6||
1000010523||5|5|||
1000010576|8|8|8|6||
1000010583|6|7|7|7|7|
1000010596|6|6||||
1000010610|||5|5|6|
1000010635|8|8|7|7|7|
1000010638|5|5|7|||
1000010678|||||7|
1000010683|8|6|6|6|7|
1000010691|6|6|5|5||
1000010698|4|6|6|6|7|
1000010804|7|8|8|8|8|
1000010808|7|6|5|5|5|
1000010817|6|7|7|8||
1000010853|6|6|5|7|7|
1000010866|4|5|5|5|4|
1000010871|6|6|6|5|5|
1000010892|10|||||
1000010947|5|5|4|5|4|
1000010955|4|5|4|4|5|
1000011016|6|||6||
1000011049|6|6|7|7||
1000011071|4|5|4|5|5|
1000011088|6|5|7|6|5|
1000011109|6|7|6|6||
1000011114|7|6|6|7|7|
1000011119|5|5|3||3|
1000011127|5|4|5|8||
1000011136|5|5|4|4||
1000011164|5|5|5|5|5|
1000011195|6|6|6|6|6|
1000011205|8|6|6|6|6|
1000011209|4|4|6|7|8|
1000011245|4|4|4|4||
1000011259||5|6|6|6|
1000011267|5||7|8|6|
1000011303|9|9|9|8|8|
1000011310|8|4|8|6|7|
1000011313|4|5|8|||
1000011325|7|8|7|6|5|
1000011328|6|6|6|6|6|
1000011329|5|5||6|5|
1000011383|5|5||6||
1000011385|||8|4||
1000011420|5|5|5|5|5|
1000011426|5|||4||
1000011434|4|||3|4|
1000011437|4|4|3|3|3|
1000011482|5|5|5|5|4|
1000011487|5|5|7|6|7|
1000011489||8||||
1000011503|4||4|4|4|
1000011505|6|5|5|5|6|
1000011522|6|6|6|7|7|
1000011525|8|8|9|8|8|
1000011560|4|5|8|||
1000011600|6|5||5|5|
1000011624|5|4|4|6|6|
1000011663|5|5|5|5|5|
1000011730|9|||||
1000011736|7|6|8|7||
1000011806||4||||
1000011941|5|4|4|5|5|
1000011956|4|||||
1000011964||4|4|4||
1000012032|6|6|4|5||
1000012034|5|5|5|5|5|
1000012037|5|6|6|8|10|
1000012087|9|9|9|9||
1000012088|7||8|||
1000012123|4|4|4|5|5|
1000012128|5||5|5|5|
1000012153|4|4|4|4|5|
1000012187|3|4|4|4|4|
1000012208||5|5|4|4|
1000012222|4|4|4|4|4|
1000012257|4|4|4|4||
1000012278|6|5|5|4|6|
1000012302|5|5|5|5||
1000012339|4|5|4|4||
1000012356|4|5|6|6|5|
1000012388|6|5|8|8|6|
1000012396|6|5|6|5|6|
1000012405|3|7|6|4|4|
1000012419|5|6|7|7|5|
1000012422|5|5|5|5|5|
1000012425|8|7|9|9|9|
1000012439|4|4|4|4||
1000012440|9|9|9|9|8|
1000012452|7|7|9|9|9|
1000012484|3|3|3|3|4|
1000012496|4|6|5|5|4|
1000012507|2|3|4|3|3|
1000012508|4|4|4|4|4|
1000012559|6|||||
1000012590|6||6|8||
1000012595|||4|4||
1000012601|7|7|8|8|6|
1000012626|3|3|3|3|6|
1000012633|5|5|5|7|6|
1000012663|6|||||
1000012678|9||8|7|7|
1000012691||7||7||
1000012703|7|7|8|9|10|
1000012714|4|5||||
1000012715|8|5||||
1000012716|5|5||5|5|
1000012734|4|||||
1000012738|5|5|5|6|7|
1000012759|6|5|6|5|5|
1000012765||5|4|5||
1000012785|9||9|||
1000012842|9|9|8|8||
1000012866|6|6|5|5|5|
1000012872||||5||
1000012904|8|8|8|8|8|
1000012926|5|6|6|6|5|
1000012928||4||5|4|
1000012944|7|5|6|6|5|
1000012951|5|6|6|6|5|
1000012970|5|4||||
1000012978|6|6|6|4||
1000013041||5|5|7|7|
1000013076|9|9||||
1000013176|5|6|5|5||
1000013189|2|3|3|3|3|
1000013198|4|4|4||4|
1000013206|3|4|4|4|3|
1000013213|8|6|6|6|6|
1000013239|6|6|6|6||
1000013264|||3|5||
1000013318||||7||
1000013325|9|7|8|6|6|
1000013329|6|6|7|7||
1000013333|6|8|6|6|6|
1000013341|8|9||8||
1000013399|5|4|4|4|4|
1000013417|5|5|4|4|5|
1000013422||||4||
1000013436|6|6|6|6|5|
1000013453|3|3|4|4|6|
1000013493|4|4|4|4||
1000013502|5|5|5|5||
1000013535|5|5|5|6|7|
1000013584|8|8||7||
1000013586|4|4|4|||
1000013636|4|4|4|4|3|
1000013661|6|5|8|7|6|
1000013663|7|5|6|||
1000013703|6|8|6|5|5|
1000013704|6|5||7||
1000013708|4|||5|5|
1000013804|6|6|6|8|9|
1000013807|3|4|3|3|4|
1000013822|3||3|3||
1000013837|6|5|6|5|7|
1000013880|6|9|9|||
1000013916|5|5|5|4||
1000013917|4|5|5|3||
1000013927|6|5|6||6|
1000013942|5|5|5|5|5|
1000013956|7|8|8|6|6|
1000013985|4|4|5|||
1000013999|7|6|6|7|7|
1000014045|10|||||
1000014110|5|4|4|4|4|
1000014123|8|8|8|8|8|
1000014125|9|10||||
1000014150|4|5|5|5||
1000014165|4|5|4|4|4|
1000014187|5|5|5|5||
1000014191|4|4|4|||
1000014199|5|7|8|6|6|
1000014214|6|9||||
1000014240|5|4||4||
1000014245|4|5|5|5||
1000014305|4|4|4|4||
1000014354|7|7|6|6|6|
1000014359|4|8|8|8||
1000014361|6|5|6|6|5|
1000014365|7|6|8|6||
1000014381|6|4|5|5||
1000014391|5||5|5||
1000014413|6|4|4|4|4|
1000014426|4|4||4||
1000014475|4|5|7|6|5|
1000014534|5|6|8|6|5|
1000014580|5|8|8|8|7|
1000014586|8|8|8|8||
1000014591|6|6|7|6||
1000014593|4|4|5|5|7|
1000014637|4|4|4|4||
1000014649|4|4|5|4|5|
1000014652|6|6|6|7|7|
1000014684|6|6||||
1000014705|8|9|9|9|8|
1000014728|6|5|5|6|6|
1000014806|6|7|6|6|6|
1000014828||4||||
1000014855|6|6|6|6||
1000014870|10|||||
1000014920|5|5|5|4|6|
1000015068|6|5|8|8||
1000015078|4|4|4|4|4|
1000015085|5|5|5|5|5|
1000015108|4|4||4|4|
1000015129|6|5|6|7|7|
1000015166|6|5|5|||
1000015220|5|8|8|||
1000015240||4|6|5|6|
1000015263|4||4|4|4|
1000015299|5|8|8|7|7|
1000015361|3|4|4|3|4|
1000015413|6|6|5|5||
1000015442|8|6|7|6|6|
1000015454|5|5|6|5|5|
1000015471|4|4|4|5|4|
1000015473|5|6|4|4||
1000015478|5|||||
1000015500|4|3|3|3||
1000015532|5|6|8|6|6|
1000015542|8|7|6|5|5|
1000015580|5|4|4|4||
1000015589|5|6|6|6|6|
1000015628|6|6|6|5||
1000015629||6|8|8||
1000015631|4|4|4|4||
1000015634|8|8|8|8||
1000015636||6|8|||
1000015639|5|5|4|3||
1000015653|6|8|5|7|7|
1000015679|4|5|5|6|6|
1000015680|8|8|10|||
1000015702||4||3|4|
1000015707|6|5|6|5||
1000015712|5|5|5|6||
1000015721|3|3|3|3|3|
1000015731|7|6|6|4|4|
1000015773|6|5|6|5||
1000015774|7|6|6|6||
1000015806|6|5|6|5|6|
1000015808|7|6|6|5|5|
1000015836|4||3|||
1000015861|4|||4||
1000015946|6|6|6|5||
1000015956|7|5||||
1000015977|7|6|9|9|9|
1000015980|5|5|6|6|7|
1000015981|3|4|4|4|4|
1000015996|5|5|5|5||
1000016009|6|3|4|4|4|
1000016048|4|5|5|4||
1000016063|4|4|4|4|4|
1000016077|4|4|3|4|3|
1000016079||4|6|6|6|
1000016083|5|5|5|5||
1000016085|5|5|5|5|4|
1000016105|5|6|7|6||
1000016161|7|6|8|9|6|
1000016168|5|8|6|6|6|
1000016182|4|4|4|4|3|
1000016201|6|6|6|6|6|
1000016248|5|4|5|5||
1000016269|||6|6|6|
1000016284|4|4|5|5||
1000016308|5|5|6|6|6|
1000016320|6|6|8|8||
1000016360|3|3|3|4|3|
1000016379|6|4|6|4|4|
1000016396|7|6|5|8||
1000016405|6|7|8|8||
1000016433||||6||
1000016468|5|4||||
1000016481||8|7|6|6|
1000016496|5|5|4|5||
1000016526|6||5|6|5|
1000016532|5|5||6|5|
1000016558|4|4|4|5||
1000016560|6|6|6|6|7|
1000016575|8|9|8|9||
1000016586|4|4|3|3|3|
1000016618|5|5|5|||
1000016636|4|4|4|4||
1000016665|8|7|7|8||
1000016675|3||4|||
1000016685||5|5|||
1000016687|5|5|5|4||
1000016707|5|4|5|6|8|
1000016774||6|6|6|6|
1000016850|4|5|5|4|5|
1000016864|9|||||
1000016868|6|6|6|6||
1000016869||8|8|8|8|
1000016898|6|||6|7|
1000016912|5|5|5|4|5|
1000016915|4|4|4|3|3|
1000016979|5|7|7|6|6|
1000017004|6|5||5||
1000017014|5|6|6|7|6|
1000017018|5|4|5|4||
1000017031|4|6|6|6|5|
1000017068|5|5|5|5|5|
1000017096|9|10|9|||
1000017111|8|7|7|6|6|
1000017138|5|5|6|6|6|
1000017168|5|5|4|4|5|
1000017173|5|5|4|5|4|
1000017186|||6|7|6|
1000017198|9|||||
1000017206|5|5|6|5|5|
1000017211|4|4|4|3|3|
1000017222|5|6|6|5|5|
1000017227|8|7|6|7|6|
1000017230|4|9|5|6||
1000017232|5|5|7|6|6|
1000017249|6|6|7|6||
1000017278|4|5|5|5|5|
1000017290|6|5|6|6|6|
1000017292||6|5|5|8|
1000017299||||4||
1000017302|6|6|5|6|6|
1000017306|4|||||
1000017330|||9|5||
1000017347|8|7|8|8|8|
1000017371|4|6||7||
1000017374|4|6|6|6|6|
1000017386|5||6|6|6|
1000017406|4|3|3|2|2|
1000017432|6|6|6|5||
1000017441|4|4||||
1000017470|4|4|4|4|4|
1000017474|6||7|7||
1000017481|5|4|6|9|6|
1000017483||5|5|4|4|
1000017537||5||5||
1000017633|7|6|6|5|4|
1000017680|4|4|4|4||
1000017694|4|5|5|7||
1000017709||5||||
1000017711|5|5|6||6|
1000017713|8|8|8|7||
1000017715|5|5|4|4|4|
1000017734|5|6|6|5|4|
1000017745|6|6|6|5|5|
1000017763|5||6|5|5|
1000017768|8|8|8|8|8|
1000017786|6|5|6|5|3|
1000017818|4|5|4|4||
1000017833|5|4|5|5||
1000017845|6|5|6|4|4|
1000017877|6||7|7||
1000017907|6|6|7|6|6|
1000017927|5|7||6|5|
1000017935|9|10||||
1000025159|4|5|5||5|
1000017980|6|6|6|6|6|
1000017981|6|7|7|8|8|
1000018008|6|7|9|9||
1000018010|5|5|4|4||
1000018012|5|5|8|7|7|
1000018278|4|4|4|4|6|
1000018287|4|4||||
1000018288|6|6|7|7|6|
1000018291|4|5|5|5|4|
1000018298|5|5||5||
1000018305|5|4|4|5|6|
1000018348|3|4|3|3|3|
1000018380|4|4|7|6|5|
1000018390|4|5|4|4||
1000018393|4|4|4|4||
1000018406|6|6|4|6|7|
1000018435|6|6|6|6||
1000018472|7|6|7|6|7|
1000018483|3|4|3|4||
1000018499|4|4|6|5|6|
1000018518|5|4|4|4|4|
1000018556|5|4|5|5|4|
1000018558||4|5|||
1000018559|5|5|5|4|5|
1000018565|5|6|5|5|5|
1000018613|5|||||
1000018630|4|5|4|5|5|
1000018634||5|5|5|4|
1000018638|4|5|5|6||
1000018649|5|5|4||5|
1000018667|9|10||||
1000018672|6|5|7|7|9|
1000018750|7|8|8|8|6|
1000018765||||4|4|
1000018795|3|4|3|4|5|
1000018813||5|4|||
1000018840|6|5|5|4|5|
1000018844|||4|5|8|
1000018869||3|4|4||
1000018883|6|5|5|5|5|
1000018904|4|4|4|4|3|
1000018906|5|6|8|7|7|
1000018955|5|6|6|6||
1000018971|8|7|6|5|4|
1000018984||4||||
1000019042|||5|4|4|
1000019107||||4|5|
1000019116|4|3||||
1000019117|6|5|5|5||
1000019121||5||4||
1000019138|5|6||8||
1000019168|6|5|5|5||
1000019194||5||||
1000019242|4|4|||3|
1000019316|5|5||5||
1000019380|5|5|5|5|6|
1000019381|3|3|4|4||
1000019391|5|5|5|4||
1000019392|||4|3|3|
1000019408|9|||||
1000019409|7|6|6|7|7|
1000019418|7|6|6|5|6|
1000019429|||5|||
1000019443|||3|4|4|
1000019444|7|8|9|9||
1000019545|||3|4||
1000019566|4|4|4|4|5|
1000019583|6|5|6|6|5|
1000019619|3|3|4|4|4|
1000019640||4||||
1000019643|6|6|6|5|6|
1000019678|7|6||||
1000019684|5||5|4||
1000019731|4|4|4|3||
1000019788|5|5|5|4||
1000019823|6|7|7|8||
1000019832|6|5|6|8|6|
1000019852|6|5|4|4|4|
1000019888|6|6|6|7|8|
1000019896|5|6|5|5|5|
1000019900|6|4|4|4|4|
1000019948|5|||6||
1000019951|4|4||||
1000019966|5|5|6|6|6|
1000019970|6|7|6|7|7|
1000019981|5|7|8|7||
1000020009|5|6|6|6|7|
1000020034|5|5|4|||
1000020044|5|8|9|8||
1000020076|||8|4||
1000020089|5|6|5|5||
1000020135|3|3|3|3|3|
1000020138|5|5||5||
1000020139|5|5|5|5||
1000020160|7|6|6|||
1000020174|6|5|9|8|6|
1000020190|4|4|6|4|4|
1000020198|4|||||
1000020207|7|9|9||10|
1000020208|6|5||5|5|
1000020282|4|4|5|5|5|
1000020288|4|||8|8|
1000020289|6|6||6|6|
1000020309|6|5|5|4|6|
1000020314|5|4||4|4|
1000020337|4|5|5|5||
1000020350|5|5|6|5|5|
1000020385|5|5|5|5|5|
1000020409|5|4|4|4|4|
1000020428|4|5|5|5||
1000020435|6|8|5|6|5|
1000020440|3|4|3|4|3|
1000020443|5|4||4||
1000020452|4|4|4|5|5|
1000020465|4|5|5|6||
1000020466|3|4||4||
1000020486|6|6|7|||
1000020498|5|8|7|6||
1000020536|4|4|3|4|4|
1000020551|5|8|10|||
1000020580|6|5|6|7|6|
1000020594|7|6|8|7|7|
1000020620|3|4|4|4||
1000020627|6|6|6|7|8|
1000020638|6|5|5|6||
1000020641||5||5||
1000020644|3|4|3|4|4|
1000020664|7|8|8|6|6|
1000020684|4|4|5|6|8|
1000020728|8|9|8|9|8|
1000020772|5|5|5|5||
1000020797||5|5|4||
1000020813|6|6|6|6||
1000020814|5|8||8||
1000020933|5|5|6|5|5|
1000020964|5|5|5|5||
1000021006|5|9|8|6|6|
1000021033|5|6|6|6|5|
1000021034|6|6|||5|
1000021037|8|6|7|7|6|
1000021044|5|4|5|5||
1000021071|6|6|6|7|6|
1000021103|7|6|7|7|8|
1000021160|3|3|3|3|3|
1000021239|4|4|4|4|4|
1000021247|8|8|9|10||
1000021323|4|4|4|4|4|
1000021369|6|7|6|6|6|
1000021415|8|9||||
1000021437|3|5|6|8|8|
1000021441|6|7|6|6|5|
1000021453|4|4|4|4|4|
1000021457|4|4|5|5|5|
1000021468|6|6|6|7|6|
1000021500|6|5|6|7|6|
1000021530|7|6|5|6||
1000021539|5|5|5|7||
1000021554|6|5|5|5||
1000021576|6|5|5|||
1000021578|8|||5|4|
1000021579|5|6|6|7||
1000021593||||4||
1000021621|6|||5|5|
1000021622|3|4|4|4|3|
1000021675|9||8|5|5|
1000021682|4|5|5|6|5|
1000021748|9||8|||
1000021755|9|9||||
1000021770|4|4|5|6|6|
1000021773|6|6|6|5|5|
1000021778|4|4|4|4|4|
1000021798|5|6|6|8|8|
1000021812|6|6|9|||
1000021815|8|8|8|8||
1000021841|4|4|4|5|5|
1000021868|8|8|9|9||
1000021881|6|7|5|5|5|
1000021885|6|||||
1000021937|8|7|7|6|6|
1000021939|5|4|6|6|5|
1000021970|4|4|4|5||
1000021971|5|6|5|5|4|
1000021989|6|10|10|10|9|
1000022007|6|8|7|6|5|
1000022032|3|5|4|4|3|
1000022041|4|5|4||4|
1000022047|6|8|7|7|8|
1000022078|6|8|8|7|7|
1000022092|6|6|7|6|6|
1000022097||||8||
1000022107|4|4|4|4|4|
1000022127|7|6|6|7|7|
1000022153|6|5|6|7|6|
1000022154|8|8|8|8||
1000022165|6|6|5|6|6|
1000022171|4|5|4|4|4|
1000022191|6|7|7|7|7|
1000022213|7|8|7|6||
1000022232|4|4|4|4|4|
1000022249||6|6|6|6|
1000022255|3|3|3|4|3|
1000022278|6|6|6|7|6|
1000022304|6|4|6|8|6|
1000022326|6|5||6|6|
1000022334|4|5|6|4|4|
1000022338||6|6|6|6|
1000022352|5||5|5||
1000022359|5||5||6|
1000022378|6||7|8|7|
1000022393|5|5|6|6||
1000022395|4||6|3||
1000022399|4||4|4|3|
1000022441|||5|5||
1000022463|6|6|6|6||
1000022500|5|5|4|5|5|
1000022505|4|3|6|6|6|
1000022525|9|||||
1000022560|4|5||4||
1000022563|9|7|7|8||
1000022587|4|4|4|4|4|
1000022588|3|3|4|4|5|
1000022597|8|||||
1000022602|4|5||6|5|
1000022619|5|4|4|4||
1000022624|6|6|7|5|5|
1000022630|4|4|5|5||
1000022671|5|4|4|4|5|
1000022674|4|4|4|||
1000022683||8||||
1000022739|4|5|5|||
1000022752|4|3|4|3|4|
1000022759|6|8|8|8|8|
1000022832||||4|4|
1000022837|7|7|6|8|7|
1000022859|8|9||8||
1000022900|5|6|6|4|9|
1000022942|4|5|5|5|4|
1000022945|4|3|6|5|6|
1000022982||6||5||
1000022986|6|6|5|5|5|
1000023022|6|5|6|6||
1000023024|6|8|8|7|6|
1000023044|2|2|2|2||
1000023057|6|6|6|6|6|
1000023063|9|8||8||
1000023092|4|4|4|5|5|
1000023099||8||||
1000023109|6|6|6|5||
1000023147||5|5|5||
1000023148|3|3|4|4|4|
1000023152|4|5|6|3||
1000023194|||9|||
1000023199|5|5|5|5||
1000023213|5|||6||
1000023232|4|8|8|10||
1000023240|5|5|5|5||
1000023243||4||4||
1000023254|4|4||||
1000023260|6|5|5|||
1000023317|6|7|6|6||
1000023318||||6||
1000023346|9|9|9|||
1000023363|5|5|5|4|4|
1000023391|||6|6|7|
1000023445|4||5|6||
1000023447|7|6|7|8|6|
1000023483|10|9|9|||
1000023492|3|4|3|3|4|
1000023495|3|4|4|5|4|
1000023511|6|6|7|7|8|
1000023513|4|5|5|8||
1000023514|6|7|6|8|8|
1000023516|5|5|5|||
1000023570|6|4|4|4|4|
1000023597|9|9||||
1000023620|5|5|6|5|6|
1000023636|4|4|5|5||
1000023644|3|||||
1000023656|6|7|9|9||
1000023699|10|||||
1000023705|4||3|3||
1000023725|4|4||||
1000023743|5|4||||
1000023769|5|5|6|6||
1000023834|3|4|4|4|4|
1000023846|4|4|5|4|4|
1000023868|6|7|7|8|8|
1000023883|4|4|4|4|5|
1000023909|3|4|4|3|5|
1000023941|4|3|4|3||
1000023996||4|4|4||
1000023998|4|4|6|8|8|
1000024020||||4||
1000024022|7||8|7||
1000024051|6|9|10|||
1000024058|6|5|5|5|4|
1000024138|4|5|6|6|6|
1000024191|5|4|5|||
1000024199|5|5|6|5|5|
1000024207|7|6|6|6|6|
1000024225|8|7|8|7|6|
1000024270|4|5|4|6||
1000024291|3|3|3|3|3|
1000024301|8|8||||
1000024304|6|6|6|7||
1000024329|4|4|4|4|4|
1000024366|6|7|7|8|7|
1000024375|4|7|6|5|3|
1000024387|||4||4|
1000024390|6|7|6|6||
1000024394|7||6|6|6|
1000024407|8|7|9|9||
1000024431|5|4|5|5|4|
1000024460|6|6|6|7|6|
1000024468|5|6|7|6|6|
1000024482|||8|||
1000024486|8|7|7|9|9|
1000024487|6|6|5|6||
1000024491|||6|7||
1000024536||||4|4|
1000024599|4|4|5|5|8|
1000024621|5|5|4||5|
1000024622||||5||
1000024635|||||6|
1000024712|||6|6||
1000018181|9|9||||
1000018152|5||5|6||
1000018153||||4||
1000015309|7|8|8|8|7|
1000020927|6|6|9|8|7|
1000025020|||5|||
1000025101|6|6|7|8|7|
1000025106|||4|3||
1000025190|5||8||7|
1000024813|8|9|10|||
1000008143|6|5|5|6|6|
1000026189|6|5|5|6||
1000024759|6||5|6|6|
1000025648|6|9||||
1000025784|6|6|5|5|5|
1000026512|5|8|7|9|8|
1000022567|5|4|5|4||
1000005285||6||||
1000023815|6|7|6|||
1000025514|6|6|6|6||
1000024562|8||7|7|8|
1000024777|5|8|8|8|8|
1000016856|6|5|6|6|6|
1000011295|6|5|6|5||
1000011296|6|6|7|5||
1000025815|8|6|6|6|6|
1000024724|5|5||||
1000021805|4|4||4||
1000024891|5|7|8|7||
1000025830|3|5|8|8||
1000024716||5|6|5||
1000019282|5|4||||
1000005359||5||||
1000025563|8|||||
1000018093|5|||||
1000008695|7|7|7|6|6|
1000008698|4||6|||
1000013184|7|6|6|6|5|
1000007892|8|8|6|8|7|
1000024699|5|5|6|6|7|
1000018117|8|8|8|8|8|
1000016441|8|6||||
1000026666|6|5|5|5|5|
1000013776|9|6|5|6|8|
1000025503|5||5|5|5|
1000010653|6|6|6|6||
1000016542|5|6|6|5||
1000016544|4|5|5|5|5|
1000016548||4|4|4||
1000016553|5|5|6|5||
1000025389|5|5|5|6|6|
1000025394|6|8|8|||
1000005526|8|8|8|8|8|
1000019293|5|6|4|6|5|
1000025347|6|5|6|9||
1000025694|5|5|5|6|6|
1000025697|8|8|8|||
1000024938|5|5||6|6|
1000021974|5|5|5|5|5|
1000010922|8|8|8|8|8|
1000021298|4|5|5|5||
1000005270||4||4|3|
1000013845|4|4|4|6||
1000009361|7|5|5|6||
1000008353|4|4|4|5|5|
1000026437|5|||4||
1000020121|8|6|6|||
1000024790|7|7|9|||
1000005407|5|6|8|8|8|
1000026207|5|5|5|4||
1000024574|4||4|||
1000025295|4|4|5|4||
1000025771|6|10|10|10||
1000009486|5|7|7|||
1000021000|5|6|6|6|6|
1000021002|6|6|6|6||
1000005374|6|5|4|6|8|
1000012232|||6|6|7|
1000026623|8|6|6|6|6|
1000026084|5|6|10||10|
1000023966|4|4|4|4||
1000027016|4||5|6|7|
1000025988|6|6|6|6|6|
1000024250|8|||||
1000014220|5|5|4|5|6|
1000005383|6|5|6|6|5|
1000011917|||8|9||
1000020102|6|6|6|7||
1000025735|6|8|8|6|6|
1000025745|5|6|4|5|6|
1000021417|6|6|9|8|8|
1000027425|5|5|6|5|6|
1000023825|5|6|8|||
1000025430|5|5|5|5||
1000025657|6|7|7|7||
1000014278|7|6|7|6|6|
1000014280|6|5|6|5||
1000025111|8|6|6|7|8|
1000025763|7|7|7|6||
1000018140|5|5|6|5|6|
1000007037||6|6|6||
1000020895|8|8||||
1000026641||||4||
1000026642|8|5|6|6|7|
1000007972||5|4|4||
1000026245|6|8|8|9||
1000026248|6|7|6|6|6|
1000025170|6|8|8|6|6|
1000015302|4|5|5|5|5|
1000015320|6|6|10|10||
1000025554|6|8|8|8||
1000005871|5|6|6|8|8|
1000026497||5|5|||
1000025754|5|5|6||7|
1000023798|6|6|6|6|6|
1000016671|5|6|6|7|7|
1000015609|5|5|5|5|5|
1000015611|6|4|5|6||
1000015612|3|4|4|4|5|
1000026603|6|6|5|5|5|
1000021928|8|8|8|10||
1000019524|5|6|5|||
1000005574|5|||5||
1000025187|4|4||4||
1000025455|9|10||||
1000026230|5|5|5|5||
1000020928|9|8|10|10||
1000025659||6|6|6|7|
1000011909|4||5|4|4|
1000011913|8|8|7|7|8|
1000013769|8|10||||
1000013774|3|4|4|3|3|
1000021377|5|8|8|9||
1000023301|7|7||8|8|
1000007884|5|4|4|4|4|
1000025408|6|8||||
1000021717|6|7|6|6||
1000005315|6|7|8|8||
1000023283|||||5|
1000023286||8|8|9||
1000025008|6|6|7|8|9|
1000024964|8|9|8|6|6|
1000021382|5|5|4|5||
1000023004|6|6|6|6|7|
1000019261|4|4|4|8|4|
1000019805|8|7|9|10||
1000005263|4|4|5|3|3|
1000023308|8|6|6|6|7|
1000025044||4||||
1000026797|5|||7||
1000024902|4|4|5|6|6|
1000026328|5|6|6|5|5|
1000006807||4|4||4|
1000027695||6||8||
1000005519|6|4|4|5|6|
1000026383|5|7|7|8|8|
1000027796|7|5|5|5|5|
1000028266||4|4|4|5|
1000025023|8|7|7|8||
1000027742|5|5|6|5||
1000027744|6|6||||
1000026672|5||6|5|5|
1000011517|6|6|6|6|6|
1000022045|5|5|5|6|6|
1000028131|7|7|10|9||
1000026844|5|6||4||
1000027170|3|4|4|4|4|
1000027910|5|4|4|4|4|
1000016653|7|8|9|7||
1000026814|5|4|5|9||
1000027080|||5|5||
1000027083|5|5|5|4|4|
1000027988||6|7|8|8|
1000024244|4|5||||
1000027258|7|8|7|9|9|
1000027260|6|7|6|||
1000027251|8|8|8|9||
1000010569||4||5||
1000027780||5||7||
1000027781|5|5|6|6||
1000027414|10|||||
1000027232|8||7|8|8|
1000027233||6|5|4|4|
1000027225|8|5|6|6|7|
1000027832|4|3|4|4|4|
1000027878|6|7|6|6|6|
1000026481|5||7|||
1000026118|5|6|6|7|8|
1000024319|6|6|6|6|7|
1000024910|3|3|3|3|3|
1000024911|7|6|6|5||
1000027560|6|5|6|5|5|
1000027242|5|5|5|6||
1000026951|6|5|4|||
1000027976|5|4|4|3|3|
1000026627|4||5|5|5|
1000026634|10|||||
1000028588|7|8|8|8|8|
1000013183|5|5|6|5|5|
1000027382|6|8|6|6|5|
1000028955|5|4|5|||
1000027661|8|9|8|8|8|
1000027663|4|4|4|4|4|
1000018155|7|5|7|5|5|
1000025556|6|5|5|5|4|
1000010809|3||4|||
1000029192|8|5|5||5|
1000027373||4||||
1000027374|6||5|5||
1000005428|6||6|5||
1000026606|4|6|5|6|6|
1000027125|9|5|6||6|
1000026756||||6||
1000026371|7|6|8|6|6|
1000026466|8|9|9|8|9|
1000027640||6|8|7|8|
1000028855|4|6|4|4|4|
1000028465|||5|4|4|
1000012020|5|6|6|8|10|
1000028630|8|7|10|9||
1000027309|6|8|8|7|7|
1000027140|4|6|6|6||
1000029462|5|7|8|8|8|
1000028431|5||8|10||
1000028759|4||6|5|5|
1000028925|6|8|7|7|7|
1000028178|9|8|8|8|7|
1000026879|8|8|8|8|8|
1000029951|5|5|6|6||
1000025882||4|5|4|4|
1000000012|4|4|4|5|4|
1000029499|5|||||
1000028375|4|4|6|6||
1000028378|4|4|4|4|5|
1000027289|8|8||||
1000029223|6|6||10||
1000029888|6|7|9|9|8|
1000025027|6|6|6|6|7|
1000026954|4|5|5|5|5|
1000029754|9|7|9|8|10|
1000029758|9|9|9|9||
1000029302|6|5||6||
1000028077|6|5|4|4||
1000028839||5|4|5||
1000028295|4|6|6|6|8|
1000024998|5|6|6|5|6|
1000028320||7|5|8|7|
1000028979||||6|5|
1000026847|5|6|5|5||
1000019498|5|||||
1000027836|4|4|4|6|5|
1000027837|8|6|5|5|6|
1000027729|8|5|8|8||
1000024836||6|5||6|
1000028222|6|||||
1000028226|5|5|4|5||
1000028963|4|4|4|4|5|
1000024826||5|6|6||
1000024827|8|10||||
1000030000||6|5|4|5|
1000028081|6|6|5|7|8|
1000029146|6|8|8|7|6|
1000029148|4|6||||
1000029149||5|5|7|8|
1000026737||5|3|||
1000028568|5|5|4|4||
1000028509|7|6|9|||
1000028510|8|6|6|7|8|
1000027957|9|8|9|9||
1000029037||6|5|5|7|
1000029054||||5||
1000025384|5|6|8|6|6|
1000028585|5|4|5|6|6|
1000028755||8|8|8||
1000026060|5|5|6|6|6|
1000028003|6|6|6|6|8|
1000028722|6|7|6|6||
1000028185|||8|||
1000027753|4||4|||
1000007878|4|3|4|5|6|
1000030070|4|4|4|5|6|
1000027783|6|5|5|5|6|
1000029878|4|4|5|5|4|
1000027563|4|4|4|||
1000027565||7|8|9||
1000027571|4|4|5|||
1000030132|5|6|5|5|6|
1000030167|6|6|5|6|8|
1000029296|||||4|
1000030258|4|6||5|5|
1000029641||9|6|5||
1000028410||||5||
1000029177|4|4|4|4||
1000030531|5||6|5|5|
1000030533|8|4|5|5|6|
1000030444|10|6|5|5|6|
1000030350|||6|8||
1000029906|4|5|3|5||
1000029159|||6|6|6|
1000028341|4|4|5|4|4|
1000030290||6|6|7|7|
1000028997|||7|8|7|
1000030646||5|6|6||
1000030155||6|6|5|5|
1000026941|6|8|6|7|7|
1000025403|5|3|6|5|6|
1000030274|4|4||4||
1000028643|6|6|6|8||
1000030246|6|6|6|6|6|
1000030247|6|6|6|||
1000026104|6|7|6|6|6|
1000029611|6|4||7|6|
1000028196|5|5|5|5||
1000029901|6|4|6|8||
1000029987||5|6|||
1000029989|4|4|3|4|4|
1000030899|6|6||6|6|
1000026534|4|3|4|4||
1000029089|6|5|5|||
1000030145|8|8|9|9|9|
1000031038|6|6|8|9||
1000031079||8|7|7|6|
1000029218|8|6||6||
1000029535|7|5|6|7|9|
1000029749|6||5|4||
1000030433|6||5||6|
1000030052|6|6|6|||
1000028815|6|8|8|7|7|
1000029325|5|5|5|5|5|
1000030991|8|4|7|6|6|
1000030729||4|5|4|4|
1000028130|8|9|9|||
1000028654||5|5|5||
1000029243|6|8|6|8||
1000027032|6|5|5|5|6|
1000029520|4|5|6|7|7|
1000028764|6|5|7|6|6|
1000028768|4|4|5|7||
1000027550|4|4|5|6|6|
1000030591|5|5|5|6||
1000030003|7|6|6|8|7|
1000028272|6|7|6|7|6|
1000029075|6|5|5|5|8|
1000028822|4|5|4|4|4|
1000024763|10|||||
1000025942||4||4||
1000029168|5|5|5|4||
1000025949|6|6|6|8||
1000025950|6|4|4|5||
1000028109|8|6|9|8||
1000027360||6|8|||
1000028399|5||4|4||
1000030342|5|9|10|||
1000029384||8||9||
1000029385|8|6|5|5|5|
1000025333||5|6|6||
1000029416|6||5|7|7|
1000027254|5|5|6|6|6|
1000029746||7|7|6|8|
1000028848|8|6|8|7|6|
1000029143|4|4|5|5|5|
1000030455|5|6|6|6|6|
1000028206|5|6|6|5|4|
1000030538|5|5|5|8|8|
1000028829|6|4|5|6|5|
1000028830|4||6|5||
1000030039||6|6|8||
1000029693||6|8|8||
1000029562|6|6|7|6||
1000028462|7|8|7|7|7|
1000030511|4||5|||
1000030846|6|5|4|4|4|
1000031347||7|6|5||
1000031368||5|4|5|4|
1000031538||7|9|8|8|
1000028857|7|8|8|7|6|
1000030161|6|6|7|7|6|
1000029484|7|8|9|9||
1000027459|8|||||
1000030681|5|4||||
1000030708|5|9|8|7||
1000031001|7|8|6|6||
1000029257|6|8|9|10||
1000029260|6|8||6||
1000030938|8|5|6|6||
1000030546|5|5|4|4||
1000030860||9|8|8|8|
1000030624|7|5|6|5||
1000030626||5|5|5|4|
1000027388|8|8|8|8|8|
1000030642|||6|6|6|
1000027423|7|10||||
1000001052|4|4|6|6|7|
1000031481||9|8|7|8|
1000001071|5|5|4|4|4|
1000030447|6|6|4|5|5|
1000030449|5|5||||
1000001203|5|5|5|4|6|
1000028880|6|5|5|5||
1000030744|6|8|8||8|
1000001211||6|4|4||
1000001131|5|6|6|5|5|
1000030812|6|5|7|8||
1000031720|||9|10|7|
1000018824|6|6|6|6||
1000006801|5|5||||
1000026348|7|9||||
1000018192|10|9|9|9||
1000031634|||5|6||
1000026475|4|||||
1000026479|7|6|8|8||
1000012324|6|6|6|5||
1000017915|6|8|7|7|7|
1000023417|5|5|5|5|5|
1000025164|5|5|4|5|5|
1000025168|9|7|10|||
1000019441|5|6|8|8|8|
1000025931|6|6|6|6|8|
1000001229||6|6|5||
1000001243|4||5|4|5|
1000030510|6|6|9|9||
1000019339|6|4|4|4|4|
1000001230|5|5|6|||
1000001232|9||7|9||
1000012149|8|9|9|9|9|
1000018437|6|6|4|||
1000031530||9|6|8||
1000031531||4|4|8|7|
1000018431|3|3|3|3|3|
1000031049|6|6|8|7|7|
1000031051|4|4|3|3|3|
1000004885|6||6|7|7|
1000019726||5||||
1000022685|6|6|6|6|6|
1000007473|6|8|6|6||
1000021629||||6||
1000005666|8|7|6|6|7|
1000001914||||6||
1000025364|9|||||
1000025526|6|6|6|6||
1000025528|4||4|5||
1000003967|6|5|4|4|5|
1000026865||||4|6|
1000013140|7|7||8|7|
1000017972|5|5|5|5|5|
1000022725|5|6|5|6|6|
1000000448||5|6|5||
1000005721|5|5|6|5||
1000013888|8|8|7|6|7|
1000006638|6|7|8|8||
1000004946||||4||
1000004947|8|5||5||
1000004948|5|5|4|4||
1000031063|||4|4|5|
1000005189|5|5||6||
1000020719|6|5|5|5||
1000004229|4|5|6|6||
1000020748|8|8|8|||
1000006594|4||3|3|4|
1000005193|6|7|7|8||
1000004441||6||6||
1000020687|4|5||5||
1000004769|9|10||||
1000004772|4|5|5|5|6|
1000009864|5||6|6||
1000004239|6|6|6|6||
1000004653|5|5|8|9|8|
1000005044|4|6|6|6|5|
1000007823|4|4|4|4|5|
1000023792|5|5|5|5||
1000018004|6|6|6|6|6|
1000024930|6|7|6|6|7|
1000024932|6||5|5||
1000015081|6|7|7|6||
1000004222|4|5||||
1000004363||6|8|6||
1000018028|6|8|6|6|6|
1000020752|6|6|6|6||
1000007258|5|5|5|5||
1000009784|4|4|3|3|3|
1000020668|6|6|6|6|6|
1000016332|7||6|||
1000017772||4|5|||
1000031697|||9|4||
1000031699|||||3|
1000031412||5|5|5|5|
1000031414||7|9|9||
1000031041|||6|5||
1000031941||||8||
1000011863|6|8|8|8||
1000011586|5|5|6|5||
1000027245||3|4|4||
1000032020||||8||
1000031918|||5|5|5|
1000031920|||9|||
1000011612|8|8|6|||
1000031186|5|5|9|10||
1000031189||3||3||
1000011786|||5|5||
1000032073||||5|5|
1000031468||9|6|8||
1000028488|9||8|6|6|
1000011803|4|4|5|5|5|
1000031321||9|9|9||
1000011748|6|5|6|5|5|
1000031263||5|5|6|6|
1000029824|6|5|6|6||
1000029656|5|6|5|6|6|
1000028801|9|8||8||
1000031358|||5|||
1000031751||5|4|||
1000026968||4|5|4|3|
1000026971|4|8|8|6|7|
1000028589||4|6|4|4|
1000029581|8|7|8|7|7|
1000028276||8|6|6||
1000030848||8|8|6||
1000031868|||8|8|6|
1000032055|6|5|6|6||
1000031133|5|5|5|5|4|
1000031135|5||6|6|6|
1000032046||||7|5|
1000030305|5|6|6|6||
1000031574|||4|4|4|
1000031967||||9|9|
1000031177||||6||
1000030710|6||8|6||
1000031726|5|6|6|5|5|
1000031479||6|8|9||
1000031712||7|6|6|6|
1000028783|8|6|6|5|4|
1000031471||5|5|8|8|
1000029599|4||||6|
1000028716|4|5|6|5||
1000030618|6|||||
1000030719|6|6|6|6||
1000030720|5|5|4|6||
1000031353||7|8|7||
1000028709|7|6|8|10||
1000030758||6|6|5|7|
1000031348||9|7|8|7|
1000029695|6|8||||
1000025470|8|5|6|4|5|
1000030797|7|5|5|6|5|
1000031062|6|8|7|8|8|
1000029348||9|9|9|9|
1000028757|7|7|6|7|7|
1000028758|6||5|5||
1000031323||9|9|10|10|
1000031946|||6||6|
1000031329||4|4|2|2|
1000031878|||8|7||
1000031279||6|6|6|6|
1000031283|||6|6||
1000030806|6|10|10|10||
1000005918|5|6|6|6|5|
1000007204|6|6|6|6||
1000006824|6|6|5|5|5|
1000005708|3|3|2|3|3|
1000009127|5|4|5|5|4|
1000008800|5|5|6|5|5|
1000007186|5|8|7|8|8|
1000005894|5|4|4|4|4|
1000006817|6|4|4|4|4|
1000007607|4|6|5|4|5|
1000031450||||8|6|
1000008437|6|8|6|6|6|
1000008438|8|8|8|8|6|
1000007894|6|9|6|5|4|
1000007093|4|4|4|4||
1000005878|8|8|8|8|8|
1000008988|6|8|8||6|
1000008991|8|8|6|7||
1000008504|||5|5|4|
1000007598|5|6|6|6|6|
1000008983|6|5||5|5|
1000008496|4|4|5|4|5|
1000008384|6|5|5|5||
1000005938|5|6|5|5|5|
1000008968|4|5|6|6|5|
1000008970|6|6|6|9||
1000008973|3|3|3|3|3|
1000005783|7|6|8|8|7|
1000006912|4|4|4|4||
1000007503|2|2|2|2|3|
1000008473|9|||||
1000009630|7|5|6|6|5|
1000009402|4|3|3|3|3|
1000009405|6|7||6|6|
1000008192|5|5|4|||
1000008189|6|7|8|9|9|
1000007561|5|5|5|5|5|
1000008727|8|8|10|10||
1000007989|6|6|5|6||
1000010228|4|5|5|4|4|
1000010232|4|4|4|4||
1000008663|5|6|6|9||
1000010005|4|5|5|5||
1000024546|8|6|9|9|7|
1000006959|6|6|6|6|6|
1000025993|6|7|9|||
1000009266|6|6|6|6|7|
1000009872|6|6|8|8||
1000008652||5|6|7||
1000008654|5|6|5|6|6|
1000030968|6|6|6|6||
1000010532|6|6|6|7||
1000031734||8|6||5|
1000008870|4|4|4|4||
1000007782|7|7|8|9||
1000007783|7|6||8||
1000009880|5|8|7|6|7|
1000007010|7|6|5|6|6|
1000030867|5|4|5|7||
1000009897|8|6|7|7|6|
1000024691|4|4|3|3|3|
1000031143||6|7|6||
1000025280|6|5|6|8||
1000008331|7|8|8|7|7|
1000007665|4|5|6|5||
1000010786|5|6|6|5|5|
1000031207|5|5|6|6|6|
1000010705|||3|4||
1000027351||||8|7|
1000027810|6|||9|8|
1000029569|5|6|8|||
1000030518|6|9||||
1000024877||||5||
1000028687|7|7|6|8|10|
1000009243||4|||5|
1000026977|4|4|3|3|4|
1000028968|||9|7|8|
1000029709|8|9|8|6|6|
1000026995|6|6|8|8|6|
1000028737|5|6|6|6|6|
1000027482|5|4|6|6||
1000028044|6|6||||
1000029667||5|6|8||
1000029668|6||6|6||
1000028165|9|9|9|9||
1000028167|5|5|4|4|5|
1000031777|4|4|5|4|4|
1000028181|4|5|6|5|4|
1000028816|5|5||||
1000029410|5|5|6|6|6|
1000029897|8|6|9|8|6|
1000028460|||6|6|7|
1000029940|6|6||6||
1000027311|5|5|6|6||
1000027666||5|9|8||
1000029961||8|9|9||
1000026652|8|6||||
1000027427|5|6|8|8|8|
1000030684|||8||6|
1000030226|5|4|5|5|5|
1000008313|6|7|9|9|9|
1000010104|5|5|4|5|5|
1000010352|4|3|3|3|4|
1000010188|5|6|6|6|5|
1000010513|||5|5|5|
1000010343|4|4|5|4|4|
1000010769|4|3||4||
1000007796|5|6|8|6||
1000008617|5|4|4|5||
1000024668|5|4|5|4||
1000024339||6|6|6||
1000010830|4|4|4|4|4|
1000010150|5|5|4|4|5|
1000008322|5|5|5|6|6|
1000010396|5|5|7|6|5|
1000009274|8|8|8|9||
1000024479|4|8|9|8|7|
1000010198|6|5|7|6|8|
1000010123|8|8|9|8|8|
1000024474|5|5|7|6|6|
1000010117|6|7|6|6||
1000014017|5||5|6|6|
1000031968|||9|||
1000031805|||7|4|5|
1000031807|||8|8||
1000030192|5|5|5|5||
1000031233||7|9|8|7|
1000031234||10||||
1000006617|6|5|4|4|4|
1000004958|6||6|6|6|
1000014025|5|5|5|5|4|
1000030185|4|4||4|4|
1000026337|5|7|5|5||
1000013765|4|4|4|4||
1000030210||8|8|6||
1000032096||||8|6|
1000030884||5|8|8|8|
1000031798|||6|6|5|
1000015212|6|10||||
1000032119|6|6|7|7||
1000005097|6|6||6|8|
1000015208|4|4|4|3||
1000032129|||||4|
1000024223|6|7|8|7|6|
1000013074|4|5|5|5|5|
1000031463||8|8|7|8|
1000009596|3|3|3|3|3|
1000009766|5|5|6|6|7|
1000031704|4|4|4|||
1000032108||||8|8|
1000005132|5|6|6|6||
1000032126|7|6|6|5||
1000032090||||6|7|
1000032035||||6||
1000030584|4|4|4|||
1000013099|7|6|7|7|5|
1000005159|6|8|8|8|8|
1000027450|||4|5||
1000028500|8|7|6|8|8|
1000029634|6|6|8|8||
1000032021|||3|3|3|
1000030115|8|7|7|9||
1000032127|6|5|6|6||
1000000044|4|4|5|4|4|
1000000053|6|6|4|3|2|
1000000054|3|3|3|3|3|
1000000065|6|6|4|3|4|
1000000103|6|6|6|5|6|
1000000125|3|3|3|4|3|
1000000132|4|4|4|4|4|
1000000157|5|5|5|5||
1000000184|4|4|4|4|4|
1000000191|5|4|5|5|5|
1000000209|4|4|5|6|5|
1000000225|6|6|7|8|9|
1000000252|6|8|6|8|6|
1000000260|5|5|5|5|5|
1000000301|4|4|5|3|3|
1000000307|6|5|6|8|8|
1000000346|6|6|9|9||
1000000357|6|7|6|7|6|
1000000376|5|6|4|5|4|
1000000424|4|4|4|4|5|
1000000480|5|4|5|6|5|
1000000492|4|4|4|4|4|
1000000524|4|3|5|4|4|
1000000535|6|6|7|6|6|
1000000553|4|4|4|4|4|
1000000609|5|5|5|5|5|
1000000613|8|||||
1000000633|4|4|5|4||
1000000656|4|6|6|5|5|
1000000689|5|7|6|4|4|
1000000715|9|9|9|8|9|
1000000720|2|2|2|2|2|
1000000735|4|4|5|5|5|
1000000747|5|4|4|5|5|
1000000811|5|4|4|4|4|
1000000820||||4||
1000000866|3|3|3|3|3|
1000000875|6|5|6|6|6|
1000000894|5|8|8|6|6|
1000000911|4|4|6|6||
1000000912|||5|5||
1000000915|4|3|4|4|4|
1000000941|7|6|5|5||
1000000960||5|8|9|8|
1000000964|4|3|3|3|3|
1000000976|3|3|3|3|3|
1000000977|5|5|4|5|5|
1000001001|8|||||
1000001098|6|5|5|6|5|
1000001124|5|5|5|5||
1000001164|4|3|3|4|3|
1000001174|7|6|8|6|7|
1000001258||6|6|6||
1000001318|6|6|5|5||
1000001357|5|4|5|5|4|
1000001358||6|5|5|4|
1000001360|6|4|5|5|5|
1000001361|6|4|4|4|4|
1000001447|5|5|6|6|6|
1000001479|6|6|6|6|6|
1000001480|5|4|5|4|5|
1000001493||7|6|8||
1000001494|4|4|5|5||
1000001495|4|5|4|6|6|
1000001496|6|||||
1000001503||6|6|6|6|
1000001519|6|6|6|6||
1000001538|4|5|4|5|5|
1000001540|7|6|6|6||
1000001555|6|7|6|6||
1000001580|6|6|6|6|6|
1000001617|7|5|7|7|6|
1000001666|8|9|9|8|7|
1000001680|5||6|5|4|
1000001686|4|4||4||
1000001690|6|6|9|10||
1000001710|5|4|6|7||
1000001723|6|5|6|8|8|
1000001728|6|5|8|8|9|
1000001735|4|||4||
1000001741|5|6|6|6|6|
1000001743|6|6|6|5|5|
1000001756|3|3|6|5|4|
1000001768|7|9|8|8|8|
1000001771|3|4|2|4|5|
1000001832|5|5|4|4|4|
1000001865|4|4|4||4|
1000001880||5|4|6|5|
1000001886||7||||
1000001891|6|8|8|7||
1000001902|3|5|6|5|5|
1000001915|4|6|5|7|5|
1000001927|3|3|5|5|5|
1000001953|6|5|6|5|5|
1000001970|5|5|6|6||
1000002009|5|6|6|7|6|
1000002022|8|8||9||
1000002025|6|3|3|4|4|
1000002058|5|4|6|5|4|
1000002076|4|4|4|4|4|
1000002083|7|6|6|7|7|
1000002096|5|||||
1000002122|3|4|4|3|3|
1000002145|4|||4||
1000002149|8|6|5|5|6|
1000002156|3|4|3|3|3|
1000002202|5|6|5|6|6|
1000002220|5|6||6||
1000002253|4|6|6|6||
1000002259|3|3|4|3|4|
1000002306|4|5|5|||
1000002308|5|4|5|6|6|
1000002318|4|4|4|5|5|
1000002358||4|4|5|5|
1000002359|5|4|5|5|5|
1000002380||5|6|6|6|
1000002432|5|7|6|8|6|
1000002455|4|4|6|4|5|
1000002477|8|||||
1000002478|8|8|9|9|9|
1000002479|4|4|4|3|4|
1000002518||5||||
1000002526|3|3|4|4|4|
1000002534|5|6|5|5|7|
1000002562|5|4||8||
1000002576|2|2|2|2|2|
1000002577|9|8|10|8|9|
1000002600|4|4|4|4|4|
1000002625|5|5|6|5|5|
1000002627|4|3|3|3||
1000002662|4|4|3|3|3|
1000002668|7|8|7|8|8|
1000002675|2|2|2|2|2|
1000002676|5|6|6|10||
1000002681|3|5|5|4||
1000002687|4|4|5|6||
1000002722|6|6|6|5||
1000002737|5|5|6|5|8|
1000002740||3|4|4||
1000002750|4|||||
1000002772|6||8|6|6|
1000002780|3|3|3|3|3|
1000002791||6|6|||
1000002806|4|5|4|4|4|
1000002812|3|3|4|3|3|
1000002815|8|9|10|9||
1000002842|5|7|7|5||
1000002853|4|5|5|6|5|
1000002880|5|5|6|5|5|
1000002899|5|6|6|6||
1000002921|6|6|6|6||
1000002988|4|5|5|||
1000002991|4|5|6|5||
1000003017|8|8|7|9||
1000003019|7|9|7|6|6|
1000003037|5|8||||
1000003108||8|8|8||
1000003130|5||5|6||
1000003141||8||8||
1000003150|8|7|7|6|6|
1000003154|8||8|8|8|
1000003169|5|6|6|6|6|
1000003176|4|6|7|6|8|
1000003196|6|6|7|5|6|
1000003226|7|8|8|8|8|
1000003230|5|5|4|4|5|
1000003246|5|5|5|4|4|
1000003255|8|||||
1000003280|5|6|6|6|5|
1000003330|6|5|6|6|6|
1000003341|4|6|4|5|5|
1000003378|5|5|6|5|5|
1000003388|4|4|5|5|5|
1000003396|3|4|4|3|3|
1000003399|5|||||
1000003456|7|6|8|6|6|
1000003493|5|6|6|7|6|
1000003503|4|4|4|5|4|
1000003515|6|6|7|8||
1000003537||5||6||
1000003540|||5|6|5|
1000003574|6|6|6|5|5|
1000003609|7||7|6|6|
1000003624|5||6||6|
1000003631|5|6|8|7|7|
1000003633|8|8|8|7|8|
1000003636|6|8|7|6|6|
1000003641|5|5|5|4|4|
1000003683|||10|||
1000003686|||5|5|4|
1000003727|7|7|7|8|8|
1000003764|4|4|4|4||
1000003789|5|4|5|5|5|
1000003804|4||4|4||
1000003812||4||4||
1000003832||4||||
1000003833|4|4|4|6|8|
1000003836|9|||||
1000003839|||9|8||
1000003841|6|||||
1000003854|4|4|4|4||
1000003857|8|6|7|8|8|
1000003872|5|4||||
1000003882||8|9|8||
1000003890|6|6|5|4|4|
1000003892|6|5|6|8||
1000003908|6||4|4||
1000003909|6|5|5|5||
1000003917|6|6|7|6|6|
1000003929|5|5|6|6|6|
1000003939|9|9|8|9|8|
1000003941|7|6|7|7|6|
1000003951|7|6|6|6|5|
1000003956|4|4|3|4|3|
1000003972|7|6|8|||
1000003977|8|8|7|||
1000003978|8|8|5|5|5|
1000003981|||5|4||
1000003996|4|6|4|4|5|
1000004010|7||6|6|6|
1000004016|4|4|4|4|4|
1000004037|5|7|7|8|7|
1000004039|5|4|4|4||
1000004045|6|5|6|8|9|
1000004049|5|4|4|4|6|
1000004061|4||4|4|3|
1000004073||6|6|6||
1000004105|6|5|5|5|5|
1000004107|6|5||||
1000004122|4|4||||
1000004160|||5|5|5|
1000004170||7||||
1000004176|3||4|||
1000004198|5|6|6|7|6|
1000004200|5|4|5|5|6|
1000004207|6|6|6|6||
1000004220|5|4|5|5|4|
1000004237|5|5|6|5||
1000004246|6|||||
1000004253|6|6|6|6||
1000004292|6|8|6|6||
1000004325|||5|||
1000004328|4|5|5|5|5|
1000004340||6|6|6||
1000004352||7||||
1000004428|6|5|9|6||
1000004430|8|8|9|8|9|
1000004447|9|8|7|||
1000004491|6|7|7|7|7|
1000004499|6||5|5|5|
1000004548|5|5|7|||
1000004556|8|9||||
1000004568|9|||||
1000004593|4|5|4|6||
1000004620||5||5||
1000004690|5|||6||
1000004697|6|7|5|6|7|
1000004715|4|4|4|5|5|
1000004717|8|6|6|5|5|
1000004756|7|8|8|8|7|
1000004890||5|6|5||
1000004910|4||||4|
1000004914||3|4|4||
1000004954|6|6|6|5||
1000005011|||6|7||
1000005032|4||4|4|3|
1000005038|8|8|8|5||
1000005041|4|4|4|5|6|
1000005055|5|||||
1000005075||5|8|6|6|
1000005128|8|8|7|7|8|
1000005162||||4||
1000005214|5|||||
1000005216|4|6|6|6|5|
1000005228|6|7|8|6|7|
1000005287|7|8|8|8|8|
1000005464|9|10|10|10||
1000024788|9|9||8||
1000005573||6|6|6||
1000005578||6|6|7||
1000005611|4|4||||
1000005621|6|6|6|6|6|
1000005631|6|5||||
1000005647|7|7|7|6|9|
1000005680||4|4|4|5|
1000005699|3|3|3|3|4|
1000005714|5|6|6|5||
1000005729||4|4|4|5|
1000005731||5||||
1000005734|5||7|5|5|
1000005775|5|6|6|5|5|
1000005777|6|6|5|6|6|
1000005804||6|6|5|5|
1000005819|5||5|5||
1000005950|4|3|3|3||
1000005964|4|4|3|3|3|
1000005971|4|5|5|5|5|
1000005978|8|6|6|5|5|
1000005981|4|5|5|5|5|
1000005996|5|5|5|6|6|
1000006020|6|8|9|6|6|
1000006024|7|8|7|8||
1000006028|4|5|5|4|5|
1000006047|5|4|4|||
1000006062|4|4|4||4|
1000006073|6|6|6|6|7|
1000006074|3|4|3|3|4|
1000006085|3|3|3|3|3|
1000006130|4|6|8|8|7|
1000006133||5||||
1000006148|5|6|6|6|6|
1000006155|7|5|5|4|4|
1000006177|8|8|8|8||
1000006179|5|6|6|5|6|
1000006201|5|5|6|6|8|
1000006207|9|||||
1000006228|8|5|5|4|4|
1000006264||5|4|||
1000006266|6|7|6|5|5|
1000006293||4|4|4||
1000006297|||5|5||
1000006305|7|8|7|7|7|
1000006307||4||||
1000006311|5|6|5|5|5|
1000006331|||||6|
1000006332|10|||||
1000006333|5|6||6||
1000006340|6|5|7|8|8|
1000006352||6|7|6|7|
1000006397|5|5|4|6|4|
1000006404|5|4|5|4|5|
1000006407|8|7||6||
1000006421|6|6|5|5|6|
1000006452|9|8|9|8|8|
1000006458|7|8|10|||
1000006460|4|5|4|5||
1000006467|4|5|4|||
1000006470|7|6|7|6|6|
1000006612|6||7|9||
1000006624||8|8|8||
1000006667|6|7|6||6|
1000006668||7||||
1000006691|7|8|6|8|5|
1000006698|7|9|8|8|8|
1000006703|||9|||
1000006706|||4|||
1000006719|8|6|8|7|7|
1000006720|9|9|9|8|9|
1000006727|||9|8|8|
1000006784|3|4|||5|
1000006788|6|7|6|6||
1000006810|4|5|5|5||
1000006858|5|6|6|5|5|
1000006866|5||5|5|5|
1000006877|8|||8||
1000006938|5|6|7|6|8|
1000007000||6||||
1000007004|6|6|6|8||
1000007058|3|4|3|3|4|
1000007121|6|5|5|5||
1000007138|6|6|6|7|7|
1000007154||5||||
1000007155|3|3|3|3|3|
1000007164|7|7|8|10|10|
1000007171|5|5|5|4||
1000007180|3|5|4|6|6|
1000007233|4|5|6|6|5|
1000007237|6|7|6|5||
1000007250|4|4|4|4||
1000007252||4|4|5|5|
1000007270|6||7|8||
1000007305|6|7|8|||
1000007330|4|4|4|4||
1000007356|6|6|6|5||
1000007413|4|4|5|4||
1000007448|5|5|5|5||
1000007535|4|5|4|4|5|
1000007571|4|4|6|4||
1000007632|4|4|4|5|6|
1000007669||6|6|7|6|
1000007684|8|9|9|8|6|
1000007743|4|4|5||4|
1000007753|4|8|8|||
1000007787|5|5|6|5||
1000007798|6|6|8|8|8|
1000007815|4|6|5|4||
1000007933|6|8|7|8|6|
1000007934|5|7|7|6|8|
1000007939||5|8|5||
1000007959|5|5|6|8|8|
1000007996|5|5|5|5|6|
1000008009|6|5|5|8|6|
1000008034|6|6|5|5|5|
1000008041|5|7|9|9|9|
1000008050|5|5|4|4|5|
1000008056|6|6|6|6||
1000008064|4|5|4|5|5|
1000008101|4|4|6|6|6|
1000008111|8|8|10|||
1000008125|6|5|8|8|8|
1000008130|4|6|6|8|8|
1000008199|4|5|5|5|6|
1000008200||7|7|7||
1000008210|4|5|5|5|5|
1000008219|5|7|8|8||
1000008235|6|4|4|6||
1000008262|9||8|8||
1000008268|7|7|8|6|6|
1000008278|5|5|5|5|5|
1000008287|6|6|6|5|5|
1000008295|5|6|6|8||
1000008320|4|4||||
1000008342|7|7|8|8||
1000008392|3|4|4|4|3|
1000008396|4|3|3|3|3|
1000008400|4|4|6|5|5|
1000008472|6|6|8|9|9|
1000008544|||4|||
1000008547|4|4|4|4|4|
1000008564|5|8|5|6|6|
1000008621|||4|||
1000008661|5|4|5|6||
1000008680|5|5||8|6|
1000008718|6|8|9|||
1000008720|6|6|7|7||
1000008730|5|5|5|6|4|
1000008763|5|4||4||
1000008794|2|5|4|3|3|
1000008815|8|8|8|||
1000008821|6|6|6|6|6|
1000008834|5|5|5|4||
1000008847|6|6||||
1000008892|6|6|8|8|6|
1000008933|5|5|5|5||
1000009000|4||4|||
1000009034|4|5|4|4|6|
1000009035|8|8|7|8||
1000009039|4||4|5|6|
1000009043||5|5|6|6|
1000009074|8|8|7|8||
1000009106||||3|3|
1000009136|5|4|5|5|5|
1000009160|5|6|4|7|6|
1000009184||6|6|6|5|
1000009250|||6|5||
1000009304|8|8|8|7|8|
1000009336|7||8|8|8|
1000009395|4|4|4|4|5|
1000009420|4|4|5|5|5|
1000009427|9|8|10|10||
1000009438|5|5|5|5|4|
1000009450|3|3|3|3||
1000009466|8|9|9|9||
1000009467|8|7|9|6|6|
1000009480|6|6|7|7|6|
1000009501|4|4|5|7|6|
1000009527|3|3|5|4|5|
1000009563|4|5|5|5||
1000009571|||4|4|5|
1000009592||||3||
1000009623||8|8|8|8|
1000009640||5|5|5|6|
1000009649|6|5|6|8|7|
1000009722|5|4|4|5|5|
1000009736|4|4|4|3||
1000009825|8|6|6|||
1000009835|6|7|7|9|10|
1000009837|4|4|4|4|4|
1000009885|8|8|9|9|9|
1000010000|5|6|6|6||
1000010006|7|6|7|8||
1000010008||3|4|||
1000010041|3|3|4|||
1000010069|5|6|6|8|8|
1000010088|4|4|3|3|3|
1000010103|3|2|2|2|3|
1000010165|5|5|4|4||
1000010186|9|||||
1000010226|8|8|8|8|8|
1000010242|4|4||||
1000010252|6|5|5|5|5|
1000010267|6|7|6|6|7|
1000010287||||4||
1000010346|4|5|5|5|6|
1000010432|6|6|6|6||
1000010443|5|6|5|5||
1000010444|4|5|5|8||
1000010447|5|5|5|||
1000010466|9||10|||
1000010501|4|5|5|5||
1000010518||4||||
1000010525|8|8|8|10|10|
1000010594||5||||
1000010621|6|6|7|6|7|
1000010662|6|7|7|7||
1000010704||5||6||
1000010721|6|6|9|9|9|
1000010764|6|5||||
1000010800|5|4|4|5|6|
1000010818||6||5||
1000010837|5|5|5|4||
1000010908|4|||||
1000010914|6|6|7|7||
1000010941|8|8|8|||
1000010944|3||3|3|3|
1000010964|4|4|4|||
1000010968|4|5|4|4|4|
1000011000|6|||||
1000011017|8|8|7|8|8|
1000011019|9|8|6|6|6|
1000011060|4|4|5|6||
1000011065||6||6||
1000011068|3|4|3|4|4|
1000011076|7|8||7|8|
1000011078|4||3|3|3|
1000011102|5|5|5|4|5|
1000011113|||6|||
1000011116|4|||4||
1000011117|4|4|5|5|4|
1000011122|5|7|7|8||
1000011179|5|5|5|6|6|
1000011184|6|7|6|8|8|
1000011197|6|6|6|5|7|
1000011202|4|4|3|||
1000011241|5|5|6|5|5|
1000011252|6|5|4|4|4|
1000011258|8|8|9|10||
1000011284|5|5|5|5||
1000011311|4|5|4|6||
1000011367|4||4|5|4|
1000011371|5|4|4|4|4|
1000011399|8|9|8|9|10|
1000011401|||4|||
1000011428||||4||
1000011443|4|6|5|5||
1000011446|3|4|3|4|5|
1000011447|8|8|7|6|6|
1000011463||4||||
1000011538|5|6|6|5|5|
1000011576|4|5|8|8|6|
1000011648||8|8|8||
1000011650||6|6|5||
1000011654|6|8|8|7|6|
1000011735|6|6|6|6|6|
1000011805||4|||5|
1000011813|9|8||||
1000011816|4|5|5|5|4|
1000011865|||4|||
1000011963|6|6|6|8|8|
1000012002|4|||||
1000012004|6|6|6|6|6|
1000012071|6|7|9|6||
1000012133|6||6|5||
1000012157|6|4|4|5|4|
1000012170|8|8|7|6||
1000012174||4||4||
1000012190|4|4|6|6|5|
1000012215|5|6|6|5|6|
1000012221||9|9|7|7|
1000012260|5|6|6|6|8|
1000012293|4|4|4|4|4|
1000012303|6|9|8|8|9|
1000012349|4|4|4|5|4|
1000012353|3||3|3|4|
1000012368|7|8|7|7|7|
1000012384|5|5|6|6|6|
1000012415|4|5|4|4|3|
1000012423|8|7|7|9|8|
1000012431|5||4|3||
1000012432|4|5|6|6|6|
1000012435|||4|5|3|
1000012459|7|5|7|7||
1000012468||4||||
1000012483|4|4|4|3||
1000012534|4|5|4|4|5|
1000012549|4|4|4|3|3|
1000012560|5||5|6||
1000012577|4|4|5|4|4|
1000012596|8|7|6|5|6|
1000012608|7|5|8|9|9|
1000012615|6|6|7|8|8|
1000012620|5|6|5|4|5|
1000012662|7|7|7|7|7|
1000012692|4|5|5|6||
1000012706|6|5|5|5|5|
1000012724|6|7|9|10||
1000012733|7|8|8|9|8|
1000012750|5|4|4|4||
1000012754|4|5|4|7|9|
1000012774|5|6|5|5|4|
1000012780|2|2|2|2|3|
1000012783|6|6|6|6|6|
1000012807|5|5|5|5||
1000012811||||4|4|
1000012814|5|6|6|6||
1000012825||9||||
1000012831|6||6|6|7|
1000012843|4|6|8|8||
1000012847|4|4||4||
1000012880|5|5|5|6|5|
1000012920|5|5|5|5|4|
1000012957||||5||
1000012959||4||4||
1000012979|||4|4||
1000012989|5|||6|5|
1000013026|8|||8||
1000013050|5||4|4|4|
1000013073|4|5|5|4|4|
1000013159|7|6|8|8|8|
1000013221||4|4|6|6|
1000013233|7|7|10|||
1000013251|9|||||
1000013268|4|4|4|3||
1000013368|9|||||
1000013376|6|6|8|8||
1000013381|8|8|7|7|7|
1000013454|6|5|5|5|6|
1000013460|7|6||||
1000013472|7|4||6||
1000013516|6|6|6|5||
1000013522|6|8|8|||
1000013553|4|4|4|4|4|
1000013558|6|6|5|4|4|
1000013578|4|4|4|||
1000013598|4|||||
1000013669|5|6|5|4|5|
1000013671|7|6|6|7||
1000013672|5|5|5|5||
1000013674|3|4|4|||
1000013677|6|5|8|7|6|
1000013678|4|4||||
1000013693|4|4|5|4||
1000013715|5|6|5|6|5|
1000013736|4|6|9|10||
1000013738|7|6|7|6||
1000013763|6|5|5|5||
1000013788|8|7|7|7||
1000013797|6|6|6|4|5|
1000013829|5|5|5|5||
1000013834|4|3|4|4||
1000013868|5|5|5|5|5|
1000013892|8|8|8|8||
1000013900|8|8|8|8|6|
1000013923|8|8|8|6|6|
1000013932|8|8|8|7|6|
1000013954|8|6|6|8|7|
1000013961|8|8|8|8|9|
1000013968|5|4|4|4|4|
1000013987|6|6|6|6|6|
1000013995|6|5|6|5|6|
1000014009|6|6|7|5||
1000014020|6|6|7|6|5|
1000014031|5|5|6|5||
1000014057|8|||||
1000014063|||4|||
1000014140|10|||||
1000014155|4||4|||
1000014162|4|||||
1000014171|5|6|5|5|4|
1000014174|3|6|3|3|3|
1000014188|6|6|6|6|5|
1000014228|7|6|5|||
1000014247||5|5|4||
1000014271|5|5|5|4|5|
1000014292|5|5|6|6|6|
1000014299|4|8||||
1000014318||5|4|||
1000014324|3|6|6|8|8|
1000014397|8|6|8|7|6|
1000014423|3|5|5|4|4|
1000014503|4|6|6|6|5|
1000014544|5|5|5|5||
1000014558||5|5|6|6|
1000014582|5|6|5|5|5|
1000014601|9|8|9|||
1000014641|8|||||
1000014668|6|5||||
1000014678|6|6|5|5||
1000014707|5|5|6|5||
1000014733|4|4|3|4|4|
1000014744|8|7|7|8||
1000014747||6|6|5||
1000014761|6|5|6|6||
1000014783|6|6|5|6|5|
1000014790|5|5|5|6|5|
1000014798||4||||
1000014859|5|4|6|||
1000014874|8|8|9|8|8|
1000014902|6|6|6|6|6|
1000014906|6|6|6|7|5|
1000014910||4|5|4||
1000014946|6|6||||
1000014974|8|8|10|9|8|
1000015037|5|4|6|6||
1000015113||10||||
1000015115|6|5|5|5||
1000015121|5|5|4|4||
1000015128|6|||||
1000015141|5|8||7|6|
1000015144|5|4|5|5|4|
1000015145|4|5|5|5||
1000015172|6|6|4|4|3|
1000015277|5|6|4|||
1000015296||||4|4|
1000015336||||4|5|
1000015344|4|4||4||
1000015368||6|5|6|6|
1000015369|5|5|5|5|5|
1000015379|5|5|5|5||
1000015397|6|6|5|5|5|
1000015400|6|5|6|8|8|
1000015433|8|6|7|7|6|
1000015467|6|4|4|5|6|
1000015485||6|4|4|5|
1000015526||4||4||
1000015541|6|6|7||6|
1000015558||4||4||
1000015575||||7||
1000015578|8|7||||
1000015591|6|5|5|5|5|
1000015595|5|7|7|6|6|
1000015606|10|10|10|9|8|
1000015621||6|6|||
1000015654||4|5|5||
1000015660|6|6|6|6|6|
1000015663|5|5|7|8|5|
1000015689|5|5|5|6|6|
1000015753||5|4|||
1000015754|5|5|5|5|5|
1000015779|4|4|6|4|4|
1000015819|4|7|7|9|8|
1000015823|6|6|6|6|6|
1000015840|8|7|6|6|5|
1000015882|9|8|9|10|9|
1000015885|5|5|6|5|6|
1000015887|9|||||
1000015907|10|10|10|||
1000015908|8|9||||
1000015933|6|6|6|5||
1000015949|5|5|8|7||
1000015953|6|5|4|4||
1000015963|9|9|9|8||
1000015970|8|8|8|8||
1000015979|4|4|5|5|6|
1000016024||||4||
1000016035|8|9||||
1000016072|6|6|6|5||
1000016103|4|6|8|7|7|
1000016146|6|5|6|6|6|
1000016153|6|6|6|5|4|
1000016155|4|4|4|4|4|
1000016156|3|4|4|4|4|
1000016179|5|||||
1000016225|5|5|5|6|6|
1000016228|6|5|5|5|5|
1000016242|8|8|9|||
1000016263|4|4|4|4|4|
1000016282|4|4|4|3|4|
1000016303|5|6|6|6||
1000016325|6|5|6|5||
1000016346||4|4|5||
1000016365|6|6|5|5||
1000016373|5|6|4|4||
1000016376|5|5|6|5||
1000016381|7||8|||
1000016403|4|6|5|6|5|
1000016435|9|||||
1000016448|4|||||
1000016488|4|4|5|5|4|
1000016502|4||4|4||
1000016508|5|4|5||5|
1000016520|4|5|7|9|9|
1000016523|4|4|4|4||
1000016571|5|6|4|5||
1000016595|6|8|6|6||
1000016604||6||||
1000016616||4||4||
1000016630|7|8|7|6||
1000016672|8|8|7||5|
1000016676|6|7|5|||
1000016682|4|4|4|||
1000016725||5|4|5|4|
1000016727|6|7|6|8|7|
1000016777|6|5|5|5|5|
1000016801|8|7|9|7|8|
1000016818|6|6|6|5|6|
1000016840|5|5|5|4|4|
1000016860|6|7|10|10||
1000016867|6||5|5||
1000016874|6|5|6|5|5|
1000016896|4|4|5|4||
1000016929|4|5|4|4|4|
1000016936|6|5|5|4|6|
1000016976|5|5|6|5|6|
1000016990|3|3|3|3|3|
1000017006|5|5|5|5|5|
1000017041|8|7|7||7|
1000017052|4|4|4|6|5|
1000017069|||4|4||
1000017072|4|5|5|5||
1000017073|5|5|5|6|5|
1000017084|8|8|8|8|6|
1000017091|5|6|6|7|5|
1000017098|8|7|4|4|5|
1000017108|4|5|5|6|6|
1000017113|5|4|4|5|4|
1000017116|8|7|7|6|6|
1000017140|6|5|6|5|5|
1000017165|||6|8||
1000017191|6|6|6|4|5|
1000017215||4||||
1000017216|4|4|4|5|5|
1000017239|5|3|4|4|4|
1000017254|4|5|4|4|4|
1000017281|8||8|6|7|
1000017317||5|5|5||
1000017329|3|6|5||5|
1000017331|7|7|6|5|5|
1000017356|4|4|4|4|4|
1000017384|5|5|7|6|6|
1000017421|5|4|5|5|5|
1000017451|5|8|5|5||
1000017490|5||5|5|5|
1000017510|6|6|7|5|5|
1000017518|7|8||6|5|
1000017536|5|5|5|5|5|
1000017553||6|5|4|4|
1000017570|||||5|
1000017603|4|5||4||
1000017614||4|4|5||
1000017636|6|6|6|7|7|
1000017645|5|5|5|4||
1000017675|6|6|6|6||
1000017676|6|6|5|5||
1000017700|4|4|4|4||
1000017701|5|5|5|5|6|
1000017748||4|6|||
1000017761||7|6|7||
1000017799|6|4|5|5|4|
1000017805|4|4||5||
1000017830|7|6|6|6|6|
1000017886|8|6|8|9||
1000017895|6|6|7|8||
1000017896|6|5|5|5|5|
1000025161|8|6|6|5||
1000017991|4||3|4|4|
1000018009|4|5|5|5|5|
1000018018||5|6|6|6|
1000018019|5|4|4|4||
1000018059|6|6|7|6||
1000018100|8|8|9|8|8|
1000018136||||5|4|
1000018157|9|7|8|10||
1000018171|6|5|5|||
1000018227|6|3|2|5|5|
1000018230|8|8|8|7||
1000018231|6|5|5|5|6|
1000018261|6|6|6|5||
1000018277|7|6||5||
1000018282|||4|6|6|
1000018301|4|4|3|4||
1000018306|6|7|6|5|6|
1000018308|4|4||||
1000018311|5|5|5|6|6|
1000018334|5|4|5|4|5|
1000018338|2|2|2|2|2|
1000018343|4|5|4|5|4|
1000018346|6|7|6|6|5|
1000018363|4|4|4|||
1000018368|5|5|5|5|4|
1000018375|4|4|4|4|4|
1000018377|5|5|5|5|5|
1000018394|4|5|5|5|4|
1000018470|5|5||6|4|
1000018471|7|8|9|10|8|
1000018500|5|6|5|6|5|
1000018507|9|7|8|8|6|
1000018547|5|5||5||
1000018550|7|8|8|9||
1000018561|5|5|5|6|5|
1000018609|7||6|7|10|
1000018662|||4|||
1000018663|5|5|5|5|5|
1000018666|8|8|8|8|6|
1000018702|5|5|6|6|6|
1000018711|4|5|3|4|4|
1000018777|8|8|8|8|8|
1000018778|5|5|5|5|4|
1000018786|4|4|3|4|3|
1000018794||6|7|8|8|
1000018796|5|6|6|5|6|
1000018797|6|6||7|6|
1000018826|7|8|8|8|7|
1000018845||||6||
1000018888|6|6|8|9|10|
1000018915|5|5|5|4|5|
1000018949|5|7|6|7|8|
1000018951|4|4|4|4|3|
1000018987|4|5|5|5|6|
1000019002|3|6|5||5|
1000019008|4|5||||
1000019049|3|4|3|4|3|
1000019056|8|8|8|8|7|
1000019079|6|9||9||
1000019086|5|5|5|5|5|
1000019090|6|5||||
1000019093|6||5|||
1000019097|5|6|5|6|6|
1000019109|6|6|7|6|8|
1000019113||5||4||
1000019137|8|8|6|6|6|
1000019169|8|||||
1000019187||4|4|3||
1000019199||4|4|||
1000019223|5||5|5||
1000019235|5|4|5|5||
1000019271|8|8|6|4||
1000019321|5|5||||
1000019327|4|5|7|6|6|
1000019336|||3|||
1000019347|7|6|5|6|6|
1000019369|6|6|6|||
1000019400|6|6|7|5|5|
1000019412||7|6|5|5|
1000019414||4|4|6|7|
1000019476|8|6|6|||
1000019528|4|4|4|4||
1000019564|8|9|10|10||
1000019586|6|7|4|4||
1000019603|8|8||8|8|
1000019631|3|4|4|4||
1000019651|3||3|3||
1000019655|6|5|4|5||
1000019665|6|6|5|5||
1000019667|5|6|6|6||
1000019677|8|8|7|||
1000019700|7|6|7|8|8|
1000019738|6|4|4|5|5|
1000019747|4|4||||
1000019756|6|6|8|9||
1000019764|5|6|5|4|4|
1000019766||4|4|3|3|
1000019772|8|7|7|8|9|
1000019843|6|6|6|5|5|
1000019858|8|||5||
1000019862|5|4|4|4|4|
1000019877|4|4|4|4|4|
1000019890|4|4|5|5|4|
1000019905||5|5|5||
1000019910|5|6|5|5||
1000019921|6|4|4|4||
1000019930|||3|||
1000019937|4|4|6|4||
1000019945|6|5|6|6|6|
1000020047|5|6|5|5|5|
1000020052||||6||
1000020068|5|6|6|6|6|
1000020072|6|8|10|9||
1000020085|4|5|5|||
1000020088|5|||5|5|
1000020143|6|5|5|6|6|
1000020161|4|3|3|3|3|
1000020166|5|8|10|10|10|
1000020176|6|6|7|4||
1000020185|5|4|6|6|5|
1000020186|5|6|8|8||
1000020251|4|4|4|4|4|
1000020254|5|6||5|5|
1000020271|3|5|4|5|5|
1000020286|4|4|4|4|5|
1000020302|6|6|4|4|4|
1000020304|||5|4||
1000020308|6|7|6|6||
1000020320|5|5|5|5||
1000020327|5|6|6|6||
1000020341||7|7|8||
1000020351|4|4|6|5|4|
1000020372||6|8|8||
1000020404|4|5|5|||
1000020414|4|4|4|4|4|
1000020418|8|8|8|8|8|
1000020424|3|5|6|6|7|
1000020426|5|4|4|5|6|
1000020442|4|4|5|3|3|
1000020445|6|6|9|||
1000020467||4|3|4||
1000020471||6|7|5||
1000020504|7|7|8|7|7|
1000020513|7|5|5|5|6|
1000020524|4|5|8|||
1000020532|4|4|4|4|4|
1000020535|5|5|5|8||
1000020560|6|6|6|6|6|
1000020561|5|4|5|5||
1000020587|6|6|5|6|7|
1000020588|5|5|4|4|4|
1000020611|5|5|5|6|6|
1000020618|7|8|9|||
1000020624|5|5|5|5||
1000020642|6|9||||
1000020662|7|8|8|8|8|
1000020689|4|4|5|5||
1000020709|8|8|8|8|8|
1000020713|5||4|||
1000020723|4|4|5|6|6|
1000020760|4|6|6|5||
1000020766|7|7|7|5||
1000020800||4||||
1000020829|5|||||
1000020862|6|5|5|||
1000020943|6|5|5|6||
1000020956|4|3|4|4||
1000020961|5|6|6|5||
1000020965||4|4|||
1000020966|6|6|6|6|6|
1000020969|7|6|7|5|6|
1000021024|4|4|5|3||
1000021039|6|4|5|6|6|
1000021047|4|5|5|6|6|
1000021104|6|5|5|5|5|
1000021116|6|5|8|7|7|
1000021156|5|6|6|7|8|
1000021172|4|4|3|4|4|
1000021176|5|5|5|6||
1000021186|5|5|6|6||
1000021215|6|6|6|6|5|
1000021219|7|7|6|6|6|
1000021251||6|8|||
1000021260|4|4|4|4|5|
1000021271|6|6|6|6|6|
1000021333||5|5|4|5|
1000021337|5|6|6|5|5|
1000021362|8|9||||
1000021387|4|5|4|||
1000021414|4|||||
1000021451|8|9||||
1000021471|9|8|10|9|9|
1000021487|4|4|5|4|5|
1000021489||5|6|6||
1000021504|7|6|7|7|7|
1000021512|5|6|5|6|6|
1000021557|8|6|8|8|9|
1000021558|5|4|6|7||
1000021585||4||4||
1000021590|5|||||
1000021600|7|5|6|6|6|
1000021613|6|6|5|6|5|
1000021655|6|8|6|6|8|
1000021698|6|6|5|5||
1000021715|8|||||
1000021733||6|6|6||
1000021735|4|5|5|6|5|
1000021737|5|5|6|||
1000021762|6|6|6|5|6|
1000021768|5|6|5|5|5|
1000021774|8|8|8|10||
1000021811|9|9||||
1000021814|3|3||4||
1000021827|6|7|6|6|5|
1000021834|4|4|4|4|4|
1000021838|5|5|4|5|5|
1000021863|6|6|6|6|5|
1000021880|4|3|4|4|4|
1000021906|6|6|6|6||
1000021908|6|5|4|5|5|
1000021925|7|6|6|6||
1000021940|5|6|6|6||
1000021947|5||6|6|6|
1000021950|4|5|6|7|6|
1000021983|6|4|4|6||
1000021986|4|4|4|4|4|
1000022015|5|5||||
1000022021|5|5||6||
1000022034|4|4|5|5||
1000022037|7|8|8|7||
1000022052|6|6|6|6|5|
1000022081|6|6|5|5||
1000022095|5||3|4|4|
1000022110|9|||||
1000022114|6|5|6|6|6|
1000022135|7|6|8|9|8|
1000022158|4|4||||
1000022179|8|8|5|6|6|
1000022202|8|6|8|6|7|
1000022208|8|8|8|8|8|
1000022216|4|4|5|6|6|
1000022217|8|5|6|7|7|
1000022220|4|4|4|4|4|
1000022242||5|4|||
1000022288|4|3|5|6||
1000022324|4|4|4|4|4|
1000022420|||7|9|9|
1000022491|8|6|8|9|9|
1000022512|||9|||
1000022520|7|7|8|8||
1000022521|4|4|5|4|4|
1000022529|7|6|6|5|5|
1000022536|5|5|5|5|4|
1000022549|5||5||5|
1000022562|6|7|7|6||
1000022590|5|4|5|5|5|
1000022621||5||4||
1000022667|4|4|4|5||
1000022690|8|8|6|6||
1000022723|4|8||||
1000022732|9|||||
1000022787|7|7|6|6||
1000022830|6|5|7|6|5|
1000022833|6|4|4|5|4|
1000022836|4|3||||
1000022846|6|7|7|6|6|
1000022851|5|5||4||
1000022872|4|5|5|4|4|
1000022895|6|5|6|6|5|
1000022907|4|5|4|4|4|
1000022910|4|4||||
1000022920|5|6|4|5||
1000022948|5|6|6|6|5|
1000023008|5|4|5|5||
1000023021|7|6|6|6||
1000023025|5|4|5|5|4|
1000023051|6|7|6|7|8|
1000023055||7||8||
1000023178|5|6|6|8|7|
1000023182|8|5|6|6|6|
1000023203|7|5|5|6|5|
1000023211|||4|||
1000023220|10|10||||
1000023275||4||3||
1000023340|7|8|8|8|8|
1000023361|4|4|4|4|4|
1000023372|6|8|8|||
1000023405|5|4||||
1000023406|6|5|5|||
1000023460|6|9|10|9||
1000023461|4|4||||
1000023486|6|6|6|6||
1000023503|4|6|6|4|4|
1000023515|9|6|8|8||
1000023524|||||5|
1000023527||||5||
1000023534|5|6|6|4|5|
1000023546|||5|5|5|
1000023564|6|7|8|8|8|
1000023568|5||5|||
1000023571||5||5||
1000023616|6|5|5|6|6|
1000023662|6|6|6|8|8|
1000023674||4|5|5|5|
1000023684|4||4|||
1000023685|6|5|6|6|5|
1000023716|8|10||||
1000023732|4|5|6|6||
1000023747|4|4||||
1000023770|10|9||||
1000023809|5|6|6|6||
1000023843|8|6|5|5|4|
1000023867|6|5||5||
1000023869|3|3|3|3|3|
1000023890|6||6|||
1000023937|6|6|6|7|6|
1000023938|4|4|4|5||
1000023957|6|6|6|||
1000023958|4|4|4|||
1000023979|6|6|4|5|5|
1000023992|4||4|6|5|
1000024000|6|6||6||
1000024001|5||8|8||
1000024004|4|6|6|6|5|
1000024017|4|5|5|5|5|
1000024033|5|4|5|5||
1000024042|6|7|5|8|7|
1000024052|8|10||||
1000024054|4|4||||
1000024057|7|6|5|||
1000024160|7|7|6|5||
1000024163|3|6|5|4|5|
1000024182|5|6|6|6||
1000024186|8|8|8|8|8|
1000024201|4|4|5|||
1000024240|5|9||||
1000024314|6|5|5|4|4|
1000024315|8|7|9|||
1000024350|6|6|7|6|5|
1000024353|6|6|5|6|6|
1000024367|8|8|8|8|9|
1000024372||5||||
1000024376|8||6|6|6|
1000024380|5|5|8|10||
1000024385|4|4|4|4|3|
1000024401|5|4|4|5||
1000024417||4|6|6|4|
1000024424|4||6|5||
1000024430|4|4|5|6||
1000024433|6||6|6|6|
1000024435|8|8|8|8||
1000024467|8|5|7|8|8|
1000024508||5|4|6||
1000024519|||6|5||
1000024521|9|||||
1000024527|9|||||
1000024577|8|9|8|6|8|
1000024633|6|5|5|||
1000024647|8|8|8|6|6|
1000024649|6|8|6|5||
1000024986|5|6|8|8|8|
1000018149|3|3|3|4|3|
1000024841||6||6||
1000024800|8|6|4|6||
1000024742||6|6||6|
1000018165|3|5|7|8|5|
1000020995|6|6|5|5||
1000024770|5|5|5|6|6|
1000024804|4|5||5||
1000024822||7||8||
1000024928|5||6|5|5|
1000024952|||5|5||
1000025097|5|4|5|4|6|
1000025266||5|4|4|6|
1000007015|8|5|5|6||
1000026069|6||7|8|8|
1000023320|9|||||
1000025433|6|6|6|6|5|
1000025647|8|4||5||
1000025783|6|6|7|7|7|
1000026316|4|4|4|4||
1000012476|6|6|6|6|6|
1000012477||||5||
1000023816|4|5|5|5||
1000008363|4|4|5|5||
1000008365||||4||
1000023268|8|8|8|8||
1000025517|5|6|6|8||
1000024557|6||||6|
1000024849|5|5||||
1000005298|7|8|8|8|7|
1000026890|5||6|6||
1000014068|6|7|8|8||
1000014073|10|||||
1000025367|6|7|9|5|6|
1000011294|4|||||
1000025242|4|5|6|6|6|
1000023343|8|10||||
1000025273|6|6|6|7|7|
1000025808|6|6|8|7||
1000019288|7|6|7|6|7|
1000005337|8|8|6|5|7|
1000026052|||5|||
1000026169|4||5|5||
1000025895|8|9|9|9|8|
1000025562|6|5|6|6|6|
1000005415|6|6||||
1000018094|4|3|5|5||
1000021824|7|8|8|7||
1000026429|5|6|7|8|7|
1000020870|8|||||
1000005363||||6|6|
1000007891|6|5|6|8|6|
1000024698|8|8|8|7|9|
1000025549||6||5|5|
1000021309|6|5|6|6||
1000025501|5|5|4|5|5|
1000026130|6|6|6|7|6|
1000026158|7|5|6|6|6|
1000025065|8|6|5|6|5|
1000018178|5|7|6|7|8|
1000025482|8||8|9|10|
1000024579|6|5|5|8|8|
1000025685||6|6|6||
1000026778|5|4|5|5|6|
1000019295|5|5|5|5|6|
1000019299|4|4|4|4|4|
1000025344|4|3|4|3|4|
1000006789|4||4|5|5|
1000024866|4||4|4|5|
1000010561|5|6|6|7||
1000021975|7|6|7|6||
1000026332|4|5|6|4|4|
1000013117|7|||8||
1000005566||6|6|6|8|
1000020123|4|3|6|4||
1000005538|4|4|4|4|4|
1000026203|5|||5||
1000026205|8|9||||
1000025201||9|10|||
1000025885|4|5||5||
1000015328|6|6|8|7|5|
1000007315|5|5||||
1000009949|||7|7||
1000025183|6|10||||
1000026721|8|8|9|5|4|
1000007875|6|6|5|6|6|
1000024569|6|6||6||
1000021311|4|5|4|4||
1000016351|8|6|6|7|7|
1000026136|4|5|5||4|
1000025213|6|5|6|8|6|
1000025953|10|||||
1000024247|5|4|6|6||
1000024248|5|6||5|5|
1000014218|8|9||||
1000005486|5|7|8|9|8|
1000026855||4||||
1000026254|8|9|9|||
1000021625|||7|8||
1000025479|5||6|4||
1000021517|6|5|6|5||
1000008703|9|8||||
1000025733|6|3|3|3|2|
1000025747|9|8||||
1000026040|4|6|8|8|7|
1000026175|5||8|7||
1000026180||5|6|6|6|
1000025431||6|5|6||
1000021294|7|5|6|6|7|
1000026099|4|4|4|4|4|
1000022450|4|4|4|4||
1000026416|6|7|6|8|8|
1000007036||6|7|7|8|
1000027273|6|7|6|6|6|
1000015265|8|9|9|9|9|
1000026639|4|4|5|5|5|
1000007973|3|4|4|||
1000024816|4|4||||
1000015315|4|5|9|8|6|
1000015317|5|5|5|6||
1000021120|5|5|5|5|5|
1000025555|5|8|10|10||
1000022880|6|7|6|||
1000025616|5|4|5|5|5|
1000025619|4|5|5|5|4|
1000024299||4|4|4||
1000024072|5|5|5|5|4|
1000006770|6||8|8||
1000013771||8|8|8||
1000007888|||4|7|7|
1000025418|4|7||6|6|
1000005565|4|4|4|5||
1000008372|||5|4||
1000018185|4|||||
1000015279|6|5|7|5||
1000015283|||8|||
1000025680|7|4|5|9|9|
1000019259|7|8|7|6|6|
1000007861||5|5||4|
1000012457|6|6|6|6||
1000021792|7|9|8|8||
1000028340|4|4|4|4||
1000027529|6|7|9|||
1000026799|||5|5|5|
1000028810|4||4|||
1000028061|6|6||||
1000027496|6|7|5|5|4|
1000024884|6|5|6|5||
1000028743|6|5|8|6|6|
1000027937|8|9|8|6|6|
1000026381|6|6|10|||
1000026675|5|8|8|8|8|
1000026679|5|7|8|9||
1000013173|5|4|4|4||
1000025349|5|7|7|6|6|
1000025354|5|5|4|5|6|
1000026650|5|5|8|6|6|
1000019609||4||4||
1000027096|3|4|4|3|4|
1000027114|7|7|6|5|6|
1000027115|8|6|7|6|6|
1000027167|8|8|8|7||
1000024920|6|8|8|7|8|
1000026223|5|6|6|5|5|
1000025445|8|8|9|9||
1000025603||7|6|6||
1000024241|||8|||
1000027249|4|5|6|4|5|
1000027338||6|8|9|9|
1000026433|8|10||||
1000024083|4|4||4||
1000024085|4|4||||
1000027044|5|6|6|6||
1000027047|8|8|5|8|8|
1000027759|5|||6||
1000027224|6|6|6|6|6|
1000025905|5|5|5|||
1000025907|5|6|6|7||
1000027889|||6|9||
1000027873|6|6|8|||
1000025010|5|4||4||
1000005451|5|4|4|4||
1000028118|6||6|||
1000028119|4|5|4|9||
1000026535||9||||
1000024318||5|7|6||
1000018167|5|5|4|||
1000027555||||8||
1000027240||||4||
1000026947|||7|7|8|
1000029070|8|8|6|6|6|
1000028032|8|9|8|8|6|
1000028713|5|6|7|7|8|
1000027435|4|4|4|6|4|
1000028682|6|7|6|8|6|
1000026335|6|6|6|7|7|
1000026711|5||4||6|
1000027372|8|9|9|10|10|
1000027375|||3|3|3|
1000005443|9|9|9|||
1000026608|6|5|5|4|4|
1000028651|6|5|6|6||
1000005433|5|5|6|6|4|
1000028404|4|5|5|5|6|
1000026584|4|5|4|4||
1000028236|6|7|8|8|7|
1000027513|6|5|8|6||
1000027652|||6|6||
1000025666|4||5|6||
1000026392||5|5|5||
1000026465|5|5|5|5||
1000027734|5|5||5||
1000027736|6|5|4|4|6|
1000028850|5|5|4|||
1000028498|6|9|10|||
1000026660||4|5|5|5|
1000028467|5|8|6|8|7|
1000027148|7|6|9|9|6|
1000027297|5|6|6|||
1000027307|4|5|5|5||
1000025914|4|4|5|4|5|
1000025969||8|8|6|5|
1000028873|6|5||4||
1000026047||||5|5|
1000026781|||8|8||
1000029531|4|5|5|5|7|
1000027971||||7||
1000029463|9|9|9|10||
1000029394||7|6|||
1000027434|6|6|8|8||
1000028762|5|8|8|||
1000029355|5|5|6|5|5|
1000028416|8|8|8|10||
1000026985|6|6|7|6|6|
1000029104|7|6|8|9|10|
1000028929|6|6|7|7||
1000027928|7|10||||
1000027658|||4||4|
1000029201||6|6|||
1000025591|5|5||5||
1000029012|9|8|8|6|6|
1000000002|5|6|7|7|6|
1000000007|4|5|5|6|8|
1000027281|5|5|5|5||
1000025795|9|8|8|8|8|
1000026269|6|8|9|8||
1000026620|6|8|9|||
1000028516||8||8||
1000026562|6|7|10|||
1000026567|5|7|8|7|6|
1000026570|8|9||||
1000027821|5|4|4|4||
1000027824|4|4|4|3||
1000005455|5|6|6|6||
1000029759||||4||
1000005471|8|||||
1000005472|5|5|5|8|8|
1000028075|6|6|5|6||
1000027805|4|5|5|6|6|
1000028256|5|4||3||
1000027685|||8|8|8|
1000027089|4||6|5||
1000027880|8|9||||
1000027881|5|6|4|6|5|
1000027489|3|4|6|6|4|
1000027490|4|4|4|||
1000029839|9|9|9|9|6|
1000029252|5|4|4|4|4|
1000027507|8|7|8|||
1000029549|6|6|8|8|6|
1000029553|5|6|7|7||
1000028322||5|7|7||
1000028325|6|7|10|9||
1000029095||4||5||
1000029674|8|6|9|||
1000019496|4|4|4||4|
1000019500|6|||||
1000019502|6|5|7|8|6|
1000027624|6|6|6|6|6|
1000022611|4|4|4|||
1000027161|6|6|5|5||
1000027600|5|5|5|6|7|
1000028149|4|4|4|4||
1000028152|4|4||6||
1000011904|4|4|4|5|5|
1000026294|6|6|6|8|5|
1000025309||5|5|6|6|
1000028550|8|8|9|10||
1000028080||||6||
1000028673|8|9||||
1000027766|8|5|5|7|8|
1000029862|8|8|8|7|6|
1000029055|6|7|8|8|8|
1000027376|7|5|6|4||
1000025386|5|5|8|9|9|
1000025575|6|5|5|5|6|
1000028040|6|5|8|9|8|
1000030239|7|8|8|8|8|
1000027355|8|8|8|10|10|
1000027356|4|4|4|4||
1000028863|7|6|6|6||
1000027056|5|6|6|||
1000028005|5|5|6|6|5|
1000028658|4|4|10|10||
1000027946|3|4|5|||
1000030025|5|||||
1000005413|5|6|6|6|5|
1000028155|4|4|4|5|4|
1000026227|||6|5||
1000030316|4|6|7|9|10|
1000027067|5|6|7|5|5|
1000031357||6|8|8|7|
1000029317|4|4|4|4|4|
1000027227|4|4|4|4||
1000029710|6|5|4|7|7|
1000030478|7|7|6|6|6|
1000029388|4||4|6||
1000029027|8|9|7|9|9|
1000029647|5|5|5|5|6|
1000027333|5|5|5|5||
1000031118|4|4|4|4||
1000030746|5|6|6|||
1000031257||8||||
1000026595|6|8|8|9|9|
1000030969|5|6||7||
1000031059|6||6|6|6|
1000027269|5|6||||
1000028996|||6|9|9|
1000030627|8|6|5|6||
1000028124|8|8|5|6|5|
1000029955|5|4|4|4||
1000030949|4|4|3|4|4|
1000025977|6|6|9|9||
1000026943||5||5||
1000030276|5|5|5|6|6|
1000030440||8|6|6|6|
1000030334|4|4|4|4|5|
1000021282|6|6|8|8|6|
1000029542|8|6||6||
1000029613||5|7|4||
1000029615|5|6|6|9|9|
1000028200||8|6|6||
1000030146|7|7|9|9||
1000030136|4|4|5|6|6|
1000028217||5|||5|
1000028221|5|7|6|6|6|
1000029618|5|6|8|7|7|
1000030773|5|5|8|||
1000031161|5|||||
1000030752|||7|7|7|
1000028426|4|4|4|||
1000028142|10|10||||
1000028144|5|6||6||
1000029805|6|8|6|6|6|
1000029682|6|5|5|6||
1000028233|6||7|6|6|
1000030004||5||6||
1000030010|||6|4||
1000030741||8|6|7|9|
1000029305|9|10||||
1000024762|5|6|8|8|8|
1000029170|7|9||||
1000028286|6|6|7|8||
1000028911|5|5|6|6||
1000028110|5|5|6|4|4|
1000027359|8|6|6|8|8|
1000028398|7|||||
1000030104|7|9|8|8|8|
1000025889|6||7|7||
1000026419|5|6||||
1000028948|5|5|||6|
1000030062|5|8|9|||
1000029134||5|4|5|6|
1000029602||8||7||
1000009699|5|6|5|6|6|
1000030421|9|8|8|8||
1000030402|||5|4|4|
1000031537|||8|8||
1000030159|5|5|6|6||
1000030957||9|8|7|7|
1000029481|8|8|8|7|6|
1000030235|5|4|4|3|3|
1000027181|4|4|4|5|6|
1000027182||4|4|4|5|
1000030722||8|8|8|9|
1000029376|||5|5||
1000027417|5|6|5|5|5|
1000030549|5|4|7|6|7|
1000031604||8|6|6||
1000027906|6|7|7|7|7|
1000030976|7|7|6|8||
1000027631|4|5|4|6||
1000001080|4|6|6|6|6|
1000030828|4||5|5|6|
1000001088|5|5|4|5|4|
1000001167|4|5|5|4|5|
1000001030|6|6|6|5||
1000001925|2|4|5|4|6|
1000018264|2|2|3|3|3|
1000018265|5|6|5|||
1000001377|4|4|4|3|3|
1000028493|8|||||
1000002543|4|4|4|5|4|
1000002544|8|8|5||5|
1000028793|4||4|4||
1000030814||6|7|7|6|
1000030581|6|5|5|5|5|
1000026349|4|4|4|4|4|
1000016127||9|9|9||
1000027217|4|4||5|5|
1000005491|6|7|8|8|9|
1000004673|4||5|4||
1000028372|8|7|9|8|8|
1000028433|8|||8|8|
1000025166|5|4|8|||
1000028891|7|7|8|8|7|
1000026091|10|||||
1000001227|4|4|5|4|5|
1000001228|3|3|2|2|2|
1000017960|5||6|6|6|
1000017962|8|6||6||
1000012314|8|6|5|6|5|
1000005164|3|5|5|6|6|
1000007350|7|7|7|5||
1000029524|6||8|10||
1000029526|6|7|6|10||
1000019331|6|6|6|10|9|
1000016612||5|5|5||
1000005461|5|4|5||5|
1000012096||8||8|6|
1000031046|5|6|8|6||
1000031599||6|4|6|6|
1000031165|6|5|5|5|4|
1000004891|6|4|7|7|6|
1000019611|6|8|8|8||
1000029359||6|6|6||
1000007462|4|||||
1000022076|7|8|8|7|7|
1000031193|||6|6|6|
1000026461|6|8|6|7||
1000004905|7|10||||
1000022019|5|5|6|8|8|
1000013143|7|7|6|7|7|
1000014282|5|6|6|6|6|
1000031242||9|8|||
1000011474|5|8|8|4|4|
1000011478|6||6|5||
1000008952|6|6|7|6||
1000021856|8|7||||
1000011521|6|8|8|6|6|
1000030493|5|6|8|8|10|
1000012080|5||5|5||
1000012081|10|||||
1000007346|5|4|4|5|4|
1000006639|6|9|9|6|8|
1000024495|4|3|3|3||
1000015048||3|3|||
1000031064||4||||
1000031065|8|||||
1000005028|5|5|5|7|7|
1000006507|8|9|10|||
1000009866|9|||||
1000004934|2|3|4|3|4|
1000005092|6|7|9|9||
1000018003||||4||
1000024936|4||4|4|4|
1000004330|4|4|4|4|4|
1000020791|8||8|7||
1000024967|6|7|6|7|7|
1000020652|||4|||
1000006495|6|6|7|5|5|
1000017797|6|7|9|8||
1000029063|5|7|5|5|7|
1000017865|8|8|5|4|4|
1000030430|4|4|4|||
1000004737|7|8|7|9|7|
1000017767||5|5|4||
1000006562|4|5|5|5|5|
1000031608||7|7|5||
1000005072|6|7|7|6||
1000017843|7|8|8|||
1000015050|6|6||||
1000031698|5|5|8|8|9|
1000031411||4|3|4|4|
1000030723|4|5|||5|
1000011697||5|4|4|4|
1000011842||5|5|5|5|
1000026882|4|4|5|5||
1000029685||8|8|||
1000011716|5||6|5|6|
1000027246|4|6||||
1000029840|4|4||4||
1000032019|||8|7|7|
1000028057|6|6|5|8|6|
1000031340||6|6|9|8|
1000011614|||6|4||
1000031901|||9|5||
1000011658|5|5|6|6||
1000031707||8|4|4|4|
1000031987|||3|4|5|
1000011879|8|7|8|8|8|
1000031155|6|6|8|6||
1000011744||4||4|4|
1000025146|8|8|9|10||
1000029655|5|4|4|3|3|
1000028802|6|6|5|5||
1000029583||4|4|4|4|
1000031592||7|8|||
1000031197|||7|6|6|
1000031628||9|6|6||
1000031840|8|10||||
1000031247||8|10|8|6|
1000028480|9|9|9|8|7|
1000027929|6|6|6|5||
1000029458|7|8|7|7|7|
1000029459|4|4|4|4|4|
1000031885|||9|8||
1000031171|5|5|6|6|6|
1000031172|9|8|8|8||
1000027091||6|6|6|6|
1000029623|6|7|6|7|6|
1000031477||4|6|6|8|
1000031740||||6|6|
1000028780|6|9|10|||
1000031585||6|5|4||
1000025631|5|6|5|6|5|
1000029930|||7|6|6|
1000030592||6|6|7||
1000026469||4|4|4|5|
1000031871|||8|6||
1000030657|7|6|6|9|9|
1000030660|5|8|9|9||
1000031341||8|6|6||
1000030993||10||||
1000028705|5|4||5||
1000028706||5|9|||
1000028669|6|7|6|5|4|
1000031778|||6|4||
1000030756|6|5|6|9|7|
1000031004|5||8|8||
1000029350|6|6|6|7|6|
1000028034|6|8|10|9||
1000029200||6|6|7||
1000031033|4|4|4|4||
1000031328||5||||
1000030805|4|4|5|5||
1000005733|4|4|5|7|7|
1000009199|6||7|6||
1000008456|6|6|6|6|6|
1000007624|5|4|4|4|4|
1000007627||8|8|9||
1000007917|4|3|3|4|4|
1000007621|5|5|5|5|4|
1000007590||7|5|6|6|
1000009653||5|5|5||
1000009654|5|6||6|7|
1000009656|7|6|6|||
1000007587|3|3|4|4|4|
1000009179|4|4|4|4|3|
1000009115|4|4|5|5|5|
1000008529|||6|||
1000009568|3|3|3|3|3|
1000009562|5|4|5|||
1000008510|6|9|9|9||
1000024738|5|6|10|9||
1000008773||4||||
1000008775|5|4|4|5|4|
1000008421|5|8|8|6|6|
1000008028|7|5|4|4|5|
1000005831|5|6|6|6|5|
1000009521|7|6|7|7||
1000009644|4|5|6|5|5|
1000008962|4|4||5||
1000008759||5||5|5|
1000008760|6|5|7|6|6|
1000006908|4|4||5||
1000006909|4|4|4|4|4|
1000005925|5|6|8|6|5|
1000007998||5|5|5|6|
1000007566|5|5|6|8|7|
1000009626|3|3|3|3|3|
1000008825|7|8||||
1000009371|8|7|8|8||
1000008460|4|4|4|4|4|
1000008665|8|8|8|9||
1000024120|7|7|6|6|6|
1000024121|10|||||
1000008635|5|5|5|4|6|
1000007843|6|5|5|6|6|
1000007704|4|4|5|8|8|
1000006961||4||4||
1000024228|6|6|6|5||
1000028553||4|4|4|3|
1000025994||5|5|6||
1000009260|5|4|4|3|3|
1000008131|6|6|5||6|
1000010789|8|10||||
1000009907|5|5|7|8|6|
1000030705|8|8|5|6|8|
1000009881|6|7||||
1000024113|4|5|3|5||
1000031656||5|6|5||
1000024689|7||6|8|8|
1000025314||6||||
1000028592|5|5|7|8|8|
1000030508|4|6|5|5|5|
1000030311|6|6|6|8|7|
1000010482|8|7|6|8||
1000031747||||6|6|
1000009242|4|5|5|5|4|
1000027964|6|5|5|6||
1000027965|||6|8||
1000031652||5|4|4|4|
1000028016|5|5|5|5||
1000031986||||6|4|
1000032015||||9|6|
1000026988|6|6||7|7|
1000026989|5|4|4|4|4|
1000027477|8|7|8|8|7|
1000031765|||8|9|9|
1000029666|4|5|5|5||
1000028171|5|5|5|5||
1000028808|3|7|8|||
1000024628|6|6|5|5||
1000027155|3|3|4|3|3|
1000029896|6|6||6|4|
1000030679|5||8|6|6|
1000028458|6|5|6|6|5|
1000008580|6|6|7|7|6|
1000008581|4|8|6|6|8|
1000028515|4|4|6|5|6|
1000029880|4|3|4|3|4|
1000029882|8|8|8|6|6|
1000028546||6|8|6||
1000024094|5|4|3|3|3|
1000010249|4|4||4||
1000010106|4|4|6|8||
1000009833|7|9|9|||
1000009290|5|5|5|6|6|
1000023983|7|6|6|6|8|
1000007793|4||4||3|
1000024148|4|4|3|4|3|
1000010176|4|3|4|4|4|
1000010578|4|5|4|5||
1000010077||4|5|4|6|
1000007789|4|7|6|3|5|
1000024125|4|4|4|5||
1000024126|6|7|8|7||
1000006988|6|5||||
1000024155|6|6|6|5||
1000024110|4|3|4|||
1000010065|5|5|5|5|5|
1000008321|5|6|4|||
1000024478|6|5|5|5||
1000024106|5|7|6|5|6|
1000010128|3||2|2|3|
1000010052|4|4|5|5|5|
1000008630|4|4|4|4||
1000010524|5|5||6|6|
1000014061|5|5|5|5||
1000028440|5|8|6|7|8|
1000028833|6|8|9|5|5|
1000014050|5|5|5|4|5|
1000031951|||8|9||
1000030069|5|5|5|5||
1000013046|5|6|6|5|6|
1000013047|4|5|8|5||
1000004972|8|8|8|8|8|
1000006618|8|5|6|6|6|
1000014036|7|6|7|8||
1000005078||5|6|6||
1000029985|4|4|5|4|4|
1000032109|9|8|8|7||
1000030419|||4|||
1000030181||4||5|5|
1000031793|||7|8||
1000015205|8|8|9|||
1000004994|4|4|4|5|5|
1000029174||8||||
1000027655||5|5|5|4|
1000005098|6||6|9|9|
1000005073|6|8|6|8||
1000026839|5|5||||
1000027852||4||||
1000031870|||4|5|8|
1000009715|4|5||5||
1000026897|7|5||5|5|
1000029207|6|8|8|8|9|
1000029576|4|6|3|3|4|
1000029580||6||||
1000018050|6|6|6|5|5|
1000031532|5|4|4|4||
1000031534||8|8|9||
1000005141||4|4|||
1000031922|8|8|7|8||
1000031683||7|6|7|6|
1000006701|9|8||||
1000032102|||||8|
1000005152||5|6|5||
1000030157||6|6|6|6|
1000031934|||9|5|8|
1000031227||9|8|8||
1000031396||8|8|8|8|
1000032000|||8|10|10|
1000030018|4|5|5|5|5|
1000009962|4|5|4|5||
1000025035|5|5|5|6|6|
1000029727|5|6|8|8|7|
1000000019|4|4|5|4|4|
1000000030|4|3|3|4|4|
1000000035|5|5|5|6|6|
1000000036|6|6|6|9|9|
1000000041|4|4|4|4|4|
1000000048|5|6|5|5|5|
1000000055|3|4|3|4|3|
1000000090|4|4|4|4|4|
1000000094|7|8|7|9|8|
1000000117|5|4|5|5|5|
1000000123|4|4|5|6|6|
1000000137|4|5|6|5|4|
1000000154|4|6|6|6|4|
1000000168|6|6|6|6|6|
1000000171|4|5|4|4|5|
1000000172|4|4|4|4|4|
1000000175|6|4|5|4|5|
1000000177|4|4|4|4|4|
1000000201|4|5|4|7|6|
1000000206|5|4|4|4|4|
1000000229|4|4|4|4|4|
1000000249|6|5|8|9|8|
1000000326|5|4|5|5|5|
1000000359|3|3|3|4|3|
1000000394|6|6|6|6|6|
1000000409|5|5|5|6|5|
1000000422|5|8|8|9|9|
1000000429|6|5|6|6|6|
1000000433|6|5|6|6|7|
1000000434|5|4|5|4|5|
1000000495|4|4|5|5|6|
1000000519|6|4|4|4|4|
1000000529|4|4|4|4|4|
1000000595|6|6|6|5|5|
1000000605||6||||
1000000611|6|6||5||
1000000617|6|5|5|5|4|
1000000618|4|4|4|||
1000000619|4|4|4|4|5|
1000000644|4|5|8|6|6|
1000000646|5|4|4|4|4|
1000000664|4|3|4|4|4|
1000000665|3|4|6|6|8|
1000000671|4|4|5|5|5|
1000000684|3|3|4|4|3|
1000000699||9|7|6||
1000000717|3|4|3|4|3|
1000000737|5|4|5|4|6|
1000000794|5|5|6|6|6|
1000000799|2|3|3|2|2|
1000000814|4|6|5|4||
1000000824|5|5|5|5|5|
1000000825|6|5|6|7|6|
1000000840|6|8|7|8||
1000000863|9|||||
1000000893|6|6|6|5|6|
1000000905|7|8|9|9|8|
1000000906|4|4|5|5|4|
1000000914|5|6|6|6|6|
1000000916|||9|10|10|
1000000939|6|6|6|5|4|
1000000966|5|9|9|||
1000001000|4|5|5|6|5|
1000001011|3|6|3|3|5|
1000001013|2|2|2|2|2|
1000001021|4|6|5|5|5|
1000001031||4|4|||
1000001032|6|6|3|3|3|
1000001050|6|6|6|6|6|
1000001126|6|9|7|6||
1000001140|5||5|||
1000001163|6|7|8|7|8|
1000001173|6|4|4|4|4|
1000001175|4|5|5|6|6|
1000001303|6|6|6|6||
1000001396|5|4|4|4|4|
1000001424|5|4|5|5|5|
1000001426|7|8|7|7||
1000001461|5|5|4|4|3|
1000001498||4|4|5||
1000001510|4|4|7|7|6|
1000001527|5|6|5|6||
1000001529|4|||||
1000001532|6|6|6|5|5|
1000001563|2|3|3|3|3|
1000001571|4|4|3|3|4|
1000001593|6||4|4|5|
1000001604|4|4|5|6|5|
1000001615|5|5||5|6|
1000001631|6|6||||
1000001638|8|8|8|8||
1000001639|4|4|4|4|3|
1000001648|4|4|5|4|5|
1000001651|4|3|3|3|3|
1000001653|7|8|8|9|6|
1000001655|5|6||||
1000001670|5||5|5|5|
1000025231|5|||6|6|
1000025235|6|6|6|6|6|
1000001704|4|4|4|5|4|
1000001716|5|4|6|6|8|
1000001747|4|4|4|4|4|
1000001750|7|7|6|6|6|
1000001781|5|5||6||
1000001807|6|7|8|9|8|
1000001819|4|5|5|8|8|
1000001843|6|8|7|6|7|
1000001850|5|5|5|4||
1000001876|5|5|5|6|5|
1000001893|9|8|8|7|8|
1000001908|2|2|2|2|2|
1000001921|9|||||
1000001932|6|6|6|6||
1000001934||5|5|5||
1000001938||4|4|5||
1000001969||3|3|3|4|
1000001974|7|8|6|8|9|
1000002012|5|5|4|4|4|
1000002014|8|6|6|6|8|
1000002024|||6|||
1000002027|7|6|6|6|6|
1000002042|5|4|4|||
1000002043|4|4|4|4|4|
1000002087|4|3|3|3|3|
1000002090||8|8|8|8|
1000002099||4||4||
1000002106|5||4|||
1000002115|5|5|6|5|5|
1000002186|5|4|3|4|4|
1000002200||6|6|6||
1000002208|4|5|4|5|4|
1000002258|2|3|3|3|3|
1000002268|4|||||
1000002288|6||5|5|5|
1000002314||6|6|6|6|
1000002323|8|8|7|7|7|
1000002332|8||6|7||
1000002362||||5||
1000002376||6||7||
1000002447|6|6|6|7|7|
1000002495||3|4|4|3|
1000002504|5|6|5|5|4|
1000002508|5|4|5|5|5|
1000002516|5|4|4|4|4|
1000002541|6|6|5|6||
1000002550|5|5|6|6|7|
1000002567|3|3|3|3|4|
1000002575|9|9||||
1000002585|4|4|4|5|5|
1000002589|6|6|5|6|5|
1000002593||3|3|3|4|
1000002626|5|5|5|5||
1000002655|3|3|3|3|4|
1000002682|3|2|3|4|3|
1000002714||||5||
1000002716|4|6|5|5|5|
1000002739|4|6|8|6|8|
1000002764||6|6|6||
1000002765|8|4|3|3||
1000002787|6|6|6|7|8|
1000002835|6|6|6|7|5|
1000002858|6|4|9|||
1000002865|5|5|5|6||
1000002883|4|||5|6|
1000002897|7|5|6|6|6|
1000002912|4|5|5|5||
1000002950|4|4|4|4|5|
1000002962|4|||6||
1000002963|4||4|3||
1000002999|5|6|6|6|5|
1000003010|6|6|8|9|10|
1000003013|5|4||4|4|
1000003018|7|6|6|6|6|
1000003024|4|4||||
1000003032|3|4|4|4|4|
1000003071||4||4||
1000003079||||7||
1000003081|3|3|5|3|3|
1000003084|3|4|3|4||
1000003093|5|6|7|8|8|
1000003094|4|4|4|4||
1000003097|4|3|3|3|4|
1000003102|5|7|9|8||
1000003106||4|5|5||
1000003129|8|8|8|8||
1000003175|5|5|4|4||
1000003197|4|5|4|4|5|
1000003204||5|6|5|5|
1000003208|7|6|7|8||
1000003210|4|4||4||
1000003259|5|4|5|||
1000003260|6|6|8|3|3|
1000003269|5||6|5|6|
1000003309|5|4|5|6|4|
1000003320|4|4|6|6|6|
1000003321|4|5|5|5|5|
1000003353|4|||||
1000003392|6|5|5|5|5|
1000003393|4|4|5|6||
1000003395|9|||||
1000003401|4|6|6|5|5|
1000003431|5|5|6|6|6|
1000003449|6|6|5|5|5|
1000003451|5|5|5|5|6|
1000003452|8||9|||
1000003467|4|4||4||
1000003475|5|7|6|6|4|
1000003488|6|5|5|5||
1000003532|||5|5||
1000003534|4|3||||
1000003564|||3|4|3|
1000003568|5|4|4|4|5|
1000003579|6|6|5|4||
1000003582|6|6|7|8|9|
1000003587|2|3|3|3|2|
1000003613|8|7|6|8||
1000003638|4|4|4|3|3|
1000003652|5|4|4|5|5|
1000003654||6|6|6|6|
1000003662|4|4|5|5||
1000003672|8|9|9|9|8|
1000003674|4|3|6|8|8|
1000003748|5|5|6|6|6|
1000003749|3|2|3|2||
1000003755|6|5|4|4||
1000003756|4|6|6|7|5|
1000003761|6||4|3|4|
1000003762|3|4|4|||
1000003780|||3|4||
1000003783|6|6|4|4|5|
1000003819|3|4|4|4|4|
1000003823|5|4|4|4|3|
1000003829|6|8|8|8|8|
1000003830|4|4|5|7|8|
1000003837|4|3|3|3|3|
1000003855|7|8||||
1000003867|4|||||
1000003878|5|6|6|5||
1000003881|8|10||||
1000003902|4|5|5|6||
1000003931|5|6|5|5|4|
1000003954|5|6|6|5||
1000003989|4|6|7|8|6|
1000004030|||8|8||
1000004065|6|6|6|6|6|
1000004092|7|8|8|8|7|
1000004095|7|7|6|6|5|
1000004096|5|5|5|5|5|
1000004111|9|||||
1000004114|5|6|5|5|6|
1000004124|4|4|6|5|5|
1000004140|9|10|10|10||
1000004149|5|4|4|5|5|
1000004190||5||||
1000004255|6|6|6|6|6|
1000004258|6||6|5||
1000004266|||4|5||
1000004297||4|4|5|4|
1000004300|8|8|8|9||
1000004314|9|||||
1000004359|10|8|8|8||
1000004373|5|4|4|4|4|
1000004424|7|8|9|9|9|
1000004452|5|6|6|6|6|
1000004505|5|6|6|9||
1000004511||6|6|6|6|
1000004521|4|4|4|4||
1000004528|4|7|6|7|7|
1000004533|8|7|6|6|7|
1000004579|4|3|5|4|4|
1000004598|8|8|9|8|8|
1000004611|8|7|8|8|6|
1000004615|5|5||||
1000004623|6|6|6|4|6|
1000004652|5|5|6|5||
1000004694|5|8|9|10||
1000004699||5|5|5||
1000004749|6|7|8|10|10|
1000004755|4|4||4||
1000004776|4|4|5|5||
1000004810||4|6|8|8|
1000004897|7|5|5|5|5|
1000004899|3|4|3|3|3|
1000004953|7|7|6|6|6|
1000004987|4||4|4|4|
1000004995|4|4|8|||
1000005004|5||4|4|4|
1000005082|6|7||||
1000005143|6|5|5|5|4|
1000005157|7|6|6|6|7|
1000005180||5|6|5|5|
1000005254|6|9|9|9|9|
1000005294|6|7||5||
1000005299|8|8|8|7|6|
1000005305||||4|4|
1000005389|6|5|6|7|6|
1000024907|8|8||||
1000024784|6|8||7||
1000024787|6|6|6|5||
1000005581|6|4|5|5|5|
1000005602|2|2|2|3||
1000005603|||4||4|
1000005622|5|5|5|5|5|
1000005776||||4||
1000005788|6||5|5||
1000005798|5|7|6|6|5|
1000005800|5|4||||
1000005810|4|||4||
1000005814|4|4|5|4|4|
1000005866|8||7|8||
1000005867|5|5|5|5|4|
1000005877|7|8|7|8|9|
1000005908|10|||||
1000005923|8|10|10|||
1000005945|6|5|6|4|6|
1000005952|4|4|5|4|5|
1000005956|5|6|5|5|6|
1000005979|7|6|6|6|5|
1000005997|2|3|2|2|3|
1000006029|3|4|4|3||
1000006048|6|5|8|7|5|
1000006051|6|5|6|7|6|
1000006064|3|4|4|4|4|
1000006103|5|6|7|8|7|
1000006120|4|4|4|6|4|
1000006126|8|8|8|8|8|
1000006128|||8|||
1000006136|6|6|6|6|6|
1000006159|7|6||5||
1000006161|5|4|5|5||
1000006164||6||||
1000006174|6|6|6|||
1000006183|3|4||||
1000006209||||4||
1000006232|6|6|7|||
1000006237|5|4|4|4|4|
1000006296|3|3|4|4|4|
1000006309|6|6|7|6|7|
1000006321|6|6|6|8|7|
1000006328|8|8|9|6|7|
1000006346|5|5|5|5||
1000006365|6|5|8|6|6|
1000006368|4|4|4|4||
1000006415|6||6|7||
1000006425|8|8|8|10||
1000006444|6|5|6|6|6|
1000006468|3|3|4|3|3|
1000006480||||4||
1000006490|5|6|7|6|9|
1000006523|4|5|5|4||
1000006554|8|6|7|6||
1000006566|||5|5||
1000006602||5|5|5|5|
1000006616||5|4|4||
1000006627|8|6|6|5||
1000006650|7|6|8|8|7|
1000006676|8|8|8|||
1000006685|8|8|8|8|8|
1000006688|5|6|5|6||
1000006697|6|5|5|||
1000006809|5|6|8|7|6|
1000006904|4|4|5|5|5|
1000006972|5|5|5|4||
1000006989|5|5|6|6|5|
1000007052|6|5|5|6|6|
1000007087|6||5|6|7|
1000007111|4|3|3|3|4|
1000007179|5|6|8|6|8|
1000007192|5|4|5|5|5|
1000007223|7|6||||
1000007229|7|8|9|9||
1000007232|6|6|8|7|6|
1000007235|4|4||4||
1000007243||5||||
1000007248|6|6|6|5|5|
1000007278|5||5|8||
1000007287|8|7|8|8||
1000007332|4|5|5|5||
1000007377|4|4|4|5|4|
1000007392|5|5|5|6|5|
1000007397|6||6|6||
1000007408|8|8|8|||
1000007426|6|4|4|5|6|
1000007445||4|4|4|5|
1000007522|4|4|3|3|3|
1000007526|6|7|7||6|
1000007527|5|5|4|4|7|
1000007563|6||5|5|5|
1000007567|6|4|4|4|4|
1000007599|6|5||7||
1000007602|8|8|7|8|8|
1000007648|8|8|7|8|8|
1000007653|3|4|4|4|3|
1000007655|4|3|4|4|3|
1000007666|6|4|5|5|5|
1000007677|7|8|6|7|8|
1000007679|4|5|5|6||
1000007685|6|6|6|8|8|
1000007784|8|6|6||6|
1000007792|5|4|5|5|5|
1000007805|5|4|4|4|5|
1000007821|3|3|4|4|3|
1000007854|6|7|8|8|7|
1000007914|8|6|7|6|6|
1000007929|7|6|6|6|6|
1000007940|4|4|5|5||
1000007949|4|5|4|5||
1000007968|6|6|6|6|6|
1000007995|4|5|5|5|5|
1000008035|4|4||||
1000008048|6|6|8|8|8|
1000008065|7|6|5|6|5|
1000008074|6|8|8|6|6|
1000008124|8|9|10|||
1000008164|4|5||4|4|
1000008229|6|5|6|6|5|
1000008234|5|5|4|4|4|
1000008252|6|7||||
1000008276|||||8|
1000008280|4|4|4|||
1000008298|4||5|||
1000008305|4|3|4|3||
1000008413|5|5|5|6|4|
1000008418|5|6|5|5|4|
1000008430|5|5||||
1000008443|4|4|4|4|4|
1000008458|3|3|3|3|3|
1000008459|5|6||5||
1000008464|4|4|4|4|4|
1000008491|4|4|3|3|3|
1000008499|7|9||||
1000008534|6|6|6|6|6|
1000008555|6|5|5|||
1000008571|4|5|6|5||
1000008591|||6|6|5|
1000008612|3|5|5|5||
1000008631||6|7|||
1000008688|5|5|6|6|6|
1000008723|4|3|4|3|3|
1000008736|9|6|6|8|8|
1000008750|6|7|8|10||
1000008754|5|4|6|6|7|
1000008785|4|||||
1000008828||7|6|7||
1000008857|8|8|8|8|8|
1000008879||6|9|9|9|
1000008880|5|5|4|4|5|
1000008887||4|4|||
1000008889|6|5|5|5||
1000008902|5|6|8|||
1000008911||6||6||
1000008945|9|8|8|6||
1000008946|5|5|5|5||
1000008958|8|||||
1000008960|6||5|5|5|
1000008974|2|3|3|3|3|
1000008977||||6||
1000008985|4|5|4|3|4|
1000009009|6||4|||
1000009021|6|7|6|6|6|
1000009055|7|8|5|6|7|
1000009058|7|7|8|6|6|
1000009101|5|4|4|5|4|
1000009187|6|6|||7|
1000009194|4|3|3||4|
1000009196|5|6||6||
1000009239|4|4|4|4|4|
1000009270|3|5|5|5||
1000009305|6|6|8|6|6|
1000009310|6|8|6|6|6|
1000009343||5|6|9|10|
1000009356|6|6|6|5|5|
1000009366|5|4||4||
1000009374|4|4|5|4|4|
1000009378|4|4|8|7|7|
1000009393|4|4|4|4|5|
1000009401|4|4|4|3|4|
1000009426|5|5|6|||
1000009440|5|6|6|8||
1000009455|5|5|5|5||
1000009462|4|4|5|5|4|
1000009505|6|6|7|7|7|
1000009555|8|9|8|9||
1000009585|5|6|6|7||
1000009628|5||6|6||
1000009659|5|6|6|6||
1000009694|6|4|4|5|4|
1000009704|5|4|4|4|4|
1000009887|4|4|4|4|6|
1000009901|5|5|5|5|5|
1000009918|||6|||
1000009927|8|8|8|||
1000009997|6||6|5|6|
1000009999|4|4||4||
1000010009|4|4|4|4|5|
1000010017|||8|8|7|
1000010033|3|3|3|4|4|
1000010055|5|6|6|6|5|
1000010109|6|6|6|5||
1000010120|4|4|||5|
1000010138|4|4|4|4|6|
1000010199|4|4|5|5|5|
1000010253||||6||
1000010277|5||4|||
1000010299|3|3|3|3|3|
1000010309|4|5|4|||
1000010345|6|5|6|5|6|
1000010449||5|4|4|5|
1000010455|6||6|6||
1000010461|7|8|7|8|8|
1000010471|10||9|9||
1000010488|5|4|5|6|6|
1000010517|6|||||
1000010547|4|5|4|5|7|
1000010574|4|4|4|4|4|
1000010597|7|8|6|7||
1000010600|5|4||4||
1000010615|6|5|6|6|5|
1000010643|7|7|6|7|7|
1000010697|||2|2|2|
1000010708||4||||
1000010737|4|5|5|8|5|
1000010758|||6|6||
1000010796|8|10||||
1000010849|6|6|3|4|4|
1000010858|8|8|8|8||
1000010863|3|5|6|6|6|
1000010865||6|5|6|5|
1000010881|5||7|8||
1000010889|4|4|3|4|3|
1000010939|4|3|4|4|4|
1000010962|5|4|4|4|4|
1000010963|4||4|4|4|
1000010965|5|5|5|5|5|
1000011010|4|4|5|4||
1000011014|6||5|8||
1000011035|5||5|||
1000011044||6|4|4|5|
1000011067|7|6|5|6|4|
1000011081|6|6|7|6|5|
1000011082|4|5|4|5|6|
1000011110|6|8|8|8|8|
1000011129|6|7|6|6|6|
1000011137|4||4|3||
1000011148|5|5|6|6|6|
1000011149|6|7||7||
1000011156|4|4|3|4||
1000011169|4||4|4|4|
1000011176|5|5||6|6|
1000011236|5|5|6|6||
1000011243|5|5||5||
1000011268|6|5|5|5||
1000011288|8|8|8|8|8|
1000011300|3|||||
1000011347|5|6|6|6|6|
1000011351|||6|||
1000011353|6|4|4|4|4|
1000011359||||6||
1000011417|8|7|5|6|6|
1000011421|4|5|3|3||
1000011422|4|4|4|6|4|
1000011465||6|6|6|6|
1000011536|4|3|3|4|4|
1000011625|7|5|8|7|5|
1000011671|4|4|5|8|9|
1000011674||5|6|5|4|
1000011681|5|7||||
1000011687|8|8|8|8|8|
1000011746|6|5|5|6|6|
1000011763|4|4|4|5||
1000011835|5|5|7|6|7|
1000011857||9|7|6|6|
1000011859|5|4|4|4|4|
1000011943|3|4|4|3|3|
1000011949|6|5|5|5||
1000011960|4|4|4|3|3|
1000011975|4|5|5|6|6|
1000011976||6|6|6|5|
1000012038||4|5|||
1000012051|6||4||5|
1000012055|5|6|6|6||
1000012065|6|7|6|6||
1000012077||4|4|4|4|
1000012089|4|||5||
1000012101|7|6||6||
1000012106||6||||
1000012117|7|6|8|6|5|
1000012131||7||5|5|
1000012152||||6|6|
1000012166|4|5|5|5|4|
1000012181|5|5|4|3|4|
1000012216|8|8|9|||
1000012225|9|6|8|7||
1000012268|4|4|5|4||
1000012286|||6|5||
1000012290|5|||5||
1000012294|7|6|8|8|7|
1000012320|3|4|5|6|5|
1000012323|5|5|5|5||
1000012341|6|6|7|6|6|
1000012412|7|7|6|7||
1000012414|8|9||8||
1000012437|6|7|7|6|4|
1000012442|6|10|10|||
1000012453|5|5|6|8|8|
1000012465|5|||||
1000012487|5|5|5|5|6|
1000012525||4||||
1000012532|6|6|6|5||
1000012558|4|5|5|5||
1000012561|6|4|5|9|5|
1000012565|8|8||||
1000012571|4|4|4|4|4|
1000012592|4|5|4|4|4|
1000012610|5|6||||
1000012618|8|7|7|6|6|
1000012628|8|8|8|8|7|
1000012640|4|4|4|4|4|
1000012656|3|3|3|4|3|
1000012658|8|6|6|5||
1000012671|4|5|5|4||
1000012689|7|7|6|||
1000012690|3|3|4|3|3|
1000012694||5||5||
1000012761|6|6|6|6|6|
1000012782|||6|5|5|
1000012791|4|4|5|4|4|
1000012813|5|4|5|6|8|
1000012856|5|5|6|5|5|
1000012868||9|10|||
1000012885|4|4|3|3|4|
1000012905|4|4|4|4|4|
1000012906|5|5|5|5|5|
1000012914|5|4|5|7|6|
1000012918|||4|4||
1000012923|4|4|4|4||
1000012925|6|5|6|6||
1000012933|4|4|8|9|10|
1000012956|4|4|4|4|4|
1000012971|6|6|5|6||
1000013007|8|9|9|9|9|
1000013016|6|8|8|9|9|
1000013072|8|9|8|10|7|
1000013113|4|4|5|6|6|
1000013115|6|8|7|6||
1000013126|4|4||5||
1000013180|6|6|8|8||
1000013187|5|4|5|6|5|
1000013235|5|5|8|6||
1000013244|6|6|6|6|6|
1000013260|5|5|6|8||
1000013261|6|6|7|6|5|
1000013334|7|7|7|7|7|
1000013350|8|7|8|8|8|
1000013358|4|5|5|5||
1000013359|5|||7||
1000013412|5||5|5|5|
1000013423|8|8|8|8|8|
1000013424|4|5|5|5|6|
1000013434|5|5|5|4||
1000013438|8|8|7|7||
1000013447|5|6|6|5||
1000013457|6|||||
1000013520||||4||
1000013528|6|6|5|||
1000013531|5||5|||
1000013537|5|5|4|||
1000013544|5|5|5|5|5|
1000013552||5|5|9||
1000013572|8||8|6|7|
1000013608|||3|3|3|
1000013619|4|3||4|4|
1000013647|5|5|5|||
1000013659|5|4|5||4|
1000013676|4|5|5|4|3|
1000013696|5|5||||
1000013717|4|5|5|5|5|
1000013783|4|3|4|4|4|
1000013811||5|5|5|5|
1000013814|6|7|7|8||
1000013858|8|9|8|9|9|
1000013863|9|9|9|||
1000013883|3|3|3|4|3|
1000013910|7|6|6|4|4|
1000013921|7|7|7|6|7|
1000013935|6|8|6|8|5|
1000013943|7|6|8|9|9|
1000013946|5|6|5|5|5|
1000013949|6|5|6|5||
1000013953|6|6|6|8|8|
1000013978||6|6|6||
1000014094|8|8|8|8|7|
1000014111|5|5|5|6|5|
1000014130|4||4|4||
1000014149|6|6|6|6|7|
1000014152|4|4|4|3|5|
1000014153|7|7|7|7|7|
1000014172||||5||
1000014178|6|8||||
1000014181||7||||
1000014213|6|7|8|7|7|
1000014252|6|5|7|7|8|
1000014310|7|6|10|10|9|
1000014331|4|5|6|5||
1000014338|2|4|3|3|3|
1000014362|6|7|6|6|6|
1000014377|7|6|6|6||
1000014383|6|5|6|8||
1000014386|4|4|4|4||
1000014394|6|6|6|6||
1000014422|||3|3|3|
1000014431|6|6|7|7|7|
1000014434|5|5|7|6|5|
1000014455|4|4|4|4|5|
1000014457|5|4|5|6|6|
1000014458|4|5|5|4||
1000014473|5|8|||4|
1000014484|6||8|||
1000014488|4|6|6|||
1000014505|4||||5|
1000014512|2|3|2|3|3|
1000014517|5|5|5|5|5|
1000014537|7|8|8|8|8|
1000014557|6|6|6|6|5|
1000014590|5|5|3|||
1000014592|5|5|5|5|5|
1000014643||||5|6|
1000014651|6|4|4|4|4|
1000014670|5|||||
1000014679|6|10||||
1000014682|6|4|4|4|4|
1000014696||4||||
1000014715|6|5||||
1000014726|6|6|8|6|8|
1000014730|3|3|3|||
1000014735|4|4||4|4|
1000014741|5|7|5|6|6|
1000014759|8|8|6|7|5|
1000014791||5|5|5||
1000014840|5|5|7|6|6|
1000014883|6|6|6|6|6|
1000014895|5|6|6|6|8|
1000014919|5|6|5|9||
1000014928|4|3|4|3||
1000014938|7|6|7|6|6|
1000014957|5||5|5|5|
1000014962|6|5|5|5||
1000014970|4|4|4|5|5|
1000014976|5|5|5|5|5|
1000015045||6|7|6|7|
1000015057|4|4|4|4||
1000015088||6||||
1000015094|7|7|8|8|8|
1000015102|4|4|4|4|4|
1000015103|5|5|5|6|6|
1000015114|5|5|6|6|5|
1000015118|7|6|7|7|7|
1000015177|4|4|4|4||
1000015197|6|6|6|8|8|
1000015202|6|6|6|7||
1000015214||7|8|8||
1000015225|3|3|4|4|4|
1000015228|4|4|4|||
1000015234|7|7|6|5|5|
1000015339|4|5||5||
1000015430||7|6|7||
1000015445|4|5|5|5|6|
1000015466|5|4||3|4|
1000015491|6|6|5|5||
1000015502|6|5|5|5|5|
1000015512|6|5|5|4|5|
1000015530|||4|||
1000015552|6|5|6|5|5|
1000015584|4|4|4|3||
1000015604|6|6|6|6|6|
1000015619|6|6|5|5||
1000015635|5|6|6|5||
1000015658|7|5|7|6|6|
1000015678||4|5|5||
1000015682|6|6|8|||
1000015700|4|4||||
1000015734|8|7|6|||
1000015737|6|7|7|8|8|
1000015755|8|7||6||
1000015801|5|5|5|6|6|
1000015807|5||5|4||
1000015847|4|4|4|4||
1000015858|4|4|4|4|4|
1000015864||5||||
1000015880|6|6|6|7|7|
1000015924|4||5|6|6|
1000015955|4||4|4|5|
1000016042|8|7|7|7|6|
1000016081|8|||||
1000016101|8|||||
1000016102|5|5|6|6|5|
1000016142|5|6|6|6|7|
1000016143|8|9||||
1000016145|5|6|6|4|4|
1000016151|5|6|5|6|4|
1000016160|9|8|8|9||
1000016171|9|||||
1000016217|6|6|6|9|10|
1000016218|8|9|7|7|6|
1000016221|8|5|6|6|5|
1000016261|7|6||9||
1000016262|6|6|7|6|6|
1000016277|6|6|6|6|5|
1000016287|6||8|7|7|
1000016311|6|6|6|6|6|
1000016322|8|8|8|8|8|
1000016415|3|6|4|||
1000016425||8|7|7|6|
1000016510|4|6|4|5|4|
1000016518||||4||
1000016529|4|4|4|4|4|
1000016567|6|5|6|5||
1000016572|6|5|6|5||
1000016598|8|7|8|7||
1000016611|8|8|8|8|9|
1000016680|||5||4|
1000016681|||5|4||
1000016704||4|7|6||
1000016743|5|4|4|5||
1000016746|5|5|6|5|5|
1000016764|6|8|6|7|6|
1000016779||3|3|||
1000016792|4|4|4|4|4|
1000016806|4|4|4|4||
1000016836|7|8|10|||
1000016837|5|5|5|6|6|
1000016880|5|5|7|4|4|
1000016901|6|5|6|6|6|
1000016903|5|4|5|5|5|
1000016909|6|||6|4|
1000016921|4|5|5|6|7|
1000016947|7|8|8|8||
1000016983|3|3|5|4|5|
1000016984|4|4|4|4|4|
1000016997|4|6|5|5|5|
1000017049|5|5|6|5|5|
1000017065|5|4|5|4|4|
1000017078||6|6|5||
1000017087|4|5|5|||
1000017092|6||6|6|7|
1000017095|8|9||||
1000017117|6|6|9|8|9|
1000017139|4|4|5|5||
1000017172|6|6|6|6|6|
1000017179|5|6|6|6|6|
1000017180||4||||
1000017203|5|4|4|4|4|
1000017243||5|6|5||
1000017250|6|8|8|7||
1000017257|6|6|6|8|8|
1000017267|7|6|8|8|8|
1000017273|||8|7||
1000017280|5|6|6|6|5|
1000017308|4|4|4|8||
1000017310|4|4|4|||
1000017348|8|8|7|8||
1000017360||4||4||
1000017377|6|6|6|6||
1000017381|4|4|5|6|5|
1000017389|3|3|3|3|3|
1000017447|5|4||7|7|
1000017450|5|5|6|5|5|
1000017455|8|9|8|9|8|
1000017492|6|5||6||
1000017499|6|8||||
1000017584||7||||
1000017596|4|||||
1000017684|4|4|5|4||
1000017702|5|6|5|5||
1000017704|6|8|9|10||
1000017720|3|3|2|2|3|
1000017725|4|4|4|4||
1000017726||||4||
1000017733|8|8|8|||
1000017771|6|4|8|4||
1000017774|4|5|4|4||
1000017779|5|5|5|5|5|
1000017808|4|4||4|4|
1000017824|6|6|6|6|8|
1000017829|5|5|6|7|6|
1000017835|4|4|4|4|4|
1000017898|4|4|4|4||
1000017910|5|5||4||
1000017912|4|5|4|4||
1000017950||||4||
1000017964|7|6|6|6||
1000017969|8||8|6|7|
1000025076|4|3||||
1000017983|||5|5|4|
1000018060|7||6|5|5|
1000018075|4|6|6|6|6|
1000018101|6|5|5|6||
1000018126|6|5|5|5|6|
1000018206|6|4|4|4|6|
1000018223|6|6|4|3|4|
1000018246|8|6|4|4|4|
1000018249|4||4|4||
1000018269|6|7|7|6||
1000018273|8|7|7|6|6|
1000018274|4|4|4|4|4|
1000018289|6|6|4|4|4|
1000018300|4|5||||
1000018318|7|9|10|10||
1000018321|6|4|5|5|6|
1000018322|4|4|4|5|4|
1000018351|3|3|3|3|3|
1000018369|||4|4|4|
1000018373||||3|3|
1000018411|8|6|6|6|6|
1000018450|5|6|5|6|6|
1000018480|5|5|4|4||
1000018489|4|6|5|5|5|
1000018494|6|6|7|6||
1000018501|5|6|5|5|5|
1000018503|4|4|4|4|4|
1000018525|6|6|5|6||
1000018588|7|6|6|6|5|
1000018601|4|4|3|||
1000018605|3|3|3|3|3|
1000018660|4|4|5|6|5|
1000018674|3|3|3|4|4|
1000018689|6|6|6|8|8|
1000018693||6|6|6|6|
1000018695|3|4|6|8|6|
1000018696|8|7|9|7|5|
1000018721|4|5|6|7|6|
1000018725||4|4||4|
1000018726|||6|||
1000018733||4|5|5||
1000018742|8|8|8|8|9|
1000018761|4|5|5|5||
1000018785|5|4|4|4||
1000018804|7|7|7|6||
1000018856|5|4|8|||
1000018861|5|5|5|5|4|
1000018865|7|6|6|5|4|
1000018870|5|4|4|4|5|
1000018885|7|6|5|4|4|
1000018898|3|4|4|5|5|
1000018920|5|4||||
1000018921|6|7|7|8|7|
1000018931|5|5||||
1000018954|7|6|5|5|5|
1000018973|5|4|5|5|5|
1000019013|8|7|6|7|6|
1000019014|5|4|5|4||
1000019029|9|10|8|||
1000019031|6|5|5|5|5|
1000019057|5|7||||
1000019067||6|5|4|4|
1000019074|8|6|6|6|7|
1000019082|6|5|6|8||
1000019089|4|4|5|5||
1000019103|4|5|5|5||
1000019124|4|4|4|4|8|
1000019125|5|4|4|4|4|
1000019151|4|6|10|||
1000019156|6|6|5|6|6|
1000019182|7|6|8|7|7|
1000019185|5|9|10|10||
1000019196|||4||3|
1000019219|4|8||||
1000019221|4|5||5||
1000019230|8|7|8|9||
1000019232|6|6|5|5||
1000019246|4|4|4|||
1000019322|4|5|4|5|5|
1000019359|6|6|8|6|6|
1000019376|6|6|6|6|6|
1000019422|8|6|6|6|6|
1000019439|6|6||6|6|
1000019446|4|4|4|4|6|
1000019467|5|5|7|6|5|
1000019468|||6|6|6|
1000019482|6|6|5|5||
1000019532||6|3|3|2|
1000019543|5|4|5|6|5|
1000019571|8|4|4|5||
1000019630|5|5|6|8|6|
1000019645|5|5|4|4||
1000019649|6|5|5|5||
1000019711|5|4|5|4|4|
1000019763|4||4|4|4|
1000019774|8|5|7|6|6|
1000019775|5||6|7||
1000019844|4|5|5|5|6|
1000019878|9|8|8|10||
1000019881|6|7|5|9||
1000019886|8|8|6|||
1000019917|4|5|5|8|8|
1000019918||6||||
1000019924|5|4|6|7|6|
1000019931|4|5|6|7||
1000019934|6|6|6|5|5|
1000019978|6|5|5|4||
1000019986|||4|3||
1000019990||5|4|5||
1000019991|5|5|7|7||
1000020000|6|5||5||
1000020017|9||8|6|8|
1000020020|5|5|5|5|5|
1000020045|4|5|||5|
1000020050|6|5|5|5||
1000020116|5|4|5|5||
1000020126|7|7|10|||
1000020130|5|6|6|6||
1000020151|5|6|7|8|6|
1000020157||5|5|6|6|
1000020202|7|6|7|7|7|
1000020234|7|6|6|7|7|
1000020239|4||4|||
1000020244|5|5|6|6|6|
1000020247|8|7||||
1000020255|5|6|5|||
1000020256|5|4|5|5|5|
1000020283|5|||||
1000020311|8|8|8|7||
1000020319|6|8|9|||
1000020347|7|6|6|6|6|
1000020349|5|5|4|5|5|
1000020353|6|7|7|8|5|
1000020357|3|4|4|3||
1000020358|5|4|4|6||
1000020495||6||5|5|
1000020499||6||7||
1000020501|5|4|4|4|4|
1000020511||5||||
1000020527|4|6|7|||
1000020531|6|5||5||
1000020543|3|3|3|3|3|
1000020553|4||4|4||
1000020562|6|6|5|6|6|
1000020567|6|8|6|6|6|
1000020583|3|3|3|4|4|
1000020590|8|||||
1000020593|6|6|6|5|6|
1000020609|8|8|7|6|6|
1000020629|6|6|5|5|5|
1000020632|5|6|6||9|
1000020676|6|6|6|7|8|
1000020682|6|5|5|5|4|
1000020691|7|8|8|6|7|
1000020720|7|6|6|7|7|
1000020737|6|6|5|5|7|
1000020741|6|8||||
1000020768|5|4|4|4||
1000020790|6|5|6|5|5|
1000020811|5|5|5|5||
1000020938|5|6|6|5|5|
1000020985|6|5|5|4||
1000020992|7|5|5|6||
1000021013|6|5|5|6|6|
1000021022|5|4|4|4|4|
1000021070|7|6|10|||
1000021072||8||||
1000021078|6|6|6|5||
1000021100|6|8||||
1000021124|6|6|6|||
1000021127|5|5|5|5||
1000021134|9|9||||
1000021143|9|9||||
1000021146|6|6|6|5||
1000021158|4|4|4|4|4|
1000021171|5|4|5|6||
1000021178|8|8|9|||
1000021181|6|6|6|6|6|
1000021191|6|6|6|7|8|
1000021211|8|8|8|7|7|
1000021279|8||7|5||
1000021301|7||5|5||
1000021346|8|8|8|9||
1000021364|4|4|5|4||
1000021386|6|6|6|5|5|
1000021410|9|9|8|8|8|
1000021482|5|5|5|5|5|
1000021490||3|4|3|3|
1000021514|5|5|5|5||
1000021526|8|9|9|||
1000021552|6|6|6|6|6|
1000021583|4|4|5|6|6|
1000021592|2|2|3|2|2|
1000021595|6|5|5|5|6|
1000021597|7|6|8|7|8|
1000021606|6|6|6|6|8|
1000021673|4|5|4|4|4|
1000021674|8|9|9|||
1000021677||6||7|8|
1000021701|4|5|5|4|4|
1000021729|5|4|4|4|4|
1000021754|8||8|5|5|
1000021759|6|9|9|8|8|
1000021783|4|4|4|7|8|
1000021787|6|6|5|6||
1000021800|8|9|10|||
1000021819|8|8|9|8|8|
1000021840|6|6|6|6|6|
1000021873|5|6|6|5||
1000021879|6|6||||
1000021889|4|4|4|5|5|
1000021907|5|6|6|6||
1000021920|7|8|7|6||
1000021944|5|7|7|6|6|
1000021956|8|8|9|8|8|
1000021961|7|6|6|7||
1000021972|7|6|6|6|6|
1000021976|5|5|6|5|5|
1000021993|4|5|6|8|6|
1000022025|8|8|9|8|8|
1000022073|5|5|5|4||
1000022098|3|5|5|6||
1000022120|6|4|7|8|8|
1000022138|7|7|9|9||
1000022199|6|6|6|5|5|
1000022204||6||8||
1000022253|5|5|5|7|6|
1000022265|4|5|5|6|5|
1000022285|||4|4||
1000022312|5||5|6||
1000022315|5|6|6|5|5|
1000022384|5|5|6|6|6|
1000022394||||8|7|
1000022493|8|7|9|8|9|
1000022541|4|4|4|4||
1000022554|8|8|8|8|8|
1000022626||||4||
1000022663|||6|4||
1000022721|6|6|8|9|9|
1000022735|8|8|8|8||
1000022767|5|5|6|6||
1000022852|6|7||6||
1000022858|6|5|5|5||
1000022886|6|6|9|9|9|
1000022896|5|6|6|4||
1000022922|3|3|3|3|3|
1000022941|7|6|6|6|6|
1000022987||6|6|6|6|
1000022989|5|5|4|4|4|
1000023000|||||5|
1000023016|5|5|4|4|4|
1000023079|5|5||||
1000023104|7||9|9||
1000023107|4|4|4|5||
1000023136|6|8|8|8|7|
1000023144|6|6|6|6||
1000023196|7|8|8|10||
1000023222|4|4|5|4|4|
1000023234|6|6|6|6||
1000023237|6|8|8|8|10|
1000023257|9|10||||
1000023265|7|7||||
1000023277|6|5||||
1000023324|7|8|8|6|6|
1000023352|5|5|5|6|5|
1000023362|8|7|7|6||
1000023380|3|4|3|4|3|
1000023382|8|5|6|6||
1000023394|6|5|6|6||
1000023427||4|5|||
1000023437|6|6|6|6||
1000023451|4|4|7|6|6|
1000023455|||4|4|4|
1000023462|8|7|7|6|7|
1000023463||6|6|6||
1000023482|4|5|5|5|5|
1000023532|4|||||
1000023539|6|6|8|8|10|
1000023547|6||4|||
1000023552|7|6|8|6|6|
1000023556|||5|||
1000023560|8|7|6|6|6|
1000023563|5|6|8|8||
1000023567|7|7|6|5|6|
1000023574|5|6|5|5|8|
1000023629|6|5|6|||
1000023658|5|6|7|9|6|
1000023663|6|||||
1000023673|4|4|4|5||
1000023686||9||||
1000023702|5|5|6|6|6|
1000023712|4|4|4|4|4|
1000023757|5|5|5|||
1000023832|5|5|4|||
1000023851|5|6|5|5||
1000023854|7|7|8|7|9|
1000023871|4|4|4|4|4|
1000023887|5|5|4|||
1000023904||5|4|4||
1000023954|6|8|8|7|6|
1000023995|8|||||
1000024015||5|5|5||
1000024023|5|5|5|5|5|
1000024029|6|5|6|10|10|
1000024108||4|4||4|
1000024190||5|5|||
1000024195|4||5|6|8|
1000024202|5|5|5|5||
1000024237|6|5|5|6|8|
1000024269|||6|6|5|
1000024275|6|5|7|6||
1000024336|5|4|5|6||
1000024340||3|3|3||
1000024352|8|7|7|7|7|
1000024381||5|4|||
1000024382|6|5||||
1000024383|6|8|9|8|9|
1000024405|9|8|9|8|7|
1000024413|5|5|6|||
1000024423|6||9|9||
1000024441|6||5|4|5|
1000024448|4|4|5|4|4|
1000024485|6|6|5|5|5|
1000024510|7|5|5|6|6|
1000024523|4|4|5|||
1000024528|7|6|7|10||
1000024538|7|6|9|||
1000024607|4||4|||
1000024665|6||9|7|8|
1000024669|4||5|4|3|
1000024984|||8|6|8|
1000024993|8|8|9|8|6|
1000013150|4|4|4|4||
1000013151|5|6|8|6||
1000013168|4|4|6|6|7|
1000013171|5||6|6||
1000024794||3|3|3||
1000024821|6|8|10|9|9|
1000024881|5|7|6|6||
1000025099|5|7|5|4|4|
1000025192|6|6|6|6|7|
1000025197|10|||||
1000024810|5|9|8|7|7|
1000025983|6|8|6|6|7|
1000025785|7|6|6|6|6|
1000010797|5|5|5|6||
1000005496|4|||8||
1000023811|6|7|9|9||
1000023814|9|||||
1000007341||5|6|5|5|
1000023271|8|9||||
1000025138|5|5|5||5|
1000025139|9|10|10|||
1000026354|8|6|6|6|6|
1000024779|7|6|8|||
1000018713|6|6|5|||
1000018716|8|||||
1000009342|8|7|10|||
1000025241|5|6|7|5|5|
1000025243|8|9|9|8|8|
1000025926|||8|8|8|
1000024892||6|6|9|9|
1000025826||||4||
1000021112|5|5|5|4|4|
1000021241|||6|7|6|
1000025560|4|4|6|6|4|
1000026033|7|8|8|8|8|
1000026034|5|5|6|||
1000026035|5|5|6|5|5|
1000023018|6|6|8|5||
1000024419|4|4|4|4||
1000025899|5|5|5||5|
1000021400|8|6|6|6|6|
1000026545|||||7|
1000024465|5||5|8||
1000016436|4||||4|
1000025547|4|4|5|5|5|
1000025974|4||4|6||
1000025975||6|5|4||
1000021305|5|4|4|5||
1000021306||8|8|||
1000013779|6|6|6|6||
1000025500||6|6|6|7|
1000010652|8|5||5||
1000026012|8|6|6|6||
1000025390|4|4|6|8|7|
1000025511|4|5||5||
1000026780|4|4|4|4|3|
1000023333||6|6|6|6|
1000023335|6|5||||
1000025627|7|9|9|7|7|
1000019297|6|4|4|4|4|
1000022639|6|5|5|4||
1000021316|8|7|7|6|6|
1000025596||4|5|4||
1000025598|4|4|7|8|8|
1000025599|9|8|8|8|8|
1000005239|5|9||||
1000005549||5|5|5|4|
1000005271|8|6|7|8|7|
1000013844|7|6|7|6||
1000013846|5|4|5|4|5|
1000026374|6|6|6|5|8|
1000026376|4|5|5|8|5|
1000015903|8|8|7|8||
1000025321|6|8|9|9||
1000021286|6|6|6|6|5|
1000025086|4|4|4|4||
1000025965|7|8|6|5|6|
1000025968|8|||||
1000024792|10|||||
1000015407|10|||||
1000025220|9|||||
1000025846|4|4|4|4|4|
1000024834|6|6|7|7||
1000025296|5|5|5|5||
1000018771|6|5|6|6|6|
1000005467|5|6|6|6|6|
1000009482||10||||
1000025199|6|8||8|8|
1000015327|5|5|5|5|5|
1000008676|4|5|5|6||
1000008677|6||6|7||
1000026487|7|8|9|8||
1000006758|||8|7||
1000026576|8|10||||
1000025540|5|6|8|8|7|
1000025821|6|9|10|||
1000023965|4|4|3|4|4|
1000026686|4|5|4|5||
1000026687|6|8|8|8|8|
1000026689|5|5|5|5||
1000007326|8|8|6|4|4|
1000022189|8|6|8|7|6|
1000008923||8|9|||
1000008924|4|5|6||6|
1000025934|8|8|4|4||
1000025936|5|6|8|8||
1000025938|4|4|5|6|6|
1000025989|8|8|8|||
1000012446|5|4|5|6|5|
1000005515|5|6|6|6|6|
1000020107|6|8|9|9|8|
1000008704|5|6|7|||
1000025743|6|5|6|5|4|
1000027424|5|6|6|6|6|
1000023818|7|5|5|5||
1000021293|8|8||9|8|
1000025658|4|5|4|4||
1000026290|6|6|7|8|8|
1000014273|6|7|7|6||
1000021902|5|5||5||
1000025113|5|5|5|5|5|
1000025469|4|4|5|5|6|
1000026657|8|9|9|10||
1000026417|6|4|5|5|6|
1000025765|5|5|4|4|4|
1000025766|5|5|6|5|5|
1000007035|4|4|4|7|5|
1000024721|5|5|5|5||
1000025722|5|6|5|6||
1000019472|9|9|8|8||
1000008673|4|4|5|6||
1000007978|7|6|6|6|6|
1000005276|5|5|5|4||
1000025175|4|4|5|5|5|
1000026498|8|8|8|8|8|
1000025755|7|8|8|10||
1000013757|5|5||5||
1000026266||4|5|6|5|
1000024955|5|6|7|9|10|
1000022882|8|7|10|||
1000005308|4|5|4|4|6|
1000025618|8|9|8|8|8|
1000025621|6|6|5|7|8|
1000024453|5|||||
1000024076||6|6|9|9|
1000014232|6|6|6|5||
1000014234|8|8|8|8|8|
1000026108|7|||||
1000013768|6|5|5|6|6|
1000013772|5|7|6|5|5|
1000019432|5|5|||5|
1000026403||||4|4|
1000009934|4|4|4|4||
1000025153|5|8|8|10||
1000008159|5|7|8|6|5|
1000008160|7|6|6|6|6|
1000025581||||6|6|
1000025834|8|6|6|8|7|
1000025837|6|6|7|8||
1000013979|6|6|6|6|6|
1000023285|4|4|4|4||
1000010556|5|5|5|8|6|
1000025633|5|5|6|6||
1000024963||4|5|6||
1000011045|6|5|5|5||
1000019264|7|7|7|5|6|
1000025050|4|4|5|4|5|
1000026003|5|8|6|5|5|
1000026006|5|5|6|6|6|
1000025507|3|5|5|5|4|
1000028065|6|6|7|6|7|
1000028744|8|5|4|4|4|
1000027932|4|6|5|5|5|
1000027792|4|6||5||
1000027609|7||9|||
1000028261|9|9|5|6|8|
1000027746|4|4|5|5||
1000027748|8|7|7|8|6|
1000026677|6|5|6|4|4|
1000026990|4|4|4|4||
1000014202|4|4|5|4|5|
1000027110|8|9|9|||
1000027171|5||5|3|8|
1000028192|8|9|8|6|8|
1000028194|6|6|8|6|6|
1000026980||6|5|5|5|
1000026126|6|6|6|6|6|
1000027176||7|7|8|9|
1000027178|8|6|5|6|6|
1000006773|4|5|6|6|6|
1000024243||6|5|4||
1000015900|8|5|5|7|8|
1000027779||||4|4|
1000026432|8|6|6|7|8|
1000027755|8|8|6|8|8|
1000028779|8|8|6|6|7|
1000027573|4|||5|5|
1000028915|5|8|7|6|6|
1000024912|7|8|7|7|7|
1000027243|5|6||||
1000027455|5|4|4|4||
1000006805|9|9|9|9|9|
1000013182||6|4|4||
1000027386|6|6|5|5||
1000027437|6|6|7|5|6|
1000026935||6|5|5||
1000025559||4||4||
1000027062|5|5|5|4|3|
1000027063|6|5|6|6|6|
1000027319|4|4|4|4|4|
1000005442|6|8|8|8||
1000026607|8|8|8|6||
1000026587|4|6|8|8||
1000027472|6|6|6|6|7|
1000027720|7|||8|8|
1000026389|4|4||4||
1000026390|6|9|9|10||
1000026464||||10||
1000026907|4|6|6|6|5|
1000026026||4|4|5|5|
1000026027|4|6|6|6|6|
1000028499|6|||||
1000012017|5|6|5|4|4|
1000025215|4|4|5|5||
1000028874|6|8|8|9||
1000026077|8|6|8|7|7|
1000026410|7|7|7|7|7|
1000026053|6||8|7||
1000028412||4|6|7|7|
1000027637|4|5||6||
1000021847|8|6|8|6||
1000028476||4|4|5||
1000028477|5|5|4|4|5|
1000025803|4|4|4|4||
1000029224|6||4|6|5|
1000028935|6|6|6|6||
1000020903|6|4|5|6|5|
1000025030|7|6|9|10||
1000029756|5|6||5||
1000028354||8|8|8|8|
1000028073|7|7|6|7|6|
1000028076|4|4||4||
1000029781|4|4|5|5|6|
1000027078||7|7|7|7|
1000019276|4|4|4|4|4|
1000029551|5|4|8|8|9|
1000026964|5|5|4|4||
1000029126|8|6|9|||
1000028210||6|6|||
1000027520|5|9|4|6||
1000025499|6|||5||
1000029433||6|6|7|6|
1000029434|5||6|8|8|
1000029435|6||5|5||
1000028223|8|8|9|10||
1000026153||6||7|7|
1000027707|5|5|6|6|6|
1000025307|8|9|9|10||
1000025308|6|7|8|7|6|
1000029626|8|8|8|8||
1000021918|7|6|9|||
1000029150|7|8|7|8||
1000028602|||8|||
1000026732|8|6||6|7|
1000026183|5|5|7|7|8|
1000029919|8|8|8|9|9|
1000005425|8|10|10|||
1000029372|7|7|6|8|9|
1000030220|6|8|7|8|9|
1000029311|6|6|6|6|6|
1000027055|4|5|7|6|6|
1000024756|8|8|8|5||
1000030217|6|8|8|||
1000030172|6|6|6|5|5|
1000027021|6||5|6|6|
1000030023|4|4||5||
1000030024|10|||||
1000019521|4|4|4|||
1000030264|9|8|7|9|9|
1000027790||6||8|9|
1000028691|7|8|7|10||
1000030318||7|6|5|7|
1000029587|6|5|5|4|3|
1000025706|5|8|8|6||
1000030580||8|8|6||
1000031354||8|8|6|6|
1000031356||6|6|5|6|
1000029490||||6||
1000027229|6|6|8|9|10|
1000027570|7|7||8||
1000028697|10|||||
1000029866|5|5|6|5|5|
1000031014||9||6|6|
1000027117|4|4|4|||
1000030736||6||5|4|
1000029292|3|3|4|4||
1000029443|7|6|7||7|
1000026537|6|6||||
1000031068|5||4|4||
1000030256|5|7|9|||
1000020917|5|5|6|6|8|
1000029648|4|5|5|5|5|
1000029205|8|8||||
1000028409|5|||||
1000029658|8|8|8|8|8|
1000027331||9||||
1000029544||||10||
1000031434||6|5|5|5|
1000031254|4|5|6|||
1000031256||5|6|6|6|
1000030299|5|5||||
1000026597|8|9||||
1000025339|8|8|8|8|8|
1000025343|||6|6||
1000027577|4||4|||
1000030669|6|6|6|||
1000029160|5|4|4|||
1000030544|4|4|4|4|5|
1000029452|6|9|9|8||
1000030950|5|6|8|6||
1000026484|5||6|6||
1000025402|||4|6|6|
1000030277|4|4|4|4||
1000029610||5|6|6|6|
1000029614|8|8|7|8|5|
1000029807||6|7|6||
1000029810|4|5|5|5||
1000030412||||6||
1000028198|5|6|6|5||
1000029981|5|6|7|7|7|
1000029334|4|4|4|4||
1000029337|4|4|4|4|3|
1000030900|6|6|9|9||
1000026531|6|6|7|9||
1000029111|9|10|9|8|8|
1000025961|5|4|5|5|7|
1000028218|6|9|10|9||
1000031036|8|4|7|7|6|
1000029827|5|7|6|8||
1000029816|4|6|5|6|6|
1000029689|4|8|6|8|6|
1000030368|4|4|6|||
1000029999|8|6|7|8||
1000028428||8|7|7||
1000028127|4|5||||
1000028143||5|6|6|7|
1000029457||8|6|8||
1000027034|4||4|4|5|
1000028765|5|5|7|8|6|
1000027549|5|8|8|8|8|
1000030006|8|9|9|||
1000028269|3|3|4|3|3|
1000025727||||5||
1000026903|6|8|8|8||
1000027616|6|6|6|7|6|
1000027534||4|5|4|4|
1000029745|6|6|6|9||
1000024815||7|8|8|8|
1000030454|8|6|8|7|6|
1000030457|5|6|7|7||
1000028991|9|9|9|||
1000028992|6|6|6|9||
1000030704|6|8|7|6||
1000028207|5|8|10|9||
1000029230|6|6|6|6||
1000032134|6|6|6|4||
1000027723|4|6|6|6|5|
1000028869|4|6|8|8|7|
1000028361|9||10|||
1000031399||6||8|8|
1000030931||||4||
1000030908|5|4|4|6|6|
1000030960||||4||
1000030984|6|7|6|8|8|
1000029483|6|5|5|5|5|
1000029494|5|6|5|6|6|
1000029496|6|5|5|6|5|
1000029498|6|7|5|5|6|
1000028776|5|8|6|8|8|
1000027184||6|6|5|5|
1000030680|9|9|7|8||
1000029261|8|8|8|8|8|
1000004581|6|6|5|5|5|
1000027905|9|9|9|8|8|
1000030859||9|8|8||
1000001081|2|3|3|3|4|
1000002757|4|4|4|4|4|
1000030460|4|4||||
1000001022|5|5|7|6|6|
1000031743|8|8|7|10||
1000031296||7|6|8|9|
1000030474|4|4|4|4||
1000030536|5|5|5|5|5|
1000018258|5|6|5|4|5|
1000031792|||6|10||
1000028881|5|8|8|9|9|
1000005419|6|6|6|5||
1000030740|6|6||||
1000030254|8|7|9|9||
1000024091|4|5|5|6|6|
1000004517|7|6|6|7||
1000004519|4|5|4|4|4|
1000026273|4||5|4||
1000015446|4|3|3|3||
1000015448|5|4||3||
1000015449|6|5|5|5|6|
1000006802||8|7|||
1000001287|5|5|6|6|6|
1000027305|4|||||
1000031635|||5|5||
1000016131|6|6|6|6||
1000005008|6|6|6|6|6|
1000001271|4|4|5|5|4|
1000026856|5||4|4||
1000004674|5||5|5||
1000028370|6|8|4|4|3|
1000028434||5|6|6|6|
1000028888|5|5|5|4||
1000028605|4|5||7||
1000001242|2|2|3|3|2|
1000028618|8|4|6|5|6|
1000028522|5|5|5|5||
1000030542|5|||||
1000001295|3|3|3|3|4|
1000031529||6||||
1000005462|3|3|3|4|4|
1000018432|9|9|9|9|9|
1000018433|8|8|8|8||
1000019729|8|8||||
1000031050|6|6|5|6|6|
1000006613|6|8|7|5|6|
1000004886|8|7|6|5||
1000007489|7|5|7|6|8|
1000031166|6|6|6|||
1000007814|5|||5||
1000029051|5|7|5|5|6|
1000007469|6|7|7|5|6|
1000021562|5|4||5||
1000004903|5|4|5|5||
1000026460|5|6|8|9|10|
1000031544||8|8|7||
1000005885|7|6|7|6|8|
1000020779|7|5|4|5||
1000014284|6|6|6|6||
1000026352|6|6|7|6||
1000031239|||8|8|6|
1000021147|8|8||8||
1000004963|4|4|5|5||
1000004964|9||10|||
1000022709|6|6|8|8||
1000030666||6|6|||
1000030668|9|7|7|9||
1000004301|5|6|6|7|8|
1000005195||6|||6|
1000018066|5|5|5|5|4|
1000018068|||6|5||
1000018074||5||6||
1000018000|7||6|6|6|
1000015255|||6|5||
1000004416|5|5|6|6|6|
1000004318|3|||6||
1000027369|10|||||
1000020758|6|6|8|6|6|
1000020844|6|6|6|5||
1000020845|3|9|9|8|7|
1000020651|4|||6||
1000029067|7|9|9|9|9|
1000025831|5|6|5|8|7|
1000015027|5|5||5||
1000030428|8|8|9|9|9|
1000004718|4|5|5|5||
1000020751|5|6|6|6||
1000020982|4||4|4||
1000025850|8|7|7|9||
1000017937|5|6||||
1000006561|6|5|6|5||
1000004708|4|4|4|4||
1000006675|||5|||
1000024642||4||8||
1000006499|7|6|8|8|9|
1000006500|4|4|4|4|4|
1000011710||||4||
1000031959|||8|8||
1000011706|3|3|4|4|5|
1000031785|||6|5|6|
1000029690|||||4|
1000011845||3|3|4||
1000011691|6|5||6|4|
1000011679|4|||||
1000028054|5|7|7|6||
1000031288||8|10|6||
1000028319|5|5|5|6|5|
1000011643|4||4|||
1000031190|5|6||||
1000031467|||5|||
1000011872|5|4|4|||
1000011592|5|||||
1000011593|5|6||6||
1000011749|4|4|||4|
1000031813|||8|8|5|
1000031360||6|7|8|9|
1000031748||8|5|7|7|
1000031579|7|8|8|10||
1000030851|6|9||||
1000029680|5|5|4|4||
1000031762|||8|9||
1000031250||5|8|7|7|
1000031505||5|6|8|8|
1000031320|||9|5|5|
1000031561||8|6|5||
1000025652|3|3|4|3||
1000031618||5|6|8|6|
1000029931|5|6|6|7|6|
1000030593|6|9||6||
1000030597|6|6|6|8|7|
1000031953|||4|5|5|
1000031094|7|6|6|5|8|
1000031905|||10|||
1000028714|6|6|5|6|5|
1000028720|6|8|8|8||
1000031832|||7|6||
1000030612|6|5|7|8|8|
1000028327||4||4||
1000026825|8|8||5||
1000031888||||6||
1000031889|||5|4|5|
1000031553||4|5|||
1000031639||10|10|||
1000030994|4|7|9|9|9|
1000031362||9|9|9||
1000031374||5||||
1000030634|4|5|5|5|5|
1000031280||7||8||
1000031282|||6|5||
1000032033|||8|7||
1000030261|5|6|6|6||
1000031075|6|7|8|9||
1000008177|5|7|5|4|4|
1000007187|3|4|4|4||
1000006865|6|6|6|6||
1000009650|7|6|7|8|6|
1000009590|6|8|6|5|6|
1000009121|5|4|5|||
1000008797|4|4|4|5|7|
1000008744|5|6|7|7||
1000031449|||7|8|8|
1000008436|4|4|7|5|5|
1000005900|7|7|9|10||
1000007529|4|||||
1000007091|5||4|4||
1000008505|4|5|4|4|4|
1000005857|3|3|3|3|3|
1000008971|7|6|5|6|6|
1000008766|5|5|6|6|6|
1000008019|6|9|10|||
1000007594|6|8|8|9|9|
1000006836|7|8|8|8||
1000008961||6|6|5||
1000008941|6|6|6|5||
1000005759|6|5|6|5|5|
1000008002|5|6|8|8|7|
1000007493|3|3|3|3|3|
1000006848|4|5|5|6|4|
1000005745|6|8||||
1000008468|6|7|6|7||
1000008820|4|||||
1000008728|8|5|6|6|4|
1000010230|6|4|4|4||
1000010234|6|5|5|5|5|
1000025716|4|4||||
1000024636|5|||||
1000023994|8|9|8|8|8|
1000025996|8|8|8|8||
1000006960|6|5|5|5|5|
1000007668|||4|8||
1000009787|6||6|5|6|
1000009265|4|5|6|4||
1000009902|6|6|6|5|5|
1000031453||8|9|9||
1000031454||5|8|||
1000007831|8|8|4|3|3|
1000010495|8|8||||
1000007719|6|7|6|7|6|
1000007720|4|4|5|4|4|
1000007663|6|6|6|||
1000010706|7||6|8||
1000031696|||7|8||
1000027815|7|6|9|8|7|
1000026875|6|7|9|9||
1000029662|6|6||6||
1000030394|6|7|6|6|7|
1000030395||6|5|4||
1000028965||4||||
1000029704|8|||||
1000031594||10|8|9||
1000008554|4|||4||
1000028731|7||6|8|9|
1000029708|5|4|5|||
1000024629|4|4|6|8|8|
1000010464|6|6|7|7|7|
1000007748|6|7|6|6||
1000027197|7|7|6|5||
1000030499|8|8|6|6||
1000030176|4|8|8|5|4|
1000026654|8|6|9|6||
1000028924|6||8|8||
1000031589||5|6|6||
1000026668|||5|5||
1000030228|4|6|6|5|6|
1000024271|4|4|4|4||
1000008312|5|6|6|5|5|
1000010093|7|9|9|||
1000024145||6|6|6||
1000010582|6|6|6|7|7|
1000009980|4||4|4||
1000010774|7|6|6|6|6|
1000024261|||4|4|4|
1000010399|6|6|7|9|8|
1000010400|6|5|5|5||
1000010319|7|8|8|8|8|
1000010681|7|8|8|8||
1000008629|6|6|6|7|6|
1000010047||8||8||
1000008324|5|5|7|6|6|
1000024469|4|5|6|5|5|
1000010115|4|||3|3|
1000010772|8|10||||
1000031962||3||5||
1000031238|||4|4|4|
1000031969||||6|6|
1000030878|4|6|6|6||
1000005174|6||9|8|5|
1000031559||6|6|7||
1000030416|4|6|5|6|6|
1000014054||7|7|8||
1000015247|6|6|6|9||
1000006709||||7||
1000030191|6|9|10|9|9|
1000004937|6|6|8|7|7|
1000031903|||7|6|7|
1000029984|5|6|6|6|6|
1000030184|9|9||||
1000032048||||8||
1000027444|6|||||
1000005089|6|8|9|10||
1000031378||8|5|4|5|
1000026338|4|5||||
1000026924|8|6|9|10||
1000026926||5|5|6||
1000013767|7|7|9|||
1000005099|6|5|5|4|6|
1000020808|4|5|5|5|5|
1000007309|6|5||10||
1000029163|2|4|4|3|3|
1000009765|||4|||
1000031516||5|||5|
1000029720|6|6|6|9||
1000009743|3|4|6|5|4|
1000031524||5|8|9|8|
1000009723|8|7|6|6||
1000009777||6|8|7|8|
1000031211|||8|6|5|
1000029180||8|7|6||
1000031715|||9|8|6|
1000031823|||6|7|7|
1000031533||6|||6|
1000024845|6|6|6|6||
1000005142|6|6|6|6||
1000005126|6||6|6|6|
1000015238|6|6||||
1000005153||6|7|6|5|
1000018057|6|8|8|||
1000032066|5||6|6|5|
1000031993||||6||
1000000001|5|4|4|4|4|
1000032116|4|4|4|3|3|
1000030021||6|9|5|5|
1000009963|5|6||5|5|
1000030561|6|6|8|8|6|
1000030924|6||5|||
1000000017|6|6|4|4|4|
1000000031|5|5|4|6|6|
1000000039|4|4|5|5|6|
1000000045|4|5|5|5|5|
1000000086|4|4|4|4|4|
1000000097|2|2|2|2|3|
1000000099|4|4|6|3|2|
1000000127|3|4|3|3|3|
1000000133|4|4|4|4|4|
1000000167|6|4|5|8|6|
1000000181|5|5|6|5|5|
1000000190|4|4|4|4|4|
1000000200|||||4|
1000000211|4|3|5|4||
1000000233|4|4|4|4|4|
1000000238|4|4|4|4|4|
1000000241|6|5|4|4|6|
1000000267|3|3|3|4|4|
1000000271|3|4|3|3|4|
1000000314|3|3|3|3|4|
1000000317|6|7|6|6|6|
1000000323|2|2|2|2|2|
1000000330|4|5|5|4|5|
1000000341|6|5|6|6|5|
1000000345|6|5|6|8|6|
1000000370|4|4|4|4|4|
1000000380|5|5|5|3|3|
1000000381|3|3|3|3|3|
1000000406|4|4|5|4|4|
1000000425|4|4|3|3|3|
1000000439|5|5|6|6|7|
1000000451|6|5|4|4|4|
1000000454|4|3||||
1000000466|3|4|3|||
1000000469|5|6|5|4|4|
1000000473|5|4|4|4|5|
1000000522|4|4|4|4|5|
1000000532|5|4|4|4|4|
1000000564|4|7|6|8|9|
1000000570|5|4|4|||
1000000615|5|4|6|6|6|
1000000621|4|3|4|5|5|
1000000626|3|3|3|4|5|
1000000678|5|||||
1000000723|3|3|3|4|5|
1000000729|3|||5||
1000000733|4|4|5|6|5|
1000000743|3|4|5|5|6|
1000000773|6|8|7|7|6|
1000000785|4|4|4|4|5|
1000000810|6|5|6|4|4|
1000000813|4|5|3|3|5|
1000000833|6|7|9|7|8|
1000000856|4|4|4|4|4|
1000000871|6|5|6|6||
1000000872|4|4|4|4|4|
1000000882|4|5|8|6|6|
1000000918|3|3|3|3|3|
1000000936||4||||
1000000947|8|7|6|6|8|
1000000983|4|6|5|5|4|
1000000992|5|5|6|6||
1000000995|4|3|3|4|4|
1000000997|6|6|8|6|7|
1000001026||3|3|3||
1000001056|3|3|5|4|4|
1000001082||5|||8|
1000001116||4|5||6|
1000001143|3|3|4|4|4|
1000001148|4|||||
1000001178|8|8|8|8|8|
1000001182|8|8|7|6|6|
1000001205|5|5|5|5|5|
1000001220|4|5|4|5|5|
1000001246|3||4||3|
1000001260|||||5|
1000001283|5|6|6|6|8|
1000001331|6||5|4|4|
1000001348|3|5||4||
1000001354|3|3|3|4|3|
1000001359|5|5|8|7|8|
1000001367|4|3|3|4|4|
1000001379|4|4|4|4|4|
1000001383|6|9||||
1000001397|6|4|4|5||
1000001405|4|4|4|4|3|
1000001429|7|6|6|4|4|
1000001430|5|5|4|4|4|
1000001438|4|4|4|4|3|
1000001453|5|5||||
1000001458|7|7|6|6|6|
1000001472|4|5|5|5|5|
1000001508|4|4|5|4|6|
1000001525|5|5|5|6|6|
1000001536|4|5|5|5|5|
1000001539|8|5||||
1000001561|4|4|4|4|4|
1000001606|6|6|5|6|8|
1000001621|5|5|5|5|6|
1000001627|5|6||6||
1000001636|4|4|3|4|4|
1000001659|4|4|4|||
1000001664||7||9||
1000001668||5||5||
1000001698|||5|6||
1000001726|7|6||||
1000001730|5|5|4|4||
1000001736||6|5|4||
1000001746|3|4|3|4|4|
1000001762|2|2|3|2|2|
1000001809|5|4|7|5|5|
1000001837|4|4|4|4||
1000001853|5|6|6|8|6|
1000001873|6|5|6|6|8|
1000001875|5|5|5|5|5|
1000001903||4||5||
1000001910|4|4|4|6|6|
1000001928|8|8|8|7|6|
1000001946|6|6|5|6|6|
1000001961|3|3|6|3|4|
1000001963|4|3|3|3|3|
1000001981|8|6|9|9||
1000001982|8|7|6|7||
1000001985|6|5|5|4||
1000001993|9|9|8|8|9|
1000002005|6|6|6|6|6|
1000002013|6|5|5|6|5|
1000002047|5||5|4|4|
1000002061|4|5|7|8|6|
1000002093|8|9|8|7|5|
1000002101|5|6|7|8|6|
1000002111|4|4|4|4|4|
1000002116|8|4|5|6||
1000002119|8|8|8|10||
1000002132|6|6|6|6|6|
1000002138|3|2|3|4|3|
1000002142|4|5|6|6|6|
1000002148|4|4|5|5||
1000002154|5|5|5|5|5|
1000002161|4|4|3|3|3|
1000002187|8||7|8|8|
1000002204|3|3|3|3|4|
1000002213||7|7|7|7|
1000002214|6|7|6|6|6|
1000002237|6|6|6|6|6|
1000002245|4|6|10|||
1000002246||6|6|5||
1000002287||||4||
1000002299||3|3|4|4|
1000002304||||4||
1000002326|3|4|4|4|5|
1000002341|3|4|5|5|4|
1000002344|10|9||||
1000002346|4|4|5|5|6|
1000002357|6|6|6|9||
1000002363||8|6|5|6|
1000002367|4|4||4||
1000002368|5|5|5|4||
1000002409|4||5|6||
1000002417|5|5||||
1000002419||4|3|3||
1000002422|7|6|6|6|6|
1000002425|6|6|6|7|7|
1000002430|3|4|4|4|5|
1000002438|3|4|4|4|4|
1000002457|4|4|5|5|4|
1000002494|3|4|4|3|3|
1000002507|5|6|6|5||
1000002558|5|4|4|3|3|
1000002568|6|6||||
1000002571|4|4|5|4|5|
1000002580||4|4|||
1000002591|6|6|6|6|5|
1000002618|8|8|9|||
1000002638|5|6||6||
1000002686|5|4|4|4|5|
1000002691|4|4|4|3|4|
1000002692|6|5|5|6|9|
1000002731|7|6|5|5||
1000002762|3|4|6|5|5|
1000002769|9|9||||
1000002770|4|4|4|4|4|
1000002793|7|8||7|6|
1000002814|4|6|6|6||
1000002825|4|5|5|5|6|
1000002859||6||||
1000002878|5|6|6|4|4|
1000002940|9|8||||
1000002964|10|||||
1000002994|4||4|4||
1000003038|3|4|3|4|4|
1000003077|7|9|10|||
1000003083|||4|||
1000003136|4|5|6|8||
1000003199|3|2|3|4|3|
1000003217|3|4||||
1000003224|6|6|6|||
1000003232||5|6|6|5|
1000003243|4|4|4|5|4|
1000003261|7|7|7|7||
1000003325|5|5|6|5||
1000003366|8|8|9|8|8|
1000003367|7|7|8|8|8|
1000003383|7|7|10|||
1000003390|3|2|2|2|2|
1000003403|4|4|5|5|4|
1000003412|3|||3||
1000003430|6|6|5|6|6|
1000003435|6|5|5|5|5|
1000003448|8|7|9|10||
1000003455|5|8|5|5||
1000003465|3|3|4|3|3|
1000003490|5|6|8|7|6|
1000003496||9||||
1000003498|7|6|6|6|6|
1000003505||4||4|4|
1000003512|6|6|6|5|5|
1000003521|4|4|3|4|4|
1000003566|4|3|3|3||
1000003627|5|5||||
1000003680||4|5|6|6|
1000003692|4|4|4|4||
1000003711|5|5|5|6|6|
1000003716|5||6|8|8|
1000003725|6|4|5|4|4|
1000003736||5|4|4|4|
1000003738|3|3|3|4|4|
1000003754|5|6|7|6|6|
1000003772|4|4|4|5|4|
1000003793|5|5|5|4||
1000003808|5|5|5|5|5|
1000003813||4||||
1000003844|5||5|6||
1000003847|5|4|5|4|4|
1000003868|5|5||5|5|
1000003870||4|5|5|5|
1000003874|4|3|3|3|4|
1000003894||||5||
1000003923|8|6|5|5|5|
1000003924|||6|5||
1000003966|8|||||
1000003985|6|6|6|6|6|
1000004003|5|5||||
1000004024|8|6||6||
1000004056|5|5||||
1000004067|4|4|4|4|4|
1000004079|6|5|6|6|6|
1000004127|4|4|4|4||
1000004153|6|6|7|8|5|
1000004155|5|5|6|5|5|
1000004159|7|7|8|8|8|
1000004171|5|7|7|7|8|
1000004179||7|9|8||
1000004192|4|4|6|7|6|
1000004197|6|5|6|9||
1000004211||3|3|4|6|
1000004212|6|6|7|9||
1000004218|7||6|6||
1000004236|6|6|6|8||
1000004238|6|6|7|||
1000004244||8|8|6|5|
1000004295||3|3|4||
1000004368|7|4|4|4|5|
1000004374|4|4||||
1000004386|8|5|8|6|4|
1000004396|5|5|3|4|4|
1000004409|5|5|6|6|5|
1000004444|4|4|4|4||
1000004457|||4|6||
1000004466|6|5|6|6|5|
1000004472||5|4|6||
1000004477|8|7|6|4|8|
1000004481|9|||||
1000004489|4|4|4|4|4|
1000004492|7|8|6|7|6|
1000004494|5|5|7|5|5|
1000004532|5|6|6|6||
1000004543|5|6|6|7|8|
1000004547|4|6|9|9|9|
1000004562|4|||||
1000004596|3|3|4|5|5|
1000004600|7|7|7|7|8|
1000004609|5|6|6|7|6|
1000004614||||4||
1000004621|4|5|4|3||
1000004629|7|10|8|10|10|
1000004706|8|6|4|4|4|
1000004725||4|4|||
1000004739|5|7|8|8|7|
1000004751|4|5|5|4|4|
1000004767|6|6|8|||
1000004788|||6|5||
1000004855||5|5|5||
1000004898|5|5|5|5|4|
1000004911|8|8|8|8|8|
1000005013|10|||||
1000005067|6|8||||
1000005090|6|6|8|8|8|
1000005146|3|3|3|3|3|
1000005149|5|4||||
1000005170|4|3||||
1000005213||||4||
1000005244|5|7|7|6|5|
1000005342||7|6|7||
1000005344|4|4|9|||
1000005366||4||4||
1000005367|4||5|5||
1000005418|5|8|7|8||
1000005484|5|6|6|7|8|
1000025179|6|5|4|5|4|
1000024908|7|6|7|6|7|
1000005536||9|8|||
1000005588|8|8|5|8|9|
1000005610|4|5|6|6|6|
1000005615|4||4|3||
1000005646|4|4||4||
1000005663|6|6||||
1000005698|5|6|6|5|6|
1000005705|6|5|6|5|5|
1000005728|5|5|5|5||
1000005740||5||||
1000005742|6|5|6|6|5|
1000005779|4|4|4|4|4|
1000005795|6||6|6|8|
1000005812|4|4|5||4|
1000005826|6|4|4|4|4|
1000005828|4|4|4|4|3|
1000005847|4|4|4|4|4|
1000005957|8|5|7|5|7|
1000005961|6|5|4|6|6|
1000006017|||4|||
1000006025|5|7|8|7|7|
1000006027|5|6|7|||
1000006046|5|4|6|7|6|
1000006053|6|5|5|5|5|
1000006076|3|4|4|3|3|
1000006079|5|6|6|4|4|
1000006131||||6|6|
1000006149|4|3||||
1000006158|6|5|7|6|6|
1000006168|5|6|6|6|5|
1000006191||10||||
1000006193|6|6|9|8|8|
1000006199|5|5|7|6|6|
1000006204|5|6||5||
1000006208|5|6|6|6||
1000006218|8|6|9|9|9|
1000006224|5|4|4|4|6|
1000006230|5|4|5|6|8|
1000006235|8||7|7||
1000006241|8|6|8|6|7|
1000006245|5|6|6|6||
1000006261|8|7|5|||
1000006279|5|5|6|6|6|
1000006281|5|4||||
1000006306|5|5|5|5|5|
1000006308|5|5|5|6|6|
1000006314|||6|6||
1000006354|6|6|6|8|9|
1000006378|2|2||||
1000006382|9|10|10|8|8|
1000006396|5|7|8|8|6|
1000006408|4|4|3|3||
1000006409|5|6|6|5||
1000006413|||4|4||
1000006428|6|6|5|5|5|
1000006438|6|4|5|4|4|
1000006442|5|5|5|4|4|
1000006474|10|8||||
1000006478|5|6|7|7|7|
1000006481|8|6|6|6|6|
1000006482|6|5|6|5|5|
1000006502|5|4|4|4||
1000006546|6|7|6|6||
1000006551||6||||
1000006557|4|5|4|4|4|
1000006558|||5|5|6|
1000006559|6|7|7|7|7|
1000006577|4|4|4|4||
1000006579|7|7|8|10||
1000006591|4|4|7|7|8|
1000006625|8|4|4|4|4|
1000006714|6|6|7|10||
1000006778|5|6||4||
1000006786|9|8|8|8||
1000006803|8|8||8||
1000006830|5|5|5|5|5|
1000006839|5|5|6|6|6|
1000006876||6|8|7|7|
1000006915|5|6|6|4|4|
1000006917|6|5|7|8|8|
1000006929|5|5|5|5|5|
1000006930|4|4|4|5||
1000006973||6|7|8||
1000007012|3|4|4|5||
1000007044|4|5|4|4|4|
1000007065|5|5|6|6|6|
1000007104|5|5|5|4|4|
1000007116|5|5|6|5|8|
1000007119|9|8|7|6||
1000007151|5|5|5|||
1000007161||4|4|4||
1000007178|6|5|6|6||
1000007193|6|6||5|6|
1000007198|5|4|4|5|5|
1000007281|5|6|6|7|6|
1000007294|8|8|8|9|8|
1000007301||5||6||
1000007304|6|6|6|6||
1000007318||4|4|5||
1000007331|4|4|6|5|4|
1000007366|5|6|6|||
1000007375|4|4|5|5|5|
1000007379|||5|5|5|
1000007411|4|3||4||
1000007427|3|3|6|4|3|
1000007474|3|4|5|5|4|
1000007475|4|3|4|6|5|
1000007509||4||||
1000007514|5|5|5|5|5|
1000007531|4|7|4|5|6|
1000007540|5|||||
1000007542|4|4|5|5||
1000007569|6|6|5|6|5|
1000007595|4|4|7|7|8|
1000007637|7|8|8|8||
1000007656|4|4|6|4|6|
1000007689|6|6|7|8|7|
1000007850|4|4|5|||
1000007866|7|8|6|8||
1000007926|6|6|6|5|5|
1000007950|6|4|6|8|6|
1000007961|4|4|4||4|
1000008020|8|8|6|8|8|
1000008031|6|7|6|6|8|
1000008044|5|5|5|4|4|
1000008047|3|2|3|3|3|
1000008072|4|4|4|4|4|
1000008194||6|6|6||
1000008253|6||6|8|8|
1000008264|4|4|5|||
1000008336|8|7|10|||
1000008387|4|4|4|4|4|
1000008432|5|5|6|7|6|
1000008442|5|5|5|4|4|
1000008446|4|4|4|3|4|
1000008447|5|||||
1000008485|5|5|6|6|6|
1000008502|||5|||
1000008507|8|6|8|8|8|
1000008572|6||6|6|5|
1000008573||4||||
1000008584|6|6|6|8||
1000008596|4|6|4|5|5|
1000008634|6|5|6|||
1000008646|9|||||
1000008764|4|5|6|6|6|
1000008771|8|5|4|4|4|
1000008791||10||||
1000008806|3|4|3|3||
1000008841|4|||||
1000008854|5|6|6|6|6|
1000008866|10|10|9|9|10|
1000008872||6||5||
1000008896|4|4|4|4||
1000008901|8|||8||
1000008917|9|9|8|8|7|
1000008927|6||5|5||
1000008944|7|6|6|6|6|
1000008949|3|3|4|4|4|
1000008954|5|8|9|9|8|
1000008964|6|6|5|5|5|
1000008965|2|2|2|6|5|
1000008998|6|8|9|9|8|
1000009012|3|4|3|4|4|
1000009057|6|6|6|5||
1000009064|9|8|8|8||
1000009098|5|5|4|4|4|
1000009102|5|5|6|7|7|
1000009224|4|6|6|6||
1000009226|4|8|||6|
1000009229|5|4|5|6|6|
1000009234|8|10||||
1000009252|7||7|||
1000009276|8|8|8|8|8|
1000009298|5|||||
1000009334|6|6|9|7|7|
1000009376|4|3|3|3|3|
1000009381|7|||||
1000009383|6|5|5|5|5|
1000009425||5|5|6||
1000009454||5|4|6|4|
1000009506|4|4|4|4|4|
1000009517||6|6|5||
1000009545|6|4|5|4|4|
1000009599|4|4|4|4|4|
1000009622|5|4|5|4||
1000009652|8|5|8|9|7|
1000009687|9|8||||
1000009738|9|||||
1000009739|6|5|5|5||
1000009751|5||6|5|6|
1000009807|4|4|5|5||
1000009813||||4||
1000009836|7|7|7|6|6|
1000009876||8|7|8|8|
1000009942|4|4|5|6|6|
1000009968|7|6|6|5||
1000009988|6|6|8|6|6|
1000009998|6|7|5|5||
1000010011|7|9|10|||
1000010012|4|||7|6|
1000010038|4|4|4|6|5|
1000010043||||4||
1000010071|4||5|4||
1000010107|7|9||||
1000010157|4|4|4|3|4|
1000010210|6|8|7|6||
1000010243||8|9|9|9|
1000010254|4|4|5|5|4|
1000010298|4|5|4|5|4|
1000010331|6|7|6|8|6|
1000010356|7|8|8|7||
1000010369|6|5|7|7|6|
1000010395|4|4|4|4|4|
1000010417|7|6|6|6|7|
1000010433|||8|8|9|
1000010439|5|5|4|5||
1000010451|6|6|4|4|4|
1000010452|5|5|5|5|5|
1000010458|5|5|5|4|4|
1000010472|9|8||9|9|
1000010489|3|3||||
1000010535|9|||||
1000010579|4|5|6|5|4|
1000010585|6|6|6|6||
1000010591|7|8|9|7||
1000010616|8|||||
1000010647|4|8|6|4||
1000010661|4|||4||
1000010668|4|5|5|4||
1000010700|4|4|4|4|5|
1000010714|4||4|6|6|
1000010760|5|6||8|5|
1000010793|4|6|5|6|5|
1000010807|8|||6||
1000010833|5|3||4||
1000010845|4||5|4||
1000010860|3|3|4|5|4|
1000010878|3||3|||
1000010891|4|4|4|4|4|
1000010918|6||6|5|5|
1000010986|4|4|4|5||
1000010997|3|3|4|3||
1000011001|7|5|4|6||
1000011042|4|4|4|6||
1000011077|5|4|4|5|6|
1000011094|4|||||
1000011099|7|6|5|5|5|
1000011121|5|4|4|6|6|
1000011130|5||4|4||
1000011153|5|6|6|6||
1000011186||5||4|5|
1000011210|5|6|5|5|5|
1000011222|7|7|8|8|7|
1000011227|5|7|8|8||
1000011344|10|9||||
1000011356|8|7|8|8||
1000011373||4|5|4|4|
1000011397|4|4|4|4|4|
1000011398|5|5|4|5||
1000011404|4|5|6|4||
1000011494|5|5|7|6|7|
1000011504|4|5|4|4||
1000011541|7|7|6|6|6|
1000011548||8||||
1000011552|||6|6|6|
1000011564|8|8|8|8|8|
1000011572|8|8|6|7|8|
1000011608|5|5|5|6|5|
1000011610|6|5|6|5||
1000011616|4|4|4|4|4|
1000011630|7|6|10|||
1000011662|6||6|5||
1000011668|3|||4||
1000011686|6|5|4|5|4|
1000011737|4|4||4||
1000011755||6|6|6||
1000011762||5||5|4|
1000011773|6|7|7|5|5|
1000011821|4|5|5|5|3|
1000011873||7|8|||
1000011874|8|9|9|||
1000011932|5|4||5|5|
1000011951|4|4|9|||
1000011961|4|4|5|4||
1000011969|6|8|5|6|6|
1000011987|6|6|6|6||
1000011996||6|8|7|6|
1000012047|6|6||5||
1000012072|8|7|6|6|5|
1000012075|4|5|4|4|4|
1000012102|5|5|5|6|8|
1000012104|4||4|4|3|
1000012115|7|6|5|6|7|
1000012124|6|5|6|5|5|
1000012129|6|7|7|7|8|
1000012139|5|5|5|5|5|
1000012158|4|4|3|3|4|
1000012206|6|||5||
1000012210|8|8|9|9|9|
1000012211||6|||5|
1000012220|6|6|6|6|6|
1000012228|6|7|7|6||
1000012250|4|5||||
1000012271||8|8|8||
1000012298|9|8|9|||
1000012310|5|5|7|6|5|
1000012319|4|4|4|4|4|
1000012330|4|4|4|4||
1000012337|4|4|4|3|4|
1000012345||5|5|||
1000012346|6|6|7|9||
1000012380|4|||4||
1000012401|5|||||
1000012427|7|7|6|6|6|
1000012450|5|8||8|8|
1000012500|3|4|3|3|3|
1000012506|3|4|3|6|7|
1000012509|6|6|6|7|7|
1000012520|5|5|6|5|4|
1000012523|5|5|5|5|5|
1000012547|8|6|6|6|8|
1000012611|8|7|8|8||
1000012614|7|7|6|6|6|
1000012623|6|6|4|4|4|
1000012624|3|3|6|6|6|
1000012638|8|8|9|||
1000012673|6||6|5|5|
1000012684|4|4|3|3|5|
1000012693||6|7|6||
1000012697|5|5|7|7|7|
1000012742|5|6||||
1000012746||5|4|||
1000012747||5|4|5|5|
1000012778|8|8|8|8|8|
1000012790|||5|6|6|
1000012798|||||7|
1000012815|6|6|6|5|5|
1000012828|8|9|9|||
1000012839|8|8||6|6|
1000012841|4|4|6|6|6|
1000012891|5|6|6|7|6|
1000012895|4||4|4||
1000012916|6|6|6|||
1000012917|4|4|4|5||
1000012945|5|10|10|||
1000012972|6|6|6|||
1000012985|4||4|5|5|
1000012999||5|||5|
1000013070||4|3|4|4|
1000013086||8|8|8||
1000013094|5|6|6|5|5|
1000013105|6|6|6|8|6|
1000013111|6|8|9|8|8|
1000013219|8|6|7|7|7|
1000013220|5|5||5||
1000013245|4|6|6|8|10|
1000013281||||5|5|
1000013300|5|5|6|4|4|
1000013307|4|5|7|7|5|
1000013311|6|5|6|5||
1000013320|3|3|3|3|3|
1000013326|4|5|6|5||
1000013331|4|||||
1000013363|4|5|7|6|6|
1000013365|6|6|6|6|5|
1000013366|6|6|7|6|8|
1000013370|||6|6|6|
1000013382|4|5|6|||
1000013390|6|6|6|5|5|
1000013402|4|4|4|4||
1000013421|6|8|8|||
1000013464|4||4|4||
1000013483|4|4|5|5|4|
1000013486|6|||||
1000013490||5|5|5|4|
1000013517||4||4|6|
1000013518|5|6|6|6|7|
1000013530|3|3|4|4|4|
1000013540|5|5|4|5||
1000013546|6|4|4|4||
1000013551|8|8|7|10|8|
1000013560|6|5|6|5|5|
1000013564|3|4|4|3||
1000013565|7|8|9|7||
1000013574|8|8|9|8||
1000013592||3|4|4||
1000013599|7|4|8|6||
1000013607||3|4|3||
1000013626|4|6|8|8|6|
1000013644|4||4|4||
1000013665|5|6|6|6|6|
1000013680|6||4|5|5|
1000013689|6|6|6|6||
1000013695|||6|||
1000013706|5|5||||
1000013795||4||4||
1000013802|6|8|8||8|
1000013809||4||||
1000013820||4||4||
1000013821|4|3|4|4||
1000013824|6|6|6|5|4|
1000013878|4|4|4|4|4|
1000013896|9|9|9|10|10|
1000013899||5|4|5||
1000013914|5|||4||
1000013955|6|4|5|5|4|
1000014032|4|4|4|7|6|
1000014090|3|4|4|5|4|
1000014112|5|4|5|5|4|
1000014121|5||6|8||
1000014124|5|5|5|5|5|
1000014129|8|5||5|3|
1000014136|||3|4|4|
1000014141|7|6|6|6||
1000014176|6|7|6|7|7|
1000014180|5|5|7|7|6|
1000014212|4||5|5||
1000014267|8|9|9|8|9|
1000014270|7|7|8|7||
1000014291|7|6|6|6||
1000014300|4|4|4|4|4|
1000014330|5|5|5|5|5|
1000014344|5|6|4|4|4|
1000014352|7||6|6||
1000014406|4|6|5|6|5|
1000014448|5|5|6|5|4|
1000014466||||6||
1000014469||6|6|8||
1000014518|4|4|5|4|5|
1000014554||5|5|5||
1000014562|7|6|6|5|6|
1000014564|6|7||7|7|
1000014566|4|4|4|8||
1000014569|3|4|3|3|4|
1000014575|8|7|5|6|7|
1000014599|8|9||||
1000014600|6|8|6|6||
1000014618|4|5|6|6|7|
1000014663|6|6|5|6|7|
1000014664||6|6||7|
1000014676|6|5|6|7|6|
1000014680|6|6|9|9|6|
1000014686|5|5|6|7|8|
1000014689|5|5||4||
1000014703|4|5||4||
1000014708||5||5||
1000014719|5|5|6|6|6|
1000014722|4|4|4|4||
1000014731||5|5|7|5|
1000014749|4|4||4|4|
1000014774|6|7|6|7|6|
1000014786|6|6|6|8||
1000014804|4|4|4|4|4|
1000014835||5|6|9||
1000014836|8|7||8|8|
1000014890||4||||
1000014899|6|6|7|6|6|
1000014914||6|7|6||
1000014934|6|6|6|6|6|
1000014950|4|5||4||
1000014953|6|7|8|8|8|
1000014960|5|6|6|7|6|
1000014972|5|||||
1000014982|8|8|8|8|8|
1000014990|4|4|5|5|6|
1000015015|8|7||6||
1000015033|4|||5|6|
1000015049|5|5|5|5|5|
1000015142||5||5||
1000015143|6|6|6|6|6|
1000015183|6|7|7|6||
1000015190|5||6|8|9|
1000015200|6|6|6|6||
1000015216|4|4|4|6||
1000015232|4||5|||
1000015235|6|6|8|8||
1000015264|5|5|5|4|5|
1000015278||5|6|||
1000015284||6||8||
1000015298|4|||||
1000015354||5|4|4||
1000015393|6|6|5|5|7|
1000015396|4|4|6|7||
1000015411|5|5|5|4||
1000015437|6||4|4|4|
1000015438|4|4|4|4|4|
1000015464||||4|3|
1000015470||||5||
1000015523|4|4|5|5||
1000015525||3|3||3|
1000015545|6|5|5|5|4|
1000015561|||6|6||
1000015568|7|6|7|6|5|
1000015599|4|4|4|6|5|
1000015600|5|8|6|6|6|
1000015603|6|6|6|7|7|
1000015608|||6|||
1000015650|8|7|5|4||
1000015651|6|6|5|5|5|
1000015691|5|5|6|6||
1000015713|||8|8||
1000015717||4|5|6|5|
1000015722|7|8|8|8||
1000015745|5|4||5||
1000015758|8|9|6|6|7|
1000015767|8|8|8|7|7|
1000015792|4|7|9|||
1000015814|6|6|6|6|7|
1000015816|5|6|6|||
1000015848|4||4|4||
1000015872|5|5|5|5|5|
1000015877|5|4|4|5|4|
1000015881|7|6|6|6||
1000015922|3|5|6|5|4|
1000015931|8|8|8|9|9|
1000015932|4|6|6|4||
1000015935|4|4|4|||
1000015971|10|||||
1000016004|3|4|4|4|4|
1000016031|6|8||||
1000016047|5|5|5|4||
1000016049|5|6|5|5|5|
1000016068|7|6|6|6|6|
1000016088|5|5|5|5||
1000016095|7|8|7|8|6|
1000016096|3||4|4|5|
1000016099|||4|4||
1000016108|6|7|6|5|5|
1000016132|7|5|6|6||
1000016199|6|6|7|6||
1000016219|4|3|4|4|3|
1000016229|4|4|4|4|5|
1000016231|5|5|6|6|6|
1000016246|6|8|7|6|8|
1000016249|6|5|5|5||
1000016276|5|5|6|6|6|
1000016278|6||8|7|7|
1000016283|5|5|5|5|5|
1000016285|4|5|5|6||
1000016305|5|5||||
1000016370|9|||||
1000016374|5|5|4|4|5|
1000016417|4|4|4|4|4|
1000016480|6|7|6|7|7|
1000016512|5|4|5|5||
1000016519|7||7|6||
1000016522|7|6|7|7||
1000016562|6|6|4|3|4|
1000016578|6|6|9|9||
1000016592|4|4|4|4||
1000016594|7|8|8|8|7|
1000016631|5|5|5|5|5|
1000016690|6|5|6|7|5|
1000016709|4|3|4|4|4|
1000016735|4|8||||
1000016738|8|6|5|8|9|
1000016747|4|4|4|5|5|
1000016760|5|5|4|3|2|
1000016765|4|6|5|5|6|
1000016778||6||6|6|
1000016780|8||8|8|8|
1000016793|6||6|5|6|
1000016797|6|5|7|6|6|
1000016803|4|4|5|5||
1000016810|9|||||
1000016823||4|5|6||
1000016828|7|6|5|4||
1000016832|6|6|6|6||
1000016841|5||8|10||
1000016846||4||5||
1000016865|5|5|5|5||
1000016873|||6|||
1000016879|4|4|4|4|5|
1000016886|4|4|4|4|3|
1000016889|5|5|5|5|6|
1000016907|3|3|2|3|2|
1000016917|5|4|4|5|5|
1000016949|5|5|5|9||
1000016987|4|4|5|4|4|
1000017005|4|4|4|4|4|
1000017011|5|5|5|5|5|
1000017012|7|6|6|7|5|
1000017013||8|7|7||
1000017015|5|5|6|6|6|
1000017024|5|5|7|5|6|
1000017050|6|6|6|6|5|
1000017056|5|5|6|6|7|
1000017079|3|4|5|4|4|
1000017088||||4||
1000017093|6|8||6||
1000017127|6|4|5|4||
1000017135|7|9||||
1000017146|7|6|6|6||
1000017149|6|6|5|4|4|
1000017154|4|3|4|4|4|
1000017167|4|5|6|5|5|
1000017192||6|5|5|4|
1000017194|5||6|4|4|
1000017195|||||4|
1000017205|6|6|6|5||
1000017213|7|7|6|5||
1000017231|5|6|7|7|8|
1000017245|4|6|9|9|9|
1000017252|3|3|4|4||
1000017264|8||8|7||
1000017284|8|8|7|6|6|
1000017295|6|6|6|5|5|
1000017311|6|5|8|6|6|
1000017332|6|8||||
1000017338|6|5|5|5|6|
1000017357|4|5|4|||
1000017368||4|4|4||
1000017372|6|6|5|6|6|
1000017398|6|6|6|6|6|
1000017431|7|8|6|6|7|
1000017440|4|5|4|4||
1000017453||4|4|4||
1000017464|5|5|5|5|5|
1000017488|7|9||||
1000017519||5|5|5||
1000017522|6|6|7|6|6|
1000017543|4|4|4|4||
1000017545||5|5|4|5|
1000017559|5|5|5|5|4|
1000017605|5|5|4|4|4|
1000017616|6|5|6|5|5|
1000017652|4|3|3|4||
1000017663|6|5|6|5|5|
1000017667|5|4|4|2||
1000017678|6|7|8|8|8|
1000017717||5|6|||
1000017736|6|5|5|5||
1000017755|4|6|6|8|9|
1000017766|6|6|6|6|6|
1000017780||4||||
1000017804|6|6|6|8||
1000017815||7|7|6||
1000017868||4||||
1000017875|8|7|9|8|8|
1000017894|5|||5||
1000017926|5|5|5|5||
1000017928|4|5|5|5||
1000017929|8|8||||
1000017933|7|7|8|5|9|
1000017955|4|4|4||5|
1000025162|8|7|8|10||
1000017989|4|5|6|6|6|
1000018011|7|6|8|7|7|
1000018033|6||7|||
1000018037|5|6|4|5|5|
1000018063|5|5|5|4|6|
1000018135||5|5|5|6|
1000018193|5|5|4|4||
1000018212||5||||
1000018213|5|5|5|5|5|
1000018217|4|3|4|4|4|
1000018218|4|4|5|5|6|
1000018221|4|5||||
1000018228|5|5|5|5|6|
1000018236|4|5|4|4|4|
1000018240|8|6|7|7|6|
1000018244|4||4|4||
1000018270|4|3|4|4||
1000018304|3|3|3|4|4|
1000018316|4|4|4|4|4|
1000018319|4|||||
1000018325|8|5|6|5|4|
1000018339|4|4|4|3|3|
1000018341|6|6|6|6|6|
1000018381|3|3|3|4|3|
1000018382|4|5|4|4|4|
1000018387|4|4||4||
1000018401||4|4|5||
1000018419|4|4|4|4|4|
1000018422||||4|5|
1000018443|3|4|4|3|3|
1000018460|7|6|6|6|6|
1000018475|6|5|5|||
1000018488|4|3|3|3|3|
1000018491||5||||
1000018505|5|6|6|6|6|
1000018511|8|6|5|5|6|
1000018521|4|4|5|5|4|
1000018538|6|7|8|8|6|
1000018539|6|5||||
1000018568||6|6|7||
1000018573|8|9|10|10|9|
1000018593|4|4|5|5|6|
1000018606|2|2|2|2|2|
1000018611|8|8|8|8|8|
1000018633|5|5|5|8|5|
1000018636|3|3|4|3||
1000018639|5|5|5|5||
1000018658|4|5|||5|
1000018664|4|5|4|6|8|
1000018684|||7|5||
1000018697|4|6|5|||
1000018710|7|6|6|6||
1000018827|7|8|7|7|8|
1000018842|4|5|5|4|4|
1000018860|3|3|3|3|3|
1000018866|6|8|7|7|5|
1000018930|3|4|4|4|5|
1000018948|8|8|8|6||
1000018960|6|6|8|8||
1000019000|6|6|6|7||
1000019007|6|7|7|6|5|
1000019025|6|5||||
1000019039|6|6|7|6||
1000019053|5|4|5|5|6|
1000019071|6||6|6||
1000019088|6|5|5|6||
1000019108|5|5|6|4||
1000019133|4|4|4|5||
1000019144|4|6|4|4|4|
1000019148||4|4|||
1000019153|8|6|8|5|5|
1000019155|5|5|8|8||
1000019157|4|4|4|3||
1000019193|6|7|6|5|5|
1000019201|5|5|6|5||
1000019202|5|5|5|6|4|
1000019213|5|4|4|3|3|
1000019222|6||8|9|9|
1000019224||5||5||
1000019245|6|6|6|8|9|
1000019302|4|4||4|4|
1000019320|6|5|5|5||
1000019337|5|5|6|8|6|
1000019364||6|6|6||
1000019379||5|8|8||
1000019386|10|10||||
1000019402|4||5|5|6|
1000019404|4|4|4|||
1000019451|4|5|5|5||
1000019453|5|6|6|6||
1000019462|||6|8|8|
1000019463|5|6|5|8||
1000019477|6|5|5|4||
1000019523|5|5|4|4||
1000019535||6||||
1000019540|3|4|4|4||
1000019541|7|5|5||4|
1000019560|4|5|5|5|5|
1000019570|4|3|4|4||
1000019574|6|5|4|3||
1000019576|4|4|4|4||
1000019578|4|4|4|4||
1000019593|||||5|
1000019634|6|6|6|6||
1000019641|5|5|5|5|5|
1000019658|8|8|8|||
1000019660|8|8|8|8||
1000019663|5|4|5|6|6|
1000019682|6|5|5|8||
1000019715|6|6|6|6|6|
1000019725|3|||4||
1000019743||4||4||
1000019749|6|6|6|||
1000019760|4|4|6|5|5|
1000019777|6|||||
1000019791|5|||5|5|
1000019810|5|5|6|5|6|
1000019824|5|4|4|4||
1000019829|8|7|8|9|8|
1000019830|6|6|6|6||
1000019851|6|5|6|5|5|
1000019870|6|7|8|7|8|
1000019872|5|5||5||
1000019899||4|3|3|4|
1000019909|||4|||
1000019915|5|5||||
1000019920|5|5|5|||
1000019925|4|4|5|4|4|
1000019942|5|4|5|4|4|
1000019961||6|6|6||
1000019980|6|8|7|7|7|
1000020031|5|4|6|6||
1000020073||5|6|5|5|
1000020077||7||5|5|
1000020079||7||8||
1000020099||||4|4|
1000020115|5||4|4|5|
1000020172|6|5|6|6||
1000020193|||5|||
1000020197|4|5|5|5|6|
1000020225|5|5|5|5||
1000020276|5|4|5|5||
1000020277|6|5|5|5||
1000020280|4|4|4|5|5|
1000020294|3|3|3|3|3|
1000020301|4|4|4|4||
1000020310|6|7|6|6|6|
1000020325|3|3|3|3|3|
1000020348|6|8||||
1000020391|4|4||4||
1000020408||4||||
1000020429|4|5|5|||
1000020434|5|4|5|6|6|
1000020449|6|7|8|6||
1000020456|9|9|8|8|9|
1000020481|6|5|7|6|6|
1000020493|6|6|6|5|5|
1000020576|6|5|5|5|5|
1000020582|7|7|8|6||
1000020592|6|6||6|7|
1000020604|5|4|5|4||
1000020612|||10|||
1000020626|8|7|7|7||
1000020666|7|9|7|7|6|
1000020698|5|||||
1000020724|7|6|6|10||
1000020738|6|||6||
1000020740||4|4|5||
1000020767|7|8|8|9||
1000020771|5|5|5|6|5|
1000020812|8|6||6|7|
1000020831|6|6|6|5|5|
1000020835|6|7|6|7|7|
1000020851|7|8|9|9||
1000020852|7|7|6|5|5|
1000020858|5|6|7|10|9|
1000020859|8||8|6|5|
1000020919||4|4|5|6|
1000020952|4|4|5|4||
1000020954||||4||
1000020971|4|4|4|||
1000021014|6|6|6||6|
1000021018|6|6|6|6|6|
1000021133|7|6|6|6|5|
1000021145|||8|||
1000021155|7|6|6|5||
1000021190|4|4|5|4||
1000021192|4|4|4|5|5|
1000021193|6|5|6|6|6|
1000021200|6|6|6|5|5|
1000021212|8|7|6|8||
1000021320|5|5|5|6|6|
1000021330|4|3|5|6|6|
1000021354||||4||
1000021403|5|4|5|6||
1000021424|5|4|5|5|4|
1000021432|7|8|10|10|9|
1000021455|7|6|7|7||
1000021472|8|9|10|10||
1000021473|4|4|6|5|5|
1000021477|6|6|7|||
1000021543|7|3|6|6|5|
1000021571|4|5|5|4|5|
1000021596|7|8|9|8||
1000021610||5|6|5|5|
1000021612|6|7|6|6|7|
1000021614|5|5|5|4||
1000021640|9|8|9|8|7|
1000021656||5|5|||
1000021690|5|6|6|||
1000021693||6||8||
1000021703|5|5|6|6|6|
1000021726|5|5|6|7|6|
1000021732|3|||||
1000021763|6|6|6|6|6|
1000021780|6|6|6|5||
1000021786|7|7|7|7|7|
1000021877|6|6|6|6|6|
1000021878|6|5|5|5|5|
1000021888|6|4|5|4|4|
1000021890|4|6|4|5|4|
1000021913|5|5|5|4||
1000021926|7|8|8|8|8|
1000021955|9||9|||
1000021959|8|8|8|7|8|
1000021981|7|8|7|8|8|
1000021987|5|6|6|5|5|
1000021992||6|6|5||
1000022002|6|5|6|6|6|
1000022013|7|5|9|7|7|
1000022056|4|4|4|4|4|
1000022061||4|4|4|4|
1000022063|7|8|6|6|6|
1000022074|6|5|6|6|7|
1000022099|8|7|7|7|6|
1000022102|5|5|6|5|6|
1000022140|8|6|5|5|6|
1000022169|5|5|5|6|5|
1000022170|9|9|9|9|6|
1000022178|6|6|6|5||
1000022190|6|8|9|8|8|
1000022229|3|3|3|3|3|
1000022247|4|5||||
1000022262|||||4|
1000022274|5||7|||
1000022282|6|6|6|5|5|
1000022287||6|8|7|6|
1000022317|6|6|7|7|7|
1000022323||8|8|7||
1000022330|6|6|6|6|6|
1000022368|5|5|5|5|5|
1000022373|6|6|||6|
1000022397|4|||||
1000022401|4|4|5|||
1000022402||5|||5|
1000022406||4||4||
1000022424||6||6||
1000022467|6|6|6|7||
1000022479|4|5||||
1000022510|5|9|5|5|8|
1000022513|6|6|6|8|9|
1000022522|5|5|4|4|5|
1000022616|5|6|6|6||
1000022642|5||4|||
1000022648|6|5|5|5||
1000022654|8|8|8|8|8|
1000022666|6|6|6|6||
1000022704|||||4|
1000022713|9|9||||
1000022734|6|6|7|||
1000022763|7|8|7|8|8|
1000022779|8|6|7|6|6|
1000022781|4|4|4|4|5|
1000022792|8|7|6|8|9|
1000022808|6|6|5|5||
1000022835|5|8|7|6|7|
1000022841|6|7|7|||
1000022849|6|5|6|5||
1000022870|4|4|4|4||
1000022928|8|8|6|9|10|
1000022934|8|6||6||
1000022938|6|||||
1000022950|8|9||||
1000022954|6|6||||
1000022965||||7||
1000022981|9|||||
1000023005|5|6|6|6|6|
1000023038|8|8|8|8||
1000023080|4|4|4|4||
1000023098|4|||||
1000023100|6||6|7|6|
1000023130|||5|||
1000023161|4|||4||
1000023168||4|4|||
1000023172|6|6|7|8||
1000023175|8|5|6|6||
1000023183|6|6|6|6||
1000023209|8|8|8|||
1000023235|3|3|4|3||
1000023251|6|6|7|7|8|
1000023256||8|7|8||
1000023263|8|9|10|9||
1000023295|5||5|4||
1000023326|5|5|5|5|7|
1000023378|8|6|7|8||
1000023383|5||6|6||
1000023392|6|6|4|5|5|
1000023398|3|3|4|3||
1000023435|4||4|4||
1000023438||||7|8|
1000023449|5|5|6|5|5|
1000023469|5|||||
1000023487||6|7|7||
1000023500|6|5|6|6|6|
1000023501|6|7|5|6|6|
1000023506|4|3|3|3|3|
1000023543||8||5|6|
1000023555||7|8|7||
1000023631|4|4|4|5|4|
1000023645|5|5|5|5||
1000023653|6|6|6|6|5|
1000023664|5|5|5|5|5|
1000023693|9|8|8|9|8|
1000023710|5|5|5|5|5|
1000023715|4|4|3|3||
1000023720|6|6|7|7|7|
1000023723|5|5|||3|
1000023758|6||6|6|6|
1000023765|4|4|4|5|4|
1000023853|5|6|6|5|5|
1000023862|4|4|4|4|4|
1000023895|5|5|4|4||
1000023906|5|5|4|5||
1000023907|8|6|9|||
1000023914|5|4|6|5||
1000023921|||4|4||
1000023945|8|5|5|5|8|
1000023975||5|5|5||
1000023982||5|4|||
1000024026|9|8||||
1000024060|4||4|4||
1000024063|4|4|5|5|5|
1000024132|5|5|6|5||
1000024157||||4|5|
1000024169|4|4|5|4||
1000024234|8|7|8|8|8|
1000024238|5|5|5|||
1000024255|5|6|8|8||
1000024262|6|5|6|6|6|
1000024292|5|5||||
1000024311|5|5|6|6|6|
1000024326|4|4|5|5|5|
1000024343|9|7|7|8|8|
1000024355|7|8|7|8|8|
1000024403|4|4|4|4|4|
1000024443|7|8|8|7|6|
1000024444|5|6|5|5|5|
1000024489|6|6||9||
1000024499|4|3|3|3||
1000024505|4|||||
1000024596|3|4|4|5|4|
1000024598|6|6||||
1000024602|4|4|4|6||
1000024640|4|4|5|||
1000024678|6|6|5|4||
1000024992||5|5|4||
1000024799||5||3||
1000015308|5|5|6|||
1000024740||4||4|4|
1000024746|4|5|5|5|4|
1000024773|7|8|7|7|7|
1000024825|4|3|4|5|7|
1000024863|5||5|||
1000025061|6|6|5|6|5|
1000025172|5|5||5|5|
1000023976|7|9||5||
1000012473|4|4|4|4|3|
1000012475|6|5|4|4|6|
1000021697|6|6|6|5|5|
1000005286||5|5|8|8|
1000023812|4|6|7|6|6|
1000025533|3|4||4||
1000019435|6|5|7|6||
1000024556|5|5|5|5|5|
1000024558|6|6|7|9||
1000026887|4|4||7|6|
1000024704|8|4|4|4||
1000025398|5|5|7|7|6|
1000020922|6|4|6|6|6|
1000011292|4|||||
1000025240|3|3|4|4|5|
1000025922|5||5|7|6|
1000021113|6|6|5|4||
1000019289|8|7|7|6|7|
1000019291|5||6|7|8|
1000013132|4|5||6||
1000025791|7|8|8|9|9|
1000026166|6|7|8|9||
1000007867|5|6|6|7||
1000015272|4|4|5|5||
1000011214|6|6|6|6|6|
1000011221|5|5|5|||
1000026427|||6|7|6|
1000025900|4|3|3|3||
1000025901|4|4|3|3|4|
1000016437|5|4|6|6|7|
1000024750|5|6|4|4|4|
1000013775|6|5|5|4||
1000025405|||3|||
1000026156|6|5|6|9||
1000025489|6|6|5|6||
1000005498|||4|5|4|
1000025683|5|5|5|||
1000023331|8|8|6|8|8|
1000025346|7|10||||
1000015291|6||6|5||
1000025462|8|6|6|6|7|
1000025466|10|9||||
1000013121|4||5|5||
1000011902|8|6|8|8|8|
1000025057|4|3|5|5|5|
1000026018|5|6|6|5|6|
1000026019|8|8|9|8||
1000025964|4|4|5|4||
1000006726|7|6|7|8|9|
1000025376|4|6|7|6|6|
1000025377|4|4|4|4||
1000026200|4|6|8|6||
1000024947|5|5|5|6|6|
1000005427||6||||
1000025847|10||8|7||
1000025123|4|4|4|6|5|
1000005388|8|10||||
1000009924|8|6|6|8||
1000025202|5|6|7|5||
1000018162|8|6|7|7|6|
1000008679|5||5|4||
1000025180|6|6|9|||
1000025325|5|6|7|8|7|
1000022458|8|8|8|8||
1000025878|4|4|4|3||
1000019686|5|5|4|4||
1000026578|4|4||4||
1000025537|5|5|6|6|6|
1000026079|4|||||
1000023964|6|5|5|||
1000027015|5|6|6|6|5|
1000005594||||4||
1000016353|7|7|7|5|5|
1000022187|8|||||
1000022188|9|9||||
1000026195|6|||||
1000025713|||8|8||
1000005382|2|2|5|2|3|
1000026256||6|4|5||
1000011916|5|4|6||5|
1000020108|8|6|8|7||
1000020111||6|8|10||
1000025480||5|5|5||
1000005490|6|7|8|10|10|
1000025072|6|7||6||
1000025429|8|7|6|7||
1000025654|6|7|6|7||
1000025107|2|2|3|3|3|
1000025544||5||5|5|
1000020892|||6|6|5|
1000025264|4|4|6|6|6|
1000026447|4|||||
1000013163|4|5|6|8|9|
1000005325|6|||||
1000025245|5|5|8|10|9|
1000025246|5|4|4|7||
1000025250|5|5|6|5||
1000025171|5|5|4|4||
1000015303|6|8|6|6||
1000015313|4|||||
1000025589|||4|5||
1000010811|5|4|4|4||
1000026262|||7|6||
1000016666|5|5|5|4||
1000016115|6|7|6|||
1000021930|4|5|5|5||
1000022884|7||5|5||
1000024298||5|5|6|8|
1000026561||6|5|6||
1000025186|6|5|5|9|10|
1000006729|6|6|6|7|8|
1000021115|4|5|6|||
1000018089|||5|6||
1000005226|8|7|8|9||
1000024869|4|5|4|5|4|
1000023305|6|5|5|5||
1000007886||6|6|7|8|
1000025422|7|7|7|8||
1000008374|8|4||||
1000025148|5|5|5|4|4|
1000025156|4|4|4|||
1000025579|5|4|5|5|6|
1000018183||3|5|5|5|
1000023284|9|10||||
1000024087||5|5|4||
1000015281|4|5|5|6|5|
1000021498|5|5|8|8||
1000025681|5|5|6|7|7|
1000025024|8|8|8|8|8|
1000024732|6|6|6|6||
1000022961|7|8|6|5|5|
1000023001|9|10||||
1000005264|7|6|7|7||
1000023310|5|||5||
1000021796|4|5|9|8||
1000028436|5|6|6|5|5|
1000026794|5|5|5|7||
1000028062|7|6|6|5|6|
1000028302|9|||||
1000025643|7|7|10|10||
1000026380|7|8|9|||
1000027793|6|9|8|9||
1000026520|||6|5|5|
1000024979|6|||6||
1000027547|4|6|6|6|6|
1000026676|4|4||||
1000026680|6|7|6|7|7|
1000028135|||6|6|6|
1000026994|4|5|4|5|4|
1000025291|6|6|6|6||
1000028886|8|5|4|5|5|
1000026125||4|5|5|5|
1000027177|6|6|5|6||
1000026491|8|9||||
1000027777|4|3||||
1000027339|7|6|6|6|6|
1000026435|5|||5||
1000026959|8|7|6|6|6|
1000027575|4|4|5|6|6|
1000027831||8|6|6|6|
1000027997|8|7|7|6|6|
1000027890|5|5|5|5|5|
1000027876|4||5|5|6|
1000027877|6|7|7|9||
1000029155|3|3|4|6|5|
1000026119|||4|4||
1000026860|5|4|4|4|4|
1000028609|4||6|7|7|
1000027453|6|6|7|7|6|
1000027678||6|6|7||
1000027680|7|6|6|||
1000026633|10|10||||
1000026208|9|10|10|5||
1000027384|4|5|6|8|7|
1000025095|5|6|8|9||
1000027439||6||6|4|
1000027061|6|7|7|7|7|
1000029190|5|6|6|8|8|
1000026710||4|4|4||
1000028090|4|4|5|5|5|
1000028406|8|7|9|||
1000029024|8||5|||
1000027510|||8|5|6|
1000027653|8|6|10|10||
1000026760|6|6|7|6||
1000026762|4||4|4||
1000026764||9||||
1000025667|||8|9||
1000026661|6|6|6|6|5|
1000028636|6|6||6||
1000028243|4|5|5|5|5|
1000028825|8|8|8|7||
1000024960|6|||6||
1000024962|8|7|8|8|7|
1000026049|5||6|6|7|
1000026411|4|4|4|4||
1000026412|8|8|9|10|9|
1000028483||6|6|5||
1000028484|4||5|5|4|
1000027635|5|6|5|5||
1000021515|6|5|5|6|8|
1000027926|8|8|8|8|8|
1000027927|8|4|4|4|4|
1000027871|6|||5|5|
1000028794|8|10||||
1000025867|6|6|9|||
1000027645|5|5|5|4||
1000029047|8||8|9||
1000028284|5||6|||
1000023311|5|4|4|5||
1000028517|4|4||5||
1000025551|4|5|6|8||
1000026569|6|6|6|6|6|
1000029226|7|7|7|6|6|
1000026766|7|7|8|7||
1000005454|5|5|6|6|5|
1000029718||5|7|8|8|
1000029719|4|4|||7|
1000028457||6||||
1000027804|5|5|5|5|5|
1000028257|5|6|5|5|5|
1000027686|6|7|8|6|6|
1000028840|5|7|9|9|10|
1000029782|6|6|8|8|8|
1000029783||6|6|6|5|
1000028942|8|8|8|8|8|
1000024994|4|4|4|4|4|
1000029673|6|6|7|7|7|
1000027620|5|6|8|8||
1000027156|4|4||4||
1000027160|6|5|5|5|5|
1000027163|8|6|10|||
1000011908|6|6|5|4|4|
1000028620|8|6|7|8|8|
1000025304|8|7|8|8|8|
1000029087|4|4|4|5|5|
1000024828|7|7|6|8|7|
1000029486|7|6|6|5|4|
1000026279|6|5|5|5||
1000026280|8|8|9|8||
1000029145|6|7|9|||
1000028674|6||6|5|4|
1000026735|6|7|9|10|10|
1000030116|8|6|8|7||
1000029036|5|4|4|4||
1000029000|5|4|4|4|4|
1000028786|4|5||||
1000025387|6|6|7|9|9|
1000005424|7|6|7|7||
1000028038|7|9|7|||
1000028041|6|6|6|6||
1000028053|6|7|10|6|6|
1000028612|||8|9||
1000029283|8|8|8|8|6|
1000028313|6||6|6||
1000029792|5|6|6|7|6|
1000026061|5|5|4|4||
1000026896|6|6|7|6|7|
1000029974|||4|4||
1000029344|6||5|||
1000027945|4|4|5|5|4|
1000028184|6|6|6|6||
1000025786|5|4|4|4||
1000019519|8||9|||
1000027788||5||||
1000029590|3|4|4|6|6|
1000026306|4|4|4|||
1000026309|7||8|8|8|
1000030466|4|3|4|4||
1000030469|5||5|||
1000029711|6||8|7||
1000029868|6|6|6|8||
1000029837|9|8|9|9|9|
1000030738||||7||
1000029554|6|8||8||
1000031067||4||||
1000031069||8|6|6||
1000030861||6|5|5|5|
1000031276||8|9|8||
1000029644|4|4|4|4|4|
1000029657|5|6|4|6||
1000029660|7|5|5|5|9|
1000029153|6||6|6||
1000028920||4|4|||
1000026548|||8|||
1000030302|3|5|8|9|8|
1000030534|8|6|6|7|6|
1000026700|5|5|5|5|6|
1000031303|||5|5||
1000031314|||8|8|6|
1000028342|4|6|7|9|8|
1000025058|6|4||||
1000028973|5|4|4|6|6|
1000029450|6|5|5|5|5|
1000027262|5|5|5|5|5|
1000029963||9|8|9||
1000029967|||8|8|6|
1000025976|7|9|9|10|10|
1000029117|7|6|6|6|6|
1000029669|6|8|9|9||
1000030273|8|8|8|8|8|
1000030439||||7|8|
1000021280|6|5|6|5||
1000026102|5|5|6|6|7|
1000029186|6|4||4||
1000029707|||6|6||
1000030409|6|6|5|||
1000029903||5|4|5|4|
1000029993||||5|6|
1000026532|7|7|7|6||
1000029091|5|5|5|4||
1000029107|5|4|3|3|4|
1000029368|6|8||||
1000028216|5|5||||
1000028220|6|6|6|8||
1000029638|5|4|4|7||
1000030079|||6|6||
1000030775|7|8|8|8|7|
1000029215|3|3|4|||
1000031140|8|8||8|6|
1000029811|6|6|4|4||
1000029812|4|4|5|6|6|
1000025254|5|7|9|9||
1000025256|4|4|4|4|4|
1000025985|5|5|4|5||
1000029751|8|8|7|8|8|
1000030231|6|7|8|7|8|
1000029738|9|10|10|10||
1000029725|6|6|6|6|6|
1000030750||8|6|6|7|
1000030754|8|9|8|8||
1000031230||8|9|8|8|
1000029847|8|8|8|||
1000031022|9|8|5|5|5|
1000029246|5||4|6|8|
1000030392|6||6|8|8|
1000029945|4|4|4|5|5|
1000029469|6||5|5||
1000029470|10|10||||
1000028763||7|9|||
1000028766|5|6|7|8|8|
1000028230|8|8|8|8|8|
1000028231|5||8|8|6|
1000030589|8|9|9|||
1000026241|4|5|5|6|6|
1000029428|4|4|6|6|6|
1000027594|6|6|9|9||
1000030016|4|5|7|7||
1000029306|4|6|6|8|8|
1000025729|6|6|9|8||
1000029936|7|7|6|8|8|
1000027399|5|6|6|5|5|
1000027400||5|4|4|4|
1000026902|4|5|4|5|6|
1000028400|4|4|4|5||
1000030380|7|6|8|7|6|
1000029476|||5|6||
1000025132|8|6|9|7|7|
1000027253|6|6|9|9|9|
1000027255|8|5|6|6|5|
1000028842|5|6|6|6|6|
1000028845|8|8|10|10||
1000029140|8|8|8|7|8|
1000030539|5|6|7|8|8|
1000029016|5|7|5|6||
1000029573|6||5|4|4|
1000030839|4||5|||
1000029130|4|4|4|4||
1000029231|4|5|5|5||
1000014047|4|4|4|4|4|
1000014049|||5|||
1000031088||9|9|9||
1000030815|||6|6|4|
1000030798|5|||||
1000030799|4|4|4|6||
1000028358|4||7|7|5|
1000030401|7|6|7|8|5|
1000030404|4|4||||
1000029761|4||4|||
1000030150|3|4|4|4||
1000025682||||8|9|
1000031500|||8|6|6|
1000031105|9|8|8|||
1000031002|4|5|4|4||
1000030500|7|5|5|7|7|
1000031128|7|9|6|5||
1000031129|10||9|9||
1000029787||8||||
1000027904||||4||
1000030857||6|8|8||
1000031267||6|6|7||
1000031268||8|7|||
1000030625|4|4|4|5|6|
1000028337||||9||
1000001151|7|6|7|7|8|
1000031311||9|9|10|10|
1000027422|6|6|5|5|5|
1000030786|||9|||
1000030374|8|8|8|9||
1000001042|8|6|6|6|8|
1000031647||7|8|9|9|
1000001057|3|3|3|4|4|
1000001085|3|4|6|5|4|
1000030901|5|5|5|5||
1000030902|4|5|5|5||
1000001940|2|3|3|3|3|
1000030779|7|7|8|8|8|
1000024725|6|6|4|6||
1000004576|7|6|7|7|6|
1000031716|||9|9||
1000024090|3|3|3|3|3|
1000025687|5||6|4|5|
1000026343|6|4|6|9||
1000026346|6|7|8|8|8|
1000027298|5|6|5|5|5|
1000031633||6|5|5|5|
1000026476|6|7|7|8||
1000028297|4|6||8||
1000028298|6|8|8|7|8|
1000030880||7|8|8||
1000004670|3|4||6||
1000005402|6|5||||
1000005404|8|8||||
1000005765|4|4|4|4|4|
1000005766|5|5|5|4|4|
1000005109|5|5|5|5|4|
1000004684|5|5||||
1000017951|5|5|5|5|5|
1000028889||8|8|5||
1000004687|7|||||
1000004835|4|4|5|5||
1000026087|6|6|6|6||
1000030524||6|6|6|7|
1000018416|5|4|4|4|4|
1000030541||6|8|8|6|
1000029528|5|5|7|7|7|
1000001296|3|3|4|4|3|
1000016614|6|8|7|7|7|
1000016613||||6||
1000030133|7|8|8|9||
1000029875|6|7||7|7|
1000001257||||6||
1000031047|8|6|6|6||
1000007040|7|8|9|8|8|
1000007488|5|5||||
1000004892|4|5|5|5||
1000025365||4|5|5|6|
1000011277|4||5|4|4|
1000004853|||5|6||
1000026443||8|6|8|9|
1000022788|8|7|8|8|8|
1000004864|4|4|4|4|4|
1000026867|8|9|9|8|8|
1000008346||5||5||
1000014283|8|8|9|8||
1000007895|6|6|6|||
1000004880|6|9||||
1000013891|6|6|7|8||
1000030491||9|8|6||
1000016361|6|6|6|5|3|
1000005185|4|4|4|4||
1000005187|4|5|4|5|5|
1000006533|5|4|4|||
1000004303|4|4||5||
1000031066||||8||
1000015024|7|8|10|9||
1000004649|6|7|8|6|6|
1000005027||6|6|6|6|
1000004433|4|4|6|6||
1000020003|8|6|7|6|8|
1000007825|4|4|8|8|9|
1000029069|8|9|9|8|8|
1000010486|||5|||
1000004783||4||||
1000020795|8||6|6|6|
1000009819||6||5||
1000017789|4|6|7|5|7|
1000004226|4|4|4|6|4|
1000007257|8|8|8|8||
1000020667|6|6|6|6||
1000009249|5|5|6|9|10|
1000008588||5|6|6|5|
1000004745|6|6|8|6||
1000017859|5|5|5|5|5|
1000017923|5|5|8|6|6|
1000017924|7|7|7|6||
1000031829|||6|5|4|
1000031149||5|6|6||
1000029691|6|3|4|4|5|
1000011820|5|7|6|6|6|
1000011855|5|4|5|4|5|
1000028537|4|8||||
1000011923||5||5||
1000031286||||3|4|
1000031287||6|6|6|6|
1000028315||4|4|4||
1000031936||||6|5|
1000011869|8|||||
1000011635||5||||
1000028486|4|5|5|5|4|
1000031892|||||6|
1000031893||||7||
1000011884|5|||||
1000011741|7|10||||
1000011827|5|5|3|3|6|
1000029823|6|6|6||5|
1000029652||4|4|5|4|
1000030325||||5||
1000030331|6|9|8|8|8|
1000031513||5|6|8||
1000029564|8|5|6|||
1000029567|6|6|6|||
1000030271|8|7|8|8|8|
1000030093|8|5|7|7||
1000028278||6|6|4|6|
1000028573|7|8|8|9||
1000029677|5|5|5|10||
1000031138|5|5|5|6|6|
1000031331||6|8|6||
1000031764||||5||
1000031839|||5|||
1000031507||6|7|7|7|
1000031854||||9|5|
1000029592|6|6|5|6|5|
1000031071||9|8|8||
1000028478||4|5|7|8|
1000029796|5|5|6|5||
1000031657||7|9|8||
1000031318|||6||6|
1000005716|6|6|6|6||
1000030897|5|5|6|6||
1000029460|5|8|8|8|8|
1000031170|6|6|6|9||
1000029622|||8||6|
1000030987||6|6|6||
1000030714|6|7|8|8||
1000031741||8|9|8|6|
1000031711||9|8|8|6|
1000031216||7|6|6|6|
1000029933|4|||6||
1000031082|6|6|6|7||
1000028718|6|6||||
1000031121||||8||
1000030731||7|7|8|7|
1000031837|||7|7||
1000030761|6|8|8|8|4|
1000030321|4|4||||
1000029948|5|5|6|6|7|
1000027715|6|9|9|10|10|
1000031060|4|5|6|7|7|
1000030927|8|6|6|7|7|
1000030928|5|6|6|7|8|
1000030842|4||4|2|4|
1000031403|||7|6|6|
1000029351|4|4|4|5|5|
1000030635|6|8|10|||
1000031077||5|8|8|8|
1000031612||5|5|4|4|
1000030138||5|5|5|6|
1000009664||5||||
1000005913|3|3|4|3|3|
1000007188|4|||||
1000006864|5|5|6|6|6|
1000006812|8|8|6|6|6|
1000008528|5|4||4|4|
1000008441|5|6|5|5|5|
1000009569|5|6|3|3|5|
1000006847|5|5|5|5|5|
1000024739|||4|||
1000007508|8|8|8||6|
1000007581|5|6|8|8||
1000006906|5||5|5|6|
1000005929|4|5||||
1000009636|4|5|8|||
1000005924|6|4|4|||
1000005926||4|5|5||
1000009147|5|5|8|8|7|
1000007564||5|5|5||
1000006878|4||5|5||
1000009625|5|4|4|3|4|
1000008516|5|6|5|||
1000007993||7||7||
1000006874|5|5|5|8|8|
1000009207|6|6|6|7|7|
1000008729|||4|3||
1000008337|4||4|4||
1000024646|4|6|6|5|5|
1000008644|5|4|4|5|5|
1000006994|5|4|4|4||
1000025839||4||4|4|
1000007828||8||||
1000031924|||9|9||
1000024542|5||5|6|6|
1000024176|7|6||6||
1000008334|4|5|5|7|7|
1000009315||6|5|4|4|
1000026210|4|4|4|5||
1000008341|||4|||
1000031789|||8|9|10|
1000024214|6|7|6|7|6|
1000010625|6|7|7|7|6|
1000025208|6|6|5|6||
1000031495||9|6|8|8|
1000029852||9||||
1000007832|5|8|6|7|6|
1000007721|8|8|8|6|5|
1000007774|3||4|4||
1000008248|4||5|5||
1000027807|7|8|9|||
1000027817|8|9|8|9||
1000008578|5||4|4||
1000028940|4||5|||
1000008272|10|8||||
1000008538|5|4|6||5|
1000009241|4|3|4|6|6|
1000031644|||3|3|3|
1000027969||5|7|7||
1000028967|8|8|8|4|4|
1000010477|8||7|7|7|
1000028730|4|3|3|3|4|
1000031730||6|6|8||
1000028027|6|5|5|||
1000028741|||8|6||
1000031742||8|6|6|5|
1000028045|7||8|5|6|
1000029665|8|9|9|9||
1000031853|4|5|9|10|9|
1000027099|8|8||||
1000028179|5|6|6|9||
1000029858|4|||4||
1000010465|4|4|4|4|3|
1000030677|8|6|6|5||
1000008279|5|5|5|5|5|
1000027602|6|6|6|6|6|
1000032067||||6||
1000008284|5|4||5||
1000010358|||4|4||
1000008542|6|6|8|7|8|
1000010437|6|6||5||
1000024338|3|2|3|3|2|
1000009280||4|4|||
1000008614|4|4|5|5|4|
1000006986|4||4|||
1000009292|8|8|8|7|8|
1000010375|5|4||4||
1000010037|4||4|5|5|
1000014060|8|9|10|||
1000030415||6|8|9|6|
1000028437|7|4|5|5||
1000030050|7|5|7|6|6|
1000031972||||8|9|
1000026016|8|6|6|8||
1000014053|8|8|7|6||
1000013061|5|4|4|3||
1000004837|4|7|8|8|9|
1000006671|4|5|5|5|4|
1000031674||8|6|8|7|
1000027073|5|6||5||
1000028021|6|8|8|8||
1000005060|5|5|6|5|5|
1000031799|5|5|5|5||
1000026360|||8|8|8|
1000026365|5|4|4|4||
1000031862||||6|6|
1000004515|3|4|4|3||
1000032064||||5|6|
1000032043|||9|6|9|
1000031980||||6||
1000026840||5|5|6||
1000009578|9|10|9|10|10|
1000009724|7|6|8|6|7|
1000009778|4|||4||
1000031214||9|9|8||
1000031974|||6|7|6|
1000032135|4|4|4|6||
1000029579|6|7|8|8||
1000009534|5|5|5|5|5|
1000005386|4|6|5|6|7|
1000013092|||4|4||
1000005139|8|8|7|8|7|
1000029639|6|6|6|5|6|
1000013098||7||7|6|
1000031803|||5|6||
1000032009|||8|8|8|
1000032010|||9|9|9|
1000030691|4|4|4|4|6|
1000031222|5|6|7|8|6|
1000030963|4||4|4||
1000032120|||||3|
1000029078|8|||||
1000029080|4|6|5|5||
1000005675|5|5|5|6|6|
1000005676|4|3|3|3|3|
1000030020|7|7|8|8|8|
1000027108|5|4|||6|
1000027447||5|7|7||
1000030407|5|5|6|5||
1000029728||6||6||
1000000024|4|5|5|7|6|
1000000042|4|4|5|6|6|
1000000056|4|6|7|10|10|
1000000069|4|5|5|5|6|
1000000093|6|5|4|4|5|
1000000106|4|5|5|5|4|
1000000114|5|5|5|6|5|
1000000115|4|4|4|4|4|
1000000120|3|3|4|3|3|
1000000148|6|7|7|6|8|
1000000193|2|2|2|2|2|
1000000203|||4|4|4|
1000000262|2|3|3|3|3|
1000000278|5|4|5|5|6|
1000000285|6|5|5|5|6|
1000000303|6|6|6|4|5|
1000000322|4|4|4|4|4|
1000000332|4|4|4|4|5|
1000000335|4|4|4|4|4|
1000000336|5|6|6|8||
1000000339|8|8|8|8|8|
1000000342|5|5|5|5||
1000000344|4|6||4||
1000000371|6|6|5|6|6|
1000000374|7|9||||
1000000379|4|4|5|4|4|
1000000382|4|4|6|4|4|
1000000386|5|5|4|4|4|
1000000393|6|6|6|6|6|
1000000407|7|7|10|10|10|
1000000410|6|5|5|4|4|
1000000426|6|5|5|5||
1000000458|5|6|3|4|3|
1000000461|3|3|3|4|4|
1000000463|5|6|6|6|5|
1000000550|6|6|7|7|6|
1000000620|3|3|3|3|3|
1000000625|8|8|10|||
1000000649||||6||
1000000655|6|6|6|6|6|
1000000659|5|4|4|4|4|
1000000687|7|7||6||
1000000690|8|8|8|8|8|
1000000697|5|6|6|6|6|
1000000711|3|3|3|3|4|
1000000719|5|5|5|5|5|
1000000745||9||||
1000000771|5|4|4|4|4|
1000000793|4|5|6|6|6|
1000000831|4|5|5|6|5|
1000000834|7|7|6|9|8|
1000000852|||5|5||
1000000854|4|4|4|4|4|
1000000865||6||6||
1000000884|5|5||||
1000000886|5|5|6|6|6|
1000000917|4|4||3||
1000000920|||6|6|8|
1000000970|5|5|6|6|6|
1000000998|4|3|3|3|3|
1000001121|9|9|9|9|6|
1000001145|||5|6||
1000001195|5|5|5|||
1000001255|6|5|4|4|4|
1000001294|8|9||||
1000001310|6|6|5|||
1000001319|5|6|7|||
1000001320|6|6|8|9|9|
1000001324|8|8|10|||
1000001335|5|6|6|6||
1000001368||5|5|5||
1000001382|7|7|10|9|10|
1000001392|6|9|8|9|9|
1000001419|8|6|8|9|9|
1000001427|7|8|6|7|6|
1000001431|||8|||
1000001452|4|4|4|8|6|
1000001518|5|5|5|5||
1000001531|3|3|4|3|3|
1000001549|4|4|8|||
1000001552|4|5|5|6|6|
1000001568|4|4|3|3|3|
1000001577|4|5||6||
1000001582|6|5|5|5|4|
1000001597|2|3|3|3|3|
1000001601|6|7|8|8|6|
1000001605|8|7|6|7|7|
1000001610|9|8|6|8|8|
1000001647|4|4|4|5|5|
1000025233||7|7|7||
1000025234|7|8|8|7|7|
1000001724|6|6|6|6|6|
1000001734|4||4|||
1000001752|6|6|6|6|6|
1000001761|7|5|4|4|4|
1000001813||8|10|||
1000001818|9|9|9|9|9|
1000001823|4|3|3|3|3|
1000001826|7|9|8||8|
1000001840|4|5|5|5|5|
1000001889|7|8||||
1000001897|6|5|6|5|5|
1000001898|3|3|3|3|3|
1000001937|4|5|4|4|4|
1000001943||4|4|4||
1000001987|5|7|5|5|5|
1000002011||6|7|8|7|
1000002053|6|6|6|8||
1000002133|7|10|10|||
1000002135|6|6|6|7|8|
1000002157|3|3|3|3|5|
1000002158|4|3|4|5|4|
1000002172|5|5|5|4||
1000002176|3|5|5|5|5|
1000002178||3|3|||
1000002180|4|4|6|5||
1000002183|5|3|5|||
1000002191|6|6|6|6|7|
1000002211|6|4|4|4||
1000002219|4|6|8|5|6|
1000002272|6|7|4|4|4|
1000002302|||6|6||
1000002309|||4|||
1000002343|6|6|6|||
1000002365||7|8|||
1000002372|4|4|5|5|5|
1000002436|6|8|9|9|9|
1000002440|8|8|8|6|8|
1000002442|6|4|6|5|6|
1000002458|5|6|8|9||
1000002472|4|4|2|3|4|
1000002481|5|6|4|4|4|
1000002486|6|6|6|7|8|
1000002499|6|6|4|5|6|
1000002520|4|3|4|3|3|
1000002532|3|2|2|2|2|
1000002556|3|3|3|3|3|
1000002559|4|4|4|5||
1000002583|8|6|8|7|7|
1000002587|4|4|5|5|5|
1000002603|6|6|7|9|8|
1000002604|||6|6|5|
1000002623|||5|||
1000002633|6|6|6|6||
1000002635|6|7|7|8|8|
1000002639|4|7|8|7|8|
1000002649|4|6|5|5|6|
1000002684|5|6|7|9|6|
1000002697|6|6|5|5||
1000002711|6|5|5|5||
1000002715|8|6|8|8|7|
1000002736|5||6|6|8|
1000002753|3|4|4|5||
1000002759|6|5|5|5|4|
1000002777||||4||
1000002790|5||5|||
1000002807|6|8|8|8||
1000002808|6|6|7|9|10|
1000002864|5|4|6|6||
1000002871||4|4|4||
1000002914||4||5||
1000002916|4|4|4|4|4|
1000002920|6|7|6|6|5|
1000002949|5|4|6|6|6|
1000002951|3|4|4|4|3|
1000002952|5|5|6|6|8|
1000003031|4|4|4|4||
1000003034|5|5|5|8||
1000003042|4|4|5|5|4|
1000003054|6|6|6|6|6|
1000003062|4|4|4|4|4|
1000003068|5|8|4|4||
1000003086|9|7|6|10|10|
1000003103|4|4|4|4|4|
1000003112|3|3|4|3|4|
1000003113|||4|5||
1000003121|||3|||
1000003132|8|8||8||
1000003145|4||4|4|4|
1000003164|6|7|6|5|5|
1000003174||4|5|||
1000003177|5|4|4|5|5|
1000003192|8|8|7|9|9|
1000003193|7|7|5|6|5|
1000003203|7|6|6|7||
1000003235|8|8|4|3|3|
1000003262|4|4|4|4|5|
1000003266|9|8|8|8|5|
1000003277|6|6|7|7|6|
1000003284|6|6|6|5||
1000003310|4|4|6|6|6|
1000003329|3|4|3|3|2|
1000003345|6|7|6|6|5|
1000003348|7|7|7|8||
1000003362|9|9||||
1000003420|5|6|6|5|5|
1000003429|3|4|4|2|3|
1000003432|5|||6||
1000003436|5|5|6|7|6|
1000003458|9|10||||
1000003468|||6|||
1000003477|9||9|||
1000003523|4|6|6|||
1000003527|8|8|8|8||
1000003553|9|8|8|8||
1000003556||6||5|5|
1000003589|6|8|9|||
1000003630|7|6|6|6|6|
1000003659|5|5|6|7|6|
1000003670|4|5|5|6|5|
1000003682|8|8|8|8|6|
1000003698|4|5|4|5||
1000003750|5||6|6|6|
1000003753|5|5|5|5|6|
1000003766|5|6|7|8|7|
1000003776|4|5|6|6|6|
1000003790||7||6||
1000003792|6||||6|
1000003838|5|6|6|5|5|
1000003903|4|4|5|5||
1000003925|4|||6|4|
1000003957|5|5|9|||
1000003962|5|5|4|4|4|
1000003963|5|5|6|5||
1000003970|3|4|4|||
1000003973|9|8|4|3|3|
1000003998|4|5|4|4|4|
1000004015|||5|6|6|
1000004017|4||4|4|4|
1000004066|4|4|4|4||
1000004083|7|6||||
1000004094|5|4|4|5|6|
1000004163|4|4|6|5|5|
1000004164|8|9|9|9|9|
1000004166|6|5|5|5|5|
1000004174|4|4|8|8|6|
1000004194|8|6|6|7|7|
1000004204|7|8||8|8|
1000004284|4|4|4|4||
1000004293|5|5|6|8|8|
1000004309|6|9|10|||
1000004335||7|7|7||
1000004398|4|5|6|5|5|
1000004399|5|5|6|6|6|
1000004431|9||9|||
1000004451|5|5|4|||
1000004476|5|5||4||
1000004482|4|5|6|8||
1000004490|8|7|8|7|8|
1000004493|4|5|4|5||
1000004504|2|2|4|4|3|
1000004552|8|8|10|||
1000004583|4|3|3|3|3|
1000004619|5|5|5|5|5|
1000004625|8|7|7|6|8|
1000004626|5|6|4|5|6|
1000004633|3|5|5|6|5|
1000004648|||||5|
1000004655|8|4|4|4|5|
1000004689|||5|5|5|
1000004710|6|10||||
1000004858||4|6|4|4|
1000004859||3|||5|
1000004935|5|5|6|6|6|
1000004943||||4||
1000004957||10||||
1000004965|5|4|5|6|5|
1000005063|||8||5|
1000005088||4|5|6|6|
1000005199|7|8|9|||
1000025311|4|6|6|7|5|
1000005579|8|6|6|||
1000005584|3|4|4|4|4|
1000005590|4|4|4|3|4|
1000005626|6|6|4|5|4|
1000005630|5|5|6|5|5|
1000005633|||8|||
1000005643|4|4|5|4||
1000005661|8|8|8|9||
1000005665||8|8|8|7|
1000005674|4|4|4|4|4|
1000005712|6|6|6|||
1000005739|5||5|5||
1000005790|5|5||5|4|
1000005792|3|4|4|4|4|
1000005818|5|5|6|4|5|
1000005855|6|5|6|6|7|
1000005862|5|5|5|8|4|
1000005880|6|6|7|7|7|
1000005884|6|6|7|7|7|
1000005891|4|4|5|6|6|
1000005893|5|8|6|7|7|
1000005909|8|||||
1000005928|5|5|6|5|4|
1000005977|4|5|4|4|3|
1000005992|7|3|7|||
1000006026|6|4|5|6|5|
1000006031|6|6|7|6||
1000006058|6|8|5|5|5|
1000006092|6|6|7|7|6|
1000006097|4|4|4|4||
1000006111|6|6|6|7|6|
1000006123|6|5|5|6|6|
1000006142|||4|4|4|
1000006145|7|6|7|9|10|
1000006160|8|9|10|10||
1000006169|4|4|4|4|5|
1000006187|6|6|8|9||
1000006216|6|7|9|8|8|
1000006242|5|5|6|7|7|
1000006247|3|4|3|3||
1000006256|5|5||5|5|
1000006258|6|7||||
1000006262|8|8|3|4|3|
1000006267|8|6|7|6|6|
1000006286|6|6|6|6||
1000006310|5|4|4|4|4|
1000006337||4|5|||
1000006349|5|4|4|5|6|
1000006371|5||4|4|4|
1000006392|||5|5||
1000006412|6|8|9|10||
1000006416|4|||4||
1000006441|5|6||4||
1000006445|8|9|9|9||
1000006457||||7||
1000006465||5|6|7|7|
1000006498|5||5||5|
1000006516|5|6|6|6|6|
1000006528|4|||||
1000006547|3|4|4|4|4|
1000006581|4|5|5|4||
1000006589|6|6|||9|
1000006598|4||6|6|6|
1000006604|4|4|4|4|4|
1000006633|6|6|5|5|4|
1000006645|4||4|6||
1000006646|8|6|6|5|5|
1000006656|6|7|8|7|6|
1000006705||8||||
1000006826|5|5|5|5|5|
1000006829|6|7|8|||
1000006990||10||||
1000007026|5|4|4|4||
1000007076|6|6|6|6|6|
1000007090|3|3|3|3|3|
1000007117|4|4|4|4|5|
1000007118|4|6|6|6|6|
1000007141|3|4|4|3|3|
1000007160|||5|5||
1000007163|4|4|5|5||
1000007175|6|5|4|4|4|
1000007206|8|8|8|8|8|
1000007208|5|6|8|8|8|
1000007218|5|5|5|5||
1000007228|4|||5||
1000007253|9|||||
1000007262||4|4|3|3|
1000007264|9|||||
1000007267|4||4|||
1000007280|5|5|8|7||
1000007293|5|4|4|6||
1000007363|3|4|4|4|4|
1000007374|3|4|4|4|5|
1000007380||7||7||
1000007390|5|5|5|6|5|
1000007394|||5|5||
1000007415|4|4|4|4|4|
1000007428|5|5|5|5|5|
1000007431|4|5|5|6|5|
1000007452|6|5|5|5|5|
1000007472|5|5||||
1000007486||4|7|7||
1000007516|5|5|4|4|5|
1000007517|6|6|6|6|6|
1000007518||6|6|6||
1000007519|5|5|5|5|6|
1000007573|4|4|4|4|4|
1000007574|4|4||5||
1000007585|6|6|6|6|5|
1000007628|5|9|8|7|8|
1000007629|3|4|3|||
1000007649|3|4|3|3|3|
1000007695|4|5|5|5|5|
1000007701|6|7|7|||
1000007776|5|5|4|4|4|
1000007809|6|5|6|7|6|
1000007864|8|8|8|7|8|
1000007882|6|7|6|7|8|
1000007921|5|6|4|4|5|
1000007969||||4||
1000007980||5||7||
1000007987|8|9|8|8|8|
1000008024|6|5|5|5|6|
1000008062|6|6|6|7|7|
1000008086|8|||||
1000008110|6|6|9|||
1000008173|6||6|6|6|
1000008182|8|6|6|6|8|
1000008224||6||6||
1000008309|6|6|5|||
1000008332|8|10|10|||
1000008388|5|5|5|7|6|
1000008393|4|5|4|6|6|
1000008395|6|5|4|5|4|
1000008401|6|6|2|2|3|
1000008424|4|4|5|6|6|
1000008501|3|3|3|3|3|
1000008515|6|6|7|7|7|
1000008548||4||5||
1000008595|4|4|4|4||
1000008626|5|6|6|5|5|
1000008632|6|6|8|8|10|
1000008682|5|4|4|5|5|
1000008685|8|7|7|6|4|
1000008686|||7|6|5|
1000008706|6|5|5|5||
1000008784|7|9|8|8|8|
1000008799|4|4|3|3||
1000008839|4|4|3|4|5|
1000008844||5||5||
1000008845||7||6|6|
1000008849|4|4|4|||
1000008852|||8|6|6|
1000008878|8|7|7|6|6|
1000008914|6|8|5|5|5|
1000008963|8|||||
1000008993|6|6||5||
1000009010|4|5||4||
1000009023|4|5|5|7|5|
1000009059|3|3|3|2|3|
1000009090|4|9|10|9|8|
1000009161|4|4|5|4|4|
1000009181|10||9|||
1000009195|5|5|5|5|5|
1000009233|4|4|4|4|4|
1000009346|5|6||5|6|
1000009357||5|5|5|4|
1000009382|6|6||||
1000009384|4|4|4|5|4|
1000009391|9|9|9|||
1000009399|3|4|3|3||
1000009410||4|4|4|5|
1000009421|5|5|5|5|5|
1000009443|5|5|5|5|5|
1000009457|||6|7|5|
1000009544|5|5|8|6||
1000009551|4|4|4|4|4|
1000009572|10|9|9|9|8|
1000009616|5|5|10|10||
1000009647|3|3|4|3|3|
1000009660|3|4|4|3|3|
1000009709|4|3|5|6||
1000009764||4|4|4||
1000009802|5|5|5|6|6|
1000009824|5|||4||
1000009884|6|5|6|6||
1000009921|8|6|5|7|6|
1000009953||5|5|5||
1000009985|5|5|5|||
1000009990|5|4|5|5|5|
1000010035|3|4|5|5|5|
1000010048|5|6|6|6|5|
1000010053|4|4|4|4|3|
1000010054||5||5||
1000010068|3||4|4||
1000010124|5|4|4|4|4|
1000010189|7|7|7|7|8|
1000010222|6|6|6|6|6|
1000010275|5|5|5|5||
1000010340|6|6|6|||
1000010341|5|5|5|5|5|
1000010467|5|5|5|4|6|
1000010534|7|6|8|7||
1000010544|5|7|5|7|8|
1000010590||6|7|6||
1000010604|4||6|||
1000010620|6|5|5|6|6|
1000010639|6|8|8|8|9|
1000010658|5|5|6|5||
1000010688|||4|4||
1000010702|7|||||
1000010707|4|5|5|4|6|
1000010720|8|9|10|10||
1000010726|4|6|6|10||
1000010731|6|7|6|7|7|
1000010781|5|4|4|4||
1000010794|8|7|8|7|6|
1000010856|6|6|8|6||
1000010869|4|5|6|6|6|
1000010876|5|6|5|||
1000010887|||4|||
1000010896|5|||7||
1000010949|4|4|4|5||
1000010974|5|4|5|4||
1000010980|8|8|8|6|6|
1000010984|7|6|6|5|5|
1000010987|6|9|8|9||
1000010995|4|3|3|5||
1000010999|8|4|8|6|6|
1000011005||4||||
1000011025|6|6|6|6||
1000011075|5||5|||
1000011089|5|6|6|6|6|
1000011107|4|4||4||
1000011108|5|6|6|6|6|
1000011112|6|5|5|5|5|
1000011144|5|6|6|5|7|
1000011147||6|6|6||
1000011181|4|5||5|5|
1000011213|6|6|6|6||
1000011262||6||7||
1000011266|6|6|6|5|5|
1000011270|3|4|4|||
1000011286|4|6|5|6||
1000011309|6|7|6|6||
1000011312|5|5|5||6|
1000011339|6|6|6|5|5|
1000011360||4|6|||
1000011472|5|4|4|5|4|
1000011490|8|6|8|||
1000011499|||5|6|8|
1000011513|6|7|8|8|8|
1000011515|5|||||
1000011562|3|3|4|5|5|
1000011596|6|6|7|5|5|
1000011599|4||4|4|4|
1000011637|6|5|5|5||
1000011718|6|5|5|5|4|
1000011756|6|6|7|6|8|
1000011785|5|5||4||
1000011788|8|8|8|9||
1000011822|8|8|8|6|6|
1000011851||6||6||
1000011858|5|5|6|5|7|
1000011876|4|4|4|5|5|
1000011886|6|8|6|||
1000011897|4|4|5|4||
1000011933|9|9|9|9|9|
1000012003|||||5|
1000012007|5|4|5|4|5|
1000012029|5|4|5|5|5|
1000012094|3|4||||
1000012098|8|7|7|6||
1000012109|9|10|9|9|9|
1000012162|5|4|4|4|5|
1000012178|4|4|4|5|4|
1000012189|6|7|6|6|6|
1000012227|8|8|6|6|6|
1000012318|6|7|7|6|6|
1000012364|5|5|4|||
1000012373|7|6|6|5|6|
1000012387|5||5|5|6|
1000012390|5|5|6|5|5|
1000012399|6|6|6|5|7|
1000012421|6|6|6|6|5|
1000012434|6|6|6|6|6|
1000012502|4|3|3|4|5|
1000012539|3|4|4|4|4|
1000012544|5|4|6|6|6|
1000012562|5|4|4|3|3|
1000012581|4||5|4|4|
1000012584|5|7|8|9||
1000012602|3|4|4|4|3|
1000012634|7|6|4|5||
1000012635|7|7|7|8|8|
1000012637|5|5|3|3|4|
1000012687|4|6|6|5||
1000012712|4|4|4|4|5|
1000012726|4|||||
1000012732|6|6|6|6||
1000012760|8|8|9|9|9|
1000012781|6|9|8|8|8|
1000012793|5|4|4|4|4|
1000012794|4|5|5|4|5|
1000012810|9||9|9||
1000012826|8|7|9|8||
1000012881|4|4|3|3||
1000012889|4|6|7|6||
1000012893|7|6|6|4||
1000012894|5|4|4|4|4|
1000012896|5|||6||
1000012903|4|5|5|5|5|
1000012921|4|4|4|4|4|
1000012922||5|5|5||
1000012930|9|5|6|5|5|
1000012940||4|5|4|4|
1000012990|3|4|4|5||
1000013014|5|4||4||
1000013038|||4|||
1000013122|5|4|4|||
1000013123|9|||||
1000013137|4|4|6|6|6|
1000013186|6|5|7|6|7|
1000013190|6|5||5||
1000013193|6|6|6|6|6|
1000013197|4|4||4||
1000013217|6|6|7|6||
1000013218|5|5|6|5||
1000013225|6|8|8|8||
1000013275|4|5|5|5|5|
1000013290|6|8||||
1000013305|5|||||
1000013322||5||5|5|
1000013327|4|5|4|5|5|
1000013328|5|4|5|4||
1000013345||7|7|7|7|
1000013355|9|9|9|10|10|
1000013357|4|4|4|||
1000013411|6|5|6|6|6|
1000013419|7|8|8||8|
1000013429|4|4|4|4|4|
1000013431|5|7|8|8|8|
1000013442|6|6|6|||
1000013491|4|5|4|4|4|
1000013510|8|6|6|6|6|
1000013515|4|7|6|6|5|
1000013562|3|4|3|3|4|
1000013567|6|6|8|||
1000013597|3|4|4|4|4|
1000013611|5|5|4|4|4|
1000013615|5|6|6|5||
1000013617|8|8|8|8||
1000013632||4||3||
1000013640|6|4|5|5|6|
1000013658|6|6|5|6||
1000013716|6|6|7|7||
1000013743|8|8|10|||
1000013749|4|5|5|4|6|
1000013782|6|6|5|5||
1000013813|3|3||3||
1000013871|3|3|3|3|3|
1000013894|5|6|6|8|6|
1000013904|4|5|4|4||
1000013906|3|4|4|3|4|
1000013909|5|6|5|4||
1000013919|7|6|6|6|5|
1000013926|8|9||||
1000013929|4||4|5||
1000013936|6|6|7|7|7|
1000013941|5|8|8|7|5|
1000013947|4|5||||
1000013989|5|5|6|7|7|
1000014002|4|4|4|5|4|
1000014008|5|5|7|5|6|
1000014023|||7|6||
1000014040|7|6|6|7|7|
1000014089|4|4|4|3|3|
1000014103|6|7|7|6||
1000014118|8|8|8|8|9|
1000014122|6|6||6||
1000014138|6|6|6|6|6|
1000014154|5|6|7|8|6|
1000014169|5|5|5|5|4|
1000014196|8|6|10|||
1000014211|7|8||||
1000014251|6|6|5|5|4|
1000014269|8|7|8|9|8|
1000014312|5|4|5|5||
1000014326|8|9|7|9|9|
1000014333|4|4|4|4||
1000014341|4|4|4|4||
1000014353|4|4|5|6||
1000014358|10|9|10|9||
1000014360|4|7||||
1000014409|4|4|4|4|5|
1000014442|5|6|6|6|5|
1000014508|||4|4|4|
1000014522|6|7|8|5|5|
1000014533|6|7|6|6||
1000014542|5|4|4|6|4|
1000014543|7|||||
1000014556|4|||||
1000014561|6|8|6|5|4|
1000014604|4|4||4||
1000014606|4|4|4|4||
1000014612|6|6|6|6|6|
1000014617|4|4|4|5|5|
1000014621|5|5||||
1000014627|4|6|6|5|4|
1000014630||5||4|4|
1000014632||6||6||
1000014638|4|4||4|4|
1000014639|6|4|5|4|5|
1000014700|4|6|4|4|5|
1000014710|||4|3|3|
1000014711||7|7|6||
1000014745|8|6||6||
1000014809|5|4|4|4||
1000014810|5|||||
1000014821|4||5|5||
1000014841|6|6|7|6||
1000014871|3|3|3|8|3|
1000014878|7|6|7|6||
1000014887|5|5||||
1000014889||4||4||
1000014892|5|4|4|5|5|
1000014898|9|9|8|8||
1000014923|6|5|5|5|6|
1000014929||6||6|6|
1000014943|5|4|4|4|5|
1000014961|6|5|5|7|5|
1000014988|6|5||7|8|
1000014993|5|7|9|8|6|
1000014994|3|||||
1000015060|6|9|10|||
1000015067|6|7||7|7|
1000015072|6|||||
1000015098|5|5|4|||
1000015101|8|7|8|8||
1000015107|4|3|3|3|3|
1000015156|5|6||||
1000015226||4|||4|
1000015231|8|6|6|6|6|
1000015276|6|6|6|7|6|
1000015285||5|6|||
1000015358|3|3|3|6||
1000015414|4|4||5||
1000015427|5|5|5|6|5|
1000015455|8|6|6|7|7|
1000015459|4|4|4|4|3|
1000015477|4|4|4|4|4|
1000015483|6|4|5|4|5|
1000015492|6|6|6|6|4|
1000015493|8|||||
1000015499||4||4||
1000015514|5|6|6|6||
1000015527|5|5|4|4|4|
1000015543|4|4|4|3||
1000015548|4|4|4|4|5|
1000015565|6|5|5|5|5|
1000015573|7|9|8|9|10|
1000015577|4|||||
1000015601||5|6|9|8|
1000015637|3|3|6|6|7|
1000015655|6||6|10||
1000015676||8|8|||
1000015683|6|8|7|6||
1000015692|8||4||3|
1000015723|4|5||4||
1000015728|6|6|6|6|5|
1000015749|6|5|5|5|6|
1000015759|5|6||6|8|
1000015789|5|||||
1000015800||4||||
1000015838|5|4|5|6|6|
1000015851|4|3|4|3|4|
1000015863|7||7|6|6|
1000015916|4|4|4|4||
1000015936|6|6|9|9||
1000015990|5|4|4|4|4|
1000015998|3|4|4|4|4|
1000016015|5|5|6|5|5|
1000016033||5|6|6|5|
1000016038|5|6|5|5|4|
1000016041|5|6|7|6||
1000016123|6|7|8|8|8|
1000016137|5|6|5|6||
1000016148|5|||4||
1000016158|5|6|6|5||
1000016191|8|8||||
1000016194|7|7|9|9|9|
1000016198|5|||5||
1000016215|6|6|6|8||
1000016270|6|5||8|6|
1000016281||5||6||
1000016293|8|6|7|8|6|
1000016294||4|4|5|5|
1000016299|4|5|5|5||
1000016321|5|5|5|5||
1000016366|5|4|5|4||
1000016368|6|7||8||
1000016372|5|5|9|8|7|
1000016384|4|4|4|6||
1000016389|7|6|5|5|6|
1000016395|5|6|5|6|6|
1000016406|||5|4||
1000016410|6|6|6|5|8|
1000016411||8|8|8||
1000016414|6|5|4|4||
1000016451|4|4||4||
1000016500|6|5|6|4|4|
1000016509|6|7|7|6|7|
1000016535||6|4|4||
1000016538|6|6|6|8|6|
1000016565||4|4|5|5|
1000016591|9|6|7|8||
1000016637|6|6|8|8|7|
1000016647||4||5|4|
1000016674|5|6|6|5||
1000016730|||3|||
1000016731|4|4|4|5|5|
1000016744|4|4|4|4|4|
1000016758|5|4|4|6|5|
1000016766|||6|8||
1000016825|6|5|6|5||
1000016845|5|4|6|8||
1000016848|4|5|4|5|5|
1000016887|8|5|6|6|5|
1000016914|5|6|6|6|6|
1000016919|5|6|6|8||
1000016922|3|4|4|4|5|
1000016959|9|8|8|9|9|
1000016961|5|5|6|6|5|
1000016973|4|3|4|6||
1000017025|4|4|5|5|5|
1000017028|3|4|4|4||
1000017042|6|4|3|3|3|
1000017053|5|4|3|3|3|
1000017061|5|5|5|6||
1000017081|6|6|6|||
1000017082|4|4|5|5|4|
1000017086|4|5|8|5|5|
1000017102|3|3|3|3|3|
1000017132|5|6|6|7|6|
1000017143|5|5|5|4|5|
1000017157|5|5|5|5||
1000017158||5|4|4|6|
1000017161|4|||4||
1000017169|2|2|2|||
1000017201||||4||
1000017212|4|4|4|5|6|
1000017253|5|4|5|||
1000017282||4|5|5|5|
1000017293|5|5||||
1000017318|4|5|5|5|5|
1000017336|5|4|4|4|5|
1000017340|4||4|4||
1000017383|7|8|8|7|6|
1000017404|4|||||
1000017418|3|4|4|5|6|
1000017425|7|6|7|7|7|
1000017434|4|4|4|4||
1000017443|4|3|3|3|3|
1000017459|7|6|6|6|7|
1000017467|4|5||||
1000017472|7|6|7|6||
1000017475|6|6|6|5||
1000017534||4|4|4|5|
1000017550|5|4|6|8|6|
1000017566|5||5|5|5|
1000017567|7|6|5|4|5|
1000017576|5|6|6|5|5|
1000017577|4|||4||
1000017586|6|6||6||
1000017608|4||4|4||
1000017609|5|6|6|6||
1000017628|8|9||||
1000017642|6|6|8|5|5|
1000017662|5||7|||
1000017681|9|||||
1000017689|5|6|6|8|8|
1000017698|||3|4|3|
1000017732|7|6|6|6|6|
1000017751|8|8|8|||
1000017785|4|4|4|4||
1000017793|||5|4|5|
1000017801|4|6|5|7||
1000017802|5|4|4|6|5|
1000017831|5|6|6|6||
1000017998|8|8|8|8|8|
1000018005|9|6|9|||
1000018030|6|6|6|6||
1000018097|4|5|5|5|4|
1000018158|4|4|4|5||
1000018173|3|3|3|3|3|
1000018189|6|6|6|5||
1000018210|6|6|7|5||
1000018216|4|3||3||
1000018266|8|||6||
1000018309|6||8|||
1000018328|4|4|4|5|5|
1000018331|5|||||
1000018371|6|5|6|5|4|
1000018379|4|4|6|5|6|
1000018383|4|5|5|5|4|
1000018420|5|8|8|6|8|
1000018446|3|3|3|||
1000018451|3|3|3|3|3|
1000018458|8|7|8|10||
1000018461|5|||||
1000018467|6|5|5|5|4|
1000018479|3|3|3|3||
1000018502|3|4|4|5|5|
1000018506|6|6|8|||
1000018519|10|||||
1000018529|||6|5||
1000018536|5|8|9|10|9|
1000018548|3|4|4|4|6|
1000018555|5|4||||
1000018576|7|7|7|6|5|
1000018617|7|6|6|8|6|
1000018620|5|5||||
1000018651|6|4||||
1000018655|8|8|7|6|6|
1000018670||4|5|||
1000018676|6|7|8|8||
1000018691|6|6|6|8||
1000018703||5||||
1000018724||||4||
1000018738|5|5|5|5||
1000018744|||8|8||
1000018757|6|8|6|5||
1000018769|6|6|8|6|6|
1000018776|3|4|4|4|4|
1000018788|6|6|5|||
1000018825|6|7|8|8|8|
1000018834|4|4|4|4||
1000018835|5|||||
1000018853|5|5|6|4||
1000018859|6|6||6||
1000018871|5|4|6|5|5|
1000018879|8|8|8|8|7|
1000018890|7|5|6|5|5|
1000018907|3|3|4|4|4|
1000018926|5|4|3|||
1000018946|4|5|5|5||
1000018950|4|4|4|4|4|
1000018957||4|6|6|6|
1000018958|7|6|6|4|4|
1000018965|6|6|5|5|5|
1000019020|4|4|4|4||
1000019035|4|5|4|4||
1000019048|8|7|7|8|10|
1000019055|8|8|8|8|8|
1000019070|4|4|4|4|4|
1000019100|6|5|6|6|6|
1000019162|8|6|6|6|6|
1000019177|5|5|5|6||
1000019180|||5|5|5|
1000019197|6|6|5|6|5|
1000019226||5|5|5|5|
1000019233||4|||5|
1000019234|6|7|6|6|5|
1000019252|4|4|4|3||
1000019272|6|6|7|6|8|
1000019318|6|6|6|8||
1000019352|6|7|8|7||
1000019361|6|5|7|6|6|
1000019374|4|4|5|5|4|
1000019390|6|5|5|4|4|
1000019407|7|8|8|||
1000019410|||4|3||
1000019428|9|||||
1000019460|6|6|7|6||
1000019464||3||||
1000019495|5|5||||
1000019503|8|8|8|8||
1000019508|8|8||8||
1000019534|9|9|5|3|3|
1000019557|4|4|5|4|5|
1000019572|9|9|10|9||
1000019597|10|10||||
1000019604||4|4|4||
1000019616|4|4||||
1000019625|5|5|4|4||
1000019644|5|5|4|4|4|
1000019648|5|5|5|||
1000019701|5|6||||
1000019720|6|6|7|6|8|
1000019781|6|8|6|6|6|
1000019784|7|7|7|7|7|
1000019801|5|||6||
1000019816|5|4|4|4||
1000019833||6|8|7|6|
1000019893|8|7|8|6||
1000019894|4|4|5|5||
1000019902||||4||
1000019904|5|6|5|7|7|
1000019929|4|4||||
1000019933||8|8|8|7|
1000019944|5|5|5|5|6|
1000019965|6|6|5|5|5|
1000019975|6||6|6|6|
1000020030|5|5|5|4|4|
1000020067|7|5|5|5|6|
1000020069|4|4|5|5||
1000020081|6|6|6|9|9|
1000020084||6|7|7||
1000020097|8|10|10|||
1000020113|4|6|4|4|5|
1000020153|5|4|5|6|7|
1000020159|5|5|5|5||
1000020178|8|8|6|5|6|
1000020184|3|2|4|3|3|
1000020223|5|6|5|5|6|
1000020241|6|6|8|6|6|
1000020253|4|5|7|6|6|
1000020274||4|4|4||
1000020281|5|5|4|4||
1000020290|4||6|6|6|
1000020300|8|6|6|6|6|
1000020326|5|5|5|5|5|
1000020355|4|6|6|6|5|
1000020366|5|5|5|5|5|
1000020369|7|6|7|6||
1000020375||5|5|4||
1000020399|6|6|||6|
1000020436|5|4|4|4|4|
1000020461|7|6|7|7|6|
1000020464|4|3|3|3|3|
1000020475|4|4|5|4|4|
1000020488||3|5|6|4|
1000020549|5|4|5|5|4|
1000020565|10|||||
1000020571|7|7|6|8|8|
1000020585|5|5|5|6||
1000020628|6|6|7|7|5|
1000020633|||6|6|6|
1000020643|5|5|6|8|5|
1000020656|8|8|8|6||
1000020670|||5|8||
1000020688|5|6|6|5|5|
1000020712||6||6|6|
1000020750|5|4|6|5||
1000020753|5|6|6|4||
1000020761|5|6|5|6|6|
1000020793|5||5|4||
1000020798|5|6|6|7|7|
1000020839|7|5|4|5||
1000020874||4|5|5|4|
1000020880|7|6|8|||
1000020931||||5||
1000020936|5|5|5|5|5|
1000021043|6|6|5|7|7|
1000021058|6|6|6|6|6|
1000021066|5|7|8|8||
1000021092|8|5|6|9||
1000021106|6|6|6|8|8|
1000021122|9|6|6|7||
1000021123||7||7|8|
1000021163|6|5|4|4||
1000021187|8|8|8|7||
1000021197||4|4|4|3|
1000021235|5||4|4||
1000021258|7|8|8|9|8|
1000021302||6|6|7||
1000021373|5|5|5|6|6|
1000021392|4|4|5|5||
1000021439|6||5|5||
1000021442|6|5|5|4|6|
1000021475|6|5|5|5|4|
1000021499|7|6|6|6|6|
1000021503|6|5|6|6|5|
1000021518|5|5|5|5|5|
1000021548|4|4||4||
1000021551|4|6|6|5|4|
1000021564|6|6|6|6||
1000021566|8|8|9|8||
1000021580|5|6|5|6|5|
1000021589|6|7|9|8|8|
1000021609|5|4|4|4||
1000021619|6|6|6|6|6|
1000021620|6|4|5|4||
1000021632|9|8|8|8||
1000021649|5|5|5|6||
1000021676|6|6|8|8|8|
1000021699|4|4||||
1000021710|6|6|6|6|6|
1000021772|6|6|7|7|6|
1000021781|5|||||
1000021867|6|4|8|7|6|
1000021875|6|6|8|8||
1000021886|7|7|6|6|7|
1000021911||8||||
1000021963|7|7|7|7|8|
1000021982|6|6|6|6|6|
1000022010|8|8|8|9|9|
1000022028|5|5|5|4|4|
1000022039|5|6|5|6|6|
1000022060|7|8|8|8|7|
1000022064|7|6|6|6|6|
1000022072|5|4|4|4||
1000022083|3|3|4|4|3|
1000022093|4|4|4|4|4|
1000022112||6||6||
1000022115|4|4||4||
1000022155|6|5|5|6|5|
1000022160|7|8||||
1000022174|7|7|8|8|8|
1000022193|4|4|4|4||
1000022240|10|10||||
1000022258|6|7|9|10|9|
1000022273|5|5|5|5|5|
1000022283|5|6|5|5|5|
1000022303|5||4|5||
1000022355|6|7|6|7|6|
1000022363|6|8|6|8|8|
1000022369|4|4|4|4||
1000022371|||4|||
1000022376|||5|4||
1000022404|4|||||
1000022426||||6|6|
1000022447||7||7||
1000022470|4|5|5|5|4|
1000022494|||6|||
1000022498|8|7|8|8|7|
1000022502|8|8|8|8|9|
1000022507|4|4|6|6||
1000022509|5|5|6|9|9|
1000022515|6|8|7||8|
1000022531||7|5|6||
1000022533|7||7|8|8|
1000022591|8|8|8|9|8|
1000022594||6|8|7|7|
1000022600|4|4|4|4|4|
1000022622|8|8|8|7|7|
1000022635|8|6|6|6|6|
1000022644|5|8|8|8||
1000022715|3|4|3|4|4|
1000022716|7|8|7|6|6|
1000022722|4|5||||
1000022745|5|6||||
1000022769|6|5|6|8|5|
1000022793|4|4|4|5|5|
1000022809|5|6|5|6|6|
1000022812|6|5|6|5|5|
1000022860||5|5|5|4|
1000022903|5|5|4|||
1000022917|5||4|4||
1000022919|6|4|3|3|3|
1000022926|3|3|4|5||
1000022955||5|5|5||
1000022976|6|||||
1000022997|4|4|6|6|6|
1000023026|3|3|3|3|3|
1000023037|5|6|8|10||
1000023070|6|6|6|6||
1000023072|9||7|8||
1000023133||5|5|6|6|
1000023138|5|6|8|7||
1000023139|5|4|5|||
1000023149|5|||6||
1000023160|5|||||
1000023216|5|5|5|||
1000023218|6|5|5|4|3|
1000023238|6|5|7|8||
1000023249|6|6|5|5|5|
1000023252||||7||
1000023264|4|4|4|||
1000023365|5|5||4|6|
1000023379|4|3|4|4||
1000023401|4|||5||
1000023413|8|9|9|9|9|
1000023421|5|5|6|4||
1000023426|6|7|6|6||
1000023443|8|8|8|8||
1000023466|5|7|8|7||
1000023477|5|4|5|6|6|
1000023488|5|5|5|4||
1000023494|5|5|5|5|4|
1000023594|9|8|8|8|3|
1000023598|5||7|8|7|
1000023599|6|6|9|9|8|
1000023604||||4||
1000023606|8||8|6||
1000023610|5|5|8|6|6|
1000023614||4|4|4|4|
1000023622|3|3||4|2|
1000023625|4|5|8|7|8|
1000023640|4|4||||
1000023641|6|6|6|8|8|
1000023659|10|10||||
1000023678||5|5|5||
1000023697|5|6|5|5||
1000023717||6||6|5|
1000023721|5|5|5|4|4|
1000023727|8|8|8|8|8|
1000023733||||5||
1000023741|7|5|9|8|8|
1000023742|8||8|8||
1000023746|6|6||6||
1000023755|6|6|7|8|7|
1000023756|4|4|4|5|4|
1000023762|5|5|6|||
1000023777|5|4|5|6|6|
1000023786|7|6|6|8|8|
1000023810|8|6|6|6|6|
1000023879|5|||||
1000023908|6||7|6|7|
1000023922|4||4|5||
1000023942|6|6|10|6|6|
1000023953|5|||||
1000023972|4|4|4|4|4|
1000023990|7|6|6|6||
1000024012|6|||||
1000024013|8|8|8|5|6|
1000024071|8||8|7||
1000024079|7|5|8|6|8|
1000024142||8|8|||
1000024158|7||10|||
1000024171|6|6|5|6|6|
1000024184|8|8|8|7|6|
1000024254|5|7|9|10||
1000024305|5|5|6|6||
1000024309|6|6|9|||
1000024335|8||6|6||
1000024362|4|4|5|6|6|
1000024363|4|4|5|4|6|
1000024493|5|6||5||
1000024535||4|4|6||
1000024539|8|9||||
1000024540|4|4|4|4||
1000024549|5|6|6|6|6|
1000024550|5|6|5|5||
1000024566|6|6|5|5||
1000024587|8|5|5|6|8|
1000024594|10|||||
1000024655|5|6||||
1000024982|8|||7||
1000024990||8|8|10||
1000024753|6|6||5|5|
1000024754|5|5|5|6||
1000013153|5|4|5|4|4|
1000024798|4|4||||
1000015310||4||4||
1000024748|7|8|8|8||
1000024775|6|9|9|10||
1000025063|9|10||||
1000025096|3|3|4|4|4|
1000025361|7|7|8|8||
1000026215|4|4|5|4|5|
1000026148|6|9||||
1000026071|5||5|||
1000025439||5|6|6|6|
1000025443|5|3|4|3|3|
1000025782|3|3|4|5|4|
1000026310|4|4|4|4|3|
1000026744|5|5|6|6|6|
1000022891||||3|3|
1000012471|4|4|4|5|4|
1000020885|6|6||6|6|
1000025670||4|5|5|6|
1000025137|5|5|6|6||
1000025140|5|7|8|8|7|
1000024851|5|5|5|5|5|
1000024853||8|9|9||
1000018714||6|6|6|6|
1000026121|5|5||||
1000025275|3|4|3|4|4|
1000025276|3|3||||
1000025816|6|6|7|6|8|
1000025829|8|6|7|6|6|
1000024718|6|6||6|6|
1000019287|7|8|9|8||
1000013133|3|3|3|3|3|
1000005360|5|6|6|5||
1000021244|6|6|6|6||
1000006794|6|||||
1000005330|5||5|6|7|
1000020869|4|4|4|4|4|
1000018115|8||||8|
1000018116||6|||5|
1000025973||8|9|||
1000010654|8|6|9|||
1000010655|6|6|5|5|5|
1000023009|7|6|6|6|6|
1000026384|6|4|4|7|8|
1000025490||6|8|8|8|
1000025864|6|6|6|6|6|
1000025392|6|8|7|6||
1000025699|6|6|6|7|7|
1000024865|6|5|6|5||
1000025600|5|6|7|7|6|
1000010565|4|3|4|3|3|
1000025467||6|5|6||
1000024434|5|||||
1000026822|6|8|8|8|6|
1000013848|7|9|9|8||
1000013118|4|4|4|4|5|
1000005569||4|5|5||
1000007858|4|4|3|3|4|
1000026023|8|7|6|8||
1000013384|7|6|6|5|5|
1000005541||||4||
1000025319|5|5|5|5|5|
1000025966||6|5|7||
1000015409|4|5|5|6|5|
1000006722|6|8|8|8|8|
1000013785|5|4|4|4||
1000025219|5|||||
1000005552||6|5|||
1000005553||6|5|||
1000009067|7|7|8|7|6|
1000025848|5|6|7|6|5|
1000024831||4|5|5||
1000025772|8|4||6||
1000009481|8|9|8|8||
1000009484|7|7|6|6|6|
1000025198|6|8|8|6||
1000025203|6|6|7|7|6|
1000013470|6|5|6|6|6|
1000007316|4|4|4|4||
1000007025|4||4|4|4|
1000022460|6|6|7|6||
1000005373|6|6|6|6|6|
1000005376|4||5|6||
1000012238|4|5|4|4|4|
1000019685|9|9|9|10|10|
1000019687|6|6||||
1000019689|7|5|5|5|4|
1000026720|5|6|6|5|4|
1000023807|5|5||||
1000026579|8|9|9|9||
1000005481|6|6|6|||
1000023962|5|5|5|5|4|
1000026135|5|6|6|7|7|
1000026137|7|7|6|5||
1000025990|8||5|5||
1000025956|5|5|5|5||
1000026854|5|6|6|6||
1000026237|8|8|8|8|8|
1000025475|5||6|5||
1000025476|5|8||||
1000025746|4|5|5|6|6|
1000025426|4|3|4|4||
1000026966|8|6|8|9|8|
1000027136|8|8|8|10||
1000026097|5|6|6|8||
1000007034|5|6|6|6|6|
1000027275||5|5|5|5|
1000005503||5|5|||
1000025118|5|5|8|9||
1000013975|4|4|4|4||
1000006780|7||7|7||
1000025045|4|4|5|5|4|
1000026249||8|9|9||
1000025355|5|6|6|6|6|
1000016120|4|5|5|4||
1000005542|5|4|5|||
1000026555|8|9|10|||
1000024452|6|7|8|6||
1000018855|3|||||
1000006730|6|||4||
1000024073|5|5|6|6||
1000006769|5|4|6|6||
1000025608|6|5|9|||
1000025610|8|7|7|6||
1000026113||4|4|4||
1000023302|5|5|5|5|6|
1000026695|4|5||5|6|
1000026697|6|6|5|6|7|
1000008377|6|8|6|6|6|
1000025037||4||4||
1000021718|5|5|5|5|5|
1000023288|9|8|9|9||
1000025912|7|6|6|6|5|
1000025679||||4||
1000026092|5|6|6|6||
1000022960|8|9|9|9|9|
1000022963|||6|||
1000018106|||6|6||
1000025068|6|4|4|7|9|
1000021797||5|6|6|8|
1000025051|3|4|4|4|4|
1000027525|5|5|6|8|9|
1000026795||6||||
1000026796|4|5|5|8||
1000024898|6|6|6|6|5|
1000028811|6|6|5|5|6|
1000026503|3|3|4|||
1000026378|9||9|9|9|
1000026517|4|4||||
1000026521|8|8|9|9||
1000025230|5|4|4|4||
1000015765|8|8|9|8||
1000028006|5|5|4|6|5|
1000028012|8|8|8|6|7|
1000026647|5|5|5|5|6|
1000028885|5|||||
1000027343||6|5|4|5|
1000014201|5|6|6|6|6|
1000027911|5|4|5|5|4|
1000027912|7|||||
1000026225|||||5|
1000027393||8||||
1000027394|5|6|7|8|7|
1000016657|5|6||6||
1000006774|4|5|5|8||
1000027340|5|5|6|6|8|
1000026958|9|9||||
1000027998|7|6|6|||
1000027892|8|6|6|6||
1000019672|4|4|4|||
1000024428|8|8|8|9|9|
1000027212|5|4||5||
1000025567|3|5|5|5|8|
1000026117|4|5||6|6|
1000027558|6|8|8|5||
1000025673|5|5|4|5|5|
1000026628|6|6|8|7|6|
1000027383|||4|4||
1000028953||6|5|5||
1000028681||6|8|||
1000028163|5|8|8|7|7|
1000026251|||6|6||
1000027316|4|||||
1000027317|6|5|5|5||
1000028088||4|5|4|5|
1000026585||||6|5|
1000026586|6|5|5|5||
1000026754|6|7|8|6|6|
1000026755||||6||
1000026761|4|4|4|4||
1000029113|4|4|6|8|5|
1000029114|7|7|6|6|8|
1000022454|4|5|6|8|6|
1000026905|||8|8|8|
1000027642|4|6|8|10|10|
1000028497|8|8|8|||
1000027813|8|8|9|10|9|
1000027292|7|8|8|7|7|
1000027308|7|7||||
1000026810|6|6|9|||
1000025971|6|5|6|7||
1000026784|||6|6|7|
1000026786|9|||||
1000026409|8|8|8|6||
1000027972|8|7|8|8||
1000029465|8|8|6|6|6|
1000029396|7|8|7|6|6|
1000027433|4|5|6|6|5|
1000027000|6|7|6|6||
1000028414|6|8||||
1000029139|6|8|7|9||
1000026132|5|5|4|5||
1000027865|8|8|9|7|6|
1000027903|6|6|5|6|7|
1000008155|4|4|6|4|4|
1000028105|6|5|4|||
1000025778|4|||||
1000028798|4|6|6|7|6|
1000029007|9|8||7||
1000000003|6|6|7|5|5|
1000029237|8|8|10|||
1000029238|7|5|5|5||
1000028031|5|5|5|5|5|
1000028280|5|5|||3|
1000026270|7|7|6|6|7|
1000025550|4|4|5|4||
1000026566|5|5|5|6||
1000027819|4|4|3|3|3|
1000028355|6|6|5|6|5|
1000028078|8|8|8|||
1000028453||4|4|5|5|
1000028456|7|6|8|5||
1000028727|6|6|5|5|5|
1000028728||4||||
1000028841|6|7|5|6|6|
1000028291|9|9|9|9||
1000028666||||6|6|
1000028986|8|4|5|4|4|
1000027476|||6|||
1000028579|6|6||||
1000029124|5||6|5|6|
1000027518||5||||
1000028227|4|4|5|5|5|
1000028154|4|4|4|6|6|
1000026293|5|4|5|5||
1000026296|6|6||||
1000028621||6|6|8||
1000027708||5|5|6||
1000029084|6|7|7|6|6|
1000029485|5||5|||
1000027951|5|4|4|6||
1000029053||8|8|8||
1000029059|5|6|8|8|8|
1000025385|5|5||||
1000029917|5|6|6|6|6|
1000028583|6|6|6|6|6|
1000028444|5|4||4|4|
1000028334|6|9|9|||
1000028751|7|7|6|5|6|
1000028039||4|4|4|4|
1000028386|||6|9||
1000029374||8|6|7|9|
1000026396|5|5|5|6|5|
1000028735|6|6|6|7|6|
1000028867|10|9|9|9||
1000030141|8|8||8||
1000027994|6|8|10|9|9|
1000028307||6|6|6|6|
1000028311|8||9|||
1000028312|5|5|5|5||
1000029973|8|8|8|8||
1000030173|6|6|6|8|8|
1000027944|6|8|8|8|8|
1000028018|7|9|10|||
1000005412|9|8|8|8||
1000026746|4|5|6|4||
1000019522|6|6|5|||
1000027789|5|5|5|5|5|
1000030315|5|6|5|4|4|
1000031173||7|8|9|9|
1000030572||8|8|8|8|
1000030578||4|6|6|7|
1000025359||8||5||
1000031010|5|5|8|6|7|
1000029834|9|8|9|9|7|
1000029835|7|8|8|8|8|
1000027119|4|4|4|3|4|
1000030737|6|6|7|6|6|
1000030739|8|5|9|||
1000029390||4|6|8|10|
1000029393|4|4|4|6|6|
1000028564|5|5|6|5||
1000028567|8|||||
1000030870|4||4|||
1000030863|4||5|3|3|
1000029030|5|4|4|5|5|
1000027332|6|7|8|8|8|
1000027334|8|8|8|6||
1000029547|4|||||
1000029270||8|8|8||
1000029272|6||8|5||
1000026547|6|6|6|6|8|
1000029971|5|5|6|6|5|
1000030303|8|6|8|6|6|
1000030529|8|8||||
1000026701|5|4|4|4||
1000030970|6|5|5|4||
1000030784|7|9||||
1000031299||5|5|6|5|
1000031152|8|8|8|8|6|
1000030445|6|5|6|7||
1000028240|4|4|5|6|5|
1000030631||5|5|5||
1000009352|4|4|4|6|6|
1000030289|6|9||||
1000028121|6|8|8|9|9|
1000027407||||9||
1000029968|5|5|5|5|6|
1000029670|4|4|5|4||
1000026105|3|3|4|4||
1000029326|6|8|7|7||
1000029538||6|4|4|5|
1000025486|6|6|8|6|8|
1000029809|6|6|7|6|7|
1000029990|5|||||
1000029336|5|5|8|6|7|
1000029367|||8|8|8|
1000029637|6|8|8|8|8|
1000029213|5|5|5|6||
1000031209|7|6||||
1000030371|4|4|5|4|4|
1000029536|5|8|9|9||
1000030435|5|7|6|7|6|
1000028424|9|||||
1000028425|6|5|6|||
1000029003|6|5|6|5|6|
1000031026||7|5|||
1000027681|6|8||6||
1000027684|3|||4||
1000028141|5|5||||
1000029244|5|4|5|5|6|
1000029245|5|5|5|8|8|
1000027035|6|8||||
1000027037|6|5|5|6||
1000026804||7|6|7||
1000028384|5|6||||
1000031196||5|4|5|5|
1000030588|7|5|8|9|9|
1000026243|5|4|5|6||
1000029854|7|6|7|7|7|
1000029851|4|5|5|4||
1000027918|6|10||||
1000024768|6|4|5|5||
1000025940||2|4|4|6|
1000029164|5|6|8|9|6|
1000028638|9|9|9|||
1000028285|5|6|5|||
1000026901|4|4|4|4||
1000026904|5|5|6|6|7|
1000030360|5|6||4||
1000028112||8|9|8||
1000026192|6|6|6|7|7|
1000029423||7|6|5|5|
1000030382|4|6|6|8||
1000026095|6|||||
1000028849|4|4|6|6||
1000024814|8|8|6|6||
1000028936|8||8|9|8|
1000030835|5|6|6|8||
1000030840||9|9|||
1000009698|5|||||
1000009700|7|||||
1000029401|6|9||||
1000027725|6|6|8|7|7|
1000031086|6|6|6|||
1000031087|6|6|8|6|6|
1000030088|5|6|5|4|5|
1000030042|8|9|9|7|6|
1000030905||6||||
1000031475|||7|9||
1000029497|5|6||||
1000028775|6||5|||
1000027220|6|7|6|7|7|
1000028629|9|||||
1000030171|6|5|8|8|9|
1000029378|5|5|5|4|4|
1000029379|8|7|10|||
1000029382||5||4|5|
1000031605|||8|6|6|
1000028335|5|||4||
1000028336|8|9|8|8|8|
1000031203||9|9|9||
1000030570|8|9|8|9|8|
1000030461|5|4|7|8|8|
1000027389|4|7|6|7||
1000001023|10|10|10|||
1000002786|5|5|7|9||
1000001221|4|5|6|8|6|
1000003057|3|2|3|2|3|
1000030377|7||5|8|5|
1000001041|3|4|5|5|5|
1000001365|4||4|4||
1000001029|7|6|6|6|6|
1000005234|3|4|5|4|5|
1000001155|3|4|5|4|5|
1000028882|4|5|5|5|5|
1000001372|3|2|3|3|3|
1000001222|4||4|4||
1000031717|||8|8|9|
1000004667|8|8||||
1000026347|6|7|8|10|10|
1000027303|6|4|5|4|5|
1000031632|||6|||
1000004819||4|4|||
1000031182|5|5|5|5||
1000001275|8|7|7|7|7|
1000028435|6|6|9|9|7|
1000030338|6|5|4|6|8|
1000004834|6|6|5|7||
1000004686|6|6|5|5|5|
1000009499|6|6|6|5||
1000026085|7|6|8|8||
1000028473|7|8|9|8||
1000020828|7|9||||
1000017958|7|7|10|||
1000001231|5|5|6|5|5|
1000019334|8|6|9|10||
1000018429|3|3|4|4|4|
1000007039|8|8|8|||
1000004851|5||5|||
1000017966|7|6|6|7|7|
1000020788|5|5|4|||
1000007811|4|5|5|||
1000004889|5||5|5|5|
1000021631|5|4|5|6||
1000019595|4|5|5|4||
1000015959|6|8|7|8||
1000022799|6|6|6|6|6|
1000022801|10|||||
1000006098|6|6|5|5|4|
1000004863|||5|5|4|
1000026463|5|6|7|5|6|
1000005888|8|8|8|7|8|
1000013142|7|6|8|8|7|
1000020781|8|9|9|8|8|
1000022758||5|4|||
1000011475|6|6|6|6|5|
1000004962|||4|5|5|
1000022710|8|8|8|5||
1000005720||4|5|5||
1000030494||3|3|3|4|
1000030667|5|5||7||
1000004305|4|4|4|4|5|
1000004752|6|||||
1000015021|4|4|4|4|4|
1000018072|5|5|5|6||
1000020703|4|4|4|||
1000004288|8|8|8|8|9|
1000009861|5|6|6|||
1000009862|6|6|9|9|8|
1000020004|8|6|6|5|5|
1000015254|5|4|5|6|6|
1000027366|6||3|3|2|
1000027368|8|8|8|10||
1000020792|8|9||||
1000006717|3|4|4|4||
1000020799|8|5||4|4|
1000020654|6|6|6|5|4|
1000029064|8|8|8|8||
1000030429|8|6|6|6|7|
1000020796|4||6|6|4|
1000017790|7|6|7|5|5|
1000004227|4|5|4|4||
1000006967|4||5|4||
1000004257||6|6|6||
1000004955|8|6|7|6||
1000017940|6|6|6|7|6|
1000025041|9|9|10|10|10|
1000015051|||||4|
1000031413||6|8|||
1000011711||4|5|6||
1000031828|||9|9|9|
1000031783|||6|4|5|
1000031915|||9|6|5|
1000032005|||5|5|5|
1000032007|||9|||
1000011689|8|8|5|||
1000027982|5|5|5|7|8|
1000027244|7|7|6|7|6|
1000031290|||10|8||
1000028314|6|6||9||
1000011665|6|4||||
1000011666|3|3|3|3|3|
1000008426|4|4|5|6|6|
1000011868|4|4|4|||
1000011800|4|4|5|4||
1000030188|6|7|6|8|7|
1000011727|6||8|6||
1000031261||8|8|8||
1000026713|3|3|4|4||
1000032028|||6|6|8|
1000028591||8|6|6||
1000027509|6|6|6|6||
1000030850||8|8|4||
1000029678|9|9|9|9|9|
1000029679|4|5|5|5||
1000029681|8|8|8|8||
1000031426||10||9|8|
1000031137|7|8|6|8||
1000031928|||9|6||
1000031838|||5|8||
1000031508|8||6|||
1000028479|6|6|6|6|6|
1000005718|5|5||5||
1000030306|5|4|5|5|4|
1000029733|6|8|9|10||
1000031673|||9|8||
1000031845|||7|5|5|
1000031621|||8|8|8|
1000031733|||6|4|3|
1000030595|6|7|8|7|7|
1000031084||6|8|8|9|
1000026468|5||5|5|5|
1000026470|8|7|6|6||
1000031896|||10|10|10|
1000031111|6|6|6|5||
1000031122||5||4|4|
1000031887|||5|5|5|
1000030734|5|7|6||8|
1000031527||5|5|6|6|
1000030755|5||6||5|
1000031350||5|5|4||
1000031007|4|6|5|7|7|
1000027713|4|4||4|4|
1000027714|8|8|8|7||
1000031394||6|8|8|7|
1000028037|7|6||||
1000031686||||8|8|
1000008455|4|4|4|4|5|
1000008805|6|6|5|5|5|
1000007916||4||||
1000008747|6|6|6|7||
1000008798|6|5|5|6||
1000009116|6||7|6||
1000007101||5|4|5||
1000008979|5|6|6|5|5|
1000008494|6|6|8|6|5|
1000008967||6|6|6||
1000008489|7|6|6|6||
1000005782|4|4|5|5||
1000005773|3|4|4|3|4|
1000006910|2|2|4|4||
1000008940|6|5||5||
1000008201|8|8|9|10||
1000006884|4|4||5||
1000009408|7|7|7|7|6|
1000008738|4|5|5|6|5|
1000008000|8|8|6|6|6|
1000008186|6|6|6|6|6|
1000008187||4|5|8||
1000007992|8|7|6|7|7|
1000005736|6|8||5||
1000009208|8|8||||
1000024651|8|9||||
1000007834|8||8|8||
1000007835|6|6|6|5|6|
1000008338|||||6|
1000024613|6|5|5|4||
1000024638|5|7|6|10|10|
1000023993|6|7|8|9|8|
1000024188|4|4|8|8|8|
1000024543|5|4|4|||
1000006958||7|5|5|6|
1000006963|||10|||
1000024172|6|6|6|6||
1000007214|8|6|7|6|8|
1000008335|5|4|5|5|5|
1000009003|4|4|3|3||
1000008225|8|8|6|5|5|
1000005220|6|6|6|4|3|
1000007670|6|6||||
1000031447|||6||9|
1000031756||9|9|9||
1000008871|5||5|||
1000007872|4|5|4|6|6|
1000010622|||7|8|8|
1000009309|6|7|6|5|8|
1000007009|6|6|7|6||
1000025206|4|4|4|||
1000024731|6|6|6|7|9|
1000030521||8|||6|
1000006899|6|6|5|5||
1000026874|8|8|8|8||
1000027844|5|5|5|5|5|
1000031540||6|6|6||
1000031541|4|6|4|||
1000028966|6|8|9|8|8|
1000031653||6||6|6|
1000028742|7|10||||
1000029664|8|4|3|4||
1000028166|8|9|10|||
1000027100|8|4|4|4|4|
1000028180|8|8|8|8|8|
1000027605|||6|6|6|
1000027607|6|6|7|7|7|
1000028447|6|6|8|6||
1000029953|5|6|6|6|5|
1000028513|5|5|5|||
1000028514||5|8|9||
1000031535||6|6|6||
1000030683|6|8|7|9||
1000027469|7|6|10|10||
1000030225|10|9||||
1000010364||4|5|4|4|
1000010025|4|4|4|4|5|
1000010032|5|4|4|5|5|
1000008541|5|9|10|6|8|
1000010351|6|9||||
1000010094|4|4|5|4|4|
1000010516|6||5|7||
1000007806|2|2|2|2|2|
1000009710|4||5|5||
1000010577|5|5|5|5|5|
1000024137|7|6|7|6|6|
1000024265|5|5|6|6|6|
1000010828|4|4|6|5|5|
1000010322|||8|8||
1000010323|5||4|5||
1000009851|8|7|6|6||
1000024260|6|6|6|6||
1000010144|3|4|5|4||
1000010149|5|5|6|5|5|
1000010064|5|5|8|6|8|
1000024439||7||6||
1000010665|4|4||||
1000031961|||6|9||
1000014018|4|4|5|6|6|
1000031511|||4|||
1000030876|9|8|8|8|9|
1000005175|8|10||||
1000014052|3|4|3|3|3|
1000029698|5|6|6|6|6|
1000029699|5|6|6|6|7|
1000006710|5|5|4|5|5|
1000031917||||6|5|
1000004938|6|8|8|6||
1000031945|||6|5||
1000014027|4|3|3|3|3|
1000031907|||5|10|9|
1000031909|||7|8|8|
1000031562||6|6|7|7|
1000029220|6|8|4|6||
1000030123|8|9|8|8|8|
1000031377||6|8|9|9|
1000004991|5|5|6|6||
1000026336|4||4|4||
1000015204|4|6|6|6|6|
1000026925|5|7|8|8||
1000029175|4|4|5|6|6|
1000005001|5|4|4|5||
1000005064||8|7|||
1000024221|6|4|5|5|6|
1000009753|5|4||4||
1000031462||||8|8|
1000031465||8|7|||
1000009598|6|6|6|6|7|
1000032029|||4|5|5|
1000027854||7|10|10||
1000031515|||9|8||
1000009576|4|5|5|4||
1000009726|6|7|6|7|6|
1000031826|||6|7|7|
1000029119|5|5|6|6|5|
1000024953|6|4|5|6|7|
1000013095|7|8|8|8||
1000005120|5|5|7|7|8|
1000020816|4|5|7|6|6|
1000020817|6|4|4|4|5|
1000026730|5|5|5|5|4|
1000031865||||6||
1000031614||10|9|9|8|
1000032027||||8||
1000029743|6|6|5|6|8|
1000000028|4|5|5|4|4|
1000000029|4|4|4|4|4|
1000000049|5|4|4|4|5|
1000000070|5|4|4||4|
1000000071|6|5|7|8|8|
1000000084|9|9|8|8|6|
1000000095|2|4|4|3|3|
1000000102|4|5|5|5|5|
1000000105|4|4|4|4|4|
1000000128|3|2|2|3|2|
1000000135|3|3|3|4|4|
1000000143|4|5|5|6|6|
1000000179|5|4|5|5|6|
1000000180|4|4|4|4|3|
1000000204|4|4|6|6|5|
1000000219||8|6|6||
1000000237|4|4|5|5|5|
1000000248|4|4|4|4|4|
1000000259|4|5|5|6|5|
1000000264|6|6|6|7|6|
1000000272|3|3|4|3|3|
1000000320|4|4|4|4|4|
1000000349|5|6|4|4||
1000000351||5||||
1000000355|4|3|3|4|3|
1000000364|4|4||||
1000000365|3|3|5|4|4|
1000000390|4|4|4|5|4|
1000000402|6|6|6|6|6|
1000000417|6|8|8|||
1000000427|4|4||||
1000000442|6|4|5|5|4|
1000000445|5|5|6|5|5|
1000000450|4|4|5|6|6|
1000000489|6|5|5|6|6|
1000000490|6|7|6|6||
1000000547|3|6|6|5|6|
1000000571|8|7|7|8|8|
1000000572|2|3|3|3|2|
1000000593|5|5|8|8|5|
1000000596|4|5|5|5|4|
1000000603|3|4|5|6|6|
1000000614|6|5|6|6|7|
1000000627|4|4|4|4|4|
1000000641|6|6|6|6|7|
1000000652|2|3|2|2|3|
1000000653|6|6|4|3|3|
1000000654|3|4|3|3|4|
1000000722|8|8|8|6|4|
1000000746|5|5|5|4|4|
1000000750|4|5|4|4|4|
1000000782|4|8|10|||
1000000808|4|4|6|6||
1000000839|5|6|6|5|4|
1000000846|5|5|5|5|5|
1000000910|9|7|6|6|6|
1000000925|3|4|4|4|4|
1000000929|8|8||7||
1000000946|5|5|5|5|6|
1000000951|2|7|5|6|5|
1000000962|5|6|5|5|5|
1000000986|3|3|3|3|4|
1000001006|3|6|5|6|4|
1000001095|3|3|4|4|3|
1000001096|5|4|4|5|5|
1000001120|8|6|7|8||
1000001139|4|5|4|4|7|
1000001144|6|6|5|5|4|
1000001171|5|5|6|6|6|
1000001207|6|6|6|6|6|
1000001210|4|5|4|4|4|
1000001240|6|5||6||
1000001262|5|7|6|6|5|
1000001302|8||8||5|
1000001308|8|7|6|6|5|
1000001395||6|7|5||
1000001407|6|7|8|6|7|
1000001428|3|3|3|3|4|
1000001443|7|6|8|||
1000001451||4|4|4|4|
1000001502|6|6|6|5|6|
1000001504|7|8|9|7|8|
1000001507|5|4|3|4|3|
1000001575|4|5|5|||
1000001576|5|5|8|6|6|
1000001578|8||9|8|9|
1000001581|7|7|7|8|7|
1000001625|8||8|8|8|
1000001650|5|4||||
1000025237|4||3|4||
1000001683||4||4||
1000001688|4|4|5|5|4|
1000001702|5|4|5|4||
1000001714|5||5|8|7|
1000001753|5|5|6|5||
1000001772|3|2|3|2|2|
1000001810|4|4||4||
1000001822|5|4|6|6|6|
1000001842|||5|5||
1000001864|7|8|6|7|7|
1000001899|4|9|9|9||
1000001917|4|4|4|5|4|
1000001922|5|5|6|5||
1000001951|4|4||||
1000001957|6|7|7|6||
1000001964|4||5|7||
1000001983|7|7|6|6|7|
1000001986|5|4|6|||
1000001991|6|6|6|6||
1000001999|4|4|4|4|3|
1000002008|3||4|3|3|
1000002040|5|5|4|6|5|
1000002046|4|5|4|4|7|
1000002079|4|5|6|6|6|
1000002130|5|6|5|6||
1000002152|6|6|6|6|6|
1000002192|7|6|6|7||
1000002225|5|4||||
1000002248||6||||
1000002283|6|6|8|10||
1000002291|4|4|5|5|6|
1000002296|7|7|7|6|6|
1000002319|6|7|7|9||
1000002322|||5|4|4|
1000002336|||6|5||
1000002338|6||6|6|7|
1000002374|7|8|8|8|8|
1000002379|6|5|4|3|3|
1000002387|6|5|5|5||
1000002394|6|6|7|9|10|
1000002401|6|5|6|6|6|
1000002418||4|5|4||
1000002439|6|7|7|10||
1000002453|4|4||4||
1000002459|6|||||
1000002480|4|4|4|4|4|
1000002498|||4|4||
1000002517||6||5||
1000002522|7|6|7|6|6|
1000002524|3|3|3|3|3|
1000002574|6|5||6||
1000002588|5|5|5|||
1000002594|4|4|5|5|5|
1000002595|5|6|6|5|6|
1000002624|10|||||
1000002631||||5||
1000002637|8|6|7|7|8|
1000002651|3||5|4||
1000002654|8|8||8|8|
1000002698|6|5|4|5||
1000002702|8|7|6|7||
1000002749|4|5|6|6||
1000002784|6|6|6|6|6|
1000002810|3|3|3|3|3|
1000002834|8|8|9|9||
1000002836|4|5|5|4||
1000002877|8|8|8|8|6|
1000002895|8|8|8|7||
1000002906|4|5|5|||
1000002933|4|4|5|4|4|
1000002955|4|4|6|5|5|
1000002972||6|||5|
1000003016|6|5|5|5|5|
1000003025|6|6|6|8|8|
1000003075|||4|4||
1000003082|5|5|6|6|6|
1000003095||4||||
1000003107|4|5|5|4|5|
1000003111|4|||||
1000003178||||4||
1000003183|4|5|5|5|5|
1000003195|5|4|7|5||
1000003233|6|6|9|8|9|
1000003236|6|4|8|4|7|
1000003250|6|6|6|6|6|
1000003254|10|||||
1000003265|6|5|4|4|5|
1000003268|6|5|4|5|4|
1000003276|4|5|6|5|4|
1000003287|6|8|6|9|7|
1000003311|4|5|4|3||
1000003312|4|4|5|5||
1000003315||5|5|5||
1000003316|||5|5||
1000003322|3|3|4|3|3|
1000003333|4|5|5|4|5|
1000003342||5||||
1000003344|4|5|6|5|6|
1000003379|8|8|6|7||
1000003404|6|8|7|9|9|
1000003410|5|4|5|4|4|
1000003425|5|6|6|5|5|
1000003445|4|||||
1000003474||5||5|6|
1000003492|6|8|6|6|5|
1000003502|4|4||||
1000003518||6|7|6|6|
1000003561|5|5|5|5|5|
1000003576|9|||||
1000003591||4|4|4||
1000003600|5|4|4|4|4|
1000003612|5|5|6|6|6|
1000003650||6||5||
1000003656|4|4|4|4|4|
1000003697||||5||
1000003706||5||6|6|
1000003719|10|10|8|10||
1000003731|5|5|6|||
1000003739|3|3|3|4|4|
1000003740|4|4|4|4|5|
1000003746|10|10|10|||
1000003758|5|6|6|7|7|
1000003773|6|5|5|5||
1000003784|6|8|8|7|7|
1000003799|4|5|4|5||
1000003825||||2||
1000003835||||6|6|
1000003843|5|6|8|6|5|
1000003863||6||||
1000003873||5||5||
1000003876|5|7|8|8|6|
1000003883|4||4|4||
1000003904|4|5|5|8|5|
1000003907|5|8|8|8||
1000003915|6|5|5|5|5|
1000003928|4|4|5|5|5|
1000003942|3|5|3|3||
1000003949|5|4||5|5|
1000003964|5|6|5|5|5|
1000003997|6|7|6|5|5|
1000004001|4|||||
1000004033|10|9|9|||
1000004034|4|8|6|8|8|
1000004043|6|8|6|6|6|
1000004047|4|4|4|4|4|
1000004048|5|5|5|9|8|
1000004050|7|6|8|9|10|
1000004110|||6|5||
1000004118|4|4|5|4|4|
1000004131|4|5|8|9|10|
1000004147|9|10||||
1000004173|5|4|5|5|5|
1000004203||||4||
1000004206|9|9|9|8||
1000004224|6|6|9|10|9|
1000004277|6|5|5|9|7|
1000004286|4|||4||
1000004287|6|6|6|5|5|
1000004331|8|8|8|9|10|
1000004347|4|4|4|4||
1000004358||5|5|5|6|
1000004361|4||4|||
1000004369|9|9|9|10||
1000004392|8|8||||
1000004405|4|6|5|5|8|
1000004455|5||5|5||
1000004513|4|||4||
1000004520|5|5|6|7|7|
1000004522|||4|7|7|
1000004529|3|4|3|4|4|
1000004538|5|5||5||
1000004551|8|8|8|||
1000004567|5||5|5|6|
1000004578|4|||||
1000004587|10|9|9||9|
1000004589|7|7|7|7|8|
1000004591|5|6|6|5|5|
1000004804|4|4|7|8||
1000004807|4|5|7|5|6|
1000004809|5|5|4|5|5|
1000004824||4|4|4||
1000004826|4||5|5||
1000004841|4|6|7|6||
1000004842|9|||||
1000004895|4|4|5|5|5|
1000004913|5|5||4|5|
1000004967|6|9|7|8|7|
1000005040|||5|6||
1000005110|4|4|4|4|4|
1000005112|7|8|8|8|5|
1000005138|5|6|7|6||
1000005317|9||9|||
1000005324|5||4|5|5|
1000005352|8|10||||
1000005409|6|7|6|4|3|
1000005411|7|8|8|8||
1000005550|4||5|5||
1000024905|5|4|4|4||
1000024786|8|6|6|5|4|
1000005593|6|6|6|6|6|
1000005657|5|4||4||
1000005677|5|6|6|6|4|
1000005726|3|4|5|5|5|
1000005741|5|4|5|5|4|
1000005748|6|6|6|6||
1000005752|4|4||3||
1000005770|7|7|6|7|6|
1000005772|5|8||||
1000005808|9|10||||
1000005823|3|3|4|3|3|
1000005859||6||||
1000005916|3|4|4|5|5|
1000005920|6|6||||
1000005939||6||6||
1000005955|4|4|4|5|5|
1000005972|4|5|6|5|4|
1000006005|4||4|4||
1000006006|4|5|5|5|4|
1000006037|6|6||5|5|
1000006044|5|5|5|||
1000006045|5|5|6|7|7|
1000006067|7|7|6|5|6|
1000006070|4|5|5|5|4|
1000006089|||4|5||
1000006090||5|4|4|5|
1000006106|4|5|5|4|4|
1000006140|3|4|4|4|3|
1000006146|5|5|5|5|6|
1000006151|4|6|8|6|6|
1000006206||5||5|5|
1000006219|5|5|5|5||
1000006234|4|4|4|6||
1000006275|7|6|6|6|6|
1000006288||5|5|6|6|
1000006294||6|6|6||
1000006312|6||6|6||
1000006313|8|10||||
1000006315|4|4|4|5||
1000006318|3|4|3|3|3|
1000006356|4||6|||
1000006372|6|6|9|6|7|
1000006388|5|5|6|6|6|
1000006450|7|7|7|7|7|
1000006463||6||||
1000006527|5|4|5|4|5|
1000006544|||4|4||
1000006545|4|4|4|4|4|
1000006570|5|5|8|9|9|
1000006629|6|6|6|6||
1000006635|6|5|6|8|7|
1000006657|8|8|8|||
1000006664|||6|6||
1000006736||6|6|||
1000006776||||9||
1000006811|6|6|6|||
1000006871|4|||||
1000006882|6|6|6|6||
1000006896|6|6|6|6||
1000006898|||||4|
1000007027|5|||4||
1000007028||5|6|6|6|
1000007038|8|4|5|6||
1000007057|6|5|6|6|6|
1000007061|4|4|4|||
1000007083|7|5|6|6|6|
1000007105||4|4|||
1000007108|5||6|6|6|
1000007143|6|8|8|10||
1000007162|4|4|4|4|4|
1000007173|5|5|6|7|8|
1000007199|5||5|5||
1000007291|5|4|5|5||
1000007297|5|5|8|||
1000007300|6|6|5|4||
1000007353|9|8|9|9||
1000007367|5|6|8|8|7|
1000007386||7||||
1000007396|8|8|7|9||
1000007399|6|5|4|5||
1000007436|4|5|6|4|5|
1000007450|3|3|3|3|3|
1000007453|4|3|4|3|4|
1000007482|6|7|6|8|7|
1000007543|4|4|4|4|4|
1000007580|2|2|3|2|2|
1000007588|5|4|4|4|3|
1000007605|4|4|5|||
1000007618|8|6|6|6|6|
1000007636||8|6|||
1000007660|4||4|6|6|
1000007683|6|6|8|8|8|
1000007709|6|6|8|8|7|
1000007715|4|3|5|5|5|
1000007725|5|5|5|4||
1000007736|4|||||
1000007746|7|4|5|4|4|
1000007751|6|5|5|5|6|
1000007801|5|4|5|6|5|
1000007804|||6|||
1000007841||10|9|||
1000007856|6|10|10|||
1000007922|6|6|6|5||
1000007942||7||6||
1000007948|4|4|4|4|4|
1000007963|6|7|7|6|6|
1000007965|8|8|8|6|5|
1000007967|8|6|6|6|7|
1000007970|8|8|8|8|8|
1000007984||6||4||
1000008046|6|6|8|6|6|
1000008063|4|6||||
1000008067|5|4|4|4|6|
1000008098|6||6|5|7|
1000008103|||6|4||
1000008233|7|6|6|6||
1000008244|4|4|4|3|4|
1000008261||4|5|4||
1000008303|4|4||||
1000008326|9|9||8|8|
1000008398|5|6|6|6|6|
1000008406|5|6|6|6|6|
1000008415|5|5|5|5|5|
1000008419|4|4|3|3|4|
1000008457|5|5|7|6|6|
1000008509|8||4|6|5|
1000008562|8|7|8|7||
1000008567|6|5||6||
1000008633|8|||||
1000008709|5|5|5|5|6|
1000008751|||||4|
1000008770|5|4|4|4|5|
1000008793|8|8|6|6||
1000008850|4|4|5|5|5|
1000008868|5|5|6|5||
1000008873|8|||||
1000008881|3|3|3|4|3|
1000008909|5|5|6|7||
1000008915||||4|5|
1000008930|5|4|5|5||
1000008955|||3|3|4|
1000009040||10|9|||
1000009042|4|3|3|3|2|
1000009053|5|5|5|5|6|
1000009054|4|4|4|5||
1000009063|5|||||
1000009070|8|8|9|||
1000009089|5|4|4|4|4|
1000009093|4|4|4|4|4|
1000009114|5|5|5|||
1000009117|8||||6|
1000009125|7|7|7|6|7|
1000009131|5|4|4|5|4|
1000009135|6|7|6|7|8|
1000009148|5|5|5|8|8|
1000009166|8||8|6|7|
1000009268|4|4|4|4|4|
1000009282|6|5|8|6||
1000009287|6|7|7|5||
1000009294|8|9||||
1000009325||6||7||
1000009328|4|5|6|5||
1000009344|4|6|8|8|6|
1000009379|8|8|8|8|8|
1000009387|4|5|6|6|6|
1000009417|4|4|4|4|4|
1000009431|7|6|6|8|8|
1000009452|6|8|8|7||
1000009453|6|5|6|5||
1000009500|4|3|3|3|3|
1000009512|6|5|7|6|6|
1000009514|4|6|5|5||
1000009543|6|7|6|8||
1000009547|4|4|4|6|5|
1000009549|8|10||||
1000009550|5||4|5||
1000009553|6||8|8||
1000009564|5|6|6|5|6|
1000009648||4|6|||
1000009674|6|9|10|||
1000009677|||5|5||
1000009697|8|8|9|9|9|
1000009720|6|6|6|5|5|
1000009794|4|5||||
1000009827|4|4|4|||
1000009828|5|6|5|7||
1000009854||||5||
1000009875|5|5|5|6||
1000009877|8|6|7|8||
1000009889|5|5||5|6|
1000009911|6|6|4|||
1000009975|5|4|5|6|4|
1000009995|5|5|6|6||
1000010003|7|5|6|6|8|
1000010010|5|4||5||
1000010040|8|6|7||7|
1000010051|8|9|6|9||
1000010096|4|3|3|3|3|
1000010143||5||4||
1000010154|9|9|9|8|9|
1000010173||5||||
1000010261|5|4|6|8|8|
1000010262|8|8|7|7|8|
1000010281|5|5|5|6|8|
1000010290|9|8|8|9||
1000010305|4|5||||
1000010310|6|5|5|4||
1000010371|7|8||||
1000010379|5|5|5|8|8|
1000010416|7|6|8|8|8|
1000010425|10|||||
1000010438|5|4|5|5|5|
1000010453|10|||||
1000010460|3|3||3||
1000010462||6||7||
1000010512|6|||||
1000010526||5||8|6|
1000010555|4||5|6||
1000010572|4|4|6|4|6|
1000010601|4|5|5|||
1000010629||8||6|6|
1000010648|6|6|6|8||
1000010675|5|6|9||6|
1000010677|5|5|5|8|9|
1000010699|6|6|5|||
1000010739|8|||||
1000010742|5|5|5|||
1000010776|5|5|5|5||
1000010850|10|||||
1000010851|3|4|6|5|6|
1000010857|4|4|4|4|4|
1000010877|7|8|8|9|9|
1000010888|6|5|6|5|5|
1000010916||5||4|4|
1000010929||6|7|7|6|
1000010935|7|5|6|5|5|
1000010946|7|8|7|6|6|
1000010960|3|||4||
1000010961||8||||
1000011026|4|6|4|4|5|
1000011031|6|9|8|||
1000011041|4||4|4||
1000011053|7|7|6|||
1000011092|6|6|6|5||
1000011101|5|5||5||
1000011150|8|8|9|9||
1000011171|5|8||6||
1000011190|4|5|7|10||
1000011191|6|6|6|8||
1000011201|4||4|4|4|
1000011233|5|6|5|5||
1000011238|4|4||5||
1000011255|5|5|5|5|5|
1000011261|8|5|6|6||
1000011269|9|10|10|10|10|
1000011299|4|4|4|7||
1000011307|6|6|6|6|6|
1000011326|6|6|6|8|7|
1000011327|5|6|6|5||
1000011345|4|5|4|5|5|
1000011348|6|6|8|6|6|
1000011376|5|4|6|4|4|
1000011382|4|4|6|6|5|
1000011402|8|8|8|||
1000011405|6|6|8|8|8|
1000011423|6|6|8|5||
1000011433|5|6|6|||
1000011442|5|5|4|7|8|
1000011464||4||4||
1000011492|5|||||
1000011514|6|6|5|5|5|
1000011558|8|8|8|8|8|
1000011559|3|4|4|4|4|
1000011667|4|4|5|4|4|
1000011700|4|4|7|6|6|
1000011754|5|4|4|||
1000011796|4|4|4|3|4|
1000011934||5|4|4||
1000011936|5|5|6|5||
1000011938|6|5|5|5|6|
1000011973|4|5|5|4|4|
1000011979|7|9|8|9|9|
1000011984|8|8|8|7||
1000011992||4|5|5|6|
1000011995||7||8||
1000012010||4|6|5|5|
1000012039|7|8|6|7|6|
1000012042|6|7|8||6|
1000012056|4|4|4|3||
1000012057|7|8|9|10|9|
1000012086|5||6|6|6|
1000012090|5|5||||
1000012105|4|5|5|5|5|
1000012112|8|7|10|||
1000012163|3|3|3|3|4|
1000012171|4|5|4|5|4|
1000012180|4|4|4|3||
1000012192|4|4|5|4|4|
1000012198|7|3|3|3||
1000012205||6||4||
1000012272|3|4|5|5|6|
1000012285|6|6|6|8|8|
1000012292|5|5|6|7||
1000012295||6|8|7|9|
1000012347|6|6|6|6|6|
1000012386|3|3|3|4||
1000012398|5|5||5||
1000012424|5|5|5|5|4|
1000012438|8|7|8|5||
1000012441|7|7|7|7|7|
1000012454|5|5|5|||
1000012463|6|7||||
1000012479|4|5|5|4||
1000012488|4|4|4|4|4|
1000012493|4|4|4|4|3|
1000012497|4|5|5|5|8|
1000012501||5||5||
1000012510||||5||
1000012533|10||10|10||
1000012569|6|7|6||7|
1000012605|5|5|4|3|4|
1000012613|8|10|10|10|7|
1000012659|3||3|3||
1000012717||7||7||
1000012756|7|7|7|7|6|
1000012768|4|5|6|6|6|
1000012788|4|4|4|4|4|
1000012849|6|5|6|8|7|
1000012854|5|5|7|6||
1000012860|8|6||||
1000012884||6||5||
1000012888|8||||6|
1000012899||3|3|3||
1000012919||||5|5|
1000012946|5|5|6|6|6|
1000012964|5|6|7|9|8|
1000012975|4|6|5|5||
1000012991|6|6|7|6||
1000012996|7|9|10|||
1000013003|7|8|8|8|8|
1000013033|7|6|7|7|8|
1000013057|5|4|4|||
1000013060||5|8|||
1000013071|6|8|8|7||
1000013084|6|7|6|6|6|
1000013088|4|5|5|6|8|
1000013110|5|5|4|5|6|
1000013135|4|5|5|5|5|
1000013138|4|4|5|5|6|
1000013229|8|8|8|8|8|
1000013246||4||3||
1000013248|9|10||||
1000013344|6|9||||
1000013349|6|7|7|8|7|
1000013364|5|4|4|4||
1000013374|6|7|5|5|4|
1000013377||4|5|5|5|
1000013378|5|4||6||
1000013405|8|9|10|8|4|
1000013450|3|4|3|4|3|
1000013452|5|5|6|9||
1000013475|5|5|5|4||
1000013489|5|6|9|4|4|
1000013529|||4|||
1000013549|8|7|8|6|6|
1000013557|4|7|9|7|8|
1000013596|||4|4||
1000013616|8|7|6|6||
1000013620|||6|7|7|
1000013634|6|6||5||
1000013641|4|4|4|4|4|
1000013656|4|4||4|4|
1000013673|6|6|6|6|6|
1000013686|5|6|6|6|6|
1000013694|6|7|8|||
1000013698|6|6|7|5||
1000013699|5|5|5|6|6|
1000013709|8|8|9|8|8|
1000013710|5|4|4|4|5|
1000013787|6|6|8|7||
1000013798|6|5||||
1000013812|8|||||
1000013819|3|||||
1000013865|4|4|4|4||
1000013915|6|5|8|8||
1000013922|6|7|7|6|7|
1000013924|4|4|4|3||
1000013933|6|8|8|8||
1000013948|6|7|8|8|6|
1000013952|5|4|5|4|5|
1000014037|3|||||
1000014102|5|5|5|4|4|
1000014107|5|5|6|6|6|
1000014114|4|5|5|4|4|
1000014148|3|3|4|3||
1000014170|9|8|8|9|8|
1000014193|5|5|5|5|5|
1000014194|6|6|6|6|6|
1000014215|6||4|||
1000014257|5|5|5|4|5|
1000014258|5|5|4|4|4|
1000014264|4|3|3|3|2|
1000014290|6|6|6|8|9|
1000014327|6|6|6|6||
1000014356|7|6|7|6|6|
1000014412|5|4|6|5|6|
1000014415|5|6|6|6|6|
1000014425|4|5|6|5|5|
1000014428|6|5|4|6|5|
1000014429|6|9|5|4|4|
1000014436|6|6|6|5||
1000014445|4|5|5|5|4|
1000014454|6|5|6|6|5|
1000014459|6|6|7|9||
1000014465|4|5|5|4|4|
1000014501|4|4|5||5|
1000014509|5|5|5|5|4|
1000014510|7|6||||
1000014545|3|3|4|4||
1000014587|8|9|9|||
1000014595|5||5|5||
1000014598|5|4|5|6|7|
1000014613|6|8|8|8|7|
1000014645|6|6|5|5|5|
1000014656|5|6|6|5|5|
1000014672|6|6|7|6|6|
1000014688|8|8||||
1000014699|5|5|5||9|
1000014734||7|7|7|7|
1000014775|5|4|4|5|5|
1000014797|5|5||8|6|
1000014800|4|5|5|5|6|
1000014825|5|5||||
1000014847|4|4|4|4|4|
1000014863||6|5|||
1000014884|6|7|6|8|6|
1000014894|5|5|4|4||
1000014912|6||6|6|6|
1000014924|9|||||
1000014956|5|6|6|5|4|
1000014967||4||3||
1000014971|6|7|8|7|7|
1000014980|6|5|6|8|6|
1000014989|4|4||||
1000015056||5|5|4||
1000015058||6|6||6|
1000015066|5|5|5|4|4|
1000015069|5|4|4|4|4|
1000015070|6||6|7|7|
1000015071|8|||8||
1000015087|||4||4|
1000015111|8|||||
1000015139|7|7|6|8|6|
1000015146|4|5|5|5|4|
1000015147|4|4|4|4||
1000015173|||6|7|7|
1000015184|4|4|4|4|4|
1000015191|6|6|8|7|7|
1000015207||5|6||7|
1000015215|5|4|7|6|6|
1000015237||6||7|6|
1000015239|6|6|5|5|5|
1000015241||4||4|5|
1000015248||5||7||
1000015322|4|8|7|9|8|
1000015364|5|5|4|4||
1000015376|6|6|8|||
1000015377|5|5|5|5|5|
1000015381|6|7|6|7|7|
1000015412|6|6|6|5|5|
1000015456|5|5|5|4||
1000015472|5|5|5|5|5|
1000015488|6|6|5|6||
1000015497|5|4|5|6|5|
1000015501|4|4||5||
1000015518|4|5|6|||
1000015521|8|7|8|9|6|
1000015544|5|5|5|5|5|
1000015549||7|6|7||
1000015597|5|6|5|4||
1000015633|6|5||||
1000015694|6|6|5|6|7|
1000015708|4|4|4|4|4|
1000015714|6|||||
1000015719|4|4|4|5|5|
1000015757|4|4|4|4||
1000015787|5|8||8||
1000015797|||6|5||
1000015812||4|4||3|
1000015827||4||4||
1000015853|8|8|8|7|8|
1000015860|6|5||||
1000015876|5|5|6|6||
1000015878|6|8||||
1000015889|8|8|9|8|8|
1000015928|6|6|5|6|6|
1000015942|4|4|3|3|4|
1000015982|4|4|||3|
1000016010|5|6|7|5||
1000016016|5|5||5||
1000016064|8|8|8|8|8|
1000016066|4|5|5|6|5|
1000016067|4|||4||
1000016074|||8|6||
1000016106|6|6|8|8|7|
1000016112|6|5|6|5||
1000016159|5|6|5|||
1000016185|5|6|6|5|6|
1000016192|8|5|8|8||
1000016209|4||5|5||
1000016214|6|8|6|6|6|
1000016241|6|6||5||
1000016268|6|6|6|7|6|
1000016291||7|||6|
1000016302|6|7|6|6|6|
1000016306|5|4|5|||
1000016315||7|8|9|8|
1000016355|7|7|8|9|10|
1000016404|8|8|5|||
1000016407|6||9|||
1000016427|10|||||
1000016428|7|6|6|7|6|
1000016486|5|5|5|6|5|
1000016494|4|4|4|4||
1000016497|6|5|5|5||
1000016498|5|6|6|||
1000016503|5|6|||5|
1000016556|8|8|8|8||
1000016568|4|4|4|4||
1000016574|2|2|2|2|2|
1000016610|4|5|4|4||
1000016625||6|5|||
1000016634||7||8||
1000016640|6|6||5||
1000016641|10|10|10|10|10|
1000016661|5|4|4|3||
1000016673|6|6|4|4|6|
1000016678||5|6|||
1000016689|4|4||||
1000016763|4|8|9|9|9|
1000016794|||5|4||
1000016821|4||5|5|5|
1000016851|6||6|6|6|
1000016878|3|3|3|3|3|
1000016882|5||4|5||
1000016934|4|4|4|5|4|
1000016935|5|4|8|4||
1000016969|4|4|4|4|4|
1000016970|4|5|7|6|4|
1000016989|4|4|5|6|5|
1000016999|5|||3||
1000017019|8|7|6|6||
1000017039|8|8|7|8|6|
1000017043|6|6|6|6|6|
1000017047|7|9|5|5|4|
1000017067|4|5||||
1000017075|5|4|5|5|6|
1000017077|5|6|10|10||
1000017109|5|5|5|4|4|
1000017118|5|5|5|5||
1000017120|5|5|5|5|5|
1000017170|5|5|5|5|4|
1000017183|5|6|6|6|6|
1000017185|6|6|8|7|6|
1000017189|4|4|4|4|5|
1000017207|5|5|5|5|6|
1000017214|6|6|8|6|6|
1000017283|5|5|5|4|5|
1000017286|5|5|5|5|5|
1000017323|8|8|9|6|8|
1000017325|8|5|6|5|5|
1000017346|||3|||
1000017369||4||||
1000017380|6|4|5|4||
1000017414|6|6|6|4||
1000017416|7|8|8|6|7|
1000017442|5|5|6|8|6|
1000017452||3|4|4|4|
1000017457|5|7|7|6|5|
1000017461|5|4|4|5|6|
1000017503|6|7|6|7|6|
1000017514|6|5|5|5|5|
1000017531|5|6|5|5|6|
1000017547|7|7|8|8||
1000017557|6|7|8|6|5|
1000017560|5|4|5|7|7|
1000017581|9|8|5|5|7|
1000017624|9|||||
1000017643|5|4|5|5|4|
1000017665||||6||
1000017670|4|5|6|5|5|
1000017712|5|6|6||6|
1000017727|5||4|5||
1000017740|5|4|4|4|4|
1000017764|9|8|6|8|6|
1000017781|6|8|7|8|7|
1000017826|3|2|4|3|3|
1000017848|5|4|5|8|6|
1000017852|8|9|10|10||
1000017863|4|3|3|3||
1000017890|9|8|6|6|5|
1000017892||5||||
1000017893||6|6|||
1000017906|2||3|||
1000017934|4|4|4||5|
1000025077|4|6|6|8||
1000025081|4|6|5|8|7|
1000018007|6|7|8|8||
1000018027||9|8|||
1000018069|5|4|4|5|4|
1000018084|3|3|7|4|6|
1000018110|5|9||||
1000018199||||6||
1000018220|8|8|8|8|8|
1000018251|7|6|6|6|6|
1000018303|5|6|5|5|5|
1000018323|5|4|4|4|4|
1000018324|9|9|8|8||
1000018366|5|4|4|4|4|
1000018407|5|5|5|6||
1000018425|4|5|5|4|4|
1000018457||4|3|4||
1000018468|6|6|7|9|10|
1000018487|4|5|5|6|4|
1000018496|5|5|5|5|4|
1000018532|5||5|5|5|
1000018541|5|4|5|5|4|
1000018557|5|5|4|5|5|
1000018579|6|7|8|7|6|
1000018581|5|5||5||
1000018585||4|4|5||
1000018618||||4||
1000018637||4|4|5||
1000018671|4|4|4|||
1000018701|8|6||6|6|
1000018706|||6|8||
1000018739|5|5|6|6||
1000018756|4|||6||
1000018768|5|6|5|6|5|
1000018779|||4|4||
1000018798|6|8|6|7||
1000018799|3|||||
1000018800|3|3||||
1000018806|5|5|5|6|5|
1000018848||5||4||
1000018882|5|5|6|5|5|
1000018892|5|5||3||
1000018902|4|4|4|4|4|
1000018910|5|5|4|4|5|
1000018917|6|8||||
1000018941|6|6|6|5|6|
1000018942|6||6|6|6|
1000018969|6|6|6|4|4|
1000018975|4|4|4|||
1000018980|4|4|5|4|4|
1000018999|4|4|4|5|5|
1000019006|6|6|6|5|5|
1000019010|3|3|3|3|3|
1000019016|5|4|5|||
1000019017|10|8|8|5|4|
1000019028|4||4|5|6|
1000019030|7|8|8|8|6|
1000019084|5|5|4|6|6|
1000019096|5|5|4|4||
1000019119|6|7|6|4|4|
1000019173|4|4|4|4|4|
1000019192|8|6|5|4||
1000019198|7|6|7|6|7|
1000019207|6|6|5|6|6|
1000019211|6|5|5|4||
1000019244|8|8|6|5|6|
1000019328|4|4|4|4|4|
1000019351|4|4|6|4|7|
1000019383|8|8|7|7|7|
1000019394|8|8|8|6|6|
1000019423|7|6|9|6|6|
1000019449|9|8|8|9|7|
1000019454|7|6|8|8||
1000019478|5|6|4|6|6|
1000019484|8|8|6|6|6|
1000019492|5|4||4||
1000019515|8|8|8|8||
1000019539||5|5|5||
1000019544|5|5|5|5|4|
1000019546|3|3|3|3|3|
1000019549||6||||
1000019551|4|5||||
1000019575|5|6|8|6|6|
1000019615|4|4|4|4|5|
1000019627|5|5|5|6|6|
1000019642|5|5|5|5|4|
1000019661|6|6|6|7|7|
1000019683|8|8|8|9||
1000019737|5|7|5|4||
1000019790|5||||4|
1000019792||6|6|8||
1000019826|6|6|5||5|
1000019838|5|6|6|5||
1000019848|4|4|4|4|4|
1000019883|6|6|6|6||
1000019892|5|6|6||5|
1000019919|7|6||8|8|
1000019938|6|5|8|10||
1000019953|6|6|6|6|5|
1000019955|6|7|6|6||
1000019972|8|8|7|7|6|
1000019983|6|6|8|5|6|
1000020021|5|4|4|4|4|
1000020040|8|8|8|7|8|
1000020041|5|6|5|4|5|
1000020063|6|6|6|5|5|
1000020094|4|3|3|4|4|
1000020114|6|8||8||
1000020129|6|7|6|6|6|
1000020131|5|6||||
1000020201|5|6|6|5|5|
1000020217|6|6|7|6|8|
1000020249|7|9|8|9|10|
1000020259|6|5||5|5|
1000020265|7|6|6|7|7|
1000020267|4|3|4|3||
1000020268|5|5|5|6|6|
1000020322|4|5|5|5|4|
1000020330|4|4|3|4|6|
1000020332|5|6|6|6|6|
1000020336|7|7|8|8|8|
1000020340|8|7|7|6|6|
1000020342|4|5|5||6|
1000020352|10|9|9|9|8|
1000020387||4|4|3|3|
1000020388|8|||||
1000020403|6|6|7|5|5|
1000020410|8|7|6|5|6|
1000020454|||5|6||
1000020517|7|6|6|6|5|
1000020520|6|6||||
1000020555|4|4|4|4||
1000020573|9|||||
1000020599||||4||
1000020636|5|5|5||5|
1000020672|6|7|9|9||
1000020706|5|5|6|5||
1000020708||5|5|5|5|
1000020717|4|5|6|6||
1000020755|8|9|10|||
1000020764|5|5|5|5|5|
1000020805|||6|6||
1000020807|3|3|3|||
1000020826|5|5|6|5||
1000020841|5||4|4||
1000020861||6|8|||
1000020872|6|8|8|8|8|
1000020886|7|6|8|6|6|
1000020890|4||9|||
1000020940|5|||||
1000020941|6||6|7||
1000020944|6||6|6||
1000020946||6|6||5|
1000020957||||6||
1000020958|6|7|6|8||
1000020974|5|6|6|7|6|
1000020975|6|6|6|8||
1000020979|||6|||
1000020989||6|6|6|5|
1000021004|6|6|6|6|6|
1000021020|4|4|4|4|4|
1000021030|5|5||5||
1000021046|7|6|8|6|8|
1000021052|4|5|5|5||
1000021062|4|6|6|5|5|
1000021079|6||6|8|7|
1000021088|3||6|5||
1000021105|5|4|4|4||
1000021109|5|4|4|||
1000021129|8|8|6|8|8|
1000021166|6|6|4|5|4|
1000021183|5|5|4|4||
1000021201|8|8|7|8|8|
1000021207|6|7|6|9|10|
1000021213|7||5|5||
1000021231|7|6|6|8|7|
1000021249|5|6|5|5|6|
1000021257|4|5|4|4||
1000021259|4|4|3|||
1000021261|5|4|5|4|4|
1000021268|9|8|9|9|7|
1000021300|6|6|6|5||
1000021324|3|3|3|3|3|
1000021329|8|10||||
1000021335|6|6|7|7|6|
1000021336|8|9|8|8|8|
1000021343|5|5|5|4||
1000021356|4|5|5|5|5|
1000021358|||4|4|4|
1000021365|8|||||
1000021368|5|5|5|8|8|
1000021380|4||4|4||
1000021404|4|7|6|5||
1000021480|4|3|2|4|4|
1000021493|7|7|8|6|6|
1000021533|8|9|8|8|8|
1000021541||6||8|8|
1000021570|4|3|3|4|4|
1000021607|6|7|6|7||
1000021659|5|5|6|5|5|
1000021670|5|8||||
1000021700|8|8||8|9|
1000021771|5|5|4|5||
1000021844|5|5|6|6|6|
1000021852|6|6|5|6|6|
1000021874|6|6|6|7||
1000021897|5|5|5|4|4|
1000021927|8|7|7|6||
1000021951|6|5||6|6|
1000021953|5|5|7|9||
1000021957|4|4|4|4|4|
1000021984|4|4|4|4|4|
1000022000|7|6|6|5|4|
1000022005|6|6|7|8|8|
1000022024|6|5|7|5||
1000022027|6|6|6|6|6|
1000022040|5|5|5|5||
1000022068|6|5|5|4|6|
1000022090||5|6|6||
1000022118|5|5|5|5|5|
1000022119|7|6|6|6||
1000022125||8|6|9|9|
1000022173|6|8|6|6|7|
1000022181|8|7|7|6|6|
1000022218|4|5|4|5|6|
1000022222|6|6||||
1000022224|4|4|4|5|4|
1000022234|7|6|5|5|4|
1000022238|4|4|4|4|4|
1000022263|4|4|4|5|5|
1000022267|5|4|5|5|5|
1000022281|4|4|4|4|4|
1000022328||6|6|6|5|
1000022331|4|4||||
1000022374|4|||||
1000022383|6|5||5||
1000022396|4|5||||
1000022410|7|8|7|8||
1000022431|||4|||
1000022437|5||6|7||
1000022443|8|7|7|7|6|
1000022468|8|9|6|5|5|
1000022469|6|6|6|6|6|
1000022476|3|4|3|3|2|
1000022514|6|8|10|10||
1000022545|6|6|7|6|6|
1000022551|7|7|8|7|6|
1000022559|7|7||||
1000022582|6|6|8|6|5|
1000022623||6|6|7||
1000022629|6|6|7|8|7|
1000022660|5|6|7|5|5|
1000022661|5|4|4|4|4|
1000022664||6|5|||
1000022680||6||||
1000022731|5|4||||
1000022746|6|9|9|||
1000022780|6|4|5|4|4|
1000022789|3|4|4|4|5|
1000022816|10|10|9|10||
1000022821||5|6|5||
1000022825|7|5|5|4|5|
1000022864||4|6|6||
1000022887|8|8|8|7||
1000022897|4|4|5|6|5|
1000022929|6|8|7||8|
1000022931|4|3|5|5||
1000022944|8|9|9|9|9|
1000022967|8|||||
1000022972|4|4|5|5|5|
1000022978|5|5|5|4||
1000022979|9|||||
1000023023|5|7|6|||
1000023034|8|7|8|7|8|
1000023048|4|||5||
1000023060||5|5|4|5|
1000023062||||4||
1000023090|4|3|4|5|6|
1000023114|8|9||||
1000023120|5|5|6|6|9|
1000023125|7||||5|
1000023131|5|5|8|||
1000023163|6|7|8|7|7|
1000023185|3|8|8|8||
1000023223|6|6|8|8||
1000023246||5||6|6|
1000023313|4|4|4|5|5|
1000023339|9|9|9|||
1000023375|6|8|8|8||
1000023384|10|||||
1000023386|4|3|3|4|4|
1000023395|8||5|5|5|
1000023404|5|7|8|8|5|
1000023424|5|4|4|5|4|
1000023433|7|7|7|7|6|
1000023436|5|6|6|6|6|
1000023440|5|5|6|5||
1000023502||6||5||
1000023520|6|6|5|4|4|
1000023536|5|5|5|4|4|
1000023565|9||9|8||
1000023581|7|6|6|6|6|
1000023582|4||5|5||
1000023639|6|5|6|6|6|
1000023651|6|8|7|7|7|
1000023669||5|5|5||
1000023677|6|6|6|||
1000023681|4|4|6|8||
1000023690|9|||||
1000023748|6|6|6|6|6|
1000023795|||6|9|8|
1000023796|5|5||3|3|
1000023799|4|4|4|4|4|
1000023831|8|8|8|8|8|
1000023856|6|5|6|5|4|
1000023863|6|4|4|5|8|
1000023912|6|6|5||5|
1000023915|4|4||4||
1000023924|4|4|4|3|3|
1000023928|7|7||6||
1000023931|5|6|6|6|4|
1000023944|7|6|5|5|6|
1000023997|4|4|4|5|5|
1000024011|||6|||
1000024019||4||5|5|
1000024032|5|10||||
1000024070|6|8||8||
1000024081|6|6|6|6||
1000024096|||4|5||
1000024109|6|5|5|5|5|
1000024111||||6|6|
1000024151|3|3|4|3|5|
1000024164|8|8|8|7|6|
1000024165|9|8|10|10||
1000024211|||4|6||
1000024263|||6|6||
1000024286|5||5|5||
1000024308|5|5|5|6||
1000024344|7|6|6|6||
1000024361|4|3||4||
1000024370|6||6|6|6|
1000024402|7|6|7|5|5|
1000024429|8|8|8|8|8|
1000024459|6|6|9|9||
1000024488||6|6|6||
1000024509|5|4|4|5|6|
1000024517|7|8|8|8||
1000024580|5|8|7|||
1000024583|8|6|6|6|6|
1000024606|8|7|8|9|8|
1000024609|6|6|6|6||
1000024620|5|5||||
1000024713|4|8||||
1000013148|7|8|5|8|6|
1000024842|8|8|10|||
1000015305|4|5|5|||
1000024806|3||3|3|3|
1000024823||||6||
1000024951|5||5|5|5|
1000025189|6|6|6|8|6|
1000018130|7|5|7|6||
1000018131|7|6|9|8|8|
1000009967|5|6|6|6||
1000026191|4|4||||
1000026614|8|8|10|10||
1000026311||5|6|4||
1000026315|6|6|5|||
1000026739||5|7|8||
1000022889|5|||||
1000021695|8|7|8|8||
1000011486|6|5|5|5||
1000025532|4|||5||
1000023274|6|5||7|6|
1000025519|||9|9||
1000024559|5|4|5|6|8|
1000024847|6|8|8|8|8|
1000024855||4|5|4|4|
1000026886|6||8|8||
1000009340|8|9|9|10||
1000019796|4|4|5|||
1000025921|7|7|7|8|8|
1000011229|4|6||||
1000024889|5||5|5||
1000024719|4|9|9|||
1000024720||4|6|5||
1000019283|4|4|5|5||
1000013130|6|6|6|6|6|
1000009331|5|6|6|8||
1000021074|||6|||
1000026168|5|4|6|5|6|
1000023019|6|5|6|4||
1000026425|6|5||||
1000020864|7|8||||
1000024751|||6|7||
1000025546|5||5|4|4|
1000021308|8|6|6|6||
1000006737|5|5|6|5||
1000026162|8|||||
1000022675|8|8|8|8||
1000016543|5|4|||4|
1000016549|4|4|6|5||
1000025388|6|8|8|8||
1000005595|6|6|5|4|4|
1000005524|6|8||||
1000005527|5|5|6|6|6|
1000026773||5|6|6||
1000023332|5|8|8|6|7|
1000015892|6|6|8|||
1000019300|6|7|6|7|7|
1000015292||5|5|5||
1000005557|10|10||||
1000005559||4|5|4|6|
1000005547|8|9||||
1000005548|6|6|9|9|9|
1000025870||5||4||
1000006743|4|4|4|4|5|
1000007859||6||7||
1000013383|6|10||||
1000005539|4|4|5|7|6|
1000005540|6|7|7|||
1000005528|7|10||||
1000024858||8|6|||
1000025380|5|5|7|7|6|
1000013293|5|5|5|6||
1000026199|4|5|5|5|5|
1000026202|||7|||
1000025841|6|5|5|5|5|
1000024857|3|4|4|4|6|
1000025299|9|8|8|9||
1000024944||4|5|5||
1000026923|8|6|7|9||
1000009925|8|8|8|7||
1000025204|8|7|6|6|7|
1000013471|5||4|||
1000005535|4|4|5|5|5|
1000005510|5|6|6|6||
1000005375|3|3|3|3|3|
1000012237|7|8|6|8|8|
1000012240|4|4|5|5|4|
1000025876|4|8|6|7|8|
1000019696|8|8|9|||
1000026080|||6|10|9|
1000026082|4|5|4|4|4|
1000023961|9|7|6|7|8|
1000026681|6|5|8|8|8|
1000016352|7|7|6|6||
1000008922|5|4||5||
1000025954|9|8|9|8|8|
1000005384||6|4|5|5|
1000026176|7|8|9|||
1000014082|8|8|6|5||
1000015732|4|4|4|||
1000025112|2|3|4|4|3|
1000027206|6|5|8|7|6|
1000015415|7|8|8|8||
1000015419|4|5|4|5|5|
1000026656|5|5|5|5|6|
1000025542|4|||||
1000009351|7|6|5|6|5|
1000015267|8|8|7|6|5|
1000025048|3|3|4|4|4|
1000025049|6|7|6|6||
1000025249|5|5|5|6|6|
1000025495|8|8|10|||
1000025176|6|6|6|6|7|
1000025585|6|6|6|5|5|
1000013754|||5|||
1000013756|5|6|9|6|5|
1000016669|5|5|5|5|4|
1000016113|6|6|6|7|7|
1000016118||6|6|||
1000015616|7|5|7|8||
1000005307||||5||
1000024451|5|4|5|5||
1000024456||4|4|4|4|
1000025916|5|5|4|4||
1000025918|3|2|3|3|3|
1000018090|10|||||
1000005227|8|10||||
1000014364|6|5|5|5||
1000011911||7||7||
1000011912|4|5|7|10|9|
1000025523|6|7||7|7|
1000025524|5|5||5||
1000021376|6|5|6|6||
1000026339|3|4|4|4||
1000026342|4|4|5|4|4|
1000025154|6|5|7|6|5|
1000025158|5|5|5|5||
1000025838|5|8|8|6|8|
1000018182|6|7|7|6|6|
1000024972||6|||8|
1000025635|5|5|4|4||
1000025636|8|7|6|6|6|
1000025571|||4|4||
1000025001|7|6|6|5|5|
1000025002|4|6|9|8||
1000025007|6|9||||
1000024966|||7|6|6|
1000021381|4|5|4|4||
1000018104|6|7|10|||
1000019262|5|5|7|6||
1000018823|6|6|6|8||
1000025131|9|8|9|10|10|
1000019802|6|6|6|4||
1000024915|5|5|5|5|6|
1000026009||6|7|7||
1000028338||7|3|||
1000026870|6||6|8|6|
1000027528||6|5|5|5|
1000026798|6|6|6|6|6|
1000028059|4|4|5|4|4|
1000026319|8|8|8|6||
1000026320|6|6|7|||
1000026323|4|5|6|6||
1000028301|4|5|6|8||
1000027794|5|6|8|6|6|
1000024974|3|4|4|4||
1000025021|5|4|4|4|5|
1000027484|4|3|4|4||
1000026673|7|7|8|8|8|
1000024971|4|7||||
1000028011|6|8|7|6|6|
1000028134|7|5|6|8|8|
1000028136|||8|9|5|
1000028137|4|||4||
1000026991|6|7|6|6|8|
1000026993||5|5|6||
1000027587|5|5|6|7||
1000027168|6|5|7|6|7|
1000028189|6|5|6|6||
1000027914|4|5|5|6|6|
1000024917|5|5|6|5|6|
1000024918|6|8|6|8|8|
1000027395|4|4|6|5|5|
1000026982|8|6|7|6|6|
1000016658|8|8|6|6|5|
1000028536|8|8|9|9|8|
1000027991||6|6|5||
1000024246|8|8|9|8|8|
1000027758|6||6|6||
1000025909|6|9|8|||
1000028001|6|7|6|8|9|
1000027891|6||6|6|6|
1000027893|4|6|6|6||
1000028116|4||5||7|
1000007336|6||6|6||
1000025630|6|||||
1000026114||4|4|6||
1000024324|6|6|6|6|5|
1000028048|5|6||7|6|
1000026862|5|4||||
1000027557|6|7|7|8||
1000027562|5|5|5|5||
1000025677|8|5|5|7|8|
1000026632||5|5|5|6|
1000024711|7|6|7|||
1000028710|9|10|9|10||
1000026694|||4|4|4|
1000027363|6|5|6|6||
1000026937|||4|5|5|
1000027404|8|8|8|7|8|
1000027060||||5||
1000028561|6|8|7|8|6|
1000027318|6|6|6|7|8|
1000028087|6|7|8|8||
1000028092|||6|5||
1000029023|5|7|6|6|6|
1000026758|5|8|8|9|9|
1000029115|6||7|6||
1000026898|||6||6|
1000026662|8||10|10||
1000012014||||9||
1000028633|5||5|5||
1000025913||9|9|||
1000026045|4|4|6|4|5|
1000029395|7||8|7||
1000029397|6|6||||
1000029398|7|6|8|7|8|
1000027428|||10|||
1000027430|3|2|3|4|3|
1000026999|3|4|3|3|3|
1000027001|||7|9||
1000029136|6|5|5|4|4|
1000026131|6||6|5||
1000026134|7|6|6|6|6|
1000021849|7|7||5||
1000028104|8|5|5|5|6|
1000027460|6|8|5|6||
1000025593||4|5|6||
1000028901|5|7|9|8|8|
1000000009|5|4|3|3|3|
1000029182|7||6|6||
1000029045|7|8|7|7||
1000028475|5|5|8|||
1000027196||6||6||
1000027740|6|5|6|6|5|
1000028934|6|6|6|||
1000026769|6|5|7|7||
1000020904|6|6|6|9|8|
1000020905|6|5||5|7|
1000020908|6|6|8|8|8|
1000008716|4|5|6|5||
1000026141|4|3|4|5|6|
1000026145|7|8|6|8|9|
1000024694|6|6|6|8|8|
1000027688|4|4|4|4|4|
1000027689||8|7|10||
1000028289|9||8|8||
1000019277|5|8|8|9|8|
1000005231|4|5|5|6|6|
1000029254||4|5|6|6|
1000027505||7|6|6|6|
1000028943|8|8|9|9||
1000029550|7|8|6|8||
1000028321|6|6|6|6|6|
1000029127|8|8|6|8|6|
1000028419|8|8|6|7||
1000027514|5|5||||
1000028151|7|6|6|8|8|
1000026292|8|8|6|6||
1000029082|7|5|7|9|7|
1000029086|4|5|6|6|5|
1000021916|4|5|5|5|5|
1000029144||4|4|4||
1000027763|7|7|7|10|10|
1000027765|8|9||||
1000027768|5|8|5|6|6|
1000027950|5|4||5|5|
1000030092|8||4|5|5|
1000029056|6|6|6|6|6|
1000029057||6|8|9||
1000028443|6|6|7|5||
1000025823|5|6|6|6||
1000025824|4|4|4|4|5|
1000028701|3|4||||
1000028702|4|6|7|7|6|
1000024755|7|8|5|||
1000024758|4|4|4|5|5|
1000028530|5|5|6|7|6|
1000030144|4|5|8|8|8|
1000027993|8|6|6|6|6|
1000028724|4|4||4||
1000030218||6|7|7|6|
1000027024|5|5||6|6|
1000028542|7|8|8|8|7|
1000028543|8|6|7|6|7|
1000025788|7||6|7|8|
1000025789|5|5|5|5|5|
1000025790|4|4|4|8|8|
1000026745|7|7|6|8|8|
1000026749|8|8|6|5|5|
1000019518|7||5|||
1000029266|6|7||||
1000028692|5|4|||4|
1000030314||5|5|6|4|
1000025708|5|5|5|5|5|
1000029493|6||5|5||
1000026307|6||9|8|7|
1000028417|5|5|5|6|5|
1000029318|6|8|8|9||
1000027228|7|7||8||
1000027567|5|6|6|9||
1000027568|5|4|4|5|5|
1000030479|5||5|8|7|
1000027121|||4|4||
1000027122|6|5|5|5|6|
1000029440|5|5|6|5|6|
1000026538||||6||
1000030255|9|||||
1000029029|5|||||
1000029908|6|10||||
1000031292||5|4|6||
1000027329|8|8|8|8|8|
1000031117||8||6||
1000031119|4|2|2|2|6|
1000030745|5|8|8|8|8|
1000031433|5|6|6|5|5|
1000029632|6|6|5|6|6|
1000027341||4|4|4|4|
1000029912|4|4|5||6|
1000029915|5|5||4||
1000030672||8|9|7|8|
1000030687|6|7|8|||
1000030690|6|6|9|||
1000028241|3|4|4|5|6|
1000030292|7|6|7|8|8|
1000027268|4|7|8|7|7|
1000028999|5|6|5|6|6|
1000029556|5|5|5|5||
1000030154|||8|8||
1000027408|4|4||||
1000029965|5|4|4|4||
1000029969|6|10||||
1000026939|4|4||4||
1000028646||8|6|6|7|
1000030249|4|4|4|4|5|
1000030251||9||||
1000025487||8|6|9|9|
1000029184|7|9||8|8|
1000029706||4|4|4|4|
1000025265|4|4|5|5||
1000028199|9||9|||
1000029979|4|8|8|4||
1000030147|5||||4|
1000025959|6|5|6|4||
1000028215|5|7|9|9|9|
1000028245|8|7|6|8|7|
1000028246|8|8|9|9||
1000030086|5|7||||
1000029508|6|6|8|7|6|
1000027582|5|5|4|4|4|
1000030772|5|6||||
1000025986|3|3||||
1000031162|||9|8||
1000030431|5|6|8|7|7|
1000030053|6||7|10||
1000030057|5|6|9|10||
1000030935|||||5|
1000028140|4|4|4|4||
1000028146|9|9|9|10||
1000029944|8|8|8|6||
1000027036|10|||||
1000029517|6|7|7|7|7|
1000029518|8|7|8|8||
1000030033|4|5|4|4||
1000027551|4|4||||
1000030590|6|9|10|||
1000029427|5|6|5|9|8|
1000027588|6|6|6|6|6|
1000030268|4|4|4|5||
1000030269|4|6|8|9||
1000025873||5|||6|
1000029303|5|4|4|5||
1000025731|8|8|8|8|8|
1000029937|5|5|5|5||
1000024766|7|8||9||
1000025941|3|3|3|3|3|
1000029169|6|6|6|5||
1000025948|4|3|5|5|9|
1000028288|7|8||||
1000027626|||6|||
1000026914|5|5|5|4|5|
1000027617|6|5|7|8|8|
1000029832|8|8|8|8|8|
1000030343|8|8|8|9|9|
1000026921|8|8||||
1000029415|5|6|6|6||
1000029418|||9|10||
1000026424|8|6|9|8||
1000027234|7|6|7|9|8|
1000027235|8|8|8|||
1000030701|5|9|8|7|8|
1000028097||5||||
1000028102|8|8|8|8|6|
1000028831|6||6|4|4|
1000029133|5|||6|6|
1000030037|6|7|9|||
1000030038|6|6|6|6||
1000030040|5|7||8|9|
1000030892|8|8||||
1000030800|6|8|8|8||
1000031397||6|8|9|9|
1000030073|4|5|5|5|4|
1000030075|8|8|8|7||
1000028777|5|5|5|6||
1000027221|||6|7||
1000030706|||4|4||
1000031003|6|6|7|||
1000029375||7|9|8||
1000029381|5|6|8|9|10|
1000027416|8|||||
1000030436|4|4||6|5|
1000031200|6||5|6|5|
1000001062|5|4|5|4||
1000030831||6|6|6|6|
1000001091|4|4|5|5|4|
1000030556|5|||6||
1000030473|4|5|4|||
1000001059||5|6|6|4|
1000031651||10|8|8||
1000001093|5|5|7|7|7|
1000030355|||6|4||
1000001154|5|5|6|6|8|
1000001930|4|5|5|5|5|
1000031693||6|6|7|6|
1000001072|6|5|5|6|6|
1000031491||8|6|7||
1000031493||4|4|6|6|
1000031767|||9|9||
1000024089|5|4|4|4|4|
1000004518||6|6|6||
1000030582|5|4|5|5||
1000015447|4|4|4|4|5|
1000001234|7|8|8|8|7|
1000001235|4|4|4|5|7|
1000016126||8|8|8||
1000017913|5|5|4|5|5|
1000028296|7|8|7|7|8|
1000031460||9|9|||
1000023418|6|6|6|6||
1000028371|5|8|8|7|7|
1000004832|7|10|10|||
1000014366|5|5|6|5|5|
1000014368|6|5|6|6||
1000006583|5|4|8|7|8|
1000006584|6|6|6|5|5|
1000005134|4|5|4|6||
1000009494|5|6|8|8|6|
1000016693|4|5|4|5||
1000028615|8|8||||
1000028521|4|4|5|6|7|
1000001289||6|6|6|6|
1000017956|7|6|6|6|7|
1000029523||||6|6|
1000029527|4|4|5|4|4|
1000019332|5|5|5|6|5|
1000001291|4||5|||
1000018924|4|4|6|6|6|
1000004487|4|8|3|||
1000018434|5|5|7|8|9|
1000021724|7|8||9||
1000021725|4|4|4|4|4|
1000030484|6|5|6|6|6|
1000031681||8|7|8|7|
1000004728||||5|4|
1000019621|4|4|6|5||
1000019622|6|5|6|6|6|
1000027279|5|5|6|5||
1000001912||6||6||
1000022848|6|6|6|7|6|
1000022798|8|6|7|7|7|
1000007056|4|5|5|4|4|
1000021495||4||4||
1000026446|5||8|8||
1000004901|5|4|6|5|4|
1000021327|4|||||
1000013141|9|6|7|8|8|
1000031243|||8|9||
1000015188|7|5|6|5|6|
1000011473|3|4|5|7||
1000000486|5|5|5|6|6|
1000027211|6|5|6|5||
1000012327|4|4|5|4|4|
1000027503|4|4|4|3|4|
1000011448|7|7|8|6||
1000030490|6|7|8|8||
1000024496|4|5|5|5||
1000004302|4|5|5|5|4|
1000005188||7|8|8||
1000004468|4||||5|
1000018067|5|5|6|4|5|
1000004929|8|7|7|10||
1000020678||5|4|||
1000004770|5|6||||
1000005031|6|6|7|7||
1000015074|8|6|8|7|6|
1000004654|5|||5|6|
1000005042|6|8|8||5|
1000004417|8|9|9|8|9|
1000020657|7|6|5|5|5|
1000004700|5|||6||
1000020649|4|5||6||
1000020650|5|5|4|4|4|
1000020653|6|8||||
1000020655|3|4|4|3||
1000017866|6|6|5|6||
1000004742|7|5|8|6||
1000008289|4|4||4||
1000008288|6|7|6|9|8|
1000030727|6|6|9|8|8|
1000031916|7|8|6|6||
1000032006|||6|5|6|
1000028594|5|6|6|5|5|
1000031637||9|8|6||
1000011847|||6|5||
1000031016|||6|6||
1000031017|6|||6||
1000011677||8|8|8||
1000028055|7|6|7|8|7|
1000011920|7|6|6|6||
1000031797|||6|7||
1000011642|5|5|6|5||
1000031187|6|8|6|8||
1000011604||8||5|5|
1000011767|||4|4||
1000011631|7|5|4|5|7|
1000011578|5|5||5||
1000031774|||6|5|4|
1000011728|7|7|6|6||
1000032040|||5|6|4|
1000030326|||8|6||
1000030329||8|8|8||
1000029560|7|6|6|9|9|
1000028803|5|6|8|9||
1000026972|5|7||6||
1000027290|8|7||7|8|
1000027291|6|7|8|7|8|
1000032054|4|3|||3|
1000031274||5|7|||
1000031134||10|10|9||
1000031546|6|4|4|||
1000031304||||5|5|
1000031298||6|8|8|8|
1000031235||6|5|6|6|
1000029446|7|8|9|8||
1000031676||9|10|9|9|
1000030989|5|6|6|||
1000030713|5|5|5||8|
1000031727||5|4|5|5|
1000030594|8|9|8|||
1000030596|9|10|10|7|9|
1000031469|||7|6||
1000031095||8|6|6|5|
1000029320|||4|5|4|
1000031102|6|5|5|6|7|
1000029338|5|5|6|5|4|
1000031115|4|6|7|9|8|
1000031858||||9|7|
1000031860|||9|9|8|
1000031440||5|6|7|8|
1000031342|||7|7|9|
1000031780|||6|6||
1000030767||7|6|7||
1000031006|4|4|5|5||
1000029947|4|4|5|5|4|
1000031488||8|8|8||
1000031373|||6|6|6|
1000031519|||6||6|
1000031021|4|6|6|6|6|
1000029353|6|6|9|||
1000009133|4|6|4|||
1000007203||5||7||
1000009602|8|8||||
1000009182|8|8|9|10|10|
1000007905|5|6|4|6||
1000009695|8|8|||10|
1000009110|7|8|8|8|8|
1000007533|4|4|4|5|3|
1000006856|6|10||||
1000008512|5|4|4|5|3|
1000008032|6|6|7|6|6|
1000007094|5|6|6|8|7|
1000007515|6|4|4|5|4|
1000008487|6|5|5|6|6|
1000005933||3||||
1000008762|6|6|8|8||
1000005774|6|7|8|7|7|
1000007502|6|6|8|8||
1000009151|5|5|5|5|6|
1000007501|4||4|4||
1000006852||4||||
1000005940|8|||||
1000005744|8|7|7|6|6|
1000008036|8|5|5|6||
1000008038|8|8|8|8|8|
1000024614|9|8|10|8|8|
1000031623||5|6|8||
1000025715|4|5|4|4|6|
1000008600|||7|8|7|
1000007842|6|5|4|4|4|
1000025840|4|5|4|4|5|
1000009801|5|5|6|6|6|
1000024545|5|6|5|6||
1000024177|8|8|7|||
1000009891|4|6|7|8|6|
1000025995||5|5|5|5|
1000007699|5|5|5|5|5|
1000009909|||4|4||
1000032081||||6|5|
1000009261|5||5|4||
1000028695||5|5|6|5|
1000031736||6|4|5|5|
1000009878|8||6|8|7|
1000031159|8|6|7|8|6|
1000030865|4|5|5|6|5|
1000031997|||9|4|5|
1000008641|4|7||||
1000010787|6|||5||
1000027808|7|8|7|8||
1000027809|5|6|10|||
1000006902|3|3|4|3||
1000030312|||||8|
1000031664|||7|7|7|
1000031627||7|6|5|4|
1000008537|5|5|4|4||
1000031745||9|8|5||
1000026872|6|6|5|5|5|
1000024872|4|5|6|6|5|
1000024874||5|8|||
1000028686|6||9|||
1000028688|6|||||
1000026976|7|8|8|||
1000025128|5|5|5|5||
1000029194|5|5|6|6|5|
1000029196|4|4|2|2|3|
1000028736|4|5|5|7|7|
1000032014|||4|6|5|
1000006954|4|||4||
1000026987|6|5|5|5|5|
1000032070||||7|7|
1000029941|4|6|8|6|5|
1000008579|5|4|4|4||
1000028894|||5|4|3|
1000029437|9|10|9|9||
1000029439|6||9|||
1000027462|7|8|8|8|8|
1000027464|5|8|6|8|8|
1000027465|5||6|5||
1000010031|6|5|6|6|6|
1000010588|7|6|6|5|6|
1000024347|5|6|6|5|5|
1000024149|6|8|7|7|7|
1000010696|5|5|6|5|6|
1000010692|4|5|4|5|4|
1000010693|8|8|8|8|8|
1000024136|5||5|6|6|
1000010831|4|4||8||
1000006970|6|4|5|5||
1000029924|8|7|9|10||
1000010206|4|5|7|8|7|
1000010308|6|5|5|4|5|
1000010407||5||5|5|
1000010303||5||8||
1000024102|9|8|8|8|8|
1000024103|5|5|6|6|6|
1000024104|5||4|4||
1000010382|6|6|8|7|7|
1000008323|4|4|5|||
1000010426||6|6|6||
1000005117|4|4|6|5||
1000028952|8|9|8|||
1000031886|||6|||
1000005177|3|||||
1000028438|4|5|5|6|5|
1000015245||4||||
1000015193|||7|7||
1000004973||||2|3|
1000014029|4|4|4|4|4|
1000030418||7|6|5||
1000006670|6||7|8||
1000026927|5|6|6|8|8|
1000030211|4||4|||
1000005000|6|5|5||5|
1000027949|4|4|5|4|6|
1000031864|||9|9|8|
1000005050|6|6|5|5|6|
1000028640|8|9|8|8|8|
1000031897|||7|8|9|
1000031898|||8|8|8|
1000031791|||9|8|8|
1000009763|8|6||6|6|
1000031914||||4||
1000008128|5|4|5|6|8|
1000031386|||||6|
1000032103|6|8|7|8|8|
1000032074||||10|6|
1000005131|4|4|4|4|4|
1000013091|4|6|6|7|7|
1000006700|7|6|6|6|6|
1000005123||||6||
1000005130|4|5|7|||
1000031458||8|8|8||
1000032011|||4|5||
1000032012|||6|6|8|
1000009931|9|||||
1000031615|||6|8||
1000029741|4|4|4|||
1000029829|9|8|8|5|5|
1000000087|4|3|4|7|5|
1000000096|4|4|5|5|4|
1000000121|6|6|7|7|7|
1000000150|3|3|3|4|3|
1000000155|6|6|6|6|3|
1000000158|4|5|6|4|4|
1000000165|6|6||||
1000000185|4|4|4|4|4|
1000000235|5|5|8|8|7|
1000000244|8|5|5|6|6|
1000000270|6|5|7|6|10|
1000000291|4|3|3|3|3|
1000000310|3|4|3|5|4|
1000000328|5|4|4||4|
1000000347|6|8|6|6|6|
1000000362|5|6|6|8||
1000000375|4|4|4|4|3|
1000000377||4|4|||
1000000408|5|||||
1000000416|5|5|5|5|6|
1000000436|8|||||
1000000437|3|3|3|4||
1000000444|4|4|5|4|4|
1000000478||3|2|3||
1000000479|4|4|4|6|6|
1000000501|3|6|6|6|5|
1000000508|4|||4||
1000000511|8|6|6|8|8|
1000000521|4|4|4|6|6|
1000000554|5|7|6|6|6|
1000000594|6|8|9|6|6|
1000000616|6|6|6|6|6|
1000000642|6|6|8|8|6|
1000000660|6|4|6|5|6|
1000000661|8|8|8|7||
1000000662|6|5|5|5|5|
1000000682||7||8||
1000000700|6|5|5|5|4|
1000000725|4|3|3|3|3|
1000000732|7|7|6|||
1000000738|5|5|6|6|6|
1000000744|3|4|4|3|3|
1000000789|7|6|6|5|8|
1000000796|4|4|5|4|4|
1000000801|4|4|5|4|4|
1000000804|5|5|7|6|7|
1000000805|6|5|5|4|4|
1000000806|4|5|8|8||
1000000816|3|3|4|4|4|
1000000818|3|3|3|3|4|
1000000837|4|4|4|4|4|
1000000855|4|4|4|4||
1000000874|3|3|3|3|3|
1000000880|4|4|5|4|5|
1000000890|4|4|3|3|3|
1000000899|5|5|5|5|5|
1000000903|6|6|7|6|7|
1000000933|5|5|6|6|6|
1000000940|4|4|5|5|4|
1000001028||5|4|6|5|
1000001038|5|4|4|4|4|
1000001065|5|5|5|6|6|
1000001123|5|6||6||
1000001137|5|6|7|6|6|
1000001180|4|4|5|5|5|
1000001191|4|4|3|3|3|
1000001249|4|5|5|6|4|
1000001265|4|4|4|4|4|
1000001293|4|4|4|5|4|
1000001299|5|6|7|7|7|
1000001312|6|6|7|9||
1000001326|6|8|9|9|9|
1000001337|6|6||5||
1000001384|6|6|5|5|5|
1000001389|6|5|5|4||
1000001390|5|4|4|4|4|
1000001393|8|7|7|7||
1000001398|4|4|4|4|4|
1000001400|5|4|4|5|4|
1000001411|4|4|4|4|5|
1000001412|4|5|5|5|5|
1000001416|6|6|6|5|5|
1000001420||4||||
1000001436||||8|8|
1000001441|6|6|6|||
1000001448|3|3|4|4|4|
1000001465|4|4|6|4|4|
1000001467|3|5|4|4|4|
1000001475|4|3|3|4||
1000001545|7|4|4|9||
1000001612|5|5|5|5|4|
1000001616|8|6|6|6||
1000001620||5|6|||
1000001654|5|6|4|4|4|
1000001719|6|6|8|8|8|
1000001727|4|5|4|4||
1000001737|3|4|4|3|5|
1000001742|3|4|5|5|6|
1000001767|8|8||||
1000001770|5|6|5|6|6|
1000001788|5|7|8|7|6|
1000001789|7|6|5|||
1000001790|4|5|6|6|5|
1000001815|4|4|4|5||
1000001835||8|9|10|9|
1000001844|5|4|6|7|8|
1000001854|3|4|4|4||
1000001863|3|5|5|4||
1000001868|4|||||
1000001878|4|4|5|3|4|
1000001906|6|4|5|5||
1000001919|||6|7|6|
1000001954|3|3|4|3|4|
1000001958|4|5|7|7|6|
1000001962|4|3|4|6|5|
1000001989|4|5|6|6|5|
1000002003|3|3|3|3|4|
1000002028|5|6|6|6||
1000002039||4||3||
1000002051||3|2|2|2|
1000002056|4|4|4|4|5|
1000002067|5|5|6|5|6|
1000002102|5|5|6|6|6|
1000002120||8||8||
1000002131|8|7|7|7|6|
1000002134|5|4|4|4|4|
1000002150|5|5||||
1000002151|6|7|6|7|7|
1000002170|7|8|8|7|7|
1000002235|8|7|7||8|
1000002273|6|6|6|8|7|
1000002295|5|5|||4|
1000002307|5|4|4|5|4|
1000002335|5|4|4|4||
1000002351|8|8|8|7|5|
1000002384|4|4|4|4|3|
1000002391|5||4||5|
1000002395|5|5|5|4|5|
1000002406|5|6|8|8|7|
1000002420|5|5|5|5||
1000002444|8|8|9|9|8|
1000002471|5|4|3|3|4|
1000002474|5|6|7|6||
1000002482|7|||||
1000002485|3|4|4|4|4|
1000002488|||4|5||
1000002496|4|4|3|4|4|
1000002505|||6|7|7|
1000002506|4|5|6|4||
1000002551|4|2|3|4|3|
1000002597|5|5|5|6|5|
1000002614||5||8||
1000002634|7|8|8|7|6|
1000002653|4|3||3||
1000002657||5|6|6||
1000002694|7|5|6|||
1000002695|2|3|3|2|3|
1000002704|3|3|4|4|4|
1000002726|4|4|4|4|4|
1000002746|5|6|4|4||
1000002766|6|4|4|4|4|
1000002781|4|5||4||
1000002805|6|4||4||
1000002843|||7|6||
1000002876|4|3|4|3|3|
1000002910||||5|5|
1000002928|6|7|9|8|9|
1000002932|3|3|2|2|2|
1000002937|5|7|6|6|8|
1000002943|5|5|4|4||
1000002945|4||3|4|3|
1000002966|3|3|3|3|4|
1000002983||6|8|9|7|
1000002990|6|6||6||
1000002993||||4||
1000002997|7|6|9|||
1000003115|||3|3||
1000003124|||4|||
1000003140|4|4|4|5|5|
1000003146||4|5|5|5|
1000003165|8|6|6|7|6|
1000003173|6|6|5|6|6|
1000003200|5|4|4|4|5|
1000003218|4|4|4|5|4|
1000003231|4|4|2|||
1000003237|7|8|8|||
1000003281|8|9|9|10||
1000003294|||8|8|8|
1000003307|7|4|5|6|7|
1000003323|6|5|4|4|4|
1000003355|8|7|8|10||
1000003374|8|9||||
1000003398|3|3|3|||
1000003402||||7||
1000003419|6|7||7||
1000003422|4|4|4|4||
1000003447|4|4|4|4|4|
1000003487|8|9|8|8|8|
1000003504|4|4|4|4|4|
1000003508|8|8|9|8|8|
1000003565|6|8|7|8|7|
1000003606|7|8|7|7||
1000003665|7|6|5|4|4|
1000003675|4|4|5|5||
1000003678|5|||||
1000003679|4|6|6|8|8|
1000003691|7|8|8|8||
1000003715|4||4|4||
1000003718|5|4|3|3|4|
1000003802|5|4|3|4|4|
1000003851|5|6|6|7|7|
1000003875|5|5|5|5||
1000003893|6|6|4|5|6|
1000003898|3|3||||
1000003922||6||||
1000003932||4|6|6|8|
1000003945|||6|7|6|
1000003983|||5|5||
1000003987|4|4||4||
1000004000|8|8|8|6|6|
1000004013||5||5||
1000004026||5|4|||
1000004075|4|||4||
1000004103|3|4|4|4||
1000004128||5|6|6|6|
1000004146|4|4|4|||
1000004154|6|5|5|5||
1000004165|5|5|5|6|6|
1000004182|6|4||||
1000004191|4|||||
1000004196|3|3|3|3|3|
1000004209|5|4|8|8|7|
1000004213|4|3|4|||
1000004260||7|6|5|5|
1000004264|4|4|4|5|4|
1000004299|4|3|3|3|3|
1000004315||6|8|8|9|
1000004321||4||||
1000004333||4|5|5||
1000004349|3|4|4|4|4|
1000004355|4|5|5|5||
1000004377|6|6|8|6||
1000004389|5|6||7||
1000004393|6|6||||
1000004394|5|5|6|6|6|
1000004395|6|5|4|4|4|
1000004403|5|6|5|6||
1000004434|9|9|9|9|9|
1000004445|6|6|5|6||
1000004471|4|4|4|4||
1000004483|||6|6||
1000004484|4|8|6|8|9|
1000004571||6|6|7|7|
1000004604|6|5|6|6|5|
1000004617|4||4|4||
1000004624|4|4|4|4|4|
1000004647||4|5|5||
1000004656|6|6|6|6|6|
1000004675|5|5||6|6|
1000004679|9|10||||
1000004685|4|4|4|5|5|
1000004688|4|4|6|9|8|
1000004716|3|3|3|4|3|
1000004774||||5||
1000004784|4|4|4|4|4|
1000004808|5|6|6|7|8|
1000004827|3|4|5|5|5|
1000004838|4|4|3|||
1000004860|4|4|3|||
1000004861|5|5|7|6|5|
1000004912|6|6|8|8|6|
1000004918|4|5||4|5|
1000004920||4||||
1000004921|6|6|6|6|5|
1000004983|6|6|5|6|4|
1000005059|5|5|4|5|5|
1000005070|4|4|5|4|4|
1000005105|8|4|5|8||
1000005150|5|6|6|6|5|
1000005168|4|4|6|8||
1000005181|7|6||8|9|
1000005201|6|7|6|6||
1000005204|8|4|5|8|7|
1000005245||6|5|5||
1000005246|4|5|4|5||
1000005275|4|5||||
1000005316|6|5|7|7|6|
1000005321|9||8|8||
1000005370|5|4|5|5|6|
1000005449|8|5|7|6|6|
1000005494|5|5|5|5||
1000005596|9|5||||
1000005639|4|4|4|4|4|
1000005656|6|6|5|4|5|
1000005682|4|4|5|6|6|
1000005702|2|2|2|2|2|
1000005753||4|4|||
1000005836|6||6|6|5|
1000005875|5|4|4|4|6|
1000005890|8|8||||
1000005897|6|5|7|7|8|
1000005898|6|6|6|7|5|
1000005915|5|5|4|3||
1000005966|4|5|6|6|6|
1000005998|5|4|4|4|4|
1000006002|4|4|6|6|8|
1000006054|8|6|6|6|6|
1000006063|||4|6|6|
1000006113|6|6|6|6|7|
1000006124|7|6|6|6|8|
1000006135|5|5|4|4|4|
1000006141|8|8|8|7||
1000006152|7|8|8|8|8|
1000006182|8|8|8|10||
1000006188|7|7|6|7|6|
1000006198|||5|5||
1000006213|6|5|7|8|5|
1000006220|8|8|8|8|7|
1000006246|3|4|4|5|4|
1000006260|6|8|6|5|5|
1000006278|5|4|4|||
1000006285|4|4|4|4|4|
1000006291|5|||6||
1000006304|4|||||
1000006362|6|6|6|7||
1000006393||7||7||
1000006399|6|10||||
1000006432|5|5|6|4|5|
1000006440|4|4|4|4|4|
1000006449|8|7|7|8||
1000006459|4|4|6|5||
1000006479|4|5|4|4||
1000006483|8|6|7|7|7|
1000006503|4|6|5|5|5|
1000006537|4|6|5|4||
1000006550||5|5|6||
1000006578|8|6|5|5|5|
1000006580|6||6|||
1000006590||4||4||
1000006611|6|7|7|7|8|
1000006631|5|6|7|8|9|
1000006662||5||||
1000006740|||6|6||
1000006744|5|5|||6|
1000006745|6|5|6|6||
1000006797|||6|||
1000006827||8||||
1000006834|7|7|6|7||
1000006867|5|8|7|9||
1000006897|4|4|4|5|5|
1000006914|5|5|6|6||
1000006934||5|6|5|6|
1000006957|6|8||8||
1000006977|6|7|6|6|6|
1000007043|3|3|3|3|3|
1000007054|6|8|6|4|6|
1000007059||6|5|6|6|
1000007066|5|5|5|4|4|
1000007097|||6|6|6|
1000007129||4|3|||
1000007134|5||||5|
1000007137|7|8||||
1000007166|||5|4|4|
1000007167|5|5|5|5||
1000007200|7|6|5|5|6|
1000007216|7|7|7|8|8|
1000007226|5|5|5|5|5|
1000007245||6||6||
1000007283||||4||
1000007306|6|4|6|5||
1000007359|3|4||3||
1000007364|6|7|6|8|8|
1000007369|4|4|5|6|6|
1000007373|6|5|6|6|6|
1000007417|5|6|6|5|8|
1000007444|6|6|9|9|7|
1000007447|6|5|5|6|6|
1000007449|3|3|3|3|3|
1000007476|7|6|5|5|5|
1000007521|10|10|10|10|9|
1000007536|6|6|6|6|6|
1000007606|3|3||3||
1000007611|5|4|4|4|4|
1000007688|4|5|6|5|5|
1000007733|5||6|6|6|
1000007739|5|6|6|8|8|
1000007781|6|8|8|7|6|
1000007845||6|5|6||
1000007855|6|7|8|9|6|
1000007880|6|6|6|6|6|
1000007893|||5|6||
1000007920|7|6|7|8||
1000007927||5|6|||
1000007938|5|5|5|7|6|
1000007945|8|8|8|7|6|
1000007947|8|10||||
1000007994|9|||||
1000008011|5|6|6|5|6|
1000008040|6|6|6|6|5|
1000008106|8|7|9|||
1000008115|5|5|4|4||
1000008119|6|||5|4|
1000008139|6|6|9|||
1000008167|3|4|5|3||
1000008181|5|6|5|||
1000008223|||4|||
1000008237|5|5|4|5||
1000008245|||5|4|4|
1000008265|5|4|5|5|5|
1000008269|7|7|7|7|6|
1000008281|6|7|7|7||
1000008282|6|5|6|6||
1000008330|6|8|9|7|7|
1000008360|||5|5|5|
1000008391|4|5|5|5|4|
1000008399|4|4|4|5|7|
1000008486|9|9|5|7|5|
1000008520|5|6|7|6|6|
1000008546|6|7|6|6|6|
1000008557|6|4|4|5|6|
1000008566|6|8|8|8||
1000008587||5|5|5|5|
1000008597|6|6|7|6|6|
1000008674|6|6|6|6|6|
1000008675|9|10||||
1000008707|5|7||||
1000008779|9|8|10|||
1000008816|5|6|6|6|9|
1000008840|8|8|7|8|8|
1000008848|6|6|6|8||
1000008859|7|7|7|6|6|
1000008865|6|6|6|6|6|
1000008899|4|4|5|6||
1000008906|6|8|7|7|9|
1000009019|5|5|5|6||
1000009022|4|5|5|5|4|
1000009030|4|4||||
1000009041|||6|5|6|
1000009073|8|8|8|8|9|
1000009078||6|6|5|7|
1000009095|6|||||
1000009104|3|3|4|4|4|
1000009111|3|4|4|5|5|
1000009158|5|7|6|6|7|
1000009198|4|4|4|4||
1000009205|4||4|||
1000009227||5|5|5|5|
1000009264|||9|||
1000009303|4|4|5|5|4|
1000009306|5|3|5|5||
1000009317|5|5|5|5||
1000009319||3|5|5||
1000009358|6|6|6|6|7|
1000009392||8|7|||
1000009441||5||6|6|
1000009458|5|4|5|5|4|
1000009473|6|6|5|4||
1000009492||6|6|6|6|
1000009507|9|10||||
1000009516|4||4|4||
1000009595|6|5|6|6|7|
1000009601|4|4|4|4|4|
1000009606|5|8|7|6|6|
1000009615|6|5|5|||
1000009617|4|6|6|5||
1000009676||6|8|5||
1000009712|6|7|7|||
1000009746||6|6|6||
1000009775|5|6|6|6||
1000009785|5|5|5|4||
1000009812|6|6|6|6|6|
1000009940|5||6|6||
1000009945|5|6|5|6|5|
1000009981|4|4|5|4|4|
1000009983|5|5||5||
1000010057|5|6|6|6||
1000010072|5|5|6|6|6|
1000010081|7|8|6|9|6|
1000010082|4|4|4|4|5|
1000010095|8|6|7|7|6|
1000010108|4|4|4|8||
1000010121|5|5|5|4|4|
1000010129|5|6|7|7|8|
1000010208|6|5|6|8|8|
1000010209|4|4|4|||
1000010215|5|5|5|6|8|
1000010217|4|4|4|||
1000010244|5||||5|
1000010295|4|||||
1000010350|6|6|8|8|8|
1000010354|6|4|5|4||
1000010380|6||5|4||
1000010484|8|||||
1000010503|3|6|5|4|4|
1000010506||4|||3|
1000010509||8|6|8|7|
1000010522|5|5|4|5|6|
1000010557|4|3|4|3||
1000010618|7|6|7|||
1000010660|6|7|9|||
1000010715||5||||
1000010719|4|||||
1000010732|6|8|8|8||
1000010791|||4|||
1000010816|4|5|5|6||
1000010827|4||4|||
1000010844|5|6|5|4|5|
1000010852|8|6|6|5|7|
1000010862|3|4|8|10||
1000010879|6|6|6|||
1000010884|4|4||||
1000010898|4|5|5|||
1000010913|5|6|7|7|6|
1000010915|7|6|6|6|9|
1000010919|||5|5|5|
1000010921|7|8|8|8||
1000010930|4|4|4|4|5|
1000010966|6|5|6|5||
1000010972|7|6|8|6|8|
1000010979|8|7|8|8|8|
1000010982|4|4|3|4|4|
1000011006|6|8|5|5||
1000011007|4|5|5||5|
1000011011|6|6|6|6|6|
1000011023|4|5|6|6||
1000011056|5|6|7|6||
1000011074|4|4|4|4|4|
1000011087|7|7|4|5||
1000011093|5|5|5|4||
1000011145|5|5|5|5||
1000011157|||4|6|4|
1000011160|5|6|9|6|7|
1000011163|4|4|7|8||
1000011168|4|4|4|4|4|
1000011174|8|4|5|6||
1000011177|8|8|8|8||
1000011182|8|9|9|10|10|
1000011189|5|5|6|6||
1000011265|7|6|6|7|6|
1000011282|9|9|9|10||
1000011285|9|8|8|6|6|
1000011308||4||8||
1000011321|6|6|6|6|7|
1000011338|6|5|5|||
1000011352|6|7|7|8|8|
1000011354|5|8|6|6|5|
1000011363|5||7|8|8|
1000011457|3|||3||
1000011459||5|5|5|6|
1000011483|4|8|8|8|9|
1000011532|5|5|5|4|5|
1000011544|6|7|7|7|5|
1000011566|5|5|4|3|4|
1000011568|3|3|3|3|3|
1000011590|8|8|8|9||
1000011620|4|4|5|||
1000011629||8||||
1000011640|4|5|6|6|4|
1000011649|5|5|6|||
1000011651|6|6|6|6|6|
1000011664|4|5|6|6|5|
1000011680|4|4||||
1000011752|6|6|9|9|6|
1000011765|||7|7|7|
1000011814|8|6|8|7||
1000011839|4|4|5|4|4|
1000011881|7|9|8|||
1000011888|5|4|4|4|5|
1000011948|7|7|10|||
1000011953|4|4|4|4|4|
1000011988|5|5|5||4|
1000012024|5|||||
1000012025|7|6||5||
1000012033|||6|4|4|
1000012041|6|5|6|5|5|
1000012048|3|3|3|3||
1000012052|5|5|5|6||
1000012085|||3|3||
1000012099|8|7|7|6||
1000012118|4|4|4|5||
1000012127|6|6|5|6|8|
1000012145|7|6|6|7|8|
1000012167|7|6|6|6|6|
1000012169|5|5|5|5||
1000012175|6|5|6|6|5|
1000012199|6|5|5|||
1000012200|6|4||4||
1000012265|4|4|4|3|4|
1000012270|5|5|5|5|4|
1000012308|5|5|5|6|7|
1000012334|5|6|5|6|8|
1000012351|6|8|8|7|8|
1000012354|4|4|4|4|4|
1000012357|4|5||4||
1000012378|5|4|6|6|5|
1000012383|5|5|5|5|5|
1000012385||5|5|5|5|
1000012404|6|7|7|7|6|
1000012418|5|6|5|4|5|
1000012420|9|9|9|8|8|
1000012429|6|6|6|7|8|
1000012478|4|4|5|4|5|
1000012490|5|5|5|5|5|
1000012503|5|6|6|6|6|
1000012540|7||6|6|5|
1000012546|5|5|6|5||
1000012609|10|10|10|9|9|
1000012629|3|3|3|3|3|
1000012700||||3||
1000012707|8|9|9|9|9|
1000012708||||4||
1000012723||5|6|5|4|
1000012728|8|8|10|||
1000012749|6|8|7|6||
1000012753|5|5|4|4|5|
1000012763|5|5|5|5||
1000012769|8|8|9|10|10|
1000012797|3|4|4||5|
1000012800|4|4|4|6|6|
1000012806||4||5|5|
1000012812|5|6|7|7|6|
1000012829|7|6|7|8|8|
1000012846|4|3|4|4|4|
1000012857|6|6|6|7|8|
1000012865|6|8|7|8|6|
1000012942|4|6|4|4||
1000012963|||7|7||
1000012981||8|8|||
1000013009|8|8|9|9|9|
1000013019|5|5|7|5|4|
1000013029|3|3|3|4||
1000013081|6|5|5|6|6|
1000013082|6|5|5|5|5|
1000013200|6|6|6|6|6|
1000013207|5|5|6|5|6|
1000013210|8|8|7|7|6|
1000013224|8|8|8|8|6|
1000013226|5|5|5|6||
1000013227|6|4||||
1000013228|8|||||
1000013270|6|4|4|7|4|
1000013285|4||4|3||
1000013312|7|8|9|8|9|
1000013315||4|4|4||
1000013317|6|6|6|6|6|
1000013352||6|6|5||
1000013356|5|6|6|6|6|
1000013361|5|4|3|3|3|
1000013398|6|||||
1000013413|8|8|8|8||
1000013451|4|3|4|4||
1000013468|7|6|7|8|8|
1000013484|6|5|6|6||
1000013485|5|4|4|4|5|
1000013497|6|8|9|6|6|
1000013499|3|4|4|4|4|
1000013504|5|5|6|5|5|
1000013506|6|6|7|6|6|
1000013525|6|6|5|7|5|
1000013550|8|6|9|8|8|
1000013575|4|5|6|8||
1000013577|4|4|4|4|3|
1000013589|4|4|4|4|4|
1000013591|7|10||||
1000013650|4|5|4|4|5|
1000013668|7|6||||
1000013690|6|6|5|5|5|
1000013720|6|6|8|9||
1000013727|6|4|4|4||
1000013732|7|7|7|7||
1000013792|9|9|9|9|9|
1000013799|5|5|5|6|5|
1000013806|7||8|||
1000013882|4|4|4|4|4|
1000013951|4|5||||
1000013957|5|5|4|4|5|
1000014007|6|5|5|6||
1000014013|7|8||10||
1000014039|||4|4||
1000014087|5|5|5|5|5|
1000014101|8|8|8|9||
1000014115|6|8|8|7||
1000014127|4|5|6|4||
1000014128||5|4|||
1000014134|6|7||||
1000014144|7|9||||
1000014158|8|6|9|7|6|
1000014164|6||5|5|5|
1000014186|3|6|8|8|8|
1000014256|5|6|8|8||
1000014263|4|4|4|5|4|
1000014332|6|5|3|4|6|
1000014418|4|4|5|4|4|
1000014419|5|5|5|5|4|
1000014420|4|3|3|3|3|
1000014438|5|6|6|7|6|
1000014456|6|6|6|6|7|
1000014472||4|3|4||
1000014476|4|4||4||
1000014479|5|5|6|5|5|
1000014480|4|4|4|4|4|
1000014481|5|5|4|5||
1000014483|4|4|3|||
1000014485|4|4|4|4|8|
1000014487|8|6|7|9|6|
1000014490|7||7|8|8|
1000014500|5|6|5|8|5|
1000014502|8|8|9|8|7|
1000014504|5|7|6|5||
1000014529|4|4|6|6|5|
1000014570|4|4|4|4||
1000014572|9|9||||
1000014573|9|||||
1000014581|4|5|5|5|4|
1000014588|||5|4||
1000014596|4|4|5|6|6|
1000014631|4|5|6|8|5|
1000014635|||5|5||
1000014667|4|4|6|6|6|
1000014698|4|4|5|5|5|
1000014740|4|4|5|4|4|
1000014769|6|5|5|||
1000014792|4|4|4|4||
1000014793|6|5|4|4|4|
1000014795||6|6|6||
1000014796|6|5|6|5|5|
1000014817|4|4|4|5||
1000014818|6|6||5||
1000014822|6|6|6|6|5|
1000014844|4||4|4||
1000014869|8|8|7|6||
1000014876|4|5|5|5|5|
1000014886|||5|6|6|
1000014903|3|4|4|4||
1000014922|5|6||6||
1000014925|5|6|6|6|6|
1000014977|3|4|4|4|3|
1000014995|4|4|4|4|4|
1000015001||5|6|4||
1000015008|||5|6|5|
1000015012|8|||||
1000015044|5|4|4|||
1000015061|6|6||5|5|
1000015082|7||8|8||
1000015105|6|5|6|||
1000015116|5|6|7|6|6|
1000015179|4|5|5|5||
1000015194|5|5||7||
1000015217|5|6|7|8||
1000015286|8|6|5|6|5|
1000015347|3|3|3|3|3|
1000015362|4|5||6||
1000015389|8|8|8|8|8|
1000015425|6|5|4|5|5|
1000015434|5|5|5|5|4|
1000015440|3|3|4|4|4|
1000015441|4|4|5|4|4|
1000015475|6||6|6|6|
1000015479|5|5|6|6|6|
1000015484|5|6|6|||
1000015498|5|5||||
1000015522||4|4|3||
1000015534|6|5|5||4|
1000015560|3||4|4|5|
1000015574|6|7|6|7|6|
1000015647|4|4|4|4|4|
1000015659||9||||
1000015667|7|8|6|5|5|
1000015693|4|4|4|4||
1000015697|3|4|4|4|4|
1000015704||5|5|5|6|
1000015705|5|5|6|5||
1000015706|8|6|8|6|6|
1000015726|4|4|4|4|4|
1000015736|6|4|4|6|6|
1000015760|7|6|6|6|8|
1000015780|5|5|5|5|4|
1000015822|6|5|6|5|5|
1000015825|6|5|6|7|6|
1000015835|5|6|7|6|6|
1000015862|3|3|3|4||
1000015919|7|6|8|||
1000015929|6|5|7|5|6|
1000015974|6|5|5|5|5|
1000016013|6|6|6|5||
1000016044|5|4||4||
1000016055|5||||7|
1000016061|7|8||6|5|
1000016070|8|6|10|9||
1000016091|4|4|4|6||
1000016164|5|4|6|6||
1000016202|3|3|3|3|3|
1000016203|8|7|8|7|7|
1000016210|5|5|5|5|5|
1000016211|3|5|5|4|3|
1000016265|7|8|6|7|6|
1000016266|6|8|7|8|9|
1000016289|5|4|5|5|5|
1000016290|6|6|6|6|6|
1000016318|4|||||
1000016341|||4|4||
1000016343|6|8|6|6|5|
1000016390|6|6|9|10||
1000016429||5|8|8||
1000016450|5|5|6|6|5|
1000016459|6|6|6|6||
1000016563|3|3|2|3|3|
1000016564|3|3|3|3|3|
1000016606|||5|||
1000016608|6|6|8|7|7|
1000016622|5|4|5|4||
1000016686||5||||
1000016692|4|4|3|||
1000016695|6||5|5|4|
1000016716|4|4|5|4||
1000016732|7|6|5|5|5|
1000016737|4|5|6|7|8|
1000016762|6|7|7|6|6|
1000016767|6|7|8|10||
1000016800|3|3|4|||
1000016831|4|4|4|5|5|
1000016853|6|6|8|||
1000016891|7|6|6|6|6|
1000016893|||4|||
1000016931|4|4|4|4|4|
1000016939|7|6|5|6|6|
1000016966|6|8|6|5|5|
1000016967|4|5|4|4||
1000017000|6|8|6|7|6|
1000017030|5|6|7|6|6|
1000017100|6|6|6|6|6|
1000017123|4||||4|
1000017145|4|4|4|4|4|
1000017152|4|4|4|4||
1000017202|5|4|6|8|8|
1000017261|4|||4|4|
1000017262|4|8|6|5|7|
1000017270|5|6|6|7|8|
1000017297|8|7|6|6||
1000017313|6|6|6|6|6|
1000017314|5|6|5|5||
1000017315|6|5||||
1000017327|8|8||8|8|
1000017333||6|8|||
1000017339|3|4|4|4|4|
1000017351|7|7|7|7|8|
1000017354|4|5|4|4|3|
1000017385|5|5|6|6|7|
1000017392|6|6|6|||
1000017410|6|3|4|4|4|
1000017422|6|6|6|8||
1000017427|4|4|4|4||
1000017438|6|5|6|7|6|
1000017446|5|5|6|5|5|
1000017489|6|7|8|5|6|
1000017507|6|8|9|||
1000017521|6|6|6|7|7|
1000017523|5|5|5|5|5|
1000017530|4|4|4|4|4|
1000017535|8|7|6|6||
1000017546|2|3|4|3|4|
1000017558|5|5|6|||
1000017592|4|4|4|5|5|
1000017600|5|4|5|5|5|
1000017601|9|10||||
1000017612|4|5|5|5|5|
1000017619|8|8||||
1000017647|5|5|5|||
1000017660||4|4|4||
1000017668|8|9||||
1000017669|4|5|5|5|4|
1000017695|4|4|4|4||
1000017697|4|5|6|5|5|
1000017777||5|4|6||
1000017787||4|4|4||
1000017809|7|6|8|7|6|
1000017814|7|7|7|7|8|
1000017821|5|5|6|7|8|
1000017836|5|5|6|5|5|
1000017839|5|5|5|6|5|
1000017853|8|7||8||
1000017861|4|4||||
1000017882|5|4|5|||
1000017899|6|6|6|8||
1000017905||8|8|||
1000017916||8|9|8||
1000017922||6|7|7|8|
1000025083|6|6|6|5|6|
1000018062|5|4|4|5||
1000018076|4|4|4|||
1000018085|5|5|5|5||
1000018087|4|4|5|5|5|
1000018120|7|5|8|8|6|
1000018145|4|||4||
1000018176|6|6|7|5|7|
1000018211|4|5|5|4|4|
1000018233|4|4|4|4|4|
1000018238||7|6|6||
1000018272|6|6|6|6|6|
1000018276|6|5|4|4|4|
1000018279|4|5|5|||
1000018320|4|5|6|4|4|
1000018358|3|4|4|3|3|
1000018372|4|6|6|5||
1000018392|4|5|5|4|5|
1000018415|6|6|6|7|8|
1000018418|7|6|7|7||
1000018423|5|5|5|6|5|
1000018462|7|8|7|8|8|
1000018564|7|6|7|6|6|
1000018587|5|5|5|5|6|
1000018619|6|5|5|5|5|
1000018640||6|7|||
1000018642|8|8|7|7|6|
1000018648||6|6|5||
1000018656|6|6|8|7|7|
1000018665|5|5|5|5||
1000018709|5|5|5|5||
1000018723||4||||
1000018764|5|4|6|6||
1000018766|6|6|6|8||
1000018784|6|5|4|4||
1000018811|6|6|6|8|9|
1000018821|6|4|4|5|4|
1000018828|8|9|9|9|9|
1000018832|5|3|3|6|6|
1000018846|6|6||||
1000018847|5|5|5|5|7|
1000018872|7|6|6|6|5|
1000018884|5|5|4|4|4|
1000018887|4|4|4|4|5|
1000018896|9|9|8|7|7|
1000018901|6|7|7|6|6|
1000018905|5|4|4|4|4|
1000018911|6|6|6|6|4|
1000018916|6|6|6|7|6|
1000018952|5|5|5|5|5|
1000018962|6|6|6|5|5|
1000018982|4|4|3|3|3|
1000018992|5|5|6|6|6|
1000019012|3|4|4|4|5|
1000019069|5|5|5|5||
1000019085|6|5|6|5|5|
1000019091|2|3|3|3||
1000019101|7|8|9|||
1000019111|4|5|6|9|6|
1000019131|8|8|8|8||
1000019136||4||||
1000019139|5|6|5|5|5|
1000019225|6|7|7|10||
1000019237|5|5|6|8|8|
1000019243|6|6|7|7|7|
1000019270||6|6|6|6|
1000019307|5|5|6|5|4|
1000019325|5|5|5|5|5|
1000019349|4|5|8|7|7|
1000019396|4|5|5|6|5|
1000019419|9|||||
1000019424||7|6|6|5|
1000019458|7|6|8|8|8|
1000019480|||4|4||
1000019488|8|7|6|8||
1000019493|4|4|4|4|4|
1000019506|5|6|5||6|
1000019512||9|9|9|8|
1000019553|10|9|6|4|7|
1000019569|4|4|5|4||
1000019585|6|5|5|5|5|
1000019601||4||5||
1000019654|6|6|6|6|6|
1000019676|8|8|9|10||
1000019699|9|||||
1000019707|7|5|5|4|5|
1000019714|4||4|||
1000019718|6|6|6|5|6|
1000019762||8||||
1000019770|8|8|8|8|8|
1000019811|5||5|4||
1000019850|5|4|5|5|4|
1000019859|4|4|3|3|3|
1000019871|4|5|6|5|5|
1000019875|5|8|8|||
1000019949|5|5|4|4|4|
1000019960|6|6|6|6||
1000019973|5|5||5||
1000020010|7|8|8|8|7|
1000020035|7|7|7|6|6|
1000020046|8|10|8|8|8|
1000020055|8|10||||
1000020056|6|4|6|7|7|
1000020059|4|5|4|4|3|
1000020127||7|7|6||
1000020152|7|9||||
1000020154|5|||||
1000020164|3|5|5|6|5|
1000020195|4||5|5||
1000020205|6|4||4||
1000020212|5|4|4|4|4|
1000020213|4||4|4||
1000020218|6|6|6|6|6|
1000020219|3|6|6|6|6|
1000020224|8|7||||
1000020262|8|5|9|8|8|
1000020315|4||4|4||
1000020317||4|3|4||
1000020318|4|4|6|6|5|
1000020344|6|5|4|3|3|
1000020364|4|4|4|4|4|
1000020419||||6||
1000020437||5|5|5||
1000020451|6|5|5|5||
1000020457|8|8|8|8|8|
1000020483|5|5|6|6||
1000020512|7|5|5|6|5|
1000020514|8|6|6|7||
1000020534|4|5|6|6|5|
1000020538|6|5|5|4|7|
1000020569|5|5|5|4||
1000020570|4|5|4|4||
1000020575|6|7|7|7|8|
1000020579|3|4|4|4||
1000020600|5|4|4|4||
1000020647||4|5|5||
1000020822|5|5||4||
1000020833|8|8||8||
1000020871|||6|6||
1000020876|8|8|8|5|5|
1000020888|6|5|5|6|6|
1000020897|8|6|4|||
1000020949|5|5|5|||
1000020968|5|6|6|6||
1000020978||3|5|5||
1000021011|7|7|6|7|7|
1000021026|4|4|4|4|4|
1000021029|8|8|8|8|9|
1000021032|6|6|5|6||
1000021036|5|4|5|4|4|
1000021045|5|6|7|8|6|
1000021081|5|8|5|5||
1000021082|5|6|5|4|4|
1000021097|5|5|4|4||
1000021139|8|7|7|7|8|
1000021167|6|6|6|6|5|
1000021179|4|5|6|4|4|
1000021189|||4|4||
1000021196|4|4|4|4||
1000021205|5|5|5|4|4|
1000021227|5|5|5|||
1000021228|4|4|5|5|5|
1000021232|4|4|4|4|4|
1000021256|5|||||
1000021319|6|6|8|8||
1000021321|9|||||
1000021326|5|5|5|5|5|
1000021332|4|4|5|5||
1000021363|6|6||5||
1000021411|8|8|8|8|8|
1000021434|3|3|5|3||
1000021469|8|6|6|10||
1000021501|4|4|4|4||
1000021534|7|7|7|5|6|
1000021537|5|6|6|6|8|
1000021546|5|5|5|4||
1000021582|3|4|4|4|4|
1000021588||5|6|5||
1000021591|5|5||||
1000021598|5|5|5|5|6|
1000021618|6|7|7|6|6|
1000021658|5|6|5|6|6|
1000021683|3|4|4|4||
1000021688|6|6||||
1000021734|7|7|6|6|5|
1000021757|7|6|6|6||
1000021789|5|5|5|||
1000021835|6|4|4|||
1000021836|5|8|8|8||
1000021935|6|6|8|8||
1000021978|5|5|6|6|6|
1000021998|6|6|8|8|8|
1000022004|7|8|8|8||
1000022029|9|10|9|10||
1000022030|9|9|9|9|9|
1000022031||6||5||
1000022036|6|8|6|6|6|
1000022066|6||5|6|5|
1000022067|5|4|4|||
1000022082|6|6||6||
1000022100|5|5|5|6|8|
1000022101|6|6|6|7|6|
1000022113||6||6|7|
1000022132|||4|4||
1000022139|3|4|4|3|3|
1000022147||4||6||
1000022194|6|7|7|7||
1000022196|4|||4||
1000022212|5|4||4|5|
1000022227|5|||||
1000022231|4|3|4|4||
1000022239|6|6|6|6|6|
1000022244|6|6|7|6|6|
1000022261|8||8|7||
1000022295|4|4|5|5|5|
1000022318|6|6|5|5||
1000022319|5|5|6|7|7|
1000022332|4|4|5|6|6|
1000022360|5|4|3|2|3|
1000022361|5|||7||
1000022365|8|8|9|9|10|
1000022367|6|8|8|8||
1000022386|8|8|6|8||
1000022412||6|5|4||
1000022414|8|8|8|7|7|
1000022421|4|4|3|4|4|
1000022428|5|||||
1000022453|5|5|6|||
1000022475|6|6|6|6|6|
1000022480|6|7|5|5|5|
1000022481|||4|5||
1000022488|6|6|7|6|7|
1000022501|6|5|5|5|5|
1000022511|5|5|6|5|5|
1000022532|6|6||6||
1000022557||5||||
1000022564|6|9||||
1000022593|4|4|4|5|4|
1000022618|4|4||4||
1000022625|5|5|5|4||
1000022673|8|6|8|8||
1000022687|4|4|5|4||
1000022728|7|8|8|9|8|
1000022782|5|6|6|6||
1000022790|5||5|5||
1000022807|5|5|5|4||
1000022861|4|4|4|4|4|
1000022906|8|8|6|8|7|
1000022935|5||||5|
1000022973|5|5|5|4||
1000022980|4|4|4|5||
1000022994|4|4|3|4|4|
1000023015|5|5|6|6||
1000023028|6|4|6|6|6|
1000023029|3|3|3|3|3|
1000023030|3|4|4|4|5|
1000023054|7|8|7|7|6|
1000023066|4|4|4|5|5|
1000023105||5||5||
1000023110|5|5|6|6|6|
1000023111|4|8|6|6|7|
1000023121|4|6|5|||
1000023167|5|5|4|5||
1000023177|8|8|8|8|7|
1000023189|4|5|5|6||
1000023191|8|8|6|6||
1000023193|8|10||||
1000023207|4|4||||
1000023215|6|6|5|4|4|
1000023219|5|8||6||
1000023224|7|7|7|8||
1000023227|8|7|8|8|8|
1000023248|6|6|7|6||
1000023259|5|4|5|5||
1000023262|5|6||8||
1000023266|6|8|10|||
1000023282|10|||||
1000023289|3||4|4||
1000023292|6|5||4||
1000023294|4|4|5|6|4|
1000023312||5|6|6||
1000023364|8|6||9||
1000023387|5|5|5|||
1000023388|8||7|6|5|
1000023402|6|6|7|7||
1000023403|8||5|5||
1000023409|8|6|4|4||
1000023410|5|5|5|5||
1000023412|5|5|4||5|
1000023430|8|8|9|8|8|
1000023472|6|9||||
1000023498|6|5|6|5|5|
1000023504||||5||
1000023522|5|4|4|4|3|
1000023530|5|6|6|6|5|
1000023531|6|6|5|4|4|
1000023569|5|6|5|4|6|
1000023573|5|4|8|5||
1000023601||6|6|6|6|
1000023611|4|4|4|5|4|
1000023617|5|7|8|||
1000023627|7|9|10|10|9|
1000023630||4|4|||
1000023632|9|9|8|8|8|
1000023652|4|||4||
1000023661|4|4|4|4||
1000023680|6|7||||
1000023718|5|4|4|4|4|
1000023738|3|3|4|4|4|
1000023749|5|6|7|8|10|
1000023754|4|||||
1000023761|5|6|6|6|7|
1000023782||5|5|5|5|
1000023787|8||9|||
1000023800||4||4||
1000023857|5|4|4|4|4|
1000023896|6|5||5||
1000023903|5|||7||
1000023923|5|6|8|||
1000023927|6|6|6|6|6|
1000023943|4|5||4|6|
1000023970|7|8|8|9||
1000023980|5|4|4|4|5|
1000024021|8|8|7|||
1000024030||7|8|8||
1000024062|5||6|6|6|
1000024105|5|5|6|4|4|
1000024119|4|3|4|4||
1000024166|4|5|6|7|7|
1000024276|5|6|6|4||
1000024368|5|5|6|5|5|
1000024446|6|6|6|6|7|
1000024502|||4|6|6|
1000024504|4||4|5||
1000024520|6|5|6|6||
1000024524|7|8|8|8|8|
1000024585|5|6|6|6||
1000024593|5|4||||
1000024615|5|6|5|7||
1000024623|6|5|6|8|8|
1000024659|5|6|6|5||
1000024666|6|6|6|||
1000024688|6|8||||
1000024707|6|6|8|8||
1000015307|5|5|5|5||
1000020994|4|4|4|4||
1000020996|6|7|7|6||
1000020924|5|6|6|7|7|
1000020926|4|||||
1000024805|5|5|5|5|6|
1000024807|||6|||
1000024927|5|7|10|||
1000025125|7|8|8|8|8|
1000025195|5|6|6|||
1000025196|8|6|5|6||
1000024811||4||||
1000005533|5|9||||
1000026149||9|10|||
1000026151|10|||||
1000015685|6|6|6|6||
1000012456|7|8|7|6||
1000005255|8|8|9|9|9|
1000022569|6|9|8|8|8|
1000019437|5|5|5|4||
1000018728|7|7|7|6|5|
1000018731|6||6|5|6|
1000009337||4|4|4|4|
1000025396|6|6||5|5|
1000025397|8|8|8|7|7|
1000025399|6|6|6|6||
1000025368|5|5|9|10|10|
1000025238|5|5|5|4|4|
1000025809|5|4|5|||
1000019800|4|5||5||
1000011230||3|3|3||
1000005334|6|6|6|6|5|
1000007868|6|5|5|5|5|
1000006793||5|5|||
1000026426|4|5|4|4|4|
1000026430|4|4|4|4|4|
1000024422|4|4||||
1000025902|5|4|4|5||
1000025904|6|6|6|6|7|
1000023013|6|6||||
1000025391|5|5|6|5||
1000015894|8|6|6|5|5|
1000019296|6|7|7|8||
1000022638|5|5|6|5||
1000018081|4|5|4|5|4|
1000018082|7|8|9|7|7|
1000010567|5|5|4|5|5|
1000025465|5||8|||
1000005439|4|4|5|5||
1000025871|6|6||10||
1000025777|6|6|6|6||
1000025318|5|4|6|5||
1000005529|4|4|4|4||
1000024791|6|5||8||
1000021645|4|8|4|||
1000015410|5|4|4|4||
1000006724|6|7||7||
1000006725|6|5|5|5|6|
1000005394||6|5|||
1000024946|||7|7||
1000025221|6|6|6|5|6|
1000026291|||9||5|
1000018159|5|||||
1000020998|8|8|8|9||
1000006767||6|8|7||
1000009956|7|6|7|7|8|
1000022348|5|6|6|5|5|
1000025875|4|5|5|6|6|
1000006756|7|7|7|6|7|
1000026081|5|5|5|4||
1000027014|6|6|5|6||
1000008926|6|6||||
1000025937|8||8|9||
1000026259|4|4|4|||
1000005488|4||4|4|5|
1000025737|4|5||||
1000025740|8|9||||
1000026043|||4|5||
1000025284||8|8|8|8|
1000025285|6|5|5|6|6|
1000026178|6|6|8|7|8|
1000023819|4|4|5|7|8|
1000023822|4|5||5||
1000025856|4|4|8|4||
1000026057|5|7|6|6|6|
1000014275|5|4||3||
1000026300||8|8|8|8|
1000027134||||8||
1000027135|3|||||
1000015733|7|6|7|8||
1000025110|7|6|6|6||
1000027207|9|8|8|10||
1000015416|6|5|5|5||
1000026100|8|9|8|10|10|
1000022449|6|6|7|6||
1000025543|8|6|7|6|6|
1000026418|6|6|6|6||
1000013976|6|5|5|4|4|
1000013977|10|||||
1000025723|4|4|4|4|4|
1000019475|8|8|8|7|8|
1000021720|7|6|7|9||
1000015318|4|4|4|4||
1000005247|7|8|10|10||
1000015613|4|4|4|5|8|
1000020124|4|5|5|||
1000026602|7|||||
1000021929|10|||||
1000022879|4|4|4|4||
1000024297||||6||
1000026553|5|4||4|5|
1000024074|6|4|7|5||
1000026233|8|6|5|6|6|
1000018091|4||3|3||
1000025661|6|6|6|8||
1000025662|5||5|5|6|
1000011910|7|8|8|9|9|
1000026109|5|6|6|8||
1000005253|5|6|5|6|6|
1000022868|5|6|6|5||
1000019430|7|8|8|6|7|
1000023299|6|||5|5|
1000007889|4|5|8|||
1000025414|4|4||4|4|
1000025417||6||4||
1000008376|5|5|5|5||
1000025155|4|5|5|5|5|
1000008156|5|7|9||9|
1000008157|6||7|6|7|
1000024973||4||||
1000025573|4|3|3|3|3|
1000021536|8|8|8|8|8|
1000011046|4|4|4|4||
1000018107|8|8|8|7||
1000019255|6|8|8|8||
1000019266|6|7|6|6||
1000025129||5|5|5||
1000021794|2|4|5|5|4|
1000026004|6|8|9|||
1000026916|4|4|5|4|5|
1000026869|4|4|4|||
1000027530|6|4|8|6|6|
1000026792|5|5|4|||
1000026793|5|4|8|||
1000024899|6|6|6|6|6|
1000011891|8|8|8|8||
1000028303|5|4|4|4||
1000026502|4|3|3|5|4|
1000026452|7|6|6|6|6|
1000027612|8|5||||
1000024978|5|3|3|4|3|
1000025229|5|5|9|9|9|
1000027745|5|5|6|6|7|
1000026671|8|8|8|8|8|
1000027958|7|5|5|6|7|
1000027960||4|4|4||
1000027962|6|6|5|5||
1000011519|8|9||||
1000013172||5|5|5||
1000025351|||6|6||
1000026645|6|8|9|8||
1000026648|6|6|6|7|7|
1000027586||6|5|5||
1000025290||5|5|5|5|
1000025292|6|7|8|8|6|
1000027095|8|8|4|5|4|
1000027112|5|9||||
1000027166|8|8|8|9||
1000024922|5|4|4|5||
1000026219|8||6|7|7|
1000027079|6|7|6|6|6|
1000027259|6|6|8|6|7|
1000027252|6||6|||
1000021008|6|6|5|6||
1000027782|2|3|7|8|8|
1000027337|6|6||6||
1000027413||6|6|||
1000028916|5|5|6|4||
1000027856|8|8|4|4|8|
1000027857|6|6|8|8|7|
1000026444|8|8|8|8|8|
1000028115|4|5|5|5||
1000026550|8|7|6|6|6|
1000025629||5|5|4|4|
1000024320|6|||5|5|
1000014077|5|4|5|4|4|
1000005483||4||4||
1000029072|10|||||
1000026163|6|||4|6|
1000024710|5|5||5||
1000028712|5|5|5|6|8|
1000027387|8|8|10|10||
1000026693|6|6|6|5|5|
1000028158|||5|6|6|
1000028161|6|6|6|6|6|
1000028560||||6||
1000027315|8|9|9|7|8|
1000026708|4|5|8|6||
1000028089|6|7|8|6|6|
1000029021|8|5|6|7|6|
1000027721|8|7|8|7|7|
1000027190|5|7|6|8|7|
1000025669|7||7|8|8|
1000026391|8|5||8|8|
1000026393|6|6|7|7|8|
1000026031|3|4|3|4|5|
1000028856|5|5|4|5||
1000027293|5|6|6|5||
1000027294|7|6|6|6|6|
1000027296|||4|5|6|
1000027139|5|6|6|9|8|
1000025216|6|6|6|6||
1000026811|4|4||||
1000028393|||4|3||
1000025970||9||||
1000026048|6|6|6|6||
1000026790|8|9|10|9||
1000029275|4|||4||
1000027002|3||3|3|3|
1000008381|4|4|4|||
1000028201|6|6|5|5||
1000028203|6|6|5|7|7|
1000028204|8|10|10|||
1000028177|4|4||5|6|
1000027901|7|8|8|9|8|
1000027657|3|4||4||
1000027845|7|7|8|10||
1000026880|6|8|8|8|9|
1000021850|5|4|6|5|6|
1000028108|4|5|5|5|5|
1000028795||4||4||
1000029203|5|5|5|5|4|
1000029008|8|8|6|8|7|
1000000006|4|3|4|4|4|
1000029236|5|7|8|7|6|
1000027646|8|7|6|6|6|
1000028030|4|6||5||
1000029048|7|7|10|||
1000027287|8|5||4|5|
1000028279|7||7|7|8|
1000025797|6|7|7|7||
1000026618|4|4|4|4|4|
1000028518|5|5||||
1000028520|||4|5||
1000026563|7|6|6|8||
1000026568|8|9|7|6|6|
1000026726|6|7|6|6||
1000026768|6||6|6|6|
1000026955|5|6|6|6|6|
1000008715|4|3|3|3||
1000005470|6|6|6|6|6|
1000027487|5|5||||
1000012147|5|5||5|5|
1000027077|6|6|6|5|6|
1000005232|5|5|5|5|4|
1000024995|4|6|6|8||
1000024999||4|4|4||
1000028578|6|8|7|6|7|
1000014005|5|6|6|6|5|
1000014006|6||6|6|6|
1000029125||||6|4|
1000028421|4|3|3|3|3|
1000028209|7|7|6|6|6|
1000019501|6|7|6|6|8|
1000027599|6|6||6||
1000029331|3|4|4|4|4|
1000011906||6|||6|
1000026831|5||5|7|7|
1000026836|4|||4|4|
1000026295|8|7|8|9||
1000027709||6|8|7||
1000028878|6|6|6|6|6|
1000028603||8||8|7|
1000027770|6|5|6|5||
1000028570|7|8|7|6||
1000028508|9|||||
1000025372|5|6|4|4||
1000027378|8|8|8|8||
1000028628|5|5|6|6|6|
1000028892|8|9|9|9|9|
1000028584|6|6|7|8|10|
1000028442|5|5|5|5|5|
1000028555|4|6|8|4||
1000028042|4|4|4|4|4|
1000028771|8|6||||
1000028773||4||5||
1000027353||5|6|||
1000028861|5|5|5|4|7|
1000028866|7|8|9|7|7|
1000028490|4|8|7|8|8|
1000030045|7|8|9|10|8|
1000027049|9|||9||
1000027053|9|||||
1000028067|4|4|4|4||
1000028308|6|6|7|6|6|
1000027983|5|6|6|6||
1000028659|6|6|6|6||
1000028660||4|3||4|
1000025787|||5|3|4|
1000030263||6||4|4|
1000027784|4|4|6|5|5|
1000029247|6|7|7|6|9|
1000013887||7||6||
1000030573|4|||5||
1000025691|5|4|4|3|3|
1000025896|5|4|4||5|
1000027566|8|6|10|10||
1000030651|5|4|5|4|6|
1000029445||4|5|7||
1000020916|9|||||
1000030824|8|8|10|||
1000031291||9|8|6||
1000031294||5|5|4|4|
1000030324||5|5|6|5|
1000027330|6|8|8|9|9|
1000031116|5|||||
1000029154|3|3|4|4|5|
1000029268|8|8|6|7|8|
1000030300||8|8|6||
1000030301|5|5|4|4||
1000026699||8|9|9|9|
1000030348||||5||
1000025059|7|8|7|8|8|
1000028970|5|5|5|6||
1000028971|5|5|6|6|6|
1000029449|4|4|3|4|4|
1000027263|4||6|6||
1000028998|5|5||5|5|
1000030948|8|6|6|6|7|
1000030885|5|6||7|7|
1000029703|5|6|8|9|9|
1000027173|8|8|8|10||
1000029329|6|6|5|5|5|
1000029539|9|6|6|6|6|
1000029722||4|7|7||
1000029991|6|8|8|||
1000029982||5||6||
1000030186|6|6|6||4|
1000029364|9|6|6|8||
1000029043|8|8|8|5|5|
1000030081|5|7|7|8|8|
1000030082|4|5|6|8||
1000031040|8|8|7|7|7|
1000029621||||8||
1000027584|4|5|5|5|5|
1000030770|4||4|4|4|
1000009612|5|4|5|4|4|
1000029814|5|7|8|10||
1000025255|5|6|6|6|5|
1000029408|6|6|5|||
1000029739||7|6|6|6|
1000030432|||6|8|8|
1000030054|8|9|9|||
1000029323|7|5|7|6|6|
1000029006|6|6|4|4||
1000027682|9|7|7|6|6|
1000030694|6|6|8|8|9|
1000026800|6|6|7|7|6|
1000030035|5|5|7|6|6|
1000028383|6|7|8|9|8|
1000027554|8|4|5|5||
1000029767|5|4|7|6|6|
1000030615|6|6|6|6|5|
1000030012|||6|6||
1000027919|6|6|5|6|6|
1000027921|5|4|4|5|5|
1000029308|5|5|5|5|5|
1000029939|9|9|8|||
1000024765|3|4|3|||
1000024767|10|||||
1000030364|4|5|6|8|8|
1000028905|5|5|5|6|7|
1000028906|||5|5|7|
1000029424|3|4|7|8|6|
1000028959|8|7|8|10||
1000030496|||6|6||
1000030553|8|6|8|8|8|
1000026922|7|7|6|6||
1000027256|9|||||
1000030450|5|5|5|4||
1000028937||4|5|4|4|
1000029018||5||||
1000029572|8|10||||
1000029129|5|9||||
1000029279|4|5|5|5||
1000029281|8|8|10|||
1000029399|5|4|4|||
1000030420|5|4|4|3|3|
1000028463|6|7|6|8||
1000028870|8|||8|8|
1000028872|7|10||||
1000030889|8|8|8|9||
1000030845|4|5|5|6|5|
1000029502||9|8|8|8|
1000029503||8|6|6||
1000030907|8|10|10|||
1000030986|6|6|6|||
1000029478|6|4|4|5|5|
1000029479|6|||7|8|
1000031476||8|5|6|6|
1000027180|9|||||
1000030417|8||6|4|4|
1000027458|5|7|10|10||
1000031325|||7|7||
1000030170|6|5|6|||
1000029380|8|8|9|8|8|
1000001188|8|8|8|8||
1000030438|6|5|8|7|7|
1000030548||||8|8|
1000001015||||7||
1000027633|9|9|9|9|8|
1000030568|6|5|4|4|4|
1000030462|6|6|5|5|5|
1000030827||7|8|8|7|
1000027802|5|6|5|6|6|
1000030640||8|6|7|5|
1000030789||6|8|8|8|
1000030475|6||7|6|6|
1000001181|3|3|3|3|3|
1000001370|7|6|7|5||
1000030373|4|5|5|5|5|
1000001051|4|3|3|3|3|
1000018255|5|6||7||
1000030904|5|5|7|6||
1000001110|5|5|5|5|5|
1000001200|6|6|6|5||
1000001202|8|8|7|6||
1000031492||9||5||
1000001349|5|5|4|6|5|
1000001350|5|5|4|4|4|
1000028792|5|||4||
1000001204|6|5|5|4|5|
1000030699|8||7|||
1000016442|4|6|5|4||
1000016443|5|5|5|5||
1000027299|8|7|9|||
1000026478|4|6|6|6||
1000028306|8|8|7|8||
1000029510|4|5|6|6||
1000029513|5|6|8|6||
1000001274|6|5|5|5||
1000030340|5|6|6|6|5|
1000019457|9|||||
1000027696|5|4|5|4|4|
1000016721|4|4|5|5|5|
1000031147||||7||
1000028607|7|9|9|8|10|
1000028608|||6|5||
1000001225|6|7|5|6|5|
1000001288|2|2|2|2|2|
1000001251|5|6|6|5|5|
1000001252|6|6|5|6|5|
1000025121|6||8|||
1000030540|5|5||||
1000019335|5|5|5|6||
1000012150|6|8|6|6||
1000001304||3|3|3||
1000019727|8|8|7|8||
1000031679||9|8|||
1000022697||6|5|4|4|
1000020786|6|6|6|||
1000027280|5|6|7|7||
1000007468|4|7|8|8|9|
1000004893||4|4|4|5|
1000007461|4|4|4|3|3|
1000017979|5|6|6|6|6|
1000022802|5|6|6|5|5|
1000019590|8|6|8|9|8|
1000006099|5|5|5|5|5|
1000013144|8|9|7|7||
1000008345|8|6|5|6|6|
1000026353||6||4|5|
1000005873|7|5|7|7|6|
1000027130|4|5|6|6|6|
1000017971|6||5|6|6|
1000011520|5|6|5|4|5|
1000012083|5|4|4|||
1000000536|2|2|4|3|3|
1000031219||6|5|5||
1000024497|8|5||||
1000006593|6|7|7|8|9|
1000006595|||5|5||
1000004900|4|3|4|4|6|
1000004927|6|6|7||4|
1000017999|4|4|6|5||
1000020686||4|5|5||
1000020680|4|5|4|4||
1000006506|4|4|4|3|3|
1000009860|7|6|7|9|8|
1000005200|6|8|9|8|7|
1000004975|6||6|5||
1000018025|4|4|4|3||
1000011831|5|5|5|4||
1000020658|6|5|5|5||
1000020660|4|4|5|5||
1000004329|6|8|8|7|8|
1000017796||7|7|6||
1000010485|6|6|6|6||
1000013741|8|8|9|8|9|
1000025852|9|8|6|5|5|
1000004250|||4|5||
1000025859|5|6|7|5||
1000004252|6|5|6|8|8|
1000006966|7|7|9|9||
1000008589|||4|||
1000017939|8|6||5|6|
1000017773|5|6|6|4||
1000004707||5|5|||
1000004709|7|7|9|||
1000029890|5|4|4|4|2|
1000031830|6|6|6|6|5|
1000030724|4|5|5|5|6|
1000031784|||||8|
1000028599||4|4|||
1000011791|5||5|5|6|
1000027248|4|6|5|5|4|
1000011676|3|3|4|3|2|
1000011603|2|3|4|4|4|
1000011659|5|5|5|4||
1000011798||4|4|4||
1000011732||4||4||
1000030101|5|6|10|||
1000030102|4|5|5|5|5|
1000029885|5|6|5|5|5|
1000029651|6|8|6|7||
1000029563|4|5|7|6|5|
1000031750||7|9|9|9|
1000030096|4|5|5|8|8|
1000029582|4|8|8|8|8|
1000030648||5|6|8|4|
1000031794||||6|4|
1000031132||8|9|||
1000031136||6||5||
1000031334||6|7|8|7|
1000032024|||8|7||
1000032069||||6|5|
1000031246|7|6|6|||
1000031248||8|8|8||
1000031251|6|6|6|8|6|
1000028533|5|5|6|5|5|
1000028482|5|||||
1000031305||8|4|5||
1000032063||||6|6|
1000030442|8|8|7|6|7|
1000030894|7|8|6|5|5|
1000030898|||5|||
1000030629|5|6|6|5|4|
1000026527|6|4|4|4||
1000031174|||9|8|8|
1000031176||8|7|8||
1000031810|||6|5|6|
1000027092|5|5|6|5||
1000030712|4|3|3|3|3|
1000031825|||8|8|10|
1000031587||||7|5|
1000030961|8|10|8|9||
1000031218|7|8|8|7||
1000031083||5|6|6|9|
1000029600|6||9|10||
1000030609|6|8|7|8|7|
1000030611|5|5|5|6|6|
1000031101||6|7|||
1000026826|6|5|5|6|5|
1000031110|8|7|8|7|8|
1000031125||10|7|7||
1000031352||6|6|6|6|
1000031801|||9|8||
1000030768|6|9||||
1000029946|6|5|5|4||
1000030795|7|6|6|8|8|
1000031372||8|8|7|6|
1000030944||8|9|10|9|
1000029073|5|6|5|6|6|
1000029074|||10|||
1000031390||||8|6|
1000030918|4|4|5|4|4|
1000031322|||6|||
1000029333|5||6|7|7|
1000031034|||9|10||
1000031281||8|9|8|7|
1000031224|7||7|4||
1000030262|5|3|3|3|5|
1000030137|8|8|7|7|7|
1000005707|6|6|7|7|7|
1000009661|8|8|7|8||
1000009607|5|5|6|5|6|
1000007915|4|4|3|5|6|
1000009124|5|6|7|8|7|
1000008174|9|6|9|||
1000007616|5|4|4|4|4|
1000009183|6|6|6|7|6|
1000008795|5|5|5|8||
1000005901|5|5|7|6|7|
1000009170|5|5|6|8||
1000008780||6|5|5||
1000008514|5|5|4|6|6|
1000007601|3|3|4|3|4|
1000009169|9||8|7|7|
1000008990|8|6|9|10||
1000008966|3|4|4|||
1000007592|9|||||
1000009509|4|5||5||
1000006831|5|5|6|8||
1000009390|4|||5||
1000008823|5|5|5|5|6|
1000007560|5|5|5|5|5|
1000005735|6|6|6|6||
1000009618|6|5|6|6|6|
1000009209|7|7|7|7|7|
1000008818||4|5|5||
1000024681|6|10||||
1000024682||4|4|5||
1000010233|5|5|5|4|4|
1000025521|5|5|5|4|5|
1000024122|5|5||||
1000024187||9|8|8|9|
1000009786|4|4|6|5|4|
1000031760||4|4|3|3|
1000026197||6||||
1000032080|4|4|5|5|5|
1000006998|4|5|5|5||
1000008656|6|6|5|5|5|
1000024253|7|6|6|5|5|
1000008132|9|9|10|||
1000026609|4||5|6||
1000026611|4|5|5|7|5|
1000008209|6|6|6|5||
1000008340|5|5|5|5||
1000009295|7|7|6|7|7|
1000009882|||5|4||
1000025205|6||9|7|9|
1000025209|6|6|6|6||
1000025210|5|4|7|5|5|
1000009301|5||5|5|5|
1000010550|4|4|4|||
1000009898||6|5|4|8|
1000024692|4|4|4|||
1000032089|4|4||4||
1000007840||5|5|5|5|
1000031695||||8|5|
1000031876||||8||
1000028663|5|5|6|8||
1000030520|5|4|6|5||
1000027690|6|6|6|6|5|
1000028677|8|||||
1000028678|7|7||||
1000024873|5|4|5|5|5|
1000031539||5|6|6|6|
1000007750|6|6||7||
1000030396|5|5|5|6|6|
1000030397|6||5|6||
1000026983|8|7|8|8|8|
1000031729|||4|4||
1000032016|||6|7||
1000009237||3||||
1000031421||8|7|9||
1000008593||6|6|6|6|
1000029849|6|5|6|10||
1000029850|4|3|4|4||
1000027098|8|10|10|||
1000028446|5|5|6|5|4|
1000028896|6|7|8|||
1000030497|8|6|6|10|10|
1000027669|7|6||7|6|
1000029436|4|4|4|4|4|
1000006947|4|4|5|5|5|
1000027672|6|6|8|6|5|
1000030203|8|8||7|7|
1000030502|5|6||||
1000010258|6|5|5|5|6|
1000009994|5||5|5||
1000008318|4|4|6|6|5|
1000008319|5|5|5|||
1000024150|6|6|6|6||
1000010338|4|5|4|4|4|
1000010339|5|5|5|6|6|
1000009987|6|7|6|5|5|
1000009868|6|4|4|4|5|
1000010168|6|6|6|6|6|
1000010170||9||||
1000024332|5|6|6|6|8|
1000008308|4|5||||
1000024131|8|8|8|9||
1000010321|8|5|4|5|8|
1000010317|5|8|7|6||
1000010148|4|4||||
1000010152|6|6|7|6|6|
1000008623|7|7|8|8|9|
1000008624||5|5|5|5|
1000008314|5|5|9|7|7|
1000006987|5|5|6|7|5|
1000010313|6|6|7|7|8|
1000010511|5|6|9|||
1000010269||3|3|3|3|
1000009845|5|6|6|6|6|
1000014059||5|6|6||
1000031436|8|10|9|9|9|
1000031557||8|7|6|6|
1000005182|8|10||||
1000006711|6||7|7||
1000014035|6|6|5|6|6|
1000032023||6|8|5||
1000029222|5|5|4|4||
1000032052||||9|5|
1000030208|6|6|8|10|10|
1000024817|4|4|5|5|5|
1000032026|||7|6|5|
1000024222|5|5|5|||
1000031575|6|6|6|5||
1000005074|7|4|7|5|3|
1000009762|6|7|8|8|8|
1000032045|||7|5|4|
1000008129|4|4|4|4|4|
1000031388||6|6|6|8|
1000009821|5||5|6||
1000032088||4|4|4||
1000009779|7|7|7|9|8|
1000031940|||7||6|
1000009535|3|4|4|4|4|
1000009536|9|10|9|||
1000009539|6|5|7|8|6|
1000029121|6|6|6|6|6|
1000024843|4|5|6|5||
1000030585||6|8|||
1000013097|6|6|7|6|6|
1000032047|8|6|5|6|5|
1000031682||8|7|6||
1000006702|8|8|6|6|6|
1000005121|4|3|3|4|3|
1000020818|6||6|6||
1000018056|8|||||
1000005171|3|4|3|3|3|
1000030488|4|6|5|6||
1000030214|6|7|8|7|6|
1000026819|5|4|4|5|5|
1000027451|7|7|7|7|5|
1000029635|8|6|7|6|6|
1000029740|9|5|6|6|5|
1000031795|||8|9|8|
1000000022|4|3|5|5|5|
1000000032|2|2|2|2|2|
1000000062|7|6|6|6|5|
1000000100|6|5|4|5|4|
1000000107|5|5|5|5|4|
1000000108|4|4|4|4|3|
1000000119|6|7|8|9|9|
1000000122|6|9|9|10|9|
1000000147|4|4|4|4|3|
1000000166|4|4|6|||
1000000194|4|3|4|3|2|
1000000196|3|3|4|3|3|
1000000217|2|2|2|2|2|
1000000254|5|4|3|4|4|
1000000255|5|4|4|6|5|
1000000265|4|3|3|4|5|
1000000274|3|3|4|4|4|
1000000279|5|5|4|4|4|
1000000283|5|5|4|4|5|
1000000293|4|4|4|4||
1000000296|4|5|5|5|5|
1000000312|5|7|8|9|9|
1000000327|3|3|4|4|4|
1000000340|5|5|5|5|4|
1000000343|5|4|4|4|5|
1000000431|5|4|4|6|6|
1000000471|6|6|6|5|5|
1000000472|4|4|5|7|6|
1000000500|5|4|4|4|4|
1000000512|8|8|9|6||
1000000527|5|6|6|6|6|
1000000561||6||||
1000000578|6|5|5|5|5|
1000000581|5|5|4|4|4|
1000000585||6|6|6|6|
1000000622|3|3|3|3|3|
1000000623|3|3|5|5|3|
1000000636|7|6|6|6|6|
1000000640|8|8|8|||
1000000663||8||9||
1000000692|5|5|5|6|5|
1000000696|6|7|7|7||
1000000698|5|4|4|5|4|
1000000712|4|3|3|3|4|
1000000713|8|7|6|6|6|
1000000755|3|3|4|4|4|
1000000757||8|8|8|7|
1000000779|6|6|4|4|4|
1000000798|5|6|5|6|6|
1000000832|7|7|6|7|6|
1000000844|6|6|6|6|6|
1000000859|8|9|9|9|9|
1000000862|4|4|4|4||
1000000867|3|4|3|3|4|
1000000877|4|5|6|5|5|
1000000883|8|7|6|8|5|
1000000885|4|4|4|4|4|
1000000902|4|4|4|4|3|
1000000930|4|||||
1000000958|4||4|3|4|
1000000984|6|4|6|5|6|
1000000989|6|3|5|4|4|
1000001004|5|6|5|8|6|
1000001100|5|3|4|4|3|
1000001103|5|6|6|5|5|
1000001104||||6||
1000001106|3|4|4|5|4|
1000001127|3|4|3|5|4|
1000001169|5|6|5|4|4|
1000001186|4|4|5|4|4|
1000001187|6|8|8|8|7|
1000001190|6|7|7|8|9|
1000001198|2|3|4|4|4|
1000001199|4|4|4|4|4|
1000001208||5||6||
1000001217|5|4|6|4||
1000001233|6|6|6|5|5|
1000001267|||8|5||
1000001273|5|5|8|5||
1000001307|5|5|4|4|5|
1000001343|9|||||
1000001371|||5|||
1000001380|5|5|6|6|5|
1000001386|3|3|3|4|4|
1000001413|||4|4||
1000001433|||5|5||
1000001440|7|6|5|6|5|
1000001442|4|5|7|8|9|
1000001468|3|3|3|3|3|
1000001488|6|5|5|5||
1000001521|4|4|3|4|6|
1000001542||5||6|5|
1000001543|6|6|3|5|6|
1000001544|3|3|4|3|3|
1000001556|8|8|8|8||
1000001574||4||4||
1000001613|4|5|5|5|4|
1000001619|6|8|5|4|4|
1000001626|5|4|4|4|4|
1000001628|5|6|6|7|8|
1000001642|8|6||9||
1000001682|6|6|6|6||
1000001694|5|5|3|4|4|
1000001695|6|6|7|8|8|
1000001717|4|4|3|4|4|
1000001725|5|6|4|4|5|
1000001773|5|5|5|8|7|
1000001784|8|9||||
1000001787|6|6|6|6|6|
1000001804|6|4|4|4|4|
1000001805|6|5|4|5|4|
1000001834|||8|4||
1000001862|3|3|3|4|3|
1000001881|4|5|4|4|5|
1000001905|||4|5|4|
1000001916|5|6|6|6|6|
1000001960|7|6|7|7|6|
1000001965|5|4|4|4||
1000001966|9|10|10|8|9|
1000001997|4|4||||
1000002010|5|4|5|4||
1000002018|5|4|5|5|5|
1000002035|5|4|4|4||
1000002055|3|3|4|4|3|
1000002072||6|6|7||
1000002078|4|3|3|4|4|
1000002081||5|4|5|5|
1000002124||||4||
1000002174||4||4||
1000002189|7|7|6|8|8|
1000002193|4|4|5|5||
1000002205|5|5|6|5|6|
1000002210|6||8|8|8|
1000002222|5|5|5|5||
1000002240|4|3|3|3||
1000002241|4|4|4|4|4|
1000002278|5|5|4|4|5|
1000002297|||4|4||
1000002321|||6|6||
1000002350|8|8|9|10||
1000002397|4|5|6|6|6|
1000002421|7|8|7|8|7|
1000002426|4|5|5|4|4|
1000002429|3|4|4|5|5|
1000002431|4|3|4|3|3|
1000002433|5||5|7|5|
1000002443||6|6|5||
1000002497|3|3|3|||
1000002513|5|||||
1000002529|4|4|4|5|5|
1000002540|8|6|8|6|4|
1000002547|6|5|7|5|6|
1000002572|8||6|7||
1000002584|3|3|3|3|3|
1000002636|5|5|5|5|5|
1000002647|||4|||
1000002674||5|6|4||
1000002680|4|6|6|5||
1000002683|5|6|8|7|8|
1000002700|5||6|7|6|
1000002717|4|||4|4|
1000002730|8|6|5|5|5|
1000002732|5|5|6|5|6|
1000002738|||4|4||
1000002751|4|3|3|3|3|
1000002792|5|3|3|3|3|
1000002804|3|3|3|3|3|
1000002811|4|4|4|5|4|
1000002823|9|9|9|9|9|
1000002830|4|3|3|4||
1000002839|4|4|3|4|3|
1000002840|5|5|5|5|5|
1000002841|8|6|6|||
1000002850|7|6|7|5|5|
1000002862|5|5|5|5|5|
1000002874|9|||||
1000002890|5|4|4|4||
1000002894|4|4|3|3|3|
1000002896|5|5|4|4|4|
1000002898|6|5|5|6|5|
1000002939|9|5|7|5||
1000002953||4||4|4|
1000003003|5|5|8|9|8|
1000003009|5|5|5|5|6|
1000003030|4|4|4|4|4|
1000003060|5|7|6|6|6|
1000003063|6||5|||
1000003149||||4||
1000003201|3|4|3|3|3|
1000003207|||4|||
1000003209|4|8|6|7|8|
1000003220||5|6|5|5|
1000003229|6|6|6|6|6|
1000003264|5|4|5|4|4|
1000003298|6|6|6|7|6|
1000003302|9|9|4|4|4|
1000003308|3|4|5|4|4|
1000003318||5|5|5||
1000003327|5|7|6|7|6|
1000003331|4|4|5|5||
1000003354|4|5|4|4|4|
1000003426||5|5|5|4|
1000003427||7|8|9|7|
1000003433|6|7|8|7||
1000003453|4|4|4|4|4|
1000003472|5|||4|4|
1000003520|8|8|6|5|5|
1000003531|||5|4|4|
1000003535|6|6|6|6|6|
1000003552|5|4|4||4|
1000003557|4|5|6|6|6|
1000003571|4|5|7|7|6|
1000003575||6|8|6||
1000003595|5|4|5|4|5|
1000003597|8|6|9|9|8|
1000003615|9|8|6|6|6|
1000003619|4|4|4|3|3|
1000003643|4|4|4|4|3|
1000003648||6||5||
1000003653|6|5|5|5||
1000003667|6|4|6|6|7|
1000003704|5|5|10|10||
1000003705|5|5|6|8|9|
1000003721||||7||
1000003796|5|5||6||
1000003798|3|||||
1000003801|4|9|9|10||
1000003810|3|4|3|3|4|
1000003817||8||7|6|
1000003822|5|5|6|5|5|
1000003831|8|8|8|9|8|
1000003877|4|3|3|3|4|
1000003885|||5|4||
1000003936|4|4|7|||
1000003940|5|5|5|||
1000003952||6||||
1000003976|6|6|5|6|5|
1000004028||4|4|4||
1000004054|4|4|4|4|4|
1000004058|6|7|7|8||
1000004063|3|||||
1000004106||4|6|||
1000004112||8|7|7|6|
1000004126|||7|6|8|
1000004151|2|2|2|2|2|
1000004152|7|8|8|8|9|
1000004249|3|6|6|4|3|
1000004274||5|6|5|4|
1000004298|5|5||5||
1000004307|5|6|8|6|3|
1000004322|4|5|5|7|7|
1000004341|4||5|5||
1000004342|4|4|4|3|3|
1000004345||5||||
1000004350|4|||||
1000004387|4|4|4|4|3|
1000004407|7|8|7|7||
1000004419|6|6|6|6|6|
1000004426|6|6|9|9||
1000004437|7||6|6||
1000004488||4|5|4|4|
1000004508|6|6|6|6|6|
1000004536|5|5|5|5|5|
1000004539|8|9|10|10||
1000004565||8|6|6||
1000004566|5|5|5|6|5|
1000004606|6|6|6|6||
1000004631|9|10||||
1000004636|6|6|7|6|5|
1000004663|6|7|8|6|5|
1000004724|6|5|5|4||
1000004794||8|8|8|5|
1000004814|4|5|5|6|5|
1000004877|5|6|6|6|6|
1000004878|4|4|5|5||
1000004932|4|4|5|5|6|
1000004942|4|3|3|5|4|
1000004944||5|4|||
1000004989||5|5|5||
1000004990|6|5|4|4|4|
1000004998|5||4|5||
1000005012|||6|||
1000005118|4|4|4|4|4|
1000005145||3||4||
1000005179|4|4|4|4||
1000005238|5|4|5|4||
1000005311|8|8|8|4|6|
1000005326|5|7|7|8|6|
1000005361|5|6|5|5|5|
1000005378|4|4|7|7|5|
1000005398|3|4|3|4|5|
1000005432|6|5|8|6|8|
1000024906|4|5|5|4||
1000005576|8|7|6||6|
1000005585|3|5|7|8|9|
1000005638|5|4|4|5|5|
1000005648||5|4|5||
1000005649|6|6|6|6||
1000005664|6|6|6|6|6|
1000005703||5|5|5||
1000005711|8|8|8|||
1000005713|5|5|5|4||
1000005730|4|4|4|4|4|
1000005799|6|7|7|9|10|
1000005807|6||6|6|6|
1000005813|5|5|7|8||
1000005845|4|5|4|4|4|
1000005869|7|6|6|6|7|
1000005883||4||||
1000005886|2|3|3|3|3|
1000005951|6|8|6|8|9|
1000006007|5|5|5|5|4|
1000006050|8||5|6||
1000006052|4|3|3|4|5|
1000006057|4|4|4|4|4|
1000006081||6|5|5|5|
1000006147|5|6|7|8|8|
1000006156|6|||||
1000006184|5|5|6|6|4|
1000006189||6||||
1000006215|5|4|5|4|4|
1000006222|5|4|7|6|5|
1000006292||5|5|4||
1000006303||4||4|4|
1000006322||4||||
1000006324|7|8|7|8||
1000006375|9||9|10||
1000006376|8|8|8|8|8|
1000006405|8|6|8|9||
1000006431|3|4|3|3||
1000006435|||5|5||
1000006443||4|4|4|4|
1000006453|4|4|4|3|4|
1000006461||5||8||
1000006485|6|6|4|5|4|
1000006508|5|7|7|6|7|
1000006511|4|4||||
1000006518|6|5|6|7|6|
1000006530|6|9|10|10|10|
1000006542|4|4|4|4|4|
1000006567|7|5|5|4||
1000006571|3|3|3|4|6|
1000006597|5|6|6|8|6|
1000006601||3|3|4|5|
1000006603|5|5|5|6|6|
1000006606||4||5||
1000006609|4|||||
1000006699|8|6|6|6||
1000006735|4|4||||
1000006752|7|6|6|5||
1000006761|||5|||
1000006870|4|3|4|4|4|
1000006895|6||6|||
1000006918|5|5|6|5||
1000006923|6|||4|4|
1000006948||4|4|6|6|
1000007002|3|3|4|4||
1000007013||6||6||
1000007029|6||6|8||
1000007074|8|6|6|6|6|
1000007080|4|4||5|5|
1000007124|6|6|7|7|7|
1000007176|6|6|7|7|7|
1000007207|4|5||4||
1000007215|5|6||||
1000007234|7|7|6|6|6|
1000007254|4|4|4|||
1000007255|5|4||||
1000007271|7|8||||
1000007272|7|7|5|6|6|
1000007276|||5|||
1000007295|6|6|6|6|5|
1000007307|||6|6||
1000007333|6|6|6|6|6|
1000007334|7|6|10|9|10|
1000007365|5|6|8|5||
1000007381|4|5|4|4|5|
1000007400||4|5|4||
1000007432|5|5|5|6|6|
1000007440|9|8|5|4|4|
1000007442|4|5|6|6|6|
1000007443|6|5|6|6|5|
1000007454|6|5|6|6|5|
1000007456|8|9|10|||
1000007479|4|3|4|4|3|
1000007495|5|||||
1000007496||5|4|||
1000007596|5|4|4|4|4|
1000007702|4|4|4|||
1000007708|4|4|4|4||
1000007737||6|8|4||
1000007780|4|4|4|4||
1000007808|3|3|3|6|6|
1000007836|6|6|8|5|5|
1000007896|9|8|8|7||
1000007923|6|5|5|6|8|
1000007937|5|5|5|5|6|
1000008053|4|4|5|5|5|
1000008077|6|6||7||
1000008079|9|||||
1000008084|4|5|4|5||
1000008093|6|6|6|6||
1000008140|7|7|6|7||
1000008151|7|8|9|||
1000008196||6|7|7|8|
1000008222|6|5|5|4|4|
1000008243|4|4|4|6|6|
1000008257||5|6|8||
1000008422|3|3|4|3|3|
1000008435|3|3|3|4|3|
1000008526|5|5|5|5|4|
1000008569|4|4|6|6|5|
1000008658|4|5|4|4|5|
1000008711||4|4|4|4|
1000008725|3|4|4|4|3|
1000008767|6|4||||
1000008786|8|7|8|8|7|
1000008810|6|6|5|5|6|
1000008860|4|7|9|8|6|
1000008861|4|4|4|4|3|
1000008884|6|||||
1000008885|5|7|6|7||
1000008886|5|6|5|6||
1000008931|9|10||||
1000008957|4|4|4|4|4|
1000009045|8|9|9|||
1000009050|8|9|10|9|9|
1000009052|5|5|5|5||
1000009079|5|6|6|4||
1000009080|8|8|8|8||
1000009097|6|6|6|8|7|
1000009108|6|5|6|6|7|
1000009157|8|10||||
1000009174|3|5|5|4|8|
1000009219|5|6|6|6|7|
1000009236|6|6|5|6||
1000009238||5||||
1000009245|6|6|6|5|6|
1000009291|6|9|9|10||
1000009297|4|5|5|||
1000009307||||6||
1000009322|||||7|
1000009373|5|5|6|8|6|
1000009418|7|7|5|4|5|
1000009479||8||||
1000009526|6|6|6|6|5|
1000009670|4|3|5|5|5|
1000009701|4|5||||
1000009747|5|6|8|6|4|
1000009768|4|4|4|4||
1000009867|5|||6|6|
1000025120|4|4|5|6||
1000009976|4|4|5|4|5|
1000009984|4|4||5||
1000010156|4||4|||
1000010283|6|5||6|8|
1000010344||5||6||
1000010355|4|4||||
1000010394|6|5|6|5|6|
1000010442|6||6|9|9|
1000010446|6|6|6|5||
1000010598|5|5|5|5||
1000010619|3|3|3|3|3|
1000010679|7|5|7|6|6|
1000010695|5|||||
1000010717|||6|7||
1000010722||3|2|||
1000010733|3|4|4|4|5|
1000010740|8|||||
1000010744|5|5|5|5|5|
1000010752|4||5|4|4|
1000010757|4|4|3|||
1000010775|7|7|6|6|6|
1000010778|9|6|9|10||
1000010806|5|6|8|||
1000010841|6|6|6|4||
1000010861|3|3|3|4|3|
1000010864||8||||
1000010872|6|6|7|4|4|
1000010917|6|4||6||
1000010943|6|6|6|8||
1000010959|4|7||4|5|
1000010973|5|5|5|8||
1000010990|8|8|8|8||
1000010991|5||6|5|5|
1000011012|6|6|8|6|6|
1000011013|6|5|5|5|5|
1000011015||6|||5|
1000011022|5|6|6|6|8|
1000011040|8|8|6|5||
1000011051||6||5||
1000011079|6|5|6|6||
1000011098|4|||5||
1000011146|5|4|6|6|6|
1000011170|4|4|4|5||
1000011193|4|4|3|4||
1000011196|4|4|5|4||
1000011198|8|6||6|6|
1000011204|7|8|8|6|6|
1000011208|3|3|3|3||
1000011212|||8|7|8|
1000011239|4|4|4|4|4|
1000011244||4||3||
1000011272|5|6|6|6|6|
1000011357|5|6|6|6|7|
1000011395|6|7|8|9||
1000011412|5|4||4||
1000011415||||3|3|
1000011439|5|4||4||
1000011454|6|6|8|6||
1000011462|6|7|6|8|8|
1000011509|5|4|5|5|5|
1000011539|6|6||6||
1000011549|4|5|6|8|7|
1000011556|4|4|3|3|3|
1000011571|3|4|4|5|5|
1000011638|4|4|4|5|4|
1000011653||5|4|4||
1000011705|4|4|4|4|4|
1000011726|8|8|8|8|5|
1000011817|8|6|8|8|7|
1000011867|4|5|6|8||
1000011870|4|5|4|4||
1000011875|9|8|8|||
1000011883||4|4|||
1000011896|9|||||
1000011958||||4||
1000011983|8|||||
1000012028||6|6|7||
1000012043|4|4|4|4|4|
1000012054||6|5|5|6|
1000012059|4|6|8|8|6|
1000012064|8|4|9||9|
1000012116|6|6|6|6|6|
1000012132||4|4|4||
1000012136|8|9||||
1000012188|5|8|9|7|8|
1000012191|7|6|6|6|6|
1000012201|7|6|6|5||
1000012224|9|8|8|9||
1000012279|8|9||||
1000012296|5|5|5|6|6|
1000012307|7|7|8|7|7|
1000012331|8|9|9|||
1000012371|5|5|5|8||
1000012379|5|5|5|5|5|
1000012400|5|5|5|5|5|
1000012408|6|6|5|5|4|
1000012409|6|6|6||5|
1000012411|5|6||8|8|
1000012436|6|5|6|6||
1000012448|4|4|4|4|3|
1000012489|5|5|5|5|6|
1000012511|4||5|5|8|
1000012515|6|6||7|6|
1000012518|4|5|4|5|5|
1000012528|4|4|5|6|6|
1000012535|5|4|5|4|7|
1000012537|8|8|8|8|7|
1000012543||5||6||
1000012555|8|9||||
1000012598||6||6||
1000012685|||7|||
1000012702|7|6|7|7|5|
1000012713|4||4|4|3|
1000012741|5|5|4|4|5|
1000012745||6||||
1000012804|6|5|4|5|8|
1000012816|5|6|6|7|6|
1000012845|6|6|6|5|8|
1000012848|4|4|4|5||
1000012853|8|8|10|||
1000012859|6|7|7|7|7|
1000012862|||||5|
1000012864|||5||5|
1000012877|5|3||||
1000012890||5||||
1000012907|5|5|5|5||
1000012911||7|7|7|7|
1000012935|8|8|8|8|8|
1000012936||||8|6|
1000012947|5|4|4|4||
1000013001|4|5|4|4|4|
1000013020|10|||||
1000013032|5|||4||
1000013067|5|5||||
1000013075|5|5|5|6||
1000013161|6|6|6|10|10|
1000013199|6|5|6|6||
1000013232|4|4|4|3||
1000013257|6|6|6|6|5|
1000013271|5|6|6|||
1000013283|8|8||||
1000013287|4|3|3|3|3|
1000013301|8|10||||
1000013321|4|5|5|4||
1000013340|5|5|4|5||
1000013346|6|6|9|8|8|
1000013351|4|||||
1000013373|5|6|6|6||
1000013401|4|5|6|5||
1000013408|5|6|6|6|6|
1000013418|4|4||||
1000013425|6||6|||
1000013428|8|||||
1000013466|7|6|7|6|6|
1000013482||8|8|||
1000013500|4||4|4||
1000013508|5|4|5|6|5|
1000013511|4|4|4|5|5|
1000013538|6|5|5|5||
1000013568|4|5|4|||
1000013581|8|8|8|8|8|
1000013587|5|5|5|7|8|
1000013614|9|8|8|6|7|
1000013621|5|4|4|4|4|
1000013631|4|4|5|5||
1000013645|8|5||5||
1000013667|7|6|6|6|5|
1000013723|9|9||||
1000013729|||6|5||
1000013731|9|9|9|8|9|
1000013735|6|5|5|6|6|
1000013750|8|7|6|6||
1000013762|8|8||||
1000013810|7|7|7|7||
1000013816|5|4|4|4|4|
1000013832|5||8|6|6|
1000013851|5|4|5|||
1000013872|6|5||7||
1000013873|6|5|5|6||
1000013901|9|||||
1000013967|8|8|8|8||
1000013991|5|5|5|5|5|
1000014022|4|4|3|4|4|
1000014041|4|||||
1000014042|6|6|4|||
1000014132|6|4|5|5||
1000014143|9|8|9|9|9|
1000014146|8|8|9|7|8|
1000014168|4|4|4|4|4|
1000014184|8|10|10|9||
1000014198|4|6|6|5||
1000014241|6|6|6|5|4|
1000014268|||6|7|8|
1000014288|6|6|7|6||
1000014295|4|4|4|4||
1000014329|5|5|5|5|5|
1000014345|4||4|4|8|
1000014350||4||8||
1000014357|8|10|9|9|9|
1000014370||5|4|5|4|
1000014371|5|5|5|5||
1000014375||7|8|8||
1000014388|4|4|4|4|4|
1000014402|5|||5||
1000014427|5|5|4|6|5|
1000014447|5|5|5|4||
1000014477|4||4|4||
1000014498|4|4|4|4|4|
1000014507|6|6|7|6|7|
1000014514|4|4|4|4|6|
1000014532|7|8|7|8|8|
1000014553|5|5|5|4|4|
1000014571|5|4|5|5|5|
1000014608|5|5|4|5|5|
1000014620|4|5|4|4|4|
1000014625|4|5|5|||
1000014640||4|5|6||
1000014655|4|5|4|4|5|
1000014674|6|5|6|5|5|
1000014677||||4|4|
1000014713||4|5|4||
1000014720|8|8|8|7|7|
1000014756|6|9|9|9||
1000014768|4|5|6|6|6|
1000014773|6|5|5|4|4|
1000014803|||8||7|
1000014830|4|4|5|5|5|
1000014832|5|5|5|4|5|
1000014849|7|6|8|7|8|
1000014864|8|9||||
1000014867|5|4|4|5||
1000014875||6|6|6|6|
1000014879||4||||
1000014981|4|4||||
1000014998||5|5|6|6|
1000015011|5|5|5|4|4|
1000015016|4|5|6|6|6|
1000015026|||4|4|4|
1000015175|6|7|8|9||
1000015185|3|4||||
1000015199|4|6|6|6|6|
1000015218|5|||||
1000015321||4|5|5||
1000015323|6|7|8|6|6|
1000015324|4|4|4|4|4|
1000015340|5|6|8|6||
1000015356|6|5|6|6||
1000015370|4|4|4|4|4|
1000015383|6|6|6|6||
1000015392|5|5|6|6||
1000015423|5|3|3|4|4|
1000015426|5|5|6|6|5|
1000015432|6|6|6|5|5|
1000015443|5|6|6|5||
1000015480|5|5|6|5|5|
1000015487|5|6|7|6|8|
1000015507|5||5|6|6|
1000015508|5|4|5|5|4|
1000015509|4|5|6|6|5|
1000015517|3|3||3||
1000015539||||5||
1000015557||4|4|||
1000015598||5|4|5||
1000015622|8|8|8|8|6|
1000015627|6|8|9|||
1000015632|4|6|5|5|5|
1000015644|5|7|8|7|7|
1000015665|5|5|5|5|5|
1000015668|4||5|5||
1000015672|4|5|5|6|6|
1000015674||6|5|6|6|
1000015690|4|4|4|4|4|
1000015699|8|8|7|8|7|
1000015735|4|9||||
1000015811|5|4|4|5|4|
1000015828|5|6|5|6|6|
1000015829|4|4|4|5|5|
1000015844|4|4|4|3||
1000015875||4|5|4|4|
1000015926|5||6|6|7|
1000015930|7|8|9|8|8|
1000015967|7|7|8|8|6|
1000015993|6|6|5|6|7|
1000016000|3|4||||
1000016017|5|5|6|5|4|
1000016020|4|4|4|4|4|
1000016023|6|5|5|5|5|
1000016025|4|5|5|4|4|
1000016046|8|8|8|7||
1000016073|6|7|7|7|6|
1000016080|7|9|8|9|9|
1000016082|8|7|4|6|6|
1000016092|7|7|7|6|6|
1000016098|5|6|5|3|3|
1000016135|6|6|6|5||
1000016147|||5|5|4|
1000016175|4|4|5|5|5|
1000016178|7|7|7|8|8|
1000016180|4|6||6|6|
1000016186|5|6|6|7|6|
1000016187|5|6|7|6|6|
1000016190|6|5|5|6|5|
1000016193||7||8||
1000016207|5|5|5|5|4|
1000016250|5|5|5|6|5|
1000016256|5|6|8|8||
1000016258|4|4|4|4|4|
1000016264|8|5|5|5|5|
1000016273|5|5|6|6|5|
1000016279|5|5|6|5|5|
1000016296|6|6|6|6|6|
1000016300|5|5|5|6|5|
1000016312|5|5|6|5|5|
1000016344|8|8|8|4|4|
1000016383|8|6|7|6|6|
1000016387|8|5|7|7||
1000016392|4||5|4||
1000016431|5|5|5|4|4|
1000016462|5|5|6|5|6|
1000016464|4|4|4|4|3|
1000016467|4|4||4|4|
1000016475|5|5|4|4|4|
1000016584|6|5|7|6|6|
1000016621|4|4|6|||
1000016627|4|4|4|3|4|
1000016712|8|6|8|8|8|
1000016784||4|4|5||
1000016788|6|6|8|6||
1000016796|6|6|6|8||
1000016805||5|5|||
1000016809|5|5|5|5||
1000016835||||5||
1000016881|9|6|7|6|5|
1000016918|5|6|5|4|4|
1000016948|5|7|8|10||
1000016951|5|6|5|5|5|
1000016956|4|5|5|6|5|
1000016957|4|4|4|4|4|
1000016958|6|6|5|6|6|
1000016980|4|4|4|4|4|
1000017021|6|6|7|6|6|
1000017062|4|8||||
1000017066|5|5|7|6|6|
1000017097|4|4|4|||
1000017137|5|4|4|4|4|
1000017144|5|5||||
1000017156|6|6|7|6|6|
1000017176||||4||
1000017221|7|6|9|||
1000017224|5|6|8|8|8|
1000017233||4|5|6|6|
1000017238|4|4|4|5|4|
1000017241|5|5|5|6|6|
1000017248|4|4|4|5|4|
1000017256|6|8|7|6|6|
1000017258|6|6|8|8|9|
1000017259|6||6|||
1000017289||6|5|5||
1000017321|9|8|8|||
1000017322|3|5|3|3|4|
1000017337|4|4|4|4|4|
1000017355|6|6|7|6|6|
1000017358|6|5|5||5|
1000017364|5|5|7|7|6|
1000017366|5|||||
1000017373|5|6|8|6|7|
1000017375|5||4|||
1000017409|5||5|6|7|
1000017413|4|5|6|6|6|
1000017426|8|7|8|7|8|
1000017429|5|6|7|5|7|
1000017448||7|7|6||
1000017465|8|6|8|9|7|
1000017487|4|5|4|4|5|
1000017527|4|5|6|5|5|
1000017538|5|||||
1000017565|6|6|7|6||
1000017622|4|4||5||
1000017653|5|4|5|5||
1000017658|8|5|6|6||
1000017659|4||5|5||
1000017696|4|3||4||
1000017703|||5|5||
1000017716|7|8|8|7||
1000017735|6|6||7|7|
1000017739|5|4|5|6|6|
1000017743|4|6|5|5||
1000017758|10|||||
1000017782|4||5|||
1000017810|6|7||||
1000017811|||4||3|
1000017819|5||5|5|6|
1000017842|6|6|6|6|6|
1000017897|8|7|6|6|6|
1000017908|6|5|8|5|4|
1000017944|6|5|5|5|4|
1000017945|||4|4|4|
1000017949||4|6|6||
1000017968||6|7|7||
1000025075|4|5|5|5|5|
1000017988|9|||||
1000017995|||||4|
1000018039|6|6|5|5|5|
1000018040||8|8|6|6|
1000018042|8|9||||
1000018086||5|6|5||
1000018123|4|5|6|6|6|
1000018174|5|5||4||
1000018200|6|6|6|||
1000018219|4|4|4|4|6|
1000018234|7|6|8|8|7|
1000018329|5|5|5|6|6|
1000018344|5|5|5|4||
1000018356|8|5|6|6|8|
1000018367|4|4|4|4|4|
1000018378|6|5|5|6|6|
1000018396|4|4|4|3|3|
1000018398|8|7|9|10||
1000018424|4|4|4|4|4|
1000018442|5|6|8|7|8|
1000018447||||10||
1000018448|6|4|4|4|4|
1000018455|7|6|6|6|7|
1000018463|6|5|6|5|5|
1000018476|5|5|6|5||
1000018478|5|5|4|4|4|
1000018485|5|6|5|6|8|
1000018513|7|6|6|6||
1000018517|4|4|4|3|4|
1000018537|3|4|3|3|4|
1000018569|4|5|6|||
1000018583|6|4|3|5|4|
1000018584|3|3|3|4|4|
1000018598|7|8|8|9|9|
1000018599|3|3|3|5||
1000018628|6|5|5|5|5|
1000018647|5||6|5|4|
1000018659|6|5|6|6|6|
1000018668|6|6|6|4||
1000018682|4|4|5|4|5|
1000018694|7|7|8|||
1000018707|10|9|8|8|8|
1000018746|6|6|6|6||
1000018753|5|4|4|3|3|
1000018755|6|6|6|7||
1000018783|4|4|4|||
1000018791|9|8|8|8|8|
1000018816|8|8|9|8|8|
1000018817|5|5|6|6|6|
1000018819|5|4|4|4|4|
1000018843|5|6|6|6|6|
1000018854|8|8|8|8||
1000018863|6|6|6|6|6|
1000018875|4||4|4||
1000018891|5|5|5|5||
1000018922|6|6|6|6|5|
1000018923|4|6|5|7|7|
1000018932|5|5|4|5|4|
1000018936|4|4|4|4|4|
1000018939||5||||
1000018966|9|10|9|8|8|
1000018978|10|9||||
1000018979|4||5|4|4|
1000018996|4|4|4|3|3|
1000019026|5|4|4|4|4|
1000019061||||5|4|
1000019065|||6|5|5|
1000019120|5|5||8|6|
1000019129||4|5|4||
1000019141|6|6|5|4||
1000019145||||4||
1000019163|6||8|7|5|
1000019178|6|6|5|6|5|
1000019214|||5|4||
1000019228|4|4|4|||
1000019236||4|3|4|3|
1000019238|5|5|6|5||
1000019274||6||||
1000019319|4|4|4|5||
1000019362|5|6|6|6|6|
1000019363|8|7|7|10||
1000019387|4|4|4|4||
1000019403|5|6|6|8|7|
1000019425|6|5|5|6||
1000019470|9|8|9|9|9|
1000019479|5|6|6|6|7|
1000019505|5|5|5|6|5|
1000019537|4|4|4|4||
1000019547|9|8|5|5|4|
1000019580|7|6|5|4||
1000019670|8|9|7|9||
1000019740|7|6|6|6|5|
1000019746|4|4|6|5|5|
1000019757|6|5|6|6||
1000019773|4|3||4||
1000019809|6|6|6|5|5|
1000019815|3|3||4||
1000019847|5|4|5|4|4|
1000019854||6|7|6||
1000019855|6|6|6|6|6|
1000019861|6|6|5|4|4|
1000019865|4|5|6|6|5|
1000019874|5|5|5|4|4|
1000019911|6|6|6|6|5|
1000019923|5|4|5|5||
1000019954|6|5|6|6||
1000019958|5|||5|6|
1000019962|8|8|8|8|7|
1000019971|5|5||4||
1000019974|6|6|5|5||
1000019976|||6|6|7|
1000019977|6|5|6|6|6|
1000019979|5|5|5||6|
1000019993|4|5|4|4||
1000019995|3|3|4|4||
1000019998||4|5|6|6|
1000019999|8|||||
1000020008|6|8|6|7|7|
1000020033|6|6|6|6||
1000020048|||5|4||
1000020051|||5|4||
1000020061|6|6||5||
1000020086|4|4|4|4||
1000020140|5|5|6|7||
1000020165|6||5|6||
1000020177|4|4|4|6||
1000020188|6|8|6|6|6|
1000020200|4|5|5|5|4|
1000020250|8|8|6|8|6|
1000020261|5|5||6||
1000020263|7|9|10|10||
1000020266|||6|5||
1000020293|7|7|6|6|6|
1000020333|4|4|4|4|4|
1000020362|3|3|3|3|3|
1000020367|7|7|7|6||
1000020376|8|9|9|8|8|
1000020386||7|8|8|7|
1000020423|3|3|3|3||
1000020444|5|5||5|5|
1000020453|5|4|5|||
1000020479|7|8|8|8|8|
1000020491|6|5||||
1000020496|5|6|7|5|5|
1000020533|6|6|6|6|6|
1000020584|6|5||5|5|
1000020591|7|6|6|5||
1000020630|5|5|5|5|5|
1000020690|6|5|5|4||
1000020694|8|7|9|||
1000020696|8|6||||
1000020700|7|8|6|8||
1000020710|4|3|4|4||
1000020743|6|6|8|7|7|
1000020825|9|9||||
1000020832|5|||||
1000020840|5|5|5|5|8|
1000020879||6|6|6|6|
1000020901|8|9|9|9|9|
1000020935|4|||||
1000020939|5|4|4|4|4|
1000020959||6|5|5||
1000021051|8|9|9|9||
1000021065|5|6|6|6|6|
1000021085|4|4||3||
1000021135||4|4|5||
1000021138|8|8|7|7|7|
1000021140|4|4|5|5||
1000021153|6|7|7|8||
1000021169||5|4||4|
1000021188|9|9|9|9|9|
1000021194|4|4||4||
1000021208|6|5|4|4|4|
1000021214|5|5|5|5|5|
1000021248|9|9|9|9|9|
1000021263|4||6|5||
1000021331|4|4|4|3|4|
1000021342|4|5|4|4|4|
1000021348|5|5|7|7|7|
1000021401|6|5|6|5|6|
1000021406||4||||
1000021445|||6|6|6|
1000021447|5|5|6|||
1000021488|5|6|5|5||
1000021510|4|5|4|4|4|
1000021516|5|5|6|5||
1000021568|8|7|8|8||
1000021604|7|7|7|6||
1000021637|||4|4|4|
1000021648|6|5|5|5||
1000021679|5|5|5|4||
1000021692|5|4|4|4|4|
1000021775|6|5|6|6|5|
1000021831|5|6|5|6|6|
1000021851|6|6|5|4|4|
1000021860|7|5|6|||
1000021882|4|5|5|5|5|
1000021883|6|8|10|10||
1000021884|8|8|8|9||
1000021960|6|5|6|7|7|
1000021966|5|6|5|4||
1000021995|7|7||7|8|
1000022003|8|8|7|7|7|
1000022011||4||||
1000022022|6||7|||
1000022043|4|4|4|4||
1000022053|6|6|5|6||
1000022071|3|3|5|4||
1000022086|5|9|10|10|9|
1000022087||7|6|6||
1000022094|5|5|4|4||
1000022109|6|6|6|4|5|
1000022156|2|4|3|3|4|
1000022157|5|5|5|||
1000022176||6||8||
1000022183|6|8|7|8|9|
1000022192|7|7|8|8|8|
1000022197||5|5|5|5|
1000022201|6|6|7|9||
1000022203|8|6|6|5||
1000022260|7||7|4|4|
1000022276|6|6|5|5|5|
1000022277|4|3||||
1000022293|7|8|8|10||
1000022311|6|8|8|7|7|
1000022320||5|5|4|4|
1000022343|9|9|9|9|9|
1000022362|5|6|8|7|8|
1000022366|4|4||4||
1000022377||4||||
1000022381||9|8|8||
1000022391||8|6|6|6|
1000022392|6|8|6|6|5|
1000022407||||4||
1000022440|4|||4||
1000022444|5|5|4|6|5|
1000022462|5|4|5|||
1000022464|6|6|6|7||
1000022465|8|8|8|10||
1000022484|2|2|3|4|4|
1000022485|7|6|6|6|6|
1000022487|6||6|6|8|
1000022544||6|8|||
1000022561|9|9|10|10||
1000022637|6|8|8|8|6|
1000022641|6|8|8|7|7|
1000022672|7|8|9|9||
1000022681|4|4|3|4||
1000022695||5|4|4|4|
1000022749|4|5|5|5|6|
1000022765|4|4|8|4||
1000022786|5|5|4|7|5|
1000022826|6|6|6|6|6|
1000022827|6||8|10||
1000022834|7|6|6|6||
1000022838|4|4|5|6||
1000022844|5||4|4||
1000022856||4|6|||
1000022915|6|6|5|5|5|
1000022918|4|5|6|7|9|
1000022921|5|6|8|9|9|
1000022923|7|8|8|7|7|
1000022937|6|7|7|6||
1000022947|8|6|9|10||
1000022969|4|4|5|5||
1000022970|5|6|6|7||
1000022984|8|6|9|8||
1000022992|8|10||||
1000022995|7|8|7|8||
1000022999|7|9|9|10|10|
1000023056||4|5|4|4|
1000023075|5||5|5|5|
1000023083|6|5|8|8||
1000023095|7|9|7|9|9|
1000023101|6|6|5|5|5|
1000023102|5||6|||
1000023141|6|6|6|6|6|
1000023150|6|5|6|6|6|
1000023151|6|||||
1000023156|5|5|6|5|5|
1000023171|4|6|6|6||
1000023205|||4|5||
1000023206|5|8||||
1000023217|4|4|4|4|3|
1000023244|9|9|8|9||
1000023276|8||8|8||
1000023293|7|7||||
1000023319|6|6|8|7|6|
1000023328|5|4|5|5|5|
1000023344|4|4|4|4||
1000023356|5|5|5|5|8|
1000023368||5|5|5||
1000023371|4|4|5|4||
1000023374|6|5||8|7|
1000023376||9|8|7||
1000023397|6|6|9|8|7|
1000023399|6|7||7|7|
1000023408|4|8|8|8||
1000023434|7|8|8|8|7|
1000023450|4|4|4|4|3|
1000023456||||4||
1000023473|4|||5||
1000023474|4|3|4|3|2|
1000023475|8|9|8|10||
1000023510|6|6|6|6|6|
1000023528|6|6|8|7|6|
1000023548|2|4|3|3|3|
1000023575|5|5|6|7|6|
1000023637|7|5||5||
1000023665|5|5|6|6||
1000023695||5|6|6|6|
1000023711|4|4|4|5||
1000023728||5|6|4|5|
1000023740|6|6|5|6|9|
1000023759|6|5|6|6||
1000023763|8|6|6|8||
1000023778|9|8|8|6|8|
1000023839|5|6|6|5|5|
1000023840|6|5|5|4||
1000023866||6|5|5|5|
1000023875|4|||4||
1000023884||4|4|4||
1000023894||4|4|4||
1000023899|8|6|4|4|3|
1000023917|4||4|4||
1000023971|9|8|8|||
1000023981|4|3|4|4||
1000024036||4||4||
1000024048|6|6|6|7|6|
1000024064|5|6|5|5|6|
1000024077|4|5|5|6||
1000024099||8|6|||
1000024118|9|9|9|9|9|
1000024128|6|5|5|8|8|
1000024129|6|4|||5|
1000024143|5|5||4||
1000024194||||4||
1000024198|6|6|6|6|6|
1000024294|7|8|8|8|8|
1000024295|6|6|5|6||
1000024302|3|3|3|3|3|
1000024303|5|4|5|5|4|
1000024310|8|8|8|8|8|
1000024328|8|8|3|4||
1000024337|5|5|5|||
1000024395|4|4||4||
1000024411|6|5|5|4|4|
1000024436|4|5|6|6||
1000024458|4|4|4|6|5|
1000024498||4|4|4||
1000024514|4|4||||
1000024525|5|5|5|6||
1000024567|8|8|8|6|5|
1000024589|6|6|6|5||
1000025034|5|5|6|7|6|
1000013152|8|7|7|9|10|
1000018164|||7|6||
1000024818|6|6|6|9|9|
1000025018|4|3||4||
1000025019||6|6|8||
1000025062|7|6|8|8|8|
1000018134|5|5|6|5||
1000025984|5|8|8|6|6|
1000026274|7|8|9|9|9|
1000026063||5|4|4|5|
1000025436|6|7|8|6||
1000026506|4|4|5|5|6|
1000026510|5|6|6|5|4|
1000026455|3|3|4|||
1000026457|8|7|6|8|8|
1000023273|8|9|10|10|10|
1000019434|9|9|9|9|8|
1000024846|6|8|8|7||
1000026120|6|6|6|7|7|
1000025395||6|8|6|6|
1000025807|7|7|7|6||
1000025817|4|5|5|5|6|
1000019795|8|6||||
1000019797|5|5|5|5||
1000025928|4|4|5|4||
1000025930|4|3|4|4|4|
1000011231|5|5|4|4||
1000025827|9|9||||
1000022692|6|6|6|5||
1000019285|9|||||
1000010803|||6|||
1000013478|6|7|8|8||
1000021075|8||7|6|5|
1000025689|6|5|6|6|7|
1000025561|5|5|7|7|5|
1000005414|6||8|7|7|
1000011216|3|||4||
1000026543|8|7|10|10||
1000024752|4|5|5|5|5|
1000025704|8|7|6|6|6|
1000025502|4|4|4|4||
1000010649|8||6|6||
1000023012|5|||||
1000026155|8|9||||
1000025066||||5||
1000018179||||5||
1000025393|8|8|9|||
1000005525|5|9|9|||
1000026774|4|5|6|6|7|
1000026777|5|5|5|6||
1000025601|8|8|8|7||
1000005441|||||4|
1000026331|||5|5||
1000008357|4||5|||
1000005318|8|8|8|8||
1000006723|8|8|8|9||
1000005396|7||7|||
1000013294|6|6|6|7|6|
1000005406|6|6|7|8|7|
1000025225|5|5|5|5||
1000024856|6|6|5|8||
1000025298|||7|7|7|
1000024941||5|6|5|6|
1000024942|5|6|6|5|5|
1000009483|4|4|5|4||
1000015331|6||4|4|4|
1000015332|6|6|7|7|8|
1000009950|6|8||||
1000005511|6|10|9|10||
1000006765|5|5|9|9||
1000025184||5|6|||
1000026718|8|8|8|9|8|
1000026573|4|4|4|4||
1000026575|5|5|4|5||
1000026577|5|5|5|5||
1000024571|9|9|10|||
1000024572||6|6|5||
1000007032|7|8|6|4|6|
1000023967|5|5|5|5||
1000026688|9|8|6|9||
1000016350|5|5|6|5|5|
1000022186|8|6|9|||
1000025991|8|8|8|7||
1000014219|5|5|4|4|6|
1000026257|8|8|7|8||
1000011918|10|10||||
1000021624||6|6|6||
1000012443||6|6|8|8|
1000020106|5|5|5|4|4|
1000025741|9|5|5|||
1000025744||8|5|6|5|
1000025070|7|8|6|6|5|
1000025858|8|10||||
1000014081|6|5|4|3||
1000014276|5|5|8|8|8|
1000026301||9||7||
1000025108|6|6|7|8|8|
1000015417|8|8|8|||
1000022451|5|5|5|5||
1000015266|7|8|4|5|5|
1000026637|6|6|9|||
1000026638|5|4||4|4|
1000026643|5|6|6|6|6|
1000010021|5|3|4|4|4|
1000025260|8|8|9|||
1000026448|5||5|4|4|
1000025169|||5||6|
1000010812|8|6|8|10||
1000026263|5|4|5|6||
1000026267|5|4|5|4|6|
1000016400|5|5|4|5||
1000025620|5|4|8|6|5|
1000021567|5|6|6|6||
1000024454|6|6|6|6|5|
1000025915||5|5|6|5|
1000026229|7|8|9|10||
1000025611|5|4|6|5|5|
1000013770|4|4||5||
1000023300|8|8|9|||
1000014395|6|6|7|6||
1000025410|4||5|5||
1000025415|5|5|5|5||
1000026366||7|7|6|8|
1000025149|5|4|5|5||
1000015280|6|7|7||8|
1000019254|5|5|5|5||
1000019257|7|6|5|8|7|
1000012313|5|5|4|4|4|
1000021793|8|6|7|6||
1000028339|5|4|6|5|5|
1000027524||||4||
1000024900|7|6|4|5|5|
1000026327|5|6|5|7||
1000028745|7|5|6|5|4|
1000027933|6|6||6||
1000027936|5|5|8|||
1000025639|4|4|5|6|8|
1000026382|6|5|5|6|6|
1000028264|6|8|5|5|6|
1000025085|4|||5||
1000024976|6|6|7|8||
1000027540|8|10||||
1000027483|5|4|4|5||
1000026845|4||5|6||
1000027346|||4|4||
1000014204|6|6|6|6||
1000028193|4|4|6|5|5|
1000028195|8|8|8|||
1000024924|6|5|6|6|5|
1000016656|5|5|4|6|6|
1000026815|5|8|9|9||
1000026123||||8|8|
1000027081|6|5|6|6|6|
1000015897|4|5|6|6||
1000015898|8|7|8|6|6|
1000015901|8|8|9|9|9|
1000027257|||6|6|6|
1000027027|8|8|6|8||
1000027046|6|8|7|9||
1000027757|8|6|6|6|5|
1000028002|6|6|5|5||
1000026480|9|10||||
1000026482|6|5||4|5|
1000019671|6|6|7|6|6|
1000019674|4|4|4|4||
1000007338|5|6||7||
1000028049|8|7|9|9|9|
1000026861|6|||||
1000025674|6|7|6|8|8|
1000025678|6||5|5||
1000027241|5|4|5|6|6|
1000005475||||8||
1000028033|4|||||
1000026631|8|||||
1000027580|8|8|10|||
1000027436|8|8|8|9|9|
1000027662|6|8|6|6|6|
1000027364|7|7|8|8|7|
1000026933||8|6|5||
1000028684|7|6|7|6||
1000025557|6|5|6|8|8|
1000028159|8|8|10|||
1000028562|5|5|4|6|6|
1000026706|6|6|7|||
1000026707|6|5|5|4|6|
1000028095|5|5|5|5|6|
1000005430|5|8|8|10||
1000028648|6|5|7|6||
1000028403|5|5|6|6|6|
1000026759|5|6|8|8|7|
1000026909|4|5|6|5|5|
1000026028|5|6|6|6|6|
1000027643||8||6||
1000027644||4||8||
1000027737|6|6|6|6|6|
1000028854|5|4|4|5||
1000028494|6|6|5|6|9|
1000027145|8|7|8|9|9|
1000027147|8|9|8|9|8|
1000028637|6|6|6|6||
1000028249|5|5|5|6|6|
1000026075|||3|4||
1000024961|9|7||8||
1000026046|5|5|4|6||
1000026785|8|5|6|6|6|
1000026788|4|5|5|6|8|
1000029461|4|4|5|6|8|
1000026998|5|6|5|5||
1000027003|5|4|5|8|8|
1000028125|6|6|6|5|5|
1000025459|6|6|6|6|6|
1000029138|5|6|8|||
1000028926|6|6|6|9||
1000028928|6|5|6|5|6|
1000028930|4||5|4||
1000025762|5|6|7|6|5|
1000027872|4|5|6|6|6|
1000029173|6|6|6|6||
1000027846||9|9|10||
1000021848|4|6|5|5|5|
1000025880|5|4||4||
1000000008|6|6|7|6|6|
1000000010|5|4|4|4|4|
1000000014|3|4|4|5|4|
1000029239|6|7|7|10||
1000029501|8|8|8|6|8|
1000027288|4|6|5|5||
1000027827||4|4|5||
1000026725|5|5||5|5|
1000026770|||5|5|4|
1000028818|5|4|4||4|
1000029886|3||3|4||
1000025029|2|2|3|2|2|
1000027105|4|5||4||
1000029300|5|4|4|4|6|
1000028451|6|||7||
1000026146|6|7|7|7|7|
1000027418|5|8|8|7||
1000028290|4|8|9|10||
1000027882|6|6||5|7|
1000027883|7|6|8|7|6|
1000027884|8|6|8|7|7|
1000029784|4|||||
1000025768|5||5|4||
1000027506|6|4|4|5||
1000027012|5|5|7|5|5|
1000029552|4|5|5|5|5|
1000029093||5|8|||
1000028976|6|6|5|5||
1000022356|7|8|7|||
1000015795|8|7|7|7|8|
1000028213|4|4|5|5|5|
1000026039||8||||
1000027595|6|6|6|6||
1000027597|4|||4||
1000026834|6|8|8|8|8|
1000026154|5|5|6|6||
1000029085|5|5|5|5||
1000030001|6|8|6|6||
1000028082|6|6|6|6|6|
1000028084|5|5|6|8|7|
1000028877|8|9||||
1000026282|6|5|5|5|4|
1000029147|4|5|5|4|4|
1000028604|7|8|9|||
1000027767|5|5|6|6|6|
1000027952|9|9|9|8|7|
1000028787|6|6|6|5||
1000028614|6|7|7|6|6|
1000030219|6|10||||
1000026397|5|7|8|7|6|
1000029310||5||5||
1000027354|6|6||5|5|
1000028703|6|8|8|8|8|
1000028864|4|4|4|5||
1000030142|4|||||
1000026893||5|5|5||
1000030215|4|5||5|5|
1000029819|5|9|10|10|9|
1000026752|6|9|8|6||
1000029265|10|9|8|8||
1000029585|6|7|8|9||
1000027065||7|7|8||
1000029893|5|6|8|7|6|
1000029488||7||8|6|
1000029712|8|5|6|8|8|
1000031011|6|5|5|6|6|
1000031015|6|6|4|5|5|
1000029389|6|6|6|5||
1000029295|4||4|4|5|
1000026536||7||8|8|
1000030600||6|6|||
1000030879|6|9||9|5|
1000015294|6|5|6|6|7|
1000015295||8|8|8||
1000029907|5|4|4|5|4|
1000020915|8|||||
1000029321|8|8|7|8|8|
1000029322||6|5|5|5|
1000030822|6|5|6|6|6|
1000027328|10|||||
1000029972|5|6|7|7|7|
1000030532|4|4|5|||
1000031057|6|6|6|5||
1000029914|4|5|6|5|6|
1000030673|9|9|8|9||
1000030675|4||4|||
1000027323|4|4|4|4||
1000030351|7|7|8|8|6|
1000031315||6|5|5|5|
1000030212|6|8|8|8||
1000029451|8|10|10|||
1000029958||||6|4|
1000027406|5|6|5|5|6|
1000029964|4|4||3||
1000029966|7|6|4|4|5|
1000029116||4|5|6|5|
1000026940|5|||5||
1000026942|5|||5||
1000028642|5|4|4||5|
1000030807|6|7|8|8||
1000030808|6|6|6||6|
1000030332|||||5|
1000029327|6|5|6|7|7|
1000029609|6|4|4||4|
1000029808|||8|5|5|
1000028197|6|6|6|5|6|
1000029904|4|4||4||
1000029995|6|7|7|7|7|
1000030193|5|7|8|6|6|
1000030148|8|||||
1000029110|6|||5||
1000029112|4||4|5|5|
1000029369|3|4|3|5|5|
1000029039|8|8|8|8||
1000029041|5|6|8|8||
1000031080||||4||
1000030128|6|||||
1000030129||4|4|4|5|
1000029217|6|6|5|5|6|
1000031139||5|5|6||
1000025252|7|6|5|5||
1000025253|3|3||||
1000029752|5|5|5|5||
1000029724||||6||
1000029013|6||7|||
1000028656|6|7|6|9|5|
1000028145|4|5|5|4||
1000029241||7|6|6||
1000029942|6|7|8|8|6|
1000027031|6|6|6|5|5|
1000027040|6|6|6|7|8|
1000028767|6|6|6|||
1000028769|6|6|9|8|9|
1000029684|5|5|5|||
1000026801|4||4|||
1000028382|6|7|8|9||
1000029856|||8|||
1000029857||6|6|7||
1000029764|6|6|5|10||
1000029425|||4|5|5|
1000029426|9|9|9|||
1000031375||6|6|5||
1000027590|6|6|6|6|5|
1000030007|4|5|6|5|5|
1000030008|4|5|5|6|6|
1000030742|||||4|
1000030270|3|3||||
1000027917|8|||||
1000027923|5|5|5|6|5|
1000025874|6|6|8|8|9|
1000028271|||4|5|6|
1000025774|5|5|6|5||
1000025728|4|6|6|8||
1000030201||||5|5|
1000028909|||4|4||
1000028910|5|5|5|6|5|
1000030567|7|6|5|6|5|
1000026910|6|4|6|6|6|
1000026194|6|6|6|6|6|
1000030922||5||4||
1000009705|5||6|6|6|
1000028956|6|8|7|9||
1000030495|5|5|6|5|7|
1000030281|4|3|5|5|5|
1000030978|6|8|6|6||
1000028846|6|6|8|9||
1000030452||8|8|8|8|
1000029019|8|9||4||
1000029571|8|8|8|8|5|
1000029574||5|6|7|6|
1000030060|4||5|||
1000030833|6|6|6||6|
1000030838||8|8|6|6|
1000029928|9|5|10|10||
1000029229|6|8|8|8||
1000029232|5|4|6|4|5|
1000029692|6|6|7|6||
1000028868|8|8||||
1000030890||6|7|9|9|
1000031085|5|6|8|8|6|
1000031092||8|7|6||
1000031346||7|8|6|6|
1000030072||8|8|9||
1000030043||||5||
1000030956|6|7|8|8|8|
1000030236||6|6|6||
1000027183||8|8|6|5|
1000030707|||10|9||
1000030709|5|5|9|10|9|
1000029258|8|4||5||
1000030939|5|5|8|||
1000030942||6|8|||
1000029786|6|6|6|5||
1000030552|||4|4||
1000030858|9|8|6|8|6|
1000030975|8|6||6||
1000031198|6|6|7|6|6|
1000031204|6|5|5|5||
1000027391|8|8|9|8|8|
1000027801|6|6|6|7|7|
1000001149||5|5|||
1000001067|4|4|8|8|6|
1000001090|3|4|4|5|6|
1000030559|6|6||||
1000027898|5|6|5|5||
1000004460|8|8||||
1000001053|5||5|5||
1000031788|||6||6|
1000018254|4|4|4|4|4|
1000018256|3|3|3|3|3|
1000018257|4|4|5|6|5|
1000031692||||8|8|
1000024727|6|8|9|9|8|
1000028789|9|9||||
1000028791|4|4|4|4|4|
1000002545|7|6|8|||
1000031722||7|7|8|8|
1000030583|6|6|6|6|7|
1000025894|4|7|9|||
1000026350|8|8|9|9|10|
1000014243|5|5|4|4||
1000027302|6|9|9|8||
1000028251|5|5|5|6||
1000028255|4|5|5|6|6|
1000001340|6|7|8|9|8|
1000007902|5|||||
1000004822|4|7|5|5|6|
1000031181||6|7|8|8|
1000029512|6|6|7|6|6|
1000023416|||9|||
1000023419|5|5||||
1000005102|4|4|5|6|6|
1000021665|5|4|3|3|3|
1000025165|5|8|4|4||
1000005111|5|6|6|7|6|
1000025932|5|||||
1000026086|6|6|6|6||
1000028470|6|8|8|9||
1000031380||8|9|8||
1000028617|4|4|6|4|5|
1000001248|5|3|3|3|3|
1000016662|6|6|6|6|6|
1000005165|8|3|3|3||
1000007348|5|5|5|6||
1000025513|10|||||
1000029870|6|6|8|6||
1000030481|4|4|8|4|4|
1000027277|6|6|5|6|6|
1000031191||5|5|4|5|
1000006100|5|4|4|4|4|
1000004866||6|8|7|7|
1000004845|5|5|6|8|8|
1000004846|8|8|6|6|5|
1000026866|9|||||
1000026868|4|5|9|||
1000011477|5|5|4|5||
1000022712|6|6|6|5|8|
1000011451||6||5|5|
1000012322|7|6|8|8|6|
1000030492|6|||||
1000025450||5|5|7|8|
1000005212|4|4|4|5||
1000004228|3|3|3|3|3|
1000020702|5|5|5|5|5|
1000020679|4|4|5|4|5|
1000004651|4|4|4|||
1000009863|4|5|4|4||
1000020002|7|8|10|10||
1000005045|4||5|5|5|
1000004701|5|4||4||
1000006497|3|4|5|5||
1000005203|5|6|6|8|8|
1000028391|6|7|6|8||
1000009817|6|6|6|6||
1000004507||9|9|9||
1000004735||3|4|||
1000025861|8|9||||
1000004509|4|3||4||
1000004510|4|4|6|6|5|
1000006564|3|3|4|3||
1000005207|4|4|5|5|5|
1000004750|6|6|7|7||
1000004296|4|4|5|4|5|
1000006501|5|5|4|5|5|
1000031669||9|5|6|6|
1000011709|3|4|4|||
1000011838||5|5|4||
1000028596|8|6|6|||
1000011852|8|9||||
1000031979|||9|9||
1000011846|4|4|4|||
1000011864|5|4|4|4|4|
1000029686|5|6|6|8|6|
1000027980|6|3|3|3|3|
1000011928||5|5|7|6|
1000031790|||10|10||
1000029841|4|5|6|6||
1000029843|5|5|5|5||
1000011924|||5|||
1000011781||5|5|4||
1000011605|4|6|4|5|4|
1000029606|6|8||6||
1000011801|4|4|5|6|5|
1000011598||6||5||
1000011574|4|4|4|4|3|
1000011739|7|7|6|6|6|
1000011594|8|8|6|5|4|
1000011810|5|7|7|6|6|
1000025145|6|4|4|7|8|
1000011826||5|6|9||
1000031312||9|8|7||
1000028800|4|4|5|6||
1000028805|5|5|5|6|8|
1000027839|||5|6|6|
1000031359|||8|9|9|
1000031361|5|7|8|9||
1000029584|5|6||5||
1000031591|5|5|6|9|8|
1000031425||9|9|9|10|
1000031131|6|6|8|6||
1000031336||8|7|8||
1000025653|3|3|4|||
1000031167||6|8|9|8|
1000031809|||6|8||
1000027094|9|||||
1000029454|6|6|8|8|7|
1000031804|||6|8|8|
1000031710||9|10|10||
1000028784|8|8|8|5|4|
1000031556||8|9|8||
1000031595||8|10|||
1000031588||6|6|8|8|
1000025632||4|4|||
1000029934|6|8|7|8|8|
1000029935||5|8|8|8|
1000031455||||4||
1000031093|7|6|8|9|8|
1000030658|7|5|6|7||
1000030996|6|6|6|8|8|
1000030765|5|5|5|6|6|
1000031808|||6|8||
1000030796|7|8|8|8|8|
1000031371||6|5|5||
1000030946|6|6|7|8||
1000027717|7|8|8|8|8|
1000027835|4|4|4|5|5|
1000031847|||6|4|5|
1000031518||6|8|8|8|
1000031392||||8||
1000031654||8|8|8|9|
1000031995||||9||
1000028035|6|6|6|6||
1000029199||5|||5|
1000029332|3|4|4|4|4|
1000028581|7|9||||
1000031076|7|6|7|6|8|
1000030802|6|6|6|7|6|
1000030804|6|5|5|5||
1000007626|5|5|5|4|4|
1000007556|4|5|7|6|6|
1000009608|5|5|6|6|5|
1000009190|7|7|7|||
1000006822|5|7|6|8|6|
1000005673|6|5|5|6||
1000031857|||9|8|8|
1000009120|10|9|8|||
1000008171|7|6|5|6|5|
1000007613|6|5|5|5|4|
1000007584|4|4|4|3|4|
1000006813|5|||||
1000031448|||9|9|8|
1000008522||5||||
1000008523|4|5|5|4||
1000007098|6|5|5|4|4|
1000005948|6|6|8|7||
1000009171|5|5|6|5|5|
1000007600|5|5|6|8||
1000009559|5|6|6|5|5|
1000008777|4|4|4|4|4|
1000007650|4|5|4|4|5|
1000008978|4|4|4|4|4|
1000007646|9|10||||
1000008018|5|5|6|6|7|
1000008481|||6|6||
1000007638|3|3|3|5|3|
1000007504|2|2|2|2|2|
1000009414|7|10|9|10|9|
1000009632|6|5|5|5||
1000009145||||5||
1000008001|5|6|6|6||
1000006849|5|5|8|7|6|
1000008519|4|4|6|||
1000009621|5|5|5|6|6|
1000009210|6|7|6|6||
1000007762|8|8||8||
1000008037|5|4|6|4|6|
1000010537|5|6|6|6|6|
1000005397|3|||5||
1000025997|8|8|9|9||
1000024179|6|4|5|4||
1000031759||8|6|6|6|
1000008226|7|6||||
1000009251|6|6|5|5||
1000007839|7|7|6|6|6|
1000008293|5|5|5|5||
1000031446||6|7|6||
1000031994|7||5|||
1000008858||4||5||
1000007674|7|10|10|9|9|
1000010499|5|5|6|5||
1000010500|5|7|7|8|6|
1000031158|8|6|8|||
1000031998|||10|10|10|
1000031144|||3|3||
1000007718|6|6|6|6|6|
1000028664|7||8|10||
1000028679|7||9|8||
1000009240|3|3|4|4|4|
1000025126|5||6|5||
1000009774|||6|7||
1000031701||||4||
1000027480||||4|5|
1000028168|8|5|5|5|6|
1000031775|||6|8|8|
1000031776|||6|6||
1000029860|6|5|5|4|4|
1000029861||5||||
1000027191||6|6|5||
1000027194|9|||||
1000027604|8|8|8|8||
1000031833|||9|9|10|
1000029883|6|6|4|4||
1000008283||8|5|8|6|
1000009257|4|4|5|4|5|
1000010195|4|4|4|||
1000009832|9|9|10|10||
1000010348|5|5|5|5|5|
1000010584|10|||||
1000024346|6|6|6|5|6|
1000010690|8|8|9|9|9|
1000010318|4|4|4|4|4|
1000010204|4|4|5|5|5|
1000010060|4|4|4|4|6|
1000024480|6|6|5||5|
1000010391|5|5||||
1000010377|5|5|4|5||
1000010271|4|5|6|5|5|
1000010264|4|4|4|5|6|
1000010114|5|6|6|6|6|
1000014058|7|4|4|||
1000031236|7|8||||
1000030877|6|6|6|6||
1000028439|8|7|6|8|8|
1000014051|6|7|6|5|6|
1000032114|||||6|
1000029800|6|7|8|8|7|
1000031874|||4|||
1000030068|5||6|6||
1000031988|||8|8||
1000013104|4|4||||
1000030357|6|5|4|5|6|
1000031902|||6|5|6|
1000030693|||6|8|5|
1000031911|||9|5||
1000027075|8|9||6|6|
1000013068|6|6|6|6||
1000013077|5|5|6|6|5|
1000015210|7|8|9|9|10|
1000015211|3|3|4|4|3|
1000005048|7|5|3|3|3|
1000027947|6|4|5|4||
1000005096||5|5|5|5|
1000026625|4|4|4|4||
1000031498||10|8|5||
1000009714|5|5|5|5|5|
1000030663|5|5|7|6|7|
1000009823|8|8||||
1000009725|7|6|6|6||
1000009733|7|8|10|||
1000029120|5|7|8|8|8|
1000031921|||9|7|6|
1000032061||||8|6|
1000013100|6|6||6||
1000032094|||||7|
1000018046|5|7|8|||
1000018048|6|7|7|7|6|
1000006689|5|5||5||
1000032121|5|5|6|6|6|
1000027449|6|6|8|10||
1000028501|7|8|8|8|8|
1000028504|3|3|5|5|4|
1000028505|5|6|7|6|6|
1000027493|6|5|6|6|8|
1000032022|||9|9|6|
1000029744|4|8|7|10|10|
1000031640||7||7|5|
1000030114|6|6||6||
1000000023|6|4|4|5|5|
1000000027|5|6|8|7|6|
1000000064|2|2|3|2|2|
1000000067|4|4|4|5|6|
1000000079|3|3|3|3||
1000000092|4|4|5|6|6|
1000000113|9|6|5|5|5|
1000000156|5|5|6|7|7|
1000000173|4|4|4|4|5|
1000000174|3|5|7|6|6|
1000000178|6|9||||
1000000186|8|9|8|8||
1000000199|3|5|4|4|4|
1000000207|6|9|9|9|9|
1000000224|3|3|2|2|2|
1000000250|5|5|6|7|7|
1000000251|3|3|5|4|4|
1000000256|6|6|6|6||
1000000294|5|4|6|7|6|
1000000295|4|4|6|6|5|
1000000297||4|5|4|4|
1000000306|3|3|3|3|3|
1000000313|5|8|5|5|3|
1000000316|5|5|5|6|5|
1000000319|2|3|3|3|3|
1000000334|5|5|7|7|6|
1000000360|6|5|6|6|6|
1000000383||9||9|9|
1000000405|3|4|4|4|5|
1000000413|3|4|6|3|3|
1000000452|6|6|6|6|5|
1000000476|3|4|3|3|3|
1000000491|4|5|5|6|4|
1000000510|6|6|6|7|6|
1000000516|2|4|3|3|3|
1000000528|6|||5||
1000000559|3|3|3|3|3|
1000000587|5|6|6|6|6|
1000000588|5|5|6|5|4|
1000000598|3|3|3|3||
1000000600|3|3|4|3|3|
1000000604|4|5|4|4|4|
1000000612|4|4|4|3|3|
1000000624|5|5|6|6|5|
1000000631|10|||||
1000000637|5|5|5|4|5|
1000000657|5||4||5|
1000000666|3|4|4|5|6|
1000000670|4|5|5|6|5|
1000000675|4|4|4|4|4|
1000000685|6|8|6|7|6|
1000000714|5|4|4|4|4|
1000000731|5|5|5|5|6|
1000000736|4|4|4|4|4|
1000000741|3|3|3|3|4|
1000000751|4|6|8|8|8|
1000000752|4|4|4|4|4|
1000000784|5|5|5|5|5|
1000000790||4|4|4|3|
1000000822|4|4|5|5|5|
1000000829||6|6|5|6|
1000000858||6||||
1000000869|6|6|6|6|6|
1000000878|5|7|9|8||
1000000928|4|4|5|5|5|
1000000948|6|6|6|6|6|
1000000952|8|8||||
1000000973||8|7|7|6|
1000000978|6|6||7|8|
1000000979|5|6|5|5|5|
1000000996|7|5|5|6||
1000001002|4|4|6|9|8|
1000001049|3|4|6|5|4|
1000001054|4|3|3|4|4|
1000001068|5|5|6|7|6|
1000001141||5|6|6|6|
1000001153|5|6||6||
1000001160||||4||
1000001197|3|4|4|4|4|
1000001215|8|9||||
1000001263|9|10|9|10|9|
1000001268|8|8|8|9|9|
1000001269|6|6|7|8|7|
1000001272|8|7|9|7|7|
1000001279|4|4|4|5|5|
1000001280|5|5|6|4|6|
1000001301|4|||||
1000001336|5|5|5|5|6|
1000001373|6|5|8|8||
1000001410|8|8||||
1000001414|8|||||
1000001450|4|4|4|6|6|
1000001460|4|4|4|4|4|
1000001486|||6|5||
1000001506|3|3|4|4||
1000001520|4|5|5|5|4|
1000001523|4|4|4|4|4|
1000001524|5|4|4|5|6|
1000001533|5|8|8|8|8|
1000001564|6|7|||4|
1000001585|4|6|3|3|3|
1000001608|8|8|8|9|8|
1000001622|5|4|6|4|6|
1000001649|4|4|4|5|5|
1000001729|4|5|5|5|8|
1000001751|6|7|8|8||
1000001759|6|5|4|7|7|
1000001764|4|6|4|4|4|
1000001769|4|4|5|4|4|
1000001779||5|5|6||
1000001801|4|4|4|4|4|
1000001839|8||7|7|6|
1000001859|5|5|6|6|6|
1000001870|4|3|4|4|4|
1000001885|||7|8|6|
1000001901|3|4|3|4|4|
1000001949|2|3|4|4|4|
1000001950|5|6|6|5|6|
1000001990|||4|4||
1000002006|2|2|3|4|4|
1000002044|4|4||4||
1000002048|3|4|3|3|3|
1000002052|5|4|5|5|5|
1000002064|5|5|5|6|5|
1000002077|5||4|4||
1000002089|6|5|6|8|9|
1000002129|3|||3||
1000002155|6|4|4|4|4|
1000002166|5|6|5|5|6|
1000002195|5|4||4||
1000002196|5|4||5|5|
1000002197|5|4||5||
1000002199|3|3|2|3|3|
1000002203|4|4|5|5|5|
1000002215|3|4|4|4||
1000002218||7|8|7|7|
1000002239|5|6|6|6|6|
1000002249|6|6|9|9|9|
1000002263|4|5|5|5|6|
1000002284|4|5|5|5|6|
1000002301|4|4|8|6|6|
1000002315|3|5|8|4|5|
1000002317|5|||||
1000002327|5|6|6|6|6|
1000002347|5|4|6|4|5|
1000002352|8|4|4|4|5|
1000002356|3|5|6|5|4|
1000002371|6|||||
1000002388||3|3|||
1000002402|7|6|5|6|6|
1000002405|7|6|8|8|6|
1000002412|4|4|4|4||
1000002413|8|8|9|8|7|
1000002503|6|5|5|||
1000002512|4|5|4|4|4|
1000002527||5|4|4||
1000002546|5|4|4|4||
1000002561||4|4|4|3|
1000002570|||4|6|6|
1000002630|6||6|||
1000002693|4|4|4|4|4|
1000002696|6|6|7|6||
1000002701|5|5|5|5|6|
1000002706|5|7|8|8|8|
1000002789|3|4|4|4|3|
1000002802||4|4|3||
1000002820|8|7|7|8|8|
1000002838|6|4|5|5|5|
1000002869|8|5|5|6|6|
1000002944|4|4|8|||
1000002947|5|3||4||
1000002948|5||5|4|5|
1000002954|3|4|4|4||
1000002965||||5||
1000002981|6|5|9|8|8|
1000002989|3|3|3|4||
1000002995|3|3|4|4||
1000003011|4|4|4|3|5|
1000003028|||4|4|4|
1000003033|4|4|4|4||
1000003070|6|6|9|9|10|
1000003078|8|4|6|8|5|
1000003100|5|4|6|6|4|
1000003110|4|4|4|4|4|
1000003123|6|5||||
1000003147|4|4|5|5|5|
1000003151|8|8|7|7||
1000003170|5|||6|5|
1000003172|||6|7||
1000003179|8|7|10|9||
1000003185|7|8||7||
1000003190|8|6|8|5||
1000003215||6||8||
1000003227|5|6|7|6|6|
1000003351|8|7|6|9||
1000003371|||5|5|7|
1000003389|4|3|3|4|4|
1000003397|4|4|3|2|2|
1000003413||||7||
1000003437|4|3|2|3|3|
1000003469||||5||
1000003479|6||6|5|6|
1000003485|5|5|7|8|6|
1000003524|||4|4|4|
1000003529|7|6|8|8|8|
1000003533|4|4|5|4|6|
1000003555|4|4|4|5|4|
1000003558|4|4||3||
1000003559||6||8||
1000003570|5|6|6|7|6|
1000003578|5|5|4|5||
1000003580|6|6|6|6||
1000003581|6|6|7|7|8|
1000003592|4|5|5|4|4|
1000003594|6|5|6|5||
1000003625|5|4|5|4|4|
1000003645|4|4|6|6|7|
1000003646|6|6||6||
1000003647|5|5|6|5|5|
1000003658|7|5|6|5|7|
1000003664|6||6|7||
1000003707|4|3|4|3|3|
1000003730|4|4||4|4|
1000003744||5||4|5|
1000003770|6|6||||
1000003786||7|8|8||
1000003797|8|8|9|||
1000003828|5|4|5|4|5|
1000003856|8|8|7|7|6|
1000003920|8|8|10|||
1000003930|8|8|9|8|8|
1000003943|8|6|9|8||
1000003955|5|5|5|4|4|
1000003968||8|||9|
1000003969|7|6|6|8|6|
1000003999|6|6|4|4||
1000004008|4|4|4|5|4|
1000004012||5|6|6||
1000004022|6|7|6|6||
1000004041|5||6|5|6|
1000004055|6|4|5|4|3|
1000004074|3|||5|4|
1000004078|5|5|5|6|6|
1000004120|5|5|5|5||
1000004138|10|||||
1000004143|6|8|6|6|6|
1000004177|8|8|8|9|9|
1000004193|5|6|6|6|6|
1000004219|||||4|
1000004254|6|8|5|5|6|
1000004261||6|6|6|6|
1000004304|8|5||8||
1000004356|5|5|6|7|6|
1000004385|3|3|5|5|7|
1000004388|4|4|4|5|3|
1000004420|8|8|9|8|8|
1000004446|6|6|8|8|8|
1000004479|7|6|8|8||
1000004502|5|5|6|6||
1000004516|5|6|6|5|6|
1000004526||5||||
1000004534|5||6|7||
1000004537|5|5|6|7||
1000004541|||6|6||
1000004545|6|4|4|8|7|
1000004555|5|5||4||
1000004584|7|6|8|||
1000004585|7||8|5|6|
1000004594|7|6|8|8|8|
1000004644|3|5|4|||
1000004662|5|4|5|4|5|
1000004676||||8||
1000004680|6|5|5|7|8|
1000004734|4||5|5|4|
1000004768|6|5|8|5|4|
1000004806|3|3|4|||
1000004843|6|8|8|6|6|
1000004868|6|7|6|6||
1000004915|7|6|6|6|6|
1000004922|6|9||||
1000004992|8|7|8|8|8|
1000004996|6|6|7|8|6|
1000005009|5|5|5|6|7|
1000005014||||8||
1000005086|5|7|8|6|6|
1000005095|9|9||||
1000005161|5|5|5|6|5|
1000005208|5|5|5|6|8|
1000005218|8|8|10|||
1000005251|||6|5|6|
1000005354|6|8|9|8||
1000005380|4|4|4|4||
1000005400|6||7|7|8|
1000005485|5||5|||
1000005551|4|4|4|4|4|
1000025177|6|5|5|||
1000005522|6|7|6|6|5|
1000005531|5|5||||
1000005570|8|7|9|||
1000005589|6|7|7|8|8|
1000005592|6|6|5|5||
1000005652||6|6|4||
1000005653|6|6|5|5|5|
1000005658|6|5|5|6|6|
1000005659|5|5|5|6|8|
1000005668|6|7|6|7||
1000005686|7|6|6|||
1000005701|3|4|4|4|5|
1000005722|4|4|5|5|4|
1000005727|7|7|8|6||
1000005746|8|8|8|6||
1000005786|3|4|4|||
1000005787|5|||||
1000005793|5|8|6|9||
1000005801|8|9|9|10||
1000005829|7|7|6|7|6|
1000005838|5|5|5|5|5|
1000005842|6|5|5|||
1000005843|6|7||||
1000005865||5|6|5|5|
1000005870|6|6|8|8|8|
1000005931|8|||||
1000005941|6|6|7|7|8|
1000005993|5|5|6|8|6|
1000005999|4|4|4|4|5|
1000006043|4|4|5|5|5|
1000006072|6|6|6|6||
1000006084|3|5|3|3|5|
1000006107|5|4|5|5|4|
1000006110|4|5|5|4|4|
1000006117|6|3|4|5|7|
1000006121|6|6|8|8||
1000006134|9|6|7|7||
1000006144|6|5|8|9||
1000006165|||8|||
1000006173|6|6|6|6|5|
1000006178|8||6|6||
1000006190|4|4|4|5|4|
1000006195|7||6|8||
1000006231|4|5|5|4|4|
1000006253|4|4|4|||
1000006257|7|8|7|7|7|
1000006287|4|5|6|7|8|
1000006289|4|4|4|6||
1000006290||6|6|6||
1000006298|3|4|4|4||
1000006302|4||4|5||
1000006326|5|5|8|4|5|
1000006334|4|5|5|6||
1000006344|5|5|7|6|6|
1000006345|5||5|4||
1000006348|6|5|6|7||
1000006366|4|5|6|5||
1000006381|6|5|5|5|5|
1000006398|4||8|7||
1000006400|6|5|5|6||
1000006410|7|6|6|8|8|
1000006422|6|5||6||
1000006434|4|6|6|6|5|
1000006466|9|10||||
1000006473|8|7|8|8||
1000006486|5|4|5|6|5|
1000006488|6|6|8|6|6|
1000006492|6|6|6|7||
1000006494|8|7|7|8||
1000006540|8|6|6|6||
1000006541|6|6|6|8|6|
1000006569|5|||4||
1000006572|||6|5||
1000006573|7|6|6|6||
1000006610|2|3|2|3|2|
1000006630|6|6|7|10||
1000006642|8|||||
1000006648||5||5|5|
1000006682|6|5|5|5||
1000006732|8|9|9|||
1000006749|7|6|6|7|7|
1000006750|5|6|5|5|6|
1000006806|7|6|8|7|6|
1000006828|||5|||
1000006840|4|5|6|6||
1000006841|4|3|4|4|4|
1000006854||5||||
1000006893|6|7|7|4||
1000006932|5|5|4|5|6|
1000006935|5|5|4|4|4|
1000006937|9|||||
1000006945|8|8|8|6||
1000007063|4|4|4|5|4|
1000007088|2|2|2|2|2|
1000007115|6|6|5|||
1000007122|6|5|5|4|5|
1000007131|4|4|5|5|4|
1000007147|8|8||8||
1000007174|6|6|6|6|7|
1000007195|6|6|6|6|5|
1000007220|6|5|6|6|6|
1000007221|7|5|8|6|9|
1000007227|4|4|4|4||
1000007230|10|9||||
1000007239|7|8|9|9|9|
1000007274||4||||
1000007277|6|6||6||
1000007362|7|5|4|4|5|
1000007407|6|7|6|6|5|
1000007409|6||9|||
1000007478|4|4|7|4|6|
1000007490|5|5|5|5|6|
1000007497|5|6|5|8|8|
1000007507|4|5|5|6|8|
1000007546|6|4|4|4|4|
1000007548|7|8|9|||
1000007551|4|5|5|5|4|
1000007555|9|9|9|10||
1000007610|6|6||6||
1000007612||3||||
1000007619|4|||||
1000007634|||5|4||
1000007641|4||4||4|
1000007643|6|6|7|7|7|
1000007652|2|3|2|3|3|
1000007687|3||4|6||
1000007703|3|3|4|4|4|
1000007754|4||4|4|4|
1000007785|7|8||||
1000007788|5|4||4|4|
1000007910|5|6|5|5||
1000007912||5|4|4||
1000007928|5|5|5|5||
1000007930|||4|||
1000007932||7|8|8||
1000007954|4|6|7|5||
1000008004|7|5|5|5||
1000008051|5|5|4|4||
1000008058|7|7|7|8|8|
1000008082|4|5|5|5|5|
1000008083|8|8|10|||
1000008114|5|5|5|6|6|
1000008116|7|6|10|||
1000008137|8|9||||
1000008142|4|8||8||
1000008175|8|8|9|8|9|
1000008254|6|6|6|6||
1000008263|||7|7||
1000008266|5|5|4|4|4|
1000008270|6|7|6|7|7|
1000008348||8|6|6||
1000008368|6|8|8|7|7|
1000008402||6|6|6|6|
1000008410|5|4|5|4|4|
1000008440|4|4|4|4|5|
1000008471||||6||
1000008483|5|6|5|6|6|
1000008503|5|8|5|8||
1000008533||5|5|5||
1000008553|5|5||6||
1000008570|6|||||
1000008602|6|6|7|7|6|
1000008603|||4|3|3|
1000008605|6|8|9|||
1000008640|4||4|4||
1000008669|6|7|7|7|7|
1000008689|8|9||||
1000008741|||6|||
1000008787|4|4|6|5||
1000008829|2|3|3|3|5|
1000008877|8|6||||
1000008903|||4|4|4|
1000008932|5|4|4|4||
1000008939||5|5|6||
1000009016|3|3||3||
1000009027|6|7|9|7|7|
1000009031||6||||
1000009036|4|3|3|3|3|
1000009088|3|4|4|3|4|
1000009112|4|6|5|6|5|
1000009126||5||7||
1000009143|4|5||4||
1000009156|6|8|6|5|5|
1000009167|6||4|||
1000009173|6|||||
1000009204|4|4|4|4|4|
1000009228||6|8|7||
1000009244|8|8|6|6|7|
1000009263|6|6|8|6||
1000009267|5|5|5|5|5|
1000009312|4|4|4|4||
1000009318|5|5|4|4||
1000009429|5|8|5|8|8|
1000009451|4|4|5|5|5|
1000009475|7|8|7|9||
1000009477|4|5|4|4|4|
1000009504|4|5|5|5|6|
1000009573|5|4||5||
1000009583|6|9||||
1000009588|6|6|8|7|6|
1000009605|6|7|7|6||
1000009609|5||6|||
1000009635|4|5|5|5||
1000009671|6|6|5|5|5|
1000009688|4|5|4|4||
1000009693|6|5|6|6|6|
1000009731|6|9|9|6|6|
1000009847||4|6|4||
1000009893|6|7|8|8|5|
1000009928|6|7|5|6|8|
1000009969|8|8|8|8|8|
1000009996|6|7||7|6|
1000010014|4|5|6|5||
1000010019|4|4|6|7|5|
1000010020|8|6|6|6|7|
1000010063|5||6|||
1000010130|5|||||
1000010160|5|5|5|6|6|
1000010183|4|4||||
1000010185|4|||4||
1000010202|||5|6|8|
1000010213|4|4|4|4||
1000010246|5|5|5|5|5|
1000010311|5|5|5|6||
1000010336|5|5|6|8|6|
1000010378|8|7|9|10|9|
1000010381|||5||5|
1000010418|7|6|6|7|6|
1000010429|7|8||||
1000010431||5||5||
1000010473|||5|5|4|
1000010491|6|8|8|7|8|
1000010554|8|||||
1000010595|5|5||5||
1000010617|5|5|8|9||
1000010631|||4|4||
1000010637|6|6|6|6|6|
1000010640|6|5|6|7||
1000010644|5||5|4||
1000010656|5|5|6|6||
1000010659|5|5|5|6|7|
1000010670|4|4||5||
1000010724|6|7||7||
1000010730|7|6||||
1000010768|4|6|6|5||
1000010782|6|6|6|6|7|
1000010825|4|5|4|5|4|
1000010840|6|6|5|5|6|
1000010842|4|4|4|4|4|
1000010843|6|5|7|6|8|
1000010847|5|4|6|8|7|
1000010854|5|5|5|6|5|
1000010895|4|3|5|5|5|
1000010897|5|4|5|5||
1000010907|7|5|9|6|6|
1000010920|6|6|7|6||
1000010954|5|6|5|5|8|
1000010956||6|8|8|8|
1000010970|7|6|7|6|6|
1000010985|8|9||||
1000010993|5|4|4|4|6|
1000010998|6|7||8||
1000011008|5|||||
1000011018|||7|8|6|
1000011021|4|5||6||
1000011024|||10|||
1000011037|5|7|7|7||
1000011061|6|6|6|6|6|
1000011132|4|6|6|5|5|
1000011133|9|5|5|5|5|
1000011135|5|6|5|5||
1000011141|5|5|6|6|6|
1000011143||4|4|4||
1000011151|6|6|7|6|6|
1000011172|||8|6|8|
1000011173|6|7|6|7|7|
1000011207|8|9||||
1000011224|4|4|5|4||
1000011226|7||8|8||
1000011253||6|5|6|6|
1000011254|4|4|5|8||
1000011263|8|8|8|9||
1000011302|5|6|8|7|8|
1000011315||4|5|5|6|
1000011324|6|9|9|10||
1000011332|5||6|4||
1000011366|5|4|4|3||
1000011413|5|5|5|5|5|
1000011438|||3||4|
1000011481|5|4|4|4|5|
1000011497|6|5|5|6|5|
1000011510|6|7|7|8|8|
1000011567|4|5|6|4|4|
1000011569|5|5|5|5||
1000011699|8||6|||
1000011764|5||6|6||
1000011772|4||3|3|3|
1000011828|6|6|6|7|6|
1000011829|6|6|6|6|6|
1000011898|4|3|6|7|8|
1000011931||5|5|6||
1000011939|3|3|4|4|5|
1000011968|6|5|6|5||
1000011981|7|9|10|||
1000012022|6|6|6|5|5|
1000012030|6|5|6|6|6|
1000012053|5|6|6|6|6|
1000012060|4|4|5|5||
1000012061|8|6||||
1000012107|8|6|8|6|6|
1000012134|6|6|6|6||
1000012137|7|6|8|8|8|
1000012143|4|4|5|4||
1000012146|||4|||
1000012161|5|6|6|5|7|
1000012172||6|5|5||
1000012185|4|5|4|4|4|
1000012194|5|4|5|5|5|
1000012229|5|5|5|5||
1000012230|7|5|5|4||
1000012241|6|5|6|6|5|
1000012248|4||4|4||
1000012282|8|||||
1000012304|8|9|8|8|8|
1000012335|6|5|6|6|6|
1000012338|4|||||
1000012389|8|8|9|9|9|
1000012393|4|4|5|4|4|
1000012397|9|9|8|8|8|
1000012413||10||||
1000012433|6|6|6|6|6|
1000012449|6|7|6|6|6|
1000012462|||4|4||
1000012494|6|6|9|9|9|
1000012505|4|5|4|4||
1000012522|8|7|6|6|5|
1000012530|5|4|5|6|5|
1000012531|3|2|3|3|3|
1000012563|6|7|6|6|5|
1000012591|||4|||
1000012617|4|4|4|4|4|
1000012674|6|5|7|6|6|
1000012681|4|4|3|4|5|
1000012699|5|6|5|5||
1000012709|9|8|9|10||
1000012718|5|4|4|4|4|
1000012725||4|4|4||
1000012743|4|4|3|||
1000012787|6|5|5|6||
1000012822|5|6|5|5||
1000012900|6|6|6|6|6|
1000012931||6|6|||
1000012950|4|5|4||4|
1000012993|4|4|4|4||
1000013006|3|3|3|3|3|
1000013021|||5||4|
1000013024|10|||||
1000013037|5|6|6|6|6|
1000013051|6|5|6|5|6|
1000013054|4|4|4||4|
1000013109|8|4|6|7||
1000013125|4|3|5|4||
1000013194|5|7|6|6|8|
1000013195|5|8|8|6||
1000013249|5|5|5|5||
1000013259|2|2|3|3|3|
1000013263|7|8|8|8||
1000013265|6||6|||
1000013267|8|9|6|6|6|
1000013282|8|9|9|9||
1000013337|6|6|||6|
1000013353|9|6|7|8||
1000013410|5|5|5|5|5|
1000013415|5|5|5|5|5|
1000013426|4|3|3|4||
1000013432|4|5|4|4||
1000013440|5|7|6|6|4|
1000013444|6|7|7|6|5|
1000013455|9|||||
1000013462|4|5|7|8|8|
1000013492|4|6|6|5|5|
1000013496|8|8|6|6|6|
1000013514|6|4|5|5|6|
1000013519|4|4|4|4|4|
1000013524|5|5|4|3|3|
1000013532|4||5||5|
1000013536|8|8||6||
1000013555|5|5|4|4|5|
1000013556|6|6|7|6|6|
1000013566|4||5|5||
1000013585|6|5|7|6|6|
1000013601||5|5|5||
1000013603|4|4|5|4|4|
1000013627|6|6|7|7|7|
1000013628|6||6|9||
1000013639|6|6|5|5||
1000013643|5|5|6|6|6|
1000013657||5|5|5|5|
1000013701|8|9||||
1000013702|6|7|7|7|8|
1000013711|6|8|9|10||
1000013742||||5|5|
1000013744|7|6||6|5|
1000013760|4|4|||4|
1000013784|||5|5||
1000013836|4|4|4|4||
1000013852|7|6|7|6|6|
1000013862|4|6|7|7||
1000013874|5|4||3||
1000013895|8|7|8|8||
1000013944|3|4|4|4|4|
1000013996|8|9||||
1000014010|6|||6||
1000014024|4|3|4|4|4|
1000014038|||4|||
1000014075|6|6|7|6|7|
1000014086|3|3|4|3||
1000014106|8|7|7|8||
1000014145|||7|8|8|
1000014160|6|6|4|4|4|
1000014161|5|4|5|4||
1000014166|8|8|8|8|8|
1000014173|4|4|3|4|4|
1000014182|8|6|6|6|5|
1000014189|4|4|4|6|6|
1000014209|5|||||
1000014225|5|7|6|6||
1000014239||4|5|5||
1000014253|4|6|4|4||
1000014262||4|4|4||
1000014306|4|4|4|4|3|
1000014320|8|9|8|||
1000014363|||5|6||
1000014373||5|5|5||
1000014382|8|8|8|7|6|
1000014384|7|8|7|7|7|
1000014389|8|6|8|7||
1000014411|6|6|6|5|5|
1000014424|5||5|||
1000014437|4|3|4|4|8|
1000014468|||6|5|3|
1000014491|4|4|5|5|6|
1000014519|4|3|5|4|4|
1000014526|5|5|6|6||
1000014527|6|8|7|7|7|
1000014541|6|6|5|6|5|
1000014559||3|3|3||
1000014563|5|6|6|5||
1000014579|3|3|3|3|3|
1000014594|6|||||
1000014614||6|6|5|5|
1000014615|5|6|4|6|4|
1000014634|4|4|6|6|6|
1000014666||5|6|8|7|
1000014669|4|5|5|5|5|
1000014675|4||6|5||
1000014693|5|5|4|5|4|
1000014695|5|5|6|8|8|
1000014709|5|4|4|4||
1000014717||5|4|4|3|
1000014721|5|5|5|5||
1000014732|6|5|5|5|5|
1000014743|6|8|8|8|7|
1000014755|5|4|5|6||
1000014771|3|4|4|4||
1000014808|5|5|5|5|6|
1000014827|||5|5||
1000014831|4||4|4|4|
1000014848|8|7|8|8|8|
1000014857|5|5|5|||
1000014860|6|6|5|6||
1000014873||||3||
1000014936|6|6||||
1000014940|6|5|6|5|6|
1000014979|5||7|8|6|
1000014985|7|6|4|4|4|
1000014997|4|4|4|5|5|
1000015010|4|4|4|4||
1000015062||5||6|7|
1000015093|6|6|6|6|6|
1000015119|8|7|9|||
1000015176|10|||||
1000015180|6|6|6|5||
1000015257|5|5|5|||
1000015325|8|8|9|10||
1000015341|6|6|7|7|7|
1000015359|6|6|8|9|9|
1000015360||4||6||
1000015372|6||6|5|6|
1000015384||5|5|5|5|
1000015391|3|3|3|4||
1000015398|5|6|8|7|8|
1000015421|8|7|8|6||
1000015428|6|8|5|5|4|
1000015439||6||||
1000015465|7|6|5|6|4|
1000015476|||4|4||
1000015496|4|4|5|5|4|
1000015566|6|7|6|6|7|
1000015596||4|4|4|4|
1000015657|4|5|5|||
1000015662|5|5|4|4|4|
1000015709|4|5||||
1000015720|5||5|4||
1000015768|5|5|6|4|5|
1000015769|8|8|8|8|7|
1000015776|5|||5||
1000015777|6|4|3|4|3|
1000015785|5|5|5|5||
1000015790|4|4|4|||
1000015791|4|5|6|5|5|
1000015832|7|8|7|7|8|
1000015834|4|3|3|4|4|
1000015839|6|6|6|6|6|
1000015857||5||5||
1000015868|5|7|6|||
1000015874|4|4|4|4|4|
1000015886|6|5|5|6|6|
1000015888|6|6||||
1000015895|6|8|9|||
1000015940|4||||5|
1000015944|||6|||
1000015978|6|4|4|4|3|
1000015985|5|5|4|5|4|
1000015987|4|4|4|5|6|
1000015992|5|5|5|5||
1000016057|5|5|5|||
1000016075|4|4||4||
1000016078|8|8|10|||
1000016087|7|8|6|9|9|
1000016140|5|5|5|4||
1000016144|5|4|6|6|4|
1000016166|5|5|6|5|4|
1000016181|5|5|5|5|5|
1000016196|8|8|8|8||
1000016206|7|8|9|||
1000016212|5|6|7|7|8|
1000016234|5|5|5|5|5|
1000016236|4|4|4|4|4|
1000016237||6|7|8|8|
1000016247||7|7|6|6|
1000016257|7|6|7|7|7|
1000016295|6|5|6|7|6|
1000016301|6|6|6|7|6|
1000016313|4|5|4|4||
1000016326|6|6|7|6||
1000016333|4|6|6|6|5|
1000016334|5||4|5||
1000016340|4|4|6|6|4|
1000016354|5|5|4|5|5|
1000016377|7|7|||6|
1000016385|6|7|7|9|9|
1000016393|4|4|3|4|5|
1000016397|4|6|||5|
1000016419|5|5|5|6||
1000016420|4|4|6|5||
1000016446|5|4||||
1000016461|5|6|5|5||
1000016473|4|3|5|6|6|
1000016474|6|7|9|8|7|
1000016507|5|6|6|8|8|
1000016514|7|7|8|8|8|
1000016531|5|4|5|5|5|
1000016536||4|5|6||
1000016555|6|6|5|4||
1000016579|4|4||8||
1000016600|3|4|4|4|4|
1000016609|10|||9||
1000016620||3||||
1000016650|3|3|4|3|8|
1000016677|5|6|6|6|6|
1000016684|4||4|||
1000016715|8|7|8|8|6|
1000016723|4||5|5||
1000016729|5|5|4|5|4|
1000016740|7|8|8|6|6|
1000016751|5|5|4|5|4|
1000016785|6|6|5|5||
1000016802|5|4|4|4||
1000016807|6|6|6|4|5|
1000016814|5|6|6|8|8|
1000016815|5|4||5||
1000016895|3|3|3|3|4|
1000016924|3|3|4|3|4|
1000016937|5|7|6|6|7|
1000016941|2|2|3|3|3|
1000016944|4|4||4||
1000016952|4|5|4|4||
1000016960|4|4||||
1000016965|4|5|4|4|3|
1000016972|4|5|4|6|5|
1000016974|6|5|6|6||
1000016975|5|5|5|7|7|
1000016995|8|6|6|5|5|
1000017057|4|5|5|6|6|
1000017060|4|3|4|4|4|
1000017104|8|7|8|6||
1000017110|7||6|7|7|
1000017124||||4|4|
1000017125|5|6|6|4|4|
1000017174|5|5|5|5|6|
1000017193|5|4|5|||
1000017220|4|4|4|3||
1000017240|5|4|4|3|4|
1000017247|6|6|7|8|6|
1000017251|4|5|5|6|4|
1000017269|6|6|7|8||
1000017276|6|6||6||
1000017287|5|5|6|||
1000017294|8|8|8|8|8|
1000017300|4|5|5|5|5|
1000017301||4|5|5||
1000017316|5|5|6|5|5|
1000017319|4|4|4|4||
1000017320|6|6|6|6|6|
1000017334||||4||
1000017343|5|5|6|5|5|
1000017367||5|6|6||
1000017390|4|4|4|4|4|
1000017391|6|6|6|5||
1000017411|5|4|5|4|4|
1000017456|8|8|8|8||
1000017462|4|4|4|4|4|
1000017466||||4||
1000017478|4|4|4|4||
1000017513|6|5|6|6|4|
1000017516|5|4|6|7|8|
1000017528|8|5|5|6||
1000017533|5|5||5||
1000017541|4|4|4|||
1000017548|4|4|5|4|5|
1000017574|4|3|3|3|3|
1000017580|6|6|6|6|4|
1000017582|5|6|7|5|6|
1000017585|5|3|3|||
1000017591|5|5|4|4||
1000017593|4|4|4|3|3|
1000017604||||5||
1000017606|5|5|5|5|5|
1000017615|4|4||||
1000017641|5|5|6|6||
1000017650|5|||5||
1000017679|6|5|5|6|5|
1000017737|6|8|7|8||
1000017784|7||8|8|8|
1000017792|6|5|6|5||
1000017828|6|6|8|5|8|
1000017850|5|6|9|||
1000017864|4||4|4||
1000017872|4|4|4|4||
1000017902|5|7|7|6||
1000017911|6|4|5|5|5|
1000017941|8|8|8|7|8|
1000017943|3|4|4|||
1000025079||5|4|||
1000018022|7|6|6|6|7|
1000018070|5|6|4|3|3|
1000018099|6|6|7|6|6|
1000018124|5|6|8|9|8|
1000018127|6|5|7|6||
1000018195|6|6|6|6||
1000018205|8|8|8|8|8|
1000018224|4|5|4|4|4|
1000018252|5|6|6|8|5|
1000018296|4|4|6|8||
1000018317|3|4|4|4|4|
1000018335|4|4|5|5|5|
1000018353|4|4|5|5||
1000018355|5|4|4|4|4|
1000018389|7||5||5|
1000018400|7|8|8|8||
1000018402|5|5|8|6||
1000018512|4|4|4|4|3|
1000018524|8|8|8|8|6|
1000018582|6|6|8|8|9|
1000018591|4|6|4|4|4|
1000018604|5|5|5|6|5|
1000018612|6|3|3|3||
1000018625|4|4||3||
1000018632|5|6|9|9|8|
1000018635|9|8||||
1000018661|5|5|5|5|5|
1000018690|7|6|6|6|6|
1000018722|4|4|5|5|5|
1000018758|6|5|6|6|6|
1000018773|6|5|6|6|8|
1000018801|9|9|9|10||
1000018803|8|8|6|8|7|
1000018808|5|4|5|4||
1000018873|8|7|6|||
1000018913|3|3|3|4|4|
1000018925|5|4|4|5|5|
1000018927|6|5|5|4|7|
1000018928|5|4|4||4|
1000018935|4|5|5|4||
1000018953|5|4|5|4|5|
1000018976|||6|4||
1000019005|5|5|5|4|4|
1000019019|4|6|6|6||
1000019021|4|5|4|4|4|
1000019047|6|6|6|8|6|
1000019060|4|4|4|4||
1000019063|5|5|4|4||
1000019066|5|5|6|7|8|
1000019073||4|5|4||
1000019083|4|5|5|4|4|
1000019098|5|5|5|5||
1000019105||5|5|4||
1000019112|6|5||||
1000019126|10|||||
1000019130|7|6|6|6||
1000019160|4|3|4|4||
1000019181|4|||||
1000019184|9|10||||
1000019195|4|4|4|4|4|
1000019206|6|5|6|9|9|
1000019227|5|6|6|6||
1000019304|5|5|5|5|5|
1000019343|3|3|3|3|3|
1000019344|8|8|8|5|6|
1000019382|5|5|5|5||
1000019385|5|6|6|6||
1000019395|8|9|7|9|10|
1000019398||7|6|6||
1000019421|6|6|6|5|5|
1000019448|5|5|4|6||
1000019461|4|5|5|5||
1000019489|8|9|7|8|7|
1000019491|5|6|5|5|5|
1000019504|6|6|7|6||
1000019513||8|8|||
1000019548|5|5||5||
1000019599||6|5|5||
1000019602|6||5|4||
1000019628|5|5|4|5|5|
1000019632|5|5|4|4|5|
1000019635|4|4||4||
1000019646|6|6|6|6||
1000019713|5|4|5|6||
1000019716|6|6|6|6|6|
1000019753|8|7|8|4||
1000019787|6|6|6|5|6|
1000019869|8|6|6|6|6|
1000019882|6|6|6|6||
1000019907|6|5|6|6|6|
1000019908|4|4|4|3||
1000019932|5|4|5|4|4|
1000019950|4|4|5|5|5|
1000019985|4|4||||
1000019994|4|4|5|4|4|
1000020012|4|||4||
1000020075|6|5|5|5|5|
1000020078|5|4|5|5|4|
1000020087|6|6|8|8|8|
1000020132|5|7|5|5|6|
1000020133|4|4|4|4|5|
1000020137|4|5|5|4|4|
1000020171|4|4|4|4|3|
1000020183|7|7|8|7|7|
1000020191|5|6|7|6|6|
1000020203||5|5|4||
1000020272|4|4|4|4|4|
1000020279|5|5|5|5|5|
1000020313|5|5|5|5|4|
1000020324|6|5|6|6||
1000020328|5|4|5|5|5|
1000020365|5|4|4|||
1000020371|||5|5||
1000020373|7|8|9|9||
1000020378|6|6|6|6|6|
1000020381|5|4|4|4||
1000020390|4|4|6|5||
1000020393|4|4||3||
1000020400|4|4|4|4||
1000020407|4|4|4|4||
1000020416||5||5|4|
1000020492|4|4|4|4|3|
1000020503|7|8|8|9|9|
1000020508|6|6|5|6|6|
1000020530|6|5|5|5|5|
1000020558|5||5|4|5|
1000020566|4|4|4|4||
1000020581|6|7|8|6||
1000020613|3|4|5|4|4|
1000020621|6|5|4|5||
1000020625|6|6|7|8||
1000020671|5||5||6|
1000020683|5|5|5|5|5|
1000020722|7|8|8|6|6|
1000020729|6|5|6|||
1000020754|5|7|6|7|5|
1000020815||5|4|4|5|
1000020823|6|6|8|||
1000020920|4||5|4|4|
1000020934|8||10|||
1000020937|8|5|5|6||
1000020976|4|4|4|4||
1000020988|4|4|4|5|5|
1000021016|2|2|4|3|3|
1000021017|4|5|8|5|6|
1000021038|5|4|4|4||
1000021056|4|5|5|6||
1000021090|6|5|5|||
1000021095|8|6|6|||
1000021108|4|8|8|7|7|
1000021121|4|6|6|6||
1000021136|8|7|8|7|8|
1000021161|5|5|6|6|5|
1000021168|4|4|4|4|4|
1000021185|4|4|4|4||
1000021195|5|5|5|4|4|
1000021209|6|6|7|6||
1000021217|6|6|6|5|5|
1000021223|5|6|6|5|6|
1000021234|8|6|8|7|6|
1000021265|5|5|6|4|4|
1000021273|6|7|7|9||
1000021284|7||6|6|6|
1000021312|6|7|7|8||
1000021313|4|4|6|4||
1000021325|5|5|6|5||
1000021328|||6|6||
1000021334||4|3|4|3|
1000021402|6|6||6||
1000021420|3|3|4|5|4|
1000021426|4|5|4|4|4|
1000021427|5|5|5|||
1000021429|3|4||||
1000021449||6|4|||
1000021452|7|7|7|8|8|
1000021465||4|3|||
1000021466|6|||6|8|
1000021502|5|4|4|4||
1000021522|8|10||||
1000021529|6|5|5|6|5|
1000021531|6|||||
1000021569|7|6|8|6|6|
1000021574|||4|6|6|
1000021608|7|8|8|7|7|
1000021616|6|7|7|6||
1000021633|6|5|6|6||
1000021657|5|6|6|5|5|
1000021681|4||4|5|6|
1000021684|7|5|5|||
1000021691|8|7|7|6|7|
1000021730|7|7|7|7|8|
1000021739|6|5|5|5|5|
1000021740|6|7|9|8|8|
1000021743|6|7|6|8|8|
1000021750|8|8|8|7|7|
1000021769||6|6|6||
1000021807|7|7|6|6|7|
1000021820|5|5|5|5|5|
1000021861|10|8|8|8|6|
1000021905||6|6|8|7|
1000021979|7|7|8|8|8|
1000021988|4|4|6|4|2|
1000022006|6|6|7|6||
1000022023|6|6|5|6|6|
1000022080|6|6|8|7|8|
1000022089|7|6|6|8||
1000022103|4|4|4|5||
1000022111|5|6|5|6||
1000022116|4|4|4|4|3|
1000022121|5||6|5||
1000022143|8|9||||
1000022145|6|7|8|8|8|
1000022146|5|6|5|5||
1000022162|5|4||||
1000022230|6|6|5|||
1000022237|4|5|6|5|5|
1000022245|7|7|6|6|6|
1000022264||6|6|6||
1000022271|5|||4||
1000022292|4|4|4|4||
1000022314|6|6|8|9|9|
1000022327|7|6|8|9||
1000022382|8|5|6|6||
1000022415|8|||||
1000022419|4|4|5|5||
1000022430|4||5|4||
1000022432||5||||
1000022442|6|7|7|7||
1000022496|6|7|6|7|8|
1000022516|6|6|6|8|6|
1000022537|5|6|6|7||
1000022540|8|7|6|6|7|
1000022542|4|8|6|6|5|
1000022615||4||||
1000022652|8|9|9|9||
1000022668|5|6|6|7|7|
1000022688||8||||
1000022696|8|7|8|6||
1000022719|4|5|4|4||
1000022720|5||6|7||
1000022729|6|6|5|5||
1000022736|6|4|6|6||
1000022750|6|7|8|||
1000022794|9|9|9|8|9|
1000022842|5|5|6|6|6|
1000022843|||4|||
1000022850|8|8|8|8||
1000022867|6|6|6|6|5|
1000022916|6|6|6|6|8|
1000022939|5|4|5|6||
1000022946|5|7|6|6|6|
1000022953|4|4|4|4|6|
1000022977|5|6|6|6|6|
1000022991|6|6|6|6||
1000023052|4|4|4|4||
1000023059|4|3|3|3||
1000023068||||8||
1000023085|7|8|8|8|8|
1000023088|3|5|5|||
1000023091|4|5|7|5|4|
1000023096|5|6|8|||
1000023126||4|6|5||
1000023157|5|6|6|6|6|
1000023169|4|5|5|5||
1000023221|8|9||||
1000023242|4|3|3|3||
1000023250|8|8|7|9|9|
1000023255|8|8|8|8|8|
1000023290|6||6|||
1000023323|8|8|8|8|5|
1000023329|8|8|9|8|9|
1000023345||10||||
1000023358||6|7|||
1000023360|5|4|4|4|5|
1000023377|3|4||4|4|
1000023432|4|5|4|5||
1000023452|8|6|6|6|6|
1000023478|5|6|7|6|7|
1000023518|5||6|||
1000023540|8|6|6|7|6|
1000023549|6||5|6||
1000023559||4|4|4||
1000023585|4|5||||
1000023590|5|5|5|5||
1000023633|||4|4|3|
1000023638|3|||||
1000023643|5|8|6|8|8|
1000023655||5|6|6||
1000023672||4|6|6||
1000023676|5|4|4|6|4|
1000023692|5|5|5|4|5|
1000023701||6|5|6|6|
1000023735|4|4|4|5|4|
1000023751|5|5|5|5|6|
1000023767|5|4|4|4||
1000023773|9|||||
1000023828||6|7|8|7|
1000023841|5|5|4|5|5|
1000023855|7|5|5|6|6|
1000023872|6|||||
1000023877|5|4|4|4|4|
1000023880|4|||||
1000023885|5||5|6|6|
1000023891|5|||||
1000023900|5|6|6|9||
1000023901|9|8|8|6|6|
1000023916|6|5|6||5|
1000023939|9|9||||
1000023940|7|6|9|10||
1000023988|8|6||7||
1000023991|7|8|7|6|6|
1000023999|5|6|6|8|8|
1000024010|8|9|8|8||
1000024059||5|5|5|4|
1000024181||7||7||
1000024183|5|6||6|6|
1000024213|9|9|9|9|9|
1000024224|5|5|6|||
1000024256|6|6|6|6|5|
1000024268|4|4|4|5||
1000024283|4|4|4|4|4|
1000024300|6|4|4|5|6|
1000024357|6|6|7|7||
1000024369|6|6|7|6|6|
1000024377|6|7|6|7|7|
1000024378|4|4|4|4|4|
1000024389|5|5|6|5|6|
1000024391|5||6|6|6|
1000024393|8|8|8|7|7|
1000024399|9|8|8|8|8|
1000024445|6|6|7|7|8|
1000024470|||6|5||
1000024490|7|6|5|6|6|
1000024516||6||6|6|
1000024530|5|4|5||6|
1000024531|8|7|8|8|8|
1000024547|4|6||6||
1000024548|9|6|6|10||
1000024565|5|5|6|6|7|
1000024588|4|7|5|4|4|
1000024601|6|5|6|5|6|
1000024616|4|5||5|5|
1000024617|2|2|2|2|2|
1000024619|||5|5||
1000024652|5||5|5||
1000024656||5|5|6|6|
1000024670|5|5|6|5|5|
1000024695|5|4|4|4|3|
1000024702||||4||
1000024983|7|6|9|9|8|
1000025031|5|4||||
1000015306|3|3|4|3|4|
1000018166|4|6||6||
1000024747|||8|8|8|
1000024968|5|5|4|4|4|
1000024970|7|8|8|8|7|
1000008146|8|8|10|||
1000023429|6|5||6||
1000025979|||3|||
1000007018|4|||||
1000026613|9||10|||
1000026505|6|6|8|||
1000026513|4|5|6|8|8|
1000020882|6|7|6|6|6|
1000019436|6|6|6|5|5|
1000024553|8|10||||
1000024848|7|8|9|||
1000024782|9|||||
1000026885|8|9|7|10||
1000026888|5|5|6|7||
1000016859||||4|4|
1000018712||5|5|||
1000009339|6|8|7|6|5|
1000014072|5|6|6|6|6|
1000010663|4|6|8|8||
1000025812|6|7|8|10||
1000025923|5||5|||
1000011232|7|9|10|10||
1000019284|5|5|6|7|7|
1000013127|4|4|5|5||
1000013477|6|5|5|4|5|
1000007869|4|6|7|8|8|
1000007870|4|4|4|4||
1000023020|5|5|7|8|6|
1000011218|5|6|4|6|4|
1000021825|6|8|8|||
1000013185||3|4|||
1000025903|8|8|6|5|6|
1000026667|5|||||
1000024809||||3||
1000026159|4|5|7|6|7|
1000026011|6|6|9|||
1000016552|6||10|9|6|
1000005523|6|6|7|6|6|
1000025510|9|||||
1000015893|6|5|5|6|6|
1000019294|5|6|6|5|5|
1000021317|7||7|||
1000010566|8|8|6|7|7|
1000025464|7|7|7|7|7|
1000005240|5|6||||
1000005241|4|4|6|||
1000005269||6|3|4|4|
1000007851|8|8|7|6|6|
1000007853|5||4|4||
1000026373|6|||4||
1000025054|5|6|6|6|6|
1000013385|6|8|8|9|8|
1000008700|7|7|6|6|5|
1000025963|4|5|5|4|4|
1000011407||5||||
1000026206|8|6|6|6|7|
1000025222|6|5|||5|
1000025844||6|6|6|6|
1000025884|7|7|8|6||
1000021001|6||6|||
1000007313|7|7|9|10||
1000007314|6||7|||
1000009948|9|||||
1000025892|6|6|6|6|7|
1000005512|5|5||||
1000009957|4|5|5|5|6|
1000025328|5|6|6|6|6|
1000026489|6|6|5|6|5|
1000022459|5|5|4|4||
1000022350||10||||
1000019697||5||||
1000026722|4|6|8|9|8|
1000026571|6||6|6|6|
1000025820|5|5|4|4||
1000023960|8|8|7|8|7|
1000026682||7||8||
1000007325|5||4|5||
1000016347|8|8|8|8||
1000016348|5|4|4|5||
1000008925|8||9|9|8|
1000026271|5|4|6|5|6|
1000020104|6|5|5|5|6|
1000020105|6|7|||8|
1000020110|4|4|5|5||
1000008705|6|6|7|6|6|
1000025748||5||5|5|
1000026182|5|5|5|4|4|
1000023820|||6|6|7|
1000025423|6|6|7|8|8|
1000025109|6|9|10|||
1000027208|6|6|6|5|5|
1000015418|6|6|6|6|6|
1000025468|||6|6||
1000019311|6|6||6||
1000005504|2|3|3|3|3|
1000015268|7|6|6|5|5|
1000026640|7|6|8|6|8|
1000025720|5|5|6|7|6|
1000019474|6|5|8|8||
1000025046|6|6|4|5|4|
1000005343|6|6||5||
1000007976||8|6|7||
1000015316|6|6|7|6|6|
1000008919|||7|||
1000005365||5||8|8|
1000026496|6|4|||4|
1000025751|6|6|6|8|8|
1000026604|6|6|6|6||
1000022883|10|9|10|10||
1000005575|6|5|5|6|5|
1000025617|8|8||||
1000024450|8|9|9|8|9|
1000025522|5|4|4|5||
1000019431|4|4|||5|
1000025411|6|7|7|8|7|
1000025413|8|10||||
1000008375|||6|||
1000025150|5|8|8|9|8|
1000025151|7|6|8|8|8|
1000025157|8|6|6|8|7|
1000025836|8||||5|
1000025634|5|8|5|6||
1000025572||5|6|6||
1000025005|9|||||
1000009922|4|4|5|4|4|
1000024736||6|6|5||
1000018105|9|||||
1000025067|5|5|6|6|7|
1000025130||5|4|6|4|
1000023309|8|7|7|8|8|
1000026008|7|9|8|9|8|
1000026917|4||4|4||
1000025505|5|4|4|5|5|
1000025506|4|4|4|6|6|
1000027497|6|6|5|6|6|
1000024882|8|8|8|8||
1000026324|5|5|5|8|8|
1000026329|6|6|7|8|8|
1000025646|5|5|6|6|8|
1000026170|5||5|6|6|
1000027546|4|4|4|5||
1000026674|||4|||
1000027324|6|6|6|6|6|
1000025350|6||6|||
1000025352||5|9|7|8|
1000027348|8|9|8|8|8|
1000028188|6|7|10|||
1000024919|4|4|6|5||
1000026222|6|7|6|8|7|
1000025604|8|7|8|8|8|
1000025606|6|6|6|5||
1000026492|8|6|||7|
1000015899|7|7|6|5|5|
1000025583|4|4|6|5|5|
1000025612|6|5|||5|
1000027411|6||6|7|6|
1000026956||||4||
1000027231|6|6|6|6|6|
1000027048|5|5|5|4|4|
1000028778|7|6|7|6|6|
1000027572|4|5|8|4|4|
1000027999|7|6|7|7|8|
1000027861||5||4||
1000025012|8|7|8|8|8|
1000019673|7|7|7|8||
1000019675|4|4|4|4||
1000026551||||8||
1000026552|6|5|5|4||
1000026115|4|4|4|4|5|
1000014078|4|||4||
1000026952|||6|5||
1000027978|6||7|6|6|
1000027679|5|9||||
1000026164|5|5|5|||
1000025092|7|8||||
1000026691|6|||||
1000027401|8|5|8|9||
1000026705|4|5|5|6||
1000005444|6|||9||
1000028402|7|7|8|9|9|
1000026580|8||6|5|5|
1000026588|5|6|9|||
1000027718|8|8|6|6||
1000026763|5|||6||
1000025665|5||5|6||
1000026467|5|6|5|6|6|
1000028852|4|||||
1000026813||8|9|8||
1000026073|8|8|9|9|9|
1000026050||4||||
1000009915|4|5||||
1000029464|4|4|4|6|6|
1000027431||6|7|8||
1000028761|4||4|5||
1000029412||6||||
1000029102|8|7|||6|
1000028107|5|6|8|8|6|
1000028796|7|9|9|9|8|
1000029202|6|6|8|8||
1000025592|5|7|9|8|7|
1000000004|4|6|6|6|6|
1000000013|4|4|2|2|3|
1000027647|8|6|8|8|8|
1000027651|4|6|7|6|6|
1000025794|8|8|7|8||
1000026973|8|9||||
1000025806||4||||
1000027823|6|6||||
1000027739|4|5|6|5|6|
1000026765|8|7|7|7|6|
1000028820|6|5|4|6|6|
1000029889||5|5|4|4|
1000029594|8|5||||
1000008713|8|8|8|9||
1000029801|8|8|9|8||
1000029298|8|9|10|10||
1000029299|5|6|6|5|5|
1000026142|8|8|8|7|7|
1000027803|5|5|6|5||
1000029780|7|6|7|6|6|
1000029838|6||5|6||
1000019275|5|4|4|6|8|
1000026963|4|4|4|5||
1000011545|8|8||8||
1000029123|6|6|7|9||
1000028974|8|||8||
1000027516|5|5|5|5|5|
1000022612|5|5|8|||
1000025497|4|4||||
1000028153|8|8|8|7|7|
1000011907|4|4|4|4|4|
1000021914|8|8|8|8|8|
1000021917||4|4|4|4|
1000028671|8|6|10|||
1000028675|5|5|6|8||
1000027764|5|6|5|6|6|
1000027773|4||4|4||
1000030117|8|6|6|8||
1000025370|6|6|4|4||
1000029864|4|5|5|6||
1000029001|8|5|8|8||
1000028788|6|6|6|6||
1000029918|6|7|7|10||
1000029920|||5|5||
1000028627|8|8|8|8||
1000028748|3|4|5|6||
1000029373|4||8|6||
1000029309|4|3|3|||
1000028704|8|8|9|8||
1000027051|4|5|6|5|5|
1000027052|3|3|4|3|3|
1000029737|4|6|7|||
1000026894|7|6|6|5||
1000030174|5|4|4|4|4|
1000028541|6|8|9|||
1000028182|4|5|4|6|5|
1000026751|4|4|4|4|6|
1000005457|6|6|6|5|6|
1000030265|8|8|8|6|6|
1000029263|4|5|5|6|5|
1000026930|9|||||
1000030661|5|4|4|4|4|
1000027569|8|5|7|8||
1000028699|6|5|6|6||
1000030067|4|4|4|4||
1000030480||5||||
1000030130|4|4|4|5|5|
1000029293|8|5|6|8|8|
1000020914|8|||||
1000030825||6|4|4|6|
1000030826||7||5|6|
1000028411|6|4|4|4|4|
1000031430||8||||
1000031185|8|9|7|6|6|
1000025342||5|4|||
1000029911|5|4|6|9||
1000030688|6|6|6|5|5|
1000030689||7|9|9|8|
1000030345|5|6|6|8||
1000030545|8|8|8|7|6|
1000028347|6|7|7|||
1000030854|5|6|6|8|9|
1000030605||4|9|||
1000028972||6|6|10|10|
1000029557|8|6|8|||
1000028122|4|4|4|4||
1000029959|7||8|7||
1000027405|8|8||||
1000029771|9||||9|
1000030250|8|8|8|||
1000030180|4|6|6|6|6|
1000021281|6|5|6|8|8|
1000029540|5|5|5|6||
1000029992|||6|8||
1000029366|4|4|5|4|4|
1000029636|5|5|6|6|5|
1000030085|6|5|6|4||
1000030126|8|8||7|6|
1000029815|8|8||9||
1000025258|5|6|7|6|6|
1000025259|||6|4||
1000029534||4|5|6|7|
1000024868|||9|||
1000030055|7|6|6|6|6|
1000030992|8|8||8||
1000029845|5|6|5|8|8|
1000031023||||5||
1000029456||6|5|||
1000029471|4|6|6|5||
1000029346|6|10||||
1000026244|8|9|8|10||
1000029855|5||5|||
1000029766|8|||||
1000027922|5|5|6|6||
1000025872|4|4|4|4|7|
1000028268|4|4|5|4|4|
1000028821|6|8|8|9|8|
1000025726|6|7|8|6||
1000029167|7|6|6|7|5|
1000028287|4|4|5|4||
1000009679|5|4|6|5|4|
1000009683|4|6|5|5|6|
1000030359|4|4|4|5|6|
1000030362||6|7|6|5|
1000027625|8|10||||
1000030566|4|4|4|5||
1000026911||8|9|||
1000026912||||8||
1000030379|8|8|9|8|9|
1000026093|5|6|5|5|5|
1000027535|5|6||||
1000030286|7|7|6|7|7|
1000025890|3|4|4|4|4|
1000030456|4|4|3|||
1000028993|5|6|8|8|9|
1000030703|8|8|6|4||
1000028100|6|6|8|8|7|
1000029015|4|4|5|4||
1000030063|4|4|5|4||
1000030792|6|6|8|9|10|
1000029603||8|8|8||
1000029926||6|6|6|6|
1000029101|5|5|6|6|8|
1000029282|4|5|5|8||
1000028871|8||7|7|6|
1000030089|4|4|5|5|5|
1000028859||8|8|8||
1000028860|6|6|5|||
1000029480|4|4|3|3|4|
1000029482|7|7|7|6|7|
1000027219|4|3|4|4|3|
1000027185|4|5|4|4||
1000027186|6|7|10|||
1000031525||9|9|8||
1000029250|4|4|5|4||
1000030999|4|4|4|3|4|
1000031126||6|8|6|6|
1000030437|8|||||
1000030550|4|5|5|6|7|
1000004582||7|6|||
1000030973||8|7|6|7|
1000027632|5|7|9|10|10|
1000001079|7|5|6|9|8|
1000030787||8|8|8|8|
1000030788|7|6||6||
1000030821|||8|||
1000030375|6|6|6|7|6|
1000030353|5|5|5|5|5|
1000005235|9|10||||
1000030747|4|4|4|4||
1000030748||||8||
1000030389|5|||10|9|
1000001037|5|4|5|5|6|
1000004553|4|4|4|||
1000001070|5|4|5|4|4|
1000028884||4|4|4|4|
1000004560|4|5|4|4|7|
1000002530|6||5|5|5|
1000028492||7|7|8|8|
1000030253|8|8|8|10||
1000030811|5|6||||
1000016445|7|6|7|7|8|
1000028250||5||5|5|
1000001339|4|5||6||
1000007901|4|3|4|3|3|
1000030882||6||||
1000031461|6|7|6|6||
1000021660|6|6|4|4|4|
1000021661|4|4|5|||
1000021663|6|6|6|6||
1000004830||6||6|5|
1000019456|6|6|9|||
1000025167|4|5||||
1000030245||10|8|8||
1000026089|6|8|6|6|8|
1000031381||9|6|8|8|
1000001332|8|8|8|7||
1000028525|6|4|4|4||
1000030509|6|6|8|8||
1000030522|6|4|5|5|8|
1000030543|5|5|6|6|6|
1000029872|7|6|7|6|7|
1000001305|3|3|3|3|3|
1000030483|5|4|4|5|5|
1000009856|4|4|5|5|5|
1000019623|4|3|3|4|4|
1000029050|8|6|10|10||
1000015164|6|6|6|7|7|
1000029363|6|6|6|5|6|
1000025529|6|7|8|9|10|
1000013299|5|5|5|5||
1000004902|6|6|6|6|6|
1000022050|5|5|5|4|4|
1000022051|5|5|5|5|4|
1000004906|7|7|8|8|9|
1000022773|8|8|8|7|7|
1000022774|6|7|6|7||
1000020780||||5|7|
1000015187|5|6|||5|
1000021148|6|8|9|10||
1000021149|7||5|5|6|
1000027131|4|4|4|4|3|
1000017973|4|6|6|8|8|
1000021854|8|7|8|8|6|
1000021816|5|5|5|5|5|
1000021817|5|5||||
1000027504|4|4||9||
1000031576|||5|4|5|
1000025363|||4|4||
1000012084|2|2|2|2|2|
1000011429||||5||
1000006532|9|||||
1000018032|2|3|3|2|2|
1000004763|6|8|6|7|6|
1000004930||||4||
1000020677|5|5|5|4||
1000006504|7|6|6|5|6|
1000017884|6|8|8|8|6|
1000024929|4|4|4|4||
1000004702||8|7|8||
1000004703|||||5|
1000005202|8|6|6|6||
1000009818|8|6|6|6||
1000005035|8|8|8|8|6|
1000016328|8|7|||7|
1000005210|3|3|3|3|3|
1000031668||6|6|9|9|
1000031043|5|6|5|5|5|
1000011840|4|4|5|5||
1000011848|6|6|6|8|9|
1000011714|6||6|||
1000011688|6|5|5|5|6|
1000011589|6|6|6|6|6|
1000028318|6|6|9|9||
1000011919|6|6|6|5||
1000011655|5|5||||
1000030189||4|4|3||
1000011573|5|||||
1000011760|5|||||
1000011581|4||3|||
1000031262||8|6|5||
1000011823|6|7|8|5||
1000031313||9||5||
1000032039|8|6||8||
1000028804|4|4|4|5|5|
1000026970||5|6|7||
1000030094|5||9|10||
1000027699|4|4|4|4||
1000027700||8|7|||
1000031028||6|7|9|10|
1000028572|4||6|4||
1000031964|||9|7||
1000031427||6|6|5||
1000031253|||8|7|5|
1000031958|||8|8||
1000029403||6|6|8|8|
1000031308||5||8|8|
1000030307|3|4|4|5|5|
1000029774|7|10|9|||
1000026528|4|5|5|5||
1000029228|6||4|||
1000030598|8|8|8|8||
1000031473|||9|||
1000031906||||6||
1000028330|7|6|7|6|6|
1000028331|5|6||||
1000031895||||4||
1000031124|||4|5|4|
1000025471|5|||||
1000031423||8|7|7|8|
1000030945|6|4|8|6||
1000031401|||8|||
1000031393||4|4|4||
1000031923|||6|4|4|
1000031278|5|10||||
1000030139|8|9|9|9||
1000009201|6|6|5|8|5|
1000007983|6|6|6|7||
1000009192|4|4|4|4|4|
1000007185||6||6||
1000006862|5||6|||
1000008743|4|4||||
1000007140|5|5|5|7|6|
1000006859|5|5|5|5||
1000009178||4||||
1000007532|5|5|5|5|4|
1000006855|6|6|6|5||
1000005902|5||8|8||
1000008999|4|5|4|4|5|
1000005879||6|6|5|5|
1000008989|6|5|5|6|5|
1000008992||4||||
1000008027|5|5|6|5|5|
1000006894||5|4|4||
1000006835|7|7|7|8||
1000006837|7|7|10|9|9|
1000009642|6|6||5||
1000006886|9|||||
1000009638|7|8|8|8||
1000009639|4|4|4|4|4|
1000005768|4|4|5|4|5|
1000005769|5|4|5|5|6|
1000009415|5|4|4|4|5|
1000007570|4|4|4|5|5|
1000007499|6|6|6||5|
1000009407|5|5|5|||
1000007565|6|7|6|6|5|
1000007492|3|4|3|3|3|
1000008735|4||4|4||
1000008467|8|8|8|7||
1000008185|5|6|5|5||
1000007991|3|3|4|4|4|
1000009134|5|5|6|6|6|
1000008664|4|||||
1000031966|||8|8|9|
1000010007|7|6|7|8|8|
1000025714|5|5|10|||
1000009799|7|6|6|6||
1000025998|6|6|7|8|7|
1000009892|4|4|8|6||
1000007212|9|6|6|5||
1000024047|8|5|4|4|6|
1000009316|5||5|6||
1000008655|4|4|5|4||
1000024252|5|6||6|6|
1000031670|||8|10|10|
1000024216|6|6|8|7|6|
1000009906|4|5||5||
1000010703|3|5|4|3|3|
1000010624|5|5||6||
1000032038|||8|7||
1000030866|7|6||||
1000010493|6|8|7|7|8|
1000031142|5|4|4|7||
1000010293|6|6|6|5|5|
1000031600||10||||
1000009938|5|5||||
1000028593|6|6||||
1000028945|||6|5|5|
1000030507||8|8|8|8|
1000008577||||5||
1000032078|||||4|
1000028725|6|6|6|6||
1000028726|6|8|8|6||
1000026984|8|8|8|8|7|
1000029183|5|5|5|7||
1000027479|6|6|9|8|9|
1000028807|6|6|6|6|5|
1000029287|4|4|8|9|9|
1000029288|6|6|5|5||
1000024644|8|8|8|9||
1000024645|7|5|5|5|5|
1000010762|4|4|4|4|4|
1000007767|5|4|7|||
1000030027|4|5|5|5||
1000027198|4||4|4|4|
1000028893|5|5|5|5||
1000009803|4|5|5|5|5|
1000030175|5|6|8|5|7|
1000028545|4|4|4|4||
1000030682|6|6|5|5|5|
1000027466|3||4|||
1000027731|8|9|8|8|8|
1000030229|6||5||5|
1000010259||7|7|7|7|
1000008310|6|5|8|5||
1000007818|5|6|6|8|9|
1000009993|5|5|5|4||
1000010353|5|5|6|6|5|
1000008545|5|5||6|6|
1000007795|4|5|3|4|5|
1000010174|8|8|9|9||
1000024672|8|6|6|6|6|
1000010078|6|5|7|4|7|
1000010573|5|5|4|5||
1000006971|7|8|8|||
1000006984|5|6|4|5|5|
1000010146|8|6|6|5|7|
1000010687|8|8|8|9|6|
1000009271|7|8|8|9||
1000009272|3|4|3|4|4|
1000008610|6|5|6|6|6|
1000008325|7|6|6|5|6|
1000010263|5|5|5|4||
1000010036|5|5|5|5|5|
1000023973|5|5|6|5||
1000031437||5|6|6||
1000031558||8|10|9||
1000028834|6|8||6|6|
1000030267|4|5|5|5|5|
1000013045|9|9||||
1000004971|6|6|5|7|7|
1000014034|7|6|5|6|5|
1000031821|||4|4|5|
1000031965|||6|5|6|
1000027445|8|10||||
1000018138||5||5||
1000030121|6|6|6|5||
1000031869||||8|6|
1000032077|4||4|4|4|
1000015209|6|6||6||
1000026359|7|7|7|8|8|
1000005006|5|5|5|4||
1000031933|||5|||
1000026504|6|5|6|6||
1000031981||||9||
1000031982|||10|8|9|
1000031983|||9|10||
1000026837|4|4|5|4|4|
1000029714|4|5|5|6|5|
1000027853|4|6|4|3|3|
1000008127|5|5|6|6||
1000009579|4|7||6||
1000009717|6|6|6|6||
1000031956|||||6|
1000030486|6|8||6||
1000005133|6|6||9||
1000018052|5|5||||
1000032036||||7||
1000031802|||8|8|7|
1000005151|8|7|7|7|7|
1000029537|||5|||
1000030692|||10|8||
1000032084||||6||
1000032125|9|8|9|8||
1000031226||6|9|9|9|
1000031395||7|8|10||
1000009955|5|5|9|||
1000026821|8|9|9|9|9|
1000027492|5|5|8|8|7|
1000032049||||5|5|
1000000061|3|4|4|4|4|
1000000080|4|4|4|6|6|
1000000198|6|6|6|6|5|
1000000218|5|4|3|2|2|
1000000239|9|9|9|8|8|
1000000240|5|5|6|6|6|
1000000261|6|6|9|10||
1000000266|3|3|5|4|5|
1000000268|7|8|6|6|5|
1000000300|6|6|8|8|8|
1000000367|7|6||6||
1000000391|3|3|4|3|3|
1000000423|8|8|8|8|8|
1000000438|4|4|4|4|4|
1000000455|4|3|4|4|4|
1000000456|6|||6|5|
1000000484|4|5|4|4|4|
1000000494|4|5|6|9|8|
1000000499|9|4|4|4|4|
1000000504|6|6|6|5|5|
1000000525|2|2|2|2|2|
1000000538|4|4|5|6|5|
1000000573|3|3|4|4|4|
1000000582|6|3|4|4|4|
1000000584|4|4|4|4|4|
1000000650|3|4|4|4|3|
1000000669|6|5|5|5|8|
1000000716|6|6|7|6|5|
1000000726|4|4|5|6|6|
1000000748|4||5|4|5|
1000000749|6|4|4|5|4|
1000000754|8||8|9||
1000000761|5|4|7|6|5|
1000000767|4|6|6|6|6|
1000000772|5|5|6|8|7|
1000000776|6|7|7|6|8|
1000000778|5|8|8|7|6|
1000000788|5|5|5|6|6|
1000000797|3|3|3|3|3|
1000000812|4|5|5|5|5|
1000000815|5|4|4|4|4|
1000000830|5|5|5|6||
1000000836|5|6|6|6|6|
1000000842|3|6|5|4|3|
1000000850|6|6|8|9|9|
1000000907|7|8|8|6|6|
1000000921|3|4|4|4|5|
1000000922|8|7|7|7|7|
1000000924|4|3|3|3|3|
1000000932|5|5|5|4|6|
1000000943|5|5|4|4|5|
1000000956|2|4|3|3|3|
1000000969|6|6|6|6|6|
1000000994|8|9|10|9||
1000001099|8|8|9|8||
1000001101|5|5|2|3|3|
1000001118|4|5|5|4|5|
1000001125|6|5|6|6|6|
1000001193|5|4|4|6|7|
1000001259|7|7|7|8|7|
1000001298|8|7|9|||
1000001300|6|9|9|8||
1000001321|2|4|3|2|3|
1000001334|6|6|6|5||
1000001344|6|7|6|6||
1000001345|4|4|3|3||
1000001385|5|5|6|8|6|
1000001399|5|5|5|5|5|
1000001449|4|5|4|5|4|
1000001454|6|6|8|8|8|
1000001457|4|4|4|4|4|
1000001489|3|4|4|5||
1000001492|5|5|5|7|6|
1000001514|4|4|3|4|4|
1000001516|||7|||
1000001517|5|5|5|5||
1000001528|3|3|4|3|3|
1000001546|4|4|4|4|3|
1000001566|5|6|6|7|7|
1000001591|7|6|6|8|9|
1000001607|2|3|2|2|2|
1000001609|8|||||
1000001641|5||4|4||
1000001676|3|3|2|3|4|
1000001691|8|8|7|6||
1000001718|5|4|5|4||
1000001786|4|4|4|4|4|
1000001811|8|8|8|7||
1000001820|6|6|5|5|6|
1000001821|8|7|6|6|5|
1000001825|3|4|3|3||
1000001846|3|3|4|4|4|
1000001847|4||5|5||
1000001887|8|5|5|6||
1000001923|4|3|5|5|6|
1000001926|6|6|5|5|5|
1000001933|4|5|5|4|4|
1000001956|4|4|4|4|4|
1000001959|5|5|6|6|6|
1000001973|4||5|5|5|
1000001980|4|3|4|3|3|
1000001988||6|5|6|8|
1000002021|5|5|6|6|7|
1000002057|4|3|3|3|3|
1000002082|5|6||5||
1000002091|3|4|3|3|3|
1000002113|4|5|5|4|4|
1000002121||7|9|9||
1000002163|4|5|5|5|5|
1000002171|5|4|5|5|5|
1000002226|6|8|5|7|8|
1000002227|3|3|3|4|3|
1000002228|6|6|6|5|6|
1000002232|6||6|7|7|
1000002238|5|6||6||
1000002260|5|7|7|6|6|
1000002264|7|8|7|8|8|
1000002265|6|5|5|5|5|
1000002274|5|5|6|6|6|
1000002300||4||4|4|
1000002324|4|4|4|6|6|
1000002330|5|5|6|7|5|
1000002345|5|5|6|5|6|
1000002390||6|7|7|8|
1000002410|6|8|8|8|6|
1000002445|4|3|3|2|2|
1000002446|3|4|4|4|4|
1000002454|9|9|10|10|10|
1000002456|||4|||
1000002469|8|9|6|7|7|
1000002564|5|5|5|4|4|
1000002581||6|5|6||
1000002599|3|2|2|2|2|
1000002608|3|5|8|6|8|
1000002613|3|4|4|4||
1000002616|3|4|4|4|3|
1000002617|7|8||8||
1000002620|5||5|||
1000002640|4|5||||
1000002648|4|5|4|4|5|
1000002658|4||5|||
1000002660|9|8|9|8|8|
1000002672|4|||||
1000002673|7|6|4|6|6|
1000002678|4|4||||
1000002721|6|5|6|5||
1000002735||7|8|8|6|
1000002741|6||6|||
1000002744|6|4|4|4|4|
1000002745|5|4|4|4|4|
1000002761|4|4||4||
1000002767|6|6|6|6||
1000002803||7|8|8|7|
1000002851|6|7|6|7|7|
1000002873|5|5|5|5||
1000002881|6|8|6|8|6|
1000002882|5|6|8|10|10|
1000002922|4|5|5|5||
1000002927|4|4|4|5|5|
1000002961||6|5|5|5|
1000002979|6|5|5|5||
1000002985|||4|5||
1000003007|5|4|4|4|4|
1000003014||4|3|4||
1000003023|3|3|3|3|3|
1000003043|5|6|6|7|6|
1000003048|4|4|4|5|7|
1000003056|6|||||
1000003061|3|3|5|5|6|
1000003064|6|6||8||
1000003073|4|5|5|4|4|
1000003127|5|4|4|6|4|
1000003155||4||4||
1000003163||||4||
1000003166|3|4|4|3||
1000003167|4|5|5|8||
1000003180|5|5||5|5|
1000003186|5|5|6|8|8|
1000003198|8|8|10|10||
1000003206|||6|6||
1000003245|4|5|4|4|6|
1000003252|3|3|3||4|
1000003274|2|2|3|3|2|
1000003288|||6|||
1000003291|5|5|5|||
1000003293|4|4|4|3||
1000003297|3|4|4|||
1000003328|7|6|8|8||
1000003335|5|6|3|4|3|
1000003337|4|5|5|5|4|
1000003346|6|5|5|5|5|
1000003347|4|4|4|4|4|
1000003349|6|6|6|||
1000003357|4|3|4|3|3|
1000003365||||5||
1000003373|5|6|4|5|5|
1000003382|5||7|6||
1000003464|6|5|7|7||
1000003476|4|5|4|5|4|
1000003550|6|5|6|8|6|
1000003614|6|5|9|9||
1000003660||4|3|4|3|
1000003669|6|6|6|6|6|
1000003677|4|4||4|5|
1000003702|5|5|5|6|5|
1000003710|5|5|4|4||
1000003742|6|6|7|6|5|
1000003760|8|8|8|7|7|
1000003774|4|6|6|8|8|
1000003777|4||4|6||
1000003779|4|5|5|4|4|
1000003852|5|6||||
1000003866|6|6|6|6||
1000003880|5|5|5|5||
1000003899|6|||||
1000003901||4||4||
1000003910|5|5|5|4|4|
1000003912|6|8||||
1000003934|6|5|4|4|4|
1000003935|4|4|4|4||
1000003947|5|5|7|5|4|
1000003953|5||5|4||
1000003982|8||8|||
1000004019|5|5|4|4|4|
1000004027||||4||
1000004052|||5|5|8|
1000004053|4|4||4||
1000004093|8|9|9|9|8|
1000004109|4|5|5|5|5|
1000004134|4|4||||
1000004148|5|5||||
1000004167|3|4|4|6||
1000004169|4|4|4|4|4|
1000004172||5|5|5|5|
1000004199|4|3|3|3|3|
1000004205|5|4||||
1000004256|5|||4||
1000004265|3|3||||
1000004276|10|7|6|6|6|
1000004278|4|4|4|||
1000004290|6|8|9|8||
1000004324|6|6|5|6|6|
1000004327||4||5|6|
1000004337|6|6|6|7||
1000004348|6|6|6|8|6|
1000004413|3|||||
1000004414||6|8|8||
1000004443||4|4|4||
1000004458|4|6|6|6|6|
1000004470|6|6|5|5||
1000004527|6|9||||
1000004546||||6|6|
1000004574|4|4||||
1000004616|8|9||||
1000004640|7|5|4|5|5|
1000004658|7|5|6|5||
1000004659|3|4|3|4|4|
1000004682||8|6|3|5|
1000004698|5|5|5|5|5|
1000004797|5|4||5||
1000004850|||4|4|4|
1000004916|6|6|6|9||
1000004952|6|||||
1000004977|7|10||||
1000005019|5|4|6|8|6|
1000005030|||5|||
1000005047|4|5|5|5|5|
1000005062|5|6|6|5|6|
1000005087|3|5|4|4|6|
1000005122|4|4|4|4||
1000005147|6|8|8|8||
1000005173|||3|||
1000005256|6|7||8||
1000005265|5|5||4||
1000005266|4|8|6|8|8|
1000005267|5||5|4||
1000005274|6|6||||
1000005280||6||6|6|
1000005312|4|5|5|5|5|
1000005338|8|5|6|4|4|
1000005408|||6|5||
1000005422|5|4|4|5||
1000005445|8|9|9|9||
1000025312|6|6|6|6|5|
1000024785|4|4|4|6||
1000005507|8|8|8|6|6|
1000005583|4|4|4|5|5|
1000005619|5|6|6|7|6|
1000005636|10|||||
1000005637|6|6|6|6|5|
1000005691|3|4|3|3|3|
1000005709|3|3|6|6|6|
1000005758||||6||
1000005840||4|4|||
1000005858|4|8|7|7||
1000005892|6|||||
1000005895|7|7|4|4||
1000005904|6|9|9|8|8|
1000005943|4|4|7|8|5|
1000005995|6|4|3|3|3|
1000006003|4|5|4|4|5|
1000006008|6|7|7|8|8|
1000006012||4|4|4|3|
1000006013|4|4|4|5|4|
1000006018|4|4|4|5|4|
1000006030|5|4||5||
1000006040|||5|5|5|
1000006059|4|3|4|4|4|
1000006080|5|5|5|4|4|
1000006127||6|||6|
1000006143|5|4|5|6|5|
1000006157|7|5|8|5||
1000006163||7|6|8|7|
1000006175|6|6||5||
1000006214|5|5|4|5|4|
1000006239|4|4||||
1000006269|7|6|||7|
1000006316|5|5|8|7|6|
1000006325|5|6|4|4|4|
1000006330|5|5|6|5|5|
1000006341|4|5|5||5|
1000006347|5|4|5|4|3|
1000006350|9|9|8|8|7|
1000006359|||7|8|8|
1000006379|5|||||
1000006385|4||5|5|5|
1000006386|4|5|4|4||
1000006406|5|4|5|7|6|
1000006429||5||5||
1000006446|5||6|6||
1000006448|10|||||
1000006454|||4|3|4|
1000006472|4|6|5|4||
1000006484||||8||
1000006520||5|5|||
1000006539|8|7||7|6|
1000006549|5|4|6|8||
1000006592|6|5|5|6|6|
1000006665|7|6|5|6||
1000006666|5|5||4||
1000006678|6|8|6|5|5|
1000006684|9|9||||
1000006763|7|7|7|6|7|
1000006785|4|4|4|4||
1000006798||5|7|||
1000006838|7|6|6|8||
1000006880|3|2|3|2|2|
1000006905||6|4||4|
1000006920|8|8|8|8||
1000006979|7|7|7|8|7|
1000007011|6|4|6|6|6|
1000007021|4|5|5|||
1000007069|5|||||
1000007085|9|8||8|8|
1000007109|5|5|5|4|4|
1000007112|6|5|6|5|4|
1000007132|4|4|4|4|4|
1000007135||||3|4|
1000007191|7|8|8|8|7|
1000007246|5|4||||
1000007296|8|||5||
1000007298|9|||9||
1000007299|4|||6||
1000007344|8|7|8|7||
1000007368|5|5|4|5|5|
1000007410||4|4|4||
1000007441|6|4|6|6|6|
1000007451|4|4|5|6|6|
1000007455|5|6|5|4|4|
1000007466|4|4|3|3|3|
1000007485|5|6|5|5||
1000007510|3|3|4|5|5|
1000007511|7|8|8|8||
1000007544|4|4|3|||
1000007559|4|6|5|4|4|
1000007572|4|6|5|6|5|
1000007591|4|4|||6|
1000007635|5|5||8|8|
1000007640|5|6|9|9|8|
1000007672||5||||
1000007700|6|5|5|6|6|
1000007727||5|4|||
1000007734|||5|||
1000007760|4|6|5|6|8|
1000007761|6|6|6|7||
1000007816||||6||
1000007909|5|5|4|4||
1000007925|3|3|2|4||
1000007952|5|5||4||
1000007958|5|6|6|8|8|
1000007985|3|3|3|4|4|
1000008005|10|9|10|||
1000008021|5|5|6|5|4|
1000008049|||8|7|7|
1000008068||4|3|4|5|
1000008069|7|5|5|5|6|
1000008090|8||8|7|8|
1000008091|6|6|10|||
1000008104|4|4|4|3|3|
1000008211|5||4|5||
1000008296|9|||9||
1000008316|6|8|8|8|8|
1000008349|6|10||||
1000008361|6|5|5|5||
1000008414|5|6|7|7|8|
1000008465|4|4|4|4|4|
1000008493|8|8|6|||
1000008598|4|4|8|8|4|
1000008601||5||4||
1000008604|5|5|4|||
1000008724|4|3|4|4|4|
1000008755|5|4||6||
1000008778|5|5|6|7||
1000008781|5|5|6|5|5|
1000008831|4|4|5|4|4|
1000008842|4|4|4|4|4|
1000008846|7|6|6|6|5|
1000008855|4|4|5|||
1000008874|6|5|8|6||
1000008912|6||6|6|6|
1000008995||8||5||
1000009011|6||6|7|8|
1000009028|8|7|7|8|8|
1000009029||5|7|6||
1000009044||9|8|7||
1000009069|5|5||||
1000009087|3|4|4|4|4|
1000009107||5|5|5||
1000009113|5|6|8|7||
1000009119|4|4|4|3|4|
1000009137|4|4|4|4|4|
1000009150|9|9|10|10||
1000009159|8|8|8|8|8|
1000009218|4|||6||
1000009222||8||8||
1000009281|5|7||6||
1000009288|6|6|6|6||
1000009330|7|6|6|6|6|
1000009359|8|8|9|10||
1000009422|8|8|9|9|8|
1000009432||9|8|8||
1000009439|6|5|||4|
1000009472|4|4|4|4||
1000009491|5|5|6|5||
1000009541|6|6|6|6|6|
1000009542|4|5|5|5|4|
1000009558|||4|4||
1000009580|7|6|8|7|7|
1000009581|5|5|5|5|5|
1000009624|4|4|4|4|4|
1000009657|6|||||
1000009691|6|5|4|5||
1000009745|7|6|7|8||
1000009752|8|8|8|7|7|
1000009830|5|8|7|8||
1000009855|8|8|7|7|7|
1000009939|4|5|5|5||
1000010050|4|6|5|6|4|
1000010098|6|6|6|8|6|
1000010136|9||9|8|8|
1000010139|4|4|5|4||
1000010162|5|4|4|6|6|
1000010164|4|5|5|6|5|
1000010178||5||4||
1000010190|6|6|6|8|7|
1000010216|4|3|5|5||
1000010220|4||3||4|
1000010241|5|4|4|4||
1000010257|4|4|4||5|
1000010265|6|6|6|6||
1000010273|6|7|6|5|6|
1000010288|5|5|5|5|5|
1000010294|5|5|5|5|5|
1000010300|3||4|||
1000010349|3|4|4|4||
1000010368|8|6|7|6|7|
1000010372|6|5|5|4|4|
1000010387|4|5|6|8|6|
1000010389|5|||||
1000010410|4|4||||
1000010412|5|||5||
1000010420|4|4|5|5|5|
1000010441||||4||
1000010450|4||5|4|4|
1000010479|6|5||||
1000010519|6|6|6|6|6|
1000010538|5||5|5||
1000010545||5||||
1000010575||4|5|4||
1000010586||4||||
1000010589|6|6|5|5|5|
1000010599||6|5|4||
1000010666|5|6|6|6|6|
1000010725||4|4|8||
1000010783|6||6|5|5|
1000010824|6|4|4|4|4|
1000010826|5|5|5|6||
1000010848|7|8||8||
1000010893||6|4|||
1000010894|4|4|4|6|6|
1000010902|5|5|4|4||
1000010904|8|8|7|8|7|
1000010928|5|6|5|||
1000010933|7|||5|5|
1000010937|4|4||||
1000010950|6|5||||
1000010967|4|3|4|3|3|
1000011027|3|3|4|||
1000011028|6|6||||
1000011096|5|6|6|5|5|
1000011097|4|5|4|4||
1000011123|||8|7||
1000011138|6|6|6|5|5|
1000011167|6|7|8|7|7|
1000011178|4|4|5|5||
1000011192|8|8|10|10||
1000011242||5||||
1000011260|5|5|5|5|5|
1000011280|4|5|4|5|5|
1000011281|5|9||||
1000011343||5|8|7||
1000011346|5|5|7|6|8|
1000011349|4|4|4|4|4|
1000011358|7|8|6|7|7|
1000011365|5|6|7|8||
1000011378|5|4|6|5|5|
1000011381|8|8|8|9|8|
1000011389||5|4|||
1000011391|3|4||4||
1000011400|5|5|4|5||
1000011406|5|4|5|7||
1000011418|4||||4|
1000011424|9|9|9|9|9|
1000011456|5|6|5|5||
1000011496|6|5|5|5|5|
1000011507|5|4|5|||
1000011537|4|4|3|5|5|
1000011540|5|6|6|5||
1000011543|8|8||6|6|
1000011595|4|4|3|||
1000011621|5|5|5|4|5|
1000011627|2|3|3|3|3|
1000011639|5|6|6|8||
1000011652|4|5|9|8|6|
1000011698|6|8||||
1000011707|5|5|4|4|4|
1000011713|8|6|8|||
1000011745|5|6|6|5||
1000011790|4|5|6|6|6|
1000011836|8|8|8|7|6|
1000011850|8|8|6|6|6|
1000011894|4|||||
1000011942|5|6|6|9||
1000011970|5|6|5|||
1000012000|5|||||
1000012027|3|3|4|3||
1000012035|5|6|7|9||
1000012050|5|5|5|5|6|
1000012092|5|5|6|6||
1000012125|3|5|4|5|4|
1000012144|||3|||
1000012159|4|4|4|6||
1000012165|5|5|6|8|7|
1000012195|5|5||5|6|
1000012196|6|5|6|6||
1000012197|8|6|7|6|6|
1000012223|6|5|6|6|6|
1000012259|6|6|6|5|5|
1000012288||4||||
1000012289|7|5||4|5|
1000012336||5|4|||
1000012352|4|4|4|6|6|
1000012361|4||4|||
1000012382|5|6|6|5|8|
1000012402|4|5|6|7|6|
1000012428|4|6|7|||
1000012467|5||||4|
1000012485|2|3|2|3|3|
1000012486|6|6|6|5|6|
1000012570|5|6|6|8|8|
1000012588|6|6|6|5|4|
1000012599|5|4|4|5|5|
1000012630|3|4|4|3|3|
1000012636|5|7|6|5|6|
1000012644|4|4|3|3|4|
1000012650|||5|4||
1000012698|6|6|8|10|9|
1000012719|4|3|6|4|4|
1000012739|6|8||||
1000012755|4|4|5|5||
1000012777|5|5|6|7|6|
1000012803|6||6|6|6|
1000012808|4|4|4|4||
1000012867|4|4||4||
1000012874||6||7||
1000012886|6|6|6|||
1000012924||6||||
1000012953|6|8|7|8|8|
1000012955|||5|5||
1000012960|4|5|6|6|8|
1000012987|7||6|||
1000013002|||4|4|4|
1000013011|8|8|9|9|8|
1000013017|6|8|8|9||
1000013023|3|4|4|5|4|
1000013040|||5|||
1000013056|6|5|5|9|10|
1000013069|4||5|||
1000013080|6|6|6|6|8|
1000013085|4|4||4||
1000013178|5|6|6|4|4|
1000013196|5|6|6|8|5|
1000013203|4|4||4|5|
1000013209|4|4|4|4|5|
1000013254|6|8||||
1000013255|6|4|3|4|3|
1000013309|5|5|5|5|4|
1000013316|6|8|8|8|7|
1000013441|6|6|6|||
1000013465|6|5|5|6||
1000013473|5|||||
1000013542|5|5|4|3|3|
1000013547||4|5|||
1000013554|5|6|5|4|5|
1000013563|6|7|6|6|6|
1000013573||6|8|7|10|
1000013579||||4|4|
1000013583||6||||
1000013588|4||4|4||
1000013600|4|5|5|5|5|
1000013605||8||6||
1000013606|||5|5||
1000013609|5|4|3|5||
1000013637|4|||4||
1000013705|4|3|4|3||
1000013718||5|5|4||
1000013724|4|4|4|4||
1000013747|5|6|6|6|6|
1000013748|5|5|5|5||
1000013759|8|6|8|7|7|
1000013780|5||7|5|6|
1000013781|6|5|7|6||
1000013801|5|5||4||
1000013859|8|6|6|5|7|
1000013898|6|6|6|7|6|
1000013902|5|8|8|8||
1000013907|6|6|6|6|5|
1000013918|4|5|5|6|5|
1000013958|8|8|7|8||
1000013960|6|8|6|6|5|
1000014011|4|5|4|4|4|
1000014095|7|5|5|6|5|
1000014096|5|5|6|5|4|
1000014109|3|3|3|4||
1000014157|8|5|5|4|6|
1000014235|5|5|5|4||
1000014236|8|8||6||
1000014238|4|6|3|2|2|
1000014242|8|8|9|8||
1000014246|4|4|5|5||
1000014266|4|5|5|5|4|
1000014286|5|6|5|5||
1000014301|6|6|5||6|
1000014303||8|8|9||
1000014309|5|5|6|6|6|
1000014316|5|5|||5|
1000014319||8|8|6||
1000014339|||4|4|3|
1000014342|6|5|6|5|8|
1000014399||3|4|3||
1000014407|4|5|5|6|5|
1000014416|5|5|5|6|5|
1000014439|8|6|6|6|5|
1000014449|||5|6||
1000014471|||||5|
1000014478||||4|4|
1000014495|6|6|5|5|5|
1000014521|6|6|6|7|6|
1000014528|5|5|6|5|4|
1000014530|4|6||||
1000014538|6|6|5|4||
1000014560|9|||||
1000014576||||5|6|
1000014610|5|4|4|4|4|
1000014622|6|6||7||
1000014647|8|8|8|8|8|
1000014648|5|5|5|5|5|
1000014654|8|||||
1000014659|5|5|6|6|7|
1000014671|4|5|6|4|4|
1000014681|6|9|9|8|7|
1000014706|4|||||
1000014712||5||5||
1000014723|6|5|5|5|8|
1000014724||4|4|||
1000014725|8|9|9|8|8|
1000014754|5|4|4|5|5|
1000014757|4|4|6|5|5|
1000014782|4|4|4|5|5|
1000014829|8|8|8|8|8|
1000014833|5|6|8|6|6|
1000014845|7|7|6|6||
1000014858|5|5|5|6|6|
1000014872||8|8|8|7|
1000014888|8|8|8|8|8|
1000014893|4|4|3|3||
1000014942|5|6|5|6|5|
1000014948|4|5|4|4|4|
1000014955|6|6|6|6|4|
1000014973|||||4|
1000015003|5|5|9|9||
1000015009||||4|4|
1000015014|4|4|5|5|5|
1000015040|6|7|9|10||
1000015059|||6||5|
1000015075|6|7|6|7|7|
1000015097|7|||7||
1000015112|9|8|9|10||
1000015120|4||4|5||
1000015123|||5|5|5|
1000015133|9|6|7|6||
1000015158|5|5||5||
1000015163||4||4||
1000015165|6|6|7|7|6|
1000015233|3|3|3|4|4|
1000015250|6|6|6|8|8|
1000015262||4|5|4||
1000015270|3|4|4|4|4|
1000015300|4|5|6|6|6|
1000015337|6|8|7|5||
1000015365|5|5||4|4|
1000015402|5|6|7|6||
1000015435|4|3|4|4|4|
1000015451|5|5|5|5|5|
1000015458|4|4|4|4|4|
1000015474|||||4|
1000015486|5|4|4|3||
1000015516||||4||
1000015533|6|6|6|6|6|
1000015537||8|||8|
1000015547|5|4|4|4||
1000015555|6|5|5|5|6|
1000015581|6|5|5|6|5|
1000015630|8|8|8|8||
1000015664|6|8|9|9|8|
1000015673|5|5|5|5||
1000015675|5|6|10|||
1000015718|5|4|5|4||
1000015730|4|5|4|4|4|
1000015741|6|7|6|6|5|
1000015751|4|5|5|||
1000015778|5|8|8|9||
1000015788||6|6|6|5|
1000015804|||4|6||
1000015809||8||8||
1000015813|7|8|7|8|6|
1000015821|6|6|6|6|6|
1000015891|5|5|6|6|6|
1000015909|||4|||
1000015915|5|5|5|6|6|
1000015921|3|4|4|4|4|
1000015923|4|5|5|4|5|
1000015925|4|||4||
1000015957|6|6|6|6||
1000015961|5|5|||5|
1000015962|6|6|8|6||
1000015968|6|8|9|9||
1000015986|8|7|7|7|6|
1000015988|4|4|4|4|3|
1000015991|8||8|7|6|
1000016018|3|4|3|4||
1000016022|5|5|5|||
1000016040|5|5|6|8|6|
1000016053|4|4||||
1000016058||||7||
1000016086|9|8|7|7|6|
1000016093|9|9|9|8|6|
1000016125|6|7|6|6|6|
1000016149|8|8|8|5|4|
1000016154|5|5|5|||
1000016157|6|5|5|6|6|
1000016167|3|4||||
1000016169|5|6|6|6|6|
1000016173|4|5|4|4||
1000016195|||5|4||
1000016222|6|7|8|9||
1000016259|4|4||4|4|
1000016260|6|7|6|6|6|
1000016267|5|4|4|4||
1000016272|3|4|4|4|4|
1000016274|4|4|5|4|4|
1000016280|6|6|6|6|5|
1000016345|6|6|8|8||
1000016375|4|4|3|4|5|
1000016382|||5|5||
1000016398|5|5|5|||
1000016421|7|7|8|8|7|
1000016455|5|4|4|4|4|
1000016482|6||5|4|5|
1000016489|5|6|5|5|4|
1000016501|5|5|5|5|5|
1000016554||5|5|5||
1000016559|6|8|8|6|8|
1000016583|3|3|4|3||
1000016601|3|4|3|3|3|
1000016623|5|5|6||6|
1000016645||7|6|6||
1000016701|8|9||||
1000016706|7|6|7|7|7|
1000016711|||3|3||
1000016713|||6|6|6|
1000016745|5|6|8|9|8|
1000016749|6|5|8|8|9|
1000016754|4|4|4|4||
1000016759|6|7|8|8|8|
1000016761|5|5||6||
1000016773|5|6|6|4|5|
1000016849|9|7|7|6|5|
1000016866||5|6|5||
1000016871|8|8|8|7|6|
1000016876|4|4|4|4|4|
1000016908|4|4|4|4|4|
1000016910|5|6|7|8|8|
1000016913|6|6|5|5||
1000016927|2|2|4|3|4|
1000016928|5|6|5|9||
1000016945|6|6|8|||
1000017007|5|4|4|4|5|
1000017026|8|5|5|4||
1000017027|3|3|3|3|3|
1000017044|3|3|3|3|3|
1000017085|2|3|3|3|3|
1000017090||3|4|6||
1000017106|5|5|5|5||
1000017107|8|8|8|8||
1000017163|5|5|5|5|6|
1000017226|8|8||||
1000017228|4|3|3|3||
1000017235|6||5|5||
1000017255|8|8|8|9||
1000017260|6|6|6|6||
1000017265|6|6|5|5||
1000017271|5|5|4|||
1000017274||5||5||
1000017341|3|4|4|4|4|
1000017350|6|6|5|5||
1000017352|4|5|5|5|6|
1000017353||||6||
1000017363|8|8|8|8||
1000017379|7|6|6|7|6|
1000017393|9|||||
1000017436|7|6|7|7|7|
1000017491|9|9|9|10||
1000017495|5|6|6|7|5|
1000017498|5|5|5|5|5|
1000017504|7|9|8|||
1000017587|3|4|5|6|6|
1000017611|5|5|6|8|6|
1000017620|5|5|6|5||
1000017654|||7|8||
1000017657|5|4|5|5||
1000017666|7||6|6||
1000017690|4|5|5||4|
1000017691|6|6|8|8|7|
1000017705|8|8|8|10|10|
1000017756|||5|5|5|
1000017765|6|6|5|4||
1000017775|6|4|3|3||
1000017806|9|8|9|10||
1000017834|8|9|9|||
1000017854|6|6|6|6||
1000017873|5|5|5|5|5|
1000017987|5|5|5|5||
1000017990|6|6|6|7|7|
1000018034||4|4|3||
1000018043|||4|3|3|
1000018044|4|5|5|5|6|
1000018065|4|4|4|5||
1000018077|6|8|6|6|6|
1000018078|5|5|6|4||
1000018111|7|6|6|6|6|
1000018144|4||4|4||
1000018237|5|5|4|8||
1000018275|5||5|||
1000018281|5|6|6|4|4|
1000018295|4|6|4|5||
1000018312|5|5|5|5||
1000018330|3|3|4|4|4|
1000018370|5|5|5|5|3|
1000018403||8||||
1000018405|5|4|6|5|6|
1000018413|5|5|6|5|5|
1000018444|6|6|6|6||
1000018464|4|5|4|4|3|
1000018495|6|7|8|8|6|
1000018508|8|6|9|8||
1000018510|5|5|5|4|4|
1000018551|8|8|8|10||
1000018567||6|5|4|5|
1000018571|5|5|5|6|6|
1000018577|5|6|6|6|6|
1000018594|4|3|2|3|4|
1000018596|5|6|5|6||
1000018607|6|6|5|5|6|
1000018614|5|5|5|5|5|
1000018669|5|||5||
1000018678|4|5|6|6|5|
1000018680|4|5|6|5||
1000018775|4|4|3|3|4|
1000018781|5|4||||
1000018792|5|5|6|6|5|
1000018818|5|5|6|6|7|
1000018851|5||4|8|8|
1000018874|7|5||5||
1000018881|4|4|4|3||
1000018908|3|3|3|3|3|
1000018918|6|||||
1000018937|5|4|5|5|5|
1000018977|4|4|4|5||
1000018995|6|6|5|5|7|
1000019001|4|5|6|5||
1000019011||6||5|4|
1000019081|5|4|4|4|4|
1000019132|4|4|4|||
1000019134|8|9|10|||
1000019135|5|6|6|7|6|
1000019176|9|8|8|7|7|
1000019215|4||||5|
1000019240|6||6|5|6|
1000019329|5|6|4|4|4|
1000019342||5|5|4|5|
1000019345|5|4|4|4|4|
1000019346|6|5|6|||
1000019365|6|6|7|8|6|
1000019384|9|7|8|9||
1000019399|7|6|6|4|5|
1000019415|5|6|8|8|9|
1000019442|4|5|5|4|4|
1000019447|6|6|6|4|4|
1000019450|9|8|10|||
1000019485|6|6|6|5||
1000019527|5|6||6||
1000019554||8||5||
1000019558|7|7|6|6||
1000019567|4|||||
1000019577|5|4||||
1000019598|4|4|5|5|4|
1000019664|5|5|5|5|5|
1000019717|4|5|4|||
1000019719|4|4|4|||
1000019724|4|8|5|5||
1000019732|4|4|4|4|5|
1000019768|6|6|6|5|5|
1000019778|5|5|4|4||
1000019821|8|6|7|7||
1000019825|6|5|6|5|5|
1000019841|7||7|7|6|
1000019887|6|6|4|4|5|
1000019889|4|4|5||4|
1000019897|7|7|8|6|9|
1000019935|6|6|8|9|8|
1000019940|6|7|7|6|6|
1000019967|8|6|6|7|6|
1000019968|4|5|5|4|4|
1000019988|6|7|8|8|7|
1000019992|6|6|7|6|6|
1000019997|6|5||||
1000020066|6|8|6|6|7|
1000020071|5|6|5|6|5|
1000020080|4|4|4|5|5|
1000020083|5|5||4||
1000020096||4|4|4|4|
1000020144|5|5|6|5||
1000020170|2|2|2|2|2|
1000020215|||5|5||
1000020222|||3|4||
1000020232|4|4|5|4|4|
1000020257|||6|6||
1000020260|5|5|5|4|4|
1000020273|9|8|8|8|8|
1000020292|4|5|5|5||
1000020296|4|5|5|5|5|
1000020298||5|4|4|4|
1000020316|4|||||
1000020323|5|5|5|4|4|
1000020329|4|3|4|4|4|
1000020339|4|4|4|4|4|
1000020359|||5|5||
1000020394|9|||||
1000020395||4|4|4|4|
1000020401|4|6|8|6|7|
1000020415|3|3|4|3|3|
1000020422|||4|5||
1000020438|7|6|6|6|5|
1000020439||6|||6|
1000020523|6|5|6|4|6|
1000020539|5|5|5||6|
1000020559|8|7|8|8|9|
1000020598|8|8|8|10||
1000020601||||5||
1000020607|6|6|8|8|9|
1000020614|6|6|7|7||
1000020622|4|3|4|4||
1000020648|6|6|5|6||
1000020699|6|5|5|8|6|
1000020714|4|5||||
1000020716|6|6|5|6|7|
1000020746|4|4|5|4|4|
1000020765|5|5|7|6|6|
1000020801|6|7|5|3|4|
1000020804|4|6|6|6|6|
1000020846|10|||||
1000020887|7|8|7|8||
1000020898|8|6|5|7|8|
1000020970|5|6|5|4||
1000020977|5|5|5|5|5|
1000020991|5|5|5|5||
1000021027|4|5|5|6|5|
1000021031|3|3|4|3|3|
1000021041|5|5|4|4||
1000021049|8|8|8|9|9|
1000021069|7|8|7|8|8|
1000021087|4|8|8|7||
1000021099|5|5|5|6|6|
1000021117||7|6|8||
1000021141||9||||
1000021177|8|8|9|10||
1000021180|6|7|6|5|5|
1000021184|6|6|9|||
1000021198|4|4|4|3||
1000021206|4|5|5|5|5|
1000021226|6|6|6|7|6|
1000021233|6|7|6|5|5|
1000021262|3|3|4|3|3|
1000021274|5|5|5|5|5|
1000021275|9|10||||
1000021277|5||4|4||
1000021315|8|9||||
1000021340|5|5|4|4||
1000021345|6|6|6|5|6|
1000021347||4|5|4|4|
1000021357|6|8|7|7|7|
1000021396|6||6|6||
1000021413|5||6|||
1000021423|5|5|4|4|4|
1000021433|5|6|5|6|9|
1000021438|5|5|5|6|6|
1000021454|6|4|5|6||
1000021464||5|5|6||
1000021535|5|5|6|5|5|
1000021547|6|5|5|5||
1000021605|6|6|6|8|8|
1000021611|3|3|4|2|2|
1000021615|8|9|9|8|8|
1000021638||6|8|8|8|
1000021666|6|4|6|5|5|
1000021680|||5|5|5|
1000021705|5|5|6|5||
1000021731|7|7|6|6||
1000021742|||4|4||
1000021751|5|7|6|6|6|
1000021764|8|8|8|8||
1000021784|7|9||8||
1000021818|8|6|6|6||
1000021845|9|9|9|9|8|
1000021859|5|5|5|5|5|
1000021869|5|5|5|||
1000021876|4|4|4|4|4|
1000021898|8|8|9|||
1000021912|||5|5|4|
1000021990|6|5|6|6|5|
1000022020|5|5|5|5||
1000022038|5||4|4||
1000022048|6|5|5|5||
1000022054|5|5|6|6||
1000022055|7|7|8|8|8|
1000022059|6|10||||
1000022108|6|6||||
1000022128|6|6|6|6||
1000022148|||6|5||
1000022167|6|5|5|7|8|
1000022168|4|5|5|4|6|
1000022241|6|4|3|3|3|
1000022252|5|5|5|5|6|
1000022259|8|7|8|6|6|
1000022268|6|6|5|5||
1000022269|6|5|5|5|5|
1000022280|7|7|6|6|6|
1000022296|4|4|4|4|4|
1000022316|6|6|7|7|7|
1000022321|6|8|8|7||
1000022329|6|7|6|7|8|
1000022335|5|5|5|5|5|
1000022336|6|6|7|7||
1000022370||6|5|7|8|
1000022385||6|6|6|6|
1000022387|7|7|6|7|8|
1000022438|6|6|6|6|7|
1000022439|7|10|10|||
1000022473|9|8|8|8|8|
1000022474||4|5|5|5|
1000022478|5|5|5|4||
1000022503|6|7|7|6|6|
1000022546|5|5|4|4|5|
1000022550||5||7|7|
1000022552|4|4|4|||
1000022592|7|6|5|7|8|
1000022599|6|6|5|5||
1000022614|||||5|
1000022617|6|8|7|8||
1000022651|5|5|6|8|6|
1000022658|7|8|6|8||
1000022686||||5||
1000022714|6|7|8|8|8|
1000022717|6|7|6|6|4|
1000022743|4|4|4|4|4|
1000022814|8|9||8||
1000022822|4|5|5|4|4|
1000022853|8|7|7|8|8|
1000022865|9|8|9|||
1000022901|3|3|3|3|3|
1000022911|4|4|3|3|3|
1000022924|4|6|6|5|5|
1000022949|4|4|4|4|3|
1000022951|5|||||
1000022952|4|5|5|5|5|
1000022957|6|8|8|6||
1000023027|6|6|6|6|6|
1000023032||6|6|6||
1000023035|6|4|4|5|4|
1000023043||4|9|10||
1000023061|6|5|5|5|5|
1000023067||4|4|||
1000023077|5|6|7|7|8|
1000023082|6|8|8|9|8|
1000023112|5|8|6|5|6|
1000023116|4|5|5|||
1000023117|6|6|4|4|6|
1000023118||7||8||
1000023132|5|5||||
1000023174|5|5|6|||
1000023181|7|8||||
1000023241||5||6||
1000023253|6|6|6|4|4|
1000023261|4|6|5|6|7|
1000023280|3|4|5|7||
1000023291||6||6|6|
1000023315|9|9|8|9||
1000023353|6|7||6||
1000023367|4|4|4|4||
1000023420|4|5|5|5||
1000023422|8|8|8|7||
1000023457|5|8|6|6||
1000023459|4|5|4|4|5|
1000023476|4|4|3|4||
1000023479|6|5||||
1000023484|3|4|3|3|3|
1000023497|6|6|6|6|6|
1000023499|5|6|6|8||
1000023519|5|5|5|5|4|
1000023554||5|6|5|6|
1000023579|6|6|6|5|5|
1000023588||||5||
1000023591|9|||||
1000023618|6||8|8||
1000023626|7|6|7|7||
1000023647||3|3||4|
1000023649|7|6|6|6|6|
1000023650|5|5|4|4|4|
1000023654|5|4|5|6||
1000023657|6|6|6|5|5|
1000023666|||4|5|4|
1000023689|4|5|5|5|4|
1000023694|5|5|4|4|4|
1000023703||4|4|4||
1000023719|6|6|6|6|5|
1000023789|6|6||8||
1000023835|6|7|9|||
1000023849|5|5|4|4|3|
1000023861||7|6|6||
1000023873|6|6|6|6|6|
1000023874|4|4|4|4|3|
1000023878|4|5|5|5|5|
1000023881|4|4|4|5|5|
1000023905|5|6|5|6|6|
1000023911|4||4|4||
1000023918|4|4||||
1000023926|7|6|6|6|6|
1000023932|5|5|5|5|5|
1000023936|6|6||||
1000024027||5|5|5|5|
1000024034|8|7||5|7|
1000024068|4|4|5|5||
1000024101|6|6||||
1000024133|7|5|||8|
1000024192|6|6|7|5||
1000024196||5|8|6|8|
1000024267|5|5|5|8||
1000024278|8|9||||
1000024289|8|5|6|6||
1000024312|6|6|5|5|5|
1000024313|8|8|8||8|
1000024317|6|8|8|8||
1000024348||5||6||
1000024358|4|4||||
1000024425||6|7|||
1000024437|7|8|8|8|8|
1000024507|6||6|6|6|
1000024552|8|6|8|8||
1000024582|3|4|5|4||
1000024590|6|8|8|9||
1000024592|7|6|7|7||
1000024597|7|5|7|6|6|
1000024605|||5|5||
1000024631|7|7|8|8|8|
1000024643|5|8||9||
1000024685|8||6|||
1000024687||7|8|8|8|
1000024697|||6|6|5|
1000024703|5|5|5|5|5|
1000024839|6|6|6|6||
1000015312|4|7|6|8||
1000013169|4|5||4||
1000020993|9|7|7|9|8|
1000024771|9|8|8|9||
1000024819|4|6|6|6|6|
1000024824||||6|5|
1000025017|8|6|4|5|4|
1000025191|8|8|5|8|7|
1000025267|||8|||
1000024812|5|6|6||5|
1000026150|8|5|5|6|6|
1000018133|5|6|6|6||
1000007017|9|10||||
1000026188|4||4|5||
1000026276|3|3|5|||
1000026277|6|5|8|7|6|
1000026065|6|6|6|5||
1000026612|5|6|6|||
1000025441|7|9|10|||
1000015688|6|8||||
1000026507|3|4|5|4|4|
1000026508|7|9||||
1000026514|4|5|6|6|6|
1000022572|10|||||
1000007340|6||8|6|5|
1000024861|4|4|3|4|4|
1000025536||5|5|4|4|
1000024554|6|7|7|6||
1000024780|8|8|8|7|8|
1000026892|6|6|6|5||
1000024705|6|5|6|7||
1000021803|6|8|7|6|6|
1000024890|5|6|5|5|5|
1000024893|4|4|4|5||
1000022693|5||6|6||
1000009332|6|7|7|7|8|
1000010802|6|6|7|6|8|
1000025792|6|8|7|6||
1000021076|7|6|8|6|6|
1000006795||||5||
1000008683|5|8|9|10|10|
1000008694|7|7|8|8|9|
1000008696||||6||
1000008697|5|5|5||4|
1000023829||6|5|4||
1000023830|5|6|6|6|6|
1000026665|5||9|||
1000021304|8|7|6|6|6|
1000025406|4|4|4|4||
1000023010|8|8|7|6||
1000026010|6|8|6|6|6|
1000006733|8|7|8|7||
1000018180|6|6|6|6||
1000025483|6||7|8|6|
1000025484|7|8|8|8|8|
1000022634|6|6|8|6||
1000018083|3|4|4|4||
1000006790|8|9|10|||
1000013106|6|6|6|8||
1000013843|5|5|4|5|4|
1000011900|5|5|5|5|5|
1000026022|6|8|8|7|9|
1000013386|4|6|5|8||
1000013388|6|6|6|6|6|
1000013389|4|5|4|4||
1000021285|8|6|7|7|7|
1000025967|8|3|4|4|4|
1000025800|5||5|5||
1000005530||5|7|9||
1000024793|5||5|9|10|
1000015405|5|8||||
1000025373|8||9|||
1000013295|6|6|7|6||
1000009362|4|4|5|5||
1000025224|6|5|5|5||
1000025226|8|7|9|9|10|
1000025335|||6|6||
1000005476|6|6|9|8|8|
1000005555|5|5||5||
1000015330|5|5|5|||
1000022347|7|7|8|7|7|
1000012239|5|6|5|6||
1000006754||4||5||
1000006759|4|4|4|5|5|
1000026622|6|6|6|8||
1000026624|6|6|7|7||
1000023804|9|||||
1000023808|7|7|7|8|9|
1000011528|4|6|7|5|5|
1000011530|5|6|6|5||
1000024570|5||4|||
1000005482|5|5|5|5||
1000007031|6|5|4|7|7|
1000026078|4|5|5|5|4|
1000026083|5|5|4|4|4|
1000026683|5|5|6|6||
1000007329|||8|8|8|
1000025211|4|||7||
1000024249|8||8|8||
1000014224|5|5|4|5||
1000005381|4|4|4|5||
1000026258|4|5||4||
1000026238|9|9||||
1000005514|3||3|||
1000005420|8|6|7|9||
1000025477|5|5|5|5||
1000005458|6|6|6|6||
1000025739|6|7|5|7|8|
1000023824||5|5|5|5|
1000008907|7|9|8|9||
1000025656|4||7|||
1000026299|5|5|5|3|3|
1000026096|4|5|5|||
1000022452|6|6|7|6||
1000026414|6|7|6||7|
1000026415|5|4|6|5|6|
1000026449|6|5|6|6|6|
1000013165|4|||||
1000025493|7|6|5|7|6|
1000007975|5|5|5|5||
1000005278|6|6|8|6|6|
1000021528|6|6|6|6|5|
1000025587|8|8|9|9|8|
1000025753|5|5|6|8|8|
1000013155|4|4|4|3|3|
1000013156|4|6|6|5|5|
1000008352|5|8|8|5|4|
1000016670|8|8|6|8|8|
1000015610|4|4|6|5|5|
1000015618|6|6|7|6|5|
1000021931|6|5|6|5|5|
1000016323|8|6|5|6|6|
1000024455|4|4|4|4|4|
1000025457|5|8|7|6|8|
1000006772|8||5|5||
1000025609|7|9|10|||
1000005225||||5||
1000026112|6|5|5|5|4|
1000026529|6|6|5|5||
1000026404||7|7|6||
1000026341|4|5|4|4|4|
1000009973|8|7|8|8||
1000025420|10|||||
1000025421|6|4||||
1000026367|8||9|||
1000024088|6|7|7|6|6|
1000025637|6|6|7|7|8|
1000022962|8|7|6|6|6|
1000018103|5|4|5|5|5|
1000018108|||9|6|6|
1000023002|8|8|8|8|9|
1000005356|5|4|4|||
1000026000|7|8|7|8|7|
1000026918|4|4|4|4|4|
1000024901||4||||
1000028814|3|3||||
1000028060|5|5|5|5|5|
1000027500||||5|4|
1000026322|6|6|7|8|9|
1000027938||8|8|9||
1000024981|5|5|6|6|6|
1000026171|6|5|6|5|5|
1000027542|4|4|4|4||
1000028008||8|9|8|8|
1000026644|6||7|6|5|
1000025286|8|8|8|7|7|
1000027344|6|6|6|6|5|
1000027345|||5|6|6|
1000014203|6|6|6|7|7|
1000027109|4|5|5|5|5|
1000026261|6|6|6|6|6|
1000027392|6|8|8|8|8|
1000026978|6|6|7|7||
1000027250|6|8|6|6|7|
1000010571|||4|3|4|
1000027830|7|6|6|6|5|
1000027859|9|8|8|8|6|
1000027860|6|6|8|8|8|
1000027875||7|6|8|6|
1000025013|5|5|8|||
1000028023|5|6||||
1000028025|9|9|8|8|8|
1000014079|3|3|5|5|4|
1000028380|6|5|5|5|5|
1000027630|5|8|9|||
1000027238|6|5|6|9|8|
1000026948|||7|9||
1000027454|4|5|5|6|6|
1000027977|6|5|4|4||
1000026165||5|8|6||
1000026629|6|5|5|7|7|
1000028587|4|4|4|6|5|
1000027579||6||||
1000027365|4|4|4|4||
1000018156||5||4||
1000026936|6|6|8|5|6|
1000028164||5|||5|
1000026252|5|4||5||
1000010810|6|8|8|8||
1000028563||5|4|4|5|
1000029189|||5||4|
1000026906||5|6|||
1000026728|4|3|3|3|4|
1000026030|5|8|8|8|8|
1000027641|8|9|10|10||
1000027812||8||10||
1000027150||7|6|||
1000028632|5|4||||
1000027142|||5|4|4|
1000028248|5|6|6|5|5|
1000026791|8|||6|6|
1000025622|7|6|10|||
1000027432|8|9|9|9|9|
1000029276|4|4|4|5|6|
1000028429|6|7|6|5||
1000005502|4|4|5|5|4|
1000029411|6|6|8|8||
1000025757|4|5|5|5||
1000027869|8|8|9|10||
1000026878|5|5|7|6|6|
1000028797||7||9||
1000029010|5||6|||
1000029234|8|4|4|5|5|
1000027650|5|4|4|||
1000029049|6|4|5|4||
1000028365|8|||||
1000028819||6|6|9|8|
1000029593|5|4|5|6|6|
1000026953|5|5|5|4||
1000027103|4|5|4|5|5|
1000026140|6|7||6||
1000028292|8|5|5|4|4|
1000027086|8|9||||
1000026235|8|8|8|8|8|
1000027011|4|4|4|4|4|
1000027013|4|4|4|5|5|
1000029161|3|3|3|3|3|
1000027838|5|4|4|5|5|
1000022607|5|5|5|5||
1000027727||5|5||6|
1000028619|5|||||
1000025301|5|6|7|6|6|
1000025302||6||5||
1000028548|5|6|6|5|5|
1000027769|5|8|8|8|8|
1000027772|6|5|5|5|5|
1000028507|6|6|6|6|8|
1000029031|4|4|4|5|5|
1000029060||6|8|9||
1000027377|5|4||5|4|
1000027379||3|5|5||
1000029515|9|8|8|9||
1000028332|4||5|||
1000028754|7|8|8|7|7|
1000029286||9|10|8||
1000025825||8|8|||
1000026398|5|5|5|5||
1000029313|3|3|4|4|5|
1000028865|5|6|5|5|5|
1000030046|5|5|6|5|7|
1000030047|6|8|9|8|8|
1000024757|8|5|6|8|6|
1000029735|5|5|6|6|6|
1000029736|9|9|5|6||
1000027992|7|||||
1000027995|6|6|7|7|6|
1000029794|8|8||9|8|
1000027022|7|7|6|6||
1000029820|5|5|5|5|6|
1000026750|8|4|6|6||
1000026929|7|5|7|9|6|
1000027064||6|6|6||
1000026308|6|10||||
1000030571|4||5|||
1000030577|4|4|4|4|5|
1000029877|6|5||||
1000029489|8||8|||
1000028700||3|3|||
1000031012|4|||||
1000030164|8|8|7|7|6|
1000029290|4|5|6|||
1000029291||||6||
1000029441|4|||5|4|
1000029025||5|5|5||
1000020913|10|7|8|7|9|
1000030323|5|6|7|6||
1000029659|9|8|10|||
1000029267|6|5|4|4||
1000026596|3|4|5|5|5|
1000027342|4|6|6|6|6|
1000030782|6||7|||
1000030674|4|6|8|8|8|
1000031317||||8||
1000029158|5|5|6|||
1000030213||||4|6|
1000030853|||6|4||
1000027261|6|6|6|6|7|
1000025978|6|7|8|8|8|
1000026944|8|8|8|9|9|
1000030278|7|8|8|||
1000030809|||4|||
1000030178|4|4||||
1000026106||4|5|6|6|
1000030636|4||||6|
1000026533|8|||||
1000029090|8|6|6|6|6|
1000029092|8|8|8|9|8|
1000025960|5|5|5|6|6|
1000030083||6|4|3||
1000030084|6|6|6|6|6|
1000029617|6|6|7|7|8|
1000029507||5|6|7|6|
1000030223|5|5|5|5|6|
1000031208|5|8|6|9|9|
1000029687|5|6|8|8|8|
1000030367|8|||||
1000030098||4|5|5||
1000030434|9|9|9|9|8|
1000030056|10|9||||
1000031229||9|9|10||
1000030936||5|5|6|5|
1000027683|4|4|4|4|5|
1000028139|4|4|4|5|5|
1000030207|6|5||4||
1000030028|4|4|7|6|5|
1000026372|||6|6|6|
1000028267|||4|6|4|
1000030017||5|6||6|
1000024761|6|7||8|8|
1000027618|4|4|6|7|8|
1000027619|||6|5|5|
1000027361|6|7|8|6||
1000028395|4|4|4|4|5|
1000030386|6|6|8|||
1000028961|6|6|5|8|9|
1000029472|6|6|7|8||
1000029473|5|5|5|5||
1000026919||4|4|4|5|
1000029417|9|8|8|10||
1000028988|6|6|5|5|5|
1000028946||||5||
1000030059|5|4|4|4||
1000029605|6|6||6||
1000029927|6|4|6|6|5|
1000029100|6|7|8|6|6|
1000031089|5|6|6|9|8|
1000030801|4|5|8|9||
1000028356|6|5|4|3|4|
1000031398||8|8|8|8|
1000029760||6|5|6|6|
1000030909|6|4|5|5||
1000031072||5|7|8||
1000029259|||6|6||
1000029785||6|7|7|6|
1000001016|4|4|4|3|3|
1000031603||6|6|||
1000029791||6|6|7|6|
1000031269|||6|8||
1000002670|4|4|4|5|4|
1000027390|8|8|9|9||
1000027799|8|6|9|9|9|
1000027800|6|6||5||
1000031309|||7|8|6|
1000030791|6|6|7|||
1000030535|6|6|8|9|8|
1000001024|6|5|6|6|6|
1000004464|7|8|9|8||
1000005284|8|8|8|7|7|
1000001035||5|4|||
1000001941|6||6|6|7|
1000028883|6|10||||
1000028259|6|5||4|4|
1000001376|5|7||5||
1000026345|6|6|6|6||
1000027215|4|4||4||
1000030965|4|5|6|6||
1000026857|8|7|6|||
1000014001|||5|4||
1000004669|4|4|4|||
1000029511|6|7|6|6||
1000031156||5|4|4|4|
1000004678|9|||||
1000014369|||7|6||
1000017953|8|6|6|6||
1000025933|3|4|3|3|3|
1000001328|4|4|5|5|5|
1000009496|6|6||6||
1000028606|6|9|9|10||
1000028474|3|4|8|8|8|
1000001264|9|8||||
1000005166|4|4||4||
1000029370|4|5|7|5|7|
1000031566|||6|5|5|
1000025512|5|5|5|6||
1000031044||9|9|9||
1000007549|5|||||
1000007550|3|3|4|||
1000031163||||6|6|
1000019612|||8|8|6|
1000029361|||7||6|
1000007463|3||||4|
1000025525|6||6||5|
1000025530|4|4||||
1000007062|6|8|8|8|8|
1000017978|8|6|8|10||
1000022803|6|6|5|7|4|
1000026441|8|8|7|8|9|
1000026445|3|5||6||
1000031521||9|6|7||
1000005887|3|3|3|3|3|
1000022775|6|8|7|5||
1000010931|||5|5||
1000026864||7|7|7||
1000021252|6|6|5|5||
1000021151|7|8|6|8||
1000027129|6|6|9|||
1000021855|5|8|8|8||
1000005754|4|4|4|4||
1000004881|5|4|5|5|5|
1000030489|5|5|9|||
1000004849|8|5|6|9||
1000006637|6|7|8|10|10|
1000015047|5|5|6|5|7|
1000004711|4|5|5|||
1000004800|7|6|6|4||
1000004440|6|6|6|5|5|
1000015019|5|5|5|5|5|
1000015025|6|6|6|6|6|
1000018073|5|5|5|5|6|
1000020685|8|8|10|||
1000004438|5|5|6|6|5|
1000004289|6|6||||
1000004765|4||4|5|5|
1000005029|||6|8||
1000009865|5|5|6|8|7|
1000020005||5|6|6|6|
1000015073|8|8|8|8||
1000004241|6|6|8|7|6|
1000015253|8|7|8|8|8|
1000017883|4|4|4|4|4|
1000027371|5|6|5|5||
1000024931|6|4|6|5||
1000024937|8|8|8|9|9|
1000005046|3|4|4|5|5|
1000017798|6|7|6|7||
1000004780|5|5|4|5||
1000017993|5|4|4|3|3|
1000017994|5|5|4|5|6|
1000029062|5|5|6|5|5|
1000029068||9|7||6|
1000025833|8|8|10|9||
1000004225|5|8|8|||
1000025862|5|5|4|4|5|
1000004741|4|4|4|4|4|
1000016329|8|6|8|7|8|
1000016331|6|6|7|7|7|
1000005017|4|4|4|3|4|
1000004795|4||4|5|5|
1000015054|6|6|7|7|6|
1000029892|5|||||
1000031782||||9||
1000011837|4||5|||
1000026884|5|5|5|5||
1000011774|5|4||||
1000008427||4|5|3||
1000011778|||||5|
1000011636|4|4||||
1000028489|5|6|5|6|6|
1000011809|6|6|6|6||
1000011885||5|5|5|5|
1000030100|8|9|9|||
1000011729|6|6|7|6|5|
1000032056||||6||
1000030650|6|5|8||9|
1000031629|||7|8||
1000031428||9|7|8|8|
1000031429||6|5|5|4|
1000029431|5|4|4|||
1000031763|||9|9||
1000027862||6|8|5||
1000031252||9|9|8||
1000031509||9|9|9|8|
1000030628|8|8||||
1000030630|4||4|5|6|
1000027705|7|7|7|9|9|
1000031175|9|9|8|5|5|
1000031675||10|9|9||
1000029406|7|6|8|8|10|
1000027090|8|8|9|8||
1000030816||8|9|9|8|
1000029455|8|8|10|10|10|
1000031619||8|7|8||
1000031620|||8|6|8|
1000031478||9|6|6||
1000031365||6|8|8||
1000031596|||7|8||
1000031586||||5||
1000031658||9||9||
1000030599|6|6|5|6|6|
1000029597|4||4|5||
1000031456|6|8|6|7|8|
1000030604|4|4|8|8|8|
1000030613|8|8|9|8|9|
1000027475|8|6|6|6||
1000029342|6|6|6|5|5|
1000031861||||6|6|
1000030997||||8|9|
1000030320|8|9|9|8||
1000029696|7|6|7|6||
1000031417|||4|4||
1000029949|5|5|4|5||
1000031486|||||5|
1000031404||||5||
1000030917|4|4|4|3|3|
1000031542||6|5|6|6|
1000031947|||9||6|
1000031569||7||6|6|
1000031570||||2||
1000032034|||9|7|8|
1000009191|4|4|5|4|4|
1000009193|5|5|5|5|6|
1000006868|||6||7|
1000006820|5|||6||
1000009188||5|5|6|6|
1000008449||5||5||
1000007142|4|4|4|4|4|
1000006863|5|5|5|6|5|
1000009589|8|8|8|9||
1000008745|5|4|4|4|4|
1000031971|||8|8||
1000008789|5|8||||
1000007899|4|4|4|6|6|
1000007102|8|7||5||
1000009570|3|3|4|4|4|
1000008163|6|7|7|8|9|
1000009685|5|6|6|6||
1000008776|5|5|5|5|5|
1000008030|9|9|10|||
1000006843|5|5|4|4||
1000009673|6|5|5|5|6|
1000005937|4|4|3|3|3|
1000009520|4||4|4||
1000009641|5||5|5||
1000009515||||4||
1000008761|6|4|4|5|5|
1000008205||||4||
1000006911|4|3|4|3|3|
1000008202|4|5|6|9|8|
1000009416|4|4|4|4|3|
1000008007|8|9||||
1000005927|4|5|5|5|6|
1000008739|5|5|8|8|7|
1000007990|8|8|8|8|8|
1000008817|8|8|8|8|8|
1000008461|8|8|8|8||
1000010235|6|6|6|8|6|
1000031624||8|7||5|
1000008636|5|4|4|4|4|
1000006992||8|8|8|8|
1000024189|5|5|6|5|5|
1000024679|5|4|5|5|4|
1000024178|7|6|7|6|6|
1000007209|4|||||
1000007213|4|4|4|4|4|
1000031406||9|8|8||
1000032086||||6|5|
1000026196|4|4|5|4||
1000009258|6||4||6|
1000030967|5|||||
1000008134|||8|8||
1000031955|||9|9|9|
1000026610|||6|6||
1000008294|||6|6|9|
1000031753||7|6|8|8|
1000024215|7|7|9|8|8|
1000010623|9|9||||
1000008642|4|5|6|5|5|
1000010292|5|4|5|5||
1000031601|||8|6|5|
1000006927|5|5||4||
1000009888|||6|8||
1000025473||6|6|6||
1000025474||5||5|4|
1000026816|5|6|6|8|8|
1000026817|5|8|9|||
1000027818|5|6|7|5|6|
1000006900|5|4|3|4|5|
1000031665||9|9|||
1000027828|6|5|6|7|8|
1000028938|6|6|5|6|5|
1000028689|5|6|6|7||
1000030399|5|5|5|5|4|
1000030406|8|6|6|8|8|
1000028738|5|5|4|4|4|
1000028739||4|5|6||
1000031517||5|5|6||
1000028043||5||5||
1000031771|||8|8||
1000027153|6|6|6|8||
1000029421|4||4|4||
1000028449||4|4|4|4|
1000027312|8|7|5|5||
1000029881|5|6|6|6|7|
1000030202|6||6|||
1000026670|5|5|5|8|5|
1000028586||6|6|||
1000010029|5|5|8|7|7|
1000010360|5|6||6||
1000010673|6|6|5|6|5|
1000010347|6|6|5|6|6|
1000010515|5|6|6|6||
1000024147|3|5|5|5|6|
1000024331|4|5|6|6||
1000009978||3|4|||
1000010829|4|4|3|3|2|
1000010067|3|4|4|4|4|
1000008315|4|9|8|6|7|
1000010314|||8|||
1000010205|4|5|9|8||
1000010685|6|5|5|5|5|
1000010773|4|4|6|||
1000008619|4|4|5|||
1000024476|6|6|5|5||
1000024658|6|9||10||
1000009285||4|4|5||
1000010376||4||4|5|
1000010270|6|7|6|6|6|
1000028950|6|5|5|5||
1000028951|6|8||6||
1000032082||||9|8|
1000028832|4|4|4|4|4|
1000029700|6||6|6|6|
1000031846||||8||
1000006707||4|5|6||
1000032128|4|4||||
1000006636|4|6||5||
1000013044|6|5|5|5|5|
1000006620||5||||
1000006621|8|8|8|||
1000030526|7|8|8|||
1000030528||||4|5|
1000004960|4|4|5|4||
1000014033|5|4|4|4|4|
1000030182|8|7|7|7|6|
1000031563||9|9|5||
1000031564||8|5|5||
1000006672|4|||||
1000028394|5|8|6|7|8|
1000015222|6|6|7|8|8|
1000031814||||7|5|
1000032106||||5|5|
1000030209|6|6|8|6|7|
1000005065|5|6|8|9||
1000032042|||5|6|4|
1000032030|||5|5||
1000026838|8|8|6|6|7|
1000009716||6||5|6|
1000027973||6|5|4|5|
1000032110||5|5||6|
1000031212|6|6|6|8|10|
1000029577||6|7|6||
1000009532|3|5|5|4|3|
1000031714|||6|6||
1000013089|4|5|5|5||
1000029640|6|8|8|7||
1000031221|||6|4|4|
1000031223||5|5|5||
1000005155|6|7|7|8|8|
1000029077|||8|||
1000030427|4|4|9|6|6|
1000028502|4|4|5|6|5|
1000000043|3|3|3|3|3|
1000000072|3|4|4|6|6|
1000000073|6|6|6|6|4|
1000000081|6|5|5|5|4|
1000000129|3|3|3|4|3|
1000000130|7|7|8|7|7|
1000000134|3|3|4|4|4|
1000000140|5|5|5|4|4|
1000000146|5|4|4|4|6|
1000000160|8|9|9|9||
1000000221|4|4|4|4|4|
1000000234|6|5|6|8|7|
1000000243|4|3|4|5|6|
1000000298|2|2|2|2|2|
1000000299|8|9|9|||
1000000302|5|8|5|9||
1000000354|5|4|5|6|5|
1000000368|6|5|5|5|5|
1000000373|5|4|4|4|6|
1000000384|6|6|6|6|6|
1000000389|3|2|2|3|3|
1000000392|6|5|8|8|9|
1000000414|4|3|4|4|3|
1000000421|4|5|5|4|5|
1000000462|4|4|3|3|6|
1000000468|7|6|5|5|4|
1000000497|4|4|4|4|4|
1000000506|5|5|4|||
1000000560|6|7|9|9||
1000000562|7|7|6|10|10|
1000000574|4|4|5|7|6|
1000000579|||6|||
1000000602|6|6|5|8|8|
1000000607|5|4|4|4|4|
1000000630|5|4|4|4|4|
1000000635|3|4|5|5|5|
1000000638|3|5|4|4|3|
1000000647|4|4|4|4|4|
1000000658|2|2|2|2|2|
1000000677|9|10||||
1000000706|5|6|7|6|6|
1000000759|9|6|5|6|8|
1000000764|4|5|5|5||
1000000765|||5|6||
1000000795|||5|5||
1000000821|7|7|6|7|7|
1000000847|4|4|6|6|8|
1000000853|6|7|6|6|6|
1000000870|3|3|3|3|3|
1000000881|4|6|5|5|5|
1000000900|5|4|5|7|5|
1000000927||5|6|5||
1000000953|4|8|5|4|4|
1000000968|4|4|5|5|6|
1000000999||8|6||5|
1000001073|6|6|6|6|6|
1000001092|7|7|8|8|8|
1000001128|5|6|6|5|5|
1000001147|4|5|6|5|4|
1000001162|4|5|4|||
1000001189||4|5|||
1000001270|3||3|3||
1000001313|4|4|5|4|4|
1000001352|||4|3||
1000001374|5|6|6|8|8|
1000001381||7||7||
1000001391|6|6|5|8||
1000001402|4|3|4|3|3|
1000001418|2|2|2|3|3|
1000001455|4|4||||
1000001462|4|4|4|4|4|
1000001474|3|3|3|3|3|
1000001485|6|7|7|7|6|
1000001500|8|8|8|8|8|
1000001511||6|5|5|5|
1000001534|6|6|6|6|6|
1000001547|3|3|2|3|3|
1000001629|3|3|3|3|3|
1000001643|2|2|3|3|4|
1000001646|8|8|8|8|8|
1000001707|8|8|5|5||
1000001712|6||5|||
1000001738|8|8|8|8||
1000001757|4|5|6|6|6|
1000001763|5|6|5|5|5|
1000001792|4|4|4|4|4|
1000001803|4|4|4|4|4|
1000001816|5|5|6|5|4|
1000001833|6|5|6|7|7|
1000001907|6|8|7|7|6|
1000001929|5|5||5||
1000001947|5|4||4||
1000001967|5|6|5|5|5|
1000001972|4||6|||
1000002000|7|9|9|8||
1000002015|5|5|4|||
1000002038|6|5|6|||
1000002045|5|5|4|||
1000002054|7|||||
1000002059|5|5|5|5||
1000002068|8|||||
1000002074|||5|6|5|
1000002095|||5|4||
1000002098|4|4|4|5|5|
1000002126|8|6|6|7|8|
1000002128|6|8|8|8|9|
1000002139|7|6|8|9|9|
1000002141|6|6|6|6|6|
1000002146||||4||
1000002160|3|3|3|4|3|
1000002181|6|5|6|6|6|
1000002184|4|4|5|4|4|
1000002188|5|6|6|5|5|
1000002221|5|6|6|6|5|
1000002234|6|6|6|5|5|
1000002267|5|4|5|5|4|
1000002277|6|6|6|9||
1000002286|6|6|6|4|3|
1000002310||7|6|7|6|
1000002312|4|4|5|||
1000002339|5|5|5|6|8|
1000002364|6|6|6|8|7|
1000002378|3|3|3|3|3|
1000002386|7|7|8|7|8|
1000002414|8|6|8|8|8|
1000002416||||4||
1000002484|7|6|7|7|7|
1000002501|4|4|4|6|8|
1000002514|8|5|8|6|6|
1000002523|5|4||4||
1000002554|4|4|5|5|4|
1000002555|8|8|4|6||
1000002563|||6|6||
1000002609|6|6|6|||
1000002622|||4|4||
1000002628|6|5|5|7|8|
1000002650|4|3|3|3|4|
1000002727||4|4|||
1000002748|4|5|5|4|4|
1000002758||4|4|3||
1000002771|7|6|6|6|6|
1000002788|6|8|7|7|8|
1000002796|5|5||||
1000002813|6|5|7|6|10|
1000002833|3|3|3|4|3|
1000002837|4|4|4|4|4|
1000002845|3|4|4|4|4|
1000002848|5|4|5|5|6|
1000002855||4||||
1000002857|5||||6|
1000002860|5|4|5|6||
1000002866||8||5||
1000002891|4|4|5|||
1000002893|5|6|7|7|6|
1000002930|5|5|5|5|4|
1000002936|5|5|5|5|6|
1000002967|4|3||3||
1000002970|7|6|8|8|9|
1000002974|6|5|4|4|5|
1000002984|6|6|7|9|7|
1000003020|2|2|2|2|2|
1000003058|4|4|6|5||
1000003080|5|5|6|5||
1000003088|5|5|4|5|6|
1000003090|6|6|5|||
1000003114|||4|4||
1000003118|4|5|4|4|4|
1000003189|3|4|4|3|3|
1000003225||5|6|6||
1000003241|5|5|5|6|7|
1000003242||4|5|4||
1000003244|6|4|5|5|6|
1000003248|6|||5||
1000003273|6|6|6|||
1000003275|3|3|3|3|2|
1000003286|6|10||||
1000003290|6|5|6|9||
1000003313|9|8|9|7|7|
1000003319|7|7|8|8|8|
1000003336|6|7||8||
1000003368||||5||
1000003405|5|7||6||
1000003411||5||4||
1000003441|4|4|3|5|5|
1000003462|4|4|5|4|5|
1000003491|3|3|3|3|3|
1000003499||3|5|3||
1000003539|4|6|7|8|9|
1000003551||5||||
1000003623|7|8|5|5|4|
1000003639||5||7|7|
1000003661|||4|4||
1000003693|5|4|4|4|4|
1000003763|4|||||
1000003767|5|6|6|8|9|
1000003791|5|5|4|4||
1000003800|7|5|6|||
1000003827|6|6|4|4|4|
1000003848|4|4|4|3|3|
1000003891|7|6|7|7|7|
1000003905|5|7|10|8|8|
1000003906|4|||||
1000003938|6|6|9|9|6|
1000003948||||4|4|
1000003950|6|6||5||
1000003971|4|5|5|6|6|
1000003975|4|3|4|4|3|
1000004011|4|4|4|4|5|
1000004029|6|6|5|6|6|
1000004076||4|2|||
1000004077|5|6|6|5|4|
1000004088|4|4|4|5||
1000004090||5|6|8|8|
1000004108|2|3|2|3|4|
1000004113|6|||5||
1000004175|6|6|6|5|6|
1000004187||4|5|5||
1000004231|8||7|5|5|
1000004280||6|8|8|8|
1000004310|9|8|9|9||
1000004312|7|6|6|7|7|
1000004339|5|5|6|4|4|
1000004364||6|6|6|5|
1000004380|8|7|6|5|5|
1000004432||5|5|||
1000004439|||5|5||
1000004478||3|3|||
1000004480|6|6|6|6||
1000004531|5|4|8|8||
1000004540|6|7|6|6|6|
1000004550|8|8|8|10||
1000004563|4|4|4|5|4|
1000004564|6|||||
1000004580||||5||
1000004597|8|8|7|8|7|
1000004603|5||5|7||
1000004610|6|7|7|6||
1000004632|5|5|5|||
1000004638|5|4||||
1000004642|4|4|4|4|4|
1000004646|4|4|3|3||
1000004719|6|9|9|10|10|
1000004723|6|6|6|6|7|
1000004730|6|5|6|5|5|
1000004732|10|||||
1000004747||6|5|5|5|
1000004785|3|3|4|4||
1000004813||||5||
1000004816|6|6|7|6|6|
1000004867||6|5|5|5|
1000004869|10|9||||
1000004872|6|5|3|6|4|
1000004874||8||6|6|
1000004896|6|5|4|5|4|
1000004936|6|7|9|||
1000004970||4|4|4||
1000004993|6|4|4|4||
1000005023||6|5|5||
1000005054|6|4|5|4|4|
1000005066|6|6|5||8|
1000005071|7||6|6|6|
1000005192|7|6|7|7|6|
1000005243||5|6|8|7|
1000005259|5|6|6|6|6|
1000005261|4||6|6|6|
1000005268||8|8|8|7|
1000005279|5|4|4|4|4|
1000005350|6||5|5||
1000005431||6||5||
1000005446|4|4|4|5|5|
1000005447|||8|8||
1000005448|8|8|8|8|8|
1000005537|5|5|6|6|6|
1000005563|8|7|8|7|6|
1000005571|4|4|4|5|4|
1000005577||7||6||
1000005608||||4||
1000005660|6|6|8|5|6|
1000005696|4|4|4|4||
1000005710|3|3|3|3|3|
1000005737|4|4|3|4||
1000005767|5|4|6|5|4|
1000005791|4|4|3|3|3|
1000005805|6|5|4|4|4|
1000005821|6|6|7|7||
1000005848|7|6|6|6|6|
1000005851|6|4|4|4|5|
1000005860|7|7|7|6||
1000005910|6|||||
1000005914|5|5|4|4|4|
1000005969|4|4|4|4||
1000005973|9|7|6|6|6|
1000005976|8|6|6|6|5|
1000005980|6|6|6|6|6|
1000005984|5|5|6|5|6|
1000005989|3|3|3|3|3|
1000005990|5|6|5|6|5|
1000006001|4|||||
1000006009|5|5|6|6|6|
1000006033|4|5|6|6|7|
1000006049|5|4|||8|
1000006069|5|4||||
1000006077|4|5|5|5|5|
1000006096|8|9|10|10|10|
1000006105||4|4|4||
1000006108|5|6|6|6|6|
1000006139|5|5|5|||
1000006171|4|4|4|4|4|
1000006172|4|4|5|4||
1000006210|6|6|7|7|6|
1000006217|5|4|5|5|6|
1000006236|6|8|6|5|6|
1000006250|||8|8|8|
1000006251|7|7|6|6|6|
1000006270|4|4|4|4|4|
1000006342|4|4|5|5|5|
1000006355|6|6|6|7||
1000006357||6||6|6|
1000006391|4|3||4||
1000006437|6|6|6|8||
1000006447|5|4|4|||
1000006451|8|7|9|9||
1000006455|5||5|5|4|
1000006462|6|8|8|8|8|
1000006475|4|||3|3|
1000006476||4||||
1000006521|6||||8|
1000006568||5|5|6||
1000006576|5|8|6|7|7|
1000006587||8|4|4||
1000006588|5|5|4|4||
1000006599|5|4|3|3|3|
1000006644|5|6|8|8|9|
1000006673|7|7|10|||
1000006704|7|10||||
1000006718|6|7|6|6||
1000006779|7|5||6|6|
1000006814|7|8|8|7|7|
1000006872|5|5|6|8||
1000006941|6|6||4||
1000006942|3|3|4|3||
1000006949|||4|||
1000006950|6|5|5|6||
1000006969|6|6|6|6|6|
1000006978|8|6|5|||
1000006982||6||7||
1000006983|4|8||||
1000006995|8|7|9|6|6|
1000007070|4|3|6|6|7|
1000007072|3|2|3|3|3|
1000007075|3|3|3|3|3|
1000007078|8|6|3|3|3|
1000007100|8|7|7|6||
1000007106|4|4|4|4|4|
1000007125|5|7|7|7|6|
1000007128|5|||||
1000007130||5|5|5||
1000007148|4|3|3|3||
1000007170|7|9|8|8|8|
1000007190|4|6|7|6|5|
1000007320|5|6|5|5|5|
1000007371|6|6|8|8||
1000007376|8|6|7|9|6|
1000007395|5|5|4|4||
1000007406|8|6|7|8|6|
1000007419|4|5|6|6|6|
1000007434|5|5|5|6|6|
1000007437|6|7|4|5|4|
1000007541|4|4|4|4|4|
1000007609||6||7||
1000007693|8||8|8|9|
1000007696|4|4|5|5||
1000007697|||9|8|7|
1000007778||4||4||
1000007779|9|8|9|8|9|
1000007827||4||5||
1000007907|4|5|5|5|5|
1000007962|6|6|6|4|4|
1000007981|6|6|6|6||
1000007982|4|4|5|5|4|
1000007997||4||4||
1000008045|8|6||6|6|
1000008059|6|6|7|6||
1000008066|6|4|4|4||
1000008108|9||5|9||
1000008141|9||10|||
1000008154|5|4|4|3||
1000008169|4|4|5|4|6|
1000008176|6|6|6|5|4|
1000008183|5|5|5|||
1000008184|4|5|3|4|6|
1000008191|6|5|8|6|7|
1000008232|8|8|9|8||
1000008236|5|4|6|6||
1000008242|||4|5|5|
1000008260|8|5||6||
1000008267|6|7|6|6||
1000008275|6|6|6|6|7|
1000008359|5|6|4|4|5|
1000008390|6|6|6|6|5|
1000008409|6|4|5|5|5|
1000008439|7|6|6|5|5|
1000008484|8|10|10|10||
1000008500|6|5|5|5|5|
1000008506|4||5|4||
1000008521|5|4|5|4|5|
1000008552|5|5|5|8|8|
1000008565|5|6||6||
1000008568|6|||||
1000008606|5|5|6|||
1000008622|4|4||5||
1000008639|5|6|6|5||
1000008643|10|||||
1000008667|||4|4||
1000008684|6|5|5|5|6|
1000008690|4|4|4|4||
1000008756|6|8|6|6|6|
1000008809|7|8|7|8|8|
1000008836|6|6|6|6||
1000008837|5|5|5|6|5|
1000008853|4|6|6|5|5|
1000008867|8|9|10|9||
1000008876|10|||||
1000008904|5|5|5|5||
1000008913|6|6|4|5|4|
1000008916|8|8|8|7|7|
1000008934|4|6|4|||
1000008943|7|6|6|6||
1000008947||4|4|4||
1000008996|5|5|6|6|5|
1000009001||4|5|||
1000009005|3|3|6|8|5|
1000009008||5|7|8||
1000009013|4|5|7|6|6|
1000009025|6|6|6|6|7|
1000009032|6|4|4|4|4|
1000009071|6|7|7|7|8|
1000009072|5|6|7|8|6|
1000009075|4|4||4||
1000009122|5|6|5|6|5|
1000009202||7|5|5|4|
1000009216|5|5|7|7|6|
1000009221|6|6|5|6|8|
1000009223|6|6|7|8|7|
1000009365|5|6|5|8||
1000009423|5|7|6|5|5|
1000009433|6|6|7|8|7|
1000009447|4|5|5|4|5|
1000009461|4|5|3|3||
1000009468|4|4|4|4||
1000009586|3|3|3|2|3|
1000009662|4|4|4|3|3|
1000009730|4|6|5|6|6|
1000009734|5|6|5|5|4|
1000009758|7|7|8|8|8|
1000009791|5|5||8||
1000009798|6|6|6|6|6|
1000009826|8|9|8|9||
1000009839|||7|7||
1000009886|6|6|7|7|7|
1000009894|5|4|4|4|4|
1000009900|6|7|6|6|6|
1000009905|7|6|7|6|6|
1000009912|7|6|6|7|6|
1000009919|5|4|5|5|5|
1000009943||5||||
1000009952|6||7|||
1000010015|5|5|6|6|6|
1000010022|8|8|8|6|6|
1000010056|4|4|4|4|4|
1000010062|6|5|5|4|5|
1000010091|7|8|7|7||
1000010102|6|4|5|4|3|
1000010172|6|7|9|9|10|
1000010179|6|6|6|5||
1000010184|5|5|6|||
1000010191|8|6|9|||
1000010200|4|8|6|6|6|
1000010201|8|9||||
1000010223||6|5|6|5|
1000010260||||5||
1000010278|5|5|4|4|5|
1000010326|5|5|5|6|5|
1000010404|9|8|9|10|8|
1000010478|4|4||||
1000010490|7|6|7|7|8|
1000010502||5|7|8||
1000010508|||4|6|5|
1000010533|||8|7||
1000010553|6|5|5|9|8|
1000010558|7|||8||
1000010587||5|5|4||
1000010593|6|6|6|6|6|
1000010603|5|||4||
1000010608|5|5|5|6|5|
1000010626|7|6|8|8|8|
1000010633|6|5|6|8||
1000010680|5|6|4|5||
1000010713|8||8|8|6|
1000010716|5|5|5|5||
1000010727|5|5|5|6|5|
1000010728|4|5|5|5|5|
1000010767|6|5|4|4|4|
1000010799||10||||
1000010819|4|4|5|6|6|
1000010905|4|3||3|4|
1000010911|6|6||||
1000010969|5|6|7|8|8|
1000010971|8|8|7|6|9|
1000010996|6|7|8|8|8|
1000011030|4|5|4|5||
1000011034|5|5|5|4||
1000011043|4|4|4|4||
1000011055|7|7|6|4|5|
1000011084|3|4|3|4||
1000011155|4|4|4||3|
1000011187|4|4|5|4|4|
1000011235|6|6|7|7||
1000011250|7|5|6|||
1000011273|||7|8|9|
1000011306|5|6|6|8||
1000011340|7|5|5|5||
1000011374||7|6|6|8|
1000011379|8|8|7|9|9|
1000011386|6|5||||
1000011387|5|5|5|4||
1000011394|5|4||||
1000011414|6|7|7|6|6|
1000011444|8|7|7|6|4|
1000011445|6||6|6|7|
1000011450||5||5|5|
1000011526|6|||||
1000011550||4||||
1000011609|3|3|3|3|3|
1000011628|4|4|4|4||
1000011641|5|4|5|||
1000011734|4|4|4|3||
1000011738|4|4|4|4|4|
1000011753|6|5|5|5||
1000011771|3|4|3|4|3|
1000011830|4|5|5|||
1000011861|8|7|7|7|7|
1000011890||4|5|4|5|
1000011925|6|6|7|7||
1000011929|5|6|9|8|9|
1000011935|4||4|||
1000011945|4|4|4|4|4|
1000011950||8|7|6|6|
1000011972|5|6|6|7||
1000011990|4|4|4|3|4|
1000011991|4|5|4|5|6|
1000011999|6|6|6|5|6|
1000012066|8|7|6|5|6|
1000012074|5|5|6|5|5|
1000012079|5|4|4|5|4|
1000012091|7|6|8|9||
1000012095|5|6|6|6|5|
1000012111|4|4|4|5|5|
1000012114|8|8|8|8||
1000012204|3|4|5|3|3|
1000012217|9|||||
1000012245|4||4|5||
1000012253|6|5|5|5|5|
1000012267|8|6|6|6||
1000012276|6|7|6|9|8|
1000012291|9|8|8|8|9|
1000012297|9|||||
1000012306|6|9|9|8||
1000012348|6|6|7|6||
1000012355|4|5|5|4|4|
1000012363|||4|4|4|
1000012365|5|5|5|5|5|
1000012377|||3|3||
1000012470|6|8|6|6||
1000012504|||6|||
1000012542|8|6|6|8|8|
1000012553|8|9|9|9|10|
1000012567|5|5|5|8|6|
1000012573|4|4|4|4||
1000012612||6|5|5|5|
1000012619|4|||4|3|
1000012651|5|||5|5|
1000012657|6|6||5||
1000012710|3|3|3|3|3|
1000012721|3|3|4|||
1000012722|7|7|8|9|9|
1000012764|9|7|5|8|9|
1000012776|3|3|3|4||
1000012789|7|6|6|4|4|
1000012796|5|4|4|4|3|
1000012818|6|7|8|6|6|
1000012820|3|||||
1000012832||5|5|5||
1000012858|4|3|4|4||
1000012898|4|4|4|4||
1000012902||6|6|4||
1000012909|4||4|4||
1000012927||7|7|6|6|
1000012961|5|6|6|6|6|
1000012965|5||4|5||
1000012967|8|8|9|6|6|
1000012998|3|||||
1000013058|5|4||4||
1000013204|5|6|6|6|5|
1000013205|4|4|5|5||
1000013231|5|6|9|6|6|
1000013243|5|5|4|4|4|
1000013262|9|9||||
1000013273|6|6|6|6|6|
1000013288|6|6|9|||
1000013335|6|7|6|6|7|
1000013342|5|4|5|5||
1000013367|5|4||4||
1000013369|5|5|5|5|5|
1000013375|6|6|8|7||
1000013380||5||5||
1000013396|6|6|6|7|7|
1000013416|6|6|5|6|6|
1000013427|5|5|6|8||
1000013437|8|8|8|6|9|
1000013449|6|7|8|6||
1000013461|5|6|6|6|6|
1000013474|8|6|6|4||
1000013498|3|4|3|3|3|
1000013509|8|8|8|8|7|
1000013559|4|5|5|5||
1000013582|6|8|8|7|8|
1000013593|5|6||6|5|
1000013622|6|6|7|7|8|
1000013638|7|8|7|7|7|
1000013652|8||8|7|8|
1000013681|4|4|4|4||
1000013691|8|9|8|9||
1000013692|5|5|6|6|6|
1000013719|5|||||
1000013739|8|8|8|8|8|
1000013790|8|9|7|6||
1000013805|4|5|5|5||
1000013808|3|4|4|4|4|
1000013817|6|6|9|7|6|
1000013826|5|4|5|8|8|
1000013839|4||5|4|5|
1000013850|8|7|6|6||
1000013857|8|9|8|8|7|
1000013879|8|7|7|8||
1000013881|5|||||
1000013885|8|7|8|8|8|
1000013893|6|5|4|||
1000013911|6|6|6|6|7|
1000013934|8|7|9|8|8|
1000013940|5|5|4|4|4|
1000013962|5|4|4|4||
1000013997|4|4|4|||
1000014012|3|3|3|4|3|
1000014043|5|6||||
1000014064|4|6|5|4|4|
1000014097|8|8|10|10||
1000014100|5|6|5|4|4|
1000014117|5|5|5|5||
1000014119|4|6|6|8|6|
1000014151|7||8|8|8|
1000014163|5|||||
1000014207|3|4|4|||
1000014227|7|6|6|6|7|
1000014272|7|9|10|||
1000014287|8|7|7|6||
1000014293|5|5|5|5|5|
1000014304|6|6|8|7||
1000014307||6|6|6||
1000014321|5|4||||
1000014322|6|8|6|||
1000014346|8|8|6|8||
1000014348|7|6||6|6|
1000014349|5|6|8|||
1000014387|6|6|6|6||
1000014441|4|4|5|5|5|
1000014444|8|6|8|8|8|
1000014451|6|5|5|6|5|
1000014489|3|4|3|4|3|
1000014523|4|4|5|4|8|
1000014547|4|4|4|4|4|
1000014551|4|4|5|5|4|
1000014574|6|6|7|7|7|
1000014609|6|5|5|4||
1000014629|5|6|7|6||
1000014633|6|5|7|6|6|
1000014673|6|7|6|||
1000014694||||4||
1000014697||5||4||
1000014716|5||||4|
1000014718|6|||6||
1000014727|4|4|5|5|5|
1000014738|4|4|5|4|4|
1000014753|6|7||||
1000014762|5|6|6|6||
1000014770|4|5||5|4|
1000014772|6|5|6|6||
1000014777|6||6|6||
1000014785|5|4|4|5|5|
1000014789|4|4|4|4|4|
1000014799|||4|3||
1000014801|5|5||||
1000014807||6||5||
1000014820|6|8|8|10||
1000014823||4||8||
1000014826|4|5|7|6|5|
1000014846|5|5|5|9|10|
1000014852|9|8|9|10||
1000014856|4|4|4|5|5|
1000014880|5|5|6|6|9|
1000014885|5|5|6|6||
1000014896|3|3|4|3||
1000014908|6||5|5||
1000014909|7|8|8|7||
1000014930|6|5|6|6||
1000014968|5|5|6|6|6|
1000014978||||6||
1000014984|4|6|5|4||
1000015002|5|4|5|6|5|
1000015034|8|7|6|6|6|
1000015046||||6|6|
1000015063|4|5|5|5|4|
1000015076|4|7|5|||
1000015084|5|5||5|6|
1000015096|6|5|6|5|5|
1000015117|5|5|4|4||
1000015127|6|5|6|6||
1000015137|4|4|4|4|5|
1000015159|4|||4||
1000015224|9|||||
1000015230|6|6|7|6|6|
1000015271|6|6|6|6|8|
1000015287|5|5|6|6|8|
1000015288||5|6|6|6|
1000015290|5|5|5|4||
1000015346|5|6|5|5|5|
1000015375|||5|5||
1000015390|6|6|6|6||
1000015422|6|6|5|5|5|
1000015429|8|6|9|9|8|
1000015436|7|5|6|6|6|
1000015490|5|6|7|6|5|
1000015524||6|6|5|6|
1000015529|6|9|10|10|8|
1000015535|||5|5||
1000015550|8|7|6|8|8|
1000015559||6|7|6||
1000015563|4|4|4|4|4|
1000015564|3|4|4|4|4|
1000015570|5|7|7|6||
1000015582|6|7|8|9|9|
1000015583|6||7|7|6|
1000015585|6|5|4|5||
1000015586|6|5|4|5|5|
1000015638|4|4|4|3|3|
1000015648|6|5|6|8|7|
1000015684|5|5|6|5|5|
1000015715|5|4|5|5|5|
1000015750|8|8|8|8|8|
1000015782|4|4||4|5|
1000015843|6|6|10|10||
1000015896|4||6|5|6|
1000015906|5|||5||
1000015945|7|7|8|7|7|
1000015951|5|5|5|5|6|
1000015983|6|7|7|7|6|
1000015984|5|6|6|5|5|
1000016002|8|8|8|8|8|
1000016003|5|6|6|5|6|
1000016026|6|6|6|4|5|
1000016032|4|5|4|4|5|
1000016043|4|4|4|4|4|
1000016050|7|7|7|5||
1000016051|6|6|6|6|6|
1000016052|7|7|9|||
1000016054||4|4|5||
1000016060|4|4|4|4|4|
1000016062|7|8|6|6|6|
1000016094|6|6|6|6||
1000016097|4|4|4|4||
1000016100|4|4|4|4|4|
1000016170|9|9|9|9||
1000016172|8|7|7|7|8|
1000016177|4|4|4|4|4|
1000016205||||4||
1000016216|8|8|8|8|8|
1000016244|||4|||
1000016254|5|7|5|6|8|
1000016255|4|4|5|5|5|
1000016275|8|8|6|8|8|
1000016309|6|7|6|6||
1000016310|6|5|5|6|6|
1000016337|8|6|7|5|6|
1000016339|4|4|4|5||
1000016369|8|8|8|9|9|
1000016408|5|5|6|6|6|
1000016413|5|5|6|6|6|
1000016430|3|4|4|||
1000016449|4|5|8|7|7|
1000016585|5|5|5|4|4|
1000016596|9|8|10|10||
1000016597|5|6||8|4|
1000016626|5|4|5|4|4|
1000016688|5|6||||
1000016697|7|6|4|3|4|
1000016700|5|6|7|6||
1000016708|4|5|5|7||
1000016724|3||3|||
1000016733|5|6|5|5|6|
1000016742|4|3|3||3|
1000016771|8|8|9|10||
1000016782|4|4|6|6|6|
1000016787|7|10||||
1000016798|7|8|5|5|4|
1000016812|6|8|8|8|8|
1000016833|9|10||||
1000016843|7||6|6|6|
1000016872|5|5|5|5||
1000016902|4|4|5|5|5|
1000016938|6|5|6|6|6|
1000016946|4|4|3|4|4|
1000016950|8|6|6|6|7|
1000016963|6||6|5|4|
1000016977|3|3|3|3|3|
1000016985|3|4|4|4|3|
1000016986|4|4|4|4|4|
1000016994|4|4|5|5|5|
1000017016|5|5|6|5|6|
1000017029|3|3|4|3|3|
1000017076|9|||||
1000017080|6|5|5|6|5|
1000017105|4|4|4|4|3|
1000017126|4|5|5|6|5|
1000017128|7|6|6|8|7|
1000017166|7|8|8|8|8|
1000017187|5|4||||
1000017217|6|8|10|10|10|
1000017225|4|5|4|4|4|
1000017229|4|4|4|4||
1000017263|3|6|6|5|6|
1000017307|5|6|6|7|7|
1000017312|9|10||||
1000017376|5|4|6|7|6|
1000017388|3|4||||
1000017396|7|7|7|7|6|
1000017433|4|6|8|4|4|
1000017468|5|5|5|5||
1000017517|4|4|3||4|
1000017524|9|9|9|8|10|
1000017525|6|5|8|6|6|
1000017529|5|4|5|4|4|
1000017568|3|3|4|3|2|
1000017579|7|7|8|8|6|
1000017583||||4||
1000017623|3|||4||
1000017632||4||3||
1000017634|7|6|7|8|7|
1000017639|6|7|9|9||
1000017683|8|6|7|6|6|
1000017708|4|4|4|4|4|
1000017757|7|8|8|||
1000017783||6|7|9|10|
1000017820|8|10||||
1000017832|5|5|5|6|4|
1000017840|4|4|4|5|6|
1000017857||5|6|6||
1000017862|5|7|6|6||
1000017870|6|5|6|6||
1000017874|4|4|5|5|6|
1000017879|4|5|6|6|7|
1000017888|8|9|10|||
1000017909||5|6|||
1000017919|7|7|6|6|6|
1000017930|5|5|6|6|6|
1000017970||8||8||
1000018020|9|||||
1000018021|8|||||
1000018049|||2|||
1000018054|5|6|5|6||
1000018064|||6|5||
1000018098|5|5|7|6|6|
1000018112|4|4|4|4||
1000018113|4|||4|4|
1000018198||||5||
1000018208|4|5|4|3|3|
1000018209|4|4|4|4|4|
1000018232|6|6|6|7|5|
1000018241|3|3|3|4|4|
1000018250|4|4|3|3|3|
1000018271|7|7|6|6|4|
1000018290|5|6|6|8|7|
1000018307|5|5||4|4|
1000018327|5|8|5|5|7|
1000018336|6|7|8|8|7|
1000018337|7|6|7|8|7|
1000018347|6|6|5|5|6|
1000018362|5|6|5|6||
1000018384|5|5|4|5|4|
1000018391|||4|5||
1000018412|9|9|9|8|6|
1000018414|7|8|8|8|6|
1000018449|6|7|6|6|8|
1000018493|3|3|3|3|3|
1000018528|4|4|4|4|4|
1000018533|6|6|7|5|5|
1000018543|4||5|6||
1000018562|9|9|8|6|6|
1000018580|5|6||||
1000018597|4|5|4|||
1000018681|3||4|||
1000018705||5||||
1000018782|4|4|4|4|3|
1000018793|8|9||9||
1000018802|6|6|7|6|6|
1000018838|5||5|6|7|
1000018841|5|5|8|6|6|
1000018852||7|8|||
1000018886|4|4|4|4|4|
1000018893|6|6|4|6|5|
1000018894|5|5|4|3|3|
1000018929|5|7|7|8|8|
1000018947|5|4|5|4|4|
1000018959||4|4|3||
1000018961|6|5|5|6|6|
1000018972|5|4|3|4|3|
1000018974|5||8|5|5|
1000018983|6|9|9|8||
1000018991|6|4|5|4|4|
1000018993|5|5|5|5|4|
1000019003|5|5|4|4|5|
1000019009|8|5|4|||
1000019024|4|4|3|4||
1000019036|4|||||
1000019058|5|5|4|4||
1000019104|6|6||6||
1000019110|6|5|5|5|5|
1000019150|6|5||||
1000019183|5|6|6|5|6|
1000019186||5|6|6||
1000019189||4||4||
1000019217|6|7|7|8||
1000019229|5|8|7|7|6|
1000019315||3|3|3||
1000019350|||5|4||
1000019353|5|6|4|3|3|
1000019371|5|4|4|5|5|
1000019411|5|6|5|6|6|
1000019417|5|9||10|10|
1000019427|5|||5||
1000019438|8|7|7|7||
1000019452|8|8||8|8|
1000019455|8|8|9|10||
1000019486|4|4|4|||
1000019525|8|8|9|7||
1000019531|6||6|8|8|
1000019550|5|6|5||8|
1000019552||7|7|10|10|
1000019606|10|||||
1000019607||4||||
1000019639|5|5|6|6|6|
1000019650|5|5|6|5||
1000019657|7|8|9|9|8|
1000019668|5|5|5|4|4|
1000019741|6|6|5|6||
1000019744||5|5|6|5|
1000019758|7|8|7|7|8|
1000019806|6|4|5|4||
1000019807|8|8|8|9|8|
1000019820|6|5|4|4||
1000019836|4|4|4|4||
1000019840|4|4|4|4||
1000019856|6|8|8|8||
1000019867|4|4|5|4|3|
1000019891|4|4|3|5|4|
1000019912|8|8|9|9|9|
1000019913||4||4||
1000019928|5|4|4|4||
1000019947|4|4||||
1000019969|7|9||9||
1000020016||5|||4|
1000020032|4|4|4|4||
1000020057|4|4|4|4|4|
1000020062|5|4|4|5|5|
1000020125|3|||2||
1000020128|6|7|6|7|6|
1000020134|6|3|4|4|4|
1000020163|7|8|8|9||
1000020167|5|5|5|5|6|
1000020182|5|5|||5|
1000020220|8|8|8|9||
1000020242|8|7|6|6|5|
1000020248|4|4|4|4||
1000020270|5|6|6|6||
1000020299|5|4|5|4||
1000020305|8|8||||
1000020312|5|4|4|5|5|
1000020335|9|||||
1000020368||5|5|||
1000020374|5|5|4|4|4|
1000020379|5||6|5||
1000020402|10|10|9|9|9|
1000020412||8||8||
1000020432|4|3|4|4||
1000020441|3|4|5|3|7|
1000020455|4|4|6|5|8|
1000020462||4|5|5||
1000020468|6|6|7|6|6|
1000020480||7|9|10|10|
1000020484|7|8|8|9||
1000020487|8|8|8|9|9|
1000020494|4|4|3|4||
1000020497||6|6|5|5|
1000020500|7|6|6|8||
1000020502|5|5|5|5|5|
1000020506|5|6|6|6|7|
1000020510|7|7|8|7|7|
1000020568|6|6|6|8||
1000020603|5|5|5|||
1000020606|4||5|7|6|
1000020616|6|5|9|||
1000020619|5|5|4|3||
1000020692|9|10|9|||
1000020695|5|6|6|6|6|
1000020705|4|4|6|4|5|
1000020711|7|6||6|6|
1000020731|6|5|5|5|5|
1000020773|5|5||5||
1000020836|5|6|5|5|4|
1000020899|||5|5|5|
1000020921|8|9|10|||
1000020929|3|3|3|4|4|
1000020960|4|5||4||
1000020963|5|5|5|5|5|
1000020980||5||6|6|
1000020981|6|5||5||
1000020990|6|6|5|7||
1000021005|3|4|4|5||
1000021048|5|5|5|5||
1000021057|5|4||||
1000021059|4|3|4|3||
1000021089||4|5|6|6|
1000021091|5|6|6|8||
1000021094||6|6|6|6|
1000021128|4|4||||
1000021162||8|10|||
1000021170|8|8||||
1000021230|4|4|5|4||
1000021245|4|4|4|5||
1000021255|5|6|5|6||
1000021283|5|4|5|||
1000021296|5|5|5|5|5|
1000021310|6|7|6|5||
1000021339|9|8|8|||
1000021351|6|5|5|4||
1000021409|6|6||7||
1000021430|4|5|5|5||
1000021435|5|5|6|6|5|
1000021444|||5|5||
1000021461|7|7|9|8||
1000021476|||5|5||
1000021483|9|7|6|5|4|
1000021540|7|8|6|7|6|
1000021550|6|5|4|4|4|
1000021553|4|7|8|7|8|
1000021603||||5||
1000021634|5|5|8|8|6|
1000021641|7|8|8|7|7|
1000021642|4|4|6|5|6|
1000021686|9|9||||
1000021694|8|4|6|9||
1000021714|9|9|9|9||
1000021722|3|4|4|5|5|
1000021749|6|6|6|5|5|
1000021808|9|8|8|8|7|
1000021821|7|8|7|7|6|
1000021822|5|5|5|6|6|
1000021828|5|6|5|6|6|
1000021891|||4|4||
1000021921|6|6|5|5|5|
1000021933|5|6|6|6||
1000021946|7|6|7|6|7|
1000022009|5|6|6|||
1000022016|||7|7|7|
1000022065|6|6||5|5|
1000022085|5|6|6|5|4|
1000022088|7||||6|
1000022091|9|9|9|||
1000022104|3|4|4|5|5|
1000022133||4||5|4|
1000022137|5|6|6|6|6|
1000022149|3||4|||
1000022151||5|4|6||
1000022221|3|4|4|5|5|
1000022223|6|6|6|10||
1000022235|3|3|2|2|2|
1000022266|9|||||
1000022279|7|9|6|7|8|
1000022306|6|8|7|7|6|
1000022325|8|9|9|10||
1000022375|5|6|6|6|7|
1000022398|4|||||
1000022422||3|4|4||
1000022429|8|8|8|8|7|
1000022435|6|6||||
1000022445|||4|5||
1000022456|4|3|4|4|4|
1000022508|||7|6||
1000022530|6|9|9|||
1000022566|8|7|6|6|7|
1000022665|6|6|5|5|5|
1000022691|6|8|8|8|7|
1000022700|6|6|6|6||
1000022737|6|5||||
1000022738|9|7|7|7|7|
1000022742|7|6|6|7||
1000022754|||8|9||
1000022756|4|5|6|5||
1000022783|6|7|8|9|9|
1000022817|5||5|5|6|
1000022899|4|4|4|4|4|
1000022904|6|8|6|6|5|
1000022925|4|4|4|5|4|
1000022936|6|5|7|5||
1000022971||5|5|4||
1000022975|||6|5|5|
1000022988|4||4|4||
1000022993|5|5|6|5||
1000022996|8|6||||
1000023041|6|5|5|4|4|
1000023047|8|9||||
1000023053|8|8|8|||
1000023071|6||6|6|5|
1000023073|6|8|8||8|
1000023081|3|4|4|5|4|
1000023086|4|2|3|||
1000023106|8|8|8|7|9|
1000023124|5|5|6|5||
1000023135|4|4|4|4|5|
1000023146|4|4||4||
1000023153|4|4|4|4|4|
1000023159|5||8|8|8|
1000023201|8|9|9|9|9|
1000023208||5||6||
1000023214|5|5|6|||
1000023229|8|6|8|8|7|
1000023231|4|4||5||
1000023267|5|||||
1000023359|5|6|5|5|6|
1000023370|5|5||||
1000023381|4|5|8|6|6|
1000023407|5|6|6||6|
1000023414||5|5|5|5|
1000023471|4|4|5|5|6|
1000023491|5|5|5|5||
1000023509|4|4|4||3|
1000023533|9|8|8|7|8|
1000023542|4|6|5|5||
1000023557|5|4|4|4||
1000023566|8|4|4|4||
1000023584|6|8|6|9||
1000023587|8|9|9|10||
1000023602|5||5|5||
1000023603|6|5|5|6|6|
1000023613|4|4|4|||
1000023615|5|5|5|5|5|
1000023621|5|6||||
1000023667||||7|8|
1000023726|||6|||
1000023739|6|8|6|6|5|
1000023775|4|7|7|8|9|
1000023781|8|6|8|6|6|
1000023790|||6|6|6|
1000023864|9|9|9|9|9|
1000023886|5|6|8||8|
1000023920|4|4|5|6|5|
1000023986|8|8|6|7|9|
1000024008|9|10||||
1000024024||6|8|||
1000024028|6|5|6|7|5|
1000024039|4|4|5|5||
1000024044|8|7|6|6|5|
1000024049|4|5|6|8|8|
1000024061|8|||||
1000024078|4|5|5|5|5|
1000024161|10|10||||
1000024162|8|9|8|8|8|
1000024325|6||6|6||
1000024327|||8|||
1000024341|8|8|8|8|8|
1000024354|7|6|8|8|9|
1000024384|6|6|8|||
1000024397||4|5|5||
1000024412|5|6|5|6||
1000024414|5|6|6|5|6|
1000024440|6|6|5|6|5|
1000024471|6|6|6|6|6|
1000024501|6||6|5||
1000024537|8|7||7||
1000024568|8|||||
1000024618|6|6|6|5|5|
1000024641|||5||3|
1000024662|||6|7|8|
1000024988|8|8|9|9|8|
1000024991|5|5|5|5||
1000024840|5|5|4|5|4|
1000024797|6|6|8|8||
1000015311|6|6|6|6|6|
1000013167|8|6|9|||
1000020997|4||4|||
1000024949|6|4|5|5|5|
1000025173||4||4|4|
1000026212|8|9|7|9||
1000026214|5|6|6|4|5|
1000018128||8|8|9||
1000026064|6|6|5|7|7|
1000026066|6|6|6|7|8|
1000026072|4|4||5|6|
1000024760|4|5|5|4|7|
1000025440|4|4|3|4|4|
1000015687|5|5|5|4|5|
1000026312|5|6|5|5|5|
1000026313|7|6|6|6|6|
1000026314|8||7|8|7|
1000026742|8|8|8|9||
1000022892|4|5|6|5|5|
1000012474|8|6|5|5|4|
1000026456|6|7||||
1000026459||||6|5|
1000022568|4|5|4|5||
1000025534|4|4|4|5|4|
1000025535|7|7|8|9||
1000025516|4||3|4|4|
1000026355|3|4|4|5|4|
1000026889||4|4|||
1000016857|4|4|4|4||
1000024706|4|4|4|||
1000009341|3|5|5|4|4|
1000014069|6|5|6|6|8|
1000020923|5|4|5|5||
1000011297|6|7|8||5|
1000025239|9|9|8|7|8|
1000023342|6|6|6|7|7|
1000021804|5|4|4|4||
1000021240|6|5|5|6||
1000013480|7|6|6|5||
1000006796|||6|||
1000026036|9|10||||
1000015274|5|4|5|4|5|
1000016440|5|5|5|4||
1000025407|||7|8|7|
1000026386|||6|9||
1000024808|5|5|9|||
1000026161|5|4|4|4|4|
1000018177|5|4||4||
1000016546|5|4|5|5||
1000025684|6|6|6|5||
1000026775|6|7|6|7|8|
1000025695|6|7|8|||
1000021318|6|7|6|6||
1000013107|4|4|5|5||
1000025461|4||4|4||
1000025463|5|5|6|5||
1000010925||5|5|||
1000010927|6|6|6|6|7|
1000021297|6|6|5|5||
1000005273|4|4|5|4|4|
1000026333|7|7|8|6|7|
1000009360|4|4||||
1000013120||6||||
1000005568|6|7|7|5|4|
1000008354|5|5|5|5||
1000008355|4|5|6|5||
1000007857|3|||||
1000020119|7|6|6|9||
1000020120|7|6|6|6|6|
1000026021|4|4||||
1000025320||6|8|8|8|
1000025088|4|5||5||
1000025334||3||4||
1000005479|6|4||||
1000024939||4||||
1000025773||7|8|8||
1000005292|6|6|6|8|5|
1000009488|8|8|8|6|7|
1000009959|6|7|8|8|7|
1000025324|8|9|9|10||
1000025326|8|9||||
1000012231|5|6|7|8|9|
1000012233|5|5|4|4|4|
1000012235|8|8|8|8||
1000019694|8|8|6|7|8|
1000019695|5|5|5|5|4|
1000026717||3||3|2|
1000023806|4|5|6|6||
1000023968|4|4|6|5|4|
1000025955|5|8||9||
1000025958|8|8||||
1000014223|6|6|6|6|6|
1000026255|5|4|6|5||
1000020101|5|4|5|4|4|
1000020103|7|||||
1000025736|6|6|6||6|
1000025742|4|4|4|4||
1000021419|4|5|5|5|4|
1000026177|7||6|6||
1000025424|5|5|6|6|6|
1000025655|8|7|8|7||
1000026059|4||4|||
1000014279||6|4|5||
1000021901|8|8|7|8|9|
1000025114||4|6|5|7|
1000027203|9|10||||
1000026806|7|8|10|||
1000026655|9|||||
1000009350|8|8|8|8|8|
1000016316|3|4|4|3|4|
1000025719|5|5|5|5|5|
1000019473|8|8|8|9|8|
1000008380|4|4|4|4||
1000008672|4||5|5|4|
1000013164|5|||||
1000024743|9|9|8|8||
1000025247||6|6|9|6|
1000025496|7|9|8|7|7|
1000013157|4|4|4|5||
1000016114|5|7|7|8|8|
1000016117|5|6|6|5|5|
1000015617|5|5|5|5|5|
1000026600|3|3|3|3|2|
1000024956||6|6|6||
1000022885|5|5|6|5||
1000026558||6|8|6|8|
1000024449|6|4|5|4||
1000025185||||5||
1000011915|8|8|10|||
1000024870||||4|4|
1000026110|4|5|5|4||
1000013984|5|6|6|5|5|
1000021378|6|6|6|6|6|
1000023297|4|4|4|4||
1000026405|5|5|5|5|5|
1000026340|4|3|4|4|4|
1000007885|4|3|3|5|5|
1000008370|5|5|5|6||
1000013982|8|9|8|8|8|
1000025036|6|6|7|7|7|
1000008158||5|4|5||
1000026472|||3|4||
1000005314|9|10|10|||
1000018186|7|8|6|6||
1000026590|9|10||||
1000005304|5|5|6|||
1000015282|4|5|6|5|5|
1000025026|7|8|8|8|8|
1000021384|8|8|8|7||
1000024735|6|6|7|6|6|
1000023003|8|9||||
1000019804|6|6||||
1000012311|5||6|6|5|
1000009326|5|7|6|5|5|
1000005355|6|6|5|5|5|
1000021795|4|4|5|5||
1000011892|5|5|6|7|9|
1000028063|4|4|5|6|6|
1000027495|6||5|||
1000026317|4|4|||4|
1000028304|3|3|4|4||
1000027935|5|5|6|6|7|
1000025642||9||8||
1000025645|5|4||||
1000026377|4|5|4|||
1000026379|||8|6|6|
1000027608|||6|5||
1000027611|5|6|5|4|8|
1000024975|6|8|8|9||
1000026357||8|8|10|9|
1000026173|7|8|4|7|7|
1000026174|6|6|6|5||
1000027325|8|8|9|||
1000027961||5||6|4|
1000028010||3|4|5|5|
1000028015|6|6|6|6|6|
1000025348|6|6|7|5|6|
1000026646|3|4|3|5||
1000028191|5|6|6|||
1000027909|6|||6||
1000024921|8|6|6|6||
1000024923|4|4|4|4|4|
1000024925|9|9||||
1000026218|6|5|7|8|9|
1000016655|4|3|4|4||
1000025605|6|5|5|5|5|
1000026124||8|9|9||
1000027778|6|5||||
1000027335|5|5|4|||
1000025613|5|5|6|5|5|
1000025615||8|8|||
1000025920|5||6|||
1000027412|5|5|7|9|9|
1000027762|6||6|6|6|
1000027833|6|5|6|7|6|
1000027879|4|4|4|4|5|
1000025014|8|9|7|6|8|
1000027006|4|4|6|8|6|
1000027010|5|4||5||
1000007337|6|6|7|7|6|
1000024427|7|6|6|6||
1000026549|5|5|5|5|5|
1000028610|6|9||||
1000027559|6|6|6|||
1000027561|8|7|8|8|8|
1000027629|7|6|6|8||
1000027677|6|6|6|7|8|
1000024709|5|5||8|8|
1000027578|5|5||||
1000027581|8|8|9|8|7|
1000026690|8|5|6|6|5|
1000027362|7|10||||
1000026250|||4|4|5|
1000029191|4|6|7|6|6|
1000028091|6|7|7|9||
1000028649|6|5|8|9||
1000026581|4|5|5|6|6|
1000028235|9|9|6|5|6|
1000027124|4||||6|
1000027733|7|9||||
1000026664|5|4|3|3|3|
1000028469|6|7|8|7|7|
1000012015|6|4|4|4|6|
1000027146||8|8|8||
1000028634|9|8|9|9|9|
1000028635|6|5|6|5||
1000029530|4|4|5|4|5|
1000029467|7|6|4|3|5|
1000026055|5|9|9|7|8|
1000026056|8||8||9|
1000025624|6|6|8|9||
1000027429|9|9|9|6|6|
1000028760||8|6|6|8|
1000028415|5|4|5|9||
1000025458|4|8|7|8||
1000025460|9|9|9|8|8|
1000025756|6|6|5|5||
1000025758|6|6|6|6||
1000025761|6|6|6|6|6|
1000027864|8|4|7|6||
1000027870|||8|5||
1000027656||5|7|6|8|
1000021846|5|5|5|4|4|
1000025780|8|||5|5|
1000028799|4|5|5|4|6|
1000029009|8|9||||
1000025868|||7|8||
1000027697|6|6|6|5|5|
1000029233|5|6|6|6|6|
1000029046|6|||6||
1000027286|10|8|9|9|9|
1000028283|5|6|6|6|6|
1000026268|4|4|4|4||
1000026619|5|9||||
1000026974|4|||5||
1000026565|8||5|4||
1000027822|7|7|7|6|5|
1000026723|6|6|7|6||
1000029717|8|8|6|6||
1000028079|4|4|5|5|5|
1000028455|6|6|5|5|5|
1000028729|4|6|8|6||
1000028837|||6|6||
1000028838|8|9|9|7|6|
1000027085|4|4|4|6|6|
1000027088|5|7|10|10||
1000005233|6|5|4|6|5|
1000029255|7|9|8|8|8|
1000028941|4|4||||
1000028665||6||6|6|
1000028324|5|5|5|5|5|
1000028978|6|4|4|4|6|
1000027519|8|||||
1000019499|6|5|6|5|6|
1000027596|4|4|4|3||
1000027726|4|4|4|4|5|
1000029330|6||6|6|6|
1000024835|8|9|9|9|8|
1000029432|5|5|5|5||
1000028148|6|6||||
1000026832|8|8|6|6|8|
1000028622|6|7|4|5|7|
1000028623|4||4|3||
1000028549|6|5|9|9||
1000029628|6|7||8||
1000028086|4|6|6|6||
1000028601|9|||||
1000026734|4|4|4|4||
1000027771||8||9||
1000027775|4|4||5||
1000028569|6||8|6|7|
1000028512|||3|5||
1000027953|5|5|5|8|8|
1000029035|6|10||||
1000029058|4|5|6|||
1000029061|8|9|10|9||
1000029921|8|||||
1000028556||5|5|5||
1000028749|2|4|6|8|8|
1000028052|6|8|5|6||
1000028613|6|5|7|5|6|
1000028173|6|8|9|8|6|
1000028862|6|6|5|6||
1000027985|3|4|4|4|5|
1000029975|6|6|8|6|5|
1000027940|6|6|6|6|5|
1000027943|6|5|4|4||
1000029818|5|4|6|6|4|
1000028183|4||4|||
1000027751|||8|8||
1000007877|7|||||
1000005456|5|6|6|5||
1000029249||4||6||
1000025711|5|5|4|5|5|
1000030662||5|5|6|7|
1000029491|6||6|6|6|
1000030065|6|6|7|6||
1000030735|||8|6||
1000029391|||7|8|8|
1000030165|5|6|6|5|8|
1000029444|4|4|4|4||
1000029026|6||5|5||
1000029645|2|4|4|4|3|
1000029548|8|9|9|10||
1000031431||9|8|9||
1000031435|||7|||
1000031255||||9||
1000026703|7|10||||
1000030781|5|6|5|10||
1000027576|5|6|6||6|
1000029916|5|7|5|5|5|
1000030762|6|5|8|8|8|
1000030347|||6|||
1000030633|||6|6|6|
1000028344|4|5|6|5||
1000030607|6|8|6|7|8|
1000030287|7|8|10|||
1000030291|4|||5|5|
1000029957||5|5|4||
1000030951||9||6||
1000029702|6|5|||5|
1000026485|5|4|7|6||
1000028644|6|5|8|10||
1000027174|4|5|5|5|5|
1000027175|6|6|7|||
1000026103|7|6|6|5|4|
1000029663|6|6|4|4|8|
1000030408||||5||
1000028244|6|5|4|4|3|
1000028247|6|6|6|5||
1000031037|||4|3||
1000029504||6|6|6||
1000029730|6|8|6|8|8|
1000030771|8|6|7|8|6|
1000030774||8|8|8||
1000009613|6|8|5|5|5|
1000030124|4|5|6|5|5|
1000029813|7|10||||
1000031210|6|6|5|5|6|
1000029532|6|||||
1000030232|4|5|5|6|6|
1000029324|5|5|6|5||
1000029846|6|5|6|9||
1000029004|6|8|6|7|8|
1000031025||8|8|8|8|
1000028653|6||6|8|8|
1000029521|6|6|6|6||
1000029347|6|5|8|||
1000026802|9|||||
1000030030|5|5|5|5||
1000030031||8|7|||
1000026240|5|5|6|6||
1000026242|6|6|6|6|6|
1000030005|5|5|6|||
1000027591|6|6|6|6||
1000029304|9|9|10|10||
1000025944|4|3|4|8|7|
1000025952|4|5|5|6|5|
1000028908|5||6|5||
1000029831|5|7|6|6|9|
1000030103|8|8|8|8|8|
1000028958|4|3|3|3|3|
1000028960|5|8|8|9|9|
1000025133|5|5||6||
1000025332|3|6|6|6||
1000028989||6||6|7|
1000029017|5|4||||
1000029925|5|6||||
1000029278|4|6|6|9||
1000030423||6|8|8|7|
1000030424|8|6|9|6|6|
1000030512|6|8|8|8||
1000031091||9||8|9|
1000030844||6|7|10|9|
1000030077|5|4|5|4||
1000030151|8|8|8|8|8|
1000031474||8|8|4||
1000031499||6|6|5|5|
1000028774||6|4|5|5|
1000027223|5|7|8|9|9|
1000029770||6|6|8||
1000031109||||5||
1000031000||5|7|6|8|
1000031130||5|6|5||
1000030169|4|||4||
1000029377|5|5|5|5|5|
1000029383|5|5|6|5|6|
1000030955|5|9||||
1000029790|6|5|5|5||
1000027634|7|||||
1000030458|4|4||||
1000030464||||8|7|
1000030829|4||4|4||
1000030656|5|5|6|6|6|
1000001089|3|2|2|2|3|
1000001135|3|2|3|3|3|
1000031648|||4|5||
1000001036|3|4|4|4|3|
1000001939||6||6||
1000001184|6|5||6||
1000001375|4|5|5|5|5|
1000024728|4|4|4|4|4|
1000030280|9|8|8|||
1000026369|6||4|4|6|
1000026858|8|9||||
1000001297|||3|||
1000031157||5|5|4||
1000001277|3|3|3|3|4|
1000004831||5|5|||
1000014367|4|5|6|5||
1000025163|6|6|6|8|8|
1000001282||4|4|||
1000005135||6||5||
1000030242|6|||7||
1000028616|6|6|5||7|
1000001226|4|5|8|8|5|
1000020827|4|4|4|4|5|
1000029871|8|||||
1000029873||9|8|8|9|
1000007812|7|6|5|10|8|
1000029052|4|4|4|5|6|
1000022797|9|9|10|9||
1000021563|6|4|6|4|4|
1000019591|6||7|8||
1000007055|3|4|4|4|4|
1000011047||6||||
1000031520||7|8|8|9|
1000022772|||6|6||
1000022776|6|7|7|7|7|
1000004925|6|5|6|6|9|
1000005872|4|3|4|4|4|
1000005874|4|||5||
1000011479|5|5|5|5||
1000008953||10|9|||
1000005830|5|4|4|4|4|
1000014084|7|6|6|5|5|
1000000447|4|6|6|6||
1000005755|4||4|4|4|
1000005756|5|4|5|6||
1000027502|5|6|6|8||
1000013890|7|8|8|8|8|
1000022744|4|4|5|5||
1000021728|6|7|7|6||
1000016362|5||7|6||
1000005076|5|5|5|5|5|
1000004801||4|4|8||
1000020749|4|3|3|3|3|
1000004759|6|6|6|5|6|
1000004210||9||||
1000004764|6|6|7|7|7|
1000004969|6||5|5|5|
1000020006|3|4||4||
1000020007||4|5||4|
1000004933|6|6|5|6|6|
1000020092|5|8|6|5||
1000018023|4|||4||
1000010504|7|6|6|5|5|
1000004362|5|4|6|5|8|
1000029065|5|5|5|||
1000029066|7|7|6|5||
1000015028||5|5|5||
1000025851||8||8||
1000025863|7|6|8|9|9|
1000006965|6|7|6|||
1000031420||5||||
1000005057|4|4|4|5|5|
1000016327|||5|||
1000016330|8||7|||
1000031609||8|6|6|6|
1000004805|6|7|8|8|8|
1000017858|5|6|6|7|6|
1000015052|8|8|8|7|7|
1000031866|||8|6|6|
1000011818|5|4|5|4||
1000031978|||10|8||
1000011695||5|5|5|5|
1000029211|9|6|7|7|7|
1000027981|6|7|7|8|5|
1000030197|5|6|6|6|6|
1000011792|6|7|9|||
1000028058|5|6|7|6|6|
1000011613||||4||
1000008428|4|4|5|3|3|
1000011644|6|7|8|8|8|
1000011647|6|6|6|6|5|
1000011722|5||4|||
1000031937|5|5|5|||
1000011633|4|5|8|8||
1000011742|7|7|6|6||
1000011743|5|||5||
1000031265||8|9|8||
1000025143|6|5|6|6|6|
1000025147|4|4|5|4|4|
1000030327|6|8|8|6|7|
1000031812|5|6|6|8|9|
1000028828|5|5|6|6|8|
1000031577|||9|6|7|
1000031332||||8||
1000031841|||9|8||
1000031506||6|6|6|7|
1000028379|5||5|||
1000029402|8|6|8|10||
1000031844|||4|3|3|
1000031713|||6|6||
1000031367||9|5|8|8|
1000031659|||6|7||
1000031081|6|8|8|6|5|
1000029776|||9|||
1000029777|6|6|4|5||
1000030610|5|4|||4|
1000031104|8|9||7||
1000028329|4|4||||
1000029340||6|7|7|8|
1000031913|||8|5|7|
1000031552||5|5|5|7|
1000031528||9|8||8|
1000030757|8|8|7|7||
1000030759|||6|7|9|
1000030319||6|5|8||
1000031422||5|5|6|6|
1000030943|5|4|4|4|6|
1000030947|4|4|4|4|4|
1000027711|6|6|7|7|6|
1000031992|||4|7|5|
1000031400||5|6|6|3|
1000030912|8|6|8|8||
1000030916||5||5|5|
1000031996||||8||
1000031184|5|5|6|6|5|
1000031548||6|4|4|5|
1000030260||||9|9|
1000005732|4|4||5||
1000009200|5|6|7|6||
1000009132|6|9||||
1000005912|6|6|7|6|6|
1000009128|5|5|6|5|5|
1000008178|4|6|6|5|9|
1000008179|5|4|5|5||
1000006819|5|6|5|4|4|
1000008748||8|7|||
1000006818|3|4|3|3|3|
1000009651|||6|||
1000008796|3|3|4|3|4|
1000007139||3||3|3|
1000009180|5|8|5|5|6|
1000008782|5|3|3|3|3|
1000005899|9|9|10|||
1000008513|4|3||||
1000008033|4|4|4|4|4|
1000009686|4|5|5|8||
1000008385||||4|3|
1000005936|4|4|5|5||
1000008969||5|||5|
1000008017|8|8|7|7||
1000006890|4|4|5|4|5|
1000008480|5|4|5|5|4|
1000007505|3|||3||
1000008197|3|4|4|5|6|
1000009631|5|6|8|9|9|
1000008470|6|6|7|6|6|
1000007999|4|5|6|6|8|
1000007631|9|9||10||
1000008517|6|6|7|6||
1000009211|4|4|4|4|4|
1000031725||8|6|8||
1000005392|3|4|3|4||
1000025520|5|7||||
1000008218|5|6||||
1000009946|6|6|6|6|6|
1000007211|7|8|8|8||
1000031408||7|8|9|7|
1000008653|8|||||
1000008657||5|7|6||
1000031418||10|10|||
1000008208|4|4|6|6|6|
1000028694||9|9|9|9|
1000031735||7|8|9||
1000010759|6|7|9|8|8|
1000010790||6||||
1000010560|5|5|4|4||
1000007873|6|7|6|6||
1000032037|||9||5|
1000010548|8|8|8|8|7|
1000009896|5|6|6|6||
1000025277|5|6|6|6||
1000007716|6|8|8|8|7|
1000031205||6|7|6|5|
1000010240|4|5|5|5||
1000010795|6|7|8|8||
1000031944||||8|6|
1000031666|5|5|4|4||
1000027691|4|5|6|5|5|
1000027829|4|4|4|4|4|
1000031746|||8|8|8|
1000008551|5|5|5|5|5|
1000031645||||9||
1000026975|10||9|8|9|
1000025119||||4|4|
1000031700|||6|6||
1000029723|5|5|5|6|7|
1000028746|3|4||||
1000031766|||8|8|8|
1000029859|8|7|7|7|7|
1000027152|6|7|7|6|6|
1000029898|5|6|6|6|5|
1000030678||5||||
1000029420|7|8|8|8|8|
1000027202|7|8|7|7|7|
1000028450|7|8|8|10||
1000030498|6|5|6|5|4|
1000027664|||||5|
1000027667|5|6|5|||
1000027671|6|6|7|6|5|
1000028902|4|5|5|5|5|
1000027730||4|4|4||
1000007803|7|8|7|8|8|
1000010105|5|4|4|4|5|
1000010099|5|6|6|6||
1000009289|5|5|6|5|6|
1000010435||5|6|6|7|
1000007807|8|8|8|6|6|
1000009858|6|8|9|10|10|
1000010580|9|9||8||
1000010085|9|10||||
1000024661|7|5|5|5|5|
1000010332|7|6|6|8|7|
1000010171|5|5|5|4|4|
1000024259|7|6|7|6|6|
1000010203|5|5|5|4|4|
1000010306|5||4|3||
1000010406|6|6|8|8||
1000009842|7|6|8|8|8|
1000010528||5|5|6||
1000010384|4||3|3||
1000024663|5|5|5|5||
1000010667|4|4|6|3||
1000032083|6|6|6|6||
1000031607||5|5|8|9|
1000030637||4|4|6|9|
1000014026|4|6||5||
1000005115|7|7|6|10|10|
1000031818|||4|||
1000032111|6||5|6|5|
1000031677||6|6|7|6|
1000018139|5|7|6|6|6|
1000005061|4|4||||
1000031597|||7|6|6|
1000026363|5|4|4|4||
1000032058||5|5|5|5|
1000024219|4||4|4||
1000007308|6|4|6|6|6|
1000031984||||6|5|
1000029715|8|5|5|5|5|
1000031497|||7|8||
1000031705|||8|9|10|
1000027974|3|4|3|4|4|
1000009748||4|5|4||
1000031572||8|8|8||
1000009533|4|4|4|5|6|
1000013096|4|4|4|6||
1000005127|6|8|8|7|6|
1000031220||9|9|9|9|
1000032131|4|4|7|5||
1000031526||10|9|||
1000030156|5|6|6|7|8|
1000031228||7|5|6||
1000005160|||||4|
1000026729|5|9|9|||
1000031244|||5|6|6|
1000027452|6|6|6|6||
1000029633|6|6|5|4|7|
1000030113|5|6|5|5||
1000032117||4|5|6|5|
1000000059|5|5|5|4||
1000000066|4|4|5|4|3|
1000000068|4|4|4|4|4|
1000000078|6|8||3||
1000000083|4|5|8|6|7|
1000000170|4|4|3|4|6|
1000000220|5|4|4|4|4|
1000000277|5|5|5|5|5|
1000000287|||7|7|7|
1000000292|6|6|7|7|8|
1000000305|3|3|3|4|4|
1000000331|8|8|6|5|5|
1000000352|8|7|6|3|2|
1000000353|4|4|3|4|4|
1000000378|5|4|8|8||
1000000385|3|4|5|4|3|
1000000400|5|4|4|4|3|
1000000401|8|8|8|8||
1000000428||6|6|8|8|
1000000443|5|6|6|6|7|
1000000449|6||6|5|4|
1000000502|6|5|6|5|5|
1000000505|4|7|7|6|6|
1000000513|6|5|6|7|7|
1000000517|4|7|8|8|7|
1000000541|4|4|5|5|4|
1000000555|3|3|3|3||
1000000580|3|3|3|3|3|
1000000629|6|7|7|6|6|
1000000632|4|4|3|3|4|
1000000702|8|8|8|8|8|
1000000704|3|3|4|3|3|
1000000709|5|5|6|6|5|
1000000718|||4|||
1000000721|3|3|3|3|3|
1000000766|4|4|4|4|4|
1000000802|6|5|5|5|5|
1000000803|3|4|3|3|3|
1000000826|5|5|5|5|4|
1000000843|5|4|4|4|4|
1000000891||4|5|5||
1000000913|4|5|6|7|6|
1000000935|5|6|6|6|5|
1000000945|5|5|4|5|4|
1000000959|6|5|5|6|6|
1000000965|6||7|||
1000000980|6|6|8|8|8|
1000001009|3|3|2|3|2|
1000001017|4|4|5|||
1000001025|6|6|6|6|7|
1000001060|6|5|3|||
1000001114|6|4|8|||
1000001117|5|4|4|5|4|
1000001119|7|7|7|7|6|
1000001142|4|5|5|5|5|
1000001172|5|5|5|5||
1000001209|5|6|6|6||
1000001261|5|6|6|6|6|
1000001309|6|6|9|10||
1000001311|6|6|7|5|5|
1000001315|6|6|8|9|8|
1000001322|3|4|3|4|4|
1000001403|5|4|4|5||
1000001409|4|4|4|4|4|
1000001432|5|5|5|6|6|
1000001435|3|4|4||4|
1000001446|5|6||6||
1000001481||7|7|6|6|
1000001505||9||||
1000001550|5|6|8|9|9|
1000001553|7|7|6|7|8|
1000001567|5|8|8|8|8|
1000001570|4|4|5|5|5|
1000001584|6||7|6||
1000001594|4|4|3|4|5|
1000001603|5|5|8|10|10|
1000001611|4|4|5|4||
1000001618|5|4|3|4|5|
1000001623|4|6|6|6|4|
1000001640|6|6|6|||
1000001652|3|3|3|3|3|
1000001663|7|6||||
1000001671|5|6|4|4|3|
1000001679|4|4|5|4||
1000025232||5|5|7|6|
1000001681|4|4||4||
1000001709|5|4|3|3|3|
1000001711|6|8|8|8|8|
1000001720|4||4|3||
1000001731|2|2|2|3|2|
1000001749|4|5|5||6|
1000001760|8||6|6||
1000001766|4|5|4|4|5|
1000001838|5|5|8|8||
1000001896|4|4|4|4||
1000001904|5|4|5|5|5|
1000001936|5|4|4|6||
1000001942|6|5|5|5|6|
1000001971|4|3|3|3||
1000002019|8|7|7|7|7|
1000002066|5|4|3|3|3|
1000002088|2|2|3|3|3|
1000002100|4|4|4|4|4|
1000002118|4|5|5|6||
1000002136|4|5|4|4|4|
1000002143||6|4|4|4|
1000002271|5|4|4|5|4|
1000002275|3|3|3|2|2|
1000002285|3|3|4|4|3|
1000002293|6|6|6|5||
1000002298|4|5|5|6|5|
1000002316|8|8|8|8|8|
1000002325|3|||4||
1000002354|5|5||4||
1000002383|6|6|6|6|8|
1000002389|4|||||
1000002393|4|4|5|6||
1000002427|4|3|3|||
1000002461|6|6|8|6|6|
1000002464|4|5||||
1000002475|6|5||||
1000002510|3|3|3|3|3|
1000002519|5|5|6|6|7|
1000002537|6|8|6|7|6|
1000002542|6|5|5|4|4|
1000002565||5|4|||
1000002586|4|4||||
1000002610||6|6|10|10|
1000002612|6|6|8|10|8|
1000002643|4|5|4|5|5|
1000002644|4|||4||
1000002646|6|6|5|5||
1000002669|7|8|8|8|8|
1000002719|6||5|6||
1000002743|6|5||5||
1000002774||4|4|4||
1000002868|4|4|6|5|6|
1000002875|5||5|5||
1000002905|6|6|8|8||
1000002909|5|||||
1000002913|3|||3||
1000002931|4|4|3|3|4|
1000002986||6||6||
1000002992||8|7|9||
1000003005||4|4|||
1000003008|4|5||4|5|
1000003049|6|4|4|4|5|
1000003052|4|4|4|4||
1000003072|6||6|6|5|
1000003099||||4|4|
1000003138||5|5|6||
1000003161||4||||
1000003162|7|5|5|5|5|
1000003191|5|||||
1000003194|9|8|7|9||
1000003222|3|4|6|5|4|
1000003247|||8|4|3|
1000003270|6|5|6|5|6|
1000003278|8|8|8|8|8|
1000003279|4|4|3|3|3|
1000003289|5||8|8||
1000003295|5|5|6|||
1000003300|5|5|5|5|6|
1000003305|8|8|8|8||
1000003306|8|8|10|10|10|
1000003334||4||||
1000003338|5|5|6|7|5|
1000003360|3|4|4|4|4|
1000003363|6|6|9|8|8|
1000003372|7|8|9|8|7|
1000003375|4|4|4|4|4|
1000003387|4|5|5|4||
1000003454|6|8|||4|
1000003460|6|6|8|6|6|
1000003473|6|6||5||
1000003495|6|7||7||
1000003501|4|||||
1000003526|4|4||||
1000003528|6|6|6|6|6|
1000003569|4|4|5|4||
1000003588||4|4|4||
1000003596|6||8|8||
1000003598||4||4||
1000003599|6|5|5|5||
1000003605||||3|4|
1000003610|5|5|5|5||
1000003629|4|4|5|5|5|
1000003634|5|6|5|6||
1000003635|7|8|8|8|8|
1000003684|5|5|6|5||
1000003689|5|||||
1000003733|7|6||7||
1000003745|7|8|9|7|6|
1000003775||6|6|6|6|
1000003806|8|5||8||
1000003807|7|7|7|7|6|
1000003821|4|4|5|7||
1000003840|6|5|4|||
1000003845|||4|||
1000003884|5|5|4|5|5|
1000003914|5|5|5|6|5|
1000003933|4|4|4|3|4|
1000003959|4|4|8|8||
1000003990|6|6|8|8|8|
1000003992|6|6|6|6|6|
1000003993|8|6|6|10|8|
1000004023|4|6|7|8|5|
1000004068|7|6|6|||
1000004116|4|8|8|5|8|
1000004132|4|5||4||
1000004150|8|8|7|9|8|
1000004161|4|4|4|4|4|
1000004272||4|5|4||
1000004316|6|||8||
1000004354|4|3|4|4|4|
1000004367|6|5|5|||
1000004375|5|5||4||
1000004404||4|5|5||
1000004418|6|8|8|8|9|
1000004449|6|7|6|8|9|
1000004530|3|3|4|4|5|
1000004592|7|8||||
1000004605|8|8|8|10||
1000004635|2|2|2|2|2|
1000004645|3|5|5|6|6|
1000004677|6|5|4|5||
1000004681|6|5||4||
1000004714|7|10||||
1000004773|4|4|5|4|3|
1000004775|5|5|6|8|7|
1000004779|||5|||
1000004787|5|5||4||
1000004790|||8|8|7|
1000004820|||8|7||
1000004828|6|8|9|10||
1000004871|5|6|4|8||
1000004917|9||8|7|8|
1000004976|9|9|9|9||
1000005036|4|4|4|4|4|
1000005052|6|7|5|5|5|
1000005091|5|4||5||
1000005093|6|7||||
1000005114|7|9||||
1000005129|4|4|4|4|4|
1000005215|4|4|4|4|5|
1000005222|7|6|5|7|8|
1000005248|6|6|9|9|7|
1000005281|5|6|5|4||
1000005288|4|4|5|5||
1000005322|5|4||||
1000005328|3|3|4|4|4|
1000005410|9|9|10|||
1000005417|6|8|7|6|8|
1000005473|||||4|
1000005508|5||6|6||
1000005562|4|5|5|5|5|
1000005586|3|3|3|3||
1000005605|||6|||
1000005616|||5|||
1000005617|3|3|4|4||
1000005642|6|5|5|5||
1000005672|4|||||
1000005683|5|6|6|6|7|
1000005690|8|8|8|||
1000005706|6|6||8||
1000005724|||5|||
1000005771|4|4|6|5||
1000005778|8|8|8|7|6|
1000005780|5|6||5||
1000005794|4|5|5|||
1000005806|4|3|4|3|4|
1000005815|5|5|5|5|5|
1000005837||4|4|4|5|
1000005863|5|4||||
1000005868|5|5|6|6|6|
1000005903|7|8||9||
1000005917|||4|5||
1000005944|4|3|3|3|4|
1000005954|6|6|6|4|5|
1000005958|4|4|6|5|6|
1000005963|3|4|5|4|4|
1000005974|4|5|4|4||
1000005986|4|4|5|6|6|
1000005988|||4|4|4|
1000006000|4|5|5|5|6|
1000006004|4|6|6|6|5|
1000006014||3|4|4||
1000006041|3|4|3|3||
1000006087||4||||
1000006088|4|4|5|5|4|
1000006104|||6|7||
1000006181|6|7|8|9||
1000006194||5||||
1000006203|8|7|6|6|5|
1000006223||||4||
1000006265|4|4|6|2|2|
1000006271|3|3|4|5|6|
1000006274||5|4|||
1000006282|5|6|7|6||
1000006283|5|6|6|6|8|
1000006295|7|6||6|6|
1000006319|5|5|5|5|6|
1000006343||5||||
1000006351|4|4|4|3|3|
1000006361|8|8|9|9|9|
1000006370|5|6|6|9||
1000006384|6|7|7|7|6|
1000006394|6|8||||
1000006401|4|||||
1000006419|6|6|4|4|3|
1000006424||5|6|7|5|
1000006433|5|10||||
1000006439|5|4|4|5|3|
1000006456|3|3|2|2|3|
1000006510||4||5||
1000006522|5|||||
1000006524|4|4|4|5|5|
1000006535|7||7|7|7|
1000006536||5|5|5|4|
1000006538|6|6|8|||
1000006614|10|10||||
1000006640|9|7|9|9|9|
1000006686|7|6|6|6|6|
1000006875||4|4|4|6|
1000006881|||5|||
1000006885|8|8|6|8|9|
1000006887|6|6|6|6||
1000006956|6|6|6|7|6|
1000007042|4|4|6|4|6|
1000007053|||4|3||
1000007079||5|||5|
1000007113|6|5|5|4|5|
1000007127|5|6|6|4|4|
1000007194|8|7|8|7|7|
1000007196|6|7|7|6|6|
1000007219|7|5|9|6|7|
1000007244|3|4|4|||
1000007260|5|6||5|6|
1000007265||5|5|5||
1000007282|4|4|5|4||
1000007286|6||6|5|5|
1000007351|7|7|8|5||
1000007357|6|7|5|5|4|
1000007382|9|9|9|||
1000007412|||5|||
1000007457||6|7|6||
1000007464|5|5|5|||
1000007583|4|3|4|4|4|
1000007644|8|6|6|6|7|
1000007645|5|6|5|7||
1000007658|5|5|6|5|5|
1000007667|4|4|4|5|4|
1000007680||6|5|9||
1000007682|3|2|2|2|2|
1000007777|6|8|9|8|6|
1000007791|4|6|6|6|6|
1000007822|5|6|7|||
1000007935|8|6|6|8|7|
1000008010||5|6|||
1000008054||5|6|5||
1000008057|5|6|6|6|7|
1000008060|8|7|6|7|6|
1000008061|6|6|6|6|5|
1000008080||4|4|4|5|
1000008081|6|7|6|6|6|
1000008089|6|5|5|5||
1000008094|||6|||
1000008095|6|5|7|6|6|
1000008097|6|6|9|8|8|
1000008099|4|4|5|5||
1000008118|6|6|6|5||
1000008138|7|7|8|7|5|
1000008180|7|7|7|5|6|
1000008212|4|3|6|5|4|
1000008214|7|7|8|7||
1000008230|5|6|8|7|6|
1000008238|8|7|7|6||
1000008259|5|5|6|5||
1000008285|6|5|5|5|5|
1000008286|4|||4||
1000008297|5|5|6|8||
1000008306|5|6|6|8|7|
1000008358||5||5||
1000008397|4|5|4|4|4|
1000008445|4|3||4||
1000008476|3|4|5|5||
1000008477||10||||
1000008478|9|9|9|10||
1000008524|4|3|2|2|2|
1000008527|8|7|7|8||
1000008539|5||4|4||
1000008543|4|5|4|6|5|
1000008556|||5|5||
1000008574|3|4||4||
1000008645|4|5|5|6|7|
1000008670|6|7|6|7|6|
1000008710||5|6|||
1000008749|||5|6|6|
1000008792|6|6|7|5||
1000008814|5|5||4|5|
1000008864|4|4|4|4|4|
1000009002|5|6|6|5|5|
1000009038|6|7|7|8||
1000009049|5||6|8|8|
1000009060|8|8|9|8|8|
1000009062|5|5|5|5|5|
1000009092|4|5|5|4|5|
1000009203|4|4|5|5|6|
1000009296|6||8|10||
1000009311|||6|6|6|
1000009324|5|5|6|6||
1000009355|5|5|5|5||
1000009375|6|6|9|9|8|
1000009434|6|8|7|6|6|
1000009446|5|4|4|4|4|
1000009463|5|4|4|4|4|
1000009465|||8|8||
1000009471||9|8|8||
1000009524|3|3|3|3|3|
1000009525|4|4|6|5|4|
1000009529|5|5|5|5|9|
1000009530|4|4|4|4|4|
1000009546|5|5|6|8|9|
1000009557|8|7|6|6|6|
1000009584|4|4|4|5|4|
1000009587|||5|4|5|
1000009634|6|6|6|8|10|
1000009669||||4|3|
1000009692|8|9|10|||
1000009702|6|7|8|7|6|
1000009719|5|6|7|8|6|
1000009759|4|4|5|||
1000009782|5|6|6|6||
1000009795|8|9|9|9|8|
1000009811|7|6|7|7|7|
1000009843|7|8|6|6||
1000009895|6|||6||
1000009908|5|6|8|8|7|
1000009920|8|6|6|6|6|
1000009923|6|6|6|7|6|
1000009977|6|4||6|8|
1000010018||5||||
1000010034|6|5|6|6|6|
1000010044|6|6|6|6|5|
1000010083|5|5|7|7|8|
1000010087|3|3|4|3|4|
1000010101|4|4|4|4||
1000010119|4|3|4|4|4|
1000010122|4||5|4||
1000010137|7|6|7|7||
1000010163|5|4|4|6|5|
1000010166|6|6|6|5||
1000010180|3|6|6|8|9|
1000010182|8|6|6|6|6|
1000010214|4|5|4|5||
1000010219|5|5|6|6|5|
1000010225|6|5|5|5|5|
1000010276||4|5|5|4|
1000010315|5|5|6|6|6|
1000010324||6|7|||
1000010342|5|6|7|4||
1000010428|6|5|6|5|4|
1000010487|8|7|8|8||
1000010530||8||||
1000010607|4|5|4|4|5|
1000010612||8|9|||
1000010613|6|6|5|4||
1000010672|3|4|4|3|4|
1000010738|3|4|4||4|
1000010745|9|||||
1000010765|7|6|9|7|9|
1000010880|8|8|8|||
1000010890|5|6|7|7||
1000010899|5|5|5|6|5|
1000010900|5|5|6|4|5|
1000010901|4|6|7|6|5|
1000010938|6|||||
1000010940||5||||
1000010945|5|4|3|3|3|
1000010953||7||6||
1000010992||6|6|5||
1000011048|5|5|6|8||
1000011052|8||6|||
1000011058|5|4|5|4|4|
1000011073|4|4|4|6|7|
1000011083|5|8||5||
1000011091||7|9|7|8|
1000011104|5|6|5|6|9|
1000011125|8|8|9|9|8|
1000011131|7|6|8|7|8|
1000011140|4||5|4|5|
1000011142|5|5|5||5|
1000011185|8|9|7|7|8|
1000011188|5|5|4|4||
1000011199|8|7|8|10||
1000011200|4|5|4|4|4|
1000011237|4|3|4|4||
1000011246|7|5|8|8|8|
1000011256|6|5|6|9|9|
1000011275|6|7|6|6||
1000011301|4|||||
1000011314|6|8|8|9|8|
1000011316|5|5|5|||
1000011330|7|7|9|||
1000011375|||3|4|4|
1000011390|5|5|8|6||
1000011392|7||6|6|6|
1000011425|6|6|7|5||
1000011432|7|7|6|6||
1000011435|3|4|4|4|3|
1000011440|5|6|6|6|6|
1000011441|3|3|3|2|3|
1000011484|4||5|5||
1000011488|9|7|7|9||
1000011498|7|7|6|7|6|
1000011500|5|7|5|6||
1000011512|7|8|8|8|8|
1000011523|5|5|5|5||
1000011524|5|4|6|5|6|
1000011553|5|6|4|3|3|
1000011584|6|5|5|4|5|
1000011685||5||6||
1000011693||7|6|6||
1000011724|7|9|9|||
1000011757|4|4|4|4|3|
1000011761|4|4|4|5|5|
1000011768|6|6|5|5|6|
1000011807|5|5|||5|
1000011889|5|6|6|6|7|
1000011895|7|9|8|8|8|
1000011903||6|6|||
1000011926|4|4|4|4|4|
1000011937|5|6|6|5|5|
1000011954|8|8|8|8||
1000011955|6|8|6|6|6|
1000012005|6|5|5|5||
1000012036|6|8|8|5|5|
1000012040|7|6|7|6|6|
1000012049|5|4|4|4|4|
1000012078|7|5|5|6|7|
1000012110|4|||||
1000012126|6|7|6|7|7|
1000012130|6|6|7|7|7|
1000012138||3|3|3||
1000012140|7|6||5||
1000012141|7|7|6|7||
1000012156|5|6|6|6|6|
1000012160|3|4|4|4|4|
1000012177|5|5|5|4||
1000012246|5|6|5|6|6|
1000012255|5|5|5|5||
1000012262|4|5|4|4||
1000012263|8|8|8|9|9|
1000012266|6|5||||
1000012280|8|5|8|8||
1000012287|9|8|8|8|6|
1000012321|5|6|6|5|6|
1000012359|6|6|5|5|5|
1000012367|5|5|4|4|4|
1000012369|6||6|7|5|
1000012403|8|8|8|8|8|
1000012407|6|6|6|6|6|
1000012461|4||4|||
1000012480|||5|4||
1000012513|6|5|5|6|5|
1000012514||6|6|||
1000012541|3|4|3|3|3|
1000012548|5|4|5|4|4|
1000012572|3|3|3|4|4|
1000012587||6|5|6||
1000012594|5|4|5|5|5|
1000012607|5|6|7|7|6|
1000012616|6|6|6|4|4|
1000012621||4||4||
1000012632|7|8|7|6|6|
1000012642|4|||||
1000012645|4|4|4|6||
1000012654|6|6|7|8|8|
1000012655|6|6|7|5||
1000012670|9|7|6|6|6|
1000012676|8|9|10|10||
1000012683|4|5|7|5|9|
1000012695|4||5|||
1000012737|4|4|6|6|5|
1000012766|5||5|6||
1000012819|||6|6||
1000012824|4|4|3|4|4|
1000012850|4|4|3|3|3|
1000012878|5|8|8|||
1000012910|8|6|8|7|6|
1000012938|5|6|6|6|5|
1000012976||8|8|||
1000012986|||5|5||
1000012988|3|6|5|6|7|
1000013005|6|9|6|7||
1000013036|8|8|9|9||
1000013042||4||||
1000013066|8|6|6|5||
1000013093|6|5|9|9|8|
1000013134|4|4|4|4||
1000013175||5|5|5||
1000013179|7|6|6|8|8|
1000013188|3|3|3|3|3|
1000013208|4|4|3|4|3|
1000013216|6|9||||
1000013272|5|6|6|7|8|
1000013276|5|6|6|5|5|
1000013279|3|4|5|4|4|
1000013292|||6|5|6|
1000013304|4|6|5|6|6|
1000013310|4|4|4|4|4|
1000013339|6|6|6|6|6|
1000013362|5|5|6|6|6|
1000013372|5|6|6|6|6|
1000013420|5|4|5|5|4|
1000013448|7|6|6|6|6|
1000013487|6|6|6|4|4|
1000013495||4||||
1000013503|5|5|6|5|5|
1000013521|6|5|8|8|9|
1000013541|5|4|5|4||
1000013576|5|5||5||
1000013602|6|6|6|5|5|
1000013610|4|||4||
1000013612|5|7|6|5|6|
1000013635|4|4|4|5||
1000013649|8|9|9|10||
1000013675|8|8|9|10||
1000013684|5|6|7|9||
1000013712|4|4|4|4|4|
1000013725|6|6|6|6|6|
1000013828|6|5|6|5|5|
1000013867|6|||||
1000013877|6|7|8|7|8|
1000013884|9|||||
1000013905|6|6|7|7|6|
1000013913|4|4|4|||
1000013920|4||5|4||
1000013925|4|5|4|4|4|
1000013928|5|5|6|6|8|
1000013930|6|6|6|5|5|
1000013938|6|6|6|7|7|
1000013950|7|5|5|4||
1000013963|6|8|7|6|6|
1000013980|7|8|8|7|7|
1000013993|8|8|8|8|7|
1000014016|5|8|8|5||
1000014065|8|10|10|||
1000014066|6|6|7|6|5|
1000014105|6|6|7|6|7|
1000014177|5|8|8|8|6|
1000014183|4|4|4|6|5|
1000014229|4|5|4|4||
1000014261|7|7|7|7|7|
1000014285|5|5||5|5|
1000014289|4|5|5|5|5|
1000014297|4|6|7|5|5|
1000014335|7|8|6|||
1000014340|5|5||||
1000014410|5|5|4|4|6|
1000014443|4|5|4|6|5|
1000014460|4|4|4|5|4|
1000014462|6|5|6|8|8|
1000014492|3|5|3|4|6|
1000014516|3|3|4|5|5|
1000014531|6|5|5|6|6|
1000014535|8|5|6|7|6|
1000014549|5|5|5|5|5|
1000014555|6|5|6|5||
1000014565|5|5||5|5|
1000014583|5|5|6|6|6|
1000014584|5|5||6||
1000014597|4|4|4|4|4|
1000014607|8||6|7||
1000014623|3|3|4|6|6|
1000014624|8|6|8|8|6|
1000014628||6|6|8|6|
1000014653|7||8|9||
1000014662|6|5|5|5|5|
1000014690|7|6|6|7|6|
1000014691|4|5|4|5|4|
1000014750|5|||5||
1000014787|4|4|5|6||
1000014812|5|5|4|4||
1000014839||7||8|8|
1000014862||4|4|||
1000014868|6|6|7|8|6|
1000014881|4|4|4|4||
1000014900|8|6|6|7|5|
1000014905|6|5|6|6|6|
1000014918|8|7|10|6|7|
1000014921|||5|5|5|
1000014939|4|4|4|4|4|
1000014944||5||||
1000014945|4|5|5|4|5|
1000014954|9|8|8|9|9|
1000014964||4||4|4|
1000014966|5|6|7|8|6|
1000014983|4|4|4|4||
1000014987|3|3|3|3|5|
1000015064|6|6|7|6|7|
1000015079|5|||5||
1000015092|6|5|5|7|6|
1000015100||||6||
1000015104|4|4||5|5|
1000015109|7|6|7|7|7|
1000015125||4|5|5||
1000015136|4|4|6|9|9|
1000015167|5|5|5|5||
1000015169|4|4|4||4|
1000015178|8|9|8|10|10|
1000015198|5|5|8|5|5|
1000015223|6|6|6|5||
1000015227|6|6|6|6||
1000015357|5|5|5|4||
1000015385|||4|3||
1000015395|5|6|6|6|6|
1000015424|4|4||||
1000015460|8|7|6|4||
1000015463|6|6|7|5||
1000015481|6|4|4|4|4|
1000015494|6|8|6|6|5|
1000015567|5|6|6|7|5|
1000015579|5|5|4|||
1000015594|5|5|5|4||
1000015646|7|7|9|||
1000015649|4|5|5|6||
1000015696|9|||||
1000015710|||5|||
1000015725|5|6|8|5||
1000015744|6|7||8||
1000015752|9|8|9|9|8|
1000015763|6|7|8|7|7|
1000015771|5|6|5||5|
1000015772|4|4|4|4||
1000015805|5|5|5|5|5|
1000015830|7|7|6|6||
1000015846|6|6|5|7|8|
1000015852|5|5|6|6|5|
1000015867|4|4|4|4||
1000015869|6|5|6|8||
1000015871|6|5|6|5|6|
1000015937|4|5|5|4|4|
1000015939|5|5|5|5|6|
1000015952|||6|6|6|
1000015972|3|4|4|3|4|
1000015999|4|8|8|9||
1000016027|4|4|4|4|3|
1000016030|7|7|7|6|6|
1000016059|5|4||4||
1000016141|6|6|6|6|7|
1000016152||4|4|4|8|
1000016165|5|6|5|5||
1000016174|5|5|6|5|5|
1000016188|6|6||6||
1000016240|4|3|4|4|3|
1000016243|6|6|7|8|8|
1000016304|9|8|8|8|7|
1000016356|6|6|6|6|8|
1000016363|4|3|3|5|8|
1000016367|6|||6|8|
1000016386|5|4|4|4||
1000016391||3|||4|
1000016423|||5|6|7|
1000016460|6|6|6|6|6|
1000016476|3|3|5|4|5|
1000016479|7|8|6|6|6|
1000016483||3|4|4||
1000016485|6|6|6|5||
1000016491|6|6|7|8|8|
1000016495|5|5|6|5||
1000016521|5|6|6|6||
1000016581|7|7|8|7|8|
1000016590|7|7|6|6|6|
1000016599|9|9|10|9||
1000016602|6|8|9|7|8|
1000016628||||5||
1000016679|4|4||||
1000016698|8|7|9|4|5|
1000016722|5|5|5|4|4|
1000016726||6|6|6||
1000016772|3|4|4|4|4|
1000016775|6|5|6|5||
1000016781|5|8|8|10||
1000016783|9|10|9|8|8|
1000016804|3|4|4|4||
1000016820|||3|3||
1000016839||6|7|7|7|
1000016844|4|4|4|||
1000016855|5|5|4|4||
1000016870|6|7|8|8||
1000016894|4|6|6|6|6|
1000016923|5|5|5|5||
1000016925|4|5|6|6|6|
1000016955|3|3|4|4|4|
1000016962|4|6|5|5|6|
1000017010|5|6|5|4|4|
1000017020|5|4|4|6|5|
1000017032|6|6|8|6|6|
1000017033|4|4|4|5|4|
1000017070|10|8|8|8|8|
1000017071|6|7|6|6|6|
1000017122|7|6|7|8||
1000017141|5|6|7|||
1000017142||4|8|8|3|
1000017147|8|7|8|6|5|
1000017155|6|7|7|7|9|
1000017184|6|6|6|7|6|
1000017197||5|6|7||
1000017204|4|4|4|4|3|
1000017208|5|6|6|6||
1000017242||7|7|6||
1000017244|4|4|4|4|5|
1000017296|5|6|5|5|5|
1000017304|6|6|6|5|5|
1000017335|6|5|4|4|6|
1000017342|5|6|6|6|6|
1000017359|6|6|7|5|5|
1000017378|5|6|6|8|9|
1000017382|4|5|6|6||
1000017400||6|5||5|
1000017401|6|7|7|6|6|
1000017412|8|8|9|8||
1000017430|5|6|5|5|6|
1000017437|6|6|6|5|5|
1000017480|5|5|5|5||
1000017484|5|4|4|4|4|
1000017486|5|5|5|5|8|
1000017501|5|5|6|9||
1000017505|6|5|6|6||
1000017520|4||4|4|4|
1000017526||6|5|5||
1000017562|6|5||||
1000017564|6|5||5|4|
1000017575||5||5||
1000017590||6|6|6|6|
1000017599|4|4||4|3|
1000017630|5|6|6|6|5|
1000017637|8|6|6|7|7|
1000017656|4|4|4|4|3|
1000017672|4|4|5|4|4|
1000017687|4|4|5|4|4|
1000017699||5|6|8|6|
1000017723|9|9|9|8|8|
1000017738|4|5|5|6|5|
1000017747|5|6|5|5||
1000017837|8|9||||
1000017867|5|5|6|7|6|
1000017885|9|10|10|10||
1000017903|4|4|5|||
1000017917|6|5|8|9||
1000017918|4|5|5|6|7|
1000017936|5|7|6|5||
1000018006|8||4|4|4|
1000018119||5|5|5|5|
1000018170|4|4|5|5|5|
1000018191|6|7|5|6|5|
1000018194|6|6|7|5|5|
1000018245|5|5|5|6||
1000018247|7|7|7|7|6|
1000018267|2|2|2|2|2|
1000018333|5|5|3|3|3|
1000018349|7|9|10|9|8|
1000018359|9|7|8|8|8|
1000018374|4|4|4|4|5|
1000018386|6||5|||
1000018397|6|6|6|7|6|
1000018409|6|||||
1000018410|6|6|6|7|6|
1000018469|8|10||||
1000018477|4|||4|4|
1000018497|6|6|5|5|5|
1000018526||5||||
1000018535|4|4|4|4||
1000018563|9|8|8|7|6|
1000018574|8|9|9|8|8|
1000018586|5|6|7|8|8|
1000018603|4|4|5|4|4|
1000018629|9|7||6|6|
1000018643||6||||
1000018700|3|3|4|||
1000018718||8|6||7|
1000018732|6|||5||
1000018737|||6|6||
1000018754|4|4||3|4|
1000018767|7|7|6|6|6|
1000018805|5|5|4|5|5|
1000018814|6|7|8|7|8|
1000018822|4|4|4|4||
1000018833|8|9|9|8||
1000018839|5||5|||
1000018862|6|7|6|6||
1000018864|3|3|4|5|4|
1000018868|8||8|6|5|
1000018880|6|9|8|||
1000018919|5|5|5|6|5|
1000018933||||4|4|
1000018964|6|5|6|5|5|
1000018988|3|3|4|3|5|
1000018989|8|5|4|6|4|
1000018994|4|5|5|4|4|
1000018997|5|6|6|6|4|
1000019004||6|6|||
1000019018||5|4|4|4|
1000019022|5|5|5|5|4|
1000019027|6|5|6|||
1000019033|6|8|8|6|6|
1000019041|5|5||4|4|
1000019046|7|5|6|8||
1000019054|6|5|5|5|5|
1000019062|4|4|4|3|3|
1000019080|6|5|5|||
1000019122|4|4||||
1000019123|4|4|5|5|6|
1000019128|6|6|6|6||
1000019146|5|5||5||
1000019175|4|5|4|3|4|
1000019209|10|10||||
1000019210|8|6||||
1000019250|3|3|4|3||
1000019253|4|4|4|4|4|
1000019338||5|5|6||
1000019357|6|5|6|6|6|
1000019360|4|4||3||
1000019377|6|7|8|8|7|
1000019416|4|4|4|5|5|
1000019483|5|8|||9|
1000019509|5|5||||
1000019510|4|4|4|4||
1000019511|4|5|4|6||
1000019584|5|4|5|5|6|
1000019592|3|3|5|5|5|
1000019605|5|5|6|9||
1000019614|5|4|4|4|4|
1000019633|4|5|4|||
1000019653|8|6|6|4|4|
1000019679|6|6|6|6|6|
1000019704|4|5|5|6||
1000019723|9|||||
1000019771|6|7|8|9|8|
1000019785|6|6|7|7|7|
1000019793|9|||||
1000019808|6|7|7|6|6|
1000019814|5|5|4|4|4|
1000019819||6||5||
1000019828||4|4|4||
1000019842|6|6|5|6|7|
1000019845||5|5|||
1000019846|6|6|9|9||
1000019860|5|||4||
1000019884|5|5|6|6||
1000019885|4|5|4|5|5|
1000019906|6|7|6|8|9|
1000019922|6|6|6|6|6|
1000019941|6|6|6|5|5|
1000019963|6||5|5||
1000019996|4|4|5|4|4|
1000020042|6|6|6|5|5|
1000020060|8|8|8|8|7|
1000020142|4|4|4|4|4|
1000020148|4|4|4|4|4|
1000020149|4|6|6|5||
1000020173|6|6|||5|
1000020180|6|6|6|6|5|
1000020181|6|6|5|6|6|
1000020187|4|4|5|4|4|
1000020211|||6|7|8|
1000020216|5|5|5|5|5|
1000020231|8||7|6|6|
1000020237|||5|||
1000020238|6|6|6|6|6|
1000020240|5|5|5|4|4|
1000020243|4|4|4|4|4|
1000020258|6|6|7|8||
1000020264|4|4|5|4|4|
1000020284||6|6|6||
1000020291|4|4|4|4||
1000020297|||4|4||
1000020338|4|5|6|5||
1000020346|8|6|6|5||
1000020354|6|4|4|4|5|
1000020363|8|||||
1000020389|7|6|4|5||
1000020396|5||5|5||
1000020397|5|5|4|||
1000020405|4|5|5|||
1000020417|7|6|8|8|8|
1000020430|6|6|6|7|5|
1000020448|5|||||
1000020459|4|4|4|4|4|
1000020474|5|4|6|7|6|
1000020477|3|4|5|5||
1000020526|4|8|6|7|6|
1000020548|4|4|4|4||
1000020563|4|4|4|4||
1000020564|6|7|7|8|7|
1000020577||||4||
1000020602|4|5|4|5|5|
1000020617|3|4|3|4|4|
1000020639|5|5|6|||
1000020669|6|6|6|5|5|
1000020673|6|5|6|6||
1000020681|6|6|5|6||
1000020697|7|6|6|8||
1000020721|||8|||
1000020739||6|4|5|5|
1000020830|5|5|6|8|7|
1000020850|6||6|5||
1000020860|7|6|8|6|7|
1000020878|4||4|6|5|
1000020889|6|7|9|9||
1000020896|7||8|6|5|
1000020900|6|6|9|||
1000020930|5|5|7|8|9|
1000020948|5|5|5|4||
1000021015|4|5|6|4|4|
1000021021||5|5|5|4|
1000021023|5|5|6|6||
1000021035||8|8|7||
1000021083|8|8|10|10||
1000021131|7|5|6|8|4|
1000021225|8|7|7|7|7|
1000021272|4|6|6|5|4|
1000021314|6|6|7|6||
1000021360|||6|7||
1000021366|4|5|4|||
1000021379|6|6|6|6||
1000021412|6|8|7|6|6|
1000021421|6|6|8|8|8|
1000021450|6||6|7||
1000021462|5|5|5|6|6|
1000021492|7|8|8|8|7|
1000021509||6|5|6|5|
1000021519|7|7|7|9||
1000021544|6|7|7|6|7|
1000021560||3||4|4|
1000021572|6|8|10|||
1000021577|6|5|5|6|5|
1000021617|6|8|6|8|7|
1000021636|5|5|5|4|6|
1000021653|8|8|8|8||
1000021671|6|6|7|6|6|
1000021678|4|4|9|5||
1000021689||4|4|||
1000021706|6|6||||
1000021709|4|4|5|5||
1000021746|5|5|5|5|5|
1000021753|4|6|8|7|8|
1000021760|6|6|6|6||
1000021766|6|6|6|6|6|
1000021790|8|8|9|8||
1000021799|8|9||||
1000021830|6|6|5|6||
1000021862|6|6|6|7||
1000021871|9|9||||
1000021904|6|5|4|4|5|
1000021909|6|6|6|8|8|
1000021922||6|5|||
1000021934|7|5|7|5||
1000021941|7|7|7|7||
1000021943|6||6|6||
1000021948|6|5|6|5|5|
1000021999|6|5|5|6|6|
1000022014|5|5|5|4|4|
1000022017||||6|6|
1000022046|9|8|9|8||
1000022057|8|8|8|8||
1000022084|5|4||||
1000022126|5|4|8|8||
1000022131|6|5|6|6|5|
1000022150|4|4|4|4|4|
1000022159|7|9||||
1000022163|4|5|4|5||
1000022164|6|6|6|6|6|
1000022175|5|5|5|5|6|
1000022248|5|9||||
1000022250|||||4|
1000022270|6|6|6|6||
1000022284|5|5|6|8||
1000022294|5|4|4|4|4|
1000022300|8|7|7|6|6|
1000022301|6|6|6|8|5|
1000022305|5|5|6|6||
1000022307|4|||||
1000022322|5|5|5|6||
1000022341|9|9|10|||
1000022379||6||4||
1000022400||8|8|9||
1000022416||6||||
1000022448|7|6|6|5|5|
1000022483|7|4|4|4|4|
1000022486||5|4|4||
1000022517|8|6|7|8||
1000022524||5||4||
1000022543|4|4|6|||
1000022565||||7||
1000022578|8|6|6|8||
1000022583||||4||
1000022596|6|4|5|5|5|
1000022627|4|4|4|5||
1000022628|4|4|4|7|4|
1000022655|5|6|6|6||
1000022698|4|3|3|||
1000022740|6|7|7|7||
1000022753|7|8|8|8||
1000022755|7|6|6|6|6|
1000022761|5|4|||4|
1000022764|7|7||6||
1000022766|7|8|7|6||
1000022810|5|5|6|6||
1000022820|4|5|4|4|4|
1000022878|7|6|7|7|7|
1000022905|5|8|6|8|7|
1000022908|5|7|8|9|9|
1000022983|9|6|5|5|6|
1000023045|8|8|8|8|8|
1000023074|7|7||||
1000023078|5|6||||
1000023108|8|6|7|7|8|
1000023180|5|4|5|7|5|
1000023184|6|6|5||8|
1000023200|5|5|5|4||
1000023202|8|8|8|7|7|
1000023236|7|9||||
1000023245|4|4|5|4|7|
1000023247|||4|4||
1000023316||4||||
1000023325|3|3|4|4|4|
1000023347|9|9|9|9|9|
1000023348|6|6|6|7||
1000023350|6|10||||
1000023400|8|8|8|10||
1000023470|6|5|6|8|8|
1000023480|8|9|10|||
1000023490|5|5|6|6|5|
1000023529|||6|5||
1000023545|4||3||4|
1000023572|7|7|7|||
1000023589|3|3||3||
1000023612|5|4|6|6|5|
1000023634|5|6|7|8|7|
1000023682|3|3|3|2||
1000023706|4|4|5|5|5|
1000023707|8|7|7|7|7|
1000023722|4||4|4||
1000023752|8|7|7|8|8|
1000023771|6|4|4|4||
1000023776|5|||||
1000023784|5|5|6|5|8|
1000023801|4|4||||
1000023838|||4|||
1000023845|4|4|5|4|4|
1000023850|3|3|3|3|3|
1000023852|5||4|||
1000023859|6|6|6|6|6|
1000023910|9|9|9|9|7|
1000023919|4|4||||
1000023950||5|5|5||
1000023987|8|7|8|8|8|
1000024040|5|||||
1000024043|7|8|9|||
1000024065||5|6|6||
1000024066|7|6||||
1000024093||4|4|4|4|
1000024167|6|8|7|6|9|
1000024185|4|4||||
1000024218|10|||||
1000024233|4|5|4|4||
1000024264|9|9|9|10||
1000024288|8|5|5|4|4|
1000024373|5|5|5|5|5|
1000024410|8|9|10|||
1000024415|6|6|6|5||
1000024418|4|4|5|4|4|
1000024432|4|5|5||8|
1000024462|5|6||6|6|
1000024483|7|9|9|||
1000024500|||4|4|4|
1000024529|9|9|9|||
1000024608|5|5|4|4|5|
1000024612|5|5|5|7|7|
1000024660|5|4|4|5||
1000024722|5|||||
1000024985|6|6|8|8||
1000025052|6|4|4|5|4|
1000025032|6|6|7|8|8|
1000013146|8|8|6|6|5|
1000018151|5|4|5|6|4|
1000024741|6|5|6|6||
1000024730|3|4||||
1000024880|9|9||||
1000025098|4||5|4||
1000025102|6|5|5|5|5|
1000005534|5|6|6|5|5|
1000008144|9|10||||
1000008150|4|4|5|4|4|
1000025316|3|3|2|2|2|
1000023322|7|7|6|6||
1000025435|5|5||||
1000025438|9|9|8|8|8|
1000026743|5||6|7|7|
1000015260|4||5|4|4|
1000022571|6|6|6|8|6|
1000023817|6||8|7|7|
1000023272|5|5|7|6||
1000024781|6|7||5||
1000018729|7|6|7|7|7|
1000025401||4||4|4|
1000014067|8|8|8|8|8|
1000014070||4|5|5|5|
1000025366||6|7|8|8|
1000011293|8|9|9|10||
1000025244||5|5|6||
1000025810|8|5|6|8|8|
1000025813|6|8|8|8||
1000019794|8|6|7|6|6|
1000011228|4|3|3|3||
1000024894|5|6|5|6|5|
1000019290|5|5|5|5||
1000026051|6|6|7|8|7|
1000025564|4|4|5|5|6|
1000020867|5|8|6|6|6|
1000024421||6|6|6||
1000005532||6|6|6||
1000025947|5|5|5|6|6|
1000018114|7|8|8|4|4|
1000024463|6|6|8|8|8|
1000024464|8|8|8|8||
1000016438|6|4|5|6|6|
1000025702|5|5|5|5||
1000025703|9|10|8|10|8|
1000023014|5|6|5|5||
1000026388||5||5||
1000026160|5|6|6|10||
1000016550|5|5|5|5|5|
1000026779|4|4|6|5|5|
1000025626|7|6|8|8||
1000025628||5|5|5||
1000010563|5|4|6|6|7|
1000022579|6|6|8|8|8|
1000010923|4|4|6|5|5|
1000010926||4|5|4|5|
1000013116|4|5|4|4|5|
1000008356|5|||||
1000011901|5|6|6|5|6|
1000013387||4|4|3||
1000021479|5|6|6|5||
1000020911|8|8|8||9|
1000005393|4||4|6|5|
1000005395|4|4||5|5|
1000025378||5||6||
1000010813|6|8|8|9||
1000025223|6|6|6|6|7|
1000025228|9|9|8|8|9|
1000025338|8|8|8|9||
1000024830|5|6|7|6|6|
1000005554|7||8|8|5|
1000025770|6|6|6|7||
1000009487|8|8|8|10||
1000009489||5|4|6|6|
1000009926|3|3|3|3|3|
1000015329|5|5|4|6|6|
1000007312|6|||6||
1000012236||5|6|5|5|
1000026572|6|5|5|6||
1000025819|6|6|8|||
1000023969|7|5|6|5|4|
1000026684|6|6|6|5|5|
1000025957|6|7|6|6||
1000025712|4|4|4|5||
1000014222|8|4|3|2|3|
1000012444|6|5|7|8|8|
1000020100|5|5|4|||
1000021418|6|6|5|6|6|
1000026179|9|9|9|7|7|
1000025425|5|9|9|10||
1000026284|5|8|9|||
1000026289|5|5|4|||
1000014274|4|4|4|4|4|
1000018142|6|6|6|6|4|
1000020893|6|5|5|5|5|
1000015269|5||7|6||
1000025115|4|4||6||
1000025721|5|5|6|5|4|
1000026451|6|6|7|6|6|
1000026247|5|4|6|5|6|
1000015314|6|||||
1000013752|7|7||7||
1000008351||8|8|8||
1000016119|7|9||||
1000026601|7|8|8|6|6|
1000005310|6|4|3|3|5|
1000016324|5|6|5|4||
1000005347|6|6||4||
1000021114|6|5|5|||
1000006771|6|8|6|6|6|
1000018088|3|4|4|4|5|
1000021375|3|4|4|4|4|
1000023303|4|5|6|9||
1000026530|5|5|6|5||
1000026407|7|7|7|7||
1000026474|5|5||||
1000026591|6|8|10|10|8|
1000026592|7|8|9|9||
1000025569|6|6|6|5||
1000025570|6|9|8|8|8|
1000025025|4|8|6|5|5|
1000025000|6|6|8|8||
1000025003|6|6|5|6||
1000025006|5|6|7|8|7|
1000024737|5|5|5|5||
1000019256|7|5|6|5|6|
1000019267|3|3|4|4||
1000009327|7|8|8|7|8|
1000024916|6|7|7|9|8|
1000023307|5|5|5|5|6|
1000026001|5|6||||
1000024896|10|10|10|10||
1000028812|4||5|4||
1000028813|6|5||||
1000028064|5|4|5|5||
1000026326|5|5|5|5||
1000025640|4|5|5|5|4|
1000027610|4|4|3|4||
1000027614|4|||3|3|
1000026524|6|6||6||
1000027703|4||4|||
1000027704||4|4|||
1000026358|6|7|7|6|6|
1000027545|5|5|5||5|
1000025022||8|6|6|6|
1000027747|6||6|4|4|
1000027749|6|5|4|5||
1000027750|6|6|6|8||
1000028007|5|5|5|4|5|
1000028009|5|4|5|5|5|
1000028013|8|10||||
1000028138|4|5|6|||
1000025353||6|6|9||
1000026846|5|5|5|4|4|
1000025446||6|5|5|5|
1000016660|7|9||||
1000018146|9|10||||
1000026490|6|6||8|6|
1000015902|8|6|8|7|8|
1000027776|||5|5||
1000027336|8|8||8||
1000024082|8|7|8|6||
1000024086||3||3||
1000027029|4|6||||
1000027041|6|7|6|7|8|
1000027043|5|5|5|5|4|
1000027045|7|5|7|8|7|
1000028914|6|4|4|||
1000028000|4|5|5|5|5|
1000027887|4|5|8|6|9|
1000027858|6|||5||
1000027005|6|5|5|5||
1000027007|4|5|6|5|5|
1000028113|9|||||
1000028024|5|4|4|4|4|
1000025566|6|6|6|6||
1000027842|6|7|6|5|7|
1000027843|6|6|5|5|5|
1000025675||6|6|8||
1000026949|8|||||
1000006804|7|5|5|5|5|
1000026630||6|6|6|6|
1000026209|4|5|8|7|10|
1000028683|4|5|5|6|6|
1000026253|6|6|6|6|5|
1000027313|4|4|5|5|5|
1000026583|6|8|8|8||
1000026757|7|6|7|8|8|
1000023826||7|6|6||
1000023827|||3|3||
1000026908|4|5|5|4|5|
1000027738|5|4|5|4||
1000028466|4|5|4|9|10|
1000012016|9|8|9|9|9|
1000012018|4|4|4|5||
1000027814|6|6|7|9|9|
1000028631|6|8|8|10||
1000025218|6|8|6|6||
1000026812|6|6|5|6|6|
1000025972|5|5|5|5||
1000026074|4|5|4|4||
1000026044|10|10||||
1000026782|8|7|9|8||
1000009916|||4|4||
1000027970||6|6|6|5|
1000029466|8|8|7|6||
1000029354|6|||6|6|
1000029357|5|6|6|6|6|
1000028413|4|5|6|5|5|
1000027636||6|5|5|6|
1000029210|6|8|7|8||
1000027461|7|8|6|7|7|
1000029011|7|7|8|7||
1000028900|6|5||||
1000025883|5|8|8|10||
1000029044|6|8||6||
1000027446|6|6|6|5|5|
1000029227|4||4|4|4|
1000028817|6||5|||
1000029595|5|6|5|7|8|
1000029596|7|7|6|6|6|
1000005453|7|3|2|3|3|
1000027104|||6|6|6|
1000029803|6|6|8|9||
1000028836|5||4||4|
1000027087|7|6|6|5|6|
1000027486|4||4|4|3|
1000027491|4|4|5|4|4|
1000025767|5|7||||
1000029253|4|6|5|8||
1000026961|3|3|5|4|5|
1000026962|5|6|6|||
1000029122|5|6|6|7|7|
1000028977||7|4|5||
1000022357|4|5|5|5||
1000027517|6|8|8|||
1000026852||6|6|4|4|
1000019497|6||8|8|8|
1000022608|3|3|3|3|3|
1000027601|5|4|4|4|4|
1000021398|6|6|6|||
1000028225|6|5|5|6|6|
1000028150|6|8|5|6|6|
1000028273||5|5|5||
1000025305|6|6|5|8|9|
1000026278|8|6|8|9|8|
1000026281|||5|3|3|
1000028672|9|||||
1000028511|4|5|7|8|8|
1000026184|4|4|3|5|4|
1000029032|6|6|6|5|5|
1000028626|8|8|8|9|9|
1000028050|4|6|5|5||
1000029284|8|8|9|8||
1000030240|6|8|9|||
1000026395|6|9|10|||
1000028733|4|6|5|4|4|
1000029793|5|6|8|8|7|
1000026895|6|7|7|7||
1000028723|6|8|8|8|9|
1000028657|4||5|5||
1000027942|4|4|4|5|4|
1000028186|7|6|6|6|5|
1000019520|6|5|5|5|5|
1000028156|5|5|6|5|6|
1000029264|4|4|6|5||
1000026931|7|5|6|6|8|
1000029586|8|6|5|5|4|
1000029588|4|4|6|8|5|
1000029591||8||||
1000026304|6|5|7|7|7|
1000030579|4|4|4|4|4|
1000028418|4|6|7|6|6|
1000030467|5|4|4|5||
1000029895||4|5|7|6|
1000029315|4|||5|5|
1000027564|5|4|5|5|5|
1000030066|||5|5||
1000030163|6|5|6|5|5|
1000030652|5|6|6|7|7|
1000028565|5|6|6|6|6|
1000030869|7|9|8|8||
1000030871|6|7|7|8||
1000029643|6|6|5|6||
1000029176|6|||||
1000031432||||6||
1000029151|3|4|5|5|6|
1000031259|||8|||
1000030971||8|7|6|5|
1000030783|6|5|6|6||
1000030670|8|6|6|10||
1000030676|4||3|4||
1000027320|4||4|4||
1000030349|8|6|8|6|6|
1000031337||8|9|9|9|
1000030852||8|8|10||
1000030293|6||5|8|9|
1000027266|8||9|9||
1000027270|5|5|5|8|6|
1000030153|5|4||||
1000030952|7|8|6|6|6|
1000029671|3|4|4|4||
1000028647|6|8|8|7||
1000030248|||8|7||
1000030810|4|5|5|6|6|
1000030333|6|5|5|5|6|
1000031099||||3||
1000030196|6|5|6|7|7|
1000029109|6|6|8|||
1000029619||7|8|6||
1000029620|8|10||||
1000029505|6||6|5|6|
1000027583|6|9||||
1000009610|8|5|9|10||
1000009611|6|7|7|8|8|
1000029688|5|5|5|5|5|
1000030107|6|8|8|8|6|
1000030108|5|||||
1000029750||6||||
1000029242|4|7|4|||
1000030393||6|6|8||
1000027038|8|8|8|7||
1000029519|5|5|6|6|8|
1000030204|4|4|4|4||
1000030205|5|6|6|6|6|
1000030695|6|6|8|8||
1000028385|4||3|4|4|
1000028229|6|6|6|8||
1000027553|8|7|6|9|9|
1000030587|4|5|6|4|4|
1000026239|5|6|8|9||
1000029763|5|6|6|7|9|
1000029765|4|4|6|5|6|
1000030014|6|6|6|6||
1000029938|6|6|8|||
1000024764||||5||
1000025951|8|8||||
1000009682|4|5|6|5|5|
1000030361|7|8|8|8|8|
1000028907|8|4|10|||
1000026913|10|||||
1000028111|5|5|5|6||
1000030818|5|5|8|8|8|
1000030381|6|8|9|||
1000029386|||5|||
1000029475|6|6|9|9|9|
1000030283|4|5|6|6|6|
1000025331|5|5|5|5||
1000030977||8||6|6|
1000026422|5|5|5|5|5|
1000005505|4|4|4|||
1000028990|6|6|6|6||
1000028101|5|5|6|6||
1000030794||8|9|10||
1000030834||5|6|8||
1000030041||9|||10|
1000014048|5|5|5|5|5|
1000030513|4|8|6|6||
1000031018||9|7|8||
1000028359||6|6|5|5|
1000028362|5|6|6|7|7|
1000029762|5||5|5|5|
1000030930||6|8|6|5|
1000030910|7|8||||
1000031073||8|5|8||
1000027457||10||||
1000030168|6|6|7|8||
1000030940|||9|8|9|
1000030547|5|4|4|4||
1000001194|6|6|8|5|5|
1000001216|4|6|5|7|8|
1000030459|3|3|3|3||
1000030463|6|6||||
1000001150|5|||||
1000030639||9|9|9||
1000027897|5|5|6|8||
1000031626|||6|6|6|
1000031662|||6|6||
1000031663||8|9|9||
1000031285||6|6|6|6|
1000030372|4|4|5|5||
1000018253|4|4|6|5|7|
1000031691||7|8|10||
1000030390|4|4|6|5|5|
1000005282|6|6|6|5|6|
1000001132|8|8|8|6|6|
1000030448|6|6|8|7||
1000028879|6|6|6|||
1000028258|5|5||||
1000030778|4|5|7|9|10|
1000030780|10|9|8|8||
1000030365|||4|4|5|
1000026368|8|10|9|9|8|
1000026477|3|4|4|4||
1000028252|8|8|4|||
1000004821||5|5|5|5|
1000004671|4|5|6|5|6|
1000005762|8|5|5|4|4|
1000005763|8|8||||
1000028366|6|6|8|||
1000028369|8|8|9|9|8|
1000030336|8|8|6|8||
1000017952||5|6|5||
1000031145|5|5|5|4|6|
1000001281|4|4|6|5|4|
1000001329|5|5|5|5||
1000028523|7|6|6|6|6|
1000001247|6|5|5|5|5|
1000029371||5|5|6|5|
1000019333|8|6|6|6|4|
1000018428|6|5|6|5|5|
1000001256|6|6|7|7|7|
1000001306|9|||||
1000020785|6|7|9|9||
1000005667|9|9|8|||
1000027278|7|6|8|8||
1000001913|8|8|6|5|8|
1000019613|4|4||4||
1000011278|5|6|5|6|5|
1000021561|4|5|4|4|5|
1000030873|6|7||||
1000004844|3|3|4|3|3|
1000031543||6|8|8|7|
1000021254|5|5|5|5||
1000031240||5|7|6|6|
1000008950|4|6|7|5||
1000021853|5|5||5||
1000012326|8|||||
1000022708|7|7|6|5||
1000025451|8|8|6|6|5|
1000005186|9|8|9|10||
1000004928||||4||
1000005026|4|||5|5|
1000004317|7||6|6||
1000015252||4||4||
1000007824|8|6|7|8|8|
1000018024|7|6|8|8||
1000017795|5|7|5|5|6|
1000025832|9|10||||
1000015042|4|4|4|5|5|
1000004939|4|4|4|3||
1000017938||8|8|8|8|
1000004982|4|4||||
1000009248||6|6|5||
1000004294||4|6|6|6|
1000004945|4|4|4|3|5|
1000004465||6|6|7|6|
1000017860|6|6|6|5||
1000011708||8||||
1000011702|6|5||||
1000011704|6|6|6|||
1000028595|8|9|7|9||
1000011819|5||4|4||
1000011853|4|5|5|5|5|
1000029212||||4||
1000031943|||6|8||
1000027979|5|5||||
1000027247|10|7|9|10||
1000011675|6|6|6|8|8|
1000029842|8||4|4||
1000030295|7|8|9|10||
1000030296||9|6|8|8|
1000031900|||6|8|8|
1000011646|4|4||||
1000011660|2|4|2|2|2|
1000011632|5|4|4|4|4|
1000011634||6|6|5||
1000031642||8||5||
1000011733|4|||3||
1000031153|6|5|6|7||
1000030099|4|5|5|6|5|
1000031345|||3|5|5|
1000011824|8|8|8|8|6|
1000029884||6|6|6||
1000029822|4|5|4|||
1000029825||9|7|6||
1000029653||4|5|6||
1000028806|5|5|5|5||
1000031758|||7|7||
1000029565|6||6|8||
1000030095|5|4|4|8||
1000031590||9|5|6||
1000028274|||6|9||
1000028275|8|8|9|10|10|
1000031029|8|8|6|8|5|
1000031335||8|4|6|6|
1000032025|||8|5||
1000031551||4|3|4|4|
1000029404|4|4||4|4|
1000030304||6|6||6|
1000031883||||5|6|
1000030441|7|7|8|10||
1000030893|5|4|5|5||
1000026525|6|7||||
1000027706|8|8|8|8|8|
1000031816|||6|||
1000031811|||9|8||
1000031932||||6||
1000027093|5|7||8||
1000029624||6|7|6||
1000029625|6|6|5|5|7|
1000031739|||4|||
1000031555|6|6|6|5|5|
1000030962|8|5|7||6|
1000031217|5|||6||
1000031096||9|6|6|8|
1000029319|6|||8|8|
1000030608|10|10|9|||
1000028326|2||6|3||
1000030617|||9|||
1000030716||9|8|||
1000030717|||5||5|
1000031439|||4|4|4|
1000031842|||6|4||
1000031779|||3|3|3|
1000031496||8|7|6|7|
1000030322|5||5|6|5|
1000025472|5|4|6|5||
1000030766|6||7|7||
1000031424|||10|9|10|
1000031484||||9|9|
1000031485||6|6|6|6|
1000031487||10||||
1000027712||8|8|5|5|
1000031389||5|6||6|
1000031827|||9|9||
1000030915|9|8|6|6|6|
1000030920||5|4|3|4|
1000030937|5|5|5|7|7|
1000030982|||6|6|6|
1000031032||5|7|7|6|
1000031880|||7|7|6|
1000031571||5|4|6|8|
1000030259|5|5|6|||
1000030803|7|6|7|8|7|
1000007625|7|6|5|5|5|
1000006823|10|||||
1000007918|4||5|||
1000007620|6|4|3|3|3|
1000009603|7|6|5|8|8|
1000008742|4|5|5|4|8|
1000005907||4||3||
1000008788|4|4||4||
1000007099|9|10||||
1000009689|7|6|7|7||
1000008434|6|7||7|7|
1000006846|3|4|5|6|6|
1000009168|4||5|||
1000008029|5||7|6|6|
1000005856|6|5|4|4|4|
1000009552||4|4|4||
1000008984|3||3|2|3|
1000007647|6|6|6|5|5|
1000007512|4|4|5|6|5|
1000005832|3|3|3|3|3|
1000008972|5|5|4|3|4|
1000007593|6|6|8|7|7|
1000005934|8|6|6|6|6|
1000005781|6|6|7|6||
1000009645|4|4|4|6|4|
1000007633|4|4||||
1000007500|6|6|9|9|8|
1000009633|6|6|7|8|6|
1000009403|6||5|6||
1000009406|5|5|||5|
1000009620||8|6|||
1000025717|4|4|4|4|4|
1000007829|6|6|6|7|9|
1000024174|4|4||||
1000031405||9|8|6|5|
1000009314|8|7|8|7|7|
1000009873||5|5|6|6|
1000031419||7|6|||
1000008133|8|9||||
1000008087|4|5|5|5|5|
1000024115|5|6|6|5|6|
1000024116|4|||||
1000031141|7|8|6|7|6|
1000008648|4|5|5|5|5|
1000010750|5||4|4|5|
1000028939|7|7||10||
1000008536|4|5|5|5|5|
1000028932||||4||
1000027968|4|4|4|4||
1000029705|6|6|6|7|8|
1000031593|||7|8||
1000026996|||8|||
1000026997|5|||6|5|
1000029187|5|4|5|6|6|
1000032013|||8|6||
1000027481|6|7|6|7||
1000031973|||9|8||
1000028169|6|7|6|6|6|
1000029848|4||5|5||
1000031852|||6|8|9|
1000031926|||5|5||
1000027192|4|4|5|6||
1000029438|6|6|6|6||
1000009804|4|5||6||
1000026653||||6||
1000026669||||8||
1000027468|5|6|7|6||
1000009256|6|6|5|6|5|
1000030227|4|5|5|5|5|
1000010028|6|5|5|6|5|
1000010359||6|7||6|
1000008317|6|6|5|5||
1000024484|6|||||
1000024146|6|5|6|5|5|
1000024667|5|8|6|5||
1000008327||4||5||
1000010327|6|6|6|7|8|
1000010073|4|4|5|5|4|
1000010074|7|6|7|7|6|
1000010820|||5|5||
1000010820||||4||
1000010401|6|5|7|8|8|
1000010320|||5|5||
1000024153|8|5|6|6||
1000029923|||7|||
1000010141|3|4|3|3|3|
1000010142|3|3||||
1000010059|3|4|4|6|6|
1000010126|3|||||
1000010413||5|5|5|5|
1000010669|4|5|5|5|5|
1000010045|6|7|10|8|8|
1000008608|||5|5||
1000027741|4|7||4||
1000028441|9|9|9|10||
1000031606||5|5|9||
1000032092||||6|4|
1000030048|5|4|6|8|9|
1000015243|4|4||||
1000015244|5||5|5||
1000015246|8|7|8|6|6|
1000006712|4|4|4|4|4|
1000032098|||8|||
1000031580||9|8|8||
1000013062|4||6|5||
1000013063|8|5|6|6|9|
1000030638|8|9|8|9||
1000005077|6|5|5|6||
1000030554|9|6|6|6|5|
1000027074|6|5|6|9|9|
1000015221|6|6|6|8||
1000029219|5|6|6|4||
1000030122|6||8|6|6|
1000005108|||6|6||
1000006692||6||6||
1000006693|6|7|7|9||
1000006694|4||5|4|4|
1000028020|5|6|6|||
1000013766|3|||5||
1000032097||||5|4|
1000018035|6|7||||
1000005051|3|4||4||
1000006680|5|5|8|6|6|
1000005033||8|8|6||
1000009754|5|7|7|7|5|
1000005599|5|4|4|4|4|
1000029162|||8|8|5|
1000009597|4|4|4|4|4|
1000027138|4|4|5|||
1000027851|6|5|4|5|5|
1000008126|10|||||
1000009822|9|8|9|8|6|
1000031960|||10|6|6|
1000031975|||10|10|10|
1000009732|5|5||6||
1000009740|4|4|4|||
1000004497|7|8|8|8|8|
1000004498|5|5|6|||
1000009531|3|3|3|3|3|
1000009537|6|5|6|6|6|
1000013090|6|6|6|6|6|
1000018051|6|6|6|6||
1000005148||||5||
1000024954|6|5|8|9||
1000032093|||8|7||
1000029079|5|8|6|9|9|
1000030564|4|5|5|5||
1000029742|4|4|4|5|5|
1000000020|7|6|8|7|7|
1000000025|4|5|6|5|6|
1000000057|4|3|3|3|3|
1000000082|9|||||
1000000098|5|6|6|7|8|
1000000101|4|4|3|3|3|
1000000126|4|5|4|5|7|
1000000136|5|5|4|5|5|
1000000151|6|5|6|6|6|
1000000164|4|6|5|5|4|
1000000192|5|8|6|5|4|
1000000197|8|8|8|8|8|
1000000216|6|5|6|5|5|
1000000231|7|8|6|6||
1000000232|||4|||
1000000247|4|4|4|3|4|
1000000309|6|7|7|5|8|
1000000350|6|4|7|7|5|
1000000356|4|4|4|4|5|
1000000366|6|5|4|4|4|
1000000369|4|5|4|5|5|
1000000372|8|7|6|7|7|
1000000388|6|7|8|8|8|
1000000395|3|3|3|4|5|
1000000415|3|3|4|3|3|
1000000464|5|6|6|5|5|
1000000487|4|6|2|2|2|
1000000488|3|3|3|3|3|
1000000496|3|3|3|4|3|
1000000507|6|6|4|4|4|
1000000544|5|5|5|5|5|
1000000557|4|6|4|4|3|
1000000563|3|3||||
1000000566|3|4|3|3|4|
1000000597|6|8|8|8|6|
1000000608|4|4||4||
1000000628|4|4|4|5|6|
1000000634|5|5|5|6|6|
1000000648|4|4|4|4|5|
1000000673||9||9||
1000000681|3|5|6|4|4|
1000000686|4|5|5|4|4|
1000000710|3|3|3|3|3|
1000000727|6|5|4|4|4|
1000000740|2|3|2|4|4|
1000000760|5|4|5|5|6|
1000000763|2|2|2|2|2|
1000000770|4|3|4|2|3|
1000000775|4|6|7|6|6|
1000000827|3|3|3|3|3|
1000000841|4|4|5|6|5|
1000000868|4|3|4|3|3|
1000000876|6|6|6|6|6|
1000000879|3|3|3|3|3|
1000000908|5|4|4|5|6|
1000000909|3|3|4|4|3|
1000000931|6|6|7|7|7|
1000000944||5|6|6||
1000001069|||4|4||
1000001078|5||4|5|5|
1000001086|6|6||||
1000001111|5|4|5|6||
1000001113|3|4|4|4|4|
1000001134|7|7|8|10||
1000001158|8|8|8|8|8|
1000001165|7|8|6|6|6|
1000001166|5|6|7|6|5|
1000001177|6|7|7|8|8|
1000001179|3|3|3|6|4|
1000001183|8|9|8|8|8|
1000001192|5|4|5|5|5|
1000001212|6|8||||
1000001224|5|4|4|5|5|
1000001238|6|7|7|7||
1000001245|4|6|7|8|6|
1000001290|8|||||
1000001317|3|3|4|4|5|
1000001323|||4|3||
1000001351|7|8|7|6||
1000001355|5||||6|
1000001363|8|9||||
1000001366|5|4|4|3|4|
1000001415|7|5|5|4|5|
1000001423|||4|||
1000001425|4|4|4|5|4|
1000001437|7||7|8||
1000001466|5|||6||
1000001470|7|7|9|9|8|
1000001491|||6|5||
1000001497|7|7|8|7|7|
1000001530|8|5||||
1000001554|||4|||
1000001579|5|6|5|5|5|
1000001583||8|7|6|5|
1000001589|4|4|4|4||
1000001633|6|8|7|8||
1000001635|5|4|6|6|6|
1000001658|4|4|4|3|4|
1000001661|4|7|6|6|6|
1000001667|4|4|4|4||
1000001677|4|5|6|5|5|
1000025236|5|4||4|4|
1000001684|9|10|9|||
1000001692|8|8|8|6|6|
1000001703|6|7|8|7|8|
1000001706|5|5|5|||
1000001708|2|2|3|3|3|
1000001733|5|5|5|5||
1000001776|5|5|5|5||
1000001808|3||4|3|3|
1000001828||8|8|8|8|
1000001866|6||7|||
1000001879|8|8|6|6|6|
1000001882|||4|4||
1000001909|6|5||||
1000001911|5|6|8|5|5|
1000001920|4|5|4|4|4|
1000001924|7|7|6|8|6|
1000001945||5||||
1000001968|8|7||8|8|
1000001994|3|3|3|3|3|
1000001998|||5|6||
1000002016|5|4|6|8|7|
1000002020|2|3|3|3|3|
1000002030|4|5||6||
1000002034|4|4|4|4|4|
1000002062|5|5|5|5|5|
1000002073|4|4|4|4|4|
1000002084|6|5|5|||
1000002110||4|4|||
1000002114|6|6|6|7|7|
1000002117|3|3|2|3|2|
1000002123|4|4|4|4|4|
1000002144|5|5|4|5|4|
1000002164|4|4|5|8|8|
1000002175|3|3|3|3|3|
1000002201|3|4|4|5|6|
1000002206|4|4|5|6|4|
1000002256||4|6||8|
1000002257|||||5|
1000002261|5|5|5|6|6|
1000002281|6|6|6|6|6|
1000002294|4|6|6|8||
1000002348|6|6|7|6|7|
1000002392|5|6|6|6|6|
1000002411||5|6|5|5|
1000002415|4|5|6|6|6|
1000002462|6|6|6|6|6|
1000002466|9|10|10|||
1000002490|2|2|2|2|3|
1000002521|3|3|4|4|4|
1000002533|3|4|4|5||
1000002557|8|6|5|4|4|
1000002590|6|5|6||6|
1000002596|7|8|8|8|7|
1000002601|7|6|7|||
1000002666|3|3|4|||
1000002688|9|9|8|8|8|
1000002689|5|6||8||
1000002723||5|4|||
1000002725|4|4|4|5|6|
1000002734|6|6|6|5|4|
1000002754|8|6|6|8|8|
1000002763|4|3|3|2|2|
1000002783|6|5||6|5|
1000002785|6|6|6|6|6|
1000002795|6|6|8|8||
1000002800|5|6|5|5|5|
1000002822|5|5|3|3||
1000002886|5|5|7|9||
1000002904|6|||6||
1000002908|6|6|7|7||
1000002918|10|||||
1000002923|4|4|6|6||
1000002935|2|3|4|4|4|
1000002938|4|4|4|4|4|
1000002946|5|4|5|5|5|
1000002973|6|6|6|6|5|
1000002978|5|4|4|5|4|
1000003002|3|4|4|4||
1000003015|6|7|7|5|5|
1000003035|5|5|6|6|8|
1000003036|7|8|8|6|6|
1000003045|6|8|8|8|8|
1000003050|5|6|5|6|6|
1000003059|6|5|4|7|8|
1000003065||5|5|5|5|
1000003076|4|5|5|4||
1000003089|3|||||
1000003105|4|4|4|4|4|
1000003117|3|3||4||
1000003126|5|8|5|4||
1000003135|6|7|7|8|8|
1000003144|4|4|6|5|6|
1000003156|5|5|6|4|5|
1000003157|4|6|4||4|
1000003159|9|10|9|||
1000003168|8|9|8|8|8|
1000003184|5||4|4||
1000003223|6|8|8|8|7|
1000003249|7|6|5|5|5|
1000003299|7|8|8|8|8|
1000003339|8|10|9|8|8|
1000003359|5|5||||
1000003384|8|7|7|7|7|
1000003385|4||4|4||
1000003394|5|5|6|5|4|
1000003443||5|6|6|5|
1000003444|5|4|7|9||
1000003457|5|5|5|6|6|
1000003481|6|6|7|8|8|
1000003484|4|3|3|3|3|
1000003525|5|5|6|6||
1000003536|6|7|6|8||
1000003545|4|5|6|4|5|
1000003562|6|6|6|5|5|
1000003573|4||3|4||
1000003603|5|7|7|7|6|
1000003618||8|8|8|8|
1000003628|6|6|7|7|6|
1000003655||6|6|7||
1000003666|4|6|6|5||
1000003688|8|9|10|||
1000003690|7|9|6|6|6|
1000003708|6|6|6||5|
1000003722|6|7|8|7|8|
1000003723|4||5|5||
1000003741|6|7|7|7|7|
1000003765||7|7|7||
1000003782|6|5|5|6|6|
1000003809|8|7|8|8||
1000003842|7|6|7|8||
1000003849|6||7|6||
1000003858|4|4|4|4||
1000003860|7|6||6||
1000003896|6|6|6|6|5|
1000003921|6|5|6|6||
1000003958|7|8||||
1000003986|5||5|6||
1000003991|5|6|5|5|5|
1000003994|||4|4|3|
1000004005|3|3|3|||
1000004038|7|6|4|7|4|
1000004051||4|4|4|4|
1000004086||4|5|4|4|
1000004119|4|6|5|5|5|
1000004141|6|6|7|7|6|
1000004142|5|5||6|8|
1000004189|9|9|9|9|9|
1000004230|4|5|4|5|5|
1000004232|6|6|7|8|8|
1000004248|6|8|8|8|6|
1000004273|5|8|8|8||
1000004279|8|8|8|8||
1000004282|||5|9||
1000004291|5|6|5|4||
1000004306|4|4|5|9|6|
1000004332|9|8|10|10||
1000004334|5||5|5||
1000004343|7|7|9|||
1000004370|5|6|9|||
1000004379|8|||||
1000004400|5|5|5|5|5|
1000004402|8|7|8|||
1000004411|6|8|6|5|5|
1000004425|6||6|6|6|
1000004429|4|5|8|6|5|
1000004448|4|4|5|4||
1000004503|6|6|6|5|6|
1000004558|9|9|8|||
1000004569||6||8||
1000004570|8|8|8|8|9|
1000004588|6|8|8|8||
1000004590|5|5|8|8|10|
1000004595||4|5|5|6|
1000004602|5|5||5||
1000004634|4|5|6|8||
1000004641|5|6|5|5||
1000004643|6|5|6|5||
1000004650||5|4|5||
1000004668|5|7|7|10||
1000004696|7|7|6|7||
1000004704|7|6|8|8|7|
1000004712|6|6|6|8|6|
1000004721|3|3|3|4|3|
1000004748|7|6|7|6||
1000004803|2|2|3|4|2|
1000004811|4|4|5|5||
1000004812|4||4|||
1000004875|5|5|4|5|6|
1000004941||6|6|5|5|
1000004961|6|4|6|6|6|
1000005083|6|5|5|4||
1000005169|7|9|9|||
1000005209|5|6||5||
1000005219|||6|5|6|
1000005242|6|6|6|5|5|
1000005297|9|8|9|9|9|
1000005323|4|4|4|5|6|
1000005332|4|8||5||
1000005346||4|4|6|5|
1000005364|4|4||4||
1000005372|9|8|8|9|8|
1000005459|8|9|8|8|9|
1000005465|9|9|9|9|10|
1000005506|8|6|5|6|6|
1000005582||4|7|7|6|
1000005612|4|8|8|8||
1000005624|||4|5||
1000005634|6|8|6|6|3|
1000005655|5|5|3|3||
1000005678|4|4|5|5|4|
1000005685|7|6|5|5||
1000005687|6|7|7|9|8|
1000005693|4|4|5|6|6|
1000005704|4|3|3|3|3|
1000005738|7|6|6|6||
1000005809|5|5|5|6||
1000005811|||4|3||
1000005817|5|5|5|5||
1000005824|3|4|4|4|4|
1000005827|||5|5||
1000005835|3|5|4|6|4|
1000005846|3|3|3|3||
1000005850|5|5||6||
1000005861|5|5|7|7|7|
1000005949|5|6|6|4|5|
1000005953|4|4|5|4|4|
1000005965|4|3|4|4|4|
1000006015|4|5|4|8|8|
1000006021|3|3|3|5|5|
1000006023|6|5|5|4|4|
1000006056||8||||
1000006065|5|6|6|8|6|
1000006075|5|6|6|6||
1000006082|6|7|7|6||
1000006086|5|||||
1000006102|4|4|5|5||
1000006114|3|4|4|5|5|
1000006116|3|3|3|3||
1000006153|5|4|5|5|5|
1000006167|3||4|||
1000006176|6|7|9|7|6|
1000006196|5|4|5|4|4|
1000006197|5|8|8|||
1000006202|5|5|5|6|4|
1000006221|4|4|4|5|5|
1000006227|7|7|7|8||
1000006238|5|7|5|5|5|
1000006263|5|6|5|4||
1000006272|4|4|6|6|6|
1000006320|6||8|7|8|
1000006360|4|4|3|3||
1000006363|5|4|3|4||
1000006367|8||6|6||
1000006395|8|5|6|6|5|
1000006403|4|6|6|6||
1000006426|5|4||5||
1000006436|4|5|6|6|5|
1000006477|6|6|6|5||
1000006526|5|5|5|6||
1000006553|||4|4||
1000006628|6|6|6|9||
1000006632|6|7|6|7|6|
1000006634|8|9|8|10|10|
1000006647|5|5|4|||
1000006679|8|9|8|||
1000006731||6|6|5|5|
1000006747|5|6|6|5||
1000006751|||5|5|5|
1000006762|6|7|6|6|6|
1000006783|6|6|8|7||
1000006891|6|||9||
1000006892|6|6||||
1000006968|5|5|4|4|5|
1000007014||6|6||7|
1000007081|6|6|6|6|6|
1000007110|5|6|6|6|5|
1000007114|3|3|4|3|4|
1000007145|7|7|9|9|8|
1000007146|3|3|2|2|3|
1000007159|6|6|6|5||
1000007172|7|5|5|5|7|
1000007197|6||6|||
1000007273|6|6|6|6|6|
1000007275|7|6|7|7||
1000007285|6|5|5|4||
1000007289||6|5|5||
1000007292|4|5|4|4||
1000007361|8|7|8|10||
1000007403|4|4|3|3|3|
1000007416|4|6|9|10||
1000007418|3|3|4|4|4|
1000007422|4|4||||
1000007435|7|8|7|8|9|
1000007481|4|4|4|4|3|
1000007491||4||||
1000007554|5|5|8|6|8|
1000007586|6|6|8|7|6|
1000007597|4|4|5|||
1000007615|4|5|6|5|5|
1000007681||5|5|5||
1000007690|6|4|5|6|5|
1000007706|5|5|6|5||
1000007710|7|6|6|6||
1000007711||4|4|5|4|
1000007712|4|3|4|3|3|
1000007724|6|5|5|4||
1000007726|7|8|8|9|9|
1000007738|4|6|8|9|8|
1000007747|3|2|2|2|2|
1000007837|3|3|4|||
1000007847|8|7|8|8|7|
1000007849|6|6|5|5|5|
1000007860|6|6|6|6|6|
1000007906||6|6|||
1000007908|9|8|8|||
1000007919|5|6|5|6|5|
1000007924|10|||||
1000007943|6|6|6|7|8|
1000007951|6|6|6|||
1000008022|4|4|4|5|6|
1000008055||6|6|7|5|
1000008070|7|5|7|6||
1000008075|4|4|4|3|5|
1000008096|6|4|4|5|4|
1000008113||||10||
1000008162|6|5|4|4|4|
1000008193|8|8|7|6||
1000008220|7|7|8|7||
1000008228|6|5|7|4|4|
1000008255|5|5||||
1000008256|5|5|5|5|4|
1000008343|5|4|4|4|4|
1000008362|4|6|6|8|7|
1000008367|6|5|6|6|6|
1000008416|3|4|4|3||
1000008420|3|3|3|4|4|
1000008431|4|4|3|3|4|
1000008452|5|4|5|4|4|
1000008492|6|4||||
1000008532||6|5|5|4|
1000008540|6|6|6|6|6|
1000008558||4|4||4|
1000008590|4|4|4|4||
1000008662|9|8|9|9||
1000008668|6|6|6|6|6|
1000008708||4|5|4|6|
1000008769|6|6|6|5|5|
1000008822|4|4|4|4||
1000008826||5|6|6|5|
1000008827|7|7|9|8|8|
1000008830|8|8|8|6|6|
1000008832|5|6|5|5|5|
1000008893|7|8|8|9|7|
1000008894||5|5|||
1000008897|8|7|7|7|8|
1000008928|4|4|4|4||
1000008938|9|8|8|7|6|
1000008959|6|5|6|5||
1000009056|4|4|6|6|4|
1000009083|7|7|7|8|6|
1000009084|4|4|4|||
1000009172|3|3|4|4|4|
1000009212|8|8|6|7|7|
1000009231|7|7|8|7||
1000009262|3|3||||
1000009335|10|||||
1000009368|6|6|6|6||
1000009369|4|4|5|5||
1000009397|8|9|9|10||
1000009398||||4||
1000009411|5||4||5|
1000009424|4||3|||
1000009442|5|4||6||
1000009449|4|4|6|6|5|
1000009459|9|9|8|9||
1000009476|6||5|6|6|
1000009478||6|7|8||
1000009493|5|6|6|6||
1000009508||||7||
1000009528||8||8||
1000009560|5|5|4|5|7|
1000009604||5|4|||
1000009713||5|7|6||
1000009848|8|||||
1000009871|5|5|4|5|4|
1000009974|4|6|4|3|4|
1000009991|7|7|7|6|6|
1000010013|8|8|7|6|6|
1000010097|7|6||||
1000010167|6|9||||
1000010192|4|5|4|4|4|
1000010218|6|7|4|4||
1000010256|5|5|6|6|5|
1000010284|4|4|5|5|6|
1000010312|6|8|8|8|8|
1000010316|7|6|6|6|7|
1000010363|6|6|8|7||
1000010367|3|3|2|4|4|
1000010385|5|4|4|5|6|
1000010392|5|6|7|7|7|
1000010393|||5|4||
1000010457|8||9|8|5|
1000010474|4|4|5|||
1000010520|6|5|5|4||
1000010605|8|6|8|7||
1000010628|5|5|4|4|5|
1000010641||6|5|5|5|
1000010642|7|6|6|6|6|
1000010645|6|9||||
1000010711|4|5|4|4|5|
1000010746|6|9||||
1000010785|8|8|9|8|6|
1000010788|4||4|||
1000010798|6||7|8||
1000010801|3|4|5|5||
1000010834|5|5|5|4||
1000010859||4|4|5||
1000010870|6|6|6|6|6|
1000010882||6|7|7||
1000010988|7|6|6|7|9|
1000011020|5|5|5|5|5|
1000011057|5|5|5|5|5|
1000011064|6|7||6|6|
1000011066|4|4||||
1000011080|6|6|6|6|6|
1000011085|6|3|4|4|4|
1000011090|5|6|5|5|5|
1000011095|6|5|6|6|5|
1000011111||5||5|5|
1000011152|8|6||6|6|
1000011162|5|5|6|8|8|
1000011194||4||4|4|
1000011225|4|4|4|4||
1000011247|7|8|8|8|8|
1000011290|5|5|4|4|4|
1000011291|4|4|5|5|6|
1000011322|8||4|4|4|
1000011341|7|6|6|6|6|
1000011342|7|6||6||
1000011396|6|8|7|5|8|
1000011411|6|6|6|6||
1000011419|4|5|5|6||
1000011455|4|4|5|5|4|
1000011460|6|7|8|6|6|
1000011461|6|5|5|5||
1000011506|6|7|6|6||
1000011508|4|5|5|||
1000011511|5|5|5|4|4|
1000011533|7|9|9|||
1000011554||7|7|9|9|
1000011583|7|8|6|8|8|
1000011601||8|5|5|6|
1000011712|6|5|5|||
1000011731|8|6|8|8|7|
1000011751|6|6|6|6|8|
1000011769||7|6|||
1000011775|6||6||7|
1000011776|5|4|5|5|5|
1000011783||5|5|6|6|
1000011811||6||5||
1000011812|5|5|6|6||
1000011930|6|5|6|||
1000011940|5|6|6|6|5|
1000011944||7|9|||
1000011971|||4|4|3|
1000011974|5|6|5|5|5|
1000011982|4|4|5|4||
1000011985|3|3|3||3|
1000012011|6|6|7|7||
1000012067|5||5|5||
1000012069|||6|6||
1000012076|5|7|6|6|6|
1000012103|6|4|4|4|6|
1000012108|6|4|5|5|8|
1000012155|4|3|3|4|5|
1000012176|7|6|6|6|6|
1000012184|4|3|3|4|3|
1000012193|4|4|4|8||
1000012212|4|6|5|5||
1000012214|4|4||4||
1000012242|4|4|5|4|4|
1000012244|8|8|8|8||
1000012252|6|6||||
1000012261|3|3||||
1000012284||5|6|6|7|
1000012300|8|8|8|||
1000012301|6|4|5|||
1000012340|6|8|7|6|7|
1000012372|8|9|8|||
1000012406|8|7|7|6|6|
1000012416||6|6|5||
1000012430|5|6|6|5|7|
1000012458|5|5|4|5|5|
1000012469|7|7|7|6||
1000012498|4|5|8|9|8|
1000012499|4|4|5|5|7|
1000012512|5|5|5|4||
1000012519|5|5|5|||
1000012521|8|8|8|8|8|
1000012551|5|5|9|9|10|
1000012578|5|7|5|6|4|
1000012603|6|6||5||
1000012639|9|||||
1000012641|4||6|5|8|
1000012646|4|4|4|3||
1000012661|4|5|4|5||
1000012665|2|2|2|2|2|
1000012668|8|||||
1000012675|5|5|9|6||
1000012679|5|5||||
1000012705||5|6|5|5|
1000012740|9|10||||
1000012758|3|3|3|3||
1000012772|8||||6|
1000012795|5|6|6|||
1000012830|4|5|6|8|8|
1000012834|8|8|8|8|8|
1000012835|6|4|4|5||
1000012855|6|4|5|5|4|
1000012871|6|7|7|6|6|
1000012873|8|8||7|7|
1000012876|6|5|5|5|5|
1000012887|8|5|5|5|6|
1000012915|5|4|4|5|4|
1000012932|4|4|4|||
1000012941|6|6|6|6|6|
1000012943|4|||||
1000012949|4|5|5|4|5|
1000012962||6||7|6|
1000012966|7|7|6|6|6|
1000012969|6|6||6||
1000012983|9|10||||
1000012992|5|5|4|8|6|
1000013010|5|5|6|||
1000013012|7|9||||
1000013015||5||||
1000013031|6|8|9|9||
1000013065|8|8|7|7|7|
1000013191|5|4|5|4||
1000013201|5|4|4|5|5|
1000013202|6|5|6|6|6|
1000013240|5|5|6|5|5|
1000013266|8|6|6|6|6|
1000013274|4||4|4|5|
1000013289|7|7|6|||
1000013323|8|7|9|||
1000013332|3|3|4|||
1000013336|4|4|4|5|3|
1000013343|6|6|7|8|7|
1000013395|8|7|7|6||
1000013397|8|9|8|8|8|
1000013400|6|5|6|6|6|
1000013403|6|6|7|5|5|
1000013404|5||5|6||
1000013430|8|8|7|7|5|
1000013435||5|5|5||
1000013445|8|||||
1000013456|7|6|8|8|8|
1000013494|6|5|6|8|6|
1000013539|7|8|6|8|8|
1000013569|5|5|5|4|4|
1000013570|8|9|10|||
1000013625|4||4|5|4|
1000013630|||3|||
1000013646|5|6||6||
1000013651|5|6|6|6|6|
1000013700|5||4|5||
1000013730|4|8||||
1000013825|9|9||||
1000013840||4|4|||
1000013860|8|10||||
1000013861|4|5|6|5|4|
1000013869||5|6|6||
1000013875|5|5|4|5|5|
1000013886|6|6|5|5||
1000013970|8|7|7|6|6|
1000013988|5|5|6|6|6|
1000014004|4|4|5|4|5|
1000014044|6|6|8|8|8|
1000014062|9|9|7|7|8|
1000014093|8|8|9|9|9|
1000014108|7|6|6|6|6|
1000014120|7|6|6|6|7|
1000014131|8|8|8|7|8|
1000014133|5|6|6|6||
1000014135|5|6|4|4|4|
1000014147||5||6||
1000014190|6|5|6|6|6|
1000014195|7|8|8|10|10|
1000014226|5|4|5|5||
1000014244|4|5|4|4|6|
1000014248|5|5||5||
1000014260|6|8||5||
1000014296|3|3|3|3|3|
1000014315|5|5|6|6|6|
1000014317|5|5|4|4|3|
1000014334|6||6|6||
1000014392|7|6|5|6||
1000014401|5|4|4|4|4|
1000014417|4|3|3|4|3|
1000014450|5|5|4|4|6|
1000014452|6|7|8|6|8|
1000014463|4|5|5|6|6|
1000014470|4|6|6|6|6|
1000014506|4|4|5|4|4|
1000014513|8|8|4|4|6|
1000014524|5|4|5|5|5|
1000014540|5|3|4|4|3|
1000014552|4|4|5|6|4|
1000014568||6|6|6|6|
1000014589|8|||||
1000014687|4|4|4|4|4|
1000014714|8|9|6|5|7|
1000014737|4|4|4|||
1000014748|5|4|4|4||
1000014760|3|3||3||
1000014814|5|5|5|4|4|
1000014815|8|5||5||
1000014816|4|4|4|3||
1000014824|4|||||
1000014843|4||||4|
1000014865|4|5||6|6|
1000014891|3|||||
1000014911|8|6|9|8|8|
1000014915|5|5|4|5|5|
1000014931||5|6|5||
1000014935|6|5|4|4|4|
1000014952|5|6|6|6||
1000014969|4|5|5||4|
1000014992|4|4|5|4||
1000015000|6|6|6|5|6|
1000015004|4|||||
1000015013||||4||
1000015035|9|||||
1000015038|4||4|||
1000015055|6|6|5|5||
1000015077|6|7|8|7|8|
1000015149|7|||7|7|
1000015171|5|5|5|5||
1000015181|4|4|5|4||
1000015192||4|4|4||
1000015196|5|4|4|5||
1000015201|8|7|7|7||
1000015289|6|8||8||
1000015297|5|5||||
1000015334|6|6|5||5|
1000015345|5|8|5|4||
1000015349|3|3|3|2|2|
1000015352|||4|||
1000015386|8|8|9|||
1000015387|7|6|8|6||
1000015404|5|5|4||5|
1000015450|4|||||
1000015452|6|5|5|5|4|
1000015453|8|8||||
1000015468|4|4|4|3|4|
1000015469|8|6|6|6|8|
1000015482|4|3|3|3|3|
1000015505|6|6|9|8||
1000015520|6|6|7|5|6|
1000015536|5|5|5|5|4|
1000015540|6|6|4|3|4|
1000015553|5|6|5|6|6|
1000015576|4|4||5||
1000015587|6|8|6|6|9|
1000015652|6|7|7|7|7|
1000015661|5|5||5|5|
1000015742|7|8|8|8||
1000015762|4|4|4|4||
1000015784|7|6|5|5|5|
1000015786|||5|5||
1000015817|5|5||||
1000015826||7||8|8|
1000015845|6|6|5|5|5|
1000015873|6|5||6||
1000015905|9|9|9|9||
1000015914|4|4|5|5|5|
1000015938|9|6|6|8||
1000015941||3|3|3|3|
1000015948|5|5|||4|
1000015950|6|7|6|||
1000016012|6|5|6|5|5|
1000016028|5|5|4|5||
1000016037|4|4|6|6|6|
1000016076|4|5|5|4||
1000016111|6|||||
1000016124|4|4|4|5||
1000016133|5|8|8|9||
1000016134|6|6|6|6|6|
1000016150|5|4|3|3||
1000016204|6||8||8|
1000016226|7|6|6|5|5|
1000016227|7|7|8|8|8|
1000016230|7|8|7|7|7|
1000016232|5||6|6||
1000016235|4|4||5||
1000016286||4|4|5||
1000016298|6|7|6|6|6|
1000016307|5|6|5|5||
1000016335|8|6|9|10||
1000016336|5|5|5|5||
1000016357|7|6|5|7|7|
1000016358|5|5|5|6|5|
1000016378|4|6|6|6|5|
1000016388|6|6|6|6|6|
1000016399|6|6|6|6|6|
1000016409|6|5|5|5|5|
1000016412|8|9|8|9|9|
1000016422||5|4|5|5|
1000016424|5|4|4|4|4|
1000016457|3|5|3|3|3|
1000016469|6|5|6|5||
1000016484|6|6|6|6||
1000016490||||5|5|
1000016493|4|4|4|4||
1000016511|5|6|7|7|6|
1000016517|6|6|8|6|8|
1000016524|6|5|7|5||
1000016557|7|6|7|8|8|
1000016561|4|4|4|4|4|
1000016569|5|5|5|5||
1000016573|5|6|6|6|6|
1000016582|7|8|7|6|6|
1000016587|5|4|5|7||
1000016617|4|3|4|4||
1000016624|4|4|4|4|4|
1000016632|5|4|5|4||
1000016649|8|8||5|5|
1000016691||8||6||
1000016705|5|5|5|4||
1000016736|4|4|4|4|3|
1000016741|4|4|4|4|5|
1000016750|6|6|6|5|6|
1000016752|3|3|4|4|4|
1000016753|4|4|3|3||
1000016757||4|4|3||
1000016768|4|5|5|5||
1000016769|8|8|8|6|6|
1000016770|4|4|5|4|4|
1000016776|7|6|||8|
1000016786||||6||
1000016799|7|8|8|8|8|
1000016808||6|8|8||
1000016816|5|5|5|||
1000016819|4|4|4|||
1000016822|4|5|7|6|6|
1000016824|5|||4||
1000016827|6|8|8|8|8|
1000016838|5|4|4|||
1000016884|5|5|6|6|6|
1000016892|6||5|||
1000016930|4|5|4|4|4|
1000016932|3|3|3|3|3|
1000016943|6|6|6|6|6|
1000016953|6|6|||7|
1000017001|5|5|5|4||
1000017037|4|6|5|6|5|
1000017038|6|6|7|6|6|
1000017045||4||5|4|
1000017058|6|6|6|5|5|
1000017064|5|5|4|4|4|
1000017103|4|3|4|4|5|
1000017114|7|6|6|7|8|
1000017148|6|6|5|6|5|
1000017150|5|6|6|7||
1000017151|5||5|||
1000017159|5|4|5|5|6|
1000017171|6|6|6|5|5|
1000017177|4|||||
1000017218|6|5|6|6||
1000017277|5|5|7|6|8|
1000017285|4|3|4|3||
1000017291|6|6|6|6|6|
1000017309|6|8|6|6|6|
1000017324|3|4|4|4|3|
1000017344|6|6|6|6||
1000017394|6|5|6|6|6|
1000017428|5|5|6|4|4|
1000017493|4|4|4|4||
1000017502|6|6|6|6||
1000017506|6|5|6|5|5|
1000017515|||4|||
1000017573||4|5|4||
1000017589|5|5|4|5|5|
1000017594|4|4|3|3|4|
1000017607|5|6|5|6||
1000017627|6|6|6|6||
1000017635|6|||||
1000017638||6|6|5|5|
1000017644||7|5|7|7|
1000017651|8|8|7|9||
1000017661||4|4|3|3|
1000017664|8|8|7|8||
1000017673|||6|5||
1000017677|6|6|6|6|6|
1000017688|8|8|8|8|8|
1000017707||5||4||
1000017730|5|7|8|6|6|
1000017741|5||6|||
1000017746|6|6|6|6|6|
1000017769|6|7|5|6|6|
1000017812|6|6|7|6|6|
1000017816|4|6|6|6|8|
1000017827|6||6|6|7|
1000017904||4|4|||
1000018001|7|7|5|5|5|
1000018036||4||4||
1000018041|4|6|6|6|6|
1000018121|3|3|3|2|2|
1000018125|6|6|6||8|
1000018137|5|6|4|5|4|
1000018169|6|5|5|5|5|
1000018201|5|5|5|5||
1000018214|8|8|8|8||
1000018215|7|4|4|5|5|
1000018226|7|6|6|5|5|
1000018235|8|8|8|6|6|
1000018294|7|5|6|7|7|
1000018297|8|6|6|7|6|
1000018315|3|5|6|6|6|
1000018326|6|8|6|5|6|
1000018342|4|4|4|4|4|
1000018345|4|5|4|4|4|
1000018376|4|5|5|4||
1000018388|5|8|7|6|7|
1000018421|5|5|5|5||
1000018445|4|4|3|3|3|
1000018456|7|5|7|7|6|
1000018465|5|4|4|5|4|
1000018474|6|5|4|5|5|
1000018492|4|4|4|4|3|
1000018515|3|3|3|4|3|
1000018527|4|5|6|5|4|
1000018542||5|8|8||
1000018553|8|8|8|8|8|
1000018578|6|6|6|6|6|
1000018589|6|6|6|5|4|
1000018590|3|4|4|4|4|
1000018602|5|5|5|4|5|
1000018610|4|8|8|8|8|
1000018641|5||4|||
1000018654|6|6|6|6|6|
1000018675|4|5||||
1000018677|8|7|8|8||
1000018686||4|5|||
1000018741|6|6||8||
1000018748|6|6|7|||
1000018749|||4|||
1000018752|8|8|6|6|6|
1000018760||4|4|4||
1000018763|5|5||4|5|
1000018772|6|6|7|6||
1000018774|3|4|4|3||
1000018789||4|4|4||
1000018830|7|6|8|7|6|
1000018836|5|5|5|5|4|
1000018837||||5||
1000018867|4|5|4|4|4|
1000018903|6|4|5|7||
1000018963|5|5|4|4|4|
1000018967|6|5|5|5|5|
1000018981|9|8|9|8|5|
1000018986|5|6|6|6|6|
1000019034|7|7|8|6|6|
1000019043|6|6|7|6|5|
1000019050|9|10|10|9|8|
1000019052|6|7|6|8|8|
1000019076|6|6|6|6||
1000019077|7|6|5|4|5|
1000019094|4||4|4||
1000019106|5|5|5|||
1000019118|5|4|6|4||
1000019154||5||6||
1000019161|4|5|4|5||
1000019164|5|6|5|6|6|
1000019172|5|5|5|4|5|
1000019174|4|5|4|4|4|
1000019191|4|4|4|4||
1000019208|4|5|4|5||
1000019249|5|4|5|5|4|
1000019324|4|4||4||
1000019348|4|5|6|6|5|
1000019358|6|5|6|5|5|
1000019366||6||6|5|
1000019368|7|8|8|9|10|
1000019375|||4|4||
1000019397||4|4|4|4|
1000019433|6|5|6|5||
1000019459|6|5|8|5||
1000019465||4||||
1000019481|6|6|5|5|5|
1000019507|3|3|3|4|4|
1000019529|5|6||||
1000019530|6||4|4|4|
1000019542||5|5|6|6|
1000019629|7||6|7|8|
1000019637|4||3|||
1000019638|6||6|6|6|
1000019647|6|4|4|4||
1000019666|8|7|7|8|7|
1000019669|6|6|8|7||
1000019702|8|8||||
1000019703|7|7|7|7|7|
1000019706|4||4|4||
1000019712|8|8|10||9|
1000019752|5|5|5|4|6|
1000019780|7|7|8|6|8|
1000019782|6|6|7|4|5|
1000019789|8|8|8|9|8|
1000019812|5|6|5|5|5|
1000019817||6||||
1000019831|4|5|6|6|5|
1000019849|6|5|6|6|6|
1000019863|7||6|5||
1000019880|3|4|4|4|3|
1000019903|6|5||||
1000019926|5|4||4|4|
1000019959|9||9|||
1000020018|7|9|9|||
1000020036|6|5|8|8|9|
1000020037|4|4|5|4||
1000020039|5|4|5|8||
1000020058|4|4|4|||
1000020147|5||||5|
1000020150|7|7|6|8||
1000020156|4|4|4|4|4|
1000020206||||4|4|
1000020227|4|4|4|4||
1000020228|4|4|4|4||
1000020287||6|5|4|5|
1000020306|5|6||||
1000020321|8|6|7|8|7|
1000020360|6|4|4|5||
1000020361|4|5|7|5|5|
1000020370|||4|4|4|
1000020392|7|4|4|||
1000020398|5|5||6|5|
1000020458|5|5|5|5||
1000020469|8|||||
1000020482|3|||5||
1000020485|4|4||4||
1000020490|5||6|||
1000020515|4|4|4|4||
1000020522|7|||8||
1000020525|4|4|4|3|4|
1000020528|4|4|4|4||
1000020529||6|6|6||
1000020537|7|8|8|8|7|
1000020552|6|5|6|5|5|
1000020554|8|10|9|9|10|
1000020557|4|4|4|5||
1000020578|6|6|5|4|4|
1000020586|6|5|6|5|6|
1000020595|5||5|4||
1000020605|4|4|3|3||
1000020610|5|4|5|5|5|
1000020623|||5|||
1000020634|4|4||4||
1000020640|5|4|4|5|5|
1000020674|6|5|5|5||
1000020693|4|4|6|7|6|
1000020707|4|6|5|7|6|
1000020725||8|9|10||
1000020727|4|5|4|6|6|
1000020734|5|5|6|5||
1000020736|||6|5|5|
1000020742|3|3|5|6||
1000020756|7|8|8|9|10|
1000020763|5|5|7|6||
1000020769||||4||
1000020775||||5|5|
1000020777|4|4|4|4||
1000020809|5|5|7|||
1000020834||6|4|5||
1000020837|4|4|5|6||
1000020848||6|5|5||
1000020849|4||4|4||
1000020853||8|7|6||
1000020857|5|5|5|5|5|
1000020875|8|8||||
1000020918|4|4|6|6|6|
1000020945|6|6|6|6|6|
1000020950|5|6|5|4||
1000020986|5|5|5|6||
1000021042||7|8|6||
1000021060|5|5|3|4||
1000021061|4|||||
1000021064|||4|5|5|
1000021068|5|9|9|8||
1000021110|6|10|10|||
1000021157||5||||
1000021174|4|4|5|4||
1000021203|8|9||||
1000021236|6|6|6|6|5|
1000021237|7|7|7|6|6|
1000021266|6|6|9|||
1000021276|8|9|8|6||
1000021290|5|4|4|4|5|
1000021352|5|6|8|8||
1000021359|6|6|6|6|6|
1000021367|9|||||
1000021391||||5|4|
1000021399|6|6|8|8||
1000021431|3|2|3|3|3|
1000021440|6|5|5|||
1000021443|6|6|6|8|8|
1000021459||4|3|4||
1000021474|8|6|6|8||
1000021496|4|6|6|6|6|
1000021505|6|5||||
1000021508|5||5|5||
1000021520|8|8|10|10||
1000021555|7|9|10|||
1000021584|5|4|4|||
1000021586|7|8|6|6|6|
1000021601|4|4|5|4|4|
1000021623|6|5|4|4||
1000021627|7|7|8|5|5|
1000021635|4|4|4|4|5|
1000021639|5|8|9|||
1000021644|8|7|6|6|5|
1000021652|5|5|4|5|6|
1000021672|8|8|8|8|8|
1000021721|8|6|6|5|4|
1000021727|6|||5||
1000021738|5|5|6|6|6|
1000021776|4|||5||
1000021777|5|||||
1000021782|6|6|6|9||
1000021809|5|8|8|8||
1000021813||5|||6|
1000021829|5|5|5|5||
1000021839|6|6|5|5||
1000021842|4|||||
1000021857|5|4|4|4||
1000021866|5|5||4||
1000021895|6|6|6|5||
1000021896|4|4|4|5|5|
1000021924|6|6|7|6|6|
1000021945|8|8|8|8|8|
1000021964|4|4||||
1000021968|4|4|4|4||
1000021980|4|4|4|6|6|
1000021991|3|3|3|3|3|
1000022035|7|6|9|9||
1000022070|6|8|6|6|6|
1000022117|7|6|7|8||
1000022134|5|5|5|6|6|
1000022142||||4||
1000022172|5|4|||4|
1000022200|6|8||||
1000022207|8|6|4|6|4|
1000022233|4|5|5|5|6|
1000022246|5|4|5|4|4|
1000022275|7|6|6||6|
1000022313|7|8|9|10||
1000022340|6|7|8|9|10|
1000022372|4|4||||
1000022433|5|5|5|5||
1000022489|6|5|5|6|6|
1000022495|4|5|5|5|5|
1000022506|8|8|8|10|10|
1000022518|4|4|4|4|4|
1000022555|4|7||||
1000022575|8|10||||
1000022577|7|7|7|8|8|
1000022636|5|4|4|4|4|
1000022640|7|7|9|9||
1000022649|4|5|4|5|6|
1000022650|6|4|5|6|5|
1000022657|4|4|3|3||
1000022659|6|6|6|6|6|
1000022702|3|4||4||
1000022760|9|10|9|||
1000022768|8|8|9|7|7|
1000022811|9|8|8|8|8|
1000022823|4|3|4|||
1000022829|4|5|4|5|4|
1000022845|6|5|6|||
1000022847|5|6|8|9|8|
1000022863||4|3|3||
1000022873|8|9|8|||
1000022888||8|6|9||
1000022894|5|6|6|5||
1000022902|4|4|6|6|7|
1000022913|5|5|5|4|4|
1000022933||6|7|6|6|
1000022964|4|4|4|4||
1000023007|4|3||||
1000023040|8|||||
1000023042|6|6||7||
1000023050|5|4|5|5|5|
1000023058||6|6|6||
1000023103|6|8|8|6|6|
1000023119|6|5|4|5|5|
1000023127|7||7|6|6|
1000023162||||5||
1000023187|5|6|6|||
1000023210||5||||
1000023225|4|4|4|4||
1000023279|5|||||
1000023338|6|6|6|6||
1000023354|8|8|8|8|8|
1000023366|4||4|4|5|
1000023439|6|5|5|5||
1000023442|6|6|6|5||
1000023454|5|6|6|5|6|
1000023489|4|5|6|4|5|
1000023507|4|3|4|9|7|
1000023541|5|5|4|4|4|
1000023561|3|3||3|4|
1000023580|3|4|4|4|4|
1000023635|6|6|5|6|6|
1000023679||||4|4|
1000023704|10|9||||
1000023744|5|6|6|5|8|
1000023766|9|9|10|10||
1000023768|4|4|5|5||
1000023785||6|7|||
1000023833|4||4|4|4|
1000023842|4|4|5|4||
1000023848|4|5|5|5|4|
1000023870|6|6|6|6|6|
1000023882|5|4|6|5|6|
1000023889|6|6||6||
1000023892|5|6|7|9||
1000023897|6|6|6|7|6|
1000023913|||4|4||
1000023934|3||4|3|4|
1000023949|9|||||
1000023956|6|6||8||
1000023977|3|3|3|3|3|
1000023978|8|||8|8|
1000024002|3|4|4|||
1000024003|5|5|5|6|5|
1000024005||4|3|3||
1000024031|4|||||
1000024053|6|6|6|6||
1000024055|8|8|6|6|8|
1000024069|5|6|6|6||
1000024098|6|4|4|4|5|
1000024112|9|||||
1000024141||5||||
1000024152|8|8|8|8|8|
1000024159|6|8|8|8|8|
1000024197|4|5|5|6||
1000024236|4|4|3|||
1000024273|6|7|8|7||
1000024277|5|5|6|6||
1000024284|5|4|5|5|4|
1000024290|||4|4||
1000024356|4|5|4|4|5|
1000024364|8|10|8|||
1000024365|7||6|6||
1000024388|6|6|7|6|6|
1000024477|4|4|4|4||
1000024481|3|3|4|4|6|
1000024506|8||8|8||
1000024512|5|4||4||
1000024518|8|8|6|8|5|
1000024533||||4||
1000024610|7|7|7|7|7|
1000024625|3|4||3||
1000024677|6||5|5|6|
1000024683|5|6|6|6||
1000024774|5|6|6|6||
1000025016|4|5|5|6||
1000025104|7|6|7|6||
1000025194|8|6|6|6|4|
1000011319|8|8|7|6|8|
1000008147|6|||||
1000024796||4|5|||
1000025980|5|6|6|7|7|
1000025981|8|8|8|8|8|
1000009964|5|6|7|8|8|
1000009966|4|4|5|5|5|
1000026187|8|8|9|8|8|
1000025442||5|5|||
1000026511|8|8|8|8|9|
1000026741|8|8|9|9||
1000012455|5|6||6||
1000024859||6|6|||
1000024860||3|5|||
1000025515|5|5||||
1000024561|6|5|5|4|5|
1000024852||5|4|5||
1000016858|4|4|5|5|5|
1000018727|5||4|3||
1000009338||||6||
1000025271||6||||
1000019799||4||||
1000025927|||6|||
1000021111|7|6|6|6|6|
1000024717|8|8|9|||
1000019286||8|7|7|6|
1000013128|8|7|8|6||
1000021242|6|4|4|6|6|
1000009076|4|4|3|4|4|
1000011219||4|4|4|4|
1000008693|6|9||||
1000021823|6|6|6|5|5|
1000025946|6||7|6|7|
1000026541|8|8|9|10|10|
1000026544|5|6|5|4|4|
1000023011|8|9|9|8|9|
1000026387|4|4|6|6|6|
1000025064|4|6|5|6||
1000022676|3|||||
1000022677|6|5|5|6||
1000025865|10|10|10|9|6|
1000025866||6|6|6|6|
1000016541|9|||||
1000016545|||9|7|7|
1000016547|6|5|5|5||
1000025481|5|9||||
1000024578|4|4|4|5|5|
1000023336|6|8|5|6||
1000019301|7|7|8|6||
1000022633|5|5|6|4||
1000025317|10|||||
1000025595|4|4|4|4|4|
1000009364|6|8|8|8|6|
1000005223|5|4|4|4||
1000026375|6|||5||
1000011899|8|6|8|6|5|
1000025776||4|6|6|6|
1000020117|4||4|4||
1000008701|4|||||
1000025087||4|4|4|4|
1000025798|8|6|6|8||
1000025799|6|6||5||
1000024801|||6|6|6|
1000015406|5|5|5|4||
1000005556|6|7|8|9|8|
1000026201|4|4|5|3|4|
1000005426|5|6||5|5|
1000025227|6|||||
1000025122|7|8|8|8||
1000025293|6|8|8|8||
1000005293|6|6|8|8||
1000008678|5|5|5|6||
1000025181|||4|4|4|
1000025327|||9|||
1000014393|7|6|6|5||
1000025879|5|4|4|6|5|
1000019691|4|4|4|4||
1000013854|4|4|5|4|5|
1000006760|9||8|8|9|
1000025538|5|6|6|6||
1000025539|7|7|6|6|6|
1000023963||6|6|6||
1000007328|6||6|6||
1000015965|6|6|6|||
1000015966|4|6|5|6||
1000012445|8|8|8|||
1000025738|5|4|4|4|6|
1000025749|7|6|8|9||
1000026042|3|3|3|4|3|
1000025074|7|8|8|6||
1000026965|4|6|7|8|8|
1000026967|4|6|5|5||
1000026288|6|5|5|6|5|
1000021899|9|||||
1000027209|5|5|7|8|6|
1000026101|6|||6|6|
1000025541|6|6|6|||
1000027274|4|6|6|5|6|
1000016317|5||5|8||
1000006781|6|6|9|10||
1000025262|4||4|||
1000005277|6|||||
1000021527|8|8|9|8|8|
1000015319|6|4|5|7|6|
1000021118|9|9|9|8|8|
1000026495|4|4|4|5|5|
1000023797|4||5|5||
1000013158||4|7|6||
1000016667|7|8|6|8||
1000016121|8|7|7|8||
1000024957|5||4|4||
1000026557|4|4|5|4|4|
1000005296|6|6|6|5|6|
1000025453|5|6|8|8|8|
1000026232|7|7|7|7||
1000025607|5|8||||
1000014231|6|7|6|4|6|
1000015625|5|4|5|5|6|
1000026111|6|7|10|9|9|
1000013983|6|6|6|5|5|
1000013773|5|6|6|5|4|
1000023304|6|6|6|5||
1000026402|6|6|6|6|8|
1000026406|4|4|4|5|4|
1000009932|4|||||
1000025409|6|8|8|8|6|
1000026473|7|8|8|9|9|
1000018184|5|6|5|5|5|
1000025910|5|6|5|6|6|
1000025009|6|6|7|6|6|
1000022959|8|8|8|8||
1000012312|6|6|6|5|5|
1000015342|||4|5||
1000024914|9|9|9|9|9|
1000025999|4|4||4|3|
1000026005|5|5|6|6||
1000027526|8|8|8|8|9|
1000027527|6|6|8|7|8|
1000024903|6|9|9|9|8|
1000027498|8|9|10|10|10|
1000026321|7|8|7|8|6|
1000027934|5|5|5|5|5|
1000025641|3|3|4|3|3|
1000005518|8|4|4|4|4|
1000005520|5|5|6|7|7|
1000027797|8|9||||
1000028260|4|4|6|5||
1000028265||4|3|4||
1000026516|5|||||
1000024977|4||4|4||
1000027543|||6|6||
1000027326|5|5|5|||
1000025287|6|6|6|6||
1000027097|10|||||
1000014205|4|5|5|6||
1000024926|6|6|6|6||
1000026015|5|5|6|6|5|
1000026979|3|3|4|||
1000018147|4|5|5|4|5|
1000027987|5|5|5|5||
1000026494|4||6|5||
1000026434|5|5|9|||
1000027410|8|8|8|8|8|
1000026957|8|5|8|9|7|
1000027030|5|10||||
1000027756|6|6|6|||
1000027894|8|7|6|7|8|
1000027895|7|8|5|6|6|
1000028114|4|4|3|4||
1000028022|8|||||
1000026116|4|5|6|6||
1000020856|6|8|6|6|5|
1000025676|8|6|7|7||
1000027239|6|6||6||
1000005474|6|8|8|4||
1000025089|10|||||
1000025090|5|6|6||5|
1000025094|4|4|5|6|6|
1000027440||7|5|6|6|
1000009348|4|4|6|5|4|
1000027314|||3|||
1000029188|6|8||9|9|
1000028094|||7|||
1000005429||5||5||
1000026605|4|||||
1000028650|8|8|10|||
1000005434|6|8|8|7||
1000028238|4|4|5|5|5|
1000027512|4|4|4|4|5|
1000027654|5|6|6|8|7|
1000026753|5|5|6|5|5|
1000026370|4|6||||
1000022455|5|5|5|5||
1000026029|4|5||||
1000028853|4|4|6|6|6|
1000027306|5|5|6|6|6|
1000028824|7|8|8|7|8|
1000028392||6|6|||
1000029014|5|6|6|5||
1000026783|6|6||6||
1000026408|4|5|4|5||
1000028485|6|6|8|||
1000029105|5|9|8|6|6|
1000025760|4|4|4|3|3|
1000027924|6|6|6|5|5|
1000027868||||9||
1000027849||6|5|||
1000026876|4|6|4|5||
1000026877|6|5|5|6|6|
1000028103|7|6|6|8||
1000029950|6|6|6|6|6|
1000025594|6|6|5|5||
1000028898|5|5|4|4|7|
1000000011|4|4|4|4|4|
1000028374||4||4|5|
1000028282||7||9||
1000020902|||5|||
1000020910|5|5|5|5|5|
1000008717|5|5|5|5|5|
1000028351|4|4|3|4|4|
1000028353|7|7|8|7|8|
1000029301|5|||5||
1000028072|4|5|6|4||
1000028452||5||5||
1000026143|6|7|7|5|5|
1000027419|8|9|9|9|9|
1000028293|7|7|6|7|8|
1000027886|5|5|7|6|9|
1000029779|4|4|4|4|5|
1000005230|6|6|8|8|6|
1000027508|4|4|5|6|6|
1000028983|7|6||8||
1000028987|6|6|6|6||
1000022606|5|5|7|6|5|
1000027598|8|8|8|||
1000025498|8|8|8|9|9|
1000028224|6|7|9|||
1000026833|||4|6|6|
1000025303|7|8|8|7|7|
1000029629|8|8||6||
1000029630||8|5|5||
1000029631|5|7|8|||
1000026283||||4||
1000028600||5|6|||
1000026738|6|5|8|||
1000027955|9|9||||
1000029033||8|8|6|6|
1000029034|5||8|9|9|
1000029002||4||4||
1000028785|6||||7|
1000005423|4|4|4|4||
1000028445||8|8|8|9|
1000029649|8|8|7|8|7|
1000029650|5|||||
1000030238|9|8|8|8|8|
1000026401|6||4|4||
1000028732|4|3|6|9|9|
1000028734|6|7|6|6||
1000028491||9||||
1000028309|6|6|6|6|6|
1000028004|6|6|8|7|8|
1000028721|5|5|6|5||
1000030216||5|5|4||
1000027020|6|5|6|9||
1000027785|5|5|5|5||
1000027787|6||6|6|6|
1000027791|8|8|6|4|4|
1000026228|8|7|6|6|7|
1000030317|7|8|6|||
1000025707|6|5|5|4|4|
1000031451||8|6|||
1000026303|7|||||
1000025690|5|8|6|8|6|
1000025692||4||4|4|
1000025693|4|7|7|6|7|
1000025897|7|7|8|10||
1000029316|5|6|6|8|8|
1000029492||6||6||
1000031013||6|8|9|8|
1000027120||8|8|9|8|
1000029387|4|||4||
1000029297|6|||10||
1000028566|4||4|5|6|
1000015293|5|5|5|||
1000029909||4|5|||
1000029642|5|8|9|||
1000029204|8||6|||
1000029269|8|8|8|8||
1000028922|5|4|4|5|4|
1000031258||7|8|9|6|
1000031260||6|6|6||
1000026698|5|4||||
1000031056|4|4|3|3||
1000025340|4|5|4|5|6|
1000031302|||7|8||
1000030671||||5|4|
1000031151|7|7|6|7||
1000027321|8|8|8|8|6|
1000030606||9||||
1000027264|6|8|8|6||
1000028931|4|4|4|4||
1000030887|4|4|5|5|5|
1000029701|4|5|5|5|5|
1000026483|||8|8|4|
1000030275|5|||5|5|
1000029541|8|9||||
1000029185|6|8|8|||
1000029902||7|6|7|8|
1000030194|5|4|4|6|4|
1000030080|4|5|7|7|6|
1000029506|||8|6||
1000030776||||6||
1000030127|7|9|7|8|7|
1000029214|6|7|6|6||
1000030221|5|8|8|7|7|
1000030369|9|6|9|10|10|
1000025251||6|5|5||
1000025257|4|4||4|4|
1000029533|6|7|6|7|7|
1000029997|6|6|7|7||
1000030111|4|4|5|5|5|
1000029726|7|6||||
1000030753|4|5|6|6||
1000031024|||8|9|8|
1000028128|4|||||
1000030206|6|7|7|8|7|
1000029683|4|5|4|7|7|
1000026803||6|6|6|6|
1000026805|8|9|9|8|8|
1000030029|8|9|9||9|
1000027916|6|5|8|7|7|
1000028982|8|8|6|7|6|
1000029166|8|8|10|||
1000029789|||8|7||
1000027398|4|4|4|5|8|
1000009681|9|9|9|8|9|
1000027627||4|4|4||
1000027615|5|8|8|10||
1000030819||8|8|8|8|
1000030383|4|6|5|7|6|
1000030105|||4|5|4|
1000030344|9|9|9|||
1000028957||4|4|4|3|
1000028962|4|5|5|5|6|
1000027537|5|8|6|7||
1000029477|5|6|6|9||
1000030282|7|5|5|6||
1000030284|7|6|6|6|6|
1000025330||4||4|4|
1000026423|5|4|4|5|4|
1000030451|7|8|7|5||
1000030453|6|||7|8|
1000028099|3|4|3|4|3|
1000030058|4|4|5|7|6|
1000030061|4|3|5|4||
1000030836|4||5|5|4|
1000029131|6|6|6|5|6|
1000029132|3|3|3|4|4|
1000029604|5||6|||
1000029097|6|5|6|5||
1000029277|8|9|10|10||
1000029561|||5|5|5|
1000030403|4|5|6|4|5|
1000030152|4|6|5|4||
1000030929||6|8|||
1000027638||5||5|4|
1000027639|4|4|5|5||
1000030160|5|6|6|6|7|
1000030234|3|4|4|4|3|
1000031324||10|5|6|9|
1000031127||6||||
1000027415|6|6|9|8|8|
1000030551|8|7||5|6|
1000030974|9|5|5|6||
1000030830|6|8||8||
1000030832|4|4|4|||
1000001087||5|5|4||
1000027899|5|8|8|8||
1000031702||9|7|||
1000031625||6|5|5|4|
1000030933|6|5|5|9|8|
1000001109||6|8|8||
1000018263|4|||||
1000001201|5|5||5||
1000030743|7|5|5|5||
1000031768|5|4|4|4||
1000001130|4|4|4|4|4|
1000030366|4|4|6|8||
1000031718||8|8|||
1000025893|6|7|7|4|4|
1000006800||7||7||
1000016444|5|||||
1000001237|5|6|6|5|5|
1000016129|6|6|6|5||
1000027216|4||5|6|6|
1000030964||9|9|6|7|
1000004823|9|10||||
1000005100|6|5|5|5||
1000005101|6||9|9||
1000029514|4|4|4|7||
1000005492||6|7|6||
1000031442||7|9|10|10|
1000021662|6|5|5|8|8|
1000006585|5|||||
1000031146||6|6|6||
1000009495|5||5|5||
1000026090|4|6|8|9||
1000017959|4|||5||
1000017961|6|5|5|5|4|
1000016663|6|6|6|6|6|
1000019330|4|6|7|6|5|
1000018439|5|5|5|||
1000029876||6|6|||
1000004883|4|4|4|4|4|
1000030485|4||4|4|4|
1000031053|6||5|||
1000020787|6||5|5|5|
1000020789|5|5|5|5|5|
1000007813|4|4|||4|
1000027276|4|4||||
1000029362|8|6|6|6||
1000015958|6|6|7|6|7|
1000022358||4|5||5|
1000013298|9|10|9|10|10|
1000026440|6||6|||
1000010936|4|4||5||
1000026462|8|9||||
1000026863|8|8|8|6|4|
1000031545||8||6||
1000031241|5|5|5|5|5|
1000027128|5|||||
1000027501|||5|8|6|
1000018031|8|8|7|7||
1000015020|6|5||5||
1000004762|4|5|5|5||
1000006505|5|4|5|5||
1000004240|6|6|8|8|7|
1000004777|8|6|6|7|8|
1000020093|8|9|10|||
1000020843|6|5|6|6|8|
1000004979|4|4|3|3||
1000004940|4|4|4|5||
1000004950||4|4|5||
1000004753|6|6|6|6|6|
1000004981|5|6|6|6|5|
1000004956||8|8|8||
1000008291|5|5|6|7|6|
1000017925||10||||
1000029891|6||5|5|5|
1000030726|5|5|10|10||
1000029977|5|4|5|5||
1000029978||6||5||
1000032008||||8||
1000028598|6|6|6|6|6|
1000031636||8|6|6|6|
1000011694|6|9||||
1000011696||8||6|7|
1000011843|6|6|6|6|6|
1000011844|4|4|4|4||
1000026881|4||4|4|3|
1000031370||4|6|5||
1000011617|6|5|6|5|4|
1000031919|||8|8|6|
1000031338||5|4|4|4|
1000011921|4||4|||
1000028316|5|5||5||
1000011602|4|4|5|5|4|
1000011657|5|4|5|5|5|
1000011719|6|9||||
1000011723|5|5|4|5|4|
1000032072||||8||
1000011597|4|3|3|4||
1000011871|8|8|9|10||
1000011804||4|5|4||
1000031154|5|6|||8|
1000031773|||4|5||
1000031264||6||8|7|
1000025142|6|6|7|7|7|
1000001047|6|||||
1000001048|5|5|6|6|8|
1000026712|4|4|5|5|5|
1000029654|4|6|8|8||
1000030328|6|8|8|6||
1000030330|8|8|8|||
1000031512||9|6|6|6|
1000031757|||5|4|4|
1000027840|5|6|7|6|6|
1000027841|6|9|9|9|9|
1000026969|||6|||
1000028590|4|4|5|9|10|
1000028277||7|7|8|8|
1000031578||8|8|5|6|
1000028571|6|6|6|8|8|
1000025650|6|8|9|9||
1000005719|6|6|6|||
1000031297||9|10|8|6|
1000029448|4|5|6|5||
1000029616|5|5|5|6|8|
1000029405|||9|7||
1000029407|6|6|||5|
1000030988|6||8|9||
1000029453|4|||||
1000030711|8||8|6|7|
1000031738||7|6|5|6|
1000028781|6|6|7|6|5|
1000028782||4||||
1000031660||7|5|5|4|
1000031470|||8|||
1000031097||5|6|6|8|
1000031831||||10||
1000026828|5|5|4|5|6|
1000032018|6|5|5|5|5|
1000027474|||5|5||
1000031114||6|6|6|6|
1000031123|4|8|8|||
1000030659|5|4|4|4||
1000030733||4||||
1000031344||6|7|||
1000031912|||8|7||
1000031364||4|4|4|4|
1000031005|5|5|6|6|4|
1000031008|9|9|7|||
1000027716|6|8|9|8|5|
1000031061|5|6|8|6||
1000031020|4|4|6|8|8|
1000030913|8|||||
1000031035|6|6|5|5|4|
1000031879|||6|6|6|
1000028582|6|8||||
1000031613||8|8|9||
1000030140||6|7|8|7|
1000007183||5||||
1000008746|3|3|4|4||
1000008450|||9|9|9|
1000008444|4|5|7|6|5|
1000008170|4|4|4|4||
1000009696||8|7|7||
1000007898|5||4|4||
1000007553|4|||5|6|
1000009109|5|5|5|6|5|
1000007604|6|4|5|5|4|
1000007530|6|5|5|5|5|
1000007092|10|10|9|8|9|
1000005942|6|4|||5|
1000008982|4|6|7|6|5|
1000008495|5|6|5|5||
1000009518|6|6|6|5||
1000006889|5|5||||
1000008482|5|5|4|4|4|
1000008013|5|5|4|6||
1000009413|6|6|6|7|5|
1000008936|8|||10||
1000008518|4|4|4|4||
1000009139|6|5|6|5|5|
1000009140|4|4|4|4|4|
1000008734|3|||||
1000009370|8|||8||
1000031382||10|8|9|7|
1000031631||6||5|6|
1000010536|3|4|4|4||
1000025718|7|8|6|7||
1000032065||||9|9|
1000007830|8|8|9|9||
1000024541|4|4|4|4|4|
1000006962|7|6|5|5||
1000009789|9|4|5|3|3|
1000006952|9|||||
1000005500|5|5|5|6||
1000008300|6|6|6|6|7|
1000009259|6|7||||
1000008135|||4|6||
1000031737||8|8|9||
1000031754||||7||
1000031755||||8||
1000010755|5|5|5|||
1000009883|4|5|6|4|5|
1000007673|6|5|4|4|3|
1000007675|5|5||5||
1000009302|4|4||7||
1000031786|||5|4|4|
1000031160|5|6|8|6|6|
1000010549|6|6|6|8||
1000007833|5|4|4|4|4|
1000025278|5|5|7|8|8|
1000010291||6|6|6|6|
1000031602|7|8|8|9||
1000007771|3|3||4||
1000007664|||4|6||
1000009936|4|4||4||
1000009937|4|6|5|6||
1000010749|6|5|6|5|5|
1000030519|5|6|6|7|6|
1000030310|6|8|8|9||
1000030313|9|5|6|7|8|
1000028680|6|7|9|||
1000010483|5|5|5|5||
1000030400|5|5||5|5|
1000029195|6|5|6|6||
1000029747|7|6|6|9||
1000008594|8||8|9||
1000027017|8|8|8|7|6|
1000028170|||9|8||
1000005669|5|6|6|6||
1000010463|6|8|8|8||
1000010761|6|8|9|9|8|
1000027195|4|4|4|||
1000027603|5|6|6|5|6|
1000029422|4|4|5|4|4|
1000028895|7||8|8||
1000029952|6|8||||
1000028904||||6|7|
1000006939|4|5|5|6|6|
1000026651|8|8|8|8|8|
1000027673|6|||5||
1000027675|4|5|5|5||
1000030230||8|8|8|8|
1000010030|7|6|7|5|6|
1000010187|3|3|4|3|3|
1000010701|5|5|4|6|8|
1000010090|4|||||
1000007794|6|6|6|6||
1000010581|5||6|||
1000010175|6|6|6|9|8|
1000010694|5|4|4|||
1000010079|4|5|5|5|5|
1000009986|4|4|4|4|4|
1000009278|4|4|4|4|6|
1000010328|9|10|9|||
1000010329|4|4|4|4|4|
1000010779|6|6||||
1000024676|5|4|5|5||
1000010832|6|8|4|5|5|
1000010070|5|6|5|4|6|
1000010066|3|5|4|6|5|
1000010510|8|8||8|8|
1000010134|6|6|6|5||
1000010682|5|6|9|6|5|
1000010127||4||||
1000010383||4||5||
1000024473|6|6|6|7|7|
1000024475|8|4|5|6|6|
1000024095|4|4|4|4|5|
1000031237|5|5|5|5|5|
1000030875|5|6|6|5|5|
1000031806|||6|6||
1000031890||||8||
1000031582|||9|||
1000031583|6|8|6|||
1000030527|||4|6||
1000031925|||4|5||
1000014028|5|4|4|4|4|
1000029986|6|8|8|6||
1000031819|||5|5||
1000006651|9|||||
1000027443|5|5|6|7|6|
1000004986|5|5|5|4|4|
1000029221|6|5|6|6||
1000015206|6|5|7|9|9|
1000013764||5||||
1000005003|5|5||||
1000026362|6|7|||4|
1000026364|||4|4||
1000005005|4|7|5|5|8|
1000005081|6|10||||
1000031464||6|6|||
1000028157||4|8|||
1000027137|3|||||
1000031703|||8|||
1000029721|6|6|6|6|5|
1000009742|6|6|8|7||
1000032095|8|8|9|8|9|
1000009749|5|5|4|4|4|
1000009750|||5|5||
1000031215|4|4|5|5||
1000009741|6|6|6|5||
1000031836|||10||9|
1000031824||||8|9|
1000030586|||8|5||
1000032060||||6|6|
1000031678||6||||
1000026731|7|8|7|7||
1000032002|||8|6||
1000030425|6||||5|
1000032087||||4|3|
1000032101|8|7|6|7|7|
1000030923|5|5|6|6||
