V_BZNO|CRINF_RLR_DSC|CRDBD_RSNC|CRDBD_OCU_YY|SUM(CRDBD_RSN_AM)|SUM(CRDBD_OVD_AM)|MAX(CRDBD_RLS_OCU_DT)|MAX(CRDBD_RLS_RSNC)|
가상_사업자번호|신용정보관련인구분코드 |신용불량사유코드 |신용불량발생일자 |신용불량사유금액 |신용불량연체금액 |신용불량해제발생일자 |신용불량해제사유코드 |
1000000036|7|101|202508|8862957|6854861|20260327|99|
1000000036|7|105|202508|56390|0|20260407|1|
1000000091|7|101|202205|148060|147923|0|0|
1000000091|7|104|202205|3061|3031|0|0|
1000000091|7|101|202206|400000|161544|0|0|
1000000261|7|101|202504|7542187|7542187|0|0|
1000000261|7|101|202505|201666|201666|0|0|
1000000312|7|101|202508|6529725|5955314|20260126|99|
1000000312|7|101|202509|4191551|4191551|20251230|12|
1000000346|7|201|202507|91071|91071|0|0|
1000000346|7|101|202508|810574|810574|20260511|12|
1000000346|7|201|202508|164067|164067|0|0|
1000000346|7|201|202509|119510|119510|0|0|
1000000346|7|201|202510|448039|448039|20260511|12|
1000000346|7|101|202512|355000|355000|0|0|
1000000374|7|101|202405|491750|467407|0|0|
1000000374|7|101|202406|512500|27983|0|0|
1000000407|7|104|202508|48288|48288|0|0|
1000000407|7|104|202512|5220|5220|0|0|
1000000417|7|101|202408|724335|541131|0|0|
1000000417|7|104|202408|14788|14788|0|0|
1000000417|7|104|202409|1952|1952|0|0|
1000000417|7|104|202410|4998|4998|0|0|
1000000470|7|101|202308|247500|19067|0|0|
1000000470|7|101|202309|149000|22174|0|0|
1000000470|7|202|202309|534079|534079|0|0|
1000000470|7|101|202310|198000|29700|0|0|
1000000562|7|101|202603|29574589|29574589|0|0|
1000000613|7|101|202304|1845729|1136116|0|0|
1000000613|7|104|202304|177691|138980|20250530|1|
1000000613|7|101|202305|2608338|2514637|0|0|
1000000613|7|106|202305|20743|20743|0|0|
1000000613|7|101|202306|1225451|16146|0|0|
1000000613|7|101|202307|549720|402|0|0|
1000000613|7|101|202308|190|190|0|0|
1000000613|7|104|202308|85207|36608|20250926|6|
1000000613|7|101|202309|655311|646911|0|0|
1000000613|7|106|202503|19|19|0|0|
1000000625|7|101|202504|3225|2934|0|0|
1000000631|7|101|202103|2693322|353046|0|0|
1000000631|7|101|202104|3503085|3165582|0|0|
1000000631|7|101|202106|1880000|1832432|0|0|
1000000631|7|202|202107|2213484|2213484|0|0|
1000000631|7|101|202109|5406143|4853960|0|0|
1000000663|7|101|202512|480166|480166|0|0|
1000000663|7|101|202601|162000|162000|0|0|
1000000673|7|101|202603|321600|321600|0|0|
1000000673|7|101|202604|252417|252417|0|0|
1000000677|7|104|202307|74064|74064|0|0|
1000000677|7|101|202308|1075000|70711|0|0|
1000000677|7|104|202308|16937|16937|0|0|
1000000677|7|101|202309|240000|240000|0|0|
1000000677|7|104|202309|6959|6959|0|0|
1000000677|7|101|202310|342000|212247|0|0|
1000000677|7|202|202310|116643|116643|0|0|
1000000677|7|101|202311|66726|66726|0|0|
1000000677|7|201|202510|37167|37167|0|0|
1000000806|7|104|202505|816933|815613|0|0|
1000000806|7|101|202509|4541079|3801946|0|0|
1000000806|7|101|202510|895474|247474|0|0|
1000000806|7|101|202511|331514|331514|0|0|
1000000888|7|101|202401|89500|89500|0|0|
1000000888|7|104|202401|36173|36173|0|0|
1000000888|7|104|202402|2888|2888|0|0|
1000000897|7|101|202502|3025149|3015224|0|0|
1000000897|7|104|202502|46868|24325|20260312|3|
1000000897|7|105|202502|19462|19462|0|0|
1000000897|7|101|202503|640452|640452|0|0|
1000000897|7|101|202506|634669|380000|0|0|
1000000897|7|106|202508|7|7|0|0|
1000000897|7|101|202512|254667|254667|0|0|
1000000916|7|101|202504|798073|270916|0|0|
1000000916|7|101|202505|636000|357200|0|0|
1000000991|7|101|202301|136900|20535|20251128|16|
1000000991|7|101|202302|96950|22160|0|0|
1000000991|7|202|202303|416681|415805|0|0|
1000001001|7|101|202412|32000|32000|0|0|
1000001023|7|101|202409|5526181|495664|0|0|
1000001023|7|101|202410|190000|1|0|0|
1000001023|7|101|202503|103336|103336|0|0|
1000001023|7|101|202504|74119|74119|0|0|
1000001023|7|101|202505|78818|78818|0|0|
1000001040|7|101|202507|286182|286182|0|0|
1000001040|7|101|202508|573546|573546|0|0|
1000001040|7|101|202509|2755668|2755668|0|0|
1000001040|7|101|202510|3918674|3512955|0|0|
1000001040|7|104|202510|48416|48416|0|0|
1000001040|7|101|202511|73254|73254|0|0|
1000001040|7|101|202512|2562753|2562753|0|0|
1000001040|7|201|202512|101613|101613|0|0|
1000001040|7|101|202601|1537840|1537840|0|0|
1000001040|7|101|202602|340451|340451|0|0|
1000001040|7|101|202603|1269273|1269273|0|0|
1000001040|7|106|202603|61377|61377|0|0|
1000001077|7|101|202506|719100|143820|0|0|
1000001077|7|101|202509|180000|36000|0|0|
1000001134|7|104|202507|27382|27382|20251229|16|
1000001134|7|101|202508|107431|37840|0|0|
1000001134|7|104|202508|45157|45157|0|0|
1000001134|7|101|202509|15000|15000|0|0|
1000001212|7|104|202406|69764|69764|0|0|
1000001212|7|105|202406|115369|22204|0|0|
1000001215|7|104|202402|75624|75235|0|0|
1000001215|7|104|202403|10047|10047|0|0|
1000001232|7|101|202508|430000|430000|0|0|
1000001232|7|104|202508|90184|90184|0|0|
1000001232|7|101|202509|450000|450000|0|0|
1000001263|7|104|202302|1128|1128|0|0|
1000001294|7|101|202401|303600|303388|0|0|
1000001294|7|101|202402|100000|5000|0|0|
1000001298|7|101|202405|4077708|790308|0|0|
1000001298|7|104|202405|141304|141304|0|0|
1000001298|7|101|202406|140684|139985|0|0|
1000001298|7|101|202407|405000|56500|0|0|
1000001298|7|101|202408|100000|100000|0|0|
1000001298|7|101|202504|1471869|1471869|0|0|
1000001309|7|101|202508|135900|25868|0|0|
1000001309|7|101|202509|225800|39231|0|0|
1000001309|7|202|202509|110031|110031|0|0|
1000001312|7|101|202510|198819|198818|0|0|
1000001312|7|104|202510|24272|7341|0|0|
1000001312|7|101|202602|127216|127198|0|0|
1000001320|7|101|202601|100000|2|0|0|
1000001324|7|101|202409|136000|136000|0|0|
1000001324|7|101|202411|18932|18932|0|0|
1000001324|7|101|202501|60871|59762|0|0|
1000001324|7|101|202502|50000|50000|0|0|
1000001324|7|101|202503|9032|645|0|0|
1000001327|7|101|202412|734000|144633|0|0|
1000001327|7|101|202501|620000|52919|0|0|
1000001327|7|105|202510|7374|7374|0|0|
1000001343|7|104|202209|35979|3849|20251128|16|
1000001343|7|202|202209|1018759|1018759|0|0|
1000001343|7|101|202210|784147|779323|20251128|16|
1000001343|7|104|202210|1794|1794|0|0|
1000001343|7|105|202303|31908|10304|0|0|
1000001363|7|101|202402|97737|3253|0|0|
1000001363|7|101|202410|195179|0|20260127|1|
1000001383|7|101|202310|40000|2000|0|0|
1000001383|7|101|202408|875000|31855|0|0|
1000001404|7|104|202209|29989|29989|0|0|
1000001404|7|101|202210|228965|228965|0|0|
1000001404|7|104|202210|90007|90007|20251128|16|
1000001404|7|101|202211|584249|584249|20251128|16|
1000001410|7|101|202403|2670916|1154704|0|0|
1000001410|7|104|202403|153233|147437|0|0|
1000001410|7|201|202403|20804|20804|0|0|
1000001410|7|101|202404|552447|552447|0|0|
1000001410|7|104|202404|19998|19998|0|0|
1000001410|7|201|202404|74244|74244|0|0|
1000001410|7|101|202405|104945|104945|0|0|
1000001410|7|201|202405|19649|19649|0|0|
1000001410|7|201|202406|139885|139885|0|0|
1000001410|7|204|202406|19597|19597|0|0|
1000001410|7|101|202407|147088|147088|0|0|
1000001410|7|204|202407|65664|65664|0|0|
1000001410|7|101|202408|146983|146983|0|0|
1000001410|7|204|202408|22063|22063|0|0|
1000001410|7|101|202409|375000|375000|0|0|
1000001410|7|204|202409|24336|24336|0|0|
1000001410|7|101|202412|9352|9352|0|0|
1000001414|7|101|202209|1054092|749492|0|0|
1000001414|7|104|202209|47999|47948|0|0|
1000001414|7|202|202209|285221|283906|0|0|
1000001414|7|101|202210|284437|284437|0|0|
1000001414|7|202|202210|274280|274280|0|0|
1000001414|7|101|202211|28198|28198|0|0|
1000001414|7|105|202311|2141|2141|0|0|
1000001443|7|104|202502|22845|22845|0|0|
1000001443|7|101|202503|614065|150425|0|0|
1000001443|7|104|202503|72051|72051|0|0|
1000001443|7|104|202504|17787|17787|0|0|
1000001443|7|101|202506|62055|62055|0|0|
1000001505|7|101|202412|609983|609983|0|0|
1000001505|7|104|202412|5017|5017|0|0|
1000001505|7|101|202501|200000|200000|0|0|
1000001512|7|104|202311|12161|12151|0|0|
1000001512|7|101|202401|47500|2|0|0|
1000001512|7|104|202401|21643|21643|0|0|
1000001512|7|101|202403|300000|15000|0|0|
1000001549|7|101|202505|9581372|6461000|0|0|
1000001549|7|104|202505|93909|85292|0|0|
1000001549|7|101|202506|3240246|3233480|0|0|
1000001549|7|202|202506|2036008|2036008|0|0|
1000001549|7|101|202509|396000|396000|0|0|
1000001603|7|101|202506|1822401|1271557|20251203|12|
1000001616|7|104|202510|6958|6958|0|0|
1000001616|7|104|202511|3930|3930|0|0|
1000001616|7|101|202603|41928|41928|0|0|
1000001633|7|104|202509|107191|107191|0|0|
1000001633|7|101|202511|6394000|5465000|0|0|
1000001656|7|101|202204|243000|243000|0|0|
1000001656|7|101|202205|1202862|862289|0|0|
1000001656|7|104|202205|23248|6038|0|0|
1000001669|7|101|202109|300000|297991|0|0|
1000001684|7|101|202407|175482|153855|20251118|12|
1000001684|7|101|202410|91400|91400|20251023|12|
1000001690|7|101|202501|810696|260057|0|0|
1000001690|7|101|202502|300000|100858|0|0|
1000001722|7|104|202110|48061|45888|0|0|
1000001722|7|101|202111|1800633|831695|0|0|
1000001722|7|101|202112|55344|55344|0|0|
1000001722|7|202|202112|1237484|1234356|0|0|
1000001784|7|101|202403|444000|88307|0|0|
1000001784|7|101|202405|11522|11522|0|0|
1000001785|7|101|202108|428794|126465|0|0|
1000001785|7|101|202109|1361195|1143513|20251128|16|
1000001785|7|101|202110|140000|140000|0|0|
1000001785|7|202|202110|794183|791227|0|0|
1000001798|7|104|202111|46484|46484|0|0|
1000001798|7|101|202112|3108414|2421605|0|0|
1000001798|7|104|202112|106588|106584|0|0|
1000001798|7|202|202112|155211|155211|0|0|
1000001798|7|101|202201|27000|27000|0|0|
1000001813|7|104|202408|20473|20130|0|0|
1000001813|7|101|202409|200000|9860|0|0|
1000001813|7|101|202410|67000|11325|0|0|
1000001813|7|202|202410|407051|400767|0|0|
1000001813|7|101|202501|120000|5924|0|0|
1000001889|7|101|202403|171000|164592|0|0|
1000001889|7|101|202404|645096|128645|0|0|
1000001889|7|101|202405|67300|64006|0|0|
1000001889|7|202|202411|547051|508141|0|0|
1000001921|7|104|202211|25479|25479|0|0|
1000001921|7|101|202212|170862|163939|0|0|
1000001921|7|104|202212|9055|9055|0|0|
1000001921|7|202|202212|941156|934275|0|0|
1000001921|7|101|202301|138009|135433|0|0|
1000001921|7|205|202302|273564|264492|0|0|
1000001975|7|101|202403|717800|165418|0|0|
1000001977|7|101|202508|1836130|1836130|20251229|99|
1000001977|7|101|202509|1014063|1014063|0|0|
1000001981|7|101|202509|300000|45000|0|0|
1000001981|7|104|202509|44395|44394|0|0|
1000001981|7|101|202510|286050|286050|0|0|
1000001981|7|101|202511|50000|50000|0|0|
1000002054|7|101|202304|515500|515500|0|0|
1000002054|7|104|202304|189592|185617|0|0|
1000002068|7|101|202301|421458|111378|20251128|16|
1000002068|7|104|202301|39713|39713|20251128|16|
1000002068|7|101|202302|100000|100000|0|0|
1000002068|7|202|202302|225321|225321|0|0|
1000002075|7|101|202603|12765|12471|0|0|
1000002105|7|202|202206|829868|818845|0|0|
1000002105|7|101|202208|1860735|1850683|20251128|16|
1000002105|7|104|202208|77043|77039|20251128|16|
1000002121|7|101|202503|155688|155688|20250926|12|
1000002121|7|101|202504|130345|130345|20250926|12|
1000002133|7|101|202404|221644|207741|0|0|
1000002133|7|104|202404|17681|17558|0|0|
1000002150|7|104|202508|1519|1519|0|0|
1000002150|7|101|202510|114200|114200|0|0|
1000002179|7|104|202310|20650|20650|0|0|
1000002179|7|101|202311|85870|11080|0|0|
1000002179|7|101|202312|452607|213489|0|0|
1000002179|7|104|202312|15046|15046|0|0|
1000002179|7|202|202312|246593|245730|0|0|
1000002179|7|101|202401|2|2|0|0|
1000002179|7|204|202401|23255|23255|0|0|
1000002182|7|101|202503|870000|499530|0|0|
1000002182|7|104|202503|9736|8315|0|0|
1000002182|7|101|202505|130000|130000|0|0|
1000002245|7|101|202411|20520|1026|0|0|
1000002245|7|101|202501|161480|30350|0|0|
1000002245|7|101|202503|48652|48652|0|0|
1000002344|7|101|202212|145786|10814|20251128|16|
1000002344|7|105|202305|42509|4874|0|0|
1000002344|7|101|202306|1037569|71901|0|0|
1000002344|7|101|202309|50341|50341|20251128|16|
1000002369|7|101|202207|847500|127125|0|0|
1000002369|7|104|202207|15375|15375|0|0|
1000002369|7|202|202207|735101|735101|0|0|
1000002369|7|104|202208|19994|19887|0|0|
1000002369|7|101|202209|11884|10027|0|0|
1000002369|7|101|202210|309083|309083|0|0|
1000002375|7|104|202201|31318|31318|0|0|
1000002375|7|101|202202|946842|536061|0|0|
1000002375|7|104|202202|122874|103394|0|0|
1000002375|7|101|202203|608956|52995|0|0|
1000002375|7|202|202203|1128347|1123766|0|0|
1000002375|7|101|202209|161024|161024|0|0|
1000002439|7|101|202601|407144|407144|0|0|
1000002439|7|101|202603|16200|16200|0|0|
1000002451|7|101|202110|97452|97452|0|0|
1000002451|7|101|202111|421230|271231|0|0|
1000002451|7|101|202112|320207|147617|0|0|
1000002451|7|202|202112|24136|23760|0|0|
1000002454|7|101|202510|1588500|279375|0|0|
1000002466|7|101|202410|797000|174880|0|0|
1000002466|7|101|202411|236620|35062|0|0|
1000002466|7|101|202412|14142|14142|0|0|
1000002466|7|101|202504|43353|43328|0|0|
1000002477|7|101|202304|1433247|678215|0|0|
1000002477|7|104|202304|221040|209841|0|0|
1000002477|7|101|202305|10349128|1817359|0|0|
1000002477|7|202|202306|4257200|4242393|0|0|
1000002528|7|101|202211|37440|37440|0|0|
1000002528|7|104|202211|97472|66113|20260213|7|
1000002528|7|101|202212|1505888|1254524|0|0|
1000002528|7|104|202212|19999|19999|0|0|
1000002528|7|101|202301|191300|191300|0|0|
1000002545|7|104|202501|354459|354459|0|0|
1000002545|7|101|202502|2732000|348209|0|0|
1000002545|7|104|202502|80366|80366|0|0|
1000002545|7|101|202503|1038650|361362|0|0|
1000002610|7|101|202602|500000|500000|0|0|
1000002615|7|101|202206|667072|535545|0|0|
1000002615|7|104|202206|34627|31779|0|0|
1000002615|7|101|202207|393372|385217|0|0|
1000002615|7|202|202207|1003452|1002836|0|0|
1000002615|7|101|202208|149959|136824|0|0|
1000002618|7|101|202410|29300|4|0|0|
1000002618|7|104|202501|2972|2972|0|0|
1000002645|7|104|202203|70190|69747|0|0|
1000002645|7|202|202203|2336528|2325444|0|0|
1000002645|7|101|202204|96950|10099|0|0|
1000002645|7|105|202204|50000|50000|0|0|
1000002645|7|202|202204|289182|288729|0|0|
1000002645|7|101|202207|200000|199977|0|0|
1000002645|7|101|202208|703626|341515|0|0|
1000002786|7|101|202508|1151000|224950|0|0|
1000002786|7|101|202509|280000|280000|0|0|
1000002808|7|101|202604|1792000|1792000|0|0|
1000002808|7|101|202605|200000|200000|0|0|
1000002809|7|202|202204|302552|301861|0|0|
1000002809|7|101|202205|954337|771484|20251128|16|
1000002809|7|104|202205|7101|7101|0|0|
1000002809|7|101|202206|81203|77299|0|0|
1000002809|7|202|202207|99833|98755|0|0|
1000002815|7|104|202401|21569|21569|0|0|
1000002815|7|101|202402|49989|15996|0|0|
1000002874|7|101|202107|1980207|1784707|20251128|16|
1000002874|7|101|202108|312150|312145|0|0|
1000002882|7|104|202512|857|857|0|0|
1000002885|7|104|202405|879|879|0|0|
1000002885|7|101|202406|250002|25002|0|0|
1000002885|7|202|202406|277063|276458|0|0|
1000002885|7|101|202407|25000|1250|0|0|
1000002885|7|101|202408|56700|10399|0|0|
1000002888|7|101|202310|1424063|911022|0|0|
1000002888|7|104|202310|55664|55577|0|0|
1000002888|7|101|202311|4540567|1368244|0|0|
1000002888|7|104|202311|9985|9985|0|0|
1000002888|7|101|202404|3872169|430841|0|0|
1000002888|7|101|202409|2078|2078|0|0|
1000002917|7|101|202301|1986500|1794483|0|0|
1000002917|7|101|202302|121500|121500|0|0|
1000002919|7|101|202207|141109|141109|0|0|
1000002919|7|101|202209|90000|90000|0|0|
1000002919|7|101|202212|32124|32124|0|0|
1000002940|7|101|202401|875000|175000|0|0|
1000002944|7|101|202507|597030|30770|0|0|
1000002957|7|101|202207|299048|29904|0|0|
1000002957|7|101|202208|330000|27271|0|0|
1000002957|7|104|202208|55480|55260|0|0|
1000002957|7|101|202212|64754|39887|0|0|
1000002964|7|104|202211|914|914|0|0|
1000002964|7|101|202212|505000|97250|0|0|
1000002964|7|104|202212|799|799|0|0|
1000002997|7|101|202408|850467|84771|0|0|
1000002997|7|104|202408|8017|8017|0|0|
1000002997|7|101|202409|481099|481099|0|0|
1000002997|7|101|202603|0|0|0|0|
1000003000|7|104|202204|13838|13025|0|0|
1000003000|7|101|202205|528123|497880|0|0|
1000003000|7|105|202305|279|269|0|0|
1000003010|7|101|202508|2809974|2809121|0|0|
1000003010|7|104|202508|15265|15265|0|0|
1000003010|7|101|202509|1890000|283500|0|0|
1000003010|7|101|202510|136913|136913|0|0|
1000003010|7|201|202510|631692|630608|0|0|
1000003037|7|101|202401|357906|207254|0|0|
1000003037|7|101|202403|200000|200000|0|0|
1000003037|7|101|202404|599585|562271|0|0|
1000003077|7|104|202411|3918|3918|0|0|
1000003077|7|101|202508|313816|15690|0|0|
1000003148|7|101|202108|43450|43450|0|0|
1000003148|7|104|202108|2361|1270|0|0|
1000003148|7|101|202109|150000|150000|0|0|
1000003159|7|101|202406|29050|29050|0|0|
1000003159|7|101|202407|100000|100000|0|0|
1000003159|7|104|202407|24135|2|0|0|
1000003159|7|101|202408|296000|113250|0|0|
1000003194|7|101|202509|3407047|1927812|0|0|
1000003194|7|101|202601|53778|53778|0|0|
1000003198|7|101|202501|72410|72410|0|0|
1000003198|7|104|202501|39432|39432|0|0|
1000003198|7|101|202502|216372|216372|0|0|
1000003198|7|104|202502|1913|1913|0|0|
1000003198|7|101|202503|79163|79163|0|0|
1000003198|7|101|202504|65845|65845|0|0|
1000003198|7|101|202509|4277|4277|0|0|
1000003208|7|104|202507|9788|9788|20260204|12|
1000003208|7|101|202508|410020|409053|20260204|12|
1000003238|7|202|202105|571036|571036|20260309|13|
1000003238|7|101|202107|29930|0|20260306|1|
1000003254|7|101|202204|25936|25936|0|0|
1000003254|7|104|202204|31227|31185|0|0|
1000003254|7|101|202205|1468198|520735|20251128|16|
1000003254|7|104|202205|9894|9894|20251128|16|
1000003254|7|202|202205|730042|730005|0|0|
1000003254|7|101|202206|87700|87700|0|0|
1000003254|7|104|202206|6836|6836|0|0|
1000003254|7|202|202206|172896|172896|0|0|
1000003254|7|101|202207|700000|700000|0|0|
1000003254|7|101|202212|25095|25095|20251128|16|
1000003255|7|101|202501|865000|93250|0|0|
1000003255|7|101|202503|300571|300571|0|0|
1000003255|7|202|202503|796671|796361|0|0|
1000003286|7|101|202401|138000|26940|0|0|
1000003286|7|101|202411|19999|999|0|0|
1000003289|7|104|202509|2999|2966|0|0|
1000003290|7|101|202512|2069260|2040020|0|0|
1000003290|7|101|202601|588000|570593|0|0|
1000003290|7|104|202601|36208|36208|0|0|
1000003317|7|202|202301|1741629|1731971|0|0|
1000003317|7|101|202303|4218|4218|0|0|
1000003317|7|104|202303|48038|48038|0|0|
1000003317|7|101|202304|1219|1219|0|0|
1000003317|7|201|202304|128973|128973|0|0|
1000003317|7|104|202311|29790|29790|0|0|
1000003317|7|105|202401|9114|9114|0|0|
1000003326|7|104|202509|102539|102424|0|0|
1000003326|7|201|202509|113482|113482|0|0|
1000003326|7|101|202510|979393|979393|0|0|
1000003326|7|201|202510|207972|206366|0|0|
1000003326|7|101|202511|340000|340000|0|0|
1000003326|7|101|202512|57736|57736|0|0|
1000003343|7|101|202107|180000|22037|20251128|16|
1000003343|7|101|202601|11752|11752|0|0|
1000003350|7|101|202310|115249|2|0|0|
1000003350|7|101|202311|523000|90226|0|0|
1000003350|7|101|202312|290995|290383|0|0|
1000003350|7|104|202312|17415|2|0|0|
1000003355|7|101|202508|836571|474237|0|0|
1000003355|7|101|202509|44364|44364|0|0|
1000003374|7|104|202404|31955|31417|0|0|
1000003374|7|101|202406|840000|59332|0|0|
1000003374|7|101|202407|360000|36000|0|0|
1000003383|7|101|202501|55575|55575|0|0|
1000003383|7|104|202501|60415|60415|0|0|
1000003383|7|101|202502|2339323|1261323|0|0|
1000003383|7|104|202502|24582|24582|0|0|
1000003383|7|101|202503|301774|49776|0|0|
1000003383|7|104|202503|14112|14112|0|0|
1000003386|7|104|202201|55967|55635|0|0|
1000003386|7|104|202202|297|297|0|0|
1000003386|7|202|202203|171843|171612|0|0|
1000003395|7|101|202305|226720|226720|0|0|
1000003395|7|104|202305|24964|24964|0|0|
1000003395|7|101|202306|86708|86708|0|0|
1000003415|7|101|202506|1818450|868450|0|0|
1000003415|7|104|202506|160272|113986|0|0|
1000003415|7|101|202507|259363|259363|0|0|
1000003444|7|101|202603|1574160|1574160|0|0|
1000003452|7|101|202508|123994|123994|0|0|
1000003452|7|101|202509|11425|2|0|0|
1000003452|7|104|202509|4888|4888|0|0|
1000003452|7|101|202510|55500|9666|0|0|
1000003458|7|101|202412|1340000|868000|0|0|
1000003458|7|104|202412|25740|25740|0|0|
1000003458|7|201|202412|23535|23535|0|0|
1000003458|7|101|202501|299593|299593|0|0|
1000003458|7|104|202501|10914|10914|0|0|
1000003458|7|201|202501|13470|13470|0|0|
1000003458|7|101|202503|10702|4|0|0|
1000003458|7|201|202503|24885|24885|0|0|
1000003458|7|101|202504|46500|19935|0|0|
1000003515|7|101|202604|1|1|0|0|
1000003515|7|104|202604|6097|6097|0|0|
1000003544|7|101|202502|101485|101485|0|0|
1000003544|7|101|202503|503500|503500|20250901|12|
1000003544|7|101|202504|7589|7589|0|0|
1000003560|7|104|202502|31599|31197|0|0|
1000003560|7|101|202503|1489096|729730|0|0|
1000003560|7|104|202503|68261|68261|0|0|
1000003560|7|201|202503|27343|27343|0|0|
1000003560|7|101|202504|232400|232400|0|0|
1000003560|7|201|202504|50960|50960|0|0|
1000003560|7|202|202504|697363|696269|0|0|
1000003576|7|104|202405|216|216|0|0|
1000003589|7|101|202503|14956|4735|0|0|
1000003590|7|101|202111|99998|2|0|0|
1000003590|7|202|202112|434966|434029|0|0|
1000003590|7|101|202201|236000|230874|0|0|
1000003620|7|101|202504|2846208|1150275|0|0|
1000003620|7|104|202504|99581|99581|0|0|
1000003620|7|101|202505|500000|229649|0|0|
1000003620|7|104|202505|82817|82817|0|0|
1000003663|7|101|202111|359168|21335|0|0|
1000003663|7|101|202206|335092|279179|0|0|
1000003683|7|101|202411|25200|25200|0|0|
1000003683|7|101|202412|79957|79957|0|0|
1000003683|7|101|202503|34834|34834|0|0|
1000003688|7|101|202408|690000|630000|0|0|
1000003688|7|104|202408|19182|19182|0|0|
1000003688|7|101|202409|4145965|2600965|0|0|
1000003688|7|101|202410|19997|19997|0|0|
1000003688|7|104|202410|151|151|0|0|
1000003701|7|104|202109|2826|2826|0|0|
1000003701|7|101|202110|1077875|428331|0|0|
1000003701|7|104|202110|6174|6174|0|0|
1000003701|7|101|202111|38000|38000|0|0|
1000003701|7|202|202112|844980|842942|0|0|
1000003701|7|205|202112|45322|40305|0|0|
1000003704|7|101|202503|463754|463754|0|0|
1000003704|7|104|202503|6488|6488|0|0|
1000003704|7|104|202504|2572|2572|0|0|
1000003746|7|201|202307|62487|62487|0|0|
1000003746|7|201|202308|55199|55199|0|0|
1000003746|7|201|202309|14218|14218|0|0|
1000003746|7|101|202310|47779|17747|0|0|
1000003746|7|201|202310|65353|44424|0|0|
1000003746|7|201|202311|43394|727|0|0|
1000003795|7|101|202512|91535|8237|0|0|
1000003797|7|101|202505|263000|263000|0|0|
1000003797|7|104|202505|20499|20499|0|0|
1000003797|7|101|202506|133050|133050|0|0|
1000003801|7|101|202411|2808678|2647440|20260119|12|
1000003801|7|104|202411|47669|47669|20251216|12|
1000003801|7|101|202412|1100000|415000|20251216|12|
1000003836|7|101|202301|209550|194858|0|0|
1000003836|7|104|202301|5840|5544|0|0|
1000003850|7|101|202111|168000|168000|0|0|
1000003855|7|104|202506|3499|3499|0|0|
1000003855|7|105|202508|11016|11016|0|0|
1000003864|7|101|202206|83096|83096|0|0|
1000003864|7|101|202207|322470|230135|0|0|
1000003864|7|104|202208|9688|9688|0|0|
1000003864|7|202|202208|354612|354612|0|0|
1000003881|7|101|202401|462892|167567|0|0|
1000003881|7|104|202401|76764|76760|0|0|
1000003881|7|101|202402|556992|115032|0|0|
1000003881|7|101|202409|95827|95827|0|0|
1000003881|7|202|202409|569403|569403|0|0|
1000003889|7|104|202107|26067|26067|20251128|16|
1000003889|7|101|202108|36160|36160|20251128|16|
1000003889|7|101|202112|96933|96933|20251128|16|
1000003889|7|101|202307|13069|13069|0|0|
1000003889|7|105|202308|769|769|0|0|
1000003889|7|101|202404|34115|34115|0|0|
1000003927|7|101|202303|32587|32587|0|0|
1000003927|7|101|202304|16650|16650|0|0|
1000003927|7|104|202304|800|800|0|0|
1000003927|7|101|202305|96000|4|0|0|
1000003927|7|104|202307|108|108|0|0|
1000003936|7|101|202506|3019313|3019313|20251224|99|
1000003936|7|101|202507|2499923|2312047|20251218|12|
1000003957|7|101|202504|247201|233312|0|0|
1000003957|7|101|202505|559809|559809|0|0|
1000003957|7|101|202506|56802|56802|0|0|
1000003958|7|101|202505|1399994|1298495|0|0|
1000003958|7|101|202506|90000|90000|0|0|
1000003958|7|201|202506|287477|287477|0|0|
1000003958|7|201|202508|61358|61358|0|0|
1000003979|7|101|202206|39520|39520|0|0|
1000003979|7|104|202206|35978|35978|0|0|
1000003979|7|101|202207|386774|386774|0|0|
1000003979|7|202|202207|171175|171175|0|0|
1000004040|7|104|202512|1082|1082|0|0|
1000004040|7|101|202601|12567|12567|0|0|
1000004040|7|104|202601|419|418|0|0|
1000004040|7|101|202602|200603|200603|0|0|
1000004050|7|101|202509|425000|317000|0|0|
1000004050|7|101|202510|3500000|0|20260107|1|
1000004050|7|101|202512|166393|166393|0|0|
1000004091|7|101|202111|58684|58400|0|0|
1000004091|7|101|202112|423365|186839|0|0|
1000004091|7|104|202112|11209|11183|0|0|
1000004091|7|106|202112|34983|26105|0|0|
1000004099|7|104|202407|9047|8947|0|0|
1000004099|7|101|202411|326200|149400|0|0|
1000004099|7|105|202502|4794|4794|0|0|
1000004111|7|104|202504|765|765|0|0|
1000004131|7|101|202601|1581400|1581400|0|0|
1000004131|7|104|202602|10526|10526|0|0|
1000004131|7|101|202603|1425348|1425348|0|0|
1000004138|7|101|202303|650000|14040|0|0|
1000004138|7|101|202304|171109|23659|20251128|16|
1000004138|7|104|202304|14674|14550|0|0|
1000004138|7|114|202305|35000|7000|0|0|
1000004138|7|202|202309|317452|316828|0|0|
1000004138|7|101|202401|13500|13500|0|0|
1000004147|7|101|202307|328538|187603|0|0|
1000004147|7|104|202307|151072|149000|0|0|
1000004202|7|101|202308|51722|51722|0|0|
1000004202|7|101|202309|658840|101622|0|0|
1000004202|7|104|202309|10248|10194|0|0|
1000004202|7|202|202309|9981|9981|0|0|
1000004202|7|101|202601|81424|81424|0|0|
1000004208|7|202|202109|9871681|9871681|0|0|
1000004208|7|101|202110|1041783|1035272|0|0|
1000004208|7|104|202110|980860|979860|0|0|
1000004208|7|201|202110|18782|17402|0|0|
1000004208|7|101|202111|1386698|1168201|0|0|
1000004208|7|104|202111|64671|63024|0|0|
1000004208|7|204|202111|62781|55414|0|0|
1000004208|7|101|202112|64158|64158|20251128|16|
1000004208|7|204|202202|4081|4081|0|0|
1000004208|7|101|202203|78968|78968|0|0|
1000004285|7|101|202310|42520|42520|0|0|
1000004285|7|101|202311|351000|82079|0|0|
1000004285|7|104|202311|4839|4839|0|0|
1000004285|7|101|202312|541657|28301|0|0|
1000004285|7|202|202401|599639|595975|0|0|
1000004285|7|101|202403|14999|14999|0|0|
1000004285|7|105|202408|69058|69058|0|0|
1000004300|7|101|202512|500000|25000|0|0|
1000004300|7|101|202601|446854|446854|0|0|
1000004309|7|101|202411|360012|262411|0|0|
1000004309|7|104|202411|87668|87257|0|0|
1000004309|7|101|202412|56250|2812|0|0|
1000004309|7|101|202501|131492|131492|0|0|
1000004314|7|101|202209|412117|412117|0|0|
1000004314|7|104|202209|8756|8756|0|0|
1000004314|7|101|202210|39543|39543|0|0|
1000004314|7|104|202210|20396|20396|0|0|
1000004314|7|201|202210|92027|92027|0|0|
1000004314|7|101|202211|292933|292933|0|0|
1000004314|7|104|202211|48677|48677|0|0|
1000004314|7|201|202211|532491|532491|0|0|
1000004314|7|201|202212|112252|112252|0|0|
1000004314|7|201|202301|60396|60396|0|0|
1000004314|7|201|202302|100188|100188|0|0|
1000004320|7|101|202512|890666|346091|0|0|
1000004320|7|104|202512|90002|90002|0|0|
1000004332|7|101|202412|99990|9999|0|0|
1000004332|7|101|202507|240000|12000|0|0|
1000004332|7|101|202508|2230424|673469|0|0|
1000004332|7|101|202509|250000|250000|0|0|
1000004332|7|101|202510|70000|10500|0|0|
1000004336|7|101|202302|883800|297941|20251128|16|
1000004336|7|202|202302|585858|585858|0|0|
1000004336|7|101|202303|53369|41237|0|0|
1000004343|7|101|202408|691625|687072|0|0|
1000004343|7|104|202408|3502|3502|0|0|
1000004343|7|101|202409|378965|277285|0|0|
1000004343|7|104|202409|6403|6398|0|0|
1000004369|7|104|202601|42370|42370|0|0|
1000004369|7|104|202602|19943|19943|0|0|
1000004370|7|101|202501|315000|15750|20250930|12|
1000004370|7|101|202502|80000|80000|20251002|12|
1000004371|7|101|202404|362080|362080|0|0|
1000004371|7|104|202404|90319|90319|0|0|
1000004371|7|101|202405|300000|300000|0|0|
1000004371|7|104|202405|10597|10597|0|0|
1000004371|7|101|202407|445000|445000|0|0|
1000004379|7|101|202303|1500000|119941|0|0|
1000004379|7|202|202303|1380058|1379393|0|0|
1000004379|7|101|202304|250000|2|0|0|
1000004460|7|101|202405|30201|30201|0|0|
1000004462|7|101|202108|117998|64729|0|0|
1000004462|7|104|202108|6902|2|0|0|
1000004462|7|101|202109|290500|24049|0|0|
1000004462|7|201|202109|54177|45484|0|0|
1000004462|7|202|202109|66938|66015|0|0|
1000004462|7|201|202110|32889|32889|0|0|
1000004462|7|204|202111|118207|103787|0|0|
1000004474|7|101|202312|131200|131200|0|0|
1000004474|7|101|202401|532829|344179|0|0|
1000004474|7|104|202401|321838|319544|0|0|
1000004474|7|101|202402|76545|36316|0|0|
1000004481|7|101|202303|195000|175676|0|0|
1000004481|7|101|202304|223541|218363|0|0|
1000004481|7|104|202304|42874|42874|0|0|
1000004481|7|101|202305|54529|54529|0|0|
1000004495|7|105|202203|8448|8448|0|0|
1000004506|7|101|202404|809500|484274|0|0|
1000004506|7|104|202404|9848|9847|0|0|
1000004506|7|101|202405|65603|65603|0|0|
1000004527|7|101|202308|98935|56435|0|0|
1000004527|7|104|202308|10964|10964|0|0|
1000004527|7|101|202309|49887|49887|0|0|
1000004527|7|104|202309|50003|50003|0|0|
1000004549|7|101|202602|264157|132002|0|0|
1000004552|7|101|202412|328929|45123|0|0|
1000004552|7|104|202412|51126|51126|0|0|
1000004552|7|101|202501|1825000|252334|0|0|
1000004552|7|101|202512|25000|25000|0|0|
1000004556|7|104|202308|140986|140917|0|0|
1000004556|7|101|202309|889560|889560|0|0|
1000004556|7|104|202309|5628|5628|0|0|
1000004568|7|202|202305|180578|180578|0|0|
1000004568|7|101|202306|400000|399939|0|0|
1000004568|7|101|202307|642552|175931|0|0|
1000004568|7|104|202307|4755|2572|0|0|
1000004568|7|201|202309|425176|425176|0|0|
1000004569|7|104|202503|99933|91223|0|0|
1000004569|7|101|202504|35788|35788|0|0|
1000004569|7|201|202504|196850|196850|0|0|
1000004573|7|101|202402|450000|41201|0|0|
1000004573|7|104|202402|38260|28371|20250616|7|
1000004573|7|202|202402|662463|662463|0|0|
1000004573|7|101|202404|270000|16797|0|0|
1000004584|7|101|202504|408915|61334|0|0|
1000004584|7|104|202504|6899|6899|0|0|
1000004584|7|101|202505|91081|13660|0|0|
1000004587|7|101|202411|935315|803506|0|0|
1000004587|7|104|202411|21079|21079|0|0|
1000004587|7|104|202412|691|691|0|0|
1000004590|7|104|202508|10224|10224|0|0|
1000004590|7|101|202509|699950|699950|0|0|
1000004590|7|201|202510|44703|44703|0|0|
1000004590|7|201|202511|55732|55732|0|0|
1000004590|7|201|202512|2207|2207|0|0|
1000004613|7|101|202404|793160|543160|0|0|
1000004613|7|104|202404|71938|71884|0|0|
1000004613|7|101|202405|1425247|385247|0|0|
1000004613|7|104|202405|94689|94680|0|0|
1000004613|7|202|202406|1064730|1064730|0|0|
1000004616|7|101|202408|246476|20451|0|0|
1000004616|7|101|202409|540000|148683|0|0|
1000004616|7|104|202409|4100|4100|0|0|
1000004616|7|202|202409|226025|224482|0|0|
1000004629|7|104|202512|3083|3083|0|0|
1000004629|7|101|202601|1447000|1446989|0|0|
1000004629|7|101|202602|520000|520000|0|0|
1000004631|7|101|202603|47719|47719|0|0|
1000004664|7|101|202412|523074|458622|0|0|
1000004664|7|101|202501|28700|28700|0|0|
1000004668|7|101|202602|1740000|1455000|0|0|
1000004678|7|101|202306|241000|241000|0|0|
1000004678|7|101|202509|9832|9832|0|0|
1000004679|7|101|202310|646250|89251|0|0|
1000004679|7|101|202311|995961|445460|0|0|
1000004679|7|104|202311|17489|17489|0|0|
1000004679|7|104|202404|8054|8054|0|0|
1000004683|7|104|202502|96430|96430|0|0|
1000004683|7|101|202503|845460|845460|0|0|
1000004683|7|104|202503|117581|117581|0|0|
1000004683|7|101|202504|2762485|2761479|0|0|
1000004683|7|101|202505|95000|95000|0|0|
1000004683|7|104|202512|69727|69727|0|0|
1000004687|7|101|202311|382212|42086|0|0|
1000004687|7|101|202312|245000|23002|0|0|
1000004687|7|104|202312|2849|2849|0|0|
1000004694|7|101|202510|600000|2|0|0|
1000004694|7|101|202511|560000|82908|0|0|
1000004694|7|104|202511|128|128|0|0|
1000004694|7|101|202512|190000|190000|0|0|
1000004710|7|104|202309|9560|9445|0|0|
1000004710|7|101|202310|2520961|787174|0|0|
1000004710|7|101|202311|167391|11810|0|0|
1000004710|7|202|202311|1716902|1448868|0|0|
1000004713|7|101|202509|811347|811347|0|0|
1000004713|7|204|202509|558841|558841|0|0|
1000004713|7|101|202510|774029|774029|0|0|
1000004713|7|101|202511|538120|538120|0|0|
1000004713|7|101|202601|681781|681781|0|0|
1000004714|7|101|202408|508325|508325|0|0|
1000004714|7|104|202408|27949|27949|0|0|
1000004714|7|101|202409|859754|859754|0|0|
1000004714|7|101|202410|145800|55132|0|0|
1000004714|7|101|202509|90667|90667|0|0|
1000004729|7|101|202302|1612609|1605523|0|0|
1000004729|7|104|202302|237836|237836|0|0|
1000004729|7|101|202303|337714|328827|0|0|
1000004732|7|101|202210|163056|163056|20251128|16|
1000004732|7|101|202211|867774|867774|20251128|16|
1000004732|7|104|202211|69214|69214|20251128|16|
1000004732|7|101|202212|356629|356629|20251128|16|
1000004732|7|104|202212|33673|33673|0|0|
1000004732|7|101|202303|960000|960000|0|0|
1000004732|7|101|202309|10431|10431|0|0|
1000004749|7|104|202505|23306|21772|0|0|
1000004749|7|104|202506|14405|14302|0|0|
1000004769|7|104|202404|38589|21126|0|0|
1000004769|7|101|202405|99700|45000|0|0|
1000004769|7|101|202406|150000|150000|0|0|
1000004769|7|101|202408|10000|10000|0|0|
1000004769|7|101|202409|225000|33672|0|0|
1000004769|7|101|202412|48184|48184|0|0|
1000004793|7|101|202503|95000|94998|0|0|
1000004793|7|104|202503|2843|2843|0|0|
1000004793|7|201|202503|404590|404590|0|0|
1000004793|7|101|202504|334250|84251|0|0|
1000004793|7|104|202504|5000|5000|0|0|
1000004793|7|202|202504|1148681|1146980|0|0|
1000004793|7|101|202505|84422|84422|0|0|
1000004793|7|101|202506|44138|44138|0|0|
1000004815|7|101|202107|155555|155555|0|0|
1000004815|7|104|202107|44295|44017|0|0|
1000004815|7|104|202108|23292|18126|0|0|
1000004815|7|101|202109|67713|67713|0|0|
1000004823|7|104|202302|2984|2984|0|0|
1000004828|7|101|202602|60830|2|0|0|
1000004828|7|104|202602|831|831|0|0|
1000004832|7|101|202412|75000|75000|0|0|
1000004832|7|104|202412|199|199|0|0|
1000004832|7|101|202501|20000|1761|0|0|
1000004832|7|104|202501|144|144|0|0|
1000004847|7|101|202108|733170|215731|0|0|
1000004847|7|104|202108|82606|80032|0|0|
1000004847|7|105|202108|43105|43105|0|0|
1000004847|7|202|202108|152728|151769|0|0|
1000004847|7|101|202109|191225|110444|0|0|
1000004847|7|202|202109|226994|226994|0|0|
1000004849|7|101|202603|285000|285000|0|0|
1000004852|7|101|202404|470000|246228|0|0|
1000004852|7|104|202404|13015|13015|0|0|
1000004852|7|101|202405|317000|32219|0|0|
1000004869|7|101|202301|16580|4|0|0|
1000004876|7|104|202201|14950|14950|0|0|
1000004876|7|101|202202|70000|70000|0|0|
1000004876|7|104|202202|92147|92026|0|0|
1000004876|7|105|202204|8229|8229|0|0|
1000004876|7|105|202212|6177|6117|0|0|
1000004876|7|105|202410|1587|1587|0|0|
1000004876|7|101|202504|55307|0|20260401|1|
1000004876|7|101|202601|14358|14358|0|0|
1000004880|7|101|202405|90000|90000|0|0|
1000004880|7|104|202405|7987|7987|0|0|
1000004880|7|101|202406|179085|176346|0|0|
1000004880|7|104|202406|4999|4999|0|0|
1000004880|7|101|202408|196|2|0|0|
1000004905|7|101|202407|538506|283506|0|0|
1000004905|7|104|202407|104950|104860|0|0|
1000004905|7|201|202407|484696|436961|0|0|
1000004905|7|101|202408|3841578|1132507|0|0|
1000004905|7|104|202408|64326|64326|0|0|
1000004905|7|201|202408|47258|47258|0|0|
1000004905|7|202|202409|2988048|2980663|0|0|
1000004905|7|201|202501|110678|110678|0|0|
1000004916|7|101|202507|225000|225000|20260212|12|
1000004922|7|104|202312|51590|30906|0|0|
1000004922|7|104|202403|39992|39906|0|0|
1000004929|7|101|202511|402000|229200|0|0|
1000004929|7|104|202511|31519|31519|0|0|
1000004929|7|101|202512|100000|99578|0|0|
1000004929|7|104|202512|36217|36210|0|0|
1000004957|7|101|202401|860000|375500|0|0|
1000004957|7|104|202401|3026|2855|0|0|
1000004957|7|101|202402|200000|20000|0|0|
1000004957|7|104|202402|4826|4749|0|0|
1000004957|7|202|202402|497721|496104|0|0|
1000004964|7|101|202510|628400|333350|0|0|
1000004976|7|101|202402|479982|95501|0|0|
1000004976|7|101|202403|390000|218400|0|0|
1000004977|7|101|202410|146365|146365|0|0|
1000004977|7|104|202410|36896|36896|0|0|
1000004977|7|101|202411|292320|258701|0|0|
1000004977|7|104|202411|12486|12486|0|0|
1000004977|7|101|202412|2149000|509733|0|0|
1000004977|7|101|202501|520992|393492|0|0|
1000004977|7|101|202507|240090|240090|0|0|
1000004984|7|104|202412|59760|59760|20250924|12|
1000004984|7|101|202502|39896|0|20250911|1|
1000004985|7|101|202308|286250|214392|0|0|
1000005013|7|101|202403|2140|2140|0|0|
1000005013|7|101|202404|91892|91892|0|0|
1000005022|7|101|202112|24930|13850|0|0|
1000005022|7|101|202201|150000|1|0|0|
1000005022|7|202|202312|675794|34366|0|0|
1000005037|7|101|202208|171710|55370|0|0|
1000005037|7|101|202209|277700|54400|0|0|
1000005037|7|101|202210|4000|4000|0|0|
1000005037|7|101|202211|354904|82375|0|0|
1000005037|7|202|202211|857401|856108|0|0|
1000005037|7|101|202212|179439|179421|0|0|
1000005037|7|101|202302|29993|29993|0|0|
1000005056|7|101|202406|1546849|1546849|0|0|
1000005056|7|101|202502|278214|39609|0|0|
1000005069|7|104|202112|25000|25000|0|0|
1000005069|7|101|202201|50000|50000|0|0|
1000005069|7|104|202201|47053|47053|0|0|
1000005069|7|101|202202|51666|51277|0|0|
1000005069|7|104|202202|15944|15559|0|0|
1000005069|7|101|202203|83257|82865|0|0|
1000005069|7|201|202207|86403|86403|0|0|
1000005069|7|101|202208|99963|99950|0|0|
1000005069|7|201|202208|105447|105447|0|0|
1000005080|7|101|202209|75000|74965|0|0|
1000005080|7|104|202209|27899|25443|0|0|
1000005080|7|101|202210|968919|967576|0|0|
1000005080|7|104|202210|7872|7843|0|0|
1000005089|7|101|202507|300000|22395|0|0|
1000005089|7|101|202508|289000|262924|0|0|
1000005089|7|101|202509|20000|0|20260106|1|
1000005092|7|104|202601|44171|42462|0|0|
1000005092|7|101|202602|6100000|5920000|0|0|
1000005092|7|104|202602|19548|19548|0|0|
1000005092|7|101|202603|1196753|364753|0|0|
1000005095|7|104|202310|8134|8134|0|0|
1000005104|7|104|202408|11791|7532|0|0|
1000005104|7|101|202410|295513|27394|0|0|
1000005104|7|202|202411|526586|483031|0|0|
1000005107|7|101|202401|2000000|2|0|0|
1000005114|7|101|202411|1034076|842057|0|0|
1000005114|7|104|202411|196918|196918|0|0|
1000005114|7|101|202412|400685|117823|0|0|
1000005114|7|104|202412|38745|38582|0|0|
1000005114|7|204|202412|319801|319801|0|0|
1000005114|7|101|202506|202879|202831|0|0|
1000005130|7|101|202503|700000|35000|0|0|
1000005130|7|101|202504|1299000|473000|0|0|
1000005130|7|101|202506|700000|700000|0|0|
1000005133|7|101|202508|156600|156600|0|0|
1000005156|7|104|202208|100|100|0|0|
1000005156|7|101|202209|110873|110590|0|0|
1000005156|7|101|202210|100000|2|0|0|
1000005169|7|104|202412|9837|5779|0|0|
1000005175|7|101|202407|27404|27404|0|0|
1000005175|7|101|202408|30000|30000|0|0|
1000005175|7|104|202408|7938|7938|0|0|
1000005175|7|101|202410|146138|36878|0|0|
1000005175|7|101|202411|231227|180487|0|0|
1000005182|7|104|202311|6517|6517|0|0|
1000005182|7|101|202312|423090|423090|0|0|
1000005186|7|101|202505|820497|76208|0|0|
1000005186|7|101|202506|550000|55000|0|0|
1000005186|7|101|202507|310000|2|0|0|
1000005197|7|202|202309|601541|598945|0|0|
1000005197|7|101|202311|523100|66772|0|0|
1000005197|7|104|202311|4789|4403|0|0|
1000005199|7|101|202412|1091946|147524|0|0|
1000005199|7|104|202412|4144|4144|0|0|
1000005199|7|201|202412|396612|390543|0|0|
1000005199|7|101|202501|308000|53300|0|0|
1000005199|7|105|202507|3508|3508|0|0|
1000005211|7|101|202508|350000|49303|0|0|
1000005218|7|101|202506|1000000|50000|0|0|
1000005218|7|201|202508|198263|198263|0|0|
1000005221|7|104|202309|48583|42558|0|0|
1000005221|7|104|202310|13000|13000|0|0|
1000005221|7|101|202311|29057|29057|0|0|
1000005221|7|101|202401|11167|11167|20260126|99|
1000005221|7|101|202512|29807|25612|0|0|
1000005221|7|104|202512|1672|1672|0|0|
1000005226|7|101|202603|97848|34530|0|0|
1000005226|7|104|202603|4842|4837|0|0|
1000005227|7|101|202311|69000|69000|0|0|
1000005235|7|104|202402|13027|13016|0|0|
1000005235|7|104|202403|12691|12691|0|0|
1000005235|7|101|202404|1047263|598489|0|0|
1000005235|7|101|202405|304529|304529|0|0|
1000005235|7|101|202407|191452|191452|0|0|
1000005239|7|101|202312|800000|381617|0|0|
1000005239|7|104|202312|8193|8193|0|0|
1000005239|7|101|202401|1384022|301389|0|0|
1000005239|7|104|202401|9954|9954|0|0|
1000005262|7|202|202211|206908|206908|0|0|
1000005262|7|101|202212|133600|18360|0|0|
1000005262|7|104|202212|14500|14500|0|0|
1000005262|7|101|202301|19653|19653|20251128|16|
1000005262|7|202|202310|89858|89858|0|0|
1000005293|7|101|202508|24992|24992|20260414|12|
1000005293|7|101|202509|1500000|36074|20260414|12|
1000005306|7|101|202306|26497|26497|0|0|
1000005306|7|101|202307|300000|30000|0|0|
1000005306|7|101|202308|399900|199338|0|0|
1000005306|7|104|202308|1985|1985|0|0|
1000005306|7|101|202309|344687|344687|0|0|
1000005309|7|104|202308|15462|11543|0|0|
1000005309|7|101|202309|87000|77000|0|0|
1000005309|7|101|202409|161414|161414|0|0|
1000005314|7|101|202410|23129|23129|0|0|
1000005314|7|101|202411|278083|98083|0|0|
1000005314|7|101|202412|265000|105572|0|0|
1000005314|7|104|202412|9634|9594|0|0|
1000005314|7|101|202502|16286|16286|0|0|
1000005314|7|105|202505|4213|4213|0|0|
1000005317|7|101|202602|133942|133942|0|0|
1000005344|7|101|202410|8616|431|0|0|
1000005344|7|101|202411|146553|6588|0|0|
1000005344|7|104|202411|65295|65295|0|0|
1000005344|7|101|202412|312700|13976|0|0|
1000005344|7|104|202412|20999|20974|0|0|
1000005344|7|101|202501|7728|7728|0|0|
1000005344|7|104|202501|81|81|0|0|
1000005344|7|202|202504|933953|933953|0|0|
1000005352|7|101|202309|1222210|734525|0|0|
1000005352|7|104|202309|256659|256659|0|0|
1000005352|7|101|202310|3000000|3000000|0|0|
1000005352|7|105|202310|5556|5556|0|0|
1000005354|7|101|202507|152000|14754|0|0|
1000005354|7|104|202509|6934|6929|0|0|
1000005354|7|101|202511|25000|25000|0|0|
1000005388|7|101|202404|60000|60000|0|0|
1000005388|7|104|202405|19604|16638|0|0|
1000005388|7|204|202405|4966|4966|0|0|
1000005388|7|101|202406|300000|30000|0|0|
1000005388|7|204|202406|65510|65510|0|0|
1000005388|7|105|202502|2118|2118|0|0|
1000005410|7|101|202411|193000|16746|0|0|
1000005410|7|104|202411|6998|6998|0|0|
1000005410|7|101|202412|164000|82738|0|0|
1000005410|7|104|202412|7678|7307|0|0|
1000005410|7|101|202501|25500|25500|0|0|
1000005420|7|101|202602|10416|2|0|0|
1000005420|7|104|202602|9463|9463|0|0|
1000005425|7|101|202403|1205000|445000|0|0|
1000005425|7|104|202403|6534|6534|0|0|
1000005425|7|101|202405|291821|291581|0|0|
1000005425|7|101|202406|431600|431600|0|0|
1000005430|7|101|202409|622395|444558|0|0|
1000005430|7|104|202409|80027|79451|0|0|
1000005437|7|101|202506|1419920|1172996|0|0|
1000005464|7|101|202312|181|181|0|0|
1000005464|7|101|202406|33280|33280|0|0|
1000005464|7|101|202407|81763|81763|0|0|
1000005464|7|101|202603|280000|279999|0|0|
1000005480|7|101|202410|135618|6780|0|0|
1000005480|7|202|202411|347671|346758|0|0|
1000005490|7|101|202601|1701365|1556865|0|0|
1000005490|7|104|202601|9573|9573|0|0|
1000005495|7|202|202111|619187|616318|0|0|
1000005495|7|101|202112|254125|185106|0|0|
1000005495|7|104|202201|1829|1108|0|0|
1000005525|7|101|202406|1300000|205256|0|0|
1000005525|7|101|202407|328406|32841|0|0|
1000005525|7|101|202408|100000|100000|0|0|
1000005525|7|104|202408|5077|5077|0|0|
1000005525|7|202|202411|1017629|1017628|0|0|
1000005528|7|101|202309|220125|75717|0|0|
1000005528|7|104|202309|60137|59858|0|0|
1000005528|7|101|202310|531120|351120|0|0|
1000005528|7|104|202310|14900|14900|0|0|
1000005528|7|201|202311|275078|275078|0|0|
1000005528|7|202|202311|71603|71293|0|0|
1000005528|7|101|202312|4430|4430|0|0|
1000005528|7|101|202401|213121|213121|0|0|
1000005528|7|101|202402|124263|124263|0|0|
1000005533|7|101|202509|830000|595104|0|0|
1000005533|7|101|202510|48500|48500|0|0|
1000005557|7|104|202310|11395|11339|0|0|
1000005557|7|202|202310|1518272|1518272|0|0|
1000005557|7|104|202311|1299|1224|0|0|
1000005557|7|105|202402|6779|6779|0|0|
1000005561|7|101|202202|10992|10992|0|0|
1000005561|7|101|202205|101584|23498|0|0|
1000005561|7|101|202206|306147|58399|0|0|
1000005561|7|104|202206|9174|9174|0|0|
1000005561|7|202|202206|251776|250967|0|0|
1000005561|7|101|202207|350000|22401|0|0|
1000005570|7|101|202407|968978|968978|20250513|12|
1000005570|7|104|202407|29410|29410|0|0|
1000005645|7|101|202108|57056|57056|0|0|
1000005645|7|202|202109|76918|76059|0|0|
1000005667|7|101|202310|599177|103988|0|0|
1000005667|7|101|202311|380000|35716|0|0|
1000005723|7|104|202212|15193|15193|20251128|16|
1000005723|7|202|202212|1112200|1112199|0|0|
1000005723|7|101|202301|470000|470000|0|0|
1000005723|7|104|202303|18535|18462|0|0|
1000005723|7|101|202306|37615|37615|0|0|
1000005799|7|101|202603|3502000|3499530|0|0|
1000005799|7|104|202603|6801|4430|0|0|
1000005801|7|104|202505|57319|57151|0|0|
1000005801|7|104|202506|4911|4790|0|0|
1000005801|7|101|202509|35116|35024|0|0|
1000005801|7|101|202512|25000|25000|0|0|
1000005808|7|204|202303|276668|267711|0|0|
1000005808|7|101|202304|215971|30528|0|0|
1000005808|7|104|202304|44040|44040|0|0|
1000005808|7|101|202305|400000|400000|0|0|
1000005808|7|204|202306|47495|47495|0|0|
1000005852|7|101|202408|6800000|3105000|0|0|
1000005852|7|104|202408|16298|16298|0|0|
1000005852|7|101|202409|5211158|4812035|0|0|
1000005899|7|101|202511|100000|15000|0|0|
1000005900|7|101|202505|10800|10800|0|0|
1000005900|7|104|202505|102350|102350|0|0|
1000005900|7|101|202506|924959|924959|0|0|
1000005903|7|104|202603|196|196|0|0|
1000005908|7|201|202209|61722|61722|0|0|
1000005908|7|101|202210|720405|495861|20251128|16|
1000005908|7|104|202210|57389|15573|20251128|16|
1000005908|7|101|202211|232484|163402|20251128|16|
1000005908|7|202|202211|269334|269334|0|0|
1000005908|7|201|202212|190469|190469|0|0|
1000005908|7|101|202301|85000|8891|0|0|
1000005908|7|101|202302|16600|13770|0|0|
1000005909|7|101|202209|50000|5000|0|0|
1000005909|7|101|202210|125076|125076|0|0|
1000005909|7|101|202211|375900|370016|0|0|
1000005909|7|101|202212|2663102|1515047|0|0|
1000005909|7|101|202301|651130|167803|20251128|16|
1000005909|7|104|202302|6556|3601|20251128|16|
1000005909|7|201|202302|40521|40521|0|0|
1000005909|7|205|202302|90966|90904|0|0|
1000005923|7|101|202406|318076|279359|0|0|
1000005923|7|201|202406|800778|800778|0|0|
1000005923|7|101|202407|1998733|1998733|0|0|
1000005923|7|101|202408|387137|387137|0|0|
1000005923|7|104|202502|5575|5575|0|0|
1000006096|7|101|202503|8298325|3723263|0|0|
1000006118|7|101|202205|15501|15501|20251128|16|
1000006118|7|101|202206|297000|50400|0|0|
1000006118|7|105|202209|8715|8715|0|0|
1000006119|7|101|202202|146927|67581|0|0|
1000006119|7|104|202202|563|563|0|0|
1000006119|7|101|202203|89264|89264|0|0|
1000006119|7|101|202204|162380|162380|0|0|
1000006137|7|202|202109|1657464|1657464|0|0|
1000006137|7|101|202111|4852825|1549064|0|0|
1000006137|7|201|202111|186774|186774|0|0|
1000006137|7|101|202112|75910|75910|0|0|
1000006137|7|101|202201|62401|62401|0|0|
1000006137|7|101|202202|70544|70544|0|0|
1000006138|7|101|202111|346163|346163|0|0|
1000006138|7|104|202111|7755|7755|0|0|
1000006138|7|101|202112|148000|148000|0|0|
1000006138|7|104|202112|3499|3499|0|0|
1000006145|7|101|202604|95000|95000|0|0|
1000006145|7|101|202605|40000|40000|0|0|
1000006160|7|104|202402|1509|1509|0|0|
1000006160|9|202|202406|486013|486013|0|0|
1000006177|7|101|202508|92433|3646|0|0|
1000006177|7|101|202509|299995|14689|0|0|
1000006177|7|104|202509|15241|15241|0|0|
1000006177|7|105|202509|7607|7607|0|0|
1000006177|7|101|202512|5246|5246|0|0|
1000006181|7|104|202601|28165|28165|0|0|
1000006181|7|101|202602|34560|34560|0|0|
1000006182|7|101|202509|760312|760312|0|0|
1000006182|7|104|202509|58479|58479|0|0|
1000006182|7|201|202509|257464|257464|0|0|
1000006182|7|101|202510|238444|238444|0|0|
1000006182|7|201|202510|138680|138680|0|0|
1000006182|7|201|202511|20649|20649|0|0|
1000006182|7|201|202512|42114|42114|0|0|
1000006182|7|104|202603|14249|14249|0|0|
1000006191|7|101|202312|45479|0|20250912|1|
1000006249|7|101|202401|249745|240014|0|0|
1000006249|7|202|202401|1376220|1366387|0|0|
1000006249|7|101|202402|232481|232481|0|0|
1000006249|7|104|202402|33891|33891|0|0|
1000006255|7|101|202404|3878000|1084592|0|0|
1000006255|7|101|202405|149992|2|0|0|
1000006255|7|104|202405|20361|11287|20251021|1|
1000006255|7|101|202409|999000|999000|0|0|
1000006313|7|101|202212|3290548|774437|0|0|
1000006313|7|104|202212|818526|818295|0|0|
1000006313|7|201|202212|51938|51938|0|0|
1000006313|7|104|202301|28642|28642|0|0|
1000006313|7|201|202301|583096|238136|0|0|
1000006313|7|201|202302|3649918|3382011|0|0|
1000006313|7|101|202305|340939|340857|0|0|
1000006313|7|101|202309|10746|10746|0|0|
1000006313|7|101|202310|263305|263305|0|0|
1000006313|7|105|202404|23881|23881|0|0|
1000006313|7|101|202506|47549|47549|0|0|
1000006313|7|101|202507|144642|40129|0|0|
1000006313|7|101|202601|14962|14962|0|0|
1000006332|7|101|202211|137000|137000|0|0|
1000006332|7|104|202211|29959|29934|0|0|
1000006332|7|101|202212|833025|475096|0|0|
1000006332|7|104|202212|5999|5999|0|0|
1000006332|7|101|202301|72000|72000|0|0|
1000006332|7|202|202301|638709|638709|0|0|
1000006370|7|101|202507|1333000|1333000|0|0|
1000006370|7|104|202507|120645|120645|0|0|
1000006370|7|101|202508|129142|129142|0|0|
1000006370|7|104|202508|3360|3360|0|0|
1000006375|7|101|202411|166666|162867|0|0|
1000006383|7|101|202410|1308000|501600|0|0|
1000006383|7|101|202412|197135|197135|0|0|
1000006383|7|101|202501|246748|246748|0|0|
1000006389|7|105|202109|1473|1473|0|0|
1000006389|7|101|202111|132000|51000|0|0|
1000006389|7|101|202112|221284|96959|0|0|
1000006389|7|202|202201|90954|75256|0|0|
1000006394|7|101|202405|189572|189572|0|0|
1000006394|7|101|202406|1212600|192643|0|0|
1000006394|7|104|202406|5436|5436|0|0|
1000006394|7|101|202407|380410|346447|0|0|
1000006394|7|101|202409|95000|95000|0|0|
1000006394|7|202|202409|1032910|1032909|0|0|
1000006399|7|101|202406|42500|6375|0|0|
1000006399|7|105|202409|9582|9582|0|0|
1000006405|7|101|202510|115000|11500|0|0|
1000006405|7|104|202510|49629|49629|0|0|
1000006417|7|104|202304|8486|8486|0|0|
1000006417|7|101|202305|362106|362106|0|0|
1000006425|7|101|202509|2821111|2089612|0|0|
1000006425|7|104|202509|108273|75799|0|0|
1000006425|7|101|202510|2468387|1335958|0|0|
1000006433|7|101|202312|670000|14013|0|0|
1000006433|7|101|202402|200000|1522|0|0|
1000006458|7|101|202409|200000|30000|0|0|
1000006458|7|101|202410|769286|480286|0|0|
1000006458|7|101|202411|446500|235030|0|0|
1000006464|7|101|202310|263900|113533|0|0|
1000006464|7|104|202310|14843|14843|0|0|
1000006464|7|101|202311|5000|5000|0|0|
1000006466|7|104|202302|19749|19749|0|0|
1000006471|7|101|202410|39390|0|20250616|1|
1000006471|7|101|202506|255000|26179|0|0|
1000006471|7|101|202507|200000|200000|0|0|
1000006471|7|101|202508|33600|22600|0|0|
1000006473|7|101|202511|600000|60000|0|0|
1000006473|7|104|202511|14711|14711|0|0|
1000006473|7|101|202512|35807|5444|0|0|
1000006491|7|104|202109|4220|4220|0|0|
1000006491|7|101|202110|56253|45511|0|0|
1000006491|7|202|202110|574731|396400|0|0|
1000006491|7|202|202111|69108|56262|0|0|
1000006496|7|101|202106|148041|61588|0|0|
1000006496|7|104|202106|17391|17391|0|0|
1000006496|7|101|202107|49000|17121|0|0|
1000006496|7|201|202107|87848|59282|0|0|
1000006496|7|201|202108|160912|160912|0|0|
1000006496|7|201|202109|107220|107220|0|0|
1000006507|7|101|202408|252000|32352|0|0|
1000006507|7|104|202408|30552|30488|0|0|
1000006507|7|101|202409|61653|61653|0|0|
1000006507|7|104|202409|216|216|0|0|
1000006507|7|101|202411|57544|57544|0|0|
1000006515|7|101|202310|167054|61500|0|0|
1000006530|7|101|202311|2770000|0|20250925|1|
1000006530|7|104|202311|23923|0|20250812|1|
1000006530|7|101|202312|2669500|265448|20260105|14|
1000006532|7|202|202206|1405773|1405773|0|0|
1000006532|7|101|202207|10120|3850|0|0|
1000006532|7|104|202207|42654|42654|0|0|
1000006532|7|101|202208|378274|376703|0|0|
1000006532|7|104|202209|10162|10162|20251128|16|
1000006538|7|101|202503|44708|4|0|0|
1000006538|7|104|202503|8519|8519|0|0|
1000006538|7|101|202504|116992|31350|0|0|
1000006538|7|104|202504|17955|17955|0|0|
1000006538|7|101|202505|577423|81591|0|0|
1000006538|7|101|202512|85639|85639|0|0|
1000006565|7|101|202302|169000|2|0|0|
1000006565|7|104|202302|47518|47397|0|0|
1000006565|7|104|202303|4907|4907|0|0|
1000006565|7|104|202306|29475|29475|0|0|
1000006575|7|101|202107|898897|573938|20251128|16|
1000006575|7|104|202107|753659|743160|0|0|
1000006575|7|101|202108|4033042|3389019|20251128|16|
1000006575|7|104|202108|218464|108193|20260430|16|
1000006575|7|101|202109|180000|180000|0|0|
1000006579|7|101|202601|740000|740000|0|0|
1000006579|7|104|202601|3580|3580|0|0|
1000006579|7|101|202602|124181|124181|0|0|
1000006579|7|101|202603|10400|10400|0|0|
1000006614|7|101|202310|300872|104412|0|0|
1000006614|7|104|202310|19657|19657|0|0|
1000006614|7|101|202311|177386|177386|0|0|
1000006621|7|101|202511|122866|122866|0|0|
1000006621|7|104|202511|16286|16208|0|0|
1000006621|7|101|202512|22880|2|0|0|
1000006621|7|101|202601|27140|13923|0|0|
1000006630|7|101|202602|1779523|1779523|0|0|
1000006630|7|101|202603|551250|551250|0|0|
1000006637|7|101|202503|81000|75835|0|0|
1000006637|7|101|202601|21255|21255|0|0|
1000006651|7|101|202308|160951|22201|0|0|
1000006651|7|202|202308|3015483|2161369|0|0|
1000006651|7|101|202309|546675|300115|0|0|
1000006651|7|104|202309|22812|4781|0|0|
1000006651|7|105|202309|6257|6257|0|0|
1000006652|7|101|202402|1748399|666978|0|0|
1000006652|7|101|202403|1416970|376686|0|0|
1000006652|7|104|202403|6894|6894|0|0|
1000006652|7|202|202405|190412|190412|0|0|
1000006652|7|101|202512|580820|580820|0|0|
1000006655|7|101|202201|461991|118668|0|0|
1000006655|7|101|202202|38143|36479|0|0|
1000006655|7|104|202202|14469|14469|0|0|
1000006659|7|101|202505|30600|30600|0|0|
1000006659|7|101|202507|95000|9500|0|0|
1000006673|7|101|202409|190000|190000|0|0|
1000006673|7|104|202409|10015|9953|0|0|
1000006673|7|101|202410|173333|154623|0|0|
1000006673|7|104|202410|586|586|0|0|
1000006673|7|101|202411|75414|75414|0|0|
1000006673|7|101|202412|115841|115841|0|0|
1000006673|7|105|202412|101264|95261|0|0|
1000006679|7|101|202408|752783|124325|0|0|
1000006679|7|104|202408|187513|187086|0|0|
1000006679|7|101|202409|685000|105200|0|0|
1000006679|7|101|202410|238424|20920|0|0|
1000006679|7|101|202411|163884|21865|0|0|
1000006679|7|101|202412|32600|8600|0|0|
1000006679|7|101|202502|2572|2572|0|0|
1000006684|7|101|202311|25000|25000|0|0|
1000006684|7|104|202311|10886|10886|0|0|
1000006684|7|101|202312|843000|803894|0|0|
1000006684|7|104|202312|64179|64179|0|0|
1000006684|7|101|202401|171122|171122|0|0|
1000006684|7|104|202412|6945|6945|0|0|
1000006693|7|101|202511|29984|29984|0|0|
1000006693|7|101|202512|20000|20000|0|0|
1000006701|7|101|202405|136083|121746|0|0|
1000006701|7|101|202406|249000|213274|0|0|
1000006703|7|104|202508|30047|30047|0|0|
1000006703|7|201|202508|178608|178608|0|0|
1000006703|7|204|202508|132679|109709|0|0|
1000006703|7|201|202509|208735|208735|0|0|
1000006703|7|204|202509|11477|11477|0|0|
1000006703|7|204|202510|50165|50165|0|0|
1000006703|7|204|202601|74394|74394|0|0|
1000006703|7|204|202602|67361|67361|0|0|
1000006704|7|101|202402|465000|59089|0|0|
1000006704|7|104|202402|39120|39105|0|0|
1000006704|7|202|202403|408801|408232|0|0|
1000006704|7|101|202404|130000|107513|0|0|
1000006705|7|101|202509|207000|4800|0|0|
1000006714|7|201|202510|150252|150252|0|0|
1000006714|7|204|202510|285299|285264|0|0|
1000006714|7|101|202511|1178315|1178315|0|0|
1000006714|7|104|202511|102144|102144|0|0|
1000006714|7|201|202511|318462|318462|0|0|
1000006714|7|101|202512|120000|120000|0|0|
1000006715|7|101|202205|81044|81044|20251128|16|
1000006715|7|101|202206|215172|215095|0|0|
1000006715|7|101|202207|600000|50002|0|0|
1000006715|7|101|202208|211000|211000|0|0|
1000006715|7|202|202208|507798|507798|0|0|
1000006715|7|101|202303|754391|752735|0|0|
1000006715|7|105|202310|31027|59073|0|0|
1000006728|7|101|202410|918413|283120|0|0|
1000006728|7|104|202410|56010|56010|0|0|
1000006728|7|101|202411|314405|20422|0|0|
1000006728|7|101|202412|187286|187286|0|0|
1000006728|7|101|202501|53704|53704|0|0|
1000006732|7|104|202501|1492|1492|0|0|
1000006741|7|101|202211|69250|13850|0|0|
1000006741|7|101|202212|658191|557573|0|0|
1000006741|7|104|202212|951|951|0|0|
1000006741|7|101|202301|288020|288020|0|0|
1000006741|7|104|202301|3069|3069|0|0|
1000006741|7|104|202309|4410|4410|0|0|
1000006741|7|101|202310|15115|15115|0|0|
1000006755|7|101|202107|335000|50250|0|0|
1000006755|7|101|202108|36688|36688|0|0|
1000006755|7|104|202108|22548|22548|20260509|13|
1000006755|7|105|202109|771|122|0|0|
1000006781|7|104|202509|817|812|0|0|
1000006782|7|101|202506|88000|88000|0|0|
1000006782|7|104|202506|22579|22579|0|0|
1000006782|7|101|202507|471476|40799|0|0|
1000006782|7|104|202507|24343|24193|0|0|
1000006782|7|101|202508|90000|9000|0|0|
1000006790|7|101|202503|936500|268041|0|0|
1000006790|7|104|202503|41309|41309|0|0|
1000006790|7|104|202504|34787|34710|0|0|
1000006829|7|101|202509|389000|49495|0|0|
1000006829|7|104|202511|2180|2024|0|0|
1000006844|7|202|202404|205430|205430|0|0|
1000006844|7|101|202405|23900|23900|0|0|
1000006844|7|101|202406|158909|158909|0|0|
1000006844|7|101|202407|7035|7035|0|0|
1000006856|7|101|202310|755960|436389|0|0|
1000006856|7|202|202311|686259|686259|0|0|
1000006886|7|101|202310|394153|360835|0|0|
1000006886|7|104|202310|105911|105830|0|0|
1000006886|7|101|202311|585691|585691|0|0|
1000006886|7|202|202312|33824|33387|0|0|
1000006924|7|101|202509|1299460|606460|0|0|
1000006924|7|104|202509|13966|13145|0|0|
1000006924|7|101|202510|330555|330555|0|0|
1000006924|7|104|202510|11761|11756|0|0|
1000006937|7|202|202210|1286821|1286821|0|0|
1000006937|7|101|202212|201841|201841|20251128|16|
1000006937|7|104|202212|7093|7093|20251128|16|
1000006937|7|101|202301|99823|99823|20251128|16|
1000006937|7|101|202305|40797|31500|0|0|
1000006952|7|101|202308|564790|76308|0|0|
1000006952|7|104|202308|126693|125693|0|0|
1000006952|7|101|202309|296820|196821|0|0|
1000006952|7|101|202310|37200|37200|0|0|
1000006952|7|201|202311|27018|27018|0|0|
1000006952|7|201|202403|3238|3238|0|0|
1000006952|7|105|202404|5045|5045|0|0|
1000006955|7|104|202212|45988|45988|0|0|
1000006955|7|104|202302|23647|23647|0|0|
1000006963|7|101|202409|202472|35872|0|0|
1000006963|7|104|202409|90618|90616|0|0|
1000006963|7|101|202410|1014520|682770|0|0|
1000006963|7|104|202410|39616|39616|0|0|
1000006963|7|101|202411|148093|148093|0|0|
1000006964|7|101|202407|1151967|243414|0|0|
1000006964|7|104|202407|23034|23034|0|0|
1000006964|7|101|202408|81802|21796|0|0|
1000006964|7|104|202408|9926|9926|0|0|
1000006964|7|202|202408|986401|986401|0|0|
1000006990|7|101|202308|101000|2|0|0|
1000007003|7|104|202304|17979|17979|0|0|
1000007003|7|101|202305|389436|247262|0|0|
1000007003|7|104|202305|2996|2996|0|0|
1000007003|7|101|202310|44424|44424|0|0|
1000007003|7|101|202403|50000|2|0|0|
1000007017|7|104|202409|10123|10123|0|0|
1000007017|7|101|202410|306000|55225|0|0|
1000007099|7|104|202210|17496|17496|20250515|12|
1000007099|7|101|202212|664560|588356|20250514|12|
1000007157|7|101|202110|4430453|1965896|0|0|
1000007157|7|104|202112|5295|5295|0|0|
1000007157|7|101|202201|1361157|1361157|20251128|16|
1000007164|7|101|202604|488000|488000|0|0|
1000007170|7|101|202503|106479|33895|0|0|
1000007205|7|101|202508|103000|13902|20260421|12|
1000007205|7|101|202510|143000|21450|20260410|12|
1000007210|7|101|202211|604130|112703|20251128|16|
1000007210|7|104|202211|17185|17185|0|0|
1000007210|7|202|202211|54518|54518|0|0|
1000007210|7|104|202212|20570|20570|20251128|16|
1000007210|7|202|202301|437298|434212|0|0|
1000007229|7|101|202511|500000|25000|0|0|
1000007229|7|101|202512|7118358|6629608|0|0|
1000007229|7|201|202512|97418|95715|0|0|
1000007230|7|101|202312|68593|65614|0|0|
1000007230|7|101|202401|24995|1249|0|0|
1000007230|7|101|202405|227500|225341|0|0|
1000007230|7|101|202406|170000|25500|0|0|
1000007271|7|101|202306|36400|36400|0|0|
1000007271|7|101|202307|700000|2|0|0|
1000007271|7|104|202308|3711|3539|0|0|
1000007271|7|101|202309|460000|155175|0|0|
1000007271|7|101|202312|30000|29846|0|0|
1000007297|7|101|202501|1151073|184917|0|0|
1000007303|7|101|202108|200000|151888|0|0|
1000007303|7|104|202108|25894|25894|0|0|
1000007303|7|101|202109|200000|200000|0|0|
1000007303|7|101|202110|378500|367685|0|0|
1000007305|7|101|202412|964998|964998|0|0|
1000007305|7|104|202412|9995|9995|0|0|
1000007305|7|101|202501|478000|467418|0|0|
1000007305|7|104|202501|35218|35218|0|0|
1000007311|7|101|202111|917|917|0|0|
1000007311|7|104|202111|8900|8900|0|0|
1000007311|7|104|202112|124|104|0|0|
1000007311|7|202|202112|357618|248688|0|0|
1000007311|7|202|202303|302773|210743|0|0|
1000007315|7|101|202510|500000|25000|0|0|
1000007317|7|101|202212|221020|57422|20251128|16|
1000007317|7|104|202212|39705|39330|0|0|
1000007317|7|101|202301|324960|3|20251128|16|
1000007317|7|104|202301|19908|19908|20251128|16|
1000007317|7|202|202301|25460|25063|0|0|
1000007317|7|101|202306|44235|44235|0|0|
1000007322|7|101|202302|32128|32128|0|0|
1000007335|7|101|202410|1779750|1060322|0|0|
1000007335|7|104|202410|109627|109365|0|0|
1000007335|7|101|202411|128000|16809|0|0|
1000007342|7|101|202107|111812|111793|20251128|16|
1000007342|7|104|202107|6943|6788|0|0|
1000007342|7|104|202108|21985|21985|20251128|16|
1000007342|7|101|202110|17353|17353|0|0|
1000007361|7|101|202511|557210|557210|0|0|
1000007361|7|104|202511|5876|5876|0|0|
1000007361|7|101|202512|105000|105000|0|0|
1000007370|7|101|202212|419882|418631|0|0|
1000007370|7|104|202212|313375|295968|0|0|
1000007370|7|105|202212|12982|12982|0|0|
1000007370|7|101|202301|515194|515194|0|0|
1000007370|7|104|202301|14959|14959|0|0|
1000007371|7|101|202510|1330000|1330000|0|0|
1000007371|7|101|202511|2170862|1682304|0|0|
1000007371|7|104|202511|11493|11483|0|0|
1000007371|7|201|202511|500000|459791|0|0|
1000007371|7|101|202512|2064945|2064945|0|0|
1000007371|7|201|202512|3154218|3154218|0|0|
1000007371|7|201|202601|459808|459808|0|0|
1000007382|7|101|202407|934570|80600|0|0|
1000007382|7|104|202409|1819|1819|0|0|
1000007416|7|101|202407|960511|925084|0|0|
1000007416|7|101|202408|5999458|5999458|0|0|
1000007425|7|101|202409|2139401|2139401|20250819|99|
1000007456|7|101|202411|123000|21859|0|0|
1000007456|7|104|202411|2419|568|0|0|
1000007456|7|202|202412|604792|604792|0|0|
1000007472|7|101|202404|300000|30000|0|0|
1000007472|7|104|202404|1433|1433|0|0|
1000007472|7|101|202405|515000|101465|0|0|
1000007472|7|202|202407|700475|699939|0|0|
1000007548|7|101|202412|575515|476656|0|0|
1000007548|7|104|202412|285115|284941|0|0|
1000007548|7|101|202501|152186|151185|0|0|
1000007592|7|101|202209|875041|875041|0|0|
1000007592|7|104|202209|14993|14993|0|0|
1000007592|7|101|202210|13173|13173|0|0|
1000007592|7|101|202211|13776|13776|0|0|
1000007592|7|105|202302|1726|1726|0|0|
1000007600|7|104|202507|395885|395885|0|0|
1000007600|7|104|202508|448320|198805|0|0|
1000007600|7|101|202509|760000|760000|0|0|
1000007600|7|101|202510|3831300|3003300|0|0|
1000007603|7|202|202405|286101|286101|0|0|
1000007603|7|104|202406|297|297|0|0|
1000007603|7|101|202407|63614|63614|0|0|
1000007609|7|101|202602|100000|99835|0|0|
1000007609|7|104|202602|290|290|0|0|
1000007640|7|101|202412|5260694|5221665|20251010|13|
1000007640|7|104|202412|28902|28902|20251002|12|
1000007646|7|101|202308|427928|351025|0|0|
1000007646|7|104|202308|41461|41461|0|0|
1000007646|7|202|202308|260107|233783|0|0|
1000007646|7|101|202309|125100|0|20251031|1|
1000007646|7|104|202309|1583|1410|0|0|
1000007676|7|101|202312|335484|26992|0|0|
1000007676|7|104|202401|6485|3000|0|0|
1000007678|7|101|202310|441964|441964|0|0|
1000007678|7|104|202310|2446|2446|0|0|
1000007678|7|101|202311|1102940|301385|0|0|
1000007678|7|101|202312|38236|37616|0|0|
1000007692|7|104|202207|301|301|0|0|
1000007692|7|104|202211|121|121|0|0|
1000007730|7|101|202104|17124|17124|0|0|
1000007730|7|101|202105|71845|54251|0|0|
1000007730|7|101|202107|67500|67500|0|0|
1000007730|7|202|202107|491893|377974|0|0|
1000007730|7|101|202108|300000|300000|0|0|
1000007730|7|202|202112|101479|101479|0|0|
1000007730|7|101|202202|196100|17772|20251128|16|
1000007730|7|202|202203|178327|178327|0|0|
1000007756|7|101|202301|200000|19207|0|0|
1000007756|7|101|202302|751000|256602|0|0|
1000007756|7|104|202302|3605|3481|0|0|
1000007756|7|101|202304|117400|27673|0|0|
1000007756|7|101|202305|54000|5400|0|0|
1000007756|7|202|202308|970641|970641|0|0|
1000007757|7|101|202509|22776|22776|0|0|
1000007757|7|104|202509|359570|359570|0|0|
1000007757|7|101|202510|1905000|212916|0|0|
1000007757|7|104|202510|54206|54205|0|0|
1000007757|7|101|202511|890462|731739|0|0|
1000007757|7|101|202512|77246|76150|0|0|
1000007758|7|104|202601|62367|62273|0|0|
1000007782|7|101|202509|106666|10666|0|0|
1000007782|7|101|202510|1160354|889669|0|0|
1000007782|7|104|202510|7395|7395|0|0|
1000007782|7|201|202510|1273800|803051|0|0|
1000007782|7|201|202512|245491|245491|0|0|
1000007819|7|101|202407|685000|145000|0|0|
1000007819|7|101|202408|1490226|481668|0|0|
1000007819|7|104|202408|20451|20451|0|0|
1000007819|7|202|202410|1810613|1808465|0|0|
1000007841|7|101|202506|564962|309994|0|0|
1000007841|7|101|202507|7507|7507|0|0|
1000007856|7|101|202412|610832|610832|0|0|
1000007856|7|101|202501|70500|70500|0|0|
1000007856|7|101|202503|255000|18798|0|0|
1000007856|7|101|202505|474952|474942|0|0|
1000007920|7|101|202509|175727|168940|0|0|
1000007920|7|104|202511|40700|40700|0|0|
1000007924|7|104|202305|19539|19539|0|0|
1000007924|7|101|202306|135375|135375|0|0|
1000007924|7|104|202306|33460|32440|0|0|
1000007924|7|101|202307|42000|41790|0|0|
1000007924|7|202|202308|744008|714531|0|0|
1000007947|7|104|202401|25209|25209|20251002|12|
1000007947|7|101|202403|131250|2|20251001|12|
1000007947|7|101|202404|216666|15000|20251001|12|
1000007988|7|101|202202|193000|106056|0|0|
1000007988|7|104|202202|8230|8228|0|0|
1000007988|7|101|202203|405893|305893|0|0|
1000007988|7|101|202206|17500|17500|0|0|
1000007994|7|101|202311|3280|3280|0|0|
1000008005|7|104|202409|8676|8676|0|0|
1000008005|7|101|202410|1163006|1010506|0|0|
1000008007|7|101|202403|650000|13909|0|0|
1000008030|7|101|202411|882000|91715|0|0|
1000008030|7|202|202503|141367|141367|0|0|
1000008042|7|101|202110|895918|891691|0|0|
1000008042|7|104|202110|61765|61748|0|0|
1000008042|7|202|202110|1736896|1736398|0|0|
1000008042|7|101|202111|584084|577459|0|0|
1000008042|7|104|202111|86|86|0|0|
1000008042|7|205|202111|894961|886902|0|0|
1000008042|7|101|202112|450893|450893|0|0|
1000008042|7|101|202201|1433|1433|0|0|
1000008076|7|104|202409|4894|4871|0|0|
1000008078|7|101|202311|731994|731994|0|0|
1000008078|7|104|202311|137427|101489|0|0|
1000008078|7|101|202312|1775214|1754099|0|0|
1000008078|7|104|202312|99990|99990|0|0|
1000008078|7|106|202312|15300|15300|0|0|
1000008078|7|101|202401|1974880|1181983|0|0|
1000008078|7|101|202402|26664|26664|0|0|
1000008078|7|106|202403|519979|519979|0|0|
1000008078|7|202|202403|2859789|2510499|0|0|
1000008079|7|201|202211|20996|20930|0|0|
1000008079|7|101|202212|108000|104900|0|0|
1000008079|7|104|202212|121481|118303|0|0|
1000008079|7|101|202301|544843|160843|20251128|16|
1000008079|7|104|202301|463|463|0|0|
1000008079|7|101|202302|215345|83003|0|0|
1000008079|7|202|202302|627962|627962|0|0|
1000008079|7|101|202303|648000|1|0|0|
1000008079|7|101|202304|57789|57789|20251128|16|
1000008079|7|101|202401|11097|11097|0|0|
1000008079|7|105|202402|32330|32330|0|0|
1000008079|7|105|202501|31644|31644|0|0|
1000008083|7|101|202410|95000|94955|0|0|
1000008083|7|101|202411|222850|44570|0|0|
1000008091|7|101|202409|471396|471396|0|0|
1000008091|7|101|202410|291600|291600|0|0|
1000008091|7|104|202410|3858|3858|0|0|
1000008091|7|101|202411|69000|10350|0|0|
1000008100|7|101|202511|1481000|206486|0|0|
1000008100|7|104|202511|21201|21201|0|0|
1000008100|7|201|202511|532708|462848|0|0|
1000008100|7|201|202512|147267|147267|0|0|
1000008102|7|101|202410|225000|224995|20250626|16|
1000008106|7|104|202410|3453|3453|0|0|
1000008109|7|101|202203|200000|199618|0|0|
1000008109|7|101|202206|2160000|36071|0|0|
1000008109|7|202|202206|21527|21527|0|0|
1000008110|7|101|202409|405000|405000|0|0|
1000008110|7|101|202410|328000|255750|0|0|
1000008110|7|202|202410|74608|74608|0|0|
1000008111|7|104|202409|22654|22654|0|0|
1000008111|7|101|202410|3844296|3727487|0|0|
1000008111|7|104|202410|12140|12140|0|0|
1000008111|7|101|202411|82000|16400|0|0|
1000008113|7|101|202510|85500|17100|0|0|
1000008116|7|101|202409|2194720|208966|0|0|
1000008116|7|101|202410|535000|535000|0|0|
1000008116|7|104|202410|6183|6183|0|0|
1000008116|7|101|202504|3096049|2800823|0|0|
1000008120|7|101|202410|643965|643965|0|0|
1000008120|7|104|202410|6261|6261|0|0|
1000008120|7|101|202411|45000|45000|0|0|
1000008124|7|104|202408|194743|194743|0|0|
1000008124|7|101|202409|1723050|340640|0|0|
1000008124|7|101|202410|378000|378000|0|0|
1000008124|7|101|202411|320000|63934|0|0|
1000008126|7|101|202304|749999|63000|0|0|
1000008126|7|104|202304|39670|39510|0|0|
1000008126|7|101|202305|1524817|242841|20251128|16|
1000008126|7|104|202305|92439|92439|0|0|
1000008136|7|101|202203|114162|94228|0|0|
1000008136|7|104|202203|19980|19980|0|0|
1000008136|7|101|202204|42934|34300|0|0|
1000008136|7|101|202206|86047|86047|0|0|
1000008136|7|101|202207|78893|78893|0|0|
1000008136|7|101|202208|86583|86583|0|0|
1000008136|7|101|202209|26947|26947|0|0|
1000008139|7|101|202410|315900|315900|0|0|
1000008139|7|101|202412|154000|23100|0|0|
1000008141|7|101|202409|2201460|553755|0|0|
1000008141|7|101|202410|464000|120609|0|0|
1000008141|7|104|202410|24589|18198|0|0|
1000008141|7|101|202411|90000|9000|0|0|
1000008144|7|101|202410|100000|10349|0|0|
1000008145|7|101|202108|1270000|138237|20251128|16|
1000008145|7|104|202108|29473|29473|0|0|
1000008145|7|202|202108|174210|174210|0|0|
1000008145|7|101|202109|819000|805084|0|0|
1000008145|7|101|202110|900476|375241|0|0|
1000008145|7|101|202111|1850000|60126|0|0|
1000008145|7|101|202112|100000|100000|0|0|
1000008145|7|101|202201|57446|57446|0|0|
1000008146|7|104|202409|13144|13144|0|0|
1000008146|7|101|202410|115000|23000|0|0|
1000008151|7|101|202409|255100|248261|0|0|
1000008151|7|101|202412|40449|7889|0|0|
1000008152|7|101|202508|148000|22200|0|0|
1000008152|7|101|202510|146536|146536|0|0|
1000008201|7|101|202507|185550|185537|0|0|
1000008201|7|104|202507|20536|20536|0|0|
1000008201|7|101|202508|1003934|551319|0|0|
1000008201|7|104|202508|2962|2962|0|0|
1000008201|7|101|202509|216630|216630|0|0|
1000008201|7|101|202510|42803|42803|0|0|
1000008216|7|101|202212|662507|204023|20251128|16|
1000008216|7|104|202212|8908|8908|20251128|16|
1000008216|7|202|202301|465480|465480|0|0|
1000008272|7|101|202109|653890|446890|0|0|
1000008272|7|104|202109|45952|43684|0|0|
1000008272|7|202|202111|1775506|1775506|0|0|
1000008272|7|205|202202|274369|270851|0|0|
1000008272|7|101|202203|206999|194444|0|0|
1000008274|7|104|202410|36483|36483|20260421|12|
1000008274|7|101|202411|745300|105552|20260422|12|
1000008274|7|104|202411|9990|9990|20260423|12|
1000008274|7|101|202412|698374|698374|20260427|12|
1000008274|7|101|202504|77112|77112|20260427|12|
1000008296|7|104|202304|4537|4537|0|0|
1000008296|7|101|202305|216000|216000|0|0|
1000008301|7|101|202312|455000|455000|0|0|
1000008307|7|104|202107|9625|9488|0|0|
1000008307|7|101|202108|500000|90990|0|0|
1000008307|7|202|202108|409009|408253|0|0|
1000008311|7|101|202207|24166|24166|20251031|12|
1000008311|7|101|202210|560000|2|20251111|12|
1000008311|7|101|202211|240954|176376|20250709|12|
1000008311|7|101|202212|79200|79200|20250709|12|
1000008332|7|104|202305|18440|18440|0|0|
1000008332|7|101|202412|4585|229|0|0|
1000008336|7|101|202501|283247|117211|0|0|
1000008336|7|104|202501|10220|10219|0|0|
1000008336|7|101|202502|771900|460997|0|0|
1000008349|7|101|202406|385000|107000|0|0|
1000008349|7|104|202406|13619|8753|0|0|
1000008349|7|101|202407|680000|409757|0|0|
1000008349|7|104|202407|13405|13405|0|0|
1000008349|7|101|202408|300000|39863|0|0|
1000008349|7|104|202408|12188|11081|0|0|
1000008350|7|202|202208|437709|435584|0|0|
1000008350|7|202|202209|4193|3855|0|0|
1000008350|7|101|202210|212394|212394|20251128|16|
1000008350|7|104|202210|69417|69417|20251128|16|
1000008350|7|101|202211|100000|100000|0|0|
1000008350|7|101|202601|60636|60636|0|0|
1000008373|7|101|202602|66560|2|0|0|
1000008382|7|101|202301|2940000|2940000|0|0|
1000008382|7|104|202301|6979|6979|0|0|
1000008382|7|101|202302|1846000|1819924|0|0|
1000008382|7|101|202304|30000|29910|0|0|
1000008448|7|101|202409|655838|573149|0|0|
1000008448|7|101|202410|626563|625264|0|0|
1000008448|7|104|202410|1107|1107|0|0|
1000008473|7|101|202305|389000|389000|0|0|
1000008473|7|104|202305|78746|78746|0|0|
1000008473|7|104|202306|19791|19791|0|0|
1000008473|7|104|202602|5930|5930|0|0|
1000008477|7|104|202412|16470|16470|0|0|
1000008477|7|101|202501|23000|22995|0|0|
1000008477|7|104|202501|10056|10056|0|0|
1000008477|7|101|202502|40000|8000|0|0|
1000008477|7|101|202504|31996|31996|0|0|
1000008478|7|101|202511|343546|256046|0|0|
1000008478|7|101|202512|83000|83000|0|0|
1000008478|7|104|202512|16612|16612|0|0|
1000008499|7|101|202502|1763819|931459|0|0|
1000008499|7|104|202502|22759|22759|0|0|
1000008499|7|101|202503|105000|15750|0|0|
1000008499|7|104|202503|347|347|0|0|
1000008535|7|101|202210|684638|670474|0|0|
1000008535|7|104|202210|23633|23633|0|0|
1000008535|7|101|202211|84104|84104|0|0|
1000008535|7|101|202212|20238|20238|0|0|
1000008563|7|101|202111|424890|27989|0|0|
1000008563|7|104|202112|1209|1199|0|0|
1000008563|7|202|202112|1076270|1038448|0|0|
1000008563|7|101|202201|45000|45000|0|0|
1000008563|7|101|202203|46978|46978|0|0|
1000008563|7|202|202203|173234|173234|0|0|
1000008582|7|101|202308|377960|377960|0|0|
1000008582|7|104|202308|107657|107657|0|0|
1000008582|7|101|202309|1200795|1161506|0|0|
1000008582|7|105|202311|57087|57087|0|0|
1000008582|7|101|202312|423078|423078|0|0|
1000008594|7|104|202604|1431|1431|0|0|
1000008605|7|104|202406|8820|8820|0|0|
1000008605|7|105|202406|26484|25957|0|0|
1000008605|7|101|202407|100000|7440|0|0|
1000008606|7|101|202508|480000|9401|0|0|
1000008606|7|101|202509|177500|6256|0|0|
1000008606|7|101|202512|15000|15000|0|0|
1000008613|7|101|202108|200000|187000|0|0|
1000008613|7|104|202108|76913|76913|0|0|
1000008613|7|101|202109|250000|250000|0|0|
1000008613|7|101|202110|242965|240443|0|0|
1000008613|7|105|202110|14146|14146|0|0|
1000008613|7|101|202111|66761|64397|0|0|
1000008613|7|104|202201|2079|2079|0|0|
1000008613|7|101|202202|33473|33473|0|0|
1000008616|7|101|202208|270000|36815|0|0|
1000008616|7|104|202208|7510|7510|0|0|
1000008616|7|101|202210|18998|18998|0|0|
1000008631|7|101|202507|800000|69582|0|0|
1000008631|7|101|202508|100000|5000|0|0|
1000008643|7|101|202301|330000|55085|0|0|
1000008643|7|101|202302|149240|2|0|0|
1000008643|7|101|202303|101400|21966|0|0|
1000008646|7|101|202212|830000|2|0|0|
1000008646|7|104|202301|1040|1040|0|0|
1000008653|7|101|202301|11085|11085|0|0|
1000008665|7|101|202508|290700|23145|0|0|
1000008675|7|101|202307|369005|39573|0|0|
1000008675|7|101|202308|400698|75214|0|0|
1000008675|7|101|202309|324694|61143|0|0|
1000008693|7|101|202310|45398|2268|0|0|
1000008693|7|101|202311|188728|9435|0|0|
1000008693|7|104|202311|7874|7874|0|0|
1000008693|7|101|202312|362377|33086|0|0|
1000008693|7|104|202312|4849|4849|0|0|
1000008693|7|101|202401|82829|4141|0|0|
1000008693|7|101|202402|109950|7612|0|0|
1000008699|7|101|202506|150000|150000|0|0|
1000008703|7|101|202312|177600|27750|0|0|
1000008703|7|104|202403|18365|18365|0|0|
1000008703|7|101|202404|684000|8|0|0|
1000008703|7|104|202404|71|70|0|0|
1000008703|7|101|202405|240000|21795|0|0|
1000008703|7|104|202405|73|73|0|0|
1000008703|7|202|202406|344990|338144|0|0|
1000008707|7|101|202509|500000|500000|0|0|
1000008718|7|101|202410|406524|406524|0|0|
1000008718|7|101|202411|280208|264584|0|0|
1000008727|7|101|202510|1250000|250000|0|0|
1000008727|7|104|202510|7874|7874|0|0|
1000008750|7|101|202602|829424|441824|0|0|
1000008750|7|104|202602|10958|8096|0|0|
1000008757|7|101|202109|68000|10200|0|0|
1000008757|7|104|202109|219861|122342|0|0|
1000008757|7|101|202110|1551774|568585|0|0|
1000008757|7|104|202110|7127|7127|0|0|
1000008757|7|101|202111|250000|250000|0|0|
1000008757|7|101|202207|608000|50400|0|0|
1000008758|7|101|202309|357282|357282|0|0|
1000008758|7|104|202309|8165|8165|0|0|
1000008758|7|101|202311|22231|22231|0|0|
1000008779|7|101|202409|174000|16672|0|0|
1000008789|7|101|202510|568000|433400|0|0|
1000008789|7|104|202510|94083|94083|0|0|
1000008791|7|101|202203|22859|22859|0|0|
1000008791|7|101|202204|631738|624690|0|0|
1000008791|7|104|202204|19853|19853|0|0|
1000008791|7|101|202205|204150|198624|0|0|
1000008791|7|105|202205|29651|29651|0|0|
1000008801|7|101|202107|1322600|960955|0|0|
1000008801|7|104|202107|14191|14177|0|0|
1000008801|7|101|202108|555025|528565|0|0|
1000008801|7|201|202108|103216|103216|0|0|
1000008801|7|101|202109|114000|0|20260331|1|
1000008835|7|104|202108|2352|2352|0|0|
1000008835|7|101|202109|34362|34362|0|0|
1000008856|7|101|202401|3175000|768307|0|0|
1000008856|7|101|202402|157551|157551|0|0|
1000008856|7|101|202501|6800|6800|0|0|
1000008867|7|101|202601|83023|83023|0|0|
1000008867|7|101|202602|21442|21442|0|0|
1000008867|7|101|202603|34100|34100|0|0|
1000008873|7|101|202308|400000|400000|0|0|
1000008873|7|104|202308|102517|102517|0|0|
1000008873|7|101|202309|659978|339978|0|0|
1000008873|7|104|202309|64122|64122|0|0|
1000008873|7|101|202310|14007|14007|0|0|
1000008873|7|104|202407|10000|10000|0|0|
1000008873|7|105|202408|81271|81271|0|0|
1000008876|7|104|202207|7506|895|0|0|
1000008876|7|101|202208|911900|116099|20251128|16|
1000008876|7|202|202208|274274|274274|0|0|
1000008876|7|202|202209|293918|292757|0|0|
1000008876|7|101|202210|69359|69359|0|0|
1000008902|7|104|202407|49633|49127|0|0|
1000008902|7|104|202408|17435|17435|0|0|
1000008905|7|101|202103|719898|309328|20260202|16|
1000008905|7|101|202104|40000|40000|0|0|
1000008905|7|202|202105|603669|602749|0|0|
1000008907|7|101|202507|178000|178000|20260113|12|
1000008907|7|101|202508|133200|118200|20260113|12|
1000008921|7|101|202408|94171|2|0|0|
1000008921|7|101|202409|41650|2|0|0|
1000008921|7|104|202409|5759|3311|0|0|
1000008921|7|104|202410|17391|17203|0|0|
1000008921|7|101|202411|336530|57185|0|0|
1000008921|7|101|202506|208176|40176|0|0|
1000008923|7|101|202510|700000|125364|0|0|
1000008923|7|104|202510|79144|79141|0|0|
1000008931|7|101|202403|243000|36450|0|0|
1000008931|7|202|202403|210200|210200|0|0|
1000008931|7|101|202406|199370|9969|0|0|
1000008931|7|104|202406|2793|2793|0|0|
1000008931|7|101|202408|300000|35609|0|0|
1000008931|7|101|202409|19007|19007|0|0|
1000008936|7|101|202603|889383|781730|0|0|
1000008936|7|101|202604|660375|660375|0|0|
1000008963|7|101|202401|454893|103096|0|0|
1000008963|7|104|202401|8899|8837|0|0|
1000008963|7|101|202402|109000|76587|0|0|
1000008963|7|101|202404|123129|123129|0|0|
1000009006|7|104|202206|38966|38966|0|0|
1000009006|7|104|202207|74592|74592|0|0|
1000009006|7|202|202207|191965|191965|0|0|
1000009015|7|101|202508|614520|62345|0|0|
1000009015|7|101|202509|114000|17100|0|0|
1000009045|7|101|202501|174069|174069|0|0|
1000009045|7|101|202506|208900|201245|0|0|
1000009045|7|101|202509|380000|332500|0|0|
1000009047|7|101|202212|190000|24127|20251128|16|
1000009047|7|104|202212|946|946|0|0|
1000009047|7|101|202305|100000|10000|0|0|
1000009132|7|101|202403|213825|113320|20260427|12|
1000009132|7|104|202403|30554|30554|20260424|12|
1000009150|7|104|202601|1733|1733|0|0|
1000009150|7|101|202602|29185|29185|0|0|
1000009150|7|101|202604|25882|25882|0|0|
1000009157|7|101|202402|70000|10000|0|0|
1000009157|7|104|202402|44030|36649|0|0|
1000009157|7|101|202403|262692|262692|0|0|
1000009157|7|104|202403|9990|9990|0|0|
1000009181|7|101|202603|22571|1354|0|0|
1000009185|7|101|202111|465414|465375|0|0|
1000009185|7|104|202111|3918|3918|0|0|
1000009185|7|101|202112|996857|996847|0|0|
1000009185|7|104|202112|1432|1432|0|0|
1000009185|7|101|202202|113020|113020|0|0|
1000009208|7|101|202512|20224|20224|0|0|
1000009225|7|101|202502|2924850|584970|0|0|
1000009225|7|101|202503|4398986|4394190|0|0|
1000009225|7|105|202505|10882|10882|0|0|
1000009234|7|101|202401|295279|291551|0|0|
1000009234|7|104|202401|88736|85863|0|0|
1000009234|7|202|202401|981851|981851|0|0|
1000009234|7|101|202402|285500|131718|0|0|
1000009234|7|101|202403|18150000|1012|0|0|
1000009249|7|101|202604|1743345|1743345|0|0|
1000009249|7|201|202604|3180390|3180390|0|0|
1000009253|7|202|202510|51908|51598|0|0|
1000009253|7|104|202512|7157|7157|0|0|
1000009253|7|101|202602|3673|3673|0|0|
1000009281|7|101|202603|71|71|0|0|
1000009294|7|104|202308|2495|2495|0|0|
1000009294|7|101|202309|330600|22303|0|0|
1000009294|7|104|202309|6804|6803|0|0|
1000009294|7|202|202310|274611|272173|0|0|
1000009294|7|202|202403|39581|39581|0|0|
1000009308|7|101|202108|373800|161273|20251128|16|
1000009308|7|104|202108|92200|92200|20251128|16|
1000009335|7|101|202301|1327500|167588|20251128|16|
1000009335|7|104|202301|2949|2949|0|0|
1000009335|7|202|202302|1468055|1468055|0|0|
1000009342|7|101|202412|179636|179636|0|0|
1000009342|7|101|202501|150000|150000|0|0|
1000009342|7|101|202502|13244|13244|0|0|
1000009342|7|104|202502|5015|5015|0|0|
1000009342|7|105|202504|6140|6140|0|0|
1000009342|7|101|202505|28675|22033|0|0|
1000009359|7|101|202412|450000|2|0|0|
1000009359|7|101|202501|1874000|475820|0|0|
1000009359|7|104|202501|5279|5014|0|0|
1000009359|7|101|202502|73523|2|0|0|
1000009359|7|104|202502|4774|4774|0|0|
1000009359|7|101|202503|47700|47700|0|0|
1000009359|7|101|202506|25953|25953|0|0|
1000009359|7|101|202509|162000|162000|0|0|
1000009381|7|101|202503|21000|15138|0|0|
1000009397|7|101|202603|154079|154079|0|0|
1000009412|7|104|202501|75613|74833|0|0|
1000009412|7|101|202502|496000|74400|0|0|
1000009419|7|101|202301|92653|90005|0|0|
1000009419|7|104|202301|4978|4978|0|0|
1000009422|7|101|202502|279492|278303|20251224|12|
1000009422|7|101|202503|679274|679274|20251112|12|
1000009464|7|101|202112|53051|53051|0|0|
1000009464|7|101|202202|200000|197015|0|0|
1000009464|7|101|202207|231261|144804|0|0|
1000009464|7|101|202208|80000|12000|20251128|16|
1000009464|7|202|202208|68957|67644|0|0|
1000009470|7|101|202501|474896|474896|20251128|99|
1000009482|7|202|202309|789118|740815|0|0|
1000009482|7|101|202310|524718|124173|0|0|
1000009482|7|101|202311|11400|7915|0|0|
1000009482|7|101|202403|169959|164832|0|0|
1000009485|7|101|202109|369658|25845|20251128|16|
1000009485|7|104|202109|13194|13194|20251128|16|
1000009485|7|101|202110|6640|6640|0|0|
1000009485|7|104|202110|8504|5880|0|0|
1000009507|7|101|202402|469000|82745|0|0|
1000009507|7|101|202403|255000|43590|0|0|
1000009507|7|104|202403|1455|1455|0|0|
1000009507|7|202|202405|213168|213168|0|0|
1000009511|7|101|202302|1352186|1341431|20251128|16|
1000009536|7|104|202310|8998|8998|0|0|
1000009543|7|101|202512|984396|984396|0|0|
1000009543|7|104|202512|147442|147441|0|0|
1000009548|7|101|202303|875189|604310|0|0|
1000009548|7|104|202303|57685|57685|0|0|
1000009548|7|101|202306|69797|69797|0|0|
1000009548|7|201|202510|2716260|2716260|0|0|
1000009549|7|101|202406|82358|78897|0|0|
1000009556|7|101|202205|1467500|1464808|20251128|16|
1000009556|7|104|202205|11691|11641|20251128|16|
1000009556|7|101|202206|760870|760870|0|0|
1000009556|7|101|202208|60154|60154|20251128|16|
1000009610|7|101|202601|1831|2|0|0|
1000009610|7|101|202602|3500|2|0|0|
1000009674|7|101|202405|450000|70000|0|0|
1000009674|7|104|202405|74531|24669|0|0|
1000009674|7|101|202406|1666578|1085015|0|0|
1000009674|7|104|202406|16977|16977|0|0|
1000009680|7|101|202508|290000|58000|0|0|
1000009680|7|104|202509|1085|1085|0|0|
1000009680|7|101|202510|808000|286600|0|0|
1000009692|7|101|202603|4783|4783|0|0|
1000009733|7|101|202408|560000|226342|0|0|
1000009733|7|104|202408|10071|10071|0|0|
1000009733|7|101|202409|806189|804618|0|0|
1000009769|7|101|202502|295000|1|0|0|
1000009769|7|101|202503|119990|1|0|0|
1000009769|7|104|202503|18823|16823|0|0|
1000009769|7|101|202504|72900|2|0|0|
1000009769|7|104|202504|3824|3824|0|0|
1000009769|7|101|202505|280880|280880|0|0|
1000009769|7|101|202506|119120|61552|0|0|
1000009823|7|101|202401|718922|454652|0|0|
1000009823|7|104|202401|7296|7296|0|0|
1000009823|7|202|202401|842838|842838|0|0|
1000009825|7|104|202503|39948|39948|0|0|
1000009831|7|101|202409|349999|29999|20250827|1|
1000009831|7|104|202411|9642|9642|0|0|
1000009831|7|101|202505|136000|136000|0|0|
1000009832|7|101|202406|20000|20000|0|0|
1000009832|7|101|202407|814995|591725|20250530|1|
1000009832|7|104|202407|54464|54464|0|0|
1000009832|7|105|202507|6187|6187|0|0|
1000009833|7|101|202409|1011450|0|20251202|1|
1000009833|7|101|202410|657389|657389|0|0|
1000009833|7|101|202412|100000|10000|0|0|
1000009833|7|101|202501|540000|81000|0|0|
1000009833|7|105|202503|1548|1548|0|0|
1000009833|7|101|202507|69996|69996|0|0|
1000009835|7|101|202509|894337|894337|0|0|
1000009835|7|104|202509|15115|15115|0|0|
1000009866|7|105|202307|889|889|0|0|
1000009866|7|104|202310|4990|4990|0|0|
1000009866|7|101|202311|2188|2188|0|0|
1000009877|7|101|202508|201342|201342|0|0|
1000009877|7|101|202511|70606|70606|0|0|
1000009899|7|101|202208|1116000|304865|0|0|
1000009899|7|101|202209|250834|176097|0|0|
1000009931|7|101|202209|155424|137666|20251128|16|
1000009931|7|104|202209|10208|10208|0|0|
1000009931|7|101|202210|199330|199330|0|0|
1000009948|7|101|202308|1588899|596784|0|0|
1000009948|7|201|202308|97745|97745|0|0|
1000009948|7|101|202309|244744|7813|0|0|
1000009948|7|104|202309|68025|67974|0|0|
1000009948|7|201|202309|106018|106018|0|0|
1000009948|7|101|202311|70408|2791|0|0|
1000009948|7|202|202311|1443734|1443734|0|0|
1000009948|7|201|202312|17471|17471|0|0|
1000009948|7|201|202401|144417|144417|0|0|
1000009948|7|101|202601|21064|21064|0|0|
1000009955|7|101|202412|77900|5320|0|0|
1000009955|7|101|202501|700000|139341|0|0|
1000009955|7|104|202501|10933|10933|0|0|
1000009955|7|202|202501|565387|563475|0|0|
1000009955|7|104|202502|7212|7212|0|0|
1000009960|7|101|202209|307860|307860|20251128|16|
1000009960|7|101|202210|40800|40800|0|0|
1000009960|7|104|202210|26630|26630|0|0|
1000009960|7|101|202212|290000|290000|0|0|
1000009982|7|101|202409|220347|44068|20250710|12|
1000009982|7|101|202410|111594|22318|20250710|12|
1000009982|7|201|202410|36591|36591|0|0|
1000009982|7|101|202411|256748|256748|20250709|99|
1000009982|7|201|202411|129811|129811|20250709|99|
1000009982|7|101|202412|58198|58198|20250709|12|
1000010011|7|101|202412|200000|13613|0|0|
1000010011|7|101|202501|300000|30000|0|0|
1000010011|7|101|202510|528171|528171|0|0|
1000010085|7|101|202210|126704|58219|0|0|
1000010085|7|201|202210|300000|299095|0|0|
1000010085|7|101|202211|369707|129426|0|0|
1000010085|7|101|202212|1000000|926498|0|0|
1000010085|7|101|202306|107617|52117|0|0|
1000010093|7|101|202501|820198|820198|0|0|
1000010093|7|104|202501|13208|13208|0|0|
1000010147|7|101|202201|249729|249729|0|0|
1000010147|7|101|202202|572374|547376|0|0|
1000010158|7|101|202109|63173|60907|20251128|16|
1000010158|7|101|202110|26094|26089|0|0|
1000010158|7|101|202112|100000|1829|0|0|
1000010158|7|101|202201|726884|45131|0|0|
1000010167|7|101|202407|861996|77697|20250804|1|
1000010167|7|104|202407|27752|27752|0|0|
1000010172|7|101|202511|71700|7170|0|0|
1000010172|7|104|202511|14978|14978|0|0|
1000010172|7|101|202512|152700|4086|0|0|
1000010172|7|101|202602|37229|37229|0|0|
1000010174|7|101|202508|470000|70500|20260211|12|
1000010194|7|101|202403|171999|73117|0|0|
1000010194|7|101|202404|212200|189840|0|0|
1000010194|7|201|202405|23166|23166|0|0|
1000010194|7|201|202406|74281|74281|0|0|
1000010194|7|101|202408|1000000|200000|20250626|16|
1000010194|7|101|202409|422882|404795|20250626|16|
1000010194|7|101|202410|106000|83318|20250626|16|
1000010211|7|101|202310|1252244|519696|0|0|
1000010211|7|104|202310|95980|95980|0|0|
1000010211|7|101|202311|2288220|597833|0|0|
1000010211|7|202|202311|1813661|1810878|0|0|
1000010211|7|101|202312|134100|134100|0|0|
1000010221|7|104|202401|35062|35062|0|0|
1000010221|7|101|202402|494605|118665|0|0|
1000010221|7|104|202403|10632|10632|0|0|
1000010221|7|202|202406|1264255|1264255|0|0|
1000010328|7|101|202312|33000|1470|0|0|
1000010328|7|101|202401|172947|172947|0|0|
1000010328|7|104|202401|42715|38258|0|0|
1000010328|7|104|202402|15046|15046|0|0|
1000010328|7|101|202403|19200|19200|0|0|
1000010328|7|101|202411|58567|58567|0|0|
1000010351|7|101|202502|85500|85500|20250820|99|
1000010362|7|101|202301|475022|456707|0|0|
1000010362|7|202|202302|813943|813943|0|0|
1000010425|7|101|202208|59293|2|20251128|16|
1000010453|7|101|202306|346000|146200|0|0|
1000010453|7|101|202307|126286|38019|0|0|
1000010453|7|202|202307|285592|285592|0|0|
1000010466|7|104|202409|19207|18517|0|0|
1000010466|7|101|202412|472039|106539|0|0|
1000010466|7|101|202501|1373067|742185|0|0|
1000010466|7|101|202502|138134|138134|0|0|
1000010476|7|101|202410|802650|333662|20250722|12|
1000010476|7|101|202412|400000|60000|0|0|
1000010484|7|101|202301|384397|372704|0|0|
1000010484|7|202|202301|838319|838319|0|0|
1000010484|7|101|202302|85150|82342|0|0|
1000010492|7|101|202111|250000|37500|0|0|
1000010492|7|202|202112|216815|216815|0|0|
1000010495|7|101|202407|200000|5144|0|0|
1000010495|7|104|202407|29966|29865|0|0|
1000010495|7|101|202408|44489|44489|0|0|
1000010495|7|104|202408|6984|6984|0|0|
1000010495|7|202|202408|194855|194855|0|0|
1000010511|7|101|202411|538942|128455|0|0|
1000010511|7|104|202411|1463|1463|0|0|
1000010511|7|101|202412|364561|72456|0|0|
1000010511|7|202|202506|311552|311552|0|0|
1000010535|7|101|202206|89012|64078|0|0|
1000010535|7|101|202208|366490|10|0|0|
1000010535|7|101|202209|43090|43090|0|0|
1000010535|7|202|202209|303352|303260|0|0|
1000010554|7|101|202212|34200|5130|0|0|
1000010554|7|202|202212|631220|626772|0|0|
1000010554|7|101|202301|584210|102529|0|0|
1000010554|7|104|202301|507|507|0|0|
1000010554|7|101|202302|35157|8287|0|0|
1000010554|7|104|202302|19310|19288|0|0|
1000010554|7|101|202303|20367|20367|0|0|
1000010568|7|101|202206|500000|101732|0|0|
1000010568|7|101|202207|560000|107631|0|0|
1000010568|7|104|202207|29973|29973|0|0|
1000010568|7|202|202207|162850|162850|0|0|
1000010568|7|202|202209|399289|399289|0|0|
1000010570|7|101|202502|850333|174173|0|0|
1000010570|7|104|202502|5792|5792|0|0|
1000010570|7|202|202504|685118|683176|0|0|
1000010584|7|101|202209|250174|171000|20250715|1|
1000010584|7|104|202209|27595|27595|0|0|
1000010584|7|104|202301|9987|0|20260213|7|
1000010584|7|101|202303|6193|5185|0|0|
1000010612|7|101|202509|335862|335862|0|0|
1000010612|7|101|202510|1440000|259500|0|0|
1000010612|7|104|202510|2271|271|0|0|
1000010616|7|101|202308|199800|181070|0|0|
1000010623|7|101|202310|62160|13320|0|0|
1000010623|7|101|202312|160000|8000|0|0|
1000010623|7|104|202312|1700|1700|0|0|
1000010623|7|101|202401|400000|73818|0|0|
1000010623|7|202|202402|155385|154746|0|0|
1000010623|7|202|202403|233349|233349|0|0|
1000010632|7|101|202308|297000|42465|0|0|
1000010645|7|101|202405|27000|27000|0|0|
1000010645|7|201|202410|563755|558173|0|0|
1000010645|7|202|202502|330487|326592|0|0|
1000010645|7|101|202506|300000|297096|0|0|
1000010654|7|101|202410|150000|75152|0|0|
1000010654|7|104|202412|34112|34112|0|0|
1000010654|7|101|202501|281250|2|0|0|
1000010654|7|104|202501|14257|14257|0|0|
1000010654|7|101|202504|81000|81000|0|0|
1000010657|7|101|202207|426449|67244|0|0|
1000010657|7|104|202207|53817|48179|0|0|
1000010657|7|101|202208|194690|107027|0|0|
1000010657|7|202|202208|211769|187874|0|0|
1000010657|7|101|202209|49741|49132|0|0|
1000010657|7|101|202210|100000|9907|0|0|
1000010660|7|101|202512|300000|300000|0|0|
1000010718|7|101|202211|200000|199396|0|0|
1000010720|7|104|202511|5457|5457|0|0|
1000010726|7|101|202510|189980|189980|20260128|99|
1000010730|7|104|202404|11711|10798|0|0|
1000010739|7|101|202208|14750|14711|0|0|
1000010739|7|104|202208|2755|2730|0|0|
1000010739|7|101|202209|130000|11840|0|0|
1000010739|7|202|202210|399598|399598|0|0|
1000010745|7|202|202306|185135|183720|0|0|
1000010745|7|101|202307|40000|40000|0|0|
1000010745|7|101|202308|5881|5556|0|0|
1000010745|7|101|202309|28388|28388|0|0|
1000010745|7|202|202311|59845|59845|0|0|
1000010746|7|101|202411|1336398|1064457|0|0|
1000010746|7|104|202411|29931|29931|0|0|
1000010746|7|101|202412|1677405|939410|0|0|
1000010746|7|104|202412|419077|369139|0|0|
1000010772|7|101|202310|692|2|0|0|
1000010772|7|104|202310|1098|1098|0|0|
1000010772|7|101|202311|169899|28004|0|0|
1000010789|7|101|202308|550000|46532|0|0|
1000010789|7|101|202309|822500|41534|0|0|
1000010789|7|202|202309|1292305|1292305|0|0|
1000010789|7|104|202310|12983|12983|0|0|
1000010796|7|101|202308|384936|255866|0|0|
1000010796|7|104|202308|29991|29991|0|0|
1000010796|7|101|202309|131606|131606|0|0|
1000010796|7|104|202309|28339|28339|0|0|
1000010796|7|101|202310|61600|33424|0|0|
1000010796|7|104|202310|20525|20525|0|0|
1000010796|7|101|202311|69130|69130|0|0|
1000010796|7|104|202406|29760|29760|0|0|
1000010796|7|105|202407|16818|16818|0|0|
1000010799|7|101|202403|103749|237368|0|0|
1000010799|7|104|202403|97292|96956|0|0|
1000010799|7|105|202403|76891|76891|0|0|
1000010799|7|101|202404|974783|380978|0|0|
1000010799|7|104|202404|10831|10831|0|0|
1000010799|7|105|202404|7663|7663|0|0|
1000010799|7|101|202405|50605|50002|0|0|
1000010799|7|101|202406|198099|198099|0|0|
1000010799|7|105|202406|50000|50000|0|0|
1000010806|7|101|202507|299900|29990|0|0|
1000010806|7|104|202507|421|421|0|0|
1000010806|7|101|202508|200654|115654|0|0|
1000010806|7|104|202508|7917|7917|0|0|
1000010812|7|101|202508|112989|112989|0|0|
1000010812|7|104|202508|44423|44423|0|0|
1000010812|7|101|202509|169000|22850|0|0|
1000010812|7|104|202509|17980|17980|0|0|
1000010850|7|101|202302|72830|0|20250826|1|
1000010850|7|104|202302|5577|0|20250826|1|
1000010850|7|101|202303|159862|159862|0|0|
1000010850|7|104|202303|21977|7959|20251128|16|
1000010862|7|101|202408|2075000|1437500|0|0|
1000010862|7|101|202412|2149977|2144948|0|0|
1000010862|7|101|202501|913245|402945|0|0|
1000010864|7|101|202310|468301|328377|0|0|
1000010864|7|104|202310|127345|118546|0|0|
1000010864|7|101|202311|151187|151187|0|0|
1000010892|7|101|202401|659000|139381|0|0|
1000010892|7|202|202401|777921|777921|0|0|
1000010892|7|101|202402|185000|185000|0|0|
1000010892|7|104|202402|9949|9949|0|0|
1000010892|7|101|202404|65837|38698|0|0|
1000011024|7|101|202303|28149|18998|0|0|
1000011031|7|101|202403|176596|159976|0|0|
1000011031|7|104|202403|4797|4797|0|0|
1000011031|7|101|202404|580740|146991|0|0|
1000011031|7|104|202406|5344|5344|0|0|
1000011124|7|101|202207|100000|3817|0|0|
1000011124|7|101|202210|56180|3125|0|0|
1000011124|7|101|202306|60000|5760|0|0|
1000011124|7|105|202307|9209|9209|0|0|
1000011124|7|101|202403|3298|3298|0|0|
1000011150|7|101|202601|39000|39000|0|0|
1000011161|7|202|202212|700576|697127|0|0|
1000011161|7|202|202301|3000452|3000452|0|0|
1000011190|7|101|202604|1|1|0|0|
1000011199|7|101|202508|112320|14807|0|0|
1000011199|7|101|202509|80357|8029|0|0|
1000011199|7|104|202510|2933|2933|0|0|
1000011199|7|101|202511|25118|25118|0|0|
1000011207|7|104|202403|4918|4918|0|0|
1000011207|7|101|202404|387743|23901|0|0|
1000011207|7|104|202404|10432|10432|0|0|
1000011207|7|101|202405|442|2|0|0|
1000011207|7|101|202406|16875|16875|0|0|
1000011207|7|104|202407|12933|12928|0|0|
1000011207|7|104|202410|10276|10276|0|0|
1000011220|7|101|202111|395000|34038|20251128|16|
1000011220|7|104|202111|28439|28439|0|0|
1000011220|7|202|202111|87161|79810|0|0|
1000011220|7|101|202112|395000|80000|0|0|
1000011220|7|202|202112|318481|318481|0|0|
1000011220|7|101|202201|565000|183483|0|0|
1000011220|7|101|202202|1230000|306979|20251128|16|
1000011220|7|101|202203|330000|33000|0|0|
1000011220|7|202|202203|92333|92172|0|0|
1000011220|7|105|202408|15685|15685|0|0|
1000011223|7|101|202311|170000|2|0|0|
1000011223|7|101|202312|444000|65966|0|0|
1000011223|7|104|202312|6290|2365|0|0|
1000011223|7|101|202401|33000|33000|0|0|
1000011223|7|101|202402|291989|291989|0|0|
1000011223|7|101|202403|72712|72712|0|0|
1000011232|7|101|202509|136260|17921|0|0|
1000011232|7|104|202509|6832|3532|0|0|
1000011248|7|101|202311|200000|11300|0|0|
1000011248|7|105|202312|29288|11962|0|0|
1000011258|7|104|202507|2523|2448|0|0|
1000011258|7|101|202508|795000|119195|0|0|
1000011258|7|101|202509|93000|16807|0|0|
1000011258|7|104|202509|996|996|0|0|
1000011281|7|101|202401|150000|15344|0|0|
1000011281|7|104|202402|9465|9465|0|0|
1000011281|7|202|202405|468881|468881|0|0|
1000011282|7|104|202512|45649|45610|0|0|
1000011293|7|101|202603|300000|2|0|0|
1000011305|7|104|202404|47208|0|20250715|1|
1000011305|7|101|202405|1300961|29893|20250715|7|
1000011305|7|101|202406|132896|44604|20250715|1|
1000011305|7|105|202410|38316|0|20250716|1|
1000011306|7|101|202510|108000|108000|0|0|
1000011306|7|104|202510|114465|64705|0|0|
1000011306|7|101|202511|201125|166593|0|0|
1000011306|7|104|202511|169393|169393|0|0|
1000011323|7|101|202509|101736|101736|20260309|99|
1000011324|7|101|202512|229571|229571|0|0|
1000011324|7|101|202601|44995|44995|0|0|
1000011330|7|101|202504|578813|123313|0|0|
1000011330|7|104|202504|1971|1971|0|0|
1000011330|7|101|202505|94057|94057|0|0|
1000011330|7|104|202505|19590|19590|0|0|
1000011468|7|202|202108|68690|68690|0|0|
1000011470|7|101|202109|90000|89102|0|0|
1000011470|7|101|202110|935000|135662|0|0|
1000011470|7|104|202110|20069|20069|0|0|
1000011470|7|104|202111|1030|1030|0|0|
1000011470|7|101|202112|37800|6874|0|0|
1000011470|7|101|202202|21699|21699|0|0|
1000011483|7|104|202604|7645|7645|0|0|
1000011519|7|101|202405|262500|262500|0|0|
1000011519|7|101|202406|178000|178000|0|0|
1000011519|7|101|202407|19784|19784|0|0|
1000011519|7|104|202407|6016|6016|0|0|
1000011529|7|101|202203|42670|35305|0|0|
1000011529|7|104|202203|4973|4973|0|0|
1000011529|7|101|202206|10816|10816|0|0|
1000011529|7|101|202408|52048|45950|0|0|
1000011533|7|101|202404|189734|189707|0|0|
1000011533|7|104|202408|3540|3540|0|0|
1000011534|7|101|202403|12661|12661|0|0|
1000011565|7|104|202312|69844|69844|0|0|
1000011565|7|101|202401|2692272|1464512|0|0|
1000011565|7|104|202401|23298|12696|0|0|
1000011565|7|202|202401|606590|606590|0|0|
1000011619|7|104|202309|19418|19418|0|0|
1000011619|7|101|202310|496433|298966|0|0|
1000011619|7|104|202310|44207|44176|0|0|
1000011619|7|101|202311|168353|168352|0|0|
1000011629|7|104|202510|2290|2290|0|0|
1000011629|7|101|202511|504319|461819|0|0|
1000011629|7|104|202511|5781|5781|0|0|
1000011630|7|101|202411|237500|43063|0|0|
1000011630|7|104|202411|398751|387846|0|0|
1000011630|7|202|202412|1909901|1904236|0|0|
1000011694|7|202|202311|1600409|1500520|0|0|
1000011694|7|101|202312|745166|730398|0|0|
1000011694|7|104|202312|13306|13052|0|0|
1000011694|7|101|202401|400000|172505|0|0|
1000011694|7|101|202402|5550|5550|0|0|
1000011698|7|104|202412|6320|3645|0|0|
1000011698|7|101|202501|52500|52500|0|0|
1000011698|7|104|202501|55397|55176|0|0|
1000011708|7|104|202312|176359|176256|0|0|
1000011708|7|104|202401|26178|25632|0|0|
1000011708|7|101|202402|738666|205149|0|0|
1000011708|7|101|202403|62098|62098|0|0|
1000011715|7|101|202212|135000|20660|20251128|16|
1000011715|7|101|202301|250000|50000|0|0|
1000011715|7|101|202302|80000|12000|0|0|
1000011715|7|101|202304|123093|123093|20251128|16|
1000011715|7|101|202305|274849|274849|0|0|
1000011715|7|101|202309|5942|5942|0|0|
1000011715|7|105|202309|26214|26214|0|0|
1000011719|7|101|202401|635228|405549|0|0|
1000011719|7|104|202401|16887|16886|0|0|
1000011719|7|101|202402|100000|10000|0|0|
1000011720|7|104|202112|5327|5327|0|0|
1000011720|7|101|202201|95312|95312|0|0|
1000011720|7|101|202202|180000|180000|0|0|
1000011724|7|104|202501|5040|5040|0|0|
1000011730|7|202|202302|1683764|1683764|0|0|
1000011730|7|101|202304|345820|41688|0|0|
1000011730|7|104|202304|27283|27110|20251231|3|
1000011730|7|105|202304|13189|13189|0|0|
1000011730|7|101|202305|69365|69365|0|0|
1000011741|7|101|202408|100000|10000|0|0|
1000011741|7|101|202410|425055|44011|0|0|
1000011741|7|101|202411|200000|200000|0|0|
1000011741|7|104|202411|9535|7165|0|0|
1000011741|7|101|202412|475000|71250|0|0|
1000011741|7|101|202502|17621|17621|0|0|
1000011782|7|101|202503|3596083|2|0|0|
1000011852|7|101|202402|1200000|600000|0|0|
1000011852|7|104|202402|76243|75537|0|0|
1000011852|7|101|202403|425000|425000|0|0|
1000011866|7|104|202110|14666|14666|0|0|
1000011866|7|104|202111|6810|6810|0|0|
1000011866|7|101|202112|100000|19670|0|0|
1000011866|7|105|202112|9693|9693|0|0|
1000011866|7|202|202112|433661|433571|0|0|
1000011866|7|101|202204|11871|11871|0|0|
1000011874|7|101|202309|250000|6072|0|0|
1000011896|7|104|202212|18067|1494|0|0|
1000011896|7|101|202301|200845|98858|0|0|
1000011896|7|104|202301|1990|1985|0|0|
1000011896|7|101|202304|16134|16134|0|0|
1000011917|7|101|202506|280000|42000|0|0|
1000011917|7|101|202507|350300|161668|0|0|
1000011942|7|101|202507|2225736|1617085|20260126|99|
1000011942|7|104|202507|15559|15559|20260127|12|
1000011942|7|101|202512|49855|49855|0|0|
1000011944|7|101|202507|1114276|570855|20260126|99|
1000011944|7|101|202508|523649|523649|20260126|12|
1000011947|7|101|202506|3000000|653349|20251219|12|
1000011947|7|101|202507|6567567|6567567|20251229|12|
1000011947|7|101|202509|597702|597702|0|0|
1000011948|7|101|202507|1289993|1289993|0|0|
1000011948|7|104|202507|20135|20135|0|0|
1000011951|7|101|202507|3622781|2440781|0|0|
1000011951|7|104|202507|34628|34628|0|0|
1000011951|7|101|202510|99971|99971|0|0|
1000011981|7|105|202312|50000|50000|0|0|
1000011981|7|101|202401|416555|159160|0|0|
1000011981|7|104|202401|53755|53732|0|0|
1000011981|7|101|202402|1089733|732388|0|0|
1000011981|7|104|202402|73718|73031|0|0|
1000011981|7|101|202403|200000|32224|0|0|
1000012009|7|101|202501|183197|180940|0|0|
1000012009|7|104|202501|32826|32797|0|0|
1000012009|7|101|202502|500000|50000|0|0|
1000012009|7|101|202503|439939|439939|0|0|
1000012009|7|101|202504|2750000|274632|0|0|
1000012009|7|104|202504|2759|2615|0|0|
1000012013|7|101|202512|131333|131333|0|0|
1000012013|7|104|202601|1572|1572|0|0|
1000012014|7|104|202108|14682|14682|0|0|
1000012014|7|201|202108|21665|21665|0|0|
1000012019|7|101|202107|225000|31022|0|0|
1000012019|7|202|202107|475622|475622|0|0|
1000012019|7|101|202108|38500|38500|0|0|
1000012019|7|104|202108|5010|5010|0|0|
1000012019|7|202|202108|193952|193543|0|0|
1000012063|7|101|202311|749999|219999|0|0|
1000012063|7|104|202311|29372|29346|0|0|
1000012063|7|101|202312|400000|60000|0|0|
1000012063|7|104|202312|26594|26594|0|0|
1000012063|7|202|202312|886096|885360|0|0|
1000012073|7|101|202407|126000|16030|0|0|
1000012073|7|104|202407|42582|42582|0|0|
1000012073|7|101|202408|558000|71939|0|0|
1000012081|7|202|202212|163265|163069|0|0|
1000012081|7|101|202301|70508|62262|0|0|
1000012081|7|104|202301|55039|41928|20251128|16|
1000012081|7|101|202302|103500|103500|0|0|
1000012081|7|104|202302|19887|19887|0|0|
1000012081|7|201|202510|696153|696153|0|0|
1000012112|7|101|202504|126000|25200|0|0|
1000012112|7|101|202505|429500|30228|0|0|
1000012112|7|104|202505|7552|7552|0|0|
1000012112|7|101|202507|60750|60750|0|0|
1000012168|7|101|202305|1793000|421795|0|0|
1000012168|7|101|202312|1351017|1351017|0|0|
1000012217|7|101|202307|405064|341899|0|0|
1000012217|7|104|202307|2292|2292|0|0|
1000012217|7|101|202308|565000|101750|0|0|
1000012217|7|202|202311|39932|39932|0|0|
1000012279|7|101|202405|49861|49861|0|0|
1000012279|7|101|202412|261020|69813|0|0|
1000012297|7|101|202303|1038188|127501|0|0|
1000012297|7|104|202303|55030|55029|0|0|
1000012297|7|202|202303|2298494|2293197|0|0|
1000012297|7|101|202304|3333|4|0|0|
1000012297|7|202|202304|85960|85904|0|0|
1000012297|7|101|202305|33337|33337|0|0|
1000012297|7|101|202306|133161|133161|0|0|
1000012297|7|105|202306|9382|0|20260220|1|
1000012297|7|101|202307|14039|14039|20251128|16|
1000012297|7|101|202309|459423|459423|0|0|
1000012298|7|101|202411|500000|25000|0|0|
1000012298|7|104|202412|5597|5597|0|0|
1000012298|7|101|202501|850000|79980|0|0|
1000012298|7|101|202502|200000|10000|0|0|
1000012331|7|101|202410|351912|55441|0|0|
1000012346|7|101|202507|2817805|2687773|0|0|
1000012346|7|104|202507|62064|62064|0|0|
1000012346|7|101|202508|858572|858511|0|0|
1000012413|7|101|202310|1045000|156750|0|0|
1000012442|7|101|202404|1649999|299723|20260213|99|
1000012442|7|101|202406|1250000|1228470|0|0|
1000012442|7|101|202410|1|1|0|0|
1000012445|7|101|202603|11000|11000|0|0|
1000012451|7|101|202205|276619|2|0|0|
1000012451|7|101|202208|250800|2|0|0|
1000012451|7|105|202306|2425|2425|0|0|
1000012463|7|101|202510|79408|0|20260318|2|
1000012533|7|101|202503|1120000|223979|0|0|
1000012550|7|104|202107|10243|10243|0|0|
1000012555|7|202|202312|338991|338991|0|0|
1000012555|7|101|202401|556605|157210|0|0|
1000012555|7|104|202401|7976|7976|0|0|
1000012555|7|104|202402|4129|4129|0|0|
1000012576|7|101|202301|196000|196000|0|0|
1000012576|7|101|202302|88200|88200|0|0|
1000012576|7|104|202303|2122|2122|0|0|
1000012576|7|101|202304|397600|197600|0|0|
1000012576|7|101|202305|161000|91820|0|0|
1000012576|7|101|202307|66400|66400|0|0|
1000012579|7|101|202511|720000|143818|0|0|
1000012579|7|101|202512|33713|33712|0|0|
1000012584|7|101|202601|244144|244144|0|0|
1000012638|7|101|202410|1419990|154494|0|0|
1000012638|7|104|202410|19958|19958|0|0|
1000012639|7|202|202210|1464677|1462864|0|0|
1000012639|7|101|202211|569443|522580|0|0|
1000012639|7|104|202211|62893|62707|0|0|
1000012639|7|101|202212|1022976|613035|0|0|
1000012639|7|104|202212|41213|41213|0|0|
1000012639|7|101|202301|91947|90415|0|0|
1000012639|7|101|202309|4562|4562|0|0|
1000012668|7|101|202302|757708|238929|0|0|
1000012668|7|104|202302|43998|43998|0|0|
1000012668|7|101|202303|312542|176455|0|0|
1000012668|7|101|202304|100000|100000|0|0|
1000012672|7|101|202408|89246|89246|0|0|
1000012672|7|104|202408|12281|1997|0|0|
1000012672|7|101|202409|58854|58854|0|0|
1000012672|7|104|202409|3453|3453|0|0|
1000012672|7|101|202410|1000000|671026|0|0|
1000012672|7|101|202412|31374000|5976159|0|0|
1000012672|7|104|202501|24490|24490|0|0|
1000012676|7|104|202505|99561|99561|0|0|
1000012677|7|101|202104|254410|69210|0|0|
1000012677|7|101|202105|1565463|649616|0|0|
1000012677|7|104|202105|36361|36327|0|0|
1000012677|7|101|202106|300000|15000|0|0|
1000012677|7|101|202107|120000|787|0|0|
1000012709|7|101|202501|599000|167127|0|0|
1000012709|7|104|202503|7758|7758|0|0|
1000012709|7|101|202506|459863|54002|0|0|
1000012728|7|101|202505|89588|89588|0|0|
1000012728|7|101|202506|221104|114222|0|0|
1000012728|7|104|202506|1061|1061|0|0|
1000012728|7|101|202507|105686|105686|0|0|
1000012729|7|101|202404|1118857|1116032|20260205|12|
1000012729|7|104|202404|9917|9917|0|0|
1000012739|7|101|202503|178546|131062|0|0|
1000012739|7|104|202503|7907|7907|0|0|
1000012740|7|101|202304|149000|147565|0|0|
1000012742|7|101|202512|70000|14000|0|0|
1000012742|7|101|202601|4540|2|0|0|
1000012742|7|101|202602|216280|10|0|0|
1000012742|7|104|202602|3742|3742|0|0|
1000012769|7|101|202507|120000|119979|0|0|
1000012769|7|101|202509|62469|61566|0|0|
1000012769|7|101|202510|450000|22457|0|0|
1000012769|7|101|202512|20000|20000|0|0|
1000012785|7|101|202303|49997|49997|0|0|
1000012785|7|105|202303|92943|92943|0|0|
1000012786|7|202|202204|1715812|1715812|0|0|
1000012786|7|202|202205|402436|399701|0|0|
1000012786|7|101|202206|360000|360000|0|0|
1000012786|7|104|202206|44046|43857|0|0|
1000012786|7|101|202207|381404|380380|0|0|
1000012786|7|104|202207|48121|48121|0|0|
1000012786|7|101|202208|199953|199312|0|0|
1000012802|7|101|202506|1042970|1012279|20260202|12|
1000012802|7|104|202506|174771|174573|20260202|12|
1000012802|7|101|202507|371000|371000|20260202|12|
1000012828|7|101|202405|260200|72797|0|0|
1000012828|7|104|202405|4956|4956|0|0|
1000012853|7|101|202411|30600|30600|0|0|
1000012868|7|101|202411|855000|855000|0|0|
1000012868|7|104|202412|4361|2950|0|0|
1000012869|7|104|202208|6742|6742|0|0|
1000012869|7|202|202209|370442|150405|0|0|
1000012875|7|101|202403|181397|121536|0|0|
1000012875|7|101|202507|814960|94117|0|0|
1000012875|7|101|202512|149273|149273|0|0|
1000012945|7|101|202401|55548|33323|0|0|
1000012983|7|104|202405|50681|50681|0|0|
1000012983|7|101|202406|285000|3868|0|0|
1000013004|7|104|202107|33884|33884|0|0|
1000013004|7|202|202109|1014444|973285|0|0|
1000013004|7|101|202110|13394|13394|20260506|14|
1000013004|7|101|202111|153883|153848|0|0|
1000013004|7|101|202204|1023|1023|0|0|
1000013008|7|101|202512|176500|176500|0|0|
1000013008|7|104|202512|262|262|0|0|
1000013009|7|104|202603|1532|1522|0|0|
1000013012|7|101|202401|44000|44000|0|0|
1000013012|7|104|202401|121|121|0|0|
1000013012|7|101|202402|207000|29400|0|0|
1000013020|7|104|202204|96000|95860|0|0|
1000013020|7|101|202205|2398343|2395762|0|0|
1000013020|7|101|202206|134400|134400|0|0|
1000013020|7|104|202206|4283|4283|0|0|
1000013020|7|201|202206|606544|606544|0|0|
1000013020|7|101|202403|276304|189441|0|0|
1000013024|7|104|202210|7639|7639|0|0|
1000013024|7|101|202301|20000|11174|0|0|
1000013031|7|104|202409|39226|39226|0|0|
1000013031|7|101|202410|171509|64724|0|0|
1000013031|7|104|202410|7359|7359|0|0|
1000013031|7|101|202411|15590|15590|0|0|
1000013031|7|105|202411|18880|18880|0|0|
1000013031|7|101|202412|4313|4313|0|0|
1000013039|7|101|202305|313959|84405|0|0|
1000013039|7|104|202305|5833|5833|0|0|
1000013039|7|101|202306|72957|72957|0|0|
1000013045|7|101|202210|389730|62334|0|0|
1000013045|7|104|202210|29999|29999|0|0|
1000013045|7|104|202211|20318|14966|0|0|
1000013045|7|101|202301|8372|8372|0|0|
1000013076|7|101|202212|201500|137637|0|0|
1000013076|7|101|202302|230850|41561|0|0|
1000013076|7|101|202303|8333|8000|0|0|
1000013076|7|101|202307|285000|28500|0|0|
1000013076|7|202|202308|264958|264958|0|0|
1000013086|7|101|202508|57507|57507|0|0|
1000013086|7|101|202509|46988|46988|0|0|
1000013086|7|101|202510|238333|138500|20260416|7|
1000013086|7|104|202510|7203|0|20260202|1|
1000013086|7|101|202512|22185|18083|0|0|
1000013103|7|101|202409|544209|135709|0|0|
1000013103|7|104|202409|9731|9731|0|0|
1000013103|7|101|202410|329779|292729|0|0|
1000013103|7|104|202410|1473|1473|0|0|
1000013123|7|101|202308|191390|58240|0|0|
1000013123|7|104|202311|1421|1421|0|0|
1000013123|7|101|202312|516000|21602|0|0|
1000013123|7|104|202312|1734|1734|0|0|
1000013123|7|202|202312|503956|503956|0|0|
1000013136|7|202|202110|109084|93852|0|0|
1000013147|7|104|202402|10419|10419|0|0|
1000013147|7|104|202403|19925|19925|0|0|
1000013147|7|101|202404|500002|25002|0|0|
1000013147|7|101|202405|300000|15000|0|0|
1000013147|7|101|202406|56298|20000|0|0|
1000013161|7|101|202512|127638|19145|0|0|
1000013161|7|104|202601|839|839|0|0|
1000013167|7|101|202412|629875|62399|0|0|
1000013167|7|104|202412|29963|29963|0|0|
1000013167|7|101|202501|142868|2|0|0|
1000013216|7|101|202402|700000|89855|0|0|
1000013216|7|202|202403|720453|719647|0|0|
1000013225|7|101|202511|1955259|1135258|0|0|
1000013225|7|104|202511|36009|35761|0|0|
1000013225|7|101|202512|539312|348908|0|0|
1000013228|7|101|202212|32996|32996|0|0|
1000013228|7|101|202301|40000|2|0|0|
1000013228|7|202|202307|41671|41671|0|0|
1000013233|7|104|202409|320|320|0|0|
1000013237|7|101|202403|1216363|999885|0|0|
1000013237|7|104|202403|31157|31157|0|0|
1000013237|7|104|202404|9520|9520|0|0|
1000013248|7|101|202307|299800|31193|0|0|
1000013248|7|101|202308|37183|37183|0|0|
1000013248|7|104|202308|4886|4886|0|0|
1000013248|7|202|202308|683754|683515|0|0|
1000013248|7|101|202309|37824|37824|0|0|
1000013251|7|104|202304|9972|9959|0|0|
1000013251|7|202|202308|51306|51306|0|0|
1000013251|7|201|202510|162483|162483|0|0|
1000013278|7|101|202402|534686|341731|20250612|1|
1000013278|7|104|202402|4995|4995|0|0|
1000013278|7|105|202402|50000|50000|0|0|
1000013278|7|105|202403|61282|61282|0|0|
1000013278|7|101|202404|170000|170000|0|0|
1000013288|7|101|202501|815000|452132|0|0|
1000013288|7|101|202502|2051826|1457811|0|0|
1000013288|7|104|202502|68926|68926|0|0|
1000013288|7|101|202503|1668950|1668950|0|0|
1000013288|7|104|202503|2263|2215|0|0|
1000013290|7|101|202308|50300|50300|0|0|
1000013298|7|101|202312|785000|291885|0|0|
1000013298|7|104|202312|2573|2573|0|0|
1000013298|7|101|202401|807500|103183|0|0|
1000013301|7|101|202311|40625|37950|0|0|
1000013301|7|101|202312|200000|49682|0|0|
1000013301|7|101|202401|127730|27732|0|0|
1000013302|7|101|202106|40000|4620|0|0|
1000013303|7|101|202202|1744978|848748|0|0|
1000013303|7|202|202202|818233|809510|0|0|
1000013303|7|104|202203|8715|7889|0|0|
1000013303|7|101|202205|50277|50277|0|0|
1000013303|7|101|202209|52033|52033|0|0|
1000013323|7|202|202409|988421|987349|0|0|
1000013323|7|101|202410|602000|60200|0|0|
1000013323|7|104|202410|2038|2038|0|0|
1000013323|7|105|202410|18927|18927|0|0|
1000013323|7|101|202411|307850|109964|0|0|
1000013323|7|104|202411|690|690|0|0|
1000013323|7|106|202411|301218|116695|0|0|
1000013323|7|101|202412|93917|93917|0|0|
1000013341|7|101|202304|2753320|60106|20251002|1|
1000013341|7|104|202305|328|328|0|0|
1000013344|7|101|202404|592534|592534|0|0|
1000013344|7|104|202404|22577|22577|0|0|
1000013344|7|101|202406|311682|311682|0|0|
1000013354|7|101|202207|500000|70552|0|0|
1000013354|7|104|202207|684|684|0|0|
1000013354|7|101|202208|187745|186596|0|0|
1000013354|7|202|202208|30178|30017|0|0|
1000013354|7|101|202210|15384|14731|0|0|
1000013354|7|101|202601|122897|122897|0|0|
1000013355|7|104|202512|6000|6000|0|0|
1000013355|7|101|202601|182400|21574|0|0|
1000013368|7|101|202303|1154900|803156|0|0|
1000013368|7|104|202303|206821|188909|20251128|16|
1000013368|7|101|202304|250000|250000|0|0|
1000013368|7|202|202304|3611280|3597373|0|0|
1000013368|7|101|202305|17127|17127|0|0|
1000013368|7|101|202306|18053|18053|0|0|
1000013383|7|101|202309|181614|26214|0|0|
1000013383|7|105|202310|8476|8476|0|0|
1000013383|7|101|202311|100000|1|0|0|
1000013383|7|104|202311|9329|9329|0|0|
1000013383|7|104|202312|9893|9893|0|0|
1000013383|7|101|202401|110269|110269|0|0|
1000013383|7|101|202404|151730|148762|0|0|
1000013391|7|101|202209|84000|84000|0|0|
1000013391|7|104|202209|2239|2239|0|0|
1000013405|7|101|202403|15170|15170|20250620|12|
1000013405|7|101|202404|1843260|10|20250613|12|
1000013414|7|101|202112|535700|161313|0|0|
1000013446|7|101|202112|897716|894780|20251128|16|
1000013446|7|104|202201|1501|1501|0|0|
1000013446|7|101|202203|63050|35662|0|0|
1000013452|7|101|202510|318129|39989|0|0|
1000013455|7|202|202212|901159|896558|0|0|
1000013455|7|101|202301|123494|85964|0|0|
1000013455|7|101|202302|849500|130163|0|0|
1000013455|7|104|202302|20899|20899|0|0|
1000013455|7|202|202302|37530|37069|0|0|
1000013455|7|101|202303|8153|8153|0|0|
1000013455|7|105|202303|50000|50000|0|0|
1000013460|7|101|202402|634180|314299|0|0|
1000013460|7|104|202402|22153|22153|0|0|
1000013460|7|101|202403|370|2|0|0|
1000013460|7|202|202403|174881|174200|0|0|
1000013463|7|101|202307|6140|5905|0|0|
1000013463|7|101|202308|110000|2691|0|0|
1000013463|7|104|202308|18976|18975|0|0|
1000013463|7|101|202309|765000|56700|0|0|
1000013463|7|104|202309|12295|12259|0|0|
1000013463|7|101|202310|48000|2|0|0|
1000013463|7|105|202310|4125|4125|0|0|
1000013463|7|105|202401|5272|5272|0|0|
1000013469|7|101|202202|797000|84927|0|0|
1000013476|7|101|202110|507611|193789|0|0|
1000013476|7|101|202112|500000|68928|0|0|
1000013476|7|202|202112|432656|368786|0|0|
1000013522|7|101|202411|1098413|1057913|0|0|
1000013543|7|101|202603|2461585|2457215|0|0|
1000013570|7|101|202410|204000|195168|0|0|
1000013570|7|104|202410|8369|8369|0|0|
1000013570|7|101|202411|901093|493093|0|0|
1000013570|7|104|202411|46853|46853|0|0|
1000013570|7|101|202412|426000|171000|0|0|
1000013570|7|104|202412|6416|6416|0|0|
1000013571|7|104|202507|13380|0|20260429|1|
1000013571|7|101|202508|476593|35358|20260429|1|
1000013571|7|104|202508|41958|637|20260430|1|
1000013591|7|101|202405|292400|292400|0|0|
1000013591|7|101|202406|1190000|709500|0|0|
1000013591|7|104|202406|42821|42821|0|0|
1000013591|7|105|202406|6542|6542|0|0|
1000013591|7|101|202407|71634|10745|0|0|
1000013649|7|101|202504|330000|60000|0|0|
1000013649|7|104|202504|24722|21186|0|0|
1000013649|7|101|202505|30000|30000|0|0|
1000013675|7|101|202512|499962|74994|0|0|
1000013711|7|101|202502|16481|16481|0|0|
1000013711|7|101|202503|1731166|813166|0|0|
1000013711|7|104|202503|49639|49639|0|0|
1000013711|7|104|202504|11398|11398|0|0|
1000013721|7|104|202508|19788|19788|0|0|
1000013721|7|101|202509|145000|145000|0|0|
1000013723|7|105|202402|4879|4879|0|0|
1000013730|7|101|202306|1550000|670001|0|0|
1000013730|7|101|202307|1539522|1238255|0|0|
1000013730|7|104|202307|51458|51407|0|0|
1000013730|7|104|202308|603041|592943|0|0|
1000013736|7|101|202505|2651915|2651914|20260123|99|
1000013740|7|101|202501|608983|104491|0|0|
1000013740|7|104|202501|32689|32689|0|0|
1000013740|7|101|202502|440000|345002|0|0|
1000013740|7|104|202502|177034|177033|0|0|
1000013740|7|101|202503|6000|6000|0|0|
1000013740|7|104|202503|29998|14999|0|0|
1000013743|7|101|202411|270000|26682|0|0|
1000013743|7|104|202411|17863|17774|0|0|
1000013743|7|101|202412|161090|161090|0|0|
1000013743|7|101|202503|130294|129142|0|0|
1000013745|7|202|202109|836103|524767|0|0|
1000013745|7|101|202206|15000|15000|0|0|
1000013767|7|101|202506|620828|620828|0|0|
1000013767|7|104|202506|2868|2868|0|0|
1000013769|7|101|202212|730072|730067|0|0|
1000013769|7|104|202212|857051|854913|0|0|
1000013769|7|202|202212|641808|641808|0|0|
1000013769|7|101|202301|4441500|2511355|0|0|
1000013769|7|104|202301|453285|453259|20251128|16|
1000013769|7|202|202302|50811|50774|0|0|
1000013769|7|101|202303|225000|12500|0|0|
1000013777|7|101|202503|188640|23990|0|0|
1000013777|7|104|202503|204808|204808|0|0|
1000013777|7|101|202504|994926|546275|0|0|
1000013777|7|202|202504|621098|621097|0|0|
1000013812|7|101|202302|344992|106445|0|0|
1000013812|7|104|202302|118614|117826|0|0|
1000013812|7|104|202303|12349|12349|0|0|
1000013812|7|202|202303|1455096|1442333|0|0|
1000013812|7|101|202306|38896|38896|0|0|
1000013812|7|105|202308|13309|7311|20250826|1|
1000013825|7|101|202307|15924|15924|0|0|
1000013825|7|104|202307|2093|2093|0|0|
1000013825|7|101|202308|259500|259500|0|0|
1000013825|7|101|202310|112458|112458|0|0|
1000013827|7|101|202406|175600|15867|0|0|
1000013827|7|205|202410|147643|147643|0|0|
1000013830|7|101|202112|710777|323777|0|0|
1000013830|7|101|202201|502138|184165|0|0|
1000013830|7|104|202201|8992|8992|0|0|
1000013833|7|101|202412|49914|49314|0|0|
1000013833|7|101|202501|223853|223853|0|0|
1000013833|7|104|202501|3890|3690|0|0|
1000013833|7|101|202503|9989|9989|0|0|
1000013841|7|104|202405|31083|31083|0|0|
1000013841|7|101|202406|698720|213940|0|0|
1000013841|7|101|202407|116000|116000|0|0|
1000013841|7|202|202407|496221|496221|0|0|
1000013841|7|104|202408|9704|9704|0|0|
1000013860|7|101|202312|141428|18697|0|0|
1000013860|7|101|202401|90000|2238|0|0|
1000013860|7|104|202401|1655|1655|0|0|
1000013860|7|101|202403|100000|5000|0|0|
1000013863|7|101|202301|220000|220000|0|0|
1000013863|7|104|202301|49896|49896|0|0|
1000013863|7|101|202302|3000000|2996388|0|0|
1000013870|7|101|202205|308131|98365|0|0|
1000013870|7|104|202205|39886|39886|0|0|
1000013870|7|101|202209|209765|209765|0|0|
1000013884|7|101|202208|118375|106060|0|0|
1000013884|7|104|202208|19978|19978|0|0|
1000013884|7|202|202208|121492|120674|0|0|
1000013884|7|101|202209|1010000|108991|0|0|
1000013884|7|202|202209|182085|180722|0|0|
1000013884|7|101|202210|21000|21000|0|0|
1000013884|7|105|202212|53|53|0|0|
1000013884|7|105|202304|5868|5868|0|0|
1000013901|7|101|202209|39999|39999|0|0|
1000013901|7|101|202210|76000|10616|0|0|
1000013901|7|104|202210|1598|1598|0|0|
1000013901|7|101|202211|200000|30000|0|0|
1000013901|7|202|202302|343694|342037|0|0|
1000013926|7|101|202405|90000|9000|0|0|
1000013977|7|101|202209|33358|29722|0|0|
1000013996|7|101|202403|91410|11080|0|0|
1000014013|7|101|202312|1199000|1199000|20251031|12|
1000014013|7|101|202401|761152|761152|20251103|12|
1000014013|7|104|202401|89038|89038|0|0|
1000014013|7|106|202401|1683253|1683253|0|0|
1000014013|7|101|202402|1269943|1269943|20251103|12|
1000014013|7|104|202402|18183|18183|20251103|12|
1000014013|7|106|202403|244040|0|20251204|1|
1000014013|7|106|202404|279254|0|20251204|1|
1000014013|7|106|202406|10299|0|20251204|1|
1000014013|7|106|202407|16868|16|20251204|1|
1000014013|7|106|202503|30605|30605|0|0|
1000014045|7|101|202212|768000|207655|0|0|
1000014057|7|101|202301|138000|138000|0|0|
1000014060|7|101|202406|700000|275000|0|0|
1000014060|7|101|202407|100000|4892|0|0|
1000014060|7|202|202407|531934|531934|0|0|
1000014060|7|101|202408|8000|8000|0|0|
1000014065|7|101|202406|300000|30000|0|0|
1000014065|7|104|202406|6238|6238|0|0|
1000014065|7|101|202407|944000|592456|0|0|
1000014065|7|101|202408|418550|99920|0|0|
1000014065|7|202|202408|956415|956415|0|0|
1000014088|7|101|202212|1862738|1535599|0|0|
1000014088|7|101|202301|7463606|5073263|0|0|
1000014088|7|101|202302|576000|97812|0|0|
1000014088|7|104|202302|109|109|0|0|
1000014088|7|101|202303|2767948|2767948|0|0|
1000014088|7|104|202304|2403|2403|0|0|
1000014088|7|101|202306|2405185|2401384|0|0|
1000014099|7|101|202312|3951166|3948720|0|0|
1000014099|7|101|202401|7499154|7499119|0|0|
1000014099|7|104|202401|1140437|1140437|20250515|99|
1000014099|7|101|202402|4805179|4805179|0|0|
1000014106|7|104|202601|4535|4535|0|0|
1000014125|7|101|202401|140760|17632|0|0|
1000014125|7|104|202401|116980|116980|0|0|
1000014125|7|101|202406|124218|124218|0|0|
1000014125|7|202|202407|1523981|1523981|0|0|
1000014144|7|101|202312|976204|66005|0|0|
1000014144|7|101|202401|2350000|1|0|0|
1000014144|7|101|202402|1008882|619732|0|0|
1000014144|7|104|202402|13259|13259|0|0|
1000014144|7|101|202403|225000|40506|0|0|
1000014144|7|104|202403|4195|4195|0|0|
1000014159|7|101|202512|29255|2|0|0|
1000014159|7|101|202603|144613|144613|0|0|
1000014184|7|101|202310|500000|58933|0|0|
1000014184|7|101|202404|460000|131955|0|0|
1000014196|7|101|202408|168069|23524|0|0|
1000014196|7|101|202409|300000|15000|0|0|
1000014196|7|104|202410|569|569|0|0|
1000014196|7|105|202501|18806|18806|0|0|
1000014206|7|202|202108|389962|387880|0|0|
1000014206|7|101|202109|307116|39236|0|0|
1000014206|7|104|202109|19959|19959|0|0|
1000014206|7|101|202110|66509|22090|0|0|
1000014206|7|104|202110|27819|27819|0|0|
1000014206|7|202|202110|395460|395460|0|0|
1000014206|7|101|202111|52632|52632|0|0|
1000014211|7|101|202404|9973|8353|0|0|
1000014211|7|104|202404|1808|1808|0|0|
1000014214|7|101|202311|1027159|102714|0|0|
1000014214|7|101|202401|107465|107465|0|0|
1000014218|7|101|202308|246034|172504|0|0|
1000014218|7|104|202308|6961|3621|0|0|
1000014218|7|104|202309|7789|7675|0|0|
1000014221|7|101|202502|600000|82530|0|0|
1000014221|7|104|202502|153994|153994|0|0|
1000014221|7|105|202502|26019|26019|0|0|
1000014221|7|101|202503|1078671|131802|0|0|
1000014221|7|104|202503|5000|5000|0|0|
1000014250|7|101|202107|610572|82161|20251128|16|
1000014272|7|101|202403|197384|1447|0|0|
1000014272|7|101|202404|828848|828848|20260127|12|
1000014272|7|104|202404|74767|74767|20260127|12|
1000014272|7|101|202405|4155|4155|0|0|
1000014299|7|101|202308|26233|76|0|0|
1000014299|7|101|202406|5529|5529|0|0|
1000014336|7|101|202203|1546655|304476|0|0|
1000014336|7|104|202203|3877|3446|0|0|
1000014336|7|202|202203|2283474|1994873|20251216|4|
1000014459|7|101|202603|1965000|1965000|0|0|
1000014459|7|104|202603|4637|4637|0|0|
1000014459|7|201|202603|2814569|2814569|0|0|
1000014459|7|101|202604|1656177|1656177|0|0|
1000014543|7|202|202401|621823|621823|0|0|
1000014572|7|104|202401|2016|2016|0|0|
1000014573|7|101|202306|348000|63300|0|0|
1000014578|7|101|202512|267844|4019|0|0|
1000014578|7|101|202601|154343|36151|0|0|
1000014578|7|101|202602|1886369|1196277|0|0|
1000014578|7|101|202603|39795|39795|0|0|
1000014578|7|101|202604|81010|81010|0|0|
1000014587|7|101|202410|317147|317147|0|0|
1000014587|7|104|202410|113848|113848|0|0|
1000014587|7|101|202411|40000|6357|0|0|
1000014587|7|101|202501|27000|27000|0|0|
1000014599|7|101|202402|72000|72000|0|0|
1000014601|7|101|202410|3514230|387536|0|0|
1000014601|7|104|202410|70864|70864|0|0|
1000014601|7|105|202410|12708|12708|0|0|
1000014601|7|101|202411|132126|100002|0|0|
1000014601|7|104|202411|41023|41023|0|0|
1000014601|7|202|202411|2380950|2364112|0|0|
1000014601|7|101|202501|183604|183604|0|0|
1000014601|7|105|202503|7448|7448|0|0|
1000014601|7|105|202504|6919|6919|0|0|
1000014611|7|104|202512|5599|5599|0|0|
1000014619|7|104|202312|11331|11331|0|0|
1000014619|7|202|202312|1438607|1432164|0|0|
1000014619|7|101|202401|15000|15000|0|0|
1000014619|7|104|202401|19878|19878|0|0|
1000014619|7|101|202402|100000|100000|0|0|
1000014619|7|101|202403|195000|195000|0|0|
1000014679|7|105|202401|65362|65362|0|0|
1000014679|7|104|202402|643|643|0|0|
1000014702|7|101|202601|305000|305000|0|0|
1000014702|7|104|202601|9978|9978|0|0|
1000014702|7|101|202602|122201|122201|0|0|
1000014702|7|104|202602|29675|29675|0|0|
1000014756|7|101|202505|154000|144000|0|0|
1000014767|7|104|202501|74310|73139|0|0|
1000014767|7|101|202504|1490000|327404|0|0|
1000014767|7|101|202505|2189000|625954|0|0|
1000014767|7|101|202506|12090|12090|0|0|
1000014776|7|104|202309|21721|20701|0|0|
1000014776|7|101|202310|460000|39014|0|0|
1000014776|7|101|202311|390000|52346|0|0|
1000014776|7|101|202312|45000|45000|0|0|
1000014776|7|202|202312|319086|319086|0|0|
1000014778|7|101|202303|108020|107970|0|0|
1000014835|7|101|202510|513000|223150|0|0|
1000014835|7|104|202510|12798|12798|0|0|
1000014852|7|101|202511|58356|58356|0|0|
1000014852|7|101|202601|22500|22500|0|0|
1000014852|7|104|202601|2342|2342|0|0|
1000014864|7|101|202404|22500|22500|0|0|
1000014864|7|104|202404|6668|6668|0|0|
1000014864|7|101|202406|72796|72796|0|0|
1000014870|7|101|202211|295000|286235|0|0|
1000014870|7|104|202211|9395|9395|0|0|
1000014870|7|202|202211|548922|547804|0|0|
1000014870|7|101|202212|330423|129324|0|0|
1000014870|7|104|202212|124723|124559|0|0|
1000014870|7|101|202301|60000|57652|0|0|
1000014877|7|101|202212|254076|55963|0|0|
1000014877|7|101|202301|3000|3000|0|0|
1000014877|7|101|202303|12785|8796|0|0|
1000014901|7|101|202208|2760|2760|0|0|
1000014901|7|101|202210|26885|26885|0|0|
1000014901|7|104|202211|2326|2326|0|0|
1000014901|7|101|202302|350000|37502|0|0|
1000014901|7|202|202303|319440|318832|0|0|
1000014924|7|104|202302|3514|3514|0|0|
1000014924|7|101|202303|1655000|365000|0|0|
1000014924|7|101|202304|250000|50000|0|0|
1000014951|7|101|202511|30000|29999|0|0|
1000014951|7|104|202511|8664|8659|0|0|
1000014951|7|101|202512|74469|3724|0|0|
1000014951|7|104|202512|58|58|0|0|
1000014951|7|101|202601|67597|3311|0|0|
1000014951|7|101|202602|55880|55880|0|0|
1000014999|7|101|202501|887592|231011|0|0|
1000014999|7|104|202501|52304|49467|0|0|
1000014999|7|101|202502|1077000|127991|0|0|
1000014999|7|104|202502|39899|39848|0|0|
1000014999|7|101|202503|29949|29949|0|0|
1000015005|7|101|202504|170000|17000|0|0|
1000015005|7|101|202505|890000|134000|0|0|
1000015005|7|104|202505|35963|35523|0|0|
1000015005|7|202|202506|921907|920366|0|0|
1000015017|7|101|202201|1740000|724091|0|0|
1000015017|7|104|202201|4792|4656|0|0|
1000015017|7|104|202202|5712|5712|0|0|
1000015017|7|101|202207|179057|179057|0|0|
1000015036|7|101|202601|299594|299594|0|0|
1000015036|7|104|202601|226|226|0|0|
1000015040|7|101|202412|1468392|802596|20260326|7|
1000015040|7|101|202501|2267387|844494|0|0|
1000015040|7|104|202501|45300|45300|0|0|
1000015040|7|101|202601|400000|400000|0|0|
1000015060|7|101|202309|17212|17212|0|0|
1000015060|7|101|202404|59677|21717|0|0|
1000015068|7|104|202509|13467|13467|0|0|
1000015068|7|101|202510|498721|498721|0|0|
1000015113|7|101|202411|410000|0|20251107|1|
1000015119|7|101|202412|310000|46490|0|0|
1000015119|7|104|202412|10812|10812|0|0|
1000015130|7|101|202408|346666|61666|0|0|
1000015130|7|104|202408|34232|34232|0|0|
1000015130|7|101|202409|1380000|145502|0|0|
1000015130|7|101|202410|175627|144926|0|0|
1000015130|7|201|202410|159864|159864|0|0|
1000015130|7|201|202411|87916|87916|0|0|
1000015151|7|104|202110|9704|9704|0|0|
1000015151|7|101|202111|19390|12650|0|0|
1000015151|7|202|202111|369213|367692|0|0|
1000015157|7|202|202112|655196|655196|0|0|
1000015157|7|101|202201|435726|39548|0|0|
1000015157|7|101|202202|972186|966853|0|0|
1000015157|7|101|202203|173019|170371|0|0|
1000015157|7|101|202204|17320|17320|0|0|
1000015157|7|101|202205|12680|12680|0|0|
1000015176|7|101|202206|1150800|168070|20251128|16|
1000015176|7|101|202207|10000|10000|0|0|
1000015176|7|104|202207|909|909|0|0|
1000015176|7|104|202208|16116|14657|0|0|
1000015176|7|104|202209|8313|8313|0|0|
1000015178|7|101|202510|35002|5252|0|0|
1000015178|7|104|202510|1391|1391|0|0|
1000015178|7|101|202511|300000|15000|0|0|
1000015178|7|101|202602|28500|28500|0|0|
1000015182|7|101|202502|1922847|1918258|0|0|
1000015182|7|104|202502|109057|109057|0|0|
1000015182|7|101|202503|742000|742000|0|0|
1000015182|7|104|202503|62606|62606|0|0|
1000015182|7|104|202504|34123|28614|0|0|
1000015205|7|104|202408|30328|30249|0|0|
1000015205|7|101|202409|85000|85000|0|0|
1000015205|7|104|202409|38757|35418|0|0|
1000015205|7|101|202410|270000|23500|0|0|
1000015212|7|101|202311|502500|59126|0|0|
1000015212|7|104|202311|28006|27994|0|0|
1000015212|7|101|202312|701600|474267|0|0|
1000015212|7|104|202312|9936|9936|0|0|
1000015212|7|202|202401|538413|536815|0|0|
1000015224|7|101|202208|366955|204955|0|0|
1000015229|7|101|202202|14250|9777|0|0|
1000015229|7|105|202303|3398|468|0|0|
1000015256|7|101|202108|500000|100000|0|0|
1000015256|7|104|202108|12658|12658|0|0|
1000015256|7|202|202109|303170|303170|0|0|
1000015256|7|101|202110|126454|126454|0|0|
1000015256|7|104|202110|6536|6536|0|0|
1000015256|7|105|202110|31969|31969|0|0|
1000015256|7|101|202111|96613|96613|0|0|
1000015289|7|101|202602|233771|233771|0|0|
1000015289|7|104|202602|141027|141027|0|0|
1000015320|7|101|202410|300000|39205|20250908|12|
1000015320|7|101|202411|79000|14450|20250901|12|
1000015320|7|104|202411|7003|7003|20250901|12|
1000015320|7|101|202412|364528|146984|20250917|12|
1000015320|7|104|202412|9723|9723|20250903|4|
1000015376|7|101|202502|1150000|149342|0|0|
1000015386|7|101|202410|49849|7477|0|0|
1000015386|7|101|202411|908828|284478|0|0|
1000015386|7|101|202412|101379|101379|0|0|
1000015386|7|101|202501|4472|4472|0|0|
1000015386|7|202|202501|950146|950144|0|0|
1000015399|7|104|202110|3833|3833|0|0|
1000015399|7|104|202112|2213|2213|0|0|
1000015399|7|101|202202|80935|80935|0|0|
1000015401|7|101|202108|7855|7855|0|0|
1000015405|7|104|202404|669|669|0|0|
1000015405|7|101|202405|231718|231718|0|0|
1000015405|7|101|202406|82815|82815|0|0|
1000015405|7|105|202406|7297|7297|0|0|
1000015405|7|202|202406|1074562|845985|0|0|
1000015407|7|101|202308|22699|22699|0|0|
1000015407|7|104|202308|13706|13706|0|0|
1000015407|7|101|202310|140487|140487|0|0|
1000015453|7|101|202312|607061|205806|0|0|
1000015453|7|202|202312|929107|928340|0|0|
1000015453|7|101|202601|183492|183492|0|0|
1000015493|7|101|202301|99840|20800|0|0|
1000015519|7|104|202106|33524|33524|20260507|4|
1000015519|7|101|202107|82767|71951|0|0|
1000015519|7|202|202108|1574887|1474887|0|0|
1000015571|7|101|202210|41550|40550|0|0|
1000015571|7|101|202211|100000|100000|0|0|
1000015571|7|101|202212|200000|2|0|0|
1000015571|7|101|202302|50786|49754|0|0|
1000015571|7|202|202305|1109008|1101678|0|0|
1000015571|7|101|202406|11560|11560|0|0|
1000015588|7|101|202110|10000|9988|0|0|
1000015588|7|101|202111|49997|49997|0|0|
1000015588|7|202|202111|1127524|1125654|0|0|
1000015620|7|104|202108|64570|58270|0|0|
1000015620|7|202|202108|1893790|1893790|0|0|
1000015620|7|101|202110|135737|95692|0|0|
1000015620|7|101|202111|99974|81362|0|0|
1000015623|7|101|202501|120000|9336|0|0|
1000015623|7|104|202502|28126|23225|0|0|
1000015627|7|101|202501|562500|105308|0|0|
1000015627|7|101|202502|450000|59144|0|0|
1000015627|7|202|202502|457191|457191|0|0|
1000015636|7|101|202501|793050|392055|20250925|16|
1000015636|7|101|202502|787778|787778|20250925|16|
1000015636|7|104|202502|53190|53190|0|0|
1000015646|7|101|202503|2534999|1135793|0|0|
1000015646|7|201|202504|71003|71003|0|0|
1000015646|7|201|202511|100000|100000|0|0|
1000015655|7|104|202603|82|82|0|0|
1000015659|7|104|202509|4160|3326|0|0|
1000015675|7|101|202412|30000|2|0|0|
1000015675|7|104|202412|4941|4941|0|0|
1000015675|7|101|202501|12885|9197|0|0|
1000015675|7|101|202502|30000|30000|0|0|
1000015680|7|104|202504|6800|6800|0|0|
1000015680|7|101|202506|260000|260000|0|0|
1000015688|7|105|202402|30692|30692|0|0|
1000015696|7|101|202305|200000|23970|0|0|
1000015724|7|104|202412|28931|28931|20251029|12|
1000015724|7|101|202501|200000|30000|20251030|12|
1000015724|7|104|202501|29216|29216|20251031|12|
1000015724|7|101|202502|270000|40500|20251106|12|
1000015724|7|101|202503|19000|1|20251031|12|
1000015735|7|101|202404|209160|20949|0|0|
1000015735|7|101|202405|71178|71178|0|0|
1000015735|7|101|202406|300000|15000|0|0|
1000015735|7|104|202406|3378|3378|0|0|
1000015735|7|105|202406|25400|25400|0|0|
1000015764|7|101|202412|100000|2|0|0|
1000015764|7|104|202412|4132|4132|0|0|
1000015764|7|101|202502|100000|2|0|0|
1000015764|7|202|202503|204909|204703|0|0|
1000015775|7|101|202108|1516887|569381|0|0|
1000015775|7|104|202108|11586|11586|0|0|
1000015775|7|101|202109|223095|223095|0|0|
1000015775|7|101|202110|20000|8911|0|0|
1000015775|7|104|202111|1520|1520|0|0|
1000015775|7|101|202203|90000|90000|0|0|
1000015887|7|101|202311|574890|158390|0|0|
1000015890|7|202|202106|30484|30484|0|0|
1000015890|7|202|202107|20041|20041|0|0|
1000015892|7|101|202411|352550|58516|0|0|
1000015892|7|104|202411|9832|7832|0|0|
1000015892|7|202|202411|641364|638830|0|0|
1000015892|7|104|202412|11940|0|20250821|1|
1000015895|7|104|202411|34296|34296|0|0|
1000015905|7|101|202506|16000|16000|0|0|
1000015907|7|101|202311|380000|45663|0|0|
1000015907|7|105|202401|28660|28660|0|0|
1000015907|7|101|202403|85000|2|0|0|
1000015908|7|101|202404|30000|2|0|0|
1000015919|7|101|202412|7889000|4832000|20250917|99|
1000015919|7|101|202501|3830000|3826073|20250725|12|
1000015938|7|101|202509|2000000|200000|0|0|
1000015938|7|101|202510|225000|224680|0|0|
1000015954|7|104|202201|31689|31687|0|0|
1000015997|7|101|202302|113247|113247|0|0|
1000016035|7|104|202305|17524|17524|0|0|
1000016035|7|101|202308|696343|252526|0|0|
1000016052|7|101|202404|14625|14625|0|0|
1000016070|7|101|202503|69260|2|20251111|12|
1000016078|7|101|202411|1964241|1193327|0|0|
1000016078|7|104|202411|145740|145714|0|0|
1000016078|7|101|202412|1279862|276862|0|0|
1000016078|7|101|202503|20000|20000|0|0|
1000016081|7|101|202210|48000|4669|20251128|16|
1000016101|7|101|202301|152000|151811|20251128|16|
1000016101|7|101|202302|59967|59967|0|0|
1000016104|7|101|202211|95000|9500|0|0|
1000016104|7|101|202301|73000|4692|20251128|16|
1000016104|7|101|202302|475000|59347|20251128|16|
1000016127|7|101|202107|270000|39865|0|0|
1000016127|7|101|202112|105640|55347|0|0|
1000016127|7|101|202202|66962|66932|0|0|
1000016130|7|104|202112|10159|9235|0|0|
1000016130|7|202|202201|77354|70950|0|0|
1000016130|7|101|202410|737841|735103|0|0|
1000016130|7|104|202410|13638|13638|0|0|
1000016133|7|101|202508|600378|169667|0|0|
1000016133|7|104|202508|43986|43888|0|0|
1000016133|7|105|202508|68067|68067|0|0|
1000016133|7|101|202509|70000|9084|0|0|
1000016133|7|104|202509|13972|5545|0|0|
1000016143|7|101|202310|1041700|101424|0|0|
1000016143|7|104|202310|47004|46863|0|0|
1000016143|7|105|202310|176408|176408|0|0|
1000016143|7|104|202311|5000|5000|0|0|
1000016143|7|202|202401|504328|504160|0|0|
1000016171|7|101|202209|465000|465000|20251128|16|
1000016171|7|104|202210|6894|6894|20251128|16|
1000016171|7|101|202212|40000|40000|0|0|
1000016200|7|101|202305|1477700|565700|0|0|
1000016200|7|101|202306|309000|309000|0|0|
1000016200|7|104|202306|145627|145627|0|0|
1000016200|7|101|202307|313500|313500|0|0|
1000016215|7|101|202509|300000|15000|20260209|12|
1000016217|7|101|202509|735807|735807|20260421|12|
1000016217|7|104|202509|108445|108445|20260422|12|
1000016217|7|101|202510|717488|717488|20260422|12|
1000016223|7|101|202212|482186|277310|0|0|
1000016223|7|101|202301|450000|450000|0|0|
1000016223|7|104|202301|44853|44853|0|0|
1000016223|7|101|202302|541400|8281|0|0|
1000016223|7|202|202304|986536|980779|0|0|
1000016223|7|105|202307|23495|23495|0|0|
1000016223|7|101|202401|29258|29258|0|0|
1000016238|7|101|202511|300000|33014|0|0|
1000016238|7|101|202603|16000|15500|0|0|
1000016242|7|104|202501|18461|18461|0|0|
1000016242|7|101|202502|500000|50000|0|0|
1000016251|7|104|202209|14322|14322|0|0|
1000016251|7|101|202210|1123734|814733|0|0|
1000016251|7|104|202210|25669|9927|20250731|1|
1000016251|7|101|202211|144000|144000|0|0|
1000016251|7|101|202212|50000|2|20251128|16|
1000016251|7|101|202303|150000|2|0|0|
1000016292|7|101|202212|1217962|292082|20250704|1|
1000016292|7|104|202212|9201|9201|0|0|
1000016317|7|104|202602|43675|43650|0|0|
1000016317|7|101|202603|39569|39569|0|0|
1000016335|7|101|202511|1361000|181932|0|0|
1000016335|7|104|202511|14896|14896|0|0|
1000016335|7|101|202602|67657|67657|0|0|
1000016370|7|101|202303|400000|55674|0|0|
1000016370|7|101|202305|76009|69505|0|0|
1000016370|7|101|202306|36814|36814|0|0|
1000016371|7|101|202505|200000|15000|0|0|
1000016371|7|101|202506|347000|165502|0|0|
1000016371|7|104|202506|61237|61237|0|0|
1000016371|7|101|202508|165000|16500|0|0|
1000016390|7|101|202501|413460|0|20260430|1|
1000016390|7|101|202502|454626|433356|0|0|
1000016407|7|101|202509|1074500|209228|0|0|
1000016407|7|101|202510|79492|79492|0|0|
1000016477|7|101|202109|21098|2|0|0|
1000016506|7|101|202504|1165000|183197|0|0|
1000016506|7|104|202505|3789|3789|0|0|
1000016533|7|101|202510|552683|552683|0|0|
1000016533|7|101|202511|31441|31441|0|0|
1000016533|7|104|202511|401|401|0|0|
1000016599|7|101|202504|285300|34861|0|0|
1000016605|7|101|202311|270000|23821|0|0|
1000016652|7|202|202207|973702|971868|0|0|
1000016652|7|101|202209|29114|29013|20251128|16|
1000016652|7|101|202210|264359|246382|20251128|16|
1000016659|7|101|202203|300000|300000|0|0|
1000016659|7|202|202203|2026085|2025315|20251223|16|
1000016659|7|101|202204|14441|2759|0|0|
1000016660|7|101|202402|1583443|1158184|0|0|
1000016660|7|104|202402|1531|1531|0|0|
1000016660|7|101|202403|533719|153728|0|0|
1000016717|7|101|202407|224150|17097|0|0|
1000016719|7|101|202111|216520|12106|0|0|
1000016719|7|202|202111|265899|188634|0|0|
1000016719|7|101|202202|7467|7467|0|0|
1000016735|7|104|202309|1118815|1115278|0|0|
1000016735|7|101|202310|4855000|4855000|0|0|
1000016735|7|104|202310|217416|215582|0|0|
1000016735|7|101|202311|1378238|952967|0|0|
1000016735|7|101|202312|249606|249606|0|0|
1000016735|7|101|202404|1610661|1610661|0|0|
1000016755|7|202|202506|269249|268721|0|0|
1000016755|7|104|202507|80332|80332|0|0|
1000016755|7|101|202508|1500000|146728|0|0|
1000016755|7|101|202509|29494|29494|0|0|
1000016767|7|101|202601|144333|94334|0|0|
1000016767|7|104|202601|9375|9375|0|0|
1000016771|7|101|202511|29478|29478|0|0|
1000016771|7|104|202511|21787|21787|0|0|
1000016771|7|105|202511|76655|76655|0|0|
1000016771|7|104|202602|15986|15986|0|0|
1000016781|7|104|202509|14996|14996|0|0|
1000016787|7|101|202311|418100|47949|0|0|
1000016787|7|104|202311|9819|8310|0|0|
1000016787|7|202|202311|481584|479698|0|0|
1000016787|7|101|202312|235344|35345|0|0|
1000016787|7|104|202312|4901|4901|0|0|
1000016787|7|101|202401|17171|17171|0|0|
1000016787|7|202|202401|24609|24028|0|0|
1000016787|7|101|202601|145209|145209|0|0|
1000016791|7|101|202304|758284|320058|0|0|
1000016791|7|104|202304|14282|14282|0|0|
1000016791|7|101|202305|608750|391419|0|0|
1000016791|7|104|202305|57899|57899|0|0|
1000016791|7|202|202305|568931|568265|0|0|
1000016791|7|101|202312|89963|89963|0|0|
1000016826|7|101|202305|333332|32150|0|0|
1000016826|7|104|202305|62639|62639|0|0|
1000016826|7|101|202306|135000|135000|0|0|
1000016826|7|104|202306|6387|6370|0|0|
1000016833|7|104|202304|37469|26567|0|0|
1000016833|7|101|202306|114000|114000|0|0|
1000016833|7|101|202307|100000|100000|0|0|
1000016833|7|202|202307|1968717|1967923|0|0|
1000016836|7|101|202409|492200|45231|0|0|
1000016836|7|104|202409|22797|22797|0|0|
1000016836|7|101|202410|230559|229145|0|0|
1000016836|7|104|202410|256|256|0|0|
1000016836|7|202|202410|1518752|1518750|0|0|
1000016836|7|101|202411|64|2|0|0|
1000016836|7|105|202411|15779|15779|0|0|
1000016841|7|104|202509|10265|10212|0|0|
1000016841|7|101|202510|680000|68000|0|0|
1000016841|7|101|202511|425998|128498|0|0|
1000016841|7|101|202602|15000|15000|0|0|
1000016864|7|101|202603|52183|39397|0|0|
1000016890|7|101|202406|469891|469839|0|0|
1000016890|7|101|202407|1526083|1526083|0|0|
1000016890|7|101|202408|2000000|2000000|0|0|
1000016890|7|104|202408|92328|92328|0|0|
1000016890|7|101|202409|40000|1|0|0|
1000016890|7|101|202412|412282|412282|0|0|
1000016890|7|104|202503|15863|15863|0|0|
1000016947|7|101|202512|494585|494585|0|0|
1000016947|7|101|202601|2811180|2757719|0|0|
1000016947|7|104|202601|11909|11909|0|0|
1000016947|7|101|202602|2264280|910280|0|0|
1000016947|7|201|202602|652567|652567|0|0|
1000016948|7|101|202504|29238000|2920800|0|0|
1000016949|7|101|202603|2167652|1381554|0|0|
1000017062|7|101|202402|2200000|219163|0|0|
1000017063|7|101|202511|1753875|1113875|0|0|
1000017063|7|104|202511|45913|45913|0|0|
1000017063|7|104|202512|10010|10010|0|0|
1000017070|7|101|202304|165230|0|20260114|1|
1000017076|7|101|202308|269000|74799|0|0|
1000017076|7|104|202308|5162|5162|0|0|
1000017077|7|101|202505|20000|20000|0|0|
1000017077|7|101|202506|3946500|546500|0|0|
1000017095|7|101|202401|29640|29640|0|0|
1000017095|7|101|202402|366987|187998|0|0|
1000017095|7|101|202403|76380|49018|0|0|
1000017135|7|101|202503|3934|3934|0|0|
1000017165|7|101|202603|5662|2|0|0|
1000017198|7|101|202211|1507000|937260|20251128|16|
1000017198|7|202|202211|981695|981695|0|0|
1000017198|7|101|202212|421390|421390|20251128|16|
1000017198|7|101|202301|56551|56551|20251128|16|
1000017198|7|101|202302|211375|211375|20251128|16|
1000017200|7|104|202601|10362|10362|0|0|
1000017217|7|101|202502|272159|272159|0|0|
1000017217|7|104|202502|70297|70297|0|0|
1000017219|7|104|202202|8810|8780|0|0|
1000017221|7|104|202505|67604|58833|0|0|
1000017226|7|101|202405|116680|97403|0|0|
1000017226|7|101|202406|449469|449398|0|0|
1000017226|7|201|202406|262808|262808|0|0|
1000017226|7|101|202407|388737|126925|0|0|
1000017226|7|201|202407|112551|112551|0|0|
1000017226|7|101|202409|124747|124747|0|0|
1000017226|7|201|202409|185125|180725|0|0|
1000017245|7|101|202412|2032588|1490239|20260422|12|
1000017245|7|104|202412|30115|30115|20260420|12|
1000017245|7|101|202501|246383|246383|20260422|12|
1000017245|7|101|202502|394098|394098|20260422|12|
1000017245|7|101|202503|199269|199269|20260422|12|
1000017245|7|101|202504|296455|296455|20260422|12|
1000017245|7|101|202505|278589|278589|20260422|12|
1000017245|7|101|202506|36807|36807|20260422|12|
1000017255|7|104|202510|11115|11115|0|0|
1000017255|7|101|202511|214000|123000|0|0|
1000017255|7|104|202511|45056|38533|0|0|
1000017255|7|101|202512|37773|3818|0|0|
1000017312|7|101|202112|1900000|582323|0|0|
1000017312|7|101|202201|485268|485268|0|0|
1000017312|7|101|202204|231000|230589|0|0|
1000017312|7|202|202211|750024|750024|0|0|
1000017321|7|101|202602|10011|9011|0|0|
1000017345|7|101|202503|619769|297458|0|0|
1000017345|7|104|202504|4141|4125|0|0|
1000017361|7|104|202309|5709|5709|0|0|
1000017361|7|101|202310|100000|10000|0|0|
1000017361|7|104|202310|5950|5950|0|0|
1000017393|7|101|202305|98791|9879|0|0|
1000017393|7|101|202310|249460|12473|0|0|
1000017395|7|101|202503|904000|619000|0|0|
1000017395|7|104|202503|27440|27440|0|0|
1000017395|7|201|202503|16710|3342|0|0|
1000017395|7|101|202504|238734|181742|0|0|
1000017395|7|104|202504|20880|20880|0|0|
1000017395|7|201|202504|1500724|946893|0|0|
1000017395|7|201|202505|354445|354445|0|0|
1000017395|7|101|202506|387089|387089|0|0|
1000017454|7|101|202403|900000|48955|0|0|
1000017488|7|202|202310|654562|648972|0|0|
1000017488|7|101|202311|304235|304235|0|0|
1000017488|7|101|202312|441726|441726|0|0|
1000017488|7|201|202312|27130|27130|0|0|
1000017488|7|101|202401|462947|462947|0|0|
1000017488|7|201|202401|320860|320860|0|0|
1000017491|7|101|202507|80000|15172|0|0|
1000017491|7|101|202511|2497|2497|0|0|
1000017494|7|101|202207|46115|46115|0|0|
1000017494|7|104|202207|10205|10189|0|0|
1000017494|7|202|202208|1430123|1430123|0|0|
1000017494|7|205|202210|564630|564630|20250725|4|
1000017499|7|101|202507|115000|0|20251110|1|
1000017501|7|101|202602|4903638|3234112|0|0|
1000017501|7|104|202602|214|214|0|0|
1000017501|7|101|202603|1934392|1934392|0|0|
1000017504|7|104|202503|7952|7952|0|0|
1000017504|7|101|202510|669700|669700|0|0|
1000017588|7|101|202106|45000|8563|0|0|
1000017588|7|104|202106|7860|7860|0|0|
1000017588|7|101|202107|125302|2528|20260507|7|
1000017588|7|202|202107|491789|489238|0|0|
1000017588|7|202|202108|88237|86955|0|0|
1000017588|7|101|202109|300000|44984|0|0|
1000017601|7|101|202304|65642|0|20251030|1|
1000017601|7|101|202602|79991|79991|0|0|
1000017624|7|101|202301|458900|94685|0|0|
1000017624|7|104|202301|15760|15760|0|0|
1000017624|7|101|202302|529675|177558|0|0|
1000017624|7|104|202302|2191|2191|0|0|
1000017624|7|101|202303|8370|8370|0|0|
1000017624|7|202|202303|776759|775219|0|0|
1000017681|7|101|202209|122257|122257|0|0|
1000017681|7|104|202209|4819|4819|0|0|
1000017681|7|101|202210|338600|50762|0|0|
1000017693|7|101|202106|82920|48370|0|0|
1000017693|7|202|202106|360330|360330|0|0|
1000017693|7|101|202107|483333|483266|20260415|13|
1000017693|7|104|202107|14560|14560|20260415|13|
1000017693|7|101|202109|700000|0|20260306|1|
1000017704|7|101|202508|30240|4536|0|0|
1000017704|7|104|202508|24321|24013|0|0|
1000017704|7|101|202509|150000|7500|0|0|
1000017704|7|101|202510|30000|30000|0|0|
1000017704|7|104|202510|4609|4609|0|0|
1000017704|7|101|202511|5000|5000|0|0|
1000017704|7|101|202512|4000|4000|0|0|
1000017706|7|101|202201|2876176|1705204|0|0|
1000017706|7|104|202201|31430|31430|0|0|
1000017706|7|101|202202|581314|326314|0|0|
1000017706|7|104|202202|18903|18903|0|0|
1000017706|7|101|202203|100000|100000|0|0|
1000017706|7|104|202203|4051|4051|0|0|
1000017714|7|101|202208|653882|144107|0|0|
1000017714|7|104|202208|72667|72613|0|0|
1000017714|7|201|202209|409538|408335|0|0|
1000017714|7|101|202210|72323|72323|0|0|
1000017714|7|201|202210|77247|77247|0|0|
1000017714|7|201|202211|33449|33449|0|0|
1000017751|7|101|202410|168000|49820|0|0|
1000017758|7|104|202306|6665|4611|0|0|
1000017758|7|101|202312|15504|6707|0|0|
1000017783|7|104|202510|7932|7932|0|0|
1000017783|7|101|202511|36750|36750|0|0|
1000017783|7|101|202512|67500|67500|0|0|
1000017803|7|101|202408|87582|87582|0|0|
1000017803|7|104|202409|13622|13622|0|0|
1000017806|7|104|202505|44441|44281|0|0|
1000017806|7|101|202506|975240|210840|0|0|
1000017806|7|104|202508|1997|1997|0|0|
1000017820|7|101|202401|245920|26106|0|0|
1000017820|7|104|202401|32793|32366|0|0|
1000017820|7|101|202402|139520|26582|0|0|
1000017820|7|104|202402|7399|7399|0|0|
1000017820|7|105|202402|7480|7480|0|0|
1000017820|7|105|202403|2729|2729|0|0|
1000017820|7|105|202405|28063|28063|0|0|
1000017834|7|101|202501|114342|113670|0|0|
1000017834|7|104|202501|49854|49854|0|0|
1000017834|7|101|202502|318934|169167|0|0|
1000017834|7|104|202502|19941|19941|0|0|
1000017834|7|101|202503|133783|133783|0|0|
1000017837|7|101|202308|516712|27794|0|0|
1000017837|7|104|202308|3789|3789|0|0|
1000017837|7|101|202309|125836|125696|0|0|
1000017837|7|104|202309|9703|9691|0|0|
1000017837|7|101|202310|5082|5082|0|0|
1000017837|7|104|202310|935|935|0|0|
1000017838|7|101|202306|50000|38360|0|0|
1000017838|7|101|202308|45429|31051|0|0|
1000017850|7|101|202409|95000|4750|0|0|
1000017850|7|104|202409|1101|1101|0|0|
1000017850|7|101|202410|290000|204382|0|0|
1000017850|7|101|202412|180000|15014|0|0|
1000017850|7|101|202501|85282|85282|0|0|
1000017850|7|101|202502|300000|22545|0|0|
1000017886|7|104|202601|9190|9190|0|0|
1000017886|7|101|202603|55000|55000|0|0|
1000017900|7|104|202208|14204|14203|0|0|
1000017900|7|101|202209|408465|132154|0|0|
1000017900|7|101|202210|165000|164805|0|0|
1000017900|7|101|202212|36947|36199|0|0|
1000017909|7|101|202503|47090|47090|0|0|
1000017909|7|101|202504|608000|95611|0|0|
1000017925|7|101|202312|1625000|2|0|0|
1000017925|7|101|202401|107560|9443|0|0|
1000017925|7|101|202402|381666|82012|0|0|
1000017925|7|104|202402|19466|19466|0|0|
1000017925|7|101|202403|358182|130057|0|0|
1000017925|7|104|202403|28558|28558|0|0|
1000017929|7|101|202403|940000|78799|0|0|
1000017929|7|104|202403|14908|14829|0|0|
1000017929|7|202|202404|890723|890127|0|0|
1000017935|7|101|202401|220000|33000|0|0|
1000017935|7|202|202402|306715|305457|0|0|
1000017935|7|101|202403|63000|60409|0|0|
1000017935|7|101|202404|132000|19800|0|0|
1000017935|7|101|202408|85000|85000|0|0|
1000017942|7|104|202109|20122|17622|0|0|
1000017942|7|101|202110|161806|161806|0|0|
1000017942|7|101|202111|1700000|20002|0|0|
1000017942|7|202|202112|183555|183555|0|0|
1000017958|7|101|202511|202000|202000|0|0|
1000017978|7|104|202412|207733|207733|0|0|
1000017978|7|101|202501|1253950|748265|0|0|
1000017978|7|104|202502|9956|9956|0|0|
1000017978|7|101|202503|550000|90269|0|0|
1000017978|7|101|202506|306500|306500|0|0|
1000017982|7|101|202105|233200|66840|0|0|
1000017982|7|104|202105|2540|2540|0|0|
1000017982|7|101|202106|50000|1|0|0|
1000017982|7|101|202108|22289|21696|0|0|
1000017988|7|104|202208|16961|16918|0|0|
1000017988|7|101|202209|194000|9002|0|0|
1000017988|7|201|202209|285319|285319|0|0|
1000017988|7|204|202209|639989|455121|0|0|
1000017988|7|201|202210|503730|343521|0|0|
1000017988|7|101|202211|320927|320927|0|0|
1000017988|7|201|202211|246845|246845|0|0|
1000017988|7|205|202301|82373|82373|0|0|
1000018005|7|101|202412|882552|286744|0|0|
1000018005|7|104|202412|126450|126450|0|0|
1000018005|7|101|202501|230000|34500|0|0|
1000018005|7|105|202502|47256|47256|0|0|
1000018005|7|101|202504|40552|40552|0|0|
1000018005|7|101|202509|18049|18049|0|0|
1000018020|7|101|202302|44000|12280|0|0|
1000018020|7|101|202303|29000|3208|0|0|
1000018020|7|101|202305|195000|195000|0|0|
1000018020|7|101|202308|44251|11011|0|0|
1000018026|7|101|202403|604846|317285|0|0|
1000018026|7|101|202404|200000|30000|0|0|
1000018026|7|104|202404|27243|27240|0|0|
1000018026|7|202|202405|108430|108262|0|0|
1000018026|7|101|202407|127500|127500|0|0|
1000018026|7|101|202409|347000|347000|0|0|
1000018027|7|101|202412|100000|15000|0|0|
1000018042|7|101|202401|250000|50000|0|0|
1000018042|7|104|202401|20539|20539|0|0|
1000018042|7|101|202402|93340|16871|0|0|
1000018042|7|202|202403|285424|285424|0|0|
1000018046|7|101|202407|324132|234113|0|0|
1000018046|7|104|202407|15546|15541|0|0|
1000018046|7|101|202408|137291|49001|0|0|
1000018046|7|104|202408|9384|9384|0|0|
1000018046|7|105|202408|3207|3207|0|0|
1000018047|7|104|202509|29993|29993|0|0|
1000018047|7|104|202510|757|757|0|0|
1000018047|7|101|202511|230000|32117|0|0|
1000018057|7|104|202409|646929|646083|0|0|
1000018057|7|101|202410|3950000|141106|0|0|
1000018057|7|104|202411|1412858|946735|0|0|
1000018090|7|101|202112|701380|177929|0|0|
1000018090|7|202|202112|373071|373071|0|0|
1000018090|7|101|202201|134955|134955|20251128|16|
1000018090|7|101|202202|750000|12467|0|0|
1000018090|7|101|202203|50000|2500|0|0|
1000018090|7|101|202204|1024636|917603|0|0|
1000018090|7|101|202206|300000|300000|0|0|
1000018090|7|101|202207|42057|42057|0|0|
1000018090|7|101|202303|85|85|0|0|
1000018096|7|202|202210|489946|474299|20251216|4|
1000018096|7|104|202211|31460|31078|0|0|
1000018096|7|101|202212|385547|368339|0|0|
1000018096|7|101|202302|40000|38347|0|0|
1000018110|7|101|202406|230560|7421|0|0|
1000018110|7|201|202406|235590|235590|0|0|
1000018110|7|101|202407|283304|283304|0|0|
1000018110|7|202|202407|223138|222514|0|0|
1000018110|7|101|202408|58162|58162|0|0|
1000018146|7|101|202402|500000|25000|0|0|
1000018146|7|101|202404|470000|470000|0|0|
1000018146|7|101|202503|26994|26994|0|0|
1000018148|7|101|202308|161318|16129|0|0|
1000018148|7|101|202309|287386|22692|0|0|
1000018148|7|104|202309|20451|20451|0|0|
1000018148|7|101|202406|1147|1147|0|0|
1000018150|7|101|202412|45988|45988|0|0|
1000018159|7|101|202302|203922|83630|0|0|
1000018159|7|202|202303|122464|122233|0|0|
1000018181|7|101|202306|26769|26769|0|0|
1000018340|7|101|202403|54238|20186|0|0|
1000018340|7|101|202404|56994|56994|0|0|
1000018340|7|101|202405|490975|490975|0|0|
1000018349|7|101|202311|320000|159283|0|0|
1000018385|7|101|202502|476317|125458|0|0|
1000018385|7|101|202503|985046|515870|0|0|
1000018385|7|104|202503|145688|145688|0|0|
1000018385|7|104|202504|4899|4899|0|0|
1000018398|7|101|202506|59000|59000|0|0|
1000018398|7|101|202507|73611|73611|0|0|
1000018398|7|104|202507|2532|2531|0|0|
1000018454|7|101|202109|1464286|703548|0|0|
1000018454|7|104|202109|36594|36594|0|0|
1000018454|7|104|202110|2373|2067|0|0|
1000018458|7|101|202502|181711|181711|20260123|12|
1000018458|7|104|202502|14420|14420|20260123|12|
1000018466|7|202|202304|24206|24206|0|0|
1000018466|7|104|202305|443|443|0|0|
1000018466|7|202|202306|251940|251940|0|0|
1000018468|7|104|202512|2875|2875|0|0|
1000018469|7|101|202305|69470|69470|20251222|12|
1000018469|7|101|202306|80000|80000|20251222|12|
1000018469|7|104|202306|262|262|0|0|
1000018506|7|101|202408|805397|805397|0|0|
1000018506|7|104|202408|135936|135936|0|0|
1000018506|7|101|202409|80625|80625|0|0|
1000018506|7|104|202409|42315|42315|0|0|
1000018519|7|104|202110|46128|46128|0|0|
1000018519|7|202|202110|3026486|3026486|0|0|
1000018519|7|101|202111|2111426|2111426|20251128|16|
1000018519|7|101|202504|472007|400796|0|0|
1000018536|7|101|202411|71426|71426|0|0|
1000018536|7|104|202411|228|228|0|0|
1000018536|7|101|202412|542324|538179|20260210|12|
1000018536|7|104|202412|1087|1087|0|0|
1000018536|7|201|202412|211543|211543|20260210|12|
1000018536|7|204|202412|66481|66481|0|0|
1000018536|7|101|202501|1164187|1142636|20260211|12|
1000018546|7|104|202504|1463|1463|0|0|
1000018570|7|202|202412|513646|511038|0|0|
1000018570|7|101|202501|40000|40000|0|0|
1000018570|7|101|202502|10000|10000|0|0|
1000018570|7|104|202502|54992|54992|0|0|
1000018570|7|101|202503|315000|55984|0|0|
1000018573|7|101|202501|31957|31957|20260325|12|
1000018596|7|101|202603|3932323|3932323|0|0|
1000018635|7|101|202405|2600000|2|0|0|
1000018635|7|104|202405|49405|49405|0|0|
1000018673|7|104|202207|33637|32383|20251128|16|
1000018673|7|101|202208|420094|420094|20251128|16|
1000018673|7|104|202208|20114|20114|0|0|
1000018673|7|101|202209|100511|100511|0|0|
1000018694|7|101|202503|6800|610|0|0|
1000018698|7|101|202402|282870|281425|0|0|
1000018716|7|202|202312|1211674|1199192|0|0|
1000018716|7|101|202401|248627|40692|0|0|
1000018716|7|104|202402|9942|9942|0|0|
1000018716|7|101|202403|1100000|94100|0|0|
1000018716|7|104|202403|17563|17563|0|0|
1000018793|7|101|202404|618000|438090|0|0|
1000018793|7|104|202404|4958|4958|0|0|
1000018793|7|101|202405|359968|90064|0|0|
1000018793|7|104|202405|18585|18565|0|0|
1000018793|7|101|202409|1852|1852|0|0|
1000018793|7|105|202409|4296|4296|0|0|
1000018807|7|202|202106|364239|363636|0|0|
1000018807|7|104|202107|29940|29940|0|0|
1000018807|7|101|202108|88158|88158|0|0|
1000018807|7|101|202503|28780|1726|0|0|
1000018888|7|101|202603|31827445|31795576|0|0|
1000018978|7|101|202410|80000|2675|0|0|
1000018990|7|101|202112|11249|5077|0|0|
1000018990|7|101|202202|8000|8000|0|0|
1000019023|7|101|202203|1096397|1096397|0|0|
1000019023|7|202|202203|1235181|1235181|0|0|
1000019032|7|202|202109|355124|355124|0|0|
1000019032|7|101|202111|247830|246183|0|0|
1000019032|7|104|202111|17910|17910|0|0|
1000019037|7|101|202509|269754|269754|0|0|
1000019037|7|104|202509|19712|19712|0|0|
1000019037|7|101|202510|1148834|1140512|0|0|
1000019037|7|104|202510|8973|8973|0|0|
1000019050|7|101|202311|39351|0|20260219|1|
1000019057|7|101|202402|570000|570000|0|0|
1000019057|7|101|202403|426872|426872|0|0|
1000019057|7|101|202404|100000|100000|0|0|
1000019126|7|101|202209|47990|47990|0|0|
1000019134|7|101|202506|13345|1|0|0|
1000019151|7|101|202503|1100978|1100978|20260116|12|
1000019151|7|101|202504|333333|333333|20260116|99|
1000019151|7|101|202505|900000|900000|20260119|12|
1000019169|7|101|202302|67559|67559|0|0|
1000019184|7|101|202401|701617|219617|0|0|
1000019184|7|104|202401|30300|30268|0|0|
1000019184|7|101|202402|197700|24621|0|0|
1000019184|7|104|202402|18333|18333|0|0|
1000019185|7|104|202501|7354|7354|0|0|
1000019185|7|101|202502|883806|302784|0|0|
1000019185|7|101|202503|200000|10000|0|0|
1000019185|7|101|202507|128000|80500|0|0|
1000019185|7|101|202509|57441|57441|0|0|
1000019209|7|105|202405|5866|5866|20260330|4|
1000019212|7|202|202203|221144|220771|0|0|
1000019212|7|101|202204|30296|28204|0|0|
1000019212|7|101|202205|1694|1694|0|0|
1000019212|7|101|202206|50491|50491|0|0|
1000019225|7|101|202509|149236|26800|0|0|
1000019225|7|104|202509|2407|2407|0|0|
1000019241|7|101|202208|745000|100002|0|0|
1000019241|7|104|202208|72653|70122|20251128|16|
1000019241|7|101|202209|1718250|281029|0|0|
1000019241|7|201|202209|190986|190986|0|0|
1000019241|7|101|202210|468395|468395|0|0|
1000019241|7|201|202210|23528|23528|0|0|
1000019241|7|101|202211|241254|241254|0|0|
1000019241|7|202|202211|1537225|1531807|0|0|
1000019241|7|101|202212|46955|46955|0|0|
1000019269|7|101|202309|253940|52700|0|0|
1000019269|7|101|202310|104100|34700|0|0|
1000019269|7|104|202312|16295|0|20250702|1|
1000019269|7|104|202401|49966|49966|0|0|
1000019269|7|101|202402|71023|66023|0|0|
1000019269|7|101|202502|80000|8000|0|0|
1000019269|7|101|202505|69033|68040|0|0|
1000019281|7|101|202508|129800|17017|0|0|
1000019285|7|101|202303|123865|101665|0|0|
1000019285|7|101|202306|250565|219347|0|0|
1000019292|7|101|202409|691000|133045|0|0|
1000019292|7|104|202412|9662|8623|0|0|
1000019318|7|101|202602|320925|320925|0|0|
1000019323|7|202|202306|546952|546952|0|0|
1000019323|7|101|202309|300338|300338|20251128|16|
1000019334|7|101|202504|630000|630000|0|0|
1000019334|7|101|202505|517909|517909|0|0|
1000019334|7|104|202505|5525|5525|0|0|
1000019363|7|104|202512|19999|19999|0|0|
1000019363|7|101|202601|586660|586660|0|0|
1000019384|7|104|202512|3999|3999|0|0|
1000019386|7|101|202210|700000|70000|0|0|
1000019386|7|101|202211|6669472|20|0|0|
1000019386|7|104|202211|17003|17003|20251128|16|
1000019386|7|101|202212|943050|2|0|0|
1000019386|7|202|202301|1054615|1054615|0|0|
1000019395|7|101|202511|535505|535505|20260305|3|
1000019395|7|104|202511|28712|28712|0|0|
1000019395|7|101|202601|6600|6600|0|0|
1000019407|7|101|202504|683826|413826|20260123|12|
1000019407|7|104|202505|39440|39440|20260123|12|
1000019408|7|101|202209|416776|136778|0|0|
1000019408|7|104|202209|4786|4786|0|0|
1000019408|7|202|202210|283400|283400|0|0|
1000019413|7|104|202409|4241|4241|0|0|
1000019413|7|104|202410|4210|4210|0|0|
1000019413|7|101|202411|652815|122712|0|0|
1000019413|7|104|202411|1750|1750|0|0|
1000019413|7|101|202412|600000|90000|0|0|
1000019413|7|101|202501|141269|2|0|0|
1000019417|7|101|202401|170000|170000|20250602|12|
1000019417|7|101|202402|204000|204000|20250602|12|
1000019419|7|101|202209|26000|24192|0|0|
1000019419|7|101|202210|3167|3167|0|0|
1000019428|7|101|202305|403939|403939|0|0|
1000019428|7|104|202305|2992|2992|0|0|
1000019428|7|101|202306|1249938|379941|0|0|
1000019428|7|104|202306|2934|2934|0|0|
1000019428|7|101|202307|152770|2772|0|0|
1000019428|7|202|202307|734376|734376|0|0|
1000019445|7|104|202601|16907|16907|0|0|
1000019450|7|104|202412|1191|1191|0|0|
1000019450|7|101|202502|8735|8735|0|0|
1000019455|7|101|202408|90000|90000|20250602|12|
1000019455|7|104|202408|9971|9971|20250602|12|
1000019457|7|101|202208|150000|13582|0|0|
1000019457|7|104|202210|12184|12184|0|0|
1000019457|7|101|202304|85000|2|0|0|
1000019466|7|104|202204|1036|1036|0|0|
1000019466|7|101|202206|330000|32428|20251128|16|
1000019494|7|101|202305|90000|9000|0|0|
1000019494|7|104|202305|3491|3491|0|0|
1000019519|7|101|202410|232120|6577|0|0|
1000019536|7|101|202209|293711|293711|0|0|
1000019536|7|104|202209|688|688|0|0|
1000019536|7|101|202301|241853|241853|20251128|16|
1000019565|7|104|202203|2679|2679|0|0|
1000019565|7|101|202204|164000|164000|0|0|
1000019565|7|104|202204|8920|8920|0|0|
1000019565|7|101|202205|205000|20500|0|0|
1000019565|7|101|202206|12500|12500|0|0|
1000019597|7|101|202302|334500|64649|20251128|16|
1000019597|7|101|202305|30838|30838|20251128|16|
1000019597|7|101|202306|299715|298638|20251128|16|
1000019605|7|101|202511|280000|274543|0|0|
1000019606|7|101|202303|280000|36659|0|0|
1000019606|7|104|202303|9927|9927|0|0|
1000019606|7|104|202304|1782|1782|0|0|
1000019606|7|101|202312|650000|2|0|0|
1000019659|7|101|202603|19500|19500|0|0|
1000019662|7|104|202403|5419|5419|0|0|
1000019676|7|101|202512|297000|29700|0|0|
1000019685|7|101|202512|300000|30000|0|0|
1000019685|7|101|202601|219000|39000|0|0|
1000019690|7|101|202301|4107111|104498|0|0|
1000019690|7|104|202302|28258|28258|0|0|
1000019690|7|104|202306|313|313|0|0|
1000019696|7|101|202504|450000|152500|0|0|
1000019696|7|101|202505|187350|187350|0|0|
1000019699|7|101|202312|260000|119492|0|0|
1000019699|7|101|202403|500000|65564|0|0|
1000019699|7|101|202404|100000|15000|0|0|
1000019699|7|101|202406|7689|905|0|0|
1000019710|7|101|202211|10103|10103|20251128|16|
1000019710|7|202|202211|64896|64896|0|0|
1000019710|7|101|202504|660|469|0|0|
1000019712|7|101|202409|30000|30000|20250912|12|
1000019712|7|101|202410|45000|45000|20250912|12|
1000019723|7|104|202212|42424|42424|0|0|
1000019723|7|101|202301|49950|49950|0|0|
1000019723|7|104|202301|6535|6535|0|0|
1000019723|7|101|202302|848760|161827|20251128|16|
1000019723|7|201|202304|194843|194843|0|0|
1000019723|7|101|202306|84386|2|0|0|
1000019730|7|104|202409|61370|61370|0|0|
1000019793|7|104|202303|28971|28971|0|0|
1000019793|7|101|202304|65603|65603|0|0|
1000019793|7|105|202308|15263|13196|0|0|
1000019793|7|101|202311|61364|43644|0|0|
1000019805|7|104|202511|20563|20563|0|0|
1000019805|7|101|202512|399000|128976|0|0|
1000019822|7|101|202308|120201|113305|0|0|
1000019822|7|104|202308|14585|5394|0|0|
1000019822|7|101|202309|145326|145326|0|0|
1000019823|7|101|202512|1320000|1320000|0|0|
1000019823|7|101|202601|4263000|4263000|0|0|
1000019823|7|104|202601|7293|7293|0|0|
1000019823|7|101|202603|70625|70625|0|0|
1000019901|7|202|202203|1432156|1427840|0|0|
1000019901|7|101|202204|303468|303468|0|0|
1000019901|7|104|202204|145221|144754|0|0|
1000019901|7|101|202205|531798|531796|0|0|
1000019901|7|104|202205|65049|65049|20251128|16|
1000019927|7|202|202109|448466|429454|0|0|
1000019927|7|101|202111|64500|56038|0|0|
1000019927|7|202|202111|77793|42450|0|0|
1000019927|7|101|202112|9200|2|0|0|
1000019927|7|202|202112|9276|9227|0|0|
1000019936|7|101|202112|65900|65899|0|0|
1000019936|7|104|202112|484|484|0|0|
1000019936|7|101|202201|35600|35600|0|0|
1000019936|7|101|202202|75000|75000|0|0|
1000019938|7|101|202509|97910|12806|0|0|
1000019938|7|101|202510|107401|2|0|0|
1000019952|7|101|202108|473000|23788|20260415|13|
1000019952|7|104|202108|17500|17297|20260509|13|
1000019952|7|101|202109|151034|150079|0|0|
1000019952|7|202|202110|15107|15107|0|0|
1000019999|7|105|202304|50398|50398|0|0|
1000019999|7|202|202304|928404|927917|0|0|
1000019999|7|105|202305|12464|12464|0|0|
1000020002|7|101|202501|366873|362554|0|0|
1000020002|7|101|202502|234903|234903|0|0|
1000020002|7|104|202502|129|129|0|0|
1000020002|7|101|202505|544082|186482|0|0|
1000020015|7|104|202206|50508|50508|20251128|16|
1000020015|7|101|202207|673816|415689|20251128|16|
1000020015|7|104|202207|70368|70002|0|0|
1000020015|7|101|202208|682300|682300|0|0|
1000020015|7|202|202208|257878|257878|0|0|
1000020015|7|101|202209|88694|88694|0|0|
1000020015|7|202|202209|176300|176300|0|0|
1000020015|7|101|202303|57878|57878|20251128|16|
1000020015|7|105|202310|4896|4896|0|0|
1000020055|7|101|202402|400000|16342|0|0|
1000020055|7|101|202403|500000|92085|0|0|
1000020055|7|202|202403|1227347|1227345|0|0|
1000020055|7|104|202404|9558|2|0|0|
1000020055|7|101|202405|45707|45707|0|0|
1000020055|7|105|202405|45837|45837|0|0|
1000020055|7|101|202406|96308|96308|0|0|
1000020055|7|101|202407|202787|197953|0|0|
1000020072|7|104|202501|104|104|0|0|
1000020072|7|105|202501|95853|95853|0|0|
1000020072|7|101|202502|85000|85000|0|0|
1000020074|7|101|202508|389967|65475|0|0|
1000020074|7|104|202508|70120|70120|0|0|
1000020074|7|101|202509|610236|178850|0|0|
1000020090|7|101|202203|100000|9598|0|0|
1000020090|7|104|202203|17409|6013|0|0|
1000020090|7|202|202203|819372|819372|0|0|
1000020090|7|101|202204|164130|164130|0|0|
1000020091|7|101|202502|256500|8397|0|0|
1000020091|7|104|202503|15521|15521|0|0|
1000020091|7|101|202504|3207|2|0|0|
1000020091|7|104|202504|151|151|0|0|
1000020091|7|101|202506|11335|11335|0|0|
1000020093|7|104|202403|23490|23490|0|0|
1000020093|7|101|202404|1459113|1459113|0|0|
1000020093|7|104|202404|1884|1884|0|0|
1000020103|7|101|202409|23931|19940|0|0|
1000020108|7|104|202602|1772|1772|0|0|
1000020111|7|101|202508|959596|47981|0|0|
1000020111|7|104|202508|3683|3683|0|0|
1000020111|7|101|202509|355200|13708|0|0|
1000020111|7|104|202509|2998|2998|0|0|
1000020126|7|101|202408|875000|243438|0|0|
1000020150|7|104|202508|7349|7349|0|0|
1000020150|7|101|202509|1694557|814557|0|0|
1000020150|7|104|202509|2000|2000|0|0|
1000020152|7|101|202407|661225|108206|0|0|
1000020166|7|101|202403|8400000|329478|0|0|
1000020166|7|101|202404|8585564|585570|0|0|
1000020166|7|104|202404|11538|11538|20260126|12|
1000020166|7|105|202408|62246|62246|0|0|
1000020168|7|101|202403|15100167|13537171|0|0|
1000020168|7|104|202403|67606|67606|0|0|
1000020168|7|104|202404|1122|1122|0|0|
1000020169|7|101|202512|8809912|8809912|0|0|
1000020169|7|101|202601|1400000|1400000|0|0|
1000020207|7|101|202410|400000|397531|0|0|
1000020233|7|202|202111|154802|153290|0|0|
1000020233|7|101|202112|47500|10000|0|0|
1000020233|7|104|202112|27317|24845|0|0|
1000020233|7|202|202112|336051|325119|0|0|
1000020233|7|101|202201|296462|278811|0|0|
1000020233|7|101|202202|25805|25805|0|0|
1000020233|7|205|202202|272350|268420|0|0|
1000020233|7|101|202206|37714|37714|0|0|
1000020247|7|101|202401|300000|14999|0|0|
1000020247|7|101|202402|1373185|878185|0|0|
1000020247|7|104|202402|184860|184834|0|0|
1000020247|7|104|202403|19717|19717|0|0|
1000020247|9|202|202404|2649042|2649042|0|0|
1000020249|7|101|202604|1162359|1162359|0|0|
1000020263|7|104|202312|1096126|1096118|0|0|
1000020263|7|101|202401|140000|140000|0|0|
1000020295|7|101|202406|2173079|2171627|0|0|
1000020295|7|104|202406|38093|38093|0|0|
1000020295|7|101|202407|22015092|21827489|0|0|
1000020295|7|104|202407|270486|270486|0|0|
1000020295|7|104|202408|80419|78672|0|0|
1000020295|7|101|202409|34842|34842|0|0|
1000020295|7|104|202508|7543|7543|0|0|
1000020305|7|101|202304|538869|95153|0|0|
1000020305|7|101|202306|5099726|530218|0|0|
1000020305|7|104|202307|18059|18059|0|0|
1000020306|7|202|202312|943535|801248|0|0|
1000020306|7|104|202401|168318|168318|0|0|
1000020306|7|101|202402|1205494|1175934|0|0|
1000020306|7|104|202402|51184|51184|0|0|
1000020306|7|201|202402|745194|734876|0|0|
1000020306|7|101|202403|522874|363959|0|0|
1000020306|7|201|202403|597177|319774|0|0|
1000020306|7|101|202404|172710|172710|0|0|
1000020335|7|101|202210|470000|470000|0|0|
1000020335|7|104|202210|349555|349554|20251128|16|
1000020335|7|101|202211|5830|5830|0|0|
1000020335|7|104|202212|163977|163977|0|0|
1000020335|7|202|202212|875829|875829|0|0|
1000020335|7|101|202301|266000|264341|0|0|
1000020335|7|101|202302|10000|9999|0|0|
1000020348|7|104|202307|41360|41336|0|0|
1000020348|7|101|202311|181600|181600|0|0|
1000020348|7|101|202409|31178|6565|0|0|
1000020352|7|101|202205|785000|356389|0|0|
1000020352|7|101|202207|3340000|192411|0|0|
1000020352|7|101|202208|606389|308763|0|0|
1000020377|7|101|202601|1839678|1839678|0|0|
1000020388|7|104|202308|19292|19292|0|0|
1000020388|7|101|202309|22440|2|0|0|
1000020388|7|104|202309|6410|6410|0|0|
1000020388|7|101|202310|67000|67000|0|0|
1000020388|7|104|202310|9968|9968|0|0|
1000020394|7|101|202212|218902|176387|20251128|16|
1000020394|7|104|202212|14437|13861|0|0|
1000020394|7|104|202301|5646|5646|0|0|
1000020394|7|202|202302|716418|716418|0|0|
1000020445|7|101|202502|2485000|220000|20260311|7|
1000020445|7|104|202502|55745|55745|0|0|
1000020445|7|101|202503|1066620|105002|0|0|
1000020445|7|101|202504|450000|45000|0|0|
1000020445|7|101|202506|254252|254252|0|0|
1000020445|7|101|202507|60000|34073|0|0|
1000020469|7|101|202211|150000|25200|0|0|
1000020469|7|101|202212|326237|326237|0|0|
1000020469|7|104|202212|152|152|0|0|
1000020469|7|101|202303|84600|77826|0|0|
1000020470|7|101|202503|46561|46561|0|0|
1000020470|7|104|202503|123566|122320|0|0|
1000020480|7|104|202602|4941|4889|0|0|
1000020480|7|104|202603|1972|1972|0|0|
1000020484|7|101|202511|191435|1235|0|0|
1000020484|7|101|202512|133910|133910|0|0|
1000020500|7|101|202510|104133|104133|0|0|
1000020500|7|104|202510|1351|950|0|0|
1000020500|7|101|202512|99999|99999|0|0|
1000020507|7|101|202407|500000|500000|20250701|12|
1000020518|7|101|202202|362000|362000|0|0|
1000020518|7|104|202202|13615|13610|0|0|
1000020518|7|101|202203|2676983|1991983|0|0|
1000020518|7|104|202203|1070|1070|0|0|
1000020518|7|101|202204|280000|280000|0|0|
1000020518|7|202|202204|2274767|2274767|0|0|
1000020551|7|101|202310|406572|64894|0|0|
1000020551|7|101|202311|785000|210354|0|0|
1000020551|7|104|202311|810|809|0|0|
1000020551|7|101|202312|529798|529798|0|0|
1000020551|7|104|202312|4769|4769|0|0|
1000020551|7|101|202401|70968|70968|0|0|
1000020551|7|105|202407|330|330|0|0|
1000020554|7|104|202603|5866|5866|0|0|
1000020565|7|101|202111|1000000|100000|0|0|
1000020565|7|101|202202|207000|52493|0|0|
1000020565|7|101|202307|672210|95771|0|0|
1000020589|7|104|202109|32031|32023|0|0|
1000020589|7|202|202109|754552|754552|0|0|
1000020589|7|202|202110|730413|730413|0|0|
1000020590|7|101|202211|20550|2|0|0|
1000020598|7|101|202507|830000|337000|0|0|
1000020598|7|104|202507|86288|86288|0|0|
1000020598|7|105|202507|833|833|0|0|
1000020598|7|101|202508|204280|24280|0|0|
1000020598|7|201|202509|54558|54558|0|0|
1000020598|7|201|202512|20000|20000|0|0|
1000020612|7|101|202507|90000|2|0|0|
1000020612|7|104|202508|3105|3105|0|0|
1000020631|7|202|202210|839149|837255|0|0|
1000020631|7|101|202211|180830|180830|0|0|
1000020631|7|104|202212|89573|86435|0|0|
1000020631|7|101|202301|258213|251349|0|0|
1000020635|7|101|202304|535470|375165|20251128|16|
1000020635|7|104|202304|19638|19638|20251128|16|
1000020635|7|101|202305|899636|278365|0|0|
1000020635|7|104|202305|187082|173015|0|0|
1000020635|7|202|202305|625422|623647|0|0|
1000020635|7|101|202306|149842|148312|0|0|
1000020635|7|101|202307|220000|220000|0|0|
1000020635|7|101|202309|84228|84228|20251128|16|
1000020642|7|101|202402|22748|22748|0|0|
1000020642|7|104|202402|1367|1367|0|0|
1000020642|7|101|202403|510123|510123|0|0|
1000020653|7|104|202310|94276|76834|0|0|
1000020653|7|101|202403|445000|445000|0|0|
1000020663|7|101|202111|631750|73238|0|0|
1000020663|7|101|202203|1376|1226|0|0|
1000020663|7|104|202205|3561|3561|0|0|
1000020663|7|101|202206|124500|36271|0|0|
1000020663|7|202|202206|153676|153676|0|0|
1000020663|7|101|202210|2989|2989|0|0|
1000020672|7|101|202508|1872315|423315|20260416|12|
1000020672|7|101|202509|1191950|1153423|20260416|12|
1000020672|7|204|202511|66233|66233|20260415|12|
1000020672|7|101|202512|1342500|107492|20260415|12|
1000020672|7|104|202512|19661|19661|20260416|12|
1000020672|7|204|202512|105127|105127|20260415|12|
1000020675|7|101|202309|744200|70085|0|0|
1000020675|7|101|202312|8000|8000|0|0|
1000020675|7|101|202401|14700|14700|0|0|
1000020692|7|101|202408|160500|28729|0|0|
1000020692|7|101|202410|285000|32750|0|0|
1000020692|7|104|202411|1809|1809|0|0|
1000020694|7|101|202412|285741|276616|0|0|
1000020694|7|101|202501|24756|24756|0|0|
1000020694|7|101|202506|8917|8917|0|0|
1000020701|7|104|202106|39936|19968|0|0|
1000020701|7|202|202106|364655|363979|0|0|
1000020701|7|101|202107|72020|34460|0|0|
1000020701|7|104|202107|32156|32135|0|0|
1000020701|7|101|202108|230000|29952|0|0|
1000020724|7|101|202508|119959|119959|0|0|
1000020724|7|104|202508|27763|27763|0|0|
1000020724|7|101|202511|18035|18035|0|0|
1000020735|7|105|202109|18830|18830|0|0|
1000020735|7|202|202109|1103272|1060013|0|0|
1000020741|7|101|202310|131585|41497|0|0|
1000020741|7|202|202311|750265|750265|0|0|
1000020741|7|101|202312|321850|289265|0|0|
1000020755|7|101|202502|240000|13239|0|0|
1000020755|7|104|202502|2540|2540|0|0|
1000020755|7|101|202503|100000|96200|0|0|
1000020756|7|101|202603|600000|600000|0|0|
1000020774|7|104|202111|9765|9750|0|0|
1000020774|7|104|202112|19098|19098|0|0|
1000020774|7|101|202201|235000|230073|0|0|
1000020774|7|202|202202|369369|369369|0|0|
1000020778|7|101|202303|310400|185848|0|0|
1000020778|7|101|202304|510150|159330|0|0|
1000020778|7|104|202304|11886|11886|0|0|
1000020778|7|101|202305|14930|4445|0|0|
1000020778|7|101|202306|26343|26343|0|0|
1000020785|7|101|202512|450000|67500|0|0|
1000020785|7|101|202602|120000|120000|0|0|
1000020792|7|101|202404|1110000|234490|0|0|
1000020792|7|101|202405|180000|2|0|0|
1000020794|7|104|202403|29491|29491|0|0|
1000020794|7|104|202406|7418|7418|0|0|
1000020803|7|104|202203|1985|1985|0|0|
1000020803|7|101|202205|182182|182182|0|0|
1000020825|7|101|202309|562376|79211|0|0|
1000020825|7|101|202312|346000|346000|0|0|
1000020825|7|202|202312|886051|590893|0|0|
1000020825|7|101|202401|200000|30000|0|0|
1000020828|7|104|202312|115379|85120|20250811|7|
1000020828|7|101|202401|220000|11000|0|0|
1000020828|7|101|202402|630000|63000|0|0|
1000020828|7|101|202404|261405|260882|0|0|
1000020845|7|101|202401|2160665|2160665|20250519|12|
1000020845|7|201|202401|1705560|1705560|20250521|12|
1000020845|7|101|202402|1973701|1973701|20250519|12|
1000020845|7|201|202402|2541723|2541723|20250521|12|
1000020845|7|101|202403|833960|833960|20250519|12|
1000020846|7|104|202305|4608|4608|0|0|
1000020846|7|101|202306|464274|178922|0|0|
1000020846|7|104|202306|31868|31868|0|0|
1000020846|7|101|202307|667000|227852|0|0|
1000020846|7|202|202308|429409|428210|0|0|
1000020846|7|205|202309|91889|91889|0|0|
1000020861|7|101|202411|19306|19006|0|0|
1000020864|7|104|202310|241288|239402|0|0|
1000020864|7|101|202311|220000|26241|0|0|
1000020864|7|104|202311|51709|50431|0|0|
1000020864|7|101|202402|550000|12521|0|0|
1000020864|7|101|202403|445000|445000|0|0|
1000020864|7|101|202404|55764|55764|0|0|
1000020864|7|101|202409|42478|42478|0|0|
1000020880|7|101|202509|10420|242|0|0|
1000020912|7|101|202107|20000|20000|0|0|
1000020912|7|104|202107|34795|26763|20260430|1|
1000020912|7|202|202107|472087|471761|0|0|
1000020912|7|101|202108|2333|116|0|0|
1000020912|7|104|202108|21111|17111|0|0|
1000020912|7|101|202109|300000|300000|0|0|
1000020912|7|202|202109|680927|678077|0|0|
1000020912|7|202|202110|4257|3733|0|0|
1000020916|7|104|202212|70319|70319|20251128|16|
1000020916|7|101|202302|38000|38000|0|0|
1000020916|7|202|202305|454092|263282|0|0|
1000020925|7|101|202202|2395000|1555563|0|0|
1000020925|7|104|202202|67245|67245|0|0|
1000020925|7|101|202203|299077|14954|0|0|
1000020925|7|104|202203|1896|1896|0|0|
1000020925|7|101|202204|395000|44250|0|0|
1000020925|7|202|202205|846600|846600|0|0|
1000020934|7|101|202505|262048|262048|0|0|
1000020934|7|101|202506|43510|43510|0|0|
1000020934|7|104|202506|49713|49713|0|0|
1000020934|7|105|202508|6743|6743|0|0|
1000020998|7|104|202601|10696|10694|0|0|
1000020998|7|101|202602|70000|2|0|0|
1000021003|7|202|202206|847426|840660|0|0|
1000021003|7|101|202208|603220|78311|0|0|
1000021003|7|202|202209|401463|401463|0|0|
1000021003|7|101|202210|86734|85692|0|0|
1000021003|7|101|202211|16079|16079|0|0|
1000021003|7|101|202212|48028|46009|0|0|
1000021012|7|101|202401|78591|78591|0|0|
1000021012|7|101|202402|168968|162729|0|0|
1000021012|7|101|202404|110900|110900|0|0|
1000021077|7|101|202201|378503|234436|0|0|
1000021077|7|101|202203|186614|135858|0|0|
1000021077|7|104|202204|8696|8696|0|0|
1000021077|7|101|202206|2862|2862|0|0|
1000021083|7|104|202407|14709|0|20250919|7|
1000021083|7|101|202408|343705|71187|0|0|
1000021083|7|105|202411|50000|50000|0|0|
1000021083|7|101|202412|149664|149664|0|0|
1000021083|7|105|202501|5611|5611|0|0|
1000021083|7|101|202507|22047|22047|0|0|
1000021110|7|105|202502|43935|43935|0|0|
1000021110|7|101|202503|317360|28910|0|0|
1000021110|7|105|202503|39960|39960|0|0|
1000021110|7|105|202504|50000|50000|0|0|
1000021119|7|101|202503|3000000|3000000|0|0|
1000021141|7|101|202201|158170|158170|0|0|
1000021141|7|104|202201|29603|29603|0|0|
1000021141|7|101|202202|15000|15000|0|0|
1000021143|7|104|202309|49365|49365|0|0|
1000021143|7|101|202310|648000|77828|0|0|
1000021143|7|104|202310|14375|14014|0|0|
1000021143|7|101|202403|33020|4127|0|0|
1000021145|7|101|202110|1295000|1246750|0|0|
1000021145|7|101|202111|118000|118000|0|0|
1000021145|7|104|202111|22351|22351|0|0|
1000021148|7|101|202411|4067|4067|0|0|
1000021148|7|101|202501|63000|8594|0|0|
1000021148|7|204|202501|72421|72421|0|0|
1000021148|7|204|202502|319111|319111|0|0|
1000021148|7|101|202503|145000|29000|0|0|
1000021162|7|101|202511|691623|131945|0|0|
1000021162|7|201|202511|1340259|1340259|0|0|
1000021162|7|101|202512|6994|6994|0|0|
1000021170|7|202|202408|64692|64679|0|0|
1000021170|7|101|202411|9626|9626|0|0|
1000021170|7|104|202411|2150|2150|0|0|
1000021177|7|101|202504|413906|413906|20260427|12|
1000021177|7|201|202504|14800|14800|0|0|
1000021177|7|101|202505|556368|556368|20260423|12|
1000021177|7|201|202505|140712|140712|0|0|
1000021178|7|202|202408|248160|248010|0|0|
1000021178|7|101|202411|39839|39839|0|0|
1000021184|7|101|202501|400000|31788|0|0|
1000021203|7|101|202308|169830|24410|0|0|
1000021203|7|101|202309|470000|113000|0|0|
1000021203|7|104|202309|19180|19180|0|0|
1000021203|7|101|202310|343359|43360|0|0|
1000021203|7|104|202310|1568|1568|0|0|
1000021203|7|202|202310|622885|622885|0|0|
1000021203|7|101|202311|1050|948|0|0|
1000021247|7|101|202507|440000|77416|0|0|
1000021247|7|104|202507|28792|28589|0|0|
1000021247|7|101|202508|540000|84047|0|0|
1000021247|7|104|202508|680|566|0|0|
1000021247|7|101|202512|4983|4983|0|0|
1000021247|7|101|202602|75000|75000|0|0|
1000021250|7|101|202309|400000|50000|0|0|
1000021250|7|104|202309|28843|28842|0|0|
1000021250|7|101|202310|400000|56868|0|0|
1000021250|7|104|202310|6564|1314|0|0|
1000021250|7|101|202401|72000|66698|0|0|
1000021250|7|202|202402|364760|364760|0|0|
1000021266|7|101|202412|237650|237650|0|0|
1000021266|7|101|202501|40680|40680|0|0|
1000021266|7|101|202502|211000|211000|0|0|
1000021266|7|101|202503|161598|161598|0|0|
1000021307|7|101|202412|39064|13501|0|0|
1000021315|7|101|202306|500000|65109|0|0|
1000021315|7|202|202306|601158|597491|0|0|
1000021315|7|101|202308|456000|57544|0|0|
1000021315|7|202|202308|573170|566443|0|0|
1000021315|7|101|202309|59089|59089|0|0|
1000021321|7|101|202208|571420|34080|0|0|
1000021321|7|104|202210|5258|5258|0|0|
1000021321|7|101|202212|97461|97461|0|0|
1000021329|7|101|202401|801000|801000|0|0|
1000021339|7|101|202411|345945|339657|0|0|
1000021339|7|101|202502|138493|138493|0|0|
1000021341|7|101|202512|208000|31127|0|0|
1000021341|7|104|202512|13824|13824|0|0|
1000021341|7|101|202601|6666|6666|0|0|
1000021361|7|101|202207|1000000|1|0|0|
1000021361|7|101|202208|960000|144000|0|0|
1000021361|7|101|202209|661651|376598|0|0|
1000021361|7|101|202210|200000|23325|0|0|
1000021361|7|105|202402|14334|14334|0|0|
1000021362|7|101|202503|35353|33876|0|0|
1000021362|7|101|202505|1050000|105000|0|0|
1000021367|7|202|202206|1355310|1355310|0|0|
1000021367|7|104|202207|3913|3913|0|0|
1000021367|7|201|202207|16818|16818|0|0|
1000021367|7|101|202208|224002|224002|0|0|
1000021367|7|201|202208|126877|126877|0|0|
1000021367|7|101|202209|87683|84262|0|0|
1000021367|7|201|202209|12051|12051|0|0|
1000021367|7|104|202301|10046|10046|0|0|
1000021367|7|101|202604|364731|364731|0|0|
1000021393|7|104|202310|101060|100749|0|0|
1000021432|7|101|202403|900000|134890|0|0|
1000021432|7|201|202403|126954|126910|20250915|99|
1000021432|7|101|202404|1125000|131250|20250916|99|
1000021432|7|104|202404|74083|74083|20250926|12|
1000021432|7|201|202404|573884|329886|20250915|99|
1000021432|7|104|202405|9976|7903|20250918|12|
1000021432|7|201|202405|334755|334755|20250917|12|
1000021432|7|201|202406|59656|59656|0|0|
1000021432|7|201|202407|117512|117512|20250917|12|
1000021432|7|201|202408|56812|56812|0|0|
1000021451|7|105|202312|7356|7356|0|0|
1000021451|7|101|202401|97526|21528|0|0|
1000021451|7|104|202401|4785|4785|0|0|
1000021451|7|101|202408|123|123|0|0|
1000021461|7|101|202505|1129800|112980|0|0|
1000021461|7|101|202506|324944|30435|0|0|
1000021461|7|104|202506|237|237|0|0|
1000021461|7|104|202507|6699|6699|0|0|
1000021469|7|101|202603|1027317|382472|0|0|
1000021469|7|104|202603|8990|8990|0|0|
1000021469|7|101|202604|597294|597294|0|0|
1000021472|7|104|202412|17668|17668|0|0|
1000021472|7|101|202501|319538|68681|0|0|
1000021472|7|104|202501|4912|4912|0|0|
1000021472|7|101|202503|169570|169299|0|0|
1000021472|7|105|202508|63844|63844|0|0|
1000021507|7|104|202505|61454|61454|0|0|
1000021507|7|101|202509|147000|147000|0|0|
1000021507|7|101|202510|160000|5178|0|0|
1000021507|7|104|202512|740|740|0|0|
1000021520|7|101|202503|1238000|163304|20251217|1|
1000021520|7|104|202503|9081|9081|0|0|
1000021520|7|101|202504|14400|0|20251217|1|
1000021520|7|101|202506|100351|100351|0|0|
1000021522|7|101|202309|430500|1821|0|0|
1000021522|7|101|202310|300000|2|0|0|
1000021526|7|101|202409|1563000|209745|20250626|16|
1000021526|7|104|202409|19810|19470|0|0|
1000021526|7|101|202410|1205000|1202416|20250626|16|
1000021526|7|105|202410|71315|71315|0|0|
1000021526|7|105|202503|25142|25142|0|0|
1000021545|7|101|202410|881869|866737|0|0|
1000021545|7|104|202410|2036|2020|0|0|
1000021545|7|104|202411|1742|1742|0|0|
1000021545|7|101|202412|35983|35983|0|0|
1000021545|7|101|202503|74000|74000|0|0|
1000021545|7|106|202503|7860|7860|0|0|
1000021545|7|105|202511|2517|2411|0|0|
1000021555|7|101|202307|23951|23951|20260403|12|
1000021555|7|101|202309|126564|126564|20260403|12|
1000021555|7|104|202309|8657|8657|20260403|12|
1000021555|7|101|202310|16136|16136|20260403|12|
1000021555|7|101|202501|20788|20788|20260403|12|
1000021572|7|101|202504|206000|206000|0|0|
1000021572|7|104|202504|2773|2773|0|0|
1000021572|7|101|202505|538269|470269|0|0|
1000021572|7|104|202505|5630|5630|0|0|
1000021575|7|101|202410|68821|68821|0|0|
1000021575|7|101|202411|70500|70500|0|0|
1000021639|7|101|202410|5504|5504|0|0|
1000021639|7|104|202410|19975|19975|0|0|
1000021639|7|101|202411|710000|318976|0|0|
1000021639|7|101|202412|500000|491018|0|0|
1000021639|7|101|202501|270000|203600|0|0|
1000021668|7|101|202503|66201|53010|0|0|
1000021674|7|101|202405|81410|81410|0|0|
1000021674|7|202|202405|216611|190152|0|0|
1000021674|7|101|202408|36900|36900|0|0|
1000021674|7|101|202409|37206|37206|0|0|
1000021686|7|101|202309|29692|4454|0|0|
1000021686|7|101|202310|519076|83930|0|0|
1000021686|7|101|202311|29437|28937|0|0|
1000021686|7|202|202311|499636|482410|0|0|
1000021686|7|101|202312|444500|180501|0|0|
1000021686|7|104|202312|6287|6287|20250520|3|
1000021686|7|101|202402|59310|56995|0|0|
1000021686|7|202|202402|636938|553791|0|0|
1000021711|7|101|202109|610000|45821|0|0|
1000021711|7|104|202109|4979|4979|0|0|
1000021711|7|202|202111|18305|16399|0|0|
1000021716|7|101|202211|800000|95742|0|0|
1000021716|7|101|202212|1268923|247104|0|0|
1000021716|7|101|202301|200000|24094|0|0|
1000021716|7|104|202303|2063|2063|0|0|
1000021745|7|104|202506|50982|50982|0|0|
1000021745|7|101|202507|139800|139800|0|0|
1000021745|7|104|202507|19998|19998|0|0|
1000021745|7|101|202508|1224434|153950|0|0|
1000021745|7|105|202509|11871|11871|0|0|
1000021755|7|101|202306|51862|51862|0|0|
1000021755|7|101|202307|496270|102423|0|0|
1000021755|7|104|202307|2836|2836|0|0|
1000021755|7|101|202308|68000|68000|0|0|
1000021756|7|101|202201|39000|5128|20251128|16|
1000021756|7|105|202311|12869|2040|0|0|
1000021800|7|101|202412|200000|2|0|0|
1000021811|7|101|202306|372178|147908|0|0|
1000021811|7|104|202306|81846|81846|0|0|
1000021811|7|101|202307|950787|395274|0|0|
1000021811|7|104|202307|6019|5875|0|0|
1000021811|7|101|202308|473218|294494|0|0|
1000021811|7|104|202308|9508|9508|0|0|
1000021811|7|202|202308|978694|978497|0|0|
1000021812|7|101|202411|332000|35277|0|0|
1000021812|7|101|202412|88800|88800|0|0|
1000021825|7|101|202406|332631|125734|0|0|
1000021825|7|101|202412|599280|162032|0|0|
1000021865|7|101|202408|154200|37495|0|0|
1000021865|7|101|202409|45945|45945|0|0|
1000021871|7|101|202309|50400|1757|0|0|
1000021871|7|202|202309|399206|399129|0|0|
1000021871|7|101|202310|161927|61928|0|0|
1000021871|7|101|202312|61505|61505|0|0|
1000021871|7|101|202401|135047|134994|0|0|
1000021884|7|101|202509|296000|76512|0|0|
1000021884|7|104|202509|37129|37129|0|0|
1000021884|7|101|202512|140374|140374|0|0|
1000021887|7|101|202203|836000|105744|0|0|
1000021887|7|202|202203|1118731|1118092|0|0|
1000021887|7|101|202205|365847|65309|0|0|
1000021887|7|101|202206|16500|16500|0|0|
1000021887|7|101|202402|86753|25609|0|0|
1000021894|7|101|202401|400000|92735|0|0|
1000021894|7|104|202401|13608|13156|0|0|
1000021894|7|101|202402|825000|85137|20250715|99|
1000021894|7|202|202402|373619|372191|0|0|
1000021894|7|101|202406|47985|47985|0|0|
1000021898|7|101|202410|578860|71663|0|0|
1000021898|7|101|202411|200000|9987|0|0|
1000021899|7|104|202302|359|359|0|0|
1000021900|7|104|202401|4435|4435|0|0|
1000021918|7|101|202510|240000|35098|0|0|
1000021928|7|104|202508|5747|5747|0|0|
1000021928|7|101|202509|3322000|475913|0|0|
1000021928|7|101|202602|27449|27449|0|0|
1000021929|7|101|202303|1795000|751430|0|0|
1000021929|7|101|202304|426071|127714|0|0|
1000021929|7|202|202306|306254|305413|0|0|
1000021936|7|202|202112|941554|625345|0|0|
1000021936|7|101|202202|73572|72881|0|0|
1000021936|7|202|202202|657168|426382|0|0|
1000021938|7|104|202308|87202|87202|0|0|
1000021938|7|101|202311|600000|74797|0|0|
1000021938|7|101|202403|298500|29850|0|0|
1000021938|7|105|202501|52309|52309|0|0|
1000021952|7|101|202209|38475|38475|0|0|
1000021955|7|101|202301|187000|187000|20251128|16|
1000021977|7|101|202506|596000|190425|0|0|
1000021997|7|101|202308|469097|94298|0|0|
1000021997|7|101|202310|255000|43138|0|0|
1000021997|7|101|202311|41422|0|20251215|1|
1000021997|7|101|202312|310000|38500|0|0|
1000021997|7|101|202406|180000|76853|0|0|
1000022035|7|104|202506|13321|13321|0|0|
1000022035|7|104|202507|1242|1242|0|0|
1000022049|7|202|202111|171244|168466|0|0|
1000022049|7|202|202203|99137|98648|0|0|
1000022049|7|101|202206|18900|18900|0|0|
1000022059|7|101|202401|500000|60605|0|0|
1000022059|7|101|202402|19760|2|0|0|
1000022059|7|101|202403|62740|6847|0|0|
1000022059|7|104|202403|4977|4977|0|0|
1000022059|7|202|202404|207214|206903|0|0|
1000022059|7|101|202406|164000|8200|0|0|
1000022086|7|104|202405|48105|48105|20250904|12|
1000022086|7|101|202406|3576171|2686173|20250924|12|
1000022089|7|101|202512|1000000|150000|0|0|
1000022091|7|105|202502|80357|80357|0|0|
1000022091|7|105|202504|6612|6612|0|0|
1000022110|7|101|202209|540000|129516|0|0|
1000022110|7|104|202209|23582|23582|0|0|
1000022110|7|101|202210|94180|38780|0|0|
1000022110|7|101|202601|179147|179147|0|0|
1000022138|7|101|202503|999503|574334|0|0|
1000022143|7|101|202405|84623|84623|0|0|
1000022143|7|101|202406|98900|98375|0|0|
1000022159|7|101|202403|255000|45931|0|0|
1000022159|7|104|202403|1809|1795|0|0|
1000022159|7|101|202404|39729|39729|0|0|
1000022161|7|101|202602|50000|2|0|0|
1000022161|7|104|202602|5981|5981|0|0|
1000022186|7|101|202410|360000|68223|0|0|
1000022186|7|101|202501|34142|34142|0|0|
1000022186|7|101|202502|15487|15487|0|0|
1000022188|7|101|202307|21181|2|0|0|
1000022188|7|104|202307|31399|31399|0|0|
1000022188|7|101|202308|35004|35004|0|0|
1000022188|7|101|202310|1492|1492|0|0|
1000022200|7|101|202503|90000|4500|0|0|
1000022201|7|101|202603|30000|2|0|0|
1000022223|7|101|202510|2101103|2101103|0|0|
1000022223|7|101|202511|1133279|280905|0|0|
1000022240|7|104|202311|2413|2413|0|0|
1000022240|7|101|202312|89000|89000|0|0|
1000022240|7|101|202401|15800|2074|0|0|
1000022240|7|104|202401|543|543|0|0|
1000022240|7|105|202403|5463|5463|0|0|
1000022248|7|104|202511|4445|4445|0|0|
1000022266|7|202|202208|786844|786844|0|0|
1000022266|7|101|202210|201080|198550|0|0|
1000022266|7|104|202210|25606|25606|0|0|
1000022266|7|101|202211|115904|115904|0|0|
1000022274|7|101|202508|27100|14558|0|0|
1000022290|7|101|202312|235000|235000|0|0|
1000022290|7|104|202401|70|70|0|0|
1000022290|7|101|202402|197986|192022|0|0|
1000022290|7|101|202405|25844|0|20250523|1|
1000022293|7|101|202502|372848|322850|0|0|
1000022293|7|104|202502|29000|28951|0|0|
1000022293|7|101|202503|100113|100002|0|0|
1000022293|7|104|202506|28915|28915|0|0|
1000022313|7|101|202603|2047630|2047630|0|0|
1000022313|7|104|202603|12575|12510|0|0|
1000022313|7|101|202604|557708|557708|0|0|
1000022337|7|101|202110|147106|47105|0|0|
1000022337|7|101|202201|45814|45814|0|0|
1000022337|7|101|202202|3900|3900|0|0|
1000022337|7|101|202203|88254|27314|0|0|
1000022340|7|104|202512|6848|6848|0|0|
1000022341|7|101|202510|693000|91987|0|0|
1000022341|7|101|202511|1000|1000|0|0|
1000022341|7|104|202511|3716|2347|0|0|
1000022345|7|101|202408|461500|38784|0|0|
1000022345|7|101|202409|300000|45000|0|0|
1000022345|7|101|202410|65433|56135|0|0|
1000022345|7|202|202410|817696|817104|0|0|
1000022345|7|101|202411|8644|8644|0|0|
1000022350|7|101|202305|444300|38980|0|0|
1000022350|7|101|202306|630000|72457|0|0|
1000022350|7|105|202306|14235|14235|0|0|
1000022350|7|202|202306|1317363|1317362|0|0|
1000022350|7|104|202307|2120|1755|0|0|
1000022350|7|101|202308|50000|50000|0|0|
1000022415|7|101|202209|881800|846800|20251128|16|
1000022415|7|104|202209|97191|97191|0|0|
1000022415|7|202|202209|2327017|2327017|0|0|
1000022415|7|104|202210|19347|19347|20251128|16|
1000022415|7|201|202210|278410|275410|0|0|
1000022415|7|101|202211|407833|407833|20251128|16|
1000022425|7|101|202304|51350|51350|0|0|
1000022425|7|101|202305|90434|90434|0|0|
1000022425|7|104|202305|68631|68631|0|0|
1000022425|7|101|202306|266213|266213|0|0|
1000022425|7|104|202306|18318|18318|0|0|
1000022425|7|101|202307|170436|170436|0|0|
1000022425|7|101|202308|19351|19351|0|0|
1000022439|7|101|202406|2097000|0|20251201|1|
1000022446|7|104|202202|12354|12354|0|0|
1000022446|7|104|202203|118955|78595|0|0|
1000022446|7|105|202206|4490|4490|0|0|
1000022446|7|105|202302|26070|26070|0|0|
1000022465|7|101|202508|243000|28503|0|0|
1000022465|7|101|202509|150000|15000|0|0|
1000022465|7|104|202509|2779|2779|0|0|
1000022465|7|101|202510|45000|6750|0|0|
1000022465|7|101|202511|10000|10000|0|0|
1000022465|7|104|202511|3688|3688|0|0|
1000022504|7|101|202511|829030|829030|0|0|
1000022504|7|204|202511|150998|150998|0|0|
1000022504|7|101|202512|1515939|837439|0|0|
1000022504|7|201|202512|77761|77609|0|0|
1000022504|7|204|202512|182597|182597|0|0|
1000022506|7|101|202511|78000|78000|0|0|
1000022506|7|104|202511|21483|21480|0|0|
1000022506|7|101|202512|2410964|889831|0|0|
1000022506|7|104|202512|9720|9720|0|0|
1000022506|7|101|202601|305658|210099|0|0|
1000022509|7|104|202605|1639|1639|0|0|
1000022512|7|101|202501|209272|31390|0|0|
1000022512|7|104|202501|6396|6396|0|0|
1000022512|7|101|202502|478693|47869|0|0|
1000022512|7|104|202502|4141|4141|0|0|
1000022512|7|101|202504|276|4|0|0|
1000022514|7|104|202412|35669|35669|0|0|
1000022514|7|101|202501|156000|7800|0|0|
1000022514|7|101|202502|117000|17550|0|0|
1000022514|7|101|202504|149486|7447|0|0|
1000022514|7|104|202504|12222|12222|0|0|
1000022514|7|101|202505|1301598|501502|0|0|
1000022514|7|101|202506|111726|111726|0|0|
1000022526|7|101|202311|449000|448989|0|0|
1000022526|7|104|202311|5415|5415|0|0|
1000022526|7|101|202312|525299|525299|0|0|
1000022526|7|104|202312|278|278|0|0|
1000022526|7|205|202402|401392|401392|0|0|
1000022528|7|101|202112|203400|10169|0|0|
1000022528|7|101|202201|1209783|552068|0|0|
1000022528|7|101|202202|32198|27112|0|0|
1000022530|7|101|202411|643637|172439|0|0|
1000022530|7|104|202411|36907|36906|0|0|
1000022530|7|101|202412|169986|169986|0|0|
1000022530|7|201|202501|427138|427138|0|0|
1000022530|7|101|202502|85182|85182|0|0|
1000022563|7|104|202512|9574|9574|0|0|
1000022563|7|101|202601|504|6|0|0|
1000022563|7|101|202603|22079|22079|0|0|
1000022564|7|101|202502|1142196|822196|0|0|
1000022564|7|101|202503|66000|66000|0|0|
1000022570|7|101|202310|19389|6510|0|0|
1000022570|7|104|202310|44454|44445|0|0|
1000022570|7|104|202311|7951|7951|0|0|
1000022570|7|101|202312|10921|10921|0|0|
1000022570|7|101|202401|67850|67850|0|0|
1000022570|7|101|202403|26433|26433|0|0|
1000022572|7|101|202301|81000|8696|0|0|
1000022572|7|101|202305|734588|586264|0|0|
1000022572|7|104|202305|750|750|0|0|
1000022572|7|101|202306|30000|12500|0|0|
1000022572|7|101|202406|323305|323305|0|0|
1000022575|7|104|202403|3509|3509|0|0|
1000022575|7|101|202405|185000|185000|0|0|
1000022575|7|105|202405|44631|44631|0|0|
1000022575|7|202|202406|505080|505080|0|0|
1000022575|7|101|202411|74880|9679|0|0|
1000022575|7|105|202507|17606|17606|0|0|
1000022612|7|101|202501|727693|244891|0|0|
1000022645|7|101|202311|425540|137790|0|0|
1000022645|7|101|202312|1035000|110232|0|0|
1000022645|7|101|202401|12069|12069|0|0|
1000022645|7|202|202401|456775|456026|0|0|
1000022672|7|101|202511|260987|26098|0|0|
1000022732|7|101|202302|315900|132680|0|0|
1000022732|7|104|202302|895|895|0|0|
1000022732|7|101|202303|224214|216310|0|0|
1000022732|7|104|202311|4085|4085|0|0|
1000022746|7|101|202406|37990|37990|0|0|
1000022746|7|101|202408|520000|219353|0|0|
1000022746|7|201|202408|74419|74419|0|0|
1000022746|7|202|202410|859039|858646|0|0|
1000022751|7|101|202309|1254098|221319|0|0|
1000022751|7|104|202309|5012|5012|0|0|
1000022751|7|202|202309|600955|597258|0|0|
1000022751|7|101|202310|799473|254553|0|0|
1000022751|7|104|202411|2722|2722|0|0|
1000022760|7|101|202507|1816000|740500|0|0|
1000022795|7|101|202111|700000|93181|0|0|
1000022795|7|101|202206|170000|2|0|0|
1000022800|7|101|202309|30000|30000|0|0|
1000022800|7|101|202310|73996|62270|0|0|
1000022800|7|101|202311|600000|77094|0|0|
1000022800|7|104|202311|4850|4686|0|0|
1000022800|7|105|202311|16975|16975|0|0|
1000022800|7|101|202312|415353|415353|0|0|
1000022800|7|101|202401|26322|26322|0|0|
1000022801|7|101|202209|220000|25802|0|0|
1000022801|7|101|202309|16889|16889|0|0|
1000022801|7|101|202408|237625|99498|0|0|
1000022804|7|101|202108|500000|75000|0|0|
1000022804|7|104|202108|33133|33094|0|0|
1000022804|7|104|202109|10936|10936|0|0|
1000022804|7|101|202110|108000|21600|0|0|
1000022804|7|105|202110|17521|17521|0|0|
1000022804|7|105|202112|29320|29320|0|0|
1000022816|7|101|202510|31625|31625|0|0|
1000022816|7|101|202511|120900|22485|0|0|
1000022816|7|104|202511|798|798|0|0|
1000022816|7|101|202512|232900|53376|0|0|
1000022816|7|101|202602|23134|23134|0|0|
1000022824|7|101|202201|478634|343826|20260305|1|
1000022824|7|104|202201|22416|22416|0|0|
1000022824|7|101|202202|1630000|1330001|0|0|
1000022824|7|104|202202|16794|16794|0|0|
1000022824|7|101|202207|199726|199726|0|0|
1000022827|7|101|202503|200000|2|0|0|
1000022827|7|101|202505|286600|138203|0|0|
1000022841|7|101|202502|33034|33034|0|0|
1000022841|7|101|202505|79121|79121|0|0|
1000022883|7|101|202603|49172|49172|0|0|
1000022921|7|101|202505|531021|531021|20260305|12|
1000022921|7|101|202506|1497950|1390036|20260305|12|
1000022921|7|101|202507|130000|130000|20260305|12|
1000022928|7|101|202512|125000|125000|0|0|
1000022928|7|101|202601|200000|200000|0|0|
1000022947|7|101|202603|1000000|2|0|0|
1000022950|7|101|202312|138000|138000|0|0|
1000022950|7|104|202312|1976|1953|0|0|
1000022950|7|202|202312|942092|942092|0|0|
1000022950|7|101|202401|600000|71705|0|0|
1000022950|7|101|202402|78341|78341|0|0|
1000022967|7|101|202211|359063|72398|0|0|
1000022967|7|202|202212|278204|238663|0|0|
1000022979|7|104|202210|3113|3113|0|0|
1000022979|7|101|202211|29300|29300|0|0|
1000022979|7|202|202211|285916|285423|0|0|
1000022992|7|202|202309|714627|623226|0|0|
1000022992|7|101|202310|140256|140256|0|0|
1000022992|7|104|202311|15109|13760|0|0|
1000022992|7|101|202312|105999|94122|0|0|
1000022992|7|101|202401|86981|77137|0|0|
1000022996|7|101|202505|31882|4782|0|0|
1000022996|7|104|202505|79318|79318|0|0|
1000022996|7|101|202506|63628|63628|0|0|
1000022996|7|104|202506|29288|29288|0|0|
1000023001|7|101|202307|149000|14900|0|0|
1000023001|7|104|202307|20467|20467|0|0|
1000023001|7|101|202308|42500|6734|0|0|
1000023001|7|104|202308|565|565|0|0|
1000023001|7|101|202309|4462|4462|0|0|
1000023001|7|101|202310|110000|16480|0|0|
1000023001|7|105|202312|6708|6708|0|0|
1000023003|7|101|202310|436090|222699|0|0|
1000023003|7|104|202310|99999|99999|0|0|
1000023003|7|101|202312|107559|107559|0|0|
1000023003|7|104|202312|49767|49766|0|0|
1000023003|7|101|202401|22204|22204|0|0|
1000023003|7|202|202405|286469|264135|0|0|
1000023037|7|101|202508|13860|1951|0|0|
1000023040|7|101|202302|759326|757403|0|0|
1000023047|7|101|202402|149164|149164|0|0|
1000023047|7|101|202403|743916|742081|0|0|
1000023047|7|104|202403|76386|76386|0|0|
1000023055|7|101|202601|320429|182729|0|0|
1000023055|7|101|202602|12569|12569|0|0|
1000023084|7|101|202105|404312|400803|0|0|
1000023084|7|101|202106|55000|55000|0|0|
1000023084|7|202|202106|1007606|1006474|0|0|
1000023084|7|101|202107|51021|51021|0|0|
1000023084|7|202|202107|570190|320343|0|0|
1000023104|7|105|202511|1778|1097|0|0|
1000023104|7|101|202602|50344|50344|0|0|
1000023114|7|101|202401|12826|2|0|0|
1000023114|7|104|202401|9615|9615|0|0|
1000023114|7|104|202402|15044|15044|0|0|
1000023120|7|101|202603|430000|175000|0|0|
1000023120|7|101|202604|40500|40500|0|0|
1000023120|7|104|202604|2227|2227|0|0|
1000023140|7|101|202108|72900|997|20251128|16|
1000023140|7|101|202109|3134|4|0|0|
1000023140|7|101|202110|1449|6|0|0|
1000023140|7|101|202111|100000|14989|0|0|
1000023170|7|101|202307|1279600|450946|0|0|
1000023170|7|101|202309|490110|49011|0|0|
1000023181|7|101|202402|134000|0|20250610|1|
1000023188|7|101|202308|90000|2|0|0|
1000023188|7|101|202502|198383|194848|0|0|
1000023193|7|101|202312|366800|58100|0|0|
1000023193|7|104|202312|8902|8902|0|0|
1000023193|7|202|202312|188516|158497|0|0|
1000023193|7|104|202403|1946|832|0|0|
1000023193|7|101|202404|200000|40000|0|0|
1000023196|7|101|202602|9080|2|0|0|
1000023206|7|101|202412|85000|35000|0|0|
1000023206|7|101|202509|50424|50424|0|0|
1000023212|7|101|202503|322571|317934|0|0|
1000023212|7|101|202505|81000|10148|0|0|
1000023220|7|101|202501|389700|56268|0|0|
1000023221|7|101|202307|1689487|143465|0|0|
1000023221|7|104|202307|9349|9349|0|0|
1000023221|7|101|202308|1290000|186918|20251128|16|
1000023221|7|202|202308|708542|708542|0|0|
1000023221|7|104|202309|19297|19292|0|0|
1000023221|7|105|202405|11901|11901|0|0|
1000023236|7|104|202405|7873|7873|0|0|
1000023266|7|101|202312|2590000|206250|0|0|
1000023266|7|104|202401|40397|35218|20260121|1|
1000023266|7|201|202401|546226|546226|0|0|
1000023266|7|105|202502|8564|8564|0|0|
1000023271|7|101|202410|1600000|2|0|0|
1000023271|7|101|202505|16230|2|0|0|
1000023282|7|101|202204|1040000|416657|0|0|
1000023282|7|105|202206|9855|9855|0|0|
1000023282|7|101|202207|130000|130000|0|0|
1000023282|7|105|202210|8739|8739|0|0|
1000023284|7|101|202310|300000|280786|0|0|
1000023284|7|104|202310|214707|214613|0|0|
1000023284|7|101|202311|764710|337210|0|0|
1000023284|7|101|202312|100000|99915|0|0|
1000023284|7|202|202312|437983|437983|0|0|
1000023287|7|101|202410|100000|2|0|0|
1000023287|7|101|202411|113000|16611|0|0|
1000023287|7|101|202412|100000|2|0|0|
1000023303|7|101|202602|2138686|211686|0|0|
1000023303|7|101|202604|19000000|1000000|0|0|
1000023343|7|202|202402|905239|905237|0|0|
1000023343|7|101|202403|170952|66499|0|0|
1000023343|7|101|202404|24300|3644|0|0|
1000023345|7|101|202308|481860|23264|0|0|
1000023345|7|104|202308|34536|33236|0|0|
1000023345|7|101|202309|223963|70762|0|0|
1000023345|7|202|202311|157339|156985|0|0|
1000023350|7|101|202401|17257|1725|0|0|
1000023350|7|101|202402|312742|24720|0|0|
1000023350|7|104|202403|22518|22518|0|0|
1000023350|7|202|202404|307269|307269|0|0|
1000023372|7|104|202409|6322|622|0|0|
1000023384|7|101|202304|541036|104003|0|0|
1000023384|7|202|202305|249743|249743|0|0|
1000023384|7|104|202306|812|812|0|0|
1000023400|7|101|202510|641000|216000|0|0|
1000023400|7|101|202511|1210000|717000|0|0|
1000023400|7|104|202511|65074|64793|0|0|
1000023419|7|101|202407|350000|49804|0|0|
1000023419|7|104|202407|2651|2651|0|0|
1000023419|7|202|202407|560131|445131|0|0|
1000023419|7|101|202410|12266|2|0|0|
1000023472|7|101|202309|769963|409963|0|0|
1000023472|7|104|202309|318|318|0|0|
1000023472|7|101|202310|909985|300873|0|0|
1000023472|7|105|202310|16769|16769|0|0|
1000023472|7|101|202311|632530|632530|0|0|
1000023472|7|101|202312|599973|599973|0|0|
1000023472|7|101|202406|200000|2|0|0|
1000023475|7|101|202511|525304|208233|0|0|
1000023475|7|104|202512|982|982|0|0|
1000023480|7|101|202309|400000|400000|0|0|
1000023480|7|101|202310|232500|100000|20250604|1|
1000023480|7|104|202310|7314|7314|0|0|
1000023480|7|101|202311|110171|110171|0|0|
1000023480|7|101|202603|58371|49141|0|0|
1000023505|7|101|202202|1144500|521373|0|0|
1000023505|7|104|202202|799|799|0|0|
1000023505|7|101|202203|594616|594616|0|0|
1000023505|7|201|202203|496824|456369|0|0|
1000023505|7|101|202206|146839|144656|0|0|
1000023505|7|201|202206|695473|695473|0|0|
1000023515|7|101|202510|1680581|1284369|0|0|
1000023515|7|101|202511|597373|429606|0|0|
1000023515|7|101|202603|14150|14150|0|0|
1000023553|7|104|202110|6182|6154|0|0|
1000023553|7|202|202111|329556|329556|0|0|
1000023553|7|101|202112|42494|42494|0|0|
1000023562|7|101|202305|145560|78280|0|0|
1000023562|7|101|202306|6748|6748|0|0|
1000023562|7|104|202306|19843|18802|0|0|
1000023587|7|101|202506|1560|2|0|0|
1000023592|7|101|202201|1856082|750168|20251128|16|
1000023592|7|104|202202|10029|10029|0|0|
1000023592|7|205|202203|633764|633764|0|0|
1000023592|7|101|202212|174322|174322|0|0|
1000023593|7|101|202312|140000|21000|0|0|
1000023593|7|101|202401|243000|25953|0|0|
1000023593|7|104|202401|4950|4950|0|0|
1000023593|7|202|202401|296204|295124|0|0|
1000023597|7|101|202412|9316|9316|0|0|
1000023617|7|101|202412|2875000|2875000|20250908|12|
1000023617|7|104|202412|49402|49402|20250908|12|
1000023617|7|101|202501|747000|746018|20250908|12|
1000023623|7|101|202409|32000|32000|0|0|
1000023623|7|104|202409|3471|3098|0|0|
1000023623|7|105|202410|9835|4014|0|0|
1000023627|7|101|202404|325146|325125|20250611|12|
1000023627|7|101|202603|111429|108221|0|0|
1000023687|7|101|202104|166500|22200|0|0|
1000023687|7|101|202109|559621|559121|0|0|
1000023687|7|101|202110|152197|143097|0|0|
1000023687|7|101|202111|510000|107749|0|0|
1000023687|7|101|202112|85000|85000|0|0|
1000023691|7|101|202209|129999|129999|20251201|99|
1000023699|7|202|202303|393683224|391890|0|0|
1000023699|7|101|202304|100128|50358|0|0|
1000023699|7|104|202304|4245|4245|0|0|
1000023699|7|105|202304|35181|35181|0|0|
1000023699|7|101|202305|204000|70880|0|0|
1000023716|7|101|202305|797717|797716|0|0|
1000023716|7|104|202305|19303|19303|0|0|
1000023716|7|101|202306|360000|360000|0|0|
1000023737|7|104|202402|60205|60205|0|0|
1000023737|7|104|202403|100525|100525|0|0|
1000023737|7|204|202403|255475|255475|0|0|
1000023737|7|101|202409|82955|82819|0|0|
1000023770|7|101|202307|1048800|112118|0|0|
1000023770|7|104|202307|38466|38466|0|0|
1000023773|7|101|202306|700000|137815|0|0|
1000023787|7|101|202410|108977|14415|20250904|12|
1000023787|7|104|202410|20229|20229|20250904|12|
1000023787|7|101|202503|37347|0|20251231|1|
1000023804|7|101|202211|603170|317727|0|0|
1000023804|7|104|202211|6160|6160|0|0|
1000023804|7|101|202212|708320|106119|0|0|
1000023804|7|104|202212|28896|28891|0|0|
1000023804|7|101|202301|78527|78527|0|0|
1000023811|7|104|202505|49931|49931|0|0|
1000023811|7|105|202505|17482|17482|0|0|
1000023811|7|101|202506|1620000|1620000|0|0|
1000023814|7|104|202302|25132|24932|20251231|6|
1000023814|7|101|202303|260084|57998|0|0|
1000023814|7|104|202305|1236|1236|0|0|
1000023835|7|101|202411|123250|123250|20251209|99|
1000023835|7|104|202411|9999|9999|20251230|12|
1000023892|7|101|202602|2999012|2999012|0|0|
1000023892|7|101|202603|3999367|3999367|0|0|
1000023900|7|101|202511|219241|219241|0|0|
1000023900|7|104|202511|30152|29973|0|0|
1000023907|7|104|202506|31959|31959|0|0|
1000023907|7|105|202506|9278|9278|0|0|
1000023923|7|101|202409|632278|310814|0|0|
1000023923|7|105|202410|1440|1440|0|0|
1000023923|7|101|202506|24946|24946|0|0|
1000023935|7|101|202207|420029|250093|0|0|
1000023935|7|104|202207|17529|17529|0|0|
1000023935|7|101|202208|74385|9655|0|0|
1000023935|7|202|202208|429123|423282|0|0|
1000023935|7|101|202209|17071|17071|0|0|
1000023935|7|101|202210|6419|6419|0|0|
1000023939|7|104|202411|15939|15939|0|0|
1000023939|7|104|202412|16658|16658|0|0|
1000023940|7|101|202408|16666|16666|20250723|99|
1000023940|7|104|202409|24150|24150|20250826|12|
1000023940|7|101|202410|62017|62017|20250826|12|
1000023949|7|101|202404|351600|351600|0|0|
1000023949|7|104|202404|13532|13532|0|0|
1000023949|7|101|202407|99027|95027|0|0|
1000023949|7|105|202411|11533|11533|0|0|
1000023970|7|101|202510|340110|84612|0|0|
1000023970|7|104|202510|11173|11173|0|0|
1000023970|7|101|202512|55209|55209|0|0|
1000024008|7|101|202212|1812977|1811060|0|0|
1000024008|7|104|202212|157222|135360|0|0|
1000024008|7|101|202302|21250|19889|0|0|
1000024009|7|101|202111|900000|120468|20251128|16|
1000024032|7|101|202404|615750|195037|20250821|3|
1000024032|7|104|202404|4314|4314|0|0|
1000024035|7|101|202405|70500|7050|0|0|
1000024035|7|104|202405|10217|10217|0|0|
1000024041|7|101|202201|184509|179268|20251128|16|
1000024041|7|101|202205|144000|66440|0|0|
1000024041|7|101|202206|738437|230102|0|0|
1000024041|7|101|202207|5000|5000|0|0|
1000024041|7|202|202207|529158|529158|0|0|
1000024041|7|205|202208|317735|317735|0|0|
1000024043|7|101|202501|535000|195000|0|0|
1000024043|7|104|202501|18851|18851|0|0|
1000024043|7|101|202502|167000|16700|0|0|
1000024043|7|104|202502|8408|8408|0|0|
1000024043|7|101|202503|130405|130405|0|0|
1000024043|7|104|202503|2554|2554|0|0|
1000024046|7|202|202111|451705|450321|0|0|
1000024046|7|101|202112|299950|29995|0|0|
1000024046|7|104|202112|48692|48610|0|0|
1000024046|7|105|202112|25120|0|20251024|1|
1000024046|7|202|202112|485421|483979|0|0|
1000024046|7|104|202201|4940|4940|0|0|
1000024046|7|101|202203|37500|37500|0|0|
1000024051|7|101|202412|330834|330834|0|0|
1000024051|7|101|202502|700000|70000|0|0|
1000024051|7|104|202502|1327|1323|0|0|
1000024051|7|101|202503|1100000|216315|0|0|
1000024052|7|101|202402|22500|2|0|0|
1000024052|7|101|202403|18000|2|0|0|
1000024052|7|104|202404|2937|2937|0|0|
1000024056|7|101|202109|166500|94350|0|0|
1000024056|7|104|202109|9849|9580|0|0|
1000024056|7|101|202110|100000|1|0|0|
1000024056|7|104|202110|19111|19111|0|0|
1000024056|7|101|202111|217500|217500|0|0|
1000024056|7|101|202203|21627|21627|0|0|
1000024100|7|104|202204|19993|18837|20251128|16|
1000024100|7|202|202204|344760|342874|0|0|
1000024100|7|101|202205|191073|191073|20251128|16|
1000024100|7|101|202207|59876|59876|0|0|
1000024112|7|101|202305|313420|238816|0|0|
1000024112|7|104|202305|22260|21525|0|0|
1000024121|7|104|202208|9576|7018|0|0|
1000024121|7|101|202212|301285|113089|0|0|
1000024121|7|105|202304|18013|18013|0|0|
1000024121|7|201|202510|149090|149090|0|0|
1000024127|7|101|202109|224300|76400|0|0|
1000024127|7|101|202110|162829|143963|0|0|
1000024127|7|202|202110|146621|146621|0|0|
1000024144|7|104|202504|21881|21823|0|0|
1000024144|7|104|202505|7198|4584|0|0|
1000024144|7|101|202506|100000|15000|0|0|
1000024144|7|101|202512|200000|20000|0|0|
1000024158|7|101|202412|30000|10445|0|0|
1000024158|7|101|202501|1144161|748042|0|0|
1000024158|7|104|202501|4027|4027|0|0|
1000024161|7|101|202503|287080|0|20260206|1|
1000024165|7|101|202408|41080|41080|0|0|
1000024180|7|101|202210|128500|35660|0|0|
1000024180|7|104|202210|10213|10213|0|0|
1000024180|7|101|202211|200000|33400|0|0|
1000024180|7|101|202212|795546|197196|0|0|
1000024180|7|101|202303|496|496|0|0|
1000024212|7|104|202602|1722|1722|0|0|
1000024235|7|101|202301|361030|361030|0|0|
1000024235|7|104|202301|18371|17711|0|0|
1000024235|7|104|202302|3619|3619|0|0|
1000024240|7|101|202401|1102797|507041|0|0|
1000024240|7|104|202401|88596|82672|0|0|
1000024240|7|101|202402|600000|596347|0|0|
1000024240|7|104|202402|19984|19984|0|0|
1000024241|7|104|202504|3284|3284|0|0|
1000024250|7|104|202210|9895|9895|0|0|
1000024264|7|101|202509|225000|39482|0|0|
1000024264|7|101|202510|11573|11573|0|0|
1000024278|7|101|202404|686320|95372|0|0|
1000024278|7|104|202404|15267|12611|0|0|
1000024278|7|101|202405|46299|45280|0|0|
1000024278|7|202|202405|417497|417402|0|0|
1000024278|7|101|202406|121500|121500|0|0|
1000024281|7|104|202106|287|287|0|0|
1000024281|7|104|202107|6021|6021|0|0|
1000024281|7|202|202107|410134|390965|0|0|
1000024281|7|101|202110|8342|5913|0|0|
1000024281|7|105|202206|28940|2|0|0|
1000024282|7|101|202201|400000|76052|20251128|16|
1000024282|7|101|202202|2345598|1102521|20251128|16|
1000024282|7|101|202203|17489|17489|0|0|
1000024309|7|101|202408|2001200|230068|0|0|
1000024371|7|101|202411|403305|212645|0|0|
1000024371|7|101|202412|368487|29307|20250717|12|
1000024384|7|101|202411|196459|151799|0|0|
1000024384|7|101|202412|803669|709420|0|0|
1000024384|7|104|202412|6898|6898|0|0|
1000024386|7|101|202210|262000|251084|0|0|
1000024386|7|101|202301|21392|21392|20251128|16|
1000024400|7|101|202603|4778|4778|0|0|
1000024409|7|101|202304|405623|388892|0|0|
1000024409|7|104|202304|14578|14578|0|0|
1000024409|7|101|202305|284000|284000|0|0|
1000024409|7|101|202306|70548|70548|0|0|
1000024410|7|104|202508|10315|7548|0|0|
1000024410|7|101|202509|1028768|499292|0|0|
1000024410|7|104|202509|69906|69906|0|0|
1000024410|7|101|202510|547000|82050|0|0|
1000024423|7|101|202603|10000|10000|0|0|
1000024467|7|101|202510|59173|59173|0|0|
1000024467|7|104|202510|25018|19791|0|0|
1000024467|7|101|202512|18108|18108|0|0|
1000024482|7|202|202506|404310|404309|0|0|
1000024482|7|101|202507|70500|67905|0|0|
1000024482|7|101|202508|37500|2|0|0|
1000024482|7|104|202508|9169|9169|0|0|
1000024483|7|104|202407|4624|4624|0|0|
1000024483|7|101|202408|186580|4|0|0|
1000024483|7|101|202410|53101|53101|0|0|
1000024484|7|104|202404|339|338|0|0|
1000024503|7|101|202202|155400|49950|0|0|
1000024503|7|101|202203|130470|24931|0|0|
1000024503|7|101|202204|11820|11720|0|0|
1000024503|7|104|202205|29485|29480|0|0|
1000024503|7|101|202206|261042|250844|0|0|
1000024521|7|101|202206|1080564|709469|0|0|
1000024521|7|104|202206|87412|78269|0|0|
1000024521|7|101|202207|49243|2|0|0|
1000024521|7|202|202207|2771275|2754717|0|0|
1000024521|7|101|202208|661450|446742|0|0|
1000024521|7|201|202208|412913|343126|0|0|
1000024522|7|101|202512|219781|3385|0|0|
1000024526|7|202|202405|353818|353818|0|0|
1000024526|7|101|202407|38427|38427|0|0|
1000024527|7|101|202310|125159|125159|0|0|
1000024527|7|101|202311|297000|30266|0|0|
1000024527|7|104|202311|12460|12460|0|0|
1000024528|7|101|202508|488392|343914|0|0|
1000024528|7|101|202509|5896|5896|0|0|
1000024528|7|104|202509|6968|6968|0|0|
1000024529|7|101|202408|117700|8929|0|0|
1000024538|7|101|202506|18000|18000|0|0|
1000024538|7|104|202507|9989|9989|0|0|
1000024539|7|101|202310|25358|580|0|0|
1000024539|7|104|202310|27751|27751|0|0|
1000024548|7|101|202510|65000|65000|0|0|
1000024548|7|104|202511|251|137|0|0|
1000024553|7|101|202401|897521|88237|20251110|1|
1000024553|7|104|202401|85197|85197|0|0|
1000024553|7|104|202402|3231|3231|0|0|
1000024553|7|101|202403|216700|68727|0|0|
1000024571|7|101|202406|90000|3706|0|0|
1000024573|7|101|202203|734870|126036|0|0|
1000024573|7|104|202203|62972|62972|0|0|
1000024573|7|104|202204|10000|10000|0|0|
1000024573|7|202|202204|259268|259268|0|0|
1000024573|7|202|202205|217628|217458|0|0|
1000024584|7|101|202310|707369|114925|0|0|
1000024584|7|104|202310|51702|51702|0|0|
1000024584|7|202|202311|788836|784633|0|0|
1000024590|7|104|202509|59989|59989|20260406|12|
1000024590|7|101|202510|1564284|803284|20260406|12|
1000024590|7|101|202511|122951|122951|20260406|12|
1000024590|7|101|202512|30000|30000|20260403|12|
1000024594|7|101|202211|2073080|839066|20251128|16|
1000024594|7|104|202211|35896|35895|0|0|
1000024594|7|101|202212|780838|263795|20251128|16|
1000024594|7|202|202302|127216|127216|0|0|
1000024638|7|101|202603|1193882|1193882|0|0|
1000024638|7|104|202603|702|702|0|0|
1000024638|7|101|202604|333333|333333|0|0|
1000024653|7|202|202202|508099|374078|0|0|
1000024653|7|101|202203|25914|25914|0|0|
1000024653|7|101|202205|10000|10000|0|0|
1000024654|7|101|202110|135000|25534|0|0|
1000024671|7|101|202202|255319|255319|0|0|
1000024671|7|104|202202|10023|9923|0|0|
1000024671|7|101|202203|467195|247022|0|0|
1000024671|7|104|202203|10382|10382|0|0|
1000024671|7|101|202204|20000|20000|0|0|
1000024671|7|202|202204|398205|269082|0|0|
1000024671|7|101|202205|2|2|0|0|
1000024671|7|202|202206|88255|88255|0|0|
1000024680|7|104|202510|21875|21875|0|0|
1000024680|7|101|202511|158442|158442|0|0|
1000024680|7|104|202511|55384|55275|0|0|
1000024680|7|101|202512|774465|502610|0|0|
1000024680|7|104|202512|4508|4508|0|0|
1000024680|7|101|202601|175222|60722|0|0|
1000024681|7|202|202311|200296|200296|0|0|
1000024681|7|101|202312|530199|162859|0|0|
1000024681|7|104|202312|34516|34501|0|0|
1000024681|7|104|202401|19957|19957|0|0|
1000024681|7|101|202409|82409|82409|0|0|
1000024686|7|101|202306|171000|171000|0|0|
1000024686|7|101|202307|570000|285000|0|0|
1000024686|7|101|202308|108239|29959|0|0|
1000024686|7|101|202309|118456|70842|0|0|
1000024686|7|104|202309|3914|3914|0|0|
1000024688|7|101|202310|946683|515584|0|0|
1000024688|7|104|202310|394|394|0|0|
1000024688|7|101|202311|50000|50000|0|0|
1000024688|7|202|202312|37816|36690|0|0|
1000024688|7|101|202401|199690|199690|0|0|
1000024701|7|101|202207|757070|49072|20251128|16|
1000024701|7|104|202207|13822|13822|20251128|16|
1000024701|7|101|202208|131860|34700|0|0|
1000024701|7|104|202208|36644|36409|0|0|
1000024713|7|104|202405|61981|61981|0|0|
1000024713|7|101|202406|1311091|1310631|0|0|
1000024713|7|101|202407|300000|300000|0|0|
1000024714|7|101|202601|100000|100000|0|0|
1000024714|7|104|202601|298|298|0|0|
1000024714|7|101|202602|390000|135000|0|0|
1000024715|7|101|202107|108751|108751|0|0|
1000024715|7|101|202112|81809|81809|0|0|
1000024715|7|101|202202|830000|199996|0|0|
1000024715|7|101|202203|83333|83333|0|0|
1000024715|7|202|202204|637360|637360|0|0|
1000024715|7|101|202205|19965|19965|0|0|
1000024715|7|205|202206|181145|181145|0|0|
1000024715|7|101|202601|20829|20829|0|0|
1000024719|7|101|202503|712000|202000|0|0|
1000024719|7|104|202503|86859|86859|0|0|
1000024719|7|101|202504|81000|81000|0|0|
1000024719|7|104|202504|39993|39975|0|0|
1000024719|7|202|202504|908208|907123|0|0|
1000024719|7|101|202507|450000|67500|0|0|
1000024767|7|101|202306|3831000|3831000|0|0|
1000024767|7|104|202306|6783|228|0|0|
1000024767|7|101|202309|317718|95634|0|0|
1000024769|7|101|202110|87360|20800|0|0|
1000024769|7|101|202111|22080|5520|0|0|
1000024769|7|101|202112|107500|107500|0|0|
1000024769|7|104|202112|2663|2663|0|0|
1000024769|7|202|202112|571713|571713|0|0|
1000024769|7|101|202201|6389|6389|0|0|
1000024769|7|104|202201|5153|5153|0|0|
1000024769|7|101|202203|29900|28209|0|0|
1000024769|7|101|202308|19958|10694|0|0|
1000024771|7|104|202309|4799|3144|0|0|
1000024775|7|101|202506|69445|2|0|0|
1000024778|7|101|202201|42780|8280|0|0|
1000024782|7|101|202210|847084|319939|0|0|
1000024782|7|101|202211|470000|47000|0|0|
1000024782|7|202|202211|101483|101483|0|0|
1000024790|7|104|202411|68800|68732|0|0|
1000024790|7|101|202412|369930|99930|0|0|
1000024790|7|101|202503|95000|9500|0|0|
1000024797|7|101|202505|100000|5000|0|0|
1000024813|7|101|202509|17913|17913|0|0|
1000024813|7|101|202510|105933|10327|0|0|
1000024813|7|101|202511|46000|4600|0|0|
1000024827|7|101|202411|27040|1352|0|0|
1000024827|7|101|202507|5214|5214|0|0|
1000024832|7|101|202501|500000|500000|0|0|
1000024842|7|101|202412|1979483|958901|0|0|
1000024842|7|104|202412|95767|95767|0|0|
1000024842|7|101|202501|717057|226002|0|0|
1000024842|7|105|202505|1154|1154|0|0|
1000024848|7|104|202402|8211|8211|0|0|
1000024864|7|104|202312|8351|8351|0|0|
1000024864|7|101|202404|268500|34350|0|0|
1000024876|7|202|202211|100695|100695|0|0|
1000024876|7|101|202302|33000|32993|0|0|
1000024888|7|104|202109|24954|24954|0|0|
1000024888|7|104|202110|14982|14982|0|0|
1000024888|7|101|202205|134000|134000|0|0|
1000024896|7|101|202505|360000|75000|0|0|
1000024896|7|101|202506|653810|93810|0|0|
1000024896|7|104|202506|121822|121822|0|0|
1000024904|7|101|202504|247000|247000|0|0|
1000024904|7|101|202505|580000|282440|0|0|
1000024904|7|101|202506|450000|84794|0|0|
1000024904|7|101|202507|239000|36356|0|0|
1000024925|7|101|202310|76000|8790|0|0|
1000024927|7|101|202508|73800|73800|0|0|
1000024927|7|104|202508|9436|9436|0|0|
1000024943|7|104|202512|110571|110571|0|0|
1000024943|7|101|202601|290926|290926|0|0|
1000024950|7|101|202408|300000|300000|20250624|12|
1000024950|7|101|202409|157780|157780|20250624|12|
1000024990|7|101|202509|877598|700150|0|0|
1000024990|7|104|202509|5562|5562|0|0|
1000024990|7|101|202510|90000|90000|0|0|
1000025004|7|101|202501|150000|55000|20251229|16|
1000025004|7|101|202502|234520|234520|20251229|16|
1000025007|7|101|202410|10144|9144|0|0|
1000025007|7|202|202410|204414|204414|0|0|
1000025013|7|104|202411|46671|46671|0|0|
1000025013|7|101|202502|42010|42010|0|0|
1000025055|7|101|202209|300000|30000|0|0|
1000025055|7|104|202209|59994|59994|0|0|
1000025055|7|105|202209|121345|121345|0|0|
1000025055|7|101|202210|21561|21561|20251128|16|
1000025055|7|104|202210|104130|104095|0|0|
1000025055|7|105|202211|62952|2817|20250829|1|
1000025055|7|202|202211|275769|275769|0|0|
1000025056|7|101|202303|199976|199976|0|0|
1000025056|7|104|202303|13484|13484|0|0|
1000025056|7|101|202304|43874|43874|0|0|
1000025056|7|104|202304|33934|33934|0|0|
1000025056|7|101|202305|33000|32994|0|0|
1000025056|7|202|202305|6930|6930|0|0|
1000025063|7|104|202308|18192|15277|0|0|
1000025063|7|101|202309|22687|16787|0|0|
1000025063|7|104|202309|44502|26370|20250829|1|
1000025063|7|101|202311|3335920|404269|0|0|
1000025063|7|202|202311|915872|915872|0|0|
1000025063|7|101|202312|19000|19000|0|0|
1000025063|7|104|202312|9288|9288|0|0|
1000025089|7|202|202303|504782|504782|0|0|
1000025089|7|201|202305|130783|130783|0|0|
1000025089|7|101|202306|1354331|481242|0|0|
1000025089|7|104|202306|2967|2967|0|0|
1000025089|7|201|202306|139437|139437|0|0|
1000025089|7|201|202307|141182|141182|0|0|
1000025089|7|201|202308|106603|106603|0|0|
1000025089|7|204|202308|146329|146329|0|0|
1000025092|7|101|202402|2127952|682952|0|0|
1000025092|7|104|202402|55900|4001|0|0|
1000025092|7|101|202403|399000|30571|0|0|
1000025092|7|104|202403|14323|14323|0|0|
1000025092|7|202|202404|1483879|1483879|0|0|
1000025109|7|104|202402|2990|2990|0|0|
1000025109|7|101|202403|10000|10000|0|0|
1000025124|7|101|202407|300000|300000|0|0|
1000025124|7|104|202407|62810|62810|0|0|
1000025124|7|101|202408|297000|29700|0|0|
1000025124|7|104|202408|6943|6943|0|0|
1000025124|7|101|202409|90000|90000|0|0|
1000025124|7|105|202502|31820|31820|0|0|
1000025131|7|101|202410|811097|811097|20260430|12|
1000025131|7|104|202410|44336|44336|20260430|12|
1000025131|7|101|202411|35000|35000|20260430|12|
1000025139|7|101|202408|1200000|57412|0|0|
1000025139|7|101|202410|1184000|162048|0|0|
1000025139|7|202|202410|2081639|2081639|0|0|
1000025139|7|202|202411|138407|96826|0|0|
1000025141|7|101|202211|8900000|1036672|0|0|
1000025146|7|104|202506|34935|34935|0|0|
1000025146|7|101|202507|995825|108825|0|0|
1000025146|7|104|202507|49995|48973|0|0|
1000025153|7|101|202602|200000|2|0|0|
1000025153|7|104|202602|3983|3983|0|0|
1000025162|7|101|202507|675000|276285|0|0|
1000025162|7|104|202508|755|755|0|0|
1000025166|7|101|202604|30000|2|0|0|
1000025168|7|101|202407|9950000|9950000|0|0|
1000025180|7|101|202501|452500|27966|0|0|
1000025180|7|104|202501|15849|15849|0|0|
1000025180|7|201|202501|89017|89017|0|0|
1000025180|7|101|202502|351050|24143|0|0|
1000025180|7|101|202509|17064|17064|0|0|
1000025183|7|101|202409|146414|29486|0|0|
1000025183|7|104|202409|143606|143583|0|0|
1000025183|7|101|202410|712945|152145|0|0|
1000025183|7|101|202411|43970|2198|0|0|
1000025197|7|101|202302|300000|38841|0|0|
1000025197|7|104|202302|28000|27970|0|0|
1000025197|7|202|202303|264265|264265|0|0|
1000025197|7|101|202304|300000|15000|0|0|
1000025201|7|101|202504|190000|0|20251201|1|
1000025260|7|104|202405|54025|49682|0|0|
1000025260|7|101|202406|83840|50802|0|0|
1000025260|7|104|202406|20306|20290|0|0|
1000025260|7|101|202407|50000|50000|0|0|
1000025260|7|104|202407|2602|2602|0|0|
1000025274|7|202|202212|136837|79178|0|0|
1000025274|7|101|202301|645037|97262|0|0|
1000025274|7|104|202301|45214|44033|0|0|
1000025274|7|101|202302|167328|64087|0|0|
1000025274|7|104|202302|9999|9832|0|0|
1000025274|7|202|202302|275115|162034|0|0|
1000025274|7|101|202303|13163|13163|20251128|16|
1000025280|7|101|202602|319000|319000|0|0|
1000025280|7|104|202602|43362|43331|0|0|
1000025280|7|201|202602|222912|222912|0|0|
1000025280|7|101|202603|200000|200000|0|0|
1000025280|7|201|202603|368063|368063|0|0|
1000025280|7|101|202604|28890|28890|0|0|
1000025280|7|201|202604|719195|719195|0|0|
1000025299|7|101|202508|839983|146947|0|0|
1000025299|7|104|202508|895|856|0|0|
1000025299|7|101|202509|717500|91911|0|0|
1000025299|7|104|202509|1446|1446|0|0|
1000025299|7|101|202510|165600|32978|0|0|
1000025299|7|101|202512|6950|6950|0|0|
1000025307|7|101|202509|645240|272982|0|0|
1000025307|7|104|202509|50674|50674|0|0|
1000025307|7|202|202509|1067138|1062801|0|0|
1000025307|7|101|202511|25969|25969|0|0|
1000025307|7|101|202512|190966|37966|0|0|
1000025310|7|101|202603|106992|106992|0|0|
1000025315|7|101|202110|217500|174750|20251128|16|
1000025317|7|101|202212|38320|1916|0|0|
1000025317|7|101|202301|57500|2875|0|0|
1000025317|7|104|202301|6621|6621|0|0|
1000025317|7|101|202302|1137000|670868|0|0|
1000025317|7|101|202303|7500|2|0|0|
1000025317|7|202|202304|466131|465040|0|0|
1000025321|7|101|202503|172192|99631|20251222|12|
1000025321|7|104|202504|395|395|0|0|
1000025326|7|101|202308|187500|9375|0|0|
1000025326|7|104|202308|16357|16357|0|0|
1000025326|7|101|202309|716440|281339|20250923|3|
1000025326|7|104|202309|14656|13209|0|0|
1000025327|7|101|202410|399589|144589|0|0|
1000025327|7|101|202411|558760|305849|0|0|
1000025327|7|104|202411|399|399|0|0|
1000025346|7|101|202402|300000|28849|0|0|
1000025346|7|101|202403|2220816|570098|0|0|
1000025346|7|104|202403|14986|12393|0|0|
1000025346|7|101|202404|80000|80000|0|0|
1000025364|7|101|202302|113623|113623|0|0|
1000025364|7|101|202303|300000|2641|0|0|
1000025364|7|202|202305|306315|246697|0|0|
1000025369|7|101|202109|130206|76746|0|0|
1000025369|7|101|202110|296000|46002|0|0|
1000025369|7|202|202110|191530|191530|0|0|
1000025371|7|101|202105|76320|4416|0|0|
1000025371|7|202|202111|61524|61524|0|0|
1000025373|7|101|202511|147274|13709|0|0|
1000025379|7|101|202503|27878|27878|0|0|
1000025393|7|101|202409|511312|185616|0|0|
1000025393|7|104|202409|110831|102384|20250925|1|
1000025400|7|104|202309|68370|68167|0|0|
1000025400|7|101|202310|312000|27166|0|0|
1000025400|7|104|202310|6951|6951|0|0|
1000025400|7|101|202404|57857|57857|0|0|
1000025400|7|101|202407|9993|9993|0|0|
1000025408|7|101|202409|490000|490000|0|0|
1000025413|7|101|202303|610370|307021|20251128|16|
1000025413|7|101|202304|440045|85275|20251128|16|
1000025413|7|104|202304|11496|11496|20251128|16|
1000025420|7|101|202210|22776|1401|0|0|
1000025420|7|101|202302|3500000|2|0|0|
1000025420|7|101|202407|100000|11360|0|0|
1000025425|7|101|202411|11161|11161|0|0|
1000025437|7|101|202108|1099384|540419|20260423|16|
1000025441|7|101|202504|200000|29439|0|0|
1000025441|7|104|202504|570|570|0|0|
1000025441|7|104|202505|4298|4298|0|0|
1000025455|7|101|202312|392656|44332|0|0|
1000025455|7|101|202401|522868|72825|0|0|
1000025455|7|104|202401|3021|3021|0|0|
1000025455|7|101|202402|136000|23683|0|0|
1000025455|7|104|202402|8482|8482|0|0|
1000025455|7|105|202501|294|294|0|0|
1000025466|7|101|202310|225099|8756|0|0|
1000025466|7|101|202311|200458|10001|0|0|
1000025466|7|104|202311|7092|7092|0|0|
1000025466|7|104|202312|1474|1474|0|0|
1000025466|7|202|202312|367865|366476|0|0|
1000025481|7|101|202404|555500|393396|0|0|
1000025481|7|104|202404|9545|9545|0|0|
1000025481|7|101|202405|82000|80547|0|0|
1000025481|7|104|202405|19931|11131|0|0|
1000025482|7|101|202603|22000|22000|0|0|
1000025482|7|104|202603|7995|7995|0|0|
1000025492|7|101|202109|400000|115000|0|0|
1000025492|7|104|202109|2940|2940|0|0|
1000025492|7|202|202109|806516|393846|20251223|16|
1000025492|7|101|202110|670000|107440|0|0|
1000025492|7|105|202203|8439|8439|0|0|
1000025492|7|105|202301|53713|53713|0|0|
1000025495|7|101|202410|44469|43090|0|0|
1000025495|7|101|202411|185376|46382|0|0|
1000025495|7|104|202411|10000|10000|0|0|
1000025495|7|101|202501|5823|5823|0|0|
1000025510|7|101|202301|141193|55891|0|0|
1000025510|7|101|202302|100000|10030|0|0|
1000025510|7|101|202303|150000|5395|20251128|16|
1000025513|7|101|202302|50983|50983|20251128|16|
1000025513|7|101|202307|24892|24892|20251128|16|
1000025518|7|101|202212|100000|2|0|0|
1000025527|7|104|202111|654|654|0|0|
1000025527|7|101|202201|56|2|0|0|
1000025527|7|104|202305|8969|8969|0|0|
1000025529|7|101|202507|1375608|728565|0|0|
1000025529|7|104|202507|40006|40003|0|0|
1000025529|7|101|202508|245519|200519|0|0|
1000025529|7|101|202509|150000|15000|0|0|
1000025535|7|104|202512|44511|44511|0|0|
1000025535|7|101|202601|1618000|796000|0|0|
1000025541|7|101|202407|56000|56000|0|0|
1000025541|7|101|202408|64098|2325|0|0|
1000025541|7|101|202409|51576|2|0|0|
1000025548|7|101|202112|938537|390787|0|0|
1000025548|7|104|202112|10978|10911|0|0|
1000025548|7|101|202201|117638|17639|0|0|
1000025548|7|104|202201|3998|3998|0|0|
1000025553|7|101|202404|222999|222999|0|0|
1000025555|7|101|202412|200000|200000|0|0|
1000025555|7|104|202412|24993|24993|20251001|12|
1000025555|7|101|202501|95000|95000|0|0|
1000025563|7|104|202309|42058|37384|0|0|
1000025563|7|101|202310|265507|264507|0|0|
1000025563|7|104|202310|9996|9577|0|0|
1000025584|7|104|202410|625|625|0|0|
1000025590|7|101|202502|143186|5462|0|0|
1000025590|7|101|202503|156397|156397|0|0|
1000025597|7|104|202306|75880|75287|0|0|
1000025597|7|101|202307|279750|192493|20251128|16|
1000025597|7|104|202308|6138|6138|0|0|
1000025597|7|202|202308|38765|38765|0|0|
1000025597|7|202|202310|51159|51064|0|0|
1000025597|7|105|202311|1274|1274|0|0|
1000025597|7|202|202311|724434|724434|0|0|
1000025607|7|101|202402|294090|294090|0|0|
1000025607|7|101|202403|703650|703650|0|0|
1000025607|7|104|202403|48261|48119|0|0|
1000025607|7|104|202404|28354|28354|0|0|
1000025607|7|101|202406|189377|189377|0|0|
1000025609|7|101|202502|1109477|211304|0|0|
1000025609|7|104|202502|10110|9392|0|0|
1000025609|7|101|202503|168280|48328|0|0|
1000025609|7|104|202503|2414|2414|0|0|
1000025609|7|101|202504|8672|8672|0|0|
1000025622|7|101|202507|300000|24833|0|0|
1000025622|7|101|202508|162000|12692|0|0|
1000025622|7|202|202508|275166|275166|0|0|
1000025638|7|101|202405|1534521|164521|20250820|12|
1000025648|7|101|202308|900000|125001|0|0|
1000025648|7|104|202308|247609|247609|0|0|
1000025648|7|202|202308|1094368|1093777|0|0|
1000025648|7|101|202501|3000|3000|0|0|
1000025648|7|104|202503|49998|49998|0|0|
1000025648|7|105|202503|66872|66872|0|0|
1000025650|7|101|202509|355000|60724|0|0|
1000025650|7|101|202511|102600|8451|0|0|
1000025650|7|104|202511|34908|34908|0|0|
1000025650|7|101|202512|692766|63656|0|0|
1000025656|7|101|202501|353112|353112|0|0|
1000025674|7|104|202602|37624|33371|0|0|
1000025698|7|101|202512|780000|400000|0|0|
1000025698|7|101|202601|786833|786833|0|0|
1000025698|7|101|202603|620000|620000|0|0|
1000025703|7|101|202306|11700|11679|0|0|
1000025709|7|101|202507|87200|13080|0|0|
1000025709|7|104|202508|9397|9397|0|0|
1000025710|7|101|202503|450000|322500|0|0|
1000025710|7|201|202503|50000|50000|0|0|
1000025710|7|101|202504|126138|125411|0|0|
1000025710|7|101|202505|80000|80000|0|0|
1000025710|7|101|202509|19830|19830|0|0|
1000025714|7|101|202409|445000|83158|0|0|
1000025714|7|104|202409|93577|93499|0|0|
1000025714|7|101|202410|313000|24472|0|0|
1000025714|7|104|202410|14971|14971|0|0|
1000025714|7|101|202411|292171|29217|0|0|
1000025714|7|104|202411|29769|29769|0|0|
1000025725|7|101|202309|452100|66300|0|0|
1000025725|7|101|202311|10000|10000|0|0|
1000025725|7|104|202311|3809|3809|0|0|
1000025725|7|104|202312|1149|2|0|0|
1000025725|7|101|202401|35611|34367|0|0|
1000025740|7|101|202308|3284866|334217|0|0|
1000025740|7|104|202308|19991|19991|0|0|
1000025740|7|101|202309|628450|231434|0|0|
1000025740|7|104|202309|28788|28788|0|0|
1000025740|7|202|202309|1560807|1560807|0|0|
1000025740|7|202|202312|614798|614604|0|0|
1000025747|7|104|202408|1265878|1133935|0|0|
1000025747|7|101|202409|106000000|106000000|0|0|
1000025755|7|101|202507|500000|50000|0|0|
1000025755|7|101|202508|132400|108447|0|0|
1000025755|7|202|202508|450230|442556|0|0|
1000025755|7|101|202509|187900|187900|0|0|
1000025755|7|101|202510|65835|57509|0|0|
1000025777|7|101|202604|90000|90000|0|0|
1000025777|7|104|202604|122|122|0|0|
1000025812|7|101|202512|1187855|570355|0|0|
1000025812|7|104|202512|2992|2992|0|0|
1000025821|7|104|202406|15209|15209|0|0|
1000025821|7|101|202503|148150|7156|0|0|
1000025827|7|104|202404|27782|27782|0|0|
1000025827|7|105|202406|50000|50000|0|0|
1000025832|7|104|202404|29111|29081|0|0|
1000025832|7|104|202405|41018|31302|0|0|
1000025832|7|105|202603|3502|3502|0|0|
1000025835|7|101|202206|160859|22109|0|0|
1000025835|7|202|202206|470884|397646|0|0|
1000025835|7|101|202207|4801|4801|0|0|
1000025835|7|104|202209|3449|2|0|0|
1000025835|7|101|202210|34741|29840|0|0|
1000025849|7|101|202309|300000|23061|0|0|
1000025849|7|101|202310|487164|4092|0|0|
1000025849|7|104|202310|17494|17494|0|0|
1000025849|7|101|202311|89000|54742|0|0|
1000025858|7|101|202309|245000|245000|0|0|
1000025894|7|101|202411|191431|191431|0|0|
1000025894|7|101|202412|190000|178773|0|0|
1000025894|7|101|202501|110000|11000|0|0|
1000025894|7|202|202501|305196|305115|0|0|
1000025897|7|101|202510|67498|67498|0|0|
1000025897|7|104|202510|21782|21782|0|0|
1000025897|7|101|202512|675000|62935|0|0|
1000025897|7|101|202601|437100|436499|0|0|
1000025898|7|101|202103|131807|131807|0|0|
1000025898|7|101|202110|110000|7314|0|0|
1000025898|7|101|202210|715070|412762|0|0|
1000025917|7|101|202511|45000|45000|0|0|
1000025924|7|104|202208|170950|159342|0|0|
1000025924|7|101|202209|621197|489006|0|0|
1000025924|7|202|202209|881043|879005|0|0|
1000025924|7|101|202211|49920|1136|0|0|
1000025929|7|101|202307|155580|155580|0|0|
1000025929|7|101|202309|1140282|1140282|0|0|
1000025929|7|101|202310|484998|24533|0|0|
1000025929|7|104|202310|1686|1686|0|0|
1000025929|7|202|202312|73871|73443|0|0|
1000025953|7|101|202312|500000|9868|0|0|
1000025953|7|202|202402|490130|490130|0|0|
1000025953|7|104|202403|70|70|0|0|
1000025953|7|202|202407|28910|28115|0|0|
1000025955|7|104|202510|69302|69302|0|0|
1000025955|7|104|202511|40216|40186|0|0|
1000025955|7|104|202512|15925|15925|0|0|
1000025962|7|202|202110|722528|721822|0|0|
1000025962|7|202|202111|129362|128956|0|0|
1000025962|7|101|202112|124919|124314|0|0|
1000025970|7|101|202309|1300000|101045|0|0|
1000025970|7|101|202310|130500|8803|0|0|
1000025970|7|101|202312|84736|3473|0|0|
1000025973|7|101|202510|161983|161983|0|0|
1000025977|7|202|202508|287087|287012|0|0|
1000025977|7|101|202509|27774|3035|0|0|
1000025977|7|101|202511|29318|29318|0|0|
1000025977|7|105|202602|28066|28066|0|0|
1000025993|7|101|202411|540000|79798|0|0|
1000025993|7|105|202411|38379|38379|0|0|
1000026004|7|201|202410|46742|46742|0|0|
1000026004|7|101|202411|200000|1|0|0|
1000026004|7|104|202411|44456|44290|0|0|
1000026004|7|201|202411|85551|85551|0|0|
1000026004|7|204|202411|110165|110165|0|0|
1000026004|7|101|202412|15000|15000|0|0|
1000026011|7|101|202408|321976|321976|0|0|
1000026011|7|101|202409|490000|490000|0|0|
1000026011|7|104|202409|110370|110369|0|0|
1000026011|7|101|202410|2236000|2236000|0|0|
1000026016|7|104|202511|6978|5993|0|0|
1000026016|7|104|202512|1554|1554|0|0|
1000026037|7|101|202201|950318|502848|0|0|
1000026037|7|104|202201|3462|3462|0|0|
1000026037|7|202|202201|433867|431247|0|0|
1000026068|7|104|202506|6862|6862|0|0|
1000026068|7|101|202507|9999|9999|0|0|
1000026084|7|101|202502|950000|950000|20260424|12|
1000026084|7|101|202503|3362000|3362000|20260429|12|
1000026084|7|101|202505|312000|31200|20260429|12|
1000026084|7|201|202505|284437|284437|20260429|12|
1000026084|7|101|202506|591629|591629|20260429|12|
1000026084|7|201|202506|761554|761554|20260429|12|
1000026090|7|104|202507|10389|9562|0|0|
1000026090|7|101|202508|783981|308981|0|0|
1000026090|7|104|202508|7820|7820|0|0|
1000026090|7|101|202510|28248|24479|0|0|
1000026091|7|104|202301|14568|14568|0|0|
1000026091|7|101|202302|400000|35984|0|0|
1000026091|7|104|202302|8035|8035|0|0|
1000026091|7|104|202303|2662|2662|0|0|
1000026091|7|201|202303|45773|45773|0|0|
1000026111|7|101|202505|105000|105000|0|0|
1000026148|7|101|202312|660800|267610|0|0|
1000026148|7|104|202312|82272|79358|0|0|
1000026148|7|101|202403|24411|24411|0|0|
1000026151|7|101|202308|337747|31196|0|0|
1000026151|7|101|202312|45000|45000|0|0|
1000026151|7|101|202401|75210|75210|0|0|
1000026151|7|101|202405|35767|35767|0|0|
1000026155|7|101|202405|200000|18000|0|0|
1000026155|7|104|202406|1113|1113|0|0|
1000026155|7|201|202406|92383|92383|0|0|
1000026156|7|104|202603|4922|4922|0|0|
1000026160|7|101|202508|941447|31960|0|0|
1000026160|7|104|202508|2525|2525|0|0|
1000026160|7|101|202510|664|664|0|0|
1000026166|7|104|202601|9954|9954|0|0|
1000026166|7|105|202604|10242|10242|0|0|
1000026190|9|202|202208|287585|287585|0|0|
1000026190|7|104|202210|5069|5069|0|0|
1000026190|7|104|202211|6266|6266|0|0|
1000026204|7|101|202108|340000|51000|0|0|
1000026204|7|104|202108|17289|17289|0|0|
1000026204|7|101|202109|387000|40500|0|0|
1000026204|7|104|202109|12214|12214|0|0|
1000026205|7|104|202407|75598|75598|0|0|
1000026205|7|101|202408|911737|536830|0|0|
1000026205|7|101|202409|858971|498971|0|0|
1000026238|7|101|202403|14975|14975|0|0|
1000026238|7|104|202403|13612|13612|0|0|
1000026238|7|101|202404|5000|5000|0|0|
1000026238|7|101|202406|23420|23420|0|0|
1000026244|7|101|202601|135062|82984|0|0|
1000026244|7|101|202602|155000|155000|0|0|
1000026284|7|101|202410|480000|205978|0|0|
1000026284|7|104|202410|125086|125045|0|0|
1000026284|7|101|202411|225000|153734|0|0|
1000026284|7|104|202411|74590|74525|0|0|
1000026295|7|101|202510|520500|221250|0|0|
1000026295|7|104|202510|33546|33546|0|0|
1000026295|7|104|202511|6494|6494|0|0|
1000026295|7|101|202601|7742|7742|0|0|
1000026343|7|101|202601|9564070|3499999|0|0|
1000026343|7|104|202601|49959|49927|0|0|
1000026361|7|101|202501|261000|20312|0|0|
1000026361|7|104|202501|18833|18833|0|0|
1000026361|7|101|202502|249449|12472|0|0|
1000026367|7|101|202509|300000|300000|0|0|
1000026367|7|104|202509|15156|15156|0|0|
1000026367|7|104|202510|30729|30729|0|0|
1000026380|7|101|202501|255000|12750|20250922|12|
1000026380|7|104|202501|29998|29998|20250925|12|
1000026380|7|201|202501|35571|35571|20250922|12|
1000026380|7|101|202502|297063|297063|20250922|12|
1000026380|7|201|202502|279838|279838|20250922|12|
1000026381|7|101|202410|115980|3|0|0|
1000026381|7|104|202410|20767|20767|0|0|
1000026381|7|202|202410|118377|118106|0|0|
1000026381|7|101|202411|35000|35000|0|0|
1000026381|7|104|202411|1551|1551|0|0|
1000026381|7|101|202412|6368|6368|0|0|
1000026395|7|104|202407|61659|61659|20260213|12|
1000026395|7|104|202408|41117|41117|20260211|12|
1000026395|7|101|202409|186480|3357|20260211|12|
1000026395|7|101|202410|240000|17136|20260211|12|
1000026395|7|101|202411|1400000|1279666|20250626|16|
1000026395|7|101|202412|330000|33000|20260213|12|
1000026413|7|104|202205|43323|43295|0|0|
1000026413|7|104|202206|2727|1249|0|0|
1000026433|7|101|202406|123750|3950|0|0|
1000026434|7|202|202503|299077|299077|0|0|
1000026434|7|101|202505|197837|197837|0|0|
1000026434|7|101|202506|33000|33000|0|0|
1000026434|7|104|202506|50|50|0|0|
1000026456|7|101|202407|319597|226475|0|0|
1000026456|7|104|202407|6897|6897|0|0|
1000026460|7|101|202508|31074|0|20251223|1|
1000026462|7|104|202403|62364|59809|0|0|
1000026462|7|101|202404|12499|12499|0|0|
1000026462|7|104|202404|27133|27133|0|0|
1000026462|7|104|202405|2004|2004|0|0|
1000026462|7|101|202406|148010|144387|0|0|
1000026462|7|101|202407|19300|19300|0|0|
1000026462|7|104|202409|23848|23848|0|0|
1000026480|7|101|202309|179820|16570|0|0|
1000026480|7|202|202310|15080|14900|0|0|
1000026480|7|101|202311|40027|40027|0|0|
1000026480|7|101|202312|52163|52163|0|0|
1000026491|7|101|202312|68000|6800|0|0|
1000026491|7|104|202312|31902|31901|0|0|
1000026491|7|101|202401|224000|2887|0|0|
1000026491|7|105|202402|74404|35856|0|0|
1000026500|7|101|202312|17480|2|0|0|
1000026508|7|101|202311|96580|29745|0|0|
1000026508|7|101|202312|130000|2|0|0|
1000026508|7|104|202312|1169|1169|0|0|
1000026508|7|101|202401|49147|49147|0|0|
1000026508|7|104|202401|3712|3712|0|0|
1000026508|7|101|202402|309999|309999|0|0|
1000026508|7|101|202404|131250|6562|0|0|
1000026508|7|202|202404|387004|386825|0|0|
1000026515|7|101|202309|109459|109459|0|0|
1000026515|7|101|202310|249976|102756|0|0|
1000026515|7|105|202410|1199|1145|0|0|
1000026521|7|101|202604|40000|2|0|0|
1000026531|7|101|202508|260820|260820|0|0|
1000026531|7|104|202508|4313|4313|0|0|
1000026531|7|101|202509|935558|858852|0|0|
1000026533|7|101|202212|200000|10002|0|0|
1000026533|7|202|202301|191948|191948|0|0|
1000026535|7|104|202501|4716|4716|0|0|
1000026539|7|101|202303|65000|5799|0|0|
1000026539|7|104|202304|2345|2345|0|0|
1000026539|7|101|202305|290000|40941|0|0|
1000026539|7|101|202306|118370|12680|0|0|
1000026539|7|101|202308|19500|19500|0|0|
1000026539|7|101|202311|1340000|646069|0|0|
1000026539|7|101|202412|34592|33123|0|0|
1000026539|7|101|202503|50000|50000|0|0|
1000026543|7|101|202410|3100000|89128|0|0|
1000026543|7|201|202410|168850|168850|0|0|
1000026543|7|101|202411|2289772|1554772|0|0|
1000026543|7|104|202411|9062|8777|0|0|
1000026543|7|201|202411|660079|660079|0|0|
1000026543|7|101|202412|1556901|4343|0|0|
1000026543|7|101|202504|17326|17326|0|0|
1000026543|7|101|202506|42431|42431|0|0|
1000026562|7|101|202407|289310|24388|0|0|
1000026562|7|101|202408|394250|33301|0|0|
1000026562|7|104|202408|15586|15545|0|0|
1000026562|7|105|202408|20680|20680|0|0|
1000026562|7|101|202409|500000|230000|0|0|
1000026562|7|105|202409|61898|61898|0|0|
1000026563|7|104|202510|19456|19429|0|0|
1000026563|7|104|202511|361|361|0|0|
1000026563|7|101|202512|11518|11518|0|0|
1000026564|7|104|202108|9993|9872|0|0|
1000026564|7|101|202109|250000|16117|0|0|
1000026564|7|104|202109|7996|7996|0|0|
1000026564|7|101|202110|298685|298685|0|0|
1000026564|7|202|202111|168613|168414|0|0|
1000026570|7|101|202310|1230000|1020414|0|0|
1000026570|7|104|202310|165772|165590|0|0|
1000026570|7|101|202311|2239289|1624278|0|0|
1000026570|7|104|202311|71901|71901|0|0|
1000026570|7|202|202311|166760|165229|0|0|
1000026570|7|101|202312|600000|600000|0|0|
1000026570|7|104|202312|8000|8000|0|0|
1000026570|7|202|202312|460351|453076|0|0|
1000026570|7|202|202403|140975|140583|0|0|
1000026570|7|101|202406|9024|9024|0|0|
1000026574|7|101|202410|239994|56472|0|0|
1000026574|7|104|202410|38748|38728|0|0|
1000026574|7|104|202411|19608|19608|0|0|
1000026574|7|101|202412|16875|16875|0|0|
1000026576|7|104|202312|68972|68972|0|0|
1000026576|7|101|202401|10856897|8053272|0|0|
1000026576|7|104|202401|83594|83309|0|0|
1000026576|7|101|202402|149960|149960|0|0|
1000026576|7|101|202403|1650000|800000|0|0|
1000026576|7|104|202403|2667|2667|0|0|
1000026576|7|105|202405|14670|14670|0|0|
1000026576|7|105|202408|13621|13621|0|0|
1000026576|7|101|202409|33190|33190|0|0|
1000026588|7|101|202407|300000|22148|0|0|
1000026590|7|101|202404|300000|25603|0|0|
1000026590|7|101|202412|45000|4359|0|0|
1000026590|7|101|202502|20000|2|0|0|
1000026592|7|101|202505|309175|309175|0|0|
1000026592|7|101|202506|1331095|294042|0|0|
1000026592|7|104|202506|3264|1687|0|0|
1000026592|7|101|202509|43000|43000|0|0|
1000026597|7|101|202311|575721|290721|0|0|
1000026597|7|101|202312|216556|36556|0|0|
1000026597|7|201|202312|37207|37207|0|0|
1000026597|7|202|202312|446945|427194|0|0|
1000026597|7|202|202401|477011|477010|0|0|
1000026597|7|104|202403|7924|7924|0|0|
1000026597|7|101|202408|3616|3616|0|0|
1000026614|7|101|202507|477500|87625|0|0|
1000026614|7|104|202507|75266|75266|0|0|
1000026619|7|101|202311|300000|30000|0|0|
1000026620|7|101|202408|1466316|836316|0|0|
1000026620|7|104|202408|63322|63322|0|0|
1000026620|7|101|202409|83999|83999|0|0|
1000026620|7|104|202409|41823|41711|0|0|
1000026620|7|202|202409|644472|638262|0|0|
1000026620|7|101|202411|32000|32000|0|0|
1000026631|7|202|202311|13471|13471|0|0|
1000026634|7|101|202403|89680|2115|0|0|
1000026637|7|101|202501|300000|30000|0|0|
1000026637|7|104|202501|41351|41351|0|0|
1000026637|7|101|202502|195000|173834|0|0|
1000026655|7|101|202307|1850000|500533|0|0|
1000026655|7|101|202308|591152|307376|0|0|
1000026655|7|104|202308|14462|6239|0|0|
1000026655|7|104|202309|29747|29747|0|0|
1000026655|7|202|202310|993799|992620|0|0|
1000026657|7|104|202510|11385|6635|0|0|
1000026657|7|104|202511|3044|3044|0|0|
1000026703|7|104|202312|6986|5542|0|0|
1000026703|7|104|202401|21405|18777|0|0|
1000026703|7|104|202402|18515|18515|0|0|
1000026703|7|101|202405|88200|88200|0|0|
1000026703|7|101|202406|300000|1894|0|0|
1000026703|7|101|202408|300000|4581|0|0|
1000026704|7|101|202503|145172|145172|0|0|
1000026704|7|104|202503|143593|143593|0|0|
1000026704|7|101|202504|1279666|355892|0|0|
1000026704|7|104|202504|93108|90189|0|0|
1000026704|7|101|202505|1811000|654637|0|0|
1000026704|7|104|202505|9982|9982|0|0|
1000026704|7|101|202506|200000|200000|0|0|
1000026704|7|101|202507|297685|7476|0|0|
1000026704|7|101|202603|82325|82325|0|0|
1000026729|7|101|202403|306765|306765|0|0|
1000026729|7|104|202403|57382|57374|0|0|
1000026729|7|101|202404|1480760|545598|0|0|
1000026729|7|104|202404|29998|29998|0|0|
1000026733|7|101|202507|359800|299341|0|0|
1000026733|7|104|202507|158893|158893|0|0|
1000026733|7|101|202508|380000|38000|0|0|
1000026733|7|104|202508|12900|12876|0|0|
1000026738|7|101|202411|974793|873621|0|0|
1000026738|7|104|202411|103639|103639|0|0|
1000026738|7|101|202412|2372480|1495765|0|0|
1000026738|7|104|202412|287380|287113|0|0|
1000026738|7|101|202501|350701|237873|0|0|
1000026738|7|101|202502|1283469|1283469|0|0|
1000026740|7|101|202404|951500|444975|0|0|
1000026740|7|104|202404|78140|78140|0|0|
1000026740|7|104|202405|24933|24618|0|0|
1000026740|7|101|202501|54840|54840|0|0|
1000026741|7|101|202412|115000|2|0|0|
1000026741|7|101|202501|9656|9656|0|0|
1000026741|7|101|202502|30000|30000|0|0|
1000026741|7|101|202503|150000|14885|0|0|
1000026772|7|104|202312|52140|52081|0|0|
1000026772|7|101|202401|200000|200000|0|0|
1000026786|7|104|202207|16435|16435|20251128|16|
1000026786|7|202|202208|270296|270296|0|0|
1000026786|7|101|202209|200000|200000|0|0|
1000026786|7|101|202211|29954|29954|20251128|16|
1000026802|7|101|202302|147237|147237|0|0|
1000026802|7|104|202302|9895|9895|0|0|
1000026802|7|202|202302|115924|115805|0|0|
1000026802|7|101|202303|430500|50175|0|0|
1000026802|7|104|202303|30921|30920|0|0|
1000026802|7|101|202304|5670|5670|0|0|
1000026802|7|202|202304|380324|378700|0|0|
1000026806|7|104|202410|78185|77395|0|0|
1000026806|7|101|202411|658718|658718|0|0|
1000026810|7|101|202502|88891|88891|20251112|99|
1000026810|7|104|202502|16185|0|20260417|1|
1000026810|7|101|202503|400000|0|20251223|1|
1000026817|7|101|202407|494000|467726|0|0|
1000026842|7|101|202201|19999|19999|0|0|
1000026842|7|104|202201|20131|20130|20251128|16|
1000026842|7|202|202201|303414|303414|0|0|
1000026842|7|104|202202|30428|30051|0|0|
1000026848|7|104|202503|27029|19381|20260306|1|
1000026848|7|101|202504|596681|246413|0|0|
1000026848|7|104|202504|4286|4286|0|0|
1000026848|7|101|202505|324986|19523|0|0|
1000026850|7|101|202504|2915000|4|0|0|
1000026850|7|101|202510|70000|3500|0|0|
1000026866|7|101|202302|1254000|288995|0|0|
1000026866|7|104|202302|10407|10407|0|0|
1000026868|7|101|202412|117500|117500|0|0|
1000026868|7|104|202412|2245|1826|0|0|
1000026868|7|101|202501|560000|360002|0|0|
1000026911|7|101|202508|448870|233790|0|0|
1000026911|7|104|202508|16261|16261|0|0|
1000026911|7|101|202509|600000|240228|0|0|
1000026911|7|101|202510|330490|26600|0|0|
1000026911|7|101|202603|230974|230974|0|0|
1000026913|7|101|202302|629477|629477|0|0|
1000026913|7|101|202307|7506|7506|0|0|
1000026923|7|101|202509|557505|44599|0|0|
1000026923|7|101|202510|569205|74733|0|0|
1000026923|7|101|202511|1867|1867|0|0|
1000026923|7|101|202512|34706|34706|0|0|
1000026924|7|101|202507|666000|666000|0|0|
1000026924|7|104|202507|276425|276425|0|0|
1000026924|7|202|202507|1250817|1250817|0|0|
1000026924|7|101|202512|1792|2|0|0|
1000026930|7|104|202309|10272|10272|0|0|
1000026930|7|101|202311|6660|582|0|0|
1000026949|7|104|202209|29255|29255|0|0|
1000026958|7|101|202308|243000|24300|0|0|
1000026958|7|104|202308|1940|1940|0|0|
1000026973|7|101|202410|222000|22944|0|0|
1000026981|7|104|202109|29459|0|20251211|7|
1000026981|7|104|202110|4880|4880|0|0|
1000026981|7|101|202111|70993|70993|0|0|
1000026981|7|101|202202|1412|1412|0|0|
1000026981|7|101|202203|12000|11682|0|0|
1000026981|7|101|202204|88000|2023|0|0|
1000026981|7|105|202208|7039|7039|0|0|
1000027030|7|101|202402|184740|7249|0|0|
1000027030|7|104|202402|44463|44463|0|0|
1000027030|7|101|202403|649817|64982|0|0|
1000027030|7|101|202404|17389|17365|0|0|
1000027030|7|202|202404|139386|139386|0|0|
1000027030|7|202|202405|644648|644648|0|0|
1000027033|7|101|202303|900000|900000|0|0|
1000027033|7|101|202304|92369|92369|0|0|
1000027033|7|104|202304|17063|17048|0|0|
1000027033|7|101|202310|300000|41770|0|0|
1000027035|7|202|202407|613235|612236|0|0|
1000027035|7|101|202409|289200|289200|0|0|
1000027036|7|101|202207|540000|54000|0|0|
1000027036|7|104|202207|177746|176406|0|0|
1000027036|7|101|202209|200000|17149|20251128|16|
1000027036|7|202|202209|182850|182184|0|0|
1000027053|7|101|202212|48044|3812|0|0|
1000027053|7|104|202212|7659|7659|0|0|
1000027053|7|101|202301|135000|13500|0|0|
1000027054|7|101|202402|292035|283554|0|0|
1000027054|7|104|202402|70277|68830|0|0|
1000027054|7|101|202403|49800|48877|0|0|
1000027074|7|101|202604|19934|19934|0|0|
1000027086|7|104|202311|10699|10573|0|0|
1000027086|7|101|202312|725720|725720|0|0|
1000027086|7|104|202312|24088|24088|0|0|
1000027086|7|101|202402|8154|8154|0|0|
1000027088|7|101|202412|313500|23552|0|0|
1000027094|7|101|202211|1360000|876929|0|0|
1000027094|7|101|202212|115000|9480|20251128|16|
1000027094|7|104|202212|23683|23676|0|0|
1000027094|7|104|202301|10000|10000|0|0|
1000027094|7|105|202302|18651|18651|0|0|
1000027094|7|101|202601|75036|75036|0|0|
1000027097|7|101|202302|516883|317884|0|0|
1000027097|7|104|202302|90252|79230|0|0|
1000027097|7|202|202302|202606|202106|0|0|
1000027097|7|101|202303|68750|2726|0|0|
1000027097|7|104|202303|109|109|0|0|
1000027098|7|101|202406|500000|50000|0|0|
1000027098|7|104|202406|15001|15001|0|0|
1000027098|7|101|202412|90000|68800|0|0|
1000027112|7|101|202401|80000|2|0|0|
1000027112|7|104|202402|17047|17046|0|0|
1000027112|7|101|202403|73245|71925|0|0|
1000027112|7|104|202403|2308|2308|0|0|
1000027112|7|101|202404|8840|2|0|0|
1000027112|7|101|202407|18200|18200|0|0|
1000027129|7|104|202502|15493|15493|0|0|
1000027129|7|101|202510|5184|5184|0|0|
1000027136|7|104|202602|15074|15000|0|0|
1000027144|7|101|202501|205940|205940|20260324|12|
1000027163|7|101|202501|132688|132688|0|0|
1000027163|7|104|202501|237483|237483|0|0|
1000027163|7|201|202503|181037|181037|0|0|
1000027173|7|104|202601|11135|11135|0|0|
1000027179|7|101|202203|212236|212236|0|0|
1000027179|7|104|202203|60251|60251|20251128|16|
1000027179|7|101|202204|9995|9995|0|0|
1000027179|7|104|202204|62088|61839|0|0|
1000027179|7|201|202205|183528|183528|0|0|
1000027179|7|202|202205|192236|192236|0|0|
1000027179|7|101|202404|11188|11188|0|0|
1000027186|7|104|202408|5744|4833|0|0|
1000027186|7|104|202409|9977|9977|0|0|
1000027186|7|101|202410|40500|2|0|0|
1000027186|7|104|202410|4235|4235|0|0|
1000027186|7|101|202411|45000|45000|0|0|
1000027194|7|104|202210|13251|13002|0|0|
1000027194|7|104|202211|3100|3100|0|0|
1000027194|7|202|202211|202918|202918|0|0|
1000027194|7|101|202212|200000|2|0|0|
1000027201|7|101|202308|189834|17410|0|0|
1000027201|7|104|202308|2978|2978|0|0|
1000027201|7|101|202309|50000|50000|0|0|
1000027201|7|104|202309|10853|10853|0|0|
1000027201|7|101|202310|150000|7500|0|0|
1000027201|7|202|202311|629202|629202|0|0|
1000027203|7|104|202310|4862|4862|0|0|
1000027203|7|104|202311|49022|48504|0|0|
1000027203|7|105|202501|7433|7433|0|0|
1000027203|7|101|202503|29897|29897|0|0|
1000027207|7|104|202508|69469|69469|0|0|
1000027207|7|101|202509|1254200|131332|0|0|
1000027207|7|104|202509|1108|1108|0|0|
1000027229|7|101|202603|135000|135000|0|0|
1000027256|7|101|202303|208020|139164|0|0|
1000027256|7|104|202303|13605|13602|0|0|
1000027256|7|101|202304|989944|419945|0|0|
1000027256|7|104|202304|57791|57791|0|0|
1000027256|7|202|202304|680095|677761|0|0|
1000027289|7|101|202404|300000|15000|0|0|
1000027289|7|202|202406|291656|290625|0|0|
1000027304|7|104|202307|3631|3619|0|0|
1000027304|7|101|202308|300000|9743|0|0|
1000027304|7|101|202309|98860|8700|0|0|
1000027304|7|101|202310|119998|19999|0|0|
1000027322|7|101|202207|54444|54444|0|0|
1000027322|7|104|202207|703|703|0|0|
1000027322|7|101|202208|259800|255048|0|0|
1000027322|7|101|202209|450000|142913|0|0|
1000027322|7|202|202209|603356|585162|0|0|
1000027322|7|101|202210|548882|73050|0|0|
1000027322|7|202|202210|477631|435949|0|0|
1000027322|7|101|202211|97072|97072|0|0|
1000027322|7|101|202301|96340|96340|0|0|
1000027325|7|101|202411|280522|180524|0|0|
1000027325|7|104|202411|18233|18233|0|0|
1000027325|7|104|202412|46515|46430|0|0|
1000027352|7|101|202302|919|919|0|0|
1000027352|7|101|202308|300000|33440|0|0|
1000027352|7|101|202310|10638|10638|0|0|
1000027352|7|104|202311|1871|1871|0|0|
1000027355|7|101|202604|459088|459088|0|0|
1000027357|7|101|202409|2375715|1287119|0|0|
1000027357|7|104|202409|64198|64198|0|0|
1000027357|7|101|202410|1060000|68000|0|0|
1000027357|7|104|202410|2999|2999|0|0|
1000027357|7|201|202410|310991|310991|0|0|
1000027357|7|201|202411|151977|151977|0|0|
1000027357|7|201|202412|230067|230067|0|0|
1000027357|7|101|202501|161500|161500|0|0|
1000027358|7|101|202501|280000|31960|0|0|
1000027362|7|101|202403|210000|8327|0|0|
1000027362|7|104|202403|9674|9674|0|0|
1000027362|7|202|202403|555337|555337|0|0|
1000027368|7|104|202506|116440|115954|0|0|
1000027368|7|101|202508|9000000|9000000|0|0|
1000027368|7|101|202511|4384757|884757|0|0|
1000027368|7|101|202601|48676|48676|0|0|
1000027369|7|104|202305|3000|3000|0|0|
1000027370|7|101|202210|284000|2|0|0|
1000027370|7|101|202211|270000|65322|0|0|
1000027387|7|101|202501|197372|17969|0|0|
1000027387|7|101|202503|230000|13005|0|0|
1000027387|7|104|202503|9579|9579|0|0|
1000027405|7|101|202405|402500|12697|0|0|
1000027405|7|101|202407|253|338|0|0|
1000027405|7|202|202408|276736|274390|0|0|
1000027414|7|104|202210|16949|14644|20251128|16|
1000027414|7|101|202211|45000|6750|0|0|
1000027414|7|104|202211|25061|24865|0|0|
1000027414|7|202|202301|458435|458435|0|0|
1000027416|7|202|202304|85836|85729|0|0|
1000027416|7|101|202307|14256|14256|0|0|
1000027444|7|104|202411|5467|5467|0|0|
1000027445|7|202|202307|459089|458531|0|0|
1000027445|7|101|202308|64993|64912|0|0|
1000027445|7|104|202308|5505|5505|0|0|
1000027445|7|101|202309|26159|26159|0|0|
1000027445|7|101|202310|17012|17012|0|0|
1000027445|7|101|202410|7250|5706|0|0|
1000027456|7|101|202401|300000|8371|0|0|
1000027456|7|104|202401|54391|50089|0|0|
1000027456|7|101|202402|349998|32392|0|0|
1000027456|7|101|202403|13359|13359|0|0|
1000027457|7|101|202508|150000|26785|0|0|
1000027457|7|101|202512|19216|18837|0|0|
1000027458|7|104|202504|39504|39504|0|0|
1000027458|7|105|202504|17227|17227|0|0|
1000027458|7|101|202505|652727|307227|0|0|
1000027458|7|104|202505|74726|74726|0|0|
1000027458|7|101|202506|62500|6250|0|0|
1000027459|7|101|202312|105000|5002|0|0|
1000027459|7|101|202401|135075|4270|0|0|
1000027469|7|101|202505|163021|160113|20251215|12|
1000027469|7|104|202505|7000|7000|20251215|12|
1000027469|7|101|202506|42859|42859|0|0|
1000027471|7|101|202205|116619|106259|0|0|
1000027471|7|101|202210|29120|4022|0|0|
1000027504|7|101|202508|200000|200000|0|0|
1000027504|7|104|202508|21267|21267|0|0|
1000027504|7|201|202510|22792|22792|0|0|
1000027519|7|101|202302|475000|202469|0|0|
1000027529|7|101|202411|611780|611780|0|0|
1000027529|7|104|202411|90774|89873|0|0|
1000027529|7|101|202412|247208|57208|0|0|
1000027529|7|202|202412|306001|303786|0|0|
1000027540|7|101|202311|203340|14598|0|0|
1000027540|7|104|202311|126629|126629|0|0|
1000027540|7|101|202312|66782|66782|0|0|
1000027540|7|104|202312|199382|199330|0|0|
1000027540|7|101|202401|617681|617681|0|0|
1000027540|7|101|202504|50671|50671|0|0|
1000027548|7|104|202604|8926|8926|0|0|
1000027566|7|101|202507|273960|4|20260427|12|
1000027566|7|104|202507|38751|38751|20260428|12|
1000027566|7|101|202508|235601|135383|20260428|12|
1000027566|7|104|202508|10599|10599|0|0|
1000027567|7|101|202510|606250|218682|0|0|
1000027567|7|101|202512|319000|15950|0|0|
1000027569|7|101|202512|100000|2|0|0|
1000027569|7|101|202601|20000|3000|0|0|
1000027574|7|101|202410|637488|124187|0|0|
1000027580|7|101|202408|5300000|4620000|0|0|
1000027583|7|101|202403|287912|287912|0|0|
1000027583|7|104|202403|136763|136763|0|0|
1000027583|7|101|202404|927440|325733|0|0|
1000027583|7|104|202404|30871|30868|0|0|
1000027594|7|104|202511|7471|7471|0|0|
1000027609|7|101|202505|769165|64424|0|0|
1000027609|7|104|202505|148685|145315|0|0|
1000027609|7|101|202506|23459|7083|0|0|
1000027609|7|104|202506|7112|7111|0|0|
1000027609|7|105|202506|73664|73664|0|0|
1000027609|7|101|202510|17299|17299|0|0|
1000027625|7|101|202312|1000502|424851|0|0|
1000027625|7|101|202401|38000|38000|0|0|
1000027625|7|104|202401|62056|61189|0|0|
1000027625|7|105|202406|8630|8630|0|0|
1000027625|7|101|202409|18839|18839|0|0|
1000027630|7|101|202407|25000|25000|0|0|
1000027632|7|104|202511|36889|36889|0|0|
1000027641|7|104|202410|12858|12858|0|0|
1000027641|7|104|202411|8524|8524|0|0|
1000027641|7|104|202511|14240|14240|0|0|
1000027642|7|101|202603|500000|2|0|0|
1000027653|7|101|202505|1480706|816293|20251217|12|
1000027653|7|104|202505|50505|50505|20251217|12|
1000027653|7|101|202506|18000|18000|20251217|12|
1000027676|7|104|202108|19996|19996|0|0|
1000027676|7|101|202109|398449|398322|0|0|
1000027676|7|104|202109|29989|29989|0|0|
1000027676|7|101|202110|306159|306159|0|0|
1000027676|7|101|202111|700000|45000|0|0|
1000027676|7|202|202201|662729|661563|0|0|
1000027676|7|105|202204|586|586|0|0|
1000027679|7|104|202312|4402|4402|0|0|
1000027679|7|101|202401|450000|272185|0|0|
1000027679|7|104|202401|44981|44972|0|0|
1000027679|7|101|202403|510000|197485|0|0|
1000027679|7|101|202404|100000|100000|0|0|
1000027695|7|101|202602|14250|14250|0|0|
1000027702|7|101|202308|292500|290418|0|0|
1000027702|7|104|202308|34040|34040|0|0|
1000027702|7|101|202309|200000|200000|0|0|
1000027702|7|104|202309|46964|46964|0|0|
1000027702|7|101|202310|150000|150000|0|0|
1000027702|7|101|202401|2999|2|0|0|
1000027715|7|101|202603|300000|2|0|0|
1000027715|7|104|202603|7215|7215|0|0|
1000027733|7|101|202312|611499|49903|0|0|
1000027733|7|104|202312|81426|81258|0|0|
1000027733|7|202|202401|291105|291105|0|0|
1000027733|7|101|202601|31876|31876|0|0|
1000027765|7|104|202307|49000|49000|0|0|
1000027765|7|101|202310|780000|96567|0|0|
1000027765|7|104|202310|14203|9064|0|0|
1000027765|7|101|202311|55640|55640|0|0|
1000027765|7|101|202403|18806|18806|0|0|
1000027774|7|101|202508|217500|10875|0|0|
1000027774|7|104|202508|2427|2427|0|0|
1000027793|7|101|202508|190000|190000|0|0|
1000027793|7|104|202508|7401|7401|0|0|
1000027793|7|101|202509|110000|9164|0|0|
1000027806|7|104|202310|42152|42152|0|0|
1000027806|7|101|202311|348612|348612|0|0|
1000027806|7|104|202311|736|736|0|0|
1000027806|7|105|202311|15667|15667|0|0|
1000027808|7|101|202508|489008|48904|0|0|
1000027808|7|104|202511|8404|8404|0|0|
1000027809|7|104|202409|3240|3227|0|0|
1000027809|7|101|202410|525170|97708|0|0|
1000027809|7|104|202410|8287|8287|0|0|
1000027809|7|101|202411|70496|70495|0|0|
1000027809|7|101|202412|17000|17000|0|0|
1000027809|7|104|202412|287|287|0|0|
1000027809|7|101|202501|40560|40560|0|0|
1000027809|7|105|202502|5922|5922|0|0|
1000027811|7|101|202208|382389|382389|0|0|
1000027811|7|104|202208|60589|60550|0|0|
1000027811|7|104|202209|14359|13372|0|0|
1000027811|7|101|202210|200000|1|0|0|
1000027811|7|101|202601|10909|10909|0|0|
1000027812|7|104|202512|24492|24022|0|0|
1000027812|7|101|202601|110000|109309|0|0|
1000027854|7|101|202505|8350000|5035813|0|0|
1000027880|7|101|202308|70000|3500|0|0|
1000027880|7|101|202309|47763|6|0|0|
1000027917|7|101|202307|293418|29341|0|0|
1000027917|7|104|202307|195407|171227|0|0|
1000027917|7|104|202308|17784|17784|0|0|
1000027918|7|101|202407|750000|180000|0|0|
1000027918|7|104|202407|39726|39640|0|0|
1000027918|7|101|202408|428000|121324|0|0|
1000027918|7|104|202408|807|807|0|0|
1000027918|7|104|202409|3199|3199|0|0|
1000027918|7|101|202410|135571|135571|0|0|
1000027918|7|101|202412|11993|11993|0|0|
1000027928|7|101|202308|63204|2|0|0|
1000027936|7|101|202410|500000|39727|0|0|
1000027936|7|101|202503|552307|255307|0|0|
1000027936|7|202|202505|304031|304030|0|0|
1000027955|7|104|202502|440|390|0|0|
1000027963|7|101|202511|3289995|739985|0|0|
1000027963|7|104|202512|7334|7334|0|0|
1000027963|7|105|202603|9773|9773|0|0|
1000028013|7|101|202401|4980|712|0|0|
1000028013|7|101|202405|1119000|504239|0|0|
1000028013|7|101|202408|400000|2|0|0|
1000028018|7|101|202501|171610|5172|0|0|
1000028018|7|104|202503|1479|1479|0|0|
1000028018|7|101|202504|91287|32438|0|0|
1000028018|7|101|202506|29850|29378|0|0|
1000028034|7|104|202501|1357|1357|0|0|
1000028034|7|101|202502|80000|7366|0|0|
1000028034|7|101|202507|160000|11901|0|0|
1000028046|7|101|202212|300000|265096|0|0|
1000028046|7|104|202301|13176|13176|0|0|
1000028085|7|104|202210|22462|19486|20251128|16|
1000028085|7|101|202301|500000|25000|20251128|16|
1000028085|7|105|202304|6563|6563|0|0|
1000028103|7|101|202509|538240|538240|0|0|
1000028103|7|104|202509|59532|59532|0|0|
1000028103|7|202|202509|1488319|1483471|0|0|
1000028103|7|101|202510|861877|858847|0|0|
1000028103|7|104|202510|258929|258929|0|0|
1000028103|7|101|202512|96225|96225|0|0|
1000028113|7|202|202307|45795|41074|0|0|
1000028113|7|101|202403|220000|20890|0|0|
1000028113|7|202|202403|202866|202866|20251223|16|
1000028119|7|101|202509|499981|499981|20260310|12|
1000028119|7|104|202509|9891|9891|20260310|12|
1000028123|7|101|202406|300000|300000|0|0|
1000028131|7|101|202501|2|2|0|0|
1000028138|7|202|202412|841408|840031|0|0|
1000028138|7|101|202501|141803|141803|0|0|
1000028138|7|101|202502|19952|19952|0|0|
1000028138|7|101|202503|186961|186961|0|0|
1000028146|7|104|202603|992|992|0|0|
1000028159|7|101|202508|98000|7413|0|0|
1000028165|7|101|202503|19992|16788|0|0|
1000028166|7|101|202507|893744|0|20251204|1|
1000028170|7|101|202507|61626|61626|20251030|12|
1000028175|7|104|202512|65506|65506|0|0|
1000028175|7|101|202601|1600000|1223000|0|0|
1000028175|7|104|202601|29999|29999|0|0|
1000028175|7|201|202601|50000|50000|0|0|
1000028175|7|101|202602|267000|267000|0|0|
1000028175|7|101|202603|199000|2|0|0|
1000028179|7|101|202602|1915552|1596592|0|0|
1000028179|7|104|202602|34158|34158|0|0|
1000028179|7|101|202603|200000|50000|0|0|
1000028187|7|101|202411|1080000|390002|20260420|12|
1000028187|7|104|202411|17205|17205|0|0|
1000028188|7|105|202501|1852|1852|0|0|
1000028188|7|101|202502|350000|15594|0|0|
1000028188|7|104|202502|539|539|0|0|
1000028188|7|101|202503|163787|123789|0|0|
1000028188|7|105|202503|4025|4025|0|0|
1000028195|7|101|202511|64160|0|20260417|1|
1000028199|7|101|202307|108571|103534|0|0|
1000028204|7|101|202312|292220|292220|20250513|12|
1000028204|7|104|202312|10562|10562|20250513|12|
1000028204|7|101|202401|117389|117389|20250514|12|
1000028204|7|101|202402|257523|12876|20250513|99|
1000028207|7|101|202503|118666|118657|0|0|
1000028207|7|101|202504|100000|100000|0|0|
1000028207|7|104|202504|1141|1141|0|0|
1000028208|7|101|202405|600000|30000|0|0|
1000028208|7|101|202407|245884|128287|0|0|
1000028223|7|101|202509|97670|4|0|0|
1000028223|7|104|202509|1400|1400|0|0|
1000028224|7|101|202502|400000|32082|0|0|
1000028224|7|104|202502|16331|16331|0|0|
1000028224|7|101|202503|100000|12997|0|0|
1000028224|7|104|202503|26818|26818|0|0|
1000028224|7|104|202504|49700|49700|0|0|
1000028224|7|101|202505|1250000|249215|0|0|
1000028290|7|101|202506|177000|177000|0|0|
1000028290|7|101|202507|584608|584608|0|0|
1000028290|7|104|202507|3060|3060|0|0|
1000028302|7|101|202307|299005|1066|0|0|
1000028302|7|101|202309|150000|15000|0|0|
1000028302|7|101|202406|28686|28686|0|0|
1000028311|7|101|202508|174987|174987|0|0|
1000028318|7|101|202509|480000|480000|0|0|
1000028318|7|101|202510|2060000|64640|20260226|4|
1000028318|7|101|202511|173068|173068|0|0|
1000028325|7|101|202504|397000|309535|20260420|12|
1000028325|7|104|202505|13712|13712|20260420|12|
1000028334|7|101|202412|180202|180202|0|0|
1000028334|7|104|202412|2077|2077|0|0|
1000028334|7|101|202501|328545|301079|0|0|
1000028334|7|104|202501|3391|3391|0|0|
1000028334|7|101|202502|25106|25106|0|0|
1000028334|7|104|202502|340|340|0|0|
1000028361|7|101|202312|1480000|1|0|0|
1000028361|7|101|202501|14780|2|0|0|
1000028381|7|104|202201|148450|105728|20251128|16|
1000028381|7|101|202202|1073570|875570|20251128|16|
1000028381|7|202|202202|101164|101164|0|0|
1000028381|7|202|202203|198819|198549|0|0|
1000028381|7|101|202204|288183|288183|0|0|
1000028381|7|101|202212|89620|89620|0|0|
1000028406|7|101|202501|620947|620947|0|0|
1000028406|7|104|202501|171389|171375|0|0|
1000028406|7|101|202502|200000|20000|0|0|
1000028406|7|104|202502|12425|12425|0|0|
1000028406|7|101|202504|1012210|510710|0|0|
1000028406|7|202|202504|698316|696023|0|0|
1000028416|7|104|202412|24597|24597|0|0|
1000028416|7|104|202501|15820|15819|0|0|
1000028416|7|101|202502|307296|142296|0|0|
1000028416|7|104|202502|39742|39742|0|0|
1000028416|7|101|202503|885000|885000|0|0|
1000028416|7|101|202508|17900|17900|0|0|
1000028424|7|104|202306|9229|9229|0|0|
1000028431|7|101|202511|20800|2|0|0|
1000028431|7|104|202511|36097|36097|0|0|
1000028431|7|101|202512|90000|90000|0|0|
1000028431|7|104|202512|8132|8017|0|0|
1000028466|7|104|202602|3845|3709|0|0|
1000028475|7|101|202503|100000|100000|0|0|
1000028475|7|101|202507|100000|7416|0|0|
1000028485|7|101|202412|300000|2|0|0|
1000028485|7|101|202501|590001|410001|0|0|
1000028491|7|104|202408|47417|47417|0|0|
1000028491|7|101|202409|257000|257000|0|0|
1000028491|7|101|202410|19602|19602|0|0|
1000028498|7|104|202402|5219|5155|0|0|
1000028498|7|104|202403|839|839|0|0|
1000028508|7|101|202302|240000|31423|0|0|
1000028508|7|104|202302|35687|35350|0|0|
1000028508|7|202|202302|1562991|1559979|0|0|
1000028508|7|101|202309|36415|14771|0|0|
1000028509|7|101|202502|187724|108480|0|0|
1000028509|7|101|202503|213936|19819|0|0|
1000028509|7|104|202503|1462|1462|0|0|
1000028509|7|104|202504|447|447|0|0|
1000028537|7|101|202402|1000000|14168|0|0|
1000028539|7|104|202510|7232|7232|0|0|
1000028541|7|104|202401|218986|199663|0|0|
1000028541|7|101|202402|1020880|271494|0|0|
1000028541|7|104|202402|121010|107188|20250829|7|
1000028541|7|101|202403|756666|646666|0|0|
1000028541|7|101|202404|475838|475838|0|0|
1000028549|7|101|202601|800000|1|0|0|
1000028549|7|104|202601|15199|15199|0|0|
1000028549|7|101|202602|20000|20000|0|0|
1000028550|7|101|202506|1180183|118018|0|0|
1000028550|7|104|202506|12184|11517|0|0|
1000028550|7|101|202507|108000|108000|0|0|
1000028550|7|202|202507|1092176|1092174|0|0|
1000028550|7|101|202512|87117|87117|0|0|
1000028554|7|101|202507|509031|428031|0|0|
1000028554|7|104|202508|4997|4997|0|0|
1000028554|7|101|202509|45000|44950|0|0|
1000028554|7|105|202511|55912|55912|0|0|
1000028580|7|101|202306|200000|22400|0|0|
1000028580|7|202|202312|482305|482305|0|0|
1000028580|7|101|202401|201007|199143|0|0|
1000028582|7|101|202312|268340|22492|0|0|
1000028582|7|101|202401|867000|307457|0|0|
1000028582|7|104|202401|7330|7298|0|0|
1000028582|7|202|202401|520274|518702|0|0|
1000028601|7|101|202209|70000|6373|0|0|
1000028601|7|101|202303|80330|22160|0|0|
1000028601|7|101|202304|200000|27950|0|0|
1000028601|7|105|202406|26144|26144|0|0|
1000028601|7|101|202601|60044|60044|0|0|
1000028604|7|104|202408|45733|45733|0|0|
1000028604|7|101|202409|330319|330319|0|0|
1000028604|7|104|202409|9763|9748|0|0|
1000028604|7|101|202410|1399999|286055|0|0|
1000028610|7|101|202309|323083|73084|0|0|
1000028610|7|104|202309|182359|182206|0|0|
1000028610|7|202|202309|771108|771108|0|0|
1000028610|7|101|202310|444296|382647|0|0|
1000028610|7|104|202310|19997|19997|0|0|
1000028610|7|101|202312|29023|29023|0|0|
1000028615|7|104|202312|6422|6410|0|0|
1000028615|7|104|202401|1617|1617|0|0|
1000028615|7|101|202403|3416|2|0|0|
1000028624|7|101|202412|851525|560397|0|0|
1000028624|7|104|202502|6013|6013|0|0|
1000028625|7|101|202603|300000|2|0|0|
1000028629|7|101|202210|743973|36230|0|0|
1000028629|7|104|202210|5029|5029|0|0|
1000028629|7|202|202210|290259|289638|0|0|
1000028629|7|101|202211|188050|188050|0|0|
1000028629|7|105|202305|8073|750|0|0|
1000028630|7|101|202412|300302|300235|0|0|
1000028630|7|104|202412|17984|17974|0|0|
1000028630|7|104|202602|7022|7022|0|0|
1000028631|7|101|202509|74230|74230|20260323|12|
1000028638|7|101|202411|283500|2|0|0|
1000028638|7|104|202503|3823|3823|0|0|
1000028644|7|101|202508|136121|46123|0|0|
1000028644|7|104|202509|9725|9498|0|0|
1000028650|7|101|202410|299727|99807|0|0|
1000028650|7|101|202411|100000|8590|0|0|
1000028650|7|104|202411|27204|26012|0|0|
1000028650|7|101|202412|660000|57754|0|0|
1000028650|7|104|202412|69025|69025|0|0|
1000028658|7|101|202411|966437|594554|0|0|
1000028658|7|104|202411|6900|6264|0|0|
1000028658|7|101|202412|244888|243676|0|0|
1000028658|7|101|202502|110670|110670|0|0|
1000028670|7|101|202511|9931|9931|0|0|
1000028671|7|101|202505|252738|247112|0|0|
1000028671|7|104|202505|141741|137918|0|0|
1000028671|7|101|202506|2275461|2266635|0|0|
1000028672|7|104|202209|13098|12948|0|0|
1000028672|7|101|202210|519134|153843|20251128|16|
1000028672|7|104|202210|4832|4832|0|0|
1000028672|7|202|202211|90580|90580|0|0|
1000028672|7|205|202303|23195|23195|0|0|
1000028672|7|101|202601|60848|60848|0|0|
1000028677|7|101|202212|9998|9998|0|0|
1000028677|7|104|202212|197308|197308|0|0|
1000028677|7|202|202212|129661|129041|0|0|
1000028677|7|101|202301|60000|60000|0|0|
1000028677|7|101|202303|147711|147711|0|0|
1000028679|7|101|202507|7000000|581700|20251222|1|
1000028680|7|101|202408|648348|362560|0|0|
1000028680|7|104|202408|36185|36145|0|0|
1000028680|7|101|202409|275687|140687|0|0|
1000028680|7|104|202409|29660|29660|0|0|
1000028685|7|101|202408|41566|41566|0|0|
1000028686|7|101|202411|1161500|95874|0|0|
1000028686|7|101|202502|125056|8778|0|0|
1000028686|7|105|202505|979|979|0|0|
1000028687|7|101|202512|943092|178092|0|0|
1000028687|7|104|202512|212790|212790|0|0|
1000028687|7|201|202512|241019|241019|0|0|
1000028687|7|101|202601|1967306|1967306|0|0|
1000028687|7|104|202601|79089|79088|0|0|
1000028687|7|201|202601|1135510|1135510|0|0|
1000028687|7|101|202602|4000|4000|0|0|
1000028687|7|201|202602|530379|530379|0|0|
1000028691|7|101|202601|300012|254022|0|0|
1000028691|7|104|202601|19753|19706|0|0|
1000028697|7|101|202309|84255|84255|0|0|
1000028697|7|104|202309|10101|10101|0|0|
1000028697|7|101|202310|1023981|43002|0|0|
1000028697|7|104|202310|9037|9037|0|0|
1000028697|7|101|202311|32781|32781|0|0|
1000028697|7|202|202312|1007600|1007600|0|0|
1000028706|7|104|202411|25195|25195|0|0|
1000028706|7|101|202412|576660|238660|0|0|
1000028709|7|101|202511|190000|12423|0|0|
1000028709|7|101|202602|16288|16288|0|0|
1000028742|7|101|202402|847900|123375|0|0|
1000028742|7|104|202403|3105|3105|0|0|
1000028742|7|104|202404|349|349|0|0|
1000028742|7|101|202407|45000|45000|0|0|
1000028742|7|101|202408|20000|17971|0|0|
1000028763|7|101|202507|240000|240000|0|0|
1000028763|7|101|202508|1259000|1259000|0|0|
1000028780|7|101|202409|181103|5914|0|0|
1000028780|7|104|202409|49656|43559|0|0|
1000028780|7|101|202410|835000|680904|0|0|
1000028780|7|104|202410|24385|14718|0|0|
1000028780|7|101|202411|100000|100000|0|0|
1000028780|7|101|202412|500000|50000|0|0|
1000028794|7|101|202310|187500|84375|0|0|
1000028794|7|101|202409|330000|33000|0|0|
1000028794|7|101|202410|58857|31650|0|0|
1000028803|7|101|202510|829415|306927|0|0|
1000028803|7|104|202510|29954|3844|0|0|
1000028803|7|101|202511|700000|95000|0|0|
1000028803|7|104|202511|4867|4867|0|0|
1000028803|7|101|202603|5293|5293|0|0|
1000028845|7|101|202507|245160|65160|0|0|
1000028845|7|104|202507|14204|14101|0|0|
1000028845|7|101|202508|425835|57004|0|0|
1000028845|7|104|202508|1530|1282|0|0|
1000028846|7|202|202507|955795|941387|0|0|
1000028846|7|101|202508|705788|646921|0|0|
1000028846|7|104|202508|19066|19065|0|0|
1000028846|7|101|202509|245462|245462|0|0|
1000028846|7|101|202510|379690|379690|0|0|
1000028872|7|101|202410|1673400|108016|0|0|
1000028874|7|101|202601|1447000|1447000|0|0|
1000028875|7|101|202404|180000|170391|0|0|
1000028877|7|101|202401|62500|6250|0|0|
1000028877|7|202|202404|58279|58231|0|0|
1000028883|7|101|202403|1559|2|0|0|
1000028883|7|104|202403|2936|2936|0|0|
1000028897|7|101|202508|100000|2|0|0|
1000028907|7|104|202503|41705|41705|0|0|
1000028907|7|101|202505|16640|2|0|0|
1000028907|7|101|202506|300000|23823|0|0|
1000028907|7|202|202508|277594|277594|0|0|
1000028926|7|101|202509|200000|199312|0|0|
1000028926|7|104|202509|8754|8754|0|0|
1000028926|7|201|202510|94475|82673|0|0|
1000028954|7|104|202310|761|734|0|0|
1000028954|7|104|202311|3510|3510|0|0|
1000028954|7|104|202312|945|928|0|0|
1000028954|7|101|202401|32000|28732|0|0|
1000028954|7|101|202402|200000|20000|0|0|
1000028954|7|101|202403|140154|19776|0|0|
1000028959|7|101|202510|218750|21875|0|0|
1000028975|7|101|202309|80985|80985|0|0|
1000028975|7|101|202310|455684|59686|0|0|
1000028975|7|104|202310|8934|8934|0|0|
1000028975|7|101|202311|100021|99966|0|0|
1000028975|7|104|202311|365|365|0|0|
1000028975|7|105|202312|50000|50000|0|0|
1000028975|7|104|202410|733|733|0|0|
1000028991|7|101|202401|75000|2532|0|0|
1000028991|7|101|202404|22500|521|0|0|
1000028991|7|101|202412|15000|2|0|0|
1000028992|7|101|202509|207260|20002|0|0|
1000028992|7|104|202510|5926|5926|0|0|
1000029009|7|101|202403|122604|122604|0|0|
1000029009|7|104|202404|17066|11768|0|0|
1000029009|7|101|202410|782031|101501|0|0|
1000029029|7|101|202507|149990|13827|0|0|
1000029035|7|101|202401|243929|243929|0|0|
1000029035|7|104|202401|58351|58164|0|0|
1000029035|7|101|202402|100000|100000|0|0|
1000029035|7|202|202403|305309|305138|0|0|
1000029035|7|101|202404|27495|27495|0|0|
1000029041|7|101|202501|432220|432220|0|0|
1000029048|7|101|202412|173282|173282|0|0|
1000029048|7|104|202412|76192|71407|0|0|
1000029048|7|101|202501|855276|660753|0|0|
1000029048|7|104|202501|73464|57988|0|0|
1000029048|7|105|202502|8378|8378|0|0|
1000029050|7|104|202502|27195|25095|0|0|
1000029050|7|101|202503|45000|5942|0|0|
1000029050|7|104|202503|27535|26593|0|0|
1000029060|7|101|202510|300000|39869|0|0|
1000029060|7|101|202511|200000|19475|0|0|
1000029060|7|101|202512|24732|24732|0|0|
1000029072|7|101|202310|24070|2|0|0|
1000029093|7|104|202505|3436|2141|0|0|
1000029099|7|101|202412|212150|37213|0|0|
1000029099|7|104|202412|15327|15327|0|0|
1000029099|7|105|202507|7648|7648|0|0|
1000029126|7|101|202502|1274240|1177240|0|0|
1000029126|7|104|202502|83972|83972|0|0|
1000029126|7|101|202506|60000|60000|0|0|
1000029129|7|104|202407|64877|64877|0|0|
1000029129|7|104|202408|49775|49775|0|0|
1000029129|7|101|202410|1605197|518006|0|0|
1000029135|7|104|202202|66942|66906|0|0|
1000029135|7|104|202203|10066|10066|0|0|
1000029137|7|104|202411|40041|39866|0|0|
1000029137|7|105|202411|1179|1179|0|0|
1000029142|7|101|202306|800000|38637|0|0|
1000029142|7|202|202307|777509|777509|0|0|
1000029145|7|101|202409|235370|15002|0|0|
1000029145|7|101|202410|38170|3817|0|0|
1000029145|7|104|202410|10167|10167|0|0|
1000029145|7|101|202411|261793|25990|0|0|
1000029145|7|104|202411|1999|1999|0|0|
1000029145|7|202|202502|279649|279649|0|0|
1000029165|7|104|202311|1643|1643|0|0|
1000029165|7|101|202312|29996|29996|0|0|
1000029165|7|101|202401|580000|43000|0|0|
1000029165|7|101|202402|50000|5000|0|0|
1000029166|7|104|202411|32033|31872|0|0|
1000029166|7|104|202412|19866|19863|0|0|
1000029166|7|101|202501|436500|53190|0|0|
1000029166|7|101|202502|10364|1989|0|0|
1000029166|7|101|202503|15987|1915|0|0|
1000029170|7|104|202403|9769|9769|0|0|
1000029170|7|101|202405|737500|650002|0|0|
1000029170|7|104|202405|9600|9600|0|0|
1000029170|7|101|202406|100000|98755|0|0|
1000029170|7|104|202406|485|485|0|0|
1000029170|7|101|202407|20170|20170|0|0|
1000029201|7|104|202503|190315|154945|0|0|
1000029202|7|101|202503|279437|279437|0|0|
1000029202|7|101|202506|1608|1608|0|0|
1000029205|7|104|202307|96|96|0|0|
1000029208|7|104|202511|7550|7550|0|0|
1000029223|7|101|202505|2515960|2427325|0|0|
1000029223|7|104|202505|46372|46372|0|0|
1000029223|7|101|202506|780000|780000|0|0|
1000029237|7|101|202412|620000|4|0|0|
1000029237|7|104|202412|68121|68121|0|0|
1000029237|7|101|202501|452000|35669|0|0|
1000029237|7|101|202504|15504|15504|0|0|
1000029239|7|101|202510|142500|142500|0|0|
1000029239|7|101|202512|100000|99900|0|0|
1000029239|7|101|202601|152746|95754|0|0|
1000029257|7|101|202501|85986|85986|20251215|12|
1000029257|7|201|202501|151100|151100|20251216|12|
1000029257|7|101|202502|39112|39112|20251215|12|
1000029257|7|201|202502|175813|175813|20251216|12|
1000029257|7|101|202503|219198|219198|20251216|12|
1000029257|7|201|202503|78606|78606|20251216|12|
1000029257|7|204|202503|228209|81740|20251222|12|
1000029257|7|101|202506|131249|131249|0|0|
1000029271|7|101|202408|593|2|0|0|
1000029277|7|101|202411|34960|2|0|0|
1000029277|7|104|202412|50724|50724|0|0|
1000029277|7|202|202504|45832|45832|0|0|
1000029281|7|101|202412|362272|161497|0|0|
1000029281|7|104|202412|5042|5042|0|0|
1000029281|7|105|202412|70579|70579|0|0|
1000029281|7|104|202501|9997|9997|0|0|
1000029297|7|101|202601|12350|2|0|0|
1000029297|7|101|202602|25000|2|0|0|
1000029298|7|104|202504|4882|4882|0|0|
1000029298|7|103|202505|82000|82000|0|0|
1000029298|7|104|202505|3991|3991|0|0|
1000029298|7|101|202506|1024151|124151|0|0|
1000029305|7|101|202402|193|4|0|0|
1000029305|7|104|202403|1720|1720|0|0|
1000029305|7|101|202404|44916|44916|0|0|
1000029328|7|101|202306|1123310|118728|0|0|
1000029328|7|104|202306|43522|43458|0|0|
1000029328|7|101|202307|132540|132009|0|0|
1000029328|7|104|202307|1620|1618|0|0|
1000029328|7|202|202308|1020520|1020385|0|0|
1000029328|7|101|202309|70000|69826|0|0|
1000029346|7|104|202311|97351|94443|0|0|
1000029346|7|101|202312|280000|268062|0|0|
1000029346|7|104|202312|49480|49288|0|0|
1000029346|7|101|202401|100000|2|0|0|
1000029346|7|101|202408|99036|7721|0|0|
1000029347|7|101|202510|462000|19147|0|0|
1000029347|7|104|202510|16237|16237|0|0|
1000029347|7|101|202511|229700|40961|0|0|
1000029347|7|101|202512|9066|9066|0|0|
1000029353|7|101|202412|50002|50002|0|0|
1000029353|7|104|202412|5000|4763|0|0|
1000029353|7|104|202501|115624|115594|0|0|
1000029379|7|101|202409|548680|64556|0|0|
1000029379|7|101|202410|86450|4277|0|0|
1000029379|7|101|202411|250000|250000|0|0|
1000029417|7|101|202511|1432505|83293|0|0|
1000029417|7|104|202511|18180|18179|0|0|
1000029418|7|104|202411|107936|107936|0|0|
1000029418|7|101|202412|200000|5218|0|0|
1000029418|7|104|202412|10428|10067|0|0|
1000029426|7|101|202407|8997171|1576617|0|0|
1000029439|7|104|202501|6999|6999|20251211|12|
1000029442|7|101|202604|211000|211000|0|0|
1000029451|7|104|202401|82044|82044|0|0|
1000029451|7|101|202402|1600000|635002|0|0|
1000029451|7|104|202403|2994|2994|0|0|
1000029451|7|101|202404|70000|2|0|0|
1000029451|7|104|202405|3122|3122|0|0|
1000029470|7|104|202211|420279|420279|0|0|
1000029470|7|104|202304|5593|5593|0|0|
1000029470|7|101|202309|48473|48473|0|0|
1000029474|7|104|202509|19963|19963|0|0|
1000029474|7|101|202510|460000|354273|0|0|
1000029474|7|104|202510|19968|19968|0|0|
1000029484|7|104|202508|17000|17000|0|0|
1000029484|7|101|202509|761565|107025|0|0|
1000029484|7|104|202509|22521|22521|0|0|
1000029484|7|105|202511|37253|37253|0|0|
1000029484|7|101|202512|7015|7015|0|0|
1000029518|7|101|202511|103000|7868|0|0|
1000029518|7|104|202511|15754|15754|0|0|
1000029526|7|104|202512|3384|3384|0|0|
1000029541|7|101|202408|500000|2|0|0|
1000029541|7|104|202408|2056|2056|0|0|
1000029578|7|104|202511|12865|9601|0|0|
1000029585|7|101|202603|1555058|1555058|0|0|
1000029615|7|104|202602|600|600|0|0|
1000029620|7|101|202411|7650|2|0|0|
1000029674|7|101|202503|150000|14605|0|0|
1000029674|7|101|202504|200000|18450|0|0|
1000029674|7|101|202506|10726|10695|0|0|
1000029733|7|101|202505|37212|37212|0|0|
1000029733|7|101|202506|433000|163000|0|0|
1000029733|7|101|202507|145730|145730|0|0|
1000029733|7|104|202508|9224|9224|0|0|
1000029747|7|101|202507|136638|2176|0|0|
1000029747|7|104|202507|3419|3419|0|0|
1000029747|7|101|202508|158400|12460|0|0|
1000029753|7|101|202407|1396100|629919|0|0|
1000029753|7|101|202408|228324|34074|0|0|
1000029753|7|104|202408|47935|47934|0|0|
1000029764|7|101|202602|25000|25000|0|0|
1000029764|7|101|202603|52285|52285|0|0|
1000029764|7|101|202604|128975|128975|0|0|
1000029774|7|104|202409|148236|148236|0|0|
1000029774|7|101|202410|1250000|125008|0|0|
1000029774|7|104|202410|77818|77818|0|0|
1000029774|7|101|202411|105207|72544|0|0|
1000029775|7|101|202403|700000|35000|0|0|
1000029775|7|104|202404|3304|3231|0|0|
1000029775|7|202|202404|680018|679979|0|0|
1000029776|7|101|202506|1000000|100000|0|0|
1000029787|7|101|202410|673996|513998|0|0|
1000029787|7|104|202410|19357|19357|0|0|
1000029787|7|104|202411|35328|35328|0|0|
1000029787|7|101|202501|100000|10000|0|0|
1000029787|7|101|202507|299000|299000|0|0|
1000029797|7|101|202307|300000|39456|0|0|
1000029797|7|104|202307|206845|206845|0|0|
1000029797|7|101|202308|981237|617954|0|0|
1000029797|7|104|202308|54983|54983|0|0|
1000029797|7|202|202308|994701|937432|0|0|
1000029797|7|105|202401|67910|67910|0|0|
1000029797|7|101|202601|114348|114348|0|0|
1000029803|7|104|202507|58406|58404|0|0|
1000029813|7|101|202410|187566|105718|0|0|
1000029813|7|101|202412|250000|231313|0|0|
1000029813|7|101|202503|571889|112215|0|0|
1000029814|7|101|202509|461498|14994|0|0|
1000029814|7|104|202509|28858|28858|0|0|
1000029814|7|101|202510|500000|24803|0|0|
1000029814|7|105|202601|1247|1247|0|0|
1000029827|7|101|202511|4500000|4500000|0|0|
1000029827|7|101|202512|298920|4|0|0|
1000029827|7|104|202512|54939|54789|0|0|
1000029849|7|101|202601|100000|1|0|0|
1000029849|7|101|202602|20000|20000|0|0|
1000029871|7|101|202209|100000|1|0|0|
1000029894|7|105|202510|9746|9746|0|0|
1000029901|7|101|202509|702314|700251|0|0|
1000029901|7|104|202509|7710|7710|0|0|
1000029908|7|101|202308|291550|33320|0|0|
1000029908|7|101|202309|100000|1|0|0|
1000029908|7|101|202312|315000|15750|0|0|
1000029908|7|202|202401|299852|299852|0|0|
1000029908|7|101|202402|19522|250|0|0|
1000029911|7|101|202512|50000|2|0|0|
1000029938|7|101|202503|2720000|2720000|0|0|
1000029938|7|101|202504|1684000|1153024|0|0|
1000029938|7|101|202506|1500000|1500000|0|0|
1000029954|7|101|202501|222001|222001|0|0|
1000029954|7|104|202501|13849|13841|0|0|
1000029954|7|101|202502|245002|6|0|0|
1000029954|7|104|202502|930|930|0|0|
1000029963|7|101|202510|44983|711|0|0|
1000029963|7|104|202510|6679|6617|0|0|
1000029963|7|104|202512|2376|2376|0|0|
1000029969|7|101|202402|945000|681304|0|0|
1000029969|7|101|202403|142000|2|0|0|
1000030006|7|104|202410|3563|3563|0|0|
1000030006|7|101|202411|381280|5587|0|0|
1000030006|7|104|202411|1001|1001|0|0|
1000030024|7|104|202211|60501|60501|0|0|
1000030024|7|202|202211|203608|203608|0|0|
1000030024|7|101|202212|600000|48149|0|0|
1000030024|7|104|202212|6323|6303|0|0|
1000030024|7|101|202301|60000|11604|0|0|
1000030024|7|202|202302|873251|873251|0|0|
1000030029|7|101|202509|87000|0|20260210|1|
1000030037|7|101|202412|33931|33931|0|0|
1000030037|7|104|202412|21980|21980|0|0|
1000030037|7|101|202501|229576|18563|0|0|
1000030037|7|104|202501|24137|24137|0|0|
1000030037|7|101|202502|300000|30000|0|0|
1000030037|7|202|202502|487717|486061|0|0|
1000030037|7|105|202503|46410|46410|0|0|
1000030053|7|101|202603|10000|10000|0|0|
1000030053|7|101|202604|160515|160515|0|0|
1000030054|7|101|202409|80000|3769|20251015|4|
1000030057|7|101|202508|300000|10002|0|0|
1000030057|7|104|202508|8058|8058|0|0|
1000030057|7|101|202509|29000|28999|0|0|
1000030057|7|104|202509|5504|5502|0|0|
1000030071|7|101|202502|370000|370000|0|0|
1000030071|7|101|202503|370000|370000|0|0|
1000030076|7|104|202603|5909|5909|0|0|
1000030094|7|104|202412|16833|16833|0|0|
1000030094|7|101|202501|191666|9583|0|0|
1000030094|7|101|202502|364440|269441|0|0|
1000030101|7|101|202501|389935|38993|0|0|
1000030101|7|104|202501|29944|29652|0|0|
1000030101|7|101|202502|294000|91867|0|0|
1000030101|7|101|202503|75000|7500|0|0|
1000030115|7|104|202510|47857|41033|0|0|
1000030219|7|104|202408|3868|3868|0|0|
1000030219|7|101|202409|755|2|0|0|
1000030225|7|101|202406|100000|2|0|0|
1000030225|7|105|202407|22779|22779|0|0|
1000030240|7|104|202410|47798|47798|0|0|
1000030240|7|104|202411|20633|20608|0|0|
1000030240|7|101|202412|840000|328757|0|0|
1000030240|7|101|202503|29780|0|20250827|1|
1000030251|7|104|202401|475|475|0|0|
1000030255|7|101|202212|37056|37056|0|0|
1000030255|7|101|202302|330000|7236|20251128|16|
1000030255|7|101|202308|495000|495000|0|0|
1000030255|7|101|202311|53234|53234|0|0|
1000030256|7|101|202407|93000|3248|0|0|
1000030256|7|104|202407|60276|60270|0|0|
1000030256|7|201|202407|166950|166950|0|0|
1000030256|7|101|202408|2035|2035|0|0|
1000030256|7|104|202408|50051|50051|0|0|
1000030256|7|201|202408|114244|114244|0|0|
1000030269|7|101|202601|666881|666881|0|0|
1000030269|7|104|202601|123344|123344|0|0|
1000030269|7|101|202602|199200|199200|0|0|
1000030280|7|101|202411|570000|147000|0|0|
1000030280|7|104|202411|187131|187129|0|0|
1000030280|7|101|202412|121213|121213|0|0|
1000030280|7|104|202412|99902|99902|0|0|
1000030280|7|101|202501|300000|300000|0|0|
1000030287|7|104|202410|6996|6996|0|0|
1000030287|7|101|202412|300000|210000|0|0|
1000030287|7|101|202502|112005|18640|0|0|
1000030289|7|104|202309|37125|37125|0|0|
1000030295|7|104|202412|24656|24656|0|0|
1000030342|7|101|202410|199968|18467|0|0|
1000030342|7|101|202411|300000|235985|0|0|
1000030342|7|105|202411|12435|12435|0|0|
1000030342|7|101|202412|630000|63000|0|0|
1000030342|7|101|202509|58649|0|20260331|1|
1000030378|7|104|202304|9673|9673|0|0|
1000030378|7|202|202304|894732|894643|0|0|
1000030378|7|101|202407|74146|74146|0|0|
1000030381|7|101|202501|360475|60366|0|0|
1000030381|7|104|202501|694|694|0|0|
1000030381|7|104|202502|925|925|0|0|
1000030382|7|101|202508|142400|7351|0|0|
1000030382|7|101|202509|80000|80000|0|0|
1000030382|7|101|202510|1099119|109911|0|0|
1000030428|7|101|202601|56149|56149|0|0|
1000030428|7|101|202602|128796|128796|0|0|
1000030428|7|101|202603|60800|60800|0|0|
1000030437|7|104|202404|4037|4037|0|0|
1000030441|7|101|202507|132000|45267|0|0|
1000030441|7|104|202507|31460|31460|0|0|
1000030463|7|104|202409|1535|1535|0|0|
1000030489|7|101|202501|50000|50000|0|0|
1000030489|7|104|202501|63642|55112|0|0|
1000030489|7|105|202501|65766|65766|0|0|
1000030489|7|104|202502|214484|214484|0|0|
1000030489|7|101|202503|90000|39874|0|0|
1000030489|7|101|202507|300000|300000|0|0|
1000030497|7|101|202603|95000|2|0|0|
1000030516|7|104|202409|50899|49332|0|0|
1000030516|7|101|202412|1356878|1355288|0|0|
1000030516|7|101|202501|15065|15065|0|0|
1000030518|7|105|202407|8862|0|20260407|1|
1000030526|7|101|202503|30160|2|0|0|
1000030560|7|104|202403|1484|1484|0|0|
1000030560|7|101|202404|912236|77948|0|0|
1000030560|7|104|202404|46622|45661|0|0|
1000030560|7|105|202407|2891|2891|0|0|
1000030589|7|101|202503|72800|5299|0|0|
1000030590|7|101|202501|500000|236497|0|0|
1000030590|7|104|202501|129086|128879|0|0|
1000030590|7|104|202502|22592|22592|0|0|
1000030617|7|101|202507|93426|64535|0|0|
1000030617|7|101|202510|15239|15239|0|0|
1000030617|7|105|202511|1393|1393|0|0|
1000030635|7|101|202504|412791|115359|0|0|
1000030635|7|104|202504|44300|44300|0|0|
1000030635|7|101|202505|278000|178593|0|0|
1000030660|7|104|202506|2112|2112|0|0|
1000030660|7|101|202507|9763|9763|0|0|
1000030668|7|104|202511|11028|11028|0|0|
1000030670|7|101|202510|644999|73122|0|0|
1000030670|7|104|202510|41915|41911|0|0|
1000030683|7|101|202601|174486|174486|0|0|
1000030683|7|101|202604|54152|54152|0|0|
1000030690|7|101|202411|160000|20237|0|0|
1000030690|7|104|202411|20180|20091|0|0|
1000030690|7|101|202412|300000|38743|0|0|
1000030690|7|101|202502|100000|2|0|0|
1000030726|7|101|202511|85000|85000|0|0|
1000030726|7|104|202511|11510|11469|0|0|
1000030726|7|105|202511|8675|8675|0|0|
1000030726|7|101|202512|300000|14098|0|0|
1000030726|7|104|202512|17969|17969|0|0|
1000030726|7|105|202512|20384|20384|0|0|
1000030726|7|101|202602|90000|90000|0|0|
1000030726|7|105|202603|3149|3149|0|0|
1000030728|7|101|202602|1382000|1173600|0|0|
1000030728|7|104|202603|6990|6990|0|0|
1000030768|7|105|202401|4187|4128|0|0|
1000030768|7|104|202402|8667|8667|0|0|
1000030768|7|101|202407|14663|14663|0|0|
1000030781|7|101|202509|485182|295313|0|0|
1000030781|7|104|202509|40874|40872|0|0|
1000030781|7|101|202510|114354|113613|0|0|
1000030784|7|101|202407|250000|12422|0|0|
1000030784|7|104|202410|536|370|0|0|
1000030784|7|202|202410|202357|202165|0|0|
1000030786|7|101|202502|30000|1199|0|0|
1000030806|7|101|202408|60000|4923|0|0|
1000030806|7|104|202408|24020|24020|0|0|
1000030806|7|101|202409|869|2|0|0|
1000030806|7|104|202409|1316|1316|0|0|
1000030806|7|101|202411|47503|47503|0|0|
1000030817|7|101|202508|15000|15000|0|0|
1000030817|7|101|202602|1553|2|0|0|
1000030824|7|104|202502|32183|27651|0|0|
1000030824|7|101|202503|150000|14886|0|0|
1000030824|7|104|202503|19987|19987|0|0|
1000030824|7|104|202504|61435|61424|0|0|
1000030864|7|101|202309|10000|2|0|0|
1000030864|7|104|202309|2232|2232|0|0|
1000030896|7|101|202411|450000|117500|0|0|
1000030896|7|104|202411|627|627|0|0|
1000030896|7|101|202412|785509|66257|0|0|
1000030896|7|101|202503|18763|18399|0|0|
1000030929|7|104|202506|18510|18407|0|0|
1000030929|7|104|202507|20602|15414|0|0|
1000030955|7|104|202401|5019|5019|0|0|
1000030955|7|104|202402|6666|6666|0|0|
1000030983|7|101|202407|250000|250000|0|0|
1000030983|7|104|202407|50776|31481|0|0|
1000030983|7|101|202408|250000|250000|0|0|
1000030983|7|101|202409|1189942|1182043|0|0|
1000030983|7|104|202409|4364|4364|0|0|
1000030983|7|101|202411|830000|69213|0|0|
1000030983|7|101|202412|352950|352950|0|0|
1000030983|7|202|202412|1722166|1720050|0|0|
1000030983|7|101|202503|478582|478582|0|0|
1000031004|7|101|202509|200000|200000|0|0|
1000031004|7|104|202509|21838|21838|0|0|
1000031004|7|101|202510|969000|509707|0|0|
1000031004|7|104|202510|38296|38243|0|0|
1000031052|7|101|202409|30700|2138|0|0|
1000031052|7|101|202502|43066|43066|0|0|
1000031186|7|104|202411|70714|70714|0|0|
1000031186|7|101|202412|23476|23476|0|0|
1000031186|7|104|202412|110549|110549|0|0|
1000031186|7|101|202501|300000|300000|0|0|
1000031186|7|104|202501|96927|96118|0|0|
1000031186|7|101|202502|1096070|531070|0|0|
1000031186|7|105|202502|70787|70787|0|0|
1000031186|7|101|202503|1522505|1522505|0|0|
1000031186|7|101|202505|450000|450000|0|0|
1000031186|7|101|202506|1015457|1015457|0|0|
1000031227|7|101|202512|220000|220000|0|0|
1000031227|7|104|202601|18058|18058|0|0|
1000031227|7|104|202602|7121|7121|0|0|
1000031229|7|104|202601|28550|28550|0|0|
1000031229|7|101|202602|300000|2|0|0|
1000031278|7|101|202407|679981|245742|0|0|
1000031278|7|101|202408|963880|917167|0|0|
1000031278|7|104|202408|30878|30878|0|0|
1000031290|7|101|202507|1278300|0|20251126|1|
1000031290|7|104|202508|3775|3775|0|0|
1000031290|7|101|202509|98618|7956|0|0|
1000031296|7|101|202602|190000|190000|0|0|
1000031296|7|104|202602|28900|28900|0|0|
1000031311|7|101|202505|5000000|5000000|0|0|
1000031330|7|104|202512|6587|6587|0|0|
1000031361|7|104|202511|1100|1091|0|0|
1000031380|7|101|202602|1248143|1198145|0|0|
1000031380|7|104|202602|11004|10964|0|0|
1000031413|7|101|202407|50000|1953|0|0|
1000031413|7|104|202407|6576|6576|0|0|
1000031413|7|101|202408|50000|7500|0|0|
1000031414|7|101|202510|18753|18753|0|0|
1000031414|7|104|202510|1735|1735|0|0|
1000031441|7|101|202407|512000|51133|0|0|
1000031441|7|101|202410|50000|2500|0|0|
1000031479|7|101|202507|187000|10970|0|0|
1000031479|7|104|202507|24045|24043|0|0|
1000031479|7|104|202508|15869|15869|0|0|
1000031479|7|101|202510|100908|100908|0|0|
1000031502|7|104|202601|1525|1525|0|0|
1000031504|7|104|202509|29207|29197|0|0|
1000031504|7|101|202510|40500|40500|0|0|
1000031549|7|104|202602|49283|49283|0|0|
1000031595|7|101|202507|40707|40707|0|0|
1000031639|7|101|202410|24000|24000|0|0|
1000031639|7|101|202501|40000|1926|20260407|4|
1000031639|7|101|202504|190000|0|20250929|1|
1000031655|7|101|202509|323553|32355|0|0|
1000031655|7|101|202510|79961|79961|0|0|
1000031655|7|104|202510|3764|3276|0|0|
1000031655|7|101|202512|350800|335002|0|0|
1000031655|7|101|202601|30000|25814|0|0|
1000031684|7|101|202602|2414|2|0|0|
1000031684|7|101|202603|76770|76770|0|0|
1000031743|7|104|202512|19917|19917|0|0|
1000031743|7|101|202601|21240|1062|0|0|
1000031743|7|104|202601|19998|19998|0|0|
1000031746|7|104|202603|3000|2998|0|0|
1000031789|7|104|202602|4239|4239|0|0|
1000031811|7|101|202602|300000|2|0|0|
1000031834|7|104|202511|5553|5135|0|0|
1000031834|7|104|202512|159|159|0|0|
1000031840|7|101|202310|359401|81253|0|0|
1000031840|7|104|202310|23821|23821|0|0|
1000031840|7|101|202311|144251|144251|0|0|
1000031840|7|104|202311|21000|18339|0|0|
1000031840|7|101|202312|49588|49588|0|0|
1000031929|7|101|202507|18735|18706|0|0|
1000031929|7|104|202507|22780|22780|20251223|16|
1000031929|7|104|202508|3296|3296|0|0|
1000032000|7|101|202510|200000|2|0|0|
1000032000|7|104|202511|8096|8096|0|0|
