V_BZNO|LA_XPO_AM_2021_1|DME_AM_2021_1|TOT_SEL_AM_2021_1|LA_XPO_AM_2021_2|DME_AM_2021_2|TOT_SEL_AM_2021_2|LA_XPO_AM_2021_3|DME_AM_2021_3|TOT_SEL_AM_2021_3|LA_XPO_AM_2021_4|DME_AM_2021_4|TOT_SEL_AM_2021_4|LA_XPO_AM_2022_1|DME_AM_2022_1|TOT_SEL_AM_2022_1|LA_XPO_AM_2022_2|DME_AM_2022_2|TOT_SEL_AM_2022_2|LA_XPO_AM_2022_3|DME_AM_2022_3|TOT_SEL_AM_2022_3|LA_XPO_AM_2022_4|DME_AM_2022_4|TOT_SEL_AM_2022_4|LA_XPO_AM_2023_1|DME_AM_2023_1|TOT_SEL_AM_2023_1|LA_XPO_AM_2023_2|DME_AM_2023_2|TOT_SEL_AM_2023_2|LA_XPO_AM_2023_3|DME_AM_2023_3|TOT_SEL_AM_2023_3|LA_XPO_AM_2023_4|DME_AM_2023_4|TOT_SEL_AM_2023_4|LA_XPO_AM_2024_1|DME_AM_2024_1|TOT_SEL_AM_2024_1|LA_XPO_AM_2024_2|DME_AM_2024_2|TOT_SEL_AM_2024_2|LA_XPO_AM_2024_3|DME_AM_2024_3|TOT_SEL_AM_2024_3|LA_XPO_AM_2024_4|DME_AM_2024_4|TOT_SEL_AM_2024_4|LA_XPO_AM_2025_1|DME_AM_2025_1|TOT_SEL_AM_2025_1|LA_XPO_AM_2025_2|DME_AM_2025_2|TOT_SEL_AM_2025_2|LA_XPO_AM_2025_3|DME_AM_2025_3|TOT_SEL_AM_2025_3|LA_XPO_AM_2025_4|DME_AM_2025_4|TOT_SEL_AM_2025_4|
가상_사업자번호|여신수출금액 _2021_1분기|내수금액_2021_1분기|총판매금액_2021_1분기|여신수출금액 _2021_2분기|내수금액_2021_2분기|총판매금액_2021_2분기|여신수출금액 _2021_3분기|내수금액_2021_3분기|총판매금액_2021_3분기|여신수출금액 _2021_4분기|내수금액_2021_4분기|총판매금액_2021_4분기|여신수출금액 _2022_1분기|내수금액_2022_1분기|총판매금액_2022_1분기|여신수출금액 _2022_2분기|내수금액_2022_2분기|총판매금액_2022_2분기|여신수출금액 _2022_3분기|내수금액_2022_3분기|총판매금액_2022_3분기|여신수출금액 _2022_4분기|내수금액_2022_4분기|총판매금액_2022_4분기|여신수출금액 _2023_1분기|내수금액_2023_1분기|총판매금액_2023_1분기|여신수출금액 _2023_2분기|내수금액_2023_2분기|총판매금액_2023_2분기|여신수출금액 _2023_3분기|내수금액_2023_3분기|총판매금액_2023_3분기|여신수출금액 _2023_4분기|내수금액_2023_4분기|총판매금액_2023_4분기|여신수출금액 _2024_1분기|내수금액_2024_1분기|총판매금액_2024_1분기|여신수출금액 _2024_2분기|내수금액_2024_2분기|총판매금액_2024_2분기|여신수출금액 _2024_3분기|내수금액_2024_3분기|총판매금액_2024_3분기|여신수출금액 _2024_4분기|내수금액_2024_4분기|총판매금액_2024_4분기||여신수출금액 _2025_1분기|내수금액_2025_1분기|총판매금액_2025_1분기|여신수출금액 _2025_2분기|내수금액_2025_2분기|총판매금액_2025_2분기|여신수출금액 _2025_3분기|내수금액_2025_3분기|총판매금액_2025_3분기|여신수출금액 _2025_4분기|내수금액_2025_4분기|
1000000050|34782|1189312|1224094|69125|2674657|2743782|97490|4041262|4138752|133627|5567485|5701112|54094|1140933|1195027|126217|2636799|2763016|270445|3853213|4123658|570941|5373390|5944331|282111|1139173|1421284|572916|2494177|3067093|908260|3966540|4874800|1227534|5583571|6811105|174626|1720460|1895086|0|4000861|4000861|448354|5580070|6028424|603739|7259499|7863238|66580|1726871|1793451|0|3748513|3748513|0|5837245|5837245|0|7909901|7909901|
1000000088|0|1319968|1319968|0|2715289|2715289|0|4382431|4382431|0|6316436|6316436|0|1766530|1766530|0|3643630|3643630|0|5598708|5598708|0|7812755|7812755|0|1563418|1563418|0|3139319|3139319|0|4636807|4636807|0|6357089|6357089|0|1604739|1604739|0|3209127|3209127|0|4749220|4749220|0|6570413|6570413|0|1665840|1665840|0|3359665|3359665|0|4995796|4995796|0|6929499|6929499|
1000000169|9396437|11603417|20999854|6645912|19680907|26326819|9524739|27957413|37482152|14258317|24058069|38316386|4442666|6147319|10589985|8757408|12492372|21249780|13125241|17628895|30754136|17193154|23830142|41023296|3529618|7365266|10894884|7124212|14892176|22016388|10757799|22402919|33160718|14486174|27320419|41806593|3807501|6787094|10594595|7746085|13630964|21377049|11653058|20610415|32263473|14807995|27680099|42488094|3685792|6628304|10314096|6667874|19762589|26430463|10465460|29635768|40101228|14542346|39129857|53672203|
1000000223|245635|65293|310928|599196|152737|751933|944307|216380|1160687|1294595|282517|1577112|335352|81222|416574|688387|169720|858107|1012079|232842|1244921|1300431|301343|1601774|300217|43387|343604|633477|56959|690436|928829|77202|1006031|1212751|99025|1311776|289516|6630|296146|649066|-9887|639179|998238|-18940|979298|1300349|5425|1305774|311991|7123|319114|678398|-10580|667818|1054596|-32297|1022299|1442059|-46503|1395556|
1000000245||||||||||0|33393|33393||||||||||0|33341|33341||||||||||0|34122|34122||||||||||0|32746|32746||||||||||0|28867|28867|
1000000263|60656|245723|306379|134286|570803|705089|210043|837905|1047948|296147|1155738|1451885|103838|497433|601271|254700|965170|1219870|394335|1321075|1715410|465895|1703671|2169566|105271|383109|488380|170970|700838|871808|260225|943941|1204166|0|1588078|1588078|74682|341049|415731|0|819789|819789|241642|904663|1146305|0|1519110|1519110|0|437663|437663|0|863856|863856|0|1224186|1224186|365497|1234749|1600246|
1000000273|251|62607|62858|747|120676|121423|1322|178987|180309|1773|261170|262943|200|74082|74282|510|149930|150440|943|226940|227883|1391|312855|314246|265|78316|78581|533|147702|148235|830|218906|219736|1270|310419|311689|291|71210|71501|557|141276|141833|935|220569|221504|2051|311599|313650|714|71359|72073|1198|140730|141928|1612|218312|219924|2038|304199|306237|
1000000282|0|122330|122330|0|216710|216710|0|345683|345683|347759|15740|363499|0|140471|140471|0|306561|306561|0|477281|477281|0|642920|642920|136969|4919|141888|0|335807|335807|0|502021|502021|0|675333|675333|0|199610|199610|335605|6956|342561|0|610763|610763|0|836867|836867|205078|4526|209604|0|493909|493909|0|790042|790042|0|1088025|1088025|
1000000284|2787610|2557176|5344786|6560353|5495454|12055807|10532176|8640641|19172817|15084793|12379125|27463918|5080428|4206616|9287044|11418136|9311313|20729449|17685638|14166426|31852064|23370887|19075141|42446028|4825217|4252418|9077635|8783229|8113997|16897226|13510566|12386215|25896781|18970399|16756295|35726694|5062744|4245745|9308489|10195912|8683415|18879327|15141662|12578288|27719950|19951792|16685239|36637031|4955602|4034931|8990533|9385173|7653864|17039037|14056545|11397859|25454404|18921786|15325171|34246957|
1000000286|2869161|201091|3070252|0|0|0|8600729|621825|9222554|14080273|865336|14945609|3718013|233723|3951736|7183091|471227|7654318|12328026|713667|13041693|18634541|954868|19589409|4140138|235724|4375862|7808529|474542|8283071|12340675|705977|13046652|19672473|932817|20605290|4128950|204628|4333578|8469273|419574|8888847|13988182|585724|14573906|20409368|791387|21200755|4778143|204697|4982840|8504818|412597|8917415|13679172|607675|14286847|21075542|821061|21896603|
1000000288|372|60162|60534|616|115646|116262|712|170949|171661|2078|199694|201772|909|47656|48565|1526|97693|99219|2240|150706|152946|3439|202517|205956|1165|56730|57895|1422|111045|112467|1825|164306|166131|2131|228486|230617|103|63237|63340|536|126873|127409|801|197798|198599|1015|263093|264108|446|59868|60314|649|114480|115129|856|166323|167179|1755|213488|215243|
1000000348|7362|80409|87771|15436|174201|189637|25705|263203|288908|41008|375174|416182|20524|82826|103350|21603|181667|203270|32978|289448|322426|52822|409780|462602|19664|113524|133188|40281|254902|295183|63321|380891|444212|0|607715|607715|0|147537|147537|63890|214491|278381|87604|296513|384117|105007|395377|500384|30591|83499|114090|57392|171839|229231|85148|254986|340134|99948|352725|452673|
1000000475|0|2404300|2404300|0|5181793|5181793|0|7762130|7762130|0|10725192|10725192|0|2970335|2970335|0|6359420|6359420|0|9725097|9725097|0|13653948|13653948|0|3100158|3100158|0|6493191|6493191|0|9419037|9419037|0|13288745|13288745|0|2392857|2392857|0|5057847|5057847|0|7831097|7831097|0|12394024|12394024|0|3094476|3094476|0|6211741|6211741|0|9576057|9576057|0|13333055|13333055|
1000000551||||||||||0|0|0||||||||||0|0|0||||||||||||||||||||||0|19964|19964||||||||||0|22924|22924|
1000000823||||||||||0|198476|198476||||||||||0|239723|239723||||||||||||||||||||||0|24428|24428||||||||||0|243393|243393|
1000000860||||||||||||||||||||||||||||||||||0|101015|101015|||||||||||||||||||||||||
1000000896|0|61844|61844|29419|93230|122649|40252|134736|174988|0|265893|265893|22934|39311|62245|47668|83977|131645|64005|130484|194489|80743|172166|252909|14855|31366|46221|31516|85053|116569|45911|111296|157207|64579|146734|211313|14128|28722|42850|28563|70769|99332|40523|109169|149692|54824|154343|209167|15961|22708|38669|40091|61683|101774|51481|95094|146575|69503|141889|211392|
1000001083|0|73022|73022|0|160334|160334|0|236133|236133|0|317864|317864|0|90274|90274|0|178704|178704|0|270779|270779|0|374440|374440|0|99050|99050|0|193141|193141|0|270742|270742|0|358052|358052|0|70115|70115|0|140966|140966|0|202078|202078|0|355118|355118|0|62105|62105|0|147391|147391|0|212123|212123|0|289587|289587|
1000001129||||||||||0|92369|92369||||||||||0|98986|98986||||||||||0|117058|117058||||||||||0|159896|159896|||||||||||||
1000001138||||||||||||||||||||||||||||||||||||||||||||||||||||||||||0|97678|97678|
1000001170||||||||||||||||||||||||||||||||||||||||||||||0|7714|7714||||||||||0|4329|4329|
1000001483||||||||||0|25320|25320||||||||||0|25555|25555||||||||||0|51638|51638||||||||||0|57364|57364|||||||||||||
1000001501||||||||||||||||||||||||||||||||||0|35944|35944||||||||||0|32244|32244||||||||||0|27869|27869|
1000001569||||||||||||||||||||||||||||||||||||||||||||||0|6269|6269|||||||||||||
1000001573||||||||||||||||||||||||||||||||||||||||||||||||||||||||||0|8397|8397|
1000001665|0|3511|3511|0|8202|8202|0|12639|12639|0|17449|17449|0|4598|4598|0|9932|9932|0|15063|15063|0|21817|21817|0|5404|5404|0|13040|13040|0|19795|19795|0|26875|26875|0|7467|7467|0|14832|14832|0|22436|22436|0|30611|30611|0|6820|6820|0|14495|14495|0|21180|21180|0|28161|28161|
1000001814|0|8658|8658|146|21071|21217|454|31676|32130|486|42795|43281|15|9324|9339|154|19826|19980|154|30450|30604|186|44557|44743|0|13708|13708|0|29734|29734|0|41502|41502|275|54755|55030|232|14068|14300|232|30305|30537|232|45346|45578|7691|57733|65424|1376|15637|17013|3889|32809|36698|5928|45410|51338|7869|59735|67604|
1000001845|0|442714|442714|0|810599|810599|0|1400619|1400619|0|1975595|1975595|0|831432|831432|0|1507163|1507163|0|2556573|2556573||||||||||||||||||||||||||||||||||||||||
1000001856|203496|1072921|1276417|543534|2400561|2944095|1005799|3639375|4645174|1486286|4985678|6471964|351344|1310514|1661858|888997|2879869|3768866|1310502|4198960|5509462|1645458|5211418|6856876|303413|1208519|1511932|489131|2297017|2786148|751583|3296087|4047670|1042124|4392639|5434763|303716|1213052|1516768|702114|2427374|3129488|1261196|3610722|4871918|1804533|4644340|6448873|363368|1009969|1373337|763751|2093940|2857691|1203157|3068747|4271904|1516514|4060103|5576617|
1000001861|430|9534|9964|5|2050|2055|24|3909|3933||||210|8963|9173|56|1889|1945|66|3603|3669|78|5491|5569|290|8364|8654|14|1817|1831|21|3288|3309|31|5084|5115|1656|6474|8130|9|1646|1655|9|1655|1664|9|1670|1679|9|1683|1692|5|3076|3081|16|4453|4469|26|7851|7877|
1000001867|28600|37990|66590|67181|75253|142434|112324|87816|200140|65732|197214|262946|19989|36727|56716|33604|88040|121644|52150|128148|180298|100992|146881|247873||||63242|74459|137701|95091|107933|203024|123097|150550|273647|34380|32461|66841|61334|71192|132526|92593|102831|195424|121550|142449|263999|27804|32481|60285|59463|68515|127978|84004|103436|187440|96425|145579|242004|
1000001890||||||||||0|1345421|1345421||||||||||||||||||||||0|1765300|1765300|||||||||||||||||||||||||
1000001894||||||||||0|11543|11543||||||||||0|10786|10786||||||||||0|7883|7883||||||||||0|7806|7806|||||||||||||
1000002075||||||||||0|25184|25184|||||||||||||||||||||||||||||||||||||||||||||||||
1000002112||||||||||||||||||||||||||||||||||||||||||||||||||||||||||0|22385|22385|
1000002169||||||||||0|5765|5765||||||||||||||||||||||0|5980|5980||||||||||0|4488|4488|||||||||||||
1000002236||||||||||0|412144|412144||||||||||||||||||||||0|403827|403827||||||||||0|423285|423285||||||||||0|457560|457560|
1000002254|0|112249|112249|0|225490|225490|0|346531|346531|0|468004|468004|0|126061|126061|0|260535|260535|0|396607|396607|0|535783|535783|0|142719|142719|0|287210|287210|0|432691|432691|0|592960|592960|0|145328|145328|0|296883|296883|0|453036|453036|0|603899|603899|0|153299|153299|0|309308|309308|0|469832|469832|0|622234|622234|
1000002328||||||||||0|46486|46486||||||||||0|39956|39956||||||||||0|52087|52087||||||||||0|82034|82034|||||||||||||
1000002353|29715|34109|63824|59867|68485|128352|88660|95484|184144|118369|126784|245153|26739|38160|64899|62332|69968|132300|104447|91736|196183|150352|131322|281674|34407|29973|64380|76140|69796|145936|124412|106341|230753|176961|142738|319699|42241|32065|74306|101143|68587|169730|167336|107502|274838|225418|147629|373047|49987|39833|89820|121541|78540|200081|195706|110273|305979|276247|148863|425110|
1000002465|0|52575|52575|0|105037|105037|3205|151115|154320|4530|202061|206591|74|36643|36717|158|88578|88736|0|170697|170697|0|227501|227501|0|62820|62820|0|120618|120618|0|178171|178171|2623|230862|233485|538|60631|61169|994|117093|118087|1429|171617|173046|2204|225964|228168|376|59833|60209|540|114407|114947|694|170198|170892|894|220022|220916|
1000002468||||||||||0|7832|7832||||||||||0|8641|8641||||||||||0|8567|8567|||||||||||||||||||||||||
1000002487||||||||||0|75096|75096||||||||||0|71835|71835||||||||||0|69026|69026||||||||||0|73892|73892|||||||||||||
1000002552|0|683225|683225|0|1547002|1547002|0|2471796|2471796|0|3572433|3572433|0|934386|934386|0|2059615|2059615|0|3431743|3431743|0|5014124|5014124|0|1097731|1097731|0|2068008|2068008|0|3072245|3072245|0|4207453|4207453|0|951731|951731|0|1975544|1975544|0|3012379|3012379|0|4187615|4187615|0|1098096|1098096|0|2178382|2178382|0|3188635|3188635|0|4230321|4230321|
1000002607||||||||||||||||||||||||||||||||||||||||||||||0|44739|44739||||||||||0|45818|45818|
1000002712||||||||||||||||||||||||||||||||||||||||||||||0|3064|3064||||||||||0|2736|2736|
1000002718||||||||||0|1596|1596||||||||||0|1020|1020||||||||||0|1374|1374|||||||||||||||||||||||||
1000002724||||||||||0|7672|7672||||||||||0|6904|6904|||||||||||||||||||||||||||||||||||||
1000002794|0|10475|10475|0|20072|20072|0|38573|38573|0|59462|59462|0|11336|11336|0|28622|28622|0|42533|42533|0|59152|59152|0|8368|8368|0|17188|17188|0|25971|25971|27|41654|41681|0|9429|9429|0|20570|20570|0|32689|32689|0|48786|48786|0|16884|16884|9|36448|36457|34|50988|51022|54|64764|64818|
1000002829|0|21287|21287|0|45299|45299|0|65382|65382|0|79435|79435|0|19051|19051|0|40192|40192|0|56428|56428|0|64468|64468|0|8691|8691|0|19640|19640|0|29330|29330|0|36041|36041|0|8709|8709|0|19438|19438|0|29377|29377|0|36491|36491|0|8379|8379|0|18140|18140|0|27463|27463|0|34591|34591|
1000002889|0|288672|288672|0|347996|347996|0|428714|428714|0|790956|790956|0|144438|144438|0|254458|254458|0|376905|376905|0|563436|563436|0|67630|67630|0|338541|338541|0|396462|396462|0|479676|479676|0|50603|50603|0|122474|122474|0|185177|185177|0|870877|870877|0|90681|90681|0|228202|228202|0|330805|330805|0|445824|445824|
1000002929||||||||||0|6448|6448|||||||||||||||||||||||||||||||||||||||||||||||||
1000002971|2289|5260|7549|4316|29079|33395|7073|49886|56959|2246|75198|77444|504|9231|9735|1117|26431|27548|1519|42579|44098|1979|58543|60522|963|8648|9611|2451|16660|19111|3625|32961|36586|2396|49059|51455|11182|7913|19095|29469|18080|47549|40942|27395|68337|62549|42352|104901|20363|9721|30084|47430|22256|69686|66351|38313|104664|94825|47133|141958|
1000003055||||||||||||||||||||||0|1543|1543||||||||||0|1543|1543||||||||||0|10060|10060|||||||||||||
1000003069||||||||||0|3231|3231||||||||||||||||||||||0|2732|2732||||||||||||||||||||||0|3452|3452|
1000003085||||||||||||||||||||||||||||||||||||||||||||||||||||||||||0|3938|3938|
1000003205||||||||||0|11623|11623||||||||||0|11932|11932||||||||||0|12322|12322||||||||||0|11201|11201||||||||||0|12969|12969|
1000003326||||||||||0|36127|36127||||||||||0|58058|58058||||||||||||||||||||||0|46646|46646|||||||||||||
1000003332||||||||||0|8112|8112||||||||||0|8612|8612||||||||||0|10981|10981||||||||||0|14257|14257|||||||||||||
1000003352||||0|141948|141948||||0|270999|270999||||0|135739|135739||||0|273783|273783||||0|135236|135236||||0|260614|260614||||0|120325|120325||||0|224968|224968||||0|108461|108461||||0|225340|225340|
1000003358||||||||||0|2198|2198||||||||||0|3549|3549||||||||||0|1106|1106||||||||||0|1106|1106|||||||||||||
1000003377||||||||||0|14006|14006|||||||||||||||||||||||||||||||||||||||||||||||||
1000003442||||||||||0|62018|62018||||||||||0|49554|49554||||||||||0|41467|41467||||||||||0|52356|52356||||||||||0|58006|58006|
1000003538||||||||||0|9713|9713||||||||||0|9713|9713||||||||||0|10179|10179|||||||||||||||||||||||||
1000003543|0|6178109|6178109|0|12487327|12487327|0|19341413|19341413|0|26289228|26289228|0|6979894|6979894|0|14496505|14496505|0|22508440|22508440|0|30079513|30079513|0|7071159|7071159|0|14290585|14290585|0|21734034|21734034|0|29023473|29023473|0|7215961|7215961|0|14454635|14454635|0|21868913|21868913|0|29359082|29359082|0|7208471|7208471||||0|21885147|21885147|0|27342589|27342589|
1000003787||||||||||0|415689|415689||||||||||||||||||||||0|444075|444075|||||||||||||||||||||||||
1000003871||||||||||||||||||||||||||||||||||0|5200|5200|||||||||||||||||||||||||
1000004046||||||||||0|7310|7310||||||||||0|11758|11758||||||||||||||||||||||0|7253|7253||||||||||0|4972|4972|
1000004070||||||||||0|1059|1059||||||||||0|1030|1030|||||||||||||||||||||||||||||||||||||
1000004156||||||||||||||||||||||||||||||||||||||||||||||0|3905|3905||||||||||0|3346|3346|
1000004195|0|8425|8425|0|24711|24711|2562|44925|47487|945|99537|100482|0|12861|12861|4462|38607|43069|0|58547|58547|0|99119|99119|0|18834|18834|0|40564|40564|0|54479|54479|0|99261|99261|0|17275|17275|0|31960|31960|0|58801|58801|0|110083|110083|0|15775|15775|0|38412|38412|0|61669|61669|0|103816|103816|
1000004353||||||||||||||||||||||||||||||||||0|10063|10063|||||||||||||||||||||||||
1000004366||||||||||0|7852|7852||||||||||0|8079|8079||||||||||0|11224|11224||||||||||0|10738|10738||||||||||0|8646|8646|
1000004514||||||||||0|13971|13971|||||||||||||||||||||||||||||||||||||||||||||||||
1000004733||||||||||0|3585|3585||||||||||0|4607|4607||||||||||0|5448|5448||||||||||0|6626|6626||||||||||0|7964|7964|
1000004829|0|74581|74581|0|175667|175667|0|275403|275403|0|395278|395278|0|108592|108592|0|86242|86242|0|142769|142769|0|200336|200336||||0|128502|128502|0|204782|204782|0|275728|275728|0|69759|69759|0|139980|139980|0|221558|221558|0|292156|292156|0|62668|62668|0|133331|133331|0|218734|218734|0|298362|298362|
1000005339||||||||||||||||||||||0|3600|3600|||||||||||||||||||||||||||||||||||||
1000005882||||||||||0|24844|24844|||||||||||||||||||||||||||||||||||||||||||||||||
1000006032||||||||||||||||||||||0|12947|12947||||||||||0|17500|17500|||||||||||||||||||||||||
1000006078|2160|6665|8825|4162|17111|21273|5051|32099|37150|10139|43188|53327|1885|12254|14139|4690|29530|34220|6895|42524|49419|9539|57453|66992|2366|14677|17043|4130|35759|39889|5896|49755|55651|8320|60794|69114|2035|11478|13513|3302|33174|36476|4301|45527|49828|5814|57075|62889|1467|15315|16782|2815|31011|33826|3884|46639|50523|5185|61977|67162|
1000006205||||1137|4985|6122|1238|8398|9636|1439|13601|15040|563|3653|4216|1289|7519|8808|1495|12250|13745|1623|18855|20478|277|6241|6518|833|11003|11836|1188|15884|17072|1472|22802|24274|334|4720|5054|424|8258|8682|501|19314|19815|924|35882|36806|318|14161|14479|1191|32153|33344|2260|45446|47706|3874|59342|63216|
1000006493||||||||||||||||||||||0|1758|1758||||||||||0|1890|1890|||||||||||||||||||||||||
1000006600||||||||||||||||||||||0|10197|10197||||||||||||||||||||||||||||||||||0|15706|15706|
1000006832||||||||||0|11558|11558||||||||||||||||||||||||||||||||||0|9443|9443||||||||||0|9479|9479|
1000007064||||||||||0|93278|93278|||||||||||||||||||||||||||||||||||||||||||||||||
1000007077|26262|7760|34022|48997|16488|65485|73279|25209|98488|100418|33065|133483|23364|7202|30566|45408|14585|59993|64105|20607|84712|40828|26584|67412|8940|7597|16537|18489|15317|33806|27254|23937|51191|36797|29312|66109|6325|6516|12841|13730|15022|28752|19639|23599|43238|22456|31371|53827|4708|7428|12136|11405|15973|27378|16830|23266|40096|22542|27564|50106|
1000007240||||||||||0|7110|7110|||||||||||||||||||||||||||||||||||||||||||||||||
1000007429||||||||||||||||||||||0|113369|113369|||||||||||||||||||||||||||||||||||||
1000007471||||||||||0|19460|19460||||||||||0|23171|23171||||||||||0|28079|28079|||||||||||||||||||||||||
1000007484|37129|64367|101496|84601|135889|220490|131322|207392|338714|174688|300188|474876|46303|81550|127853|95731|164450|260181|144442|237442|381884|191929|315629|507558|43759|67702|111461|81232|142077|223309|119331|218385|337716|159483|299034|458517|42004|68655|110659|83865|139232|223097|125308|218026|343334|176302|321071|497373|47972|75407|123379|91432|146692|238124|135559|213948|349507|174010|273105|447115|
1000007545||||||||||0|13000|13000||||||||||0|15290|15290||||||||||0|16350|16350||||||||||0|13418|13418|||||||||||||
1000007579||||||||||||||||||||||||||||||||||388|6109|6497|||||||||||||83|2099|2182|106|3575|3681|321|7547|7868|416|9489|9905|
1000007759||||||||||||||||||||||0|3557|3557|||||||||||||||||||||||||||||||||||||
1000007865||||||||||||||||57798|23044|80842||||114496|59318|173814||||6165|11272|17437||||125527|37218|162745||||61231|21477|82708||||116284|47909|164193||||54897|19445|74342|||||||
1000007913||||||||||||||||||||||0|8118|8118|||||||||||||||||||||||||||||||||||||
1000007936||||||||||0|23435|23435|||||||||||||||||||||||||||||||||||||||||||||||||
1000008008||||||||||||||||||||||0|52795|52795||||||||||0|46206|46206||||||||||0|33693|33693|||||||||||||
1000008203|0|10233|10233|0|19522|19522|0|28116|28116|0|36933|36933|0|9735|9735|0|19485|19485|0|30792|30792|0|40890|40890|0|10671|10671|0|22890|22890|0|35190|35190|||||||||||||0|70558|70558||||||||||1|72777|72778|
1000008277||||||||||0|43411|43411|||||||||||||||||||||||||||||||||||||||||||||||||
1000008329||||||||||0|2188|2188||||||||||0|2094|2094||||||||||0|2044|2044|||||||||||||||||||||||||
1000008561||||||||||0|4259|4259||||||||||0|3549|3549||||||||||0|3515|3515||||||||||0|3632|3632||||||||||0|3500|3500|
1000009068||||||||||0|8918|8918|||||||||||||||||||||||||||||||||||||||||||||||||
1000009099|0|59209|59209|0|120080|120080|0|185432|185432|0|252728|252728|0|67180|67180|0|146971|146971|0|236755|236755|0|320552|320552|0|74848|74848|0|158179|158179|0|250299|250299|0|339612|339612|0|79971|79971|0|165265|165265|0|252943|252943|0|332788|332788|0|76559|76559|0|163630|163630|0|266916|266916|0|368890|368890|
1000009103||||0|10296|10296|0|16924|16924|0|23021|23021|0|2899|2899|0|11584|11584|0|11584|11584|0|25700|25700|0|3132|3132|0|11298|11298|0|18157|18157|0|24138|24138|0|2915|2915|0|11465|11465|0|18643|18643|0|24357|24357|0|2286|2286|0|10480|10480|0|17653|17653|0|23596|23596|
1000009217||||||||||||||||||||||0|30019|30019||||||||||||||||||||||0|43107|43107||||||||||0|51265|51265|
1000009503|0|1869026|1869026|0|3721093|3721093|0|5425294|5425294|0|7351424|7351424|0|1980181|1980181|0|4086917|4086917|0|6282472|6282472|0|8627728|8627728|0|2340365|2340365|0|4769455|4769455|0|7096808|7096808|0|9559328|9559328|0|2404648|2404648|0|4964542|4964542|0|7463103|7463103|0|9998723|9998723|0|2617326|2617326|4485755|989767|5475522|0|8181219|8181219|0|10883728|10883728|
1000009721|48956|26276|75232|107924|59849|167773|175501|96194|271695|237126|129127|366253|79650|30926|110576|167044|58547|225591|265101|86557|351658|366805|111020|477825|96489|24711|121200|197468|52212|249680|321399|82910|404309|430910|108943|539853|121686|26222|147908|205470|56508|261978|272538|81353|353891|327870|104961|432831|79940|23560|103500|161064|45132|206196|236127|70238|306365|313073|95161|408234|
1000009853||||||||||||||||||||||||||||||||||||||||||||||7021|34067|41088|2294|8035|10329|4079|9612|13691|4225|14723|18948|4368|27852|32220|
1000009989||||||||||0|15934|15934||||||||||0|16803|16803||||||||||0|17165|17165||||||||||0|17698|17698|||||||||||||
1000010125||||||||||||||||||||||0|0|0||||||||||||||||||||||||||||||||||0|34642|34642|
1000010286||||||||||0|2081|2081||||||||||0|3266|3266||||||||||0|3324|3324||||||||||0|3908|3908|||||||||||||
1000010301||||||||||0|9000|9000||||||||||||||||||||||0|9000|9000|||||||||||||||||||||||||
1000010334||||||||||0|28868|28868||||||||||0|29264|29264||||||||||0|29985|29985||||||||||0|22034|22034||||||||||0|22865|22865|
1000010386||||||||||0|6519|6519||||||||||||||||||||||||||||||||||0|8784|8784|||||||||||||
1000010674||||||||||||||||||||||||||||||||||||||||||||||0|0|0|||||||||||||
1000010684|2485|1905|4390|4789|5070|9859|8600|7130|15730|10527|10795|21322|612|4653|5265|4631|7290|11921|9058|8285|17343|11331|10587|21918|2855|2462|5317|5363|3878|9241|7386|5644|13030|9433|6667|16100|2950|1465|4415|6337|2525|8862|8464|3333|11797|8814|4171|12985|1997|1278|3275|4406|2203|6609|6882|2892|9774|9442|3781|13223|
1000010784||||||||||||||||||||||||||||||||||||||||||||||0|33085|33085|0|5132|5132|0|9003|9003|0|15550|15550|0|22099|22099|
1000010875||||||||||0|11346|11346||||||||||0|13608|13608||||||||||0|13608|13608|||||||||||||||||||||||||
1000010942||||||||||0|18808|18808||||||||||0|24557|24557||||||||||0|24557|24557|||||||||||||||||||||||||
1000010957||||||||||0|1604|1604||||||||||0|1958|1958||||||||||0|1028|1028|||||||||||||||||||||||||
1000010989||||||||||0|8268|8268||||||||||0|8985|8985||||||||||0|8385|8385||||||||||0|10822|10822||||||||||0|8697|8697|
1000011134||||||||||0|4467|4467|||||||||||||||||||||||||||||||||||||||||||||||||
1000011305||||||||||||||||||||||||||||||||||0|4190|4190||||||||||0|467|467|||||||||||||
1000011317||||||||||||||||||||||0|0|0||||||||||0|0|0|||||||||||||||||||||||||
1000011410||||||||||||||||||||||0|13503|13503|||||||||||||||||||||||||||||||||||||
1000011436||||||||||0|60574|60574|||||||||||||||||||||||||||||||||||||||||||||||||
1000011495||||||||||||||||||||||||||||||||||||||||||||||0|10885|10885|||||||||||||
1000011563|0|56390|56390|0|130165|130165|0|203193|203193|0|295671|295671|0|78521|78521|0|174243|174243|0|258271|258271|0|358312|358312|0|97110|97110|0|223375|223375|0|352091|352091|0|436092|436092|0|85351|85351|0|157324|157324|0|217468|217468|0|277180|277180|0|36595|36595|0|60903|60903|0|83637|83637|0|112122|112122|
1000011962||||||||||||||||||||||||||||||||||||||||||||||||||||||||||0|20163|20163|
1000011994||||||||||0|1284|1284||||||||||0|1454|1454||||||||||0|1108|1108|||||||||||||||||||||||||
1000011998||||||||||0|21800|21800||||||||||0|21871|21871||||||||||0|20801|20801||||||||||0|22943|22943|||||||||||||
1000012183||||||||||||||||||||||||||||||||||||||||||||||||||||||||||0|22081|22081|
1000012264||||||||||0|14331|14331||||||||||0|14203|14203||||||||||0|15499|15499|||||||||||||||||||||||||
1000012342||||||||||0|5300|5300||||||||||0|5660|5660||||||||||0|7111|7111|||||||||||||||||||||||||
1000012381||||||||||||||||||||||||||||||||||0|38143|38143|||||||||||||||||||||||||
1000012597|5341|5096|10437|10391|10655|21046|13573|14641|28214|17192|19593|36785|3150|7095|10245|7803|12593|20396|9551|17444|26995|11774|21463|33237|2504|4325|6829|5397|8177|13574|8671|11551|20222|10294|12489|22783|2974|3173|6147|6437|5216|11653|9981|7000|16981|13795|7260|21055|2605|3212|5817|5641|5200|10841|8582|6836|15418|12353|9012|21365|
1000012625||||||||||||||||||||||||||||||||||||||||||||||0|1968|1968|||||||||||||
1000012711||||||||||0|2584|2584||||||||||0|3069|3069|||||||||||||||||||||||||||||||||||||
1000012840||||||||||0|237599|237599||||||||||0|278022|278022||||||||||0|278368|278368||||||||||0|193099|193099|||||||||||||
1000013055||||||||||0|4039|4039||||||||||0|5927|5927||||||||||0|4950|4950||||||||||||||||||||||0|3476|3476|
1000013124||||||||||0|4429|4429|||||||||||||||||||||||||||||||||||||||||||||||||
1000013314||||||||||0|8631|8631||||||||||0|11778|11778||||||||||0|11672|11672|||||||||||||||||||||||||
1000013728||||||||||||||||||||||0|28424|28424||||||||||0|16573|16573|||||||||||||||||||||||||
1000013945||||||||||0|37959|37959||||||||||||||||||||||||||||||||||0|130330|130330|||||||||||||
1000013969||||||||||||||||||||||||||||||||||||||||||||||38250|66593|104843|8510|19061|27571|16131|37632|53763|24038|59715|83753|33893|79645|113538|
1000014014||||||||||0|108249|108249||||||||||||||||||||||0|147976|147976||||||||||0|177040|177040||||||||||0|206941|206941|
1000014046||||||||||||||||||||||0|2500|2500|||||||||||||||||||||||||||||||||||||
1000014126||||||||||0|173936|173936||||||||||0|237068|237068||||||||||0|237068|237068||||||||||||||||||||||0|233475|233475|
1000014499||||||||||0|8292|8292||||||||||0|8685|8685|||||||||||||||||||||||||||||||||||||
1000014602||||||||||0|111441|111441||||||||||0|129142|129142||||||||||0|156383|156383||||||||||0|149409|149409||||||||||0|175600|175600|
1000014603||||||||||0|3090|3090||||||||||||||||||||||0|3535|3535|||||||||||||||||||||||||
1000014916||||||||||0|19315|19315||||||||||0|22329|22329||||||||||0|25037|25037||||||||||0|18312|18312|||||||||||||
1000014941||||||||||0|3593|3593||||||||||0|7398|7398||||||||||0|5165|5165|||||||||||||||||||||||||
1000014958||||||||||||||||||||||||||||||||||0|12746|12746||||||||||||||||||||||0|19682|19682|
1000015039||||||||||0|604|604|||||||||||||||||||||||||||||||||||||||||||||||||
1000015495||||||||||||||||||||||||||||||||||0|0|0||||||||||0|40386|40386||||||||||0|43416|43416|
1000015504||||||||||0|6393|6393||||||||||0|12591|12591||||||||||0|8905|8905|||||||||||||||||||||||||
1000015510||||||||||0|1124|1124||||||||||0|1829|1829||||||||||0|2478|2478|||||||||||||||||||||||||
1000015513||||||||||0|31322|31322|||||||||||||||||||||||||||||||||||||||||||||||||
1000015538||||||||||0|1299|1299||||||||||0|4084|4084|||||||||||||||||||||||||||||||||||||
1000015756||||||||||0|5734|5734||||||||||0|9186|9186||||||||||0|5533|5533|||||||||||||||||||||||||
1000015913|58270|35779|94049|115397|74840|190237|179177|109221|288398|247223|149800|397023|74128|35093|109221|154861|74627|229488|244514|115693|360207|329964|159051|489015|95661|38076|133737|200149|71094|271243|299683|121627|421310|411344|164146|575490|102473|41164|143637|207452|83644|291096|313699|123446|437145|415330|163225|578555|104535|39456|143991|451624|187426|639050|299043|123387|422430|395804|146457|542261|
1000015976||||||||||||||||||||||||||||||||||0|594654|594654||||||||||0|750781|750781|||||||||||||
1000015989|101871|151180|253051|250540|343375|593915|423933|559890|983823|603134|744140|1347274|154984|182136|337120|332034|383139|715173|450485|536929|987414|522144|679977|1202121|119341|162770|282111|254727|336611|591338|371489|505029|876518|490573|667967|1158540|149559|162732|312291|313037|327606|640643|441148|482855|924003|576191|633674|1209865|127765|149462|277227|260470|300875|561345|398256|445655|843911|552090|573350|1125440|
1000016019||||||||||0|6192|6192||||||||||0|6307|6307||||||||||||||||||||||0|11582|11582|||||||||||||
1000016163||||||||||0|376|376||||||||||0|2700|2700||||||||||0|4000|4000|||||||||||||||||||||||||
1000016252||||||||||0|1606|1606||||||||||0|1522|1522|||||||||||||||||||||||||||||||||||||
1000016416||||||||||0|39681|39681||||||||||0|60869|60869||||||||||0|48927|48927||||||||||0|44214|44214||||||||||0|21854|21854|
1000016456||||||||||0|122711|122711||||||||||0|142926|142926||||||||||0|161980|161980||||||||||0|182472|182472||||||||||0|215474|215474|
1000016463|0|123856|123856|1750|239508|241258|0|377992|377992|0|507628|507628|0|131158|131158|0|263471|263471|0|388654|388654|0|517458|517458|0|120361|120361|0|222332|222332|0|333756|333756|0|444951|444951|0|113260|113260|0|227145|227145|0|354715|354715|0|480810|480810|0|124588|124588|0|250693|250693|0|385886|385886|0|517354|517354|
1000016470||||||||||0|22605|22605||||||||||0|29162|29162||||||||||||||||||||||0|19767|19767|||||||||||||
1000016478|82495|7342|89837|147381|35599|182980|190673|55894|246567|280805|96923|377728|88351|5673|94024|153343|31511|184854|243323|85226|328549|333782|84032|417814|94326|9802|104128|158089|39719|197808|256481|60267|316748|442553|102861|545414|189311|15166|204477|390644|54347|444991|584107|61773|645880|930194|104887|1035081|142351|9470|151821|225224|40024|265248|322704|50081|372785|662410|82480|744890|
1000016513||||||||||||||||||||||0|400|400|||||||||||||||||||||||||||||||||||||
1000016633||||||||||0|490|490||||||||||0|719|719||||||||||0|500|500|||||||||||||||||||||||||
1000016795||||||||||||||||||||||||||||||||||0|9100|9100||||||||||||||||||||||0|14000|14000|
1000016877|0|51251|51251|0|105629|105629|0|156316|156316|0|213487|213487|0|60751|60751|0|127068|127068|0|199549|199549|0|278371|278371|0|75544|75544|0|153944|153944|0|237086|237086|0|319059|319059|0|79106|79106|0|153766|153766|0|227916|227916|0|307656|307656|0|78425|78425|0|152097|152097|0|224148|224148|0|297322|297322|
1000016888|0|45845|45845|0|96775|96775|0|146153|146153|0|207143|207143|0|60917|60917|0|126338|126338|0|192414|192414|0|261688|261688|0|50370|50370|0|105924|105924|0|157757|157757|0|212955|212955|0|48824|48824|0|103559|103559|0|158301|158301|0|215582|215582|0|52362|52362|0|113970|113970|0|169290|169290|0|226551|226551|
1000016920||||||||||||||||||||||0|324714|324714|||||||||||||||||||||||||||||||||||||
1000016982||||||||||||||||||||||0|135456|135456||||||||||0|132682|132682||||||||||0|108314|108314|||||||||||||
1000017022||||||||||||||||||||||||||||||||||||||||||||||0|0|0|||||||||||||
1000017034||||||||||0|27299|27299||||||||||0|27603|27603||||||||||0|34343|34343|||||||||||||||||||||||||
1000017036||||||||||0|16246|16246||||||||||0|23695|23695||||||||||0|29887|29887||||||||||0|24453|24453||||||||||0|18457|18457|
1000017089||||||||||||||||||||||0|68313|68313|||||||||||||||||||||||||||||||||||||
1000017129||||||||||||||||||||||0|3760|3760|||||||||||||||||||||||||||||||||||||
1000017407||||||||||0|10754|10754||||||||||0|24244|24244||||||||||||||||||||||0|21448|21448||||||||||0|21448|21448|
1000017509||||||||||0|15291|15291||||||||||||||||||||||0|12068|12068|||||||||||||||||||||||||
1000017540||||||||||||||||||||||||||||||||||||||||||||||||||||||||||0|269991|269991|
1000017551||||||||||0|23133|23133||||||||||||||||||||||0|17255|17255|||||||||||||||||||||||||
1000017671|0|5269|5269||||||||||||||||||||||||||||||||||||||||||||||||||||||||||
1000017778||||||||||0|85433|85433||||||||||0|92143|92143||||||||||0|103157|103157|||||||||||||||||||||||||
1000017841|||||||||||||0|1112|1112||||||||||||||||||||||||||||||||||||||||||||||
1000017965||||||||||0|12807|12807||||||||||||||||||||||0|20584|20584|||||||||||||||||||||||||
1000018360||||||||||||||||||||||||||||||||||||||||||||||||||||||||||0|348167|348167|
1000018385||||||||||||||||||||||||||||||||||0|11435|11435|||||||||||||||||||||||||
1000018692||||||||||0|584|584||||||||||0|584|584||||||||||0|660|660|||||||||||||||||||||||||
1000018897|||||||||||||0|9138|9138|0|18865|18865|0|28371|28371|0|39239|39239|||||||||||||||||||||||||||||||||||||
1000018945||||||||||0|12969|12969||||||||||0|13309|13309||||||||||0|14970|14970|||||||||||||||||||||||||
1000019068||||||||||0|2989|2989||||||||||0|2373|2373||||||||||0|1976|1976|||||||||||||||||||||||||
1000019203||||||||||0|7690|7690||||||||||0|6904|6904||||||||||0|5237|5237||||||||||0|4716|4716|||||||||||||
1000019251||||||||||||||||||||||||||||||||||||||||||||||0|3337|3337||||||||||13|6433|6446|
1000019355||||||||||||||||||||||||||||||||||||||||||||||||||||||||||0|16002|16002|
1000019370||||||||||0|6687|6687|||||||||||||||||||||||||||||||||||||||||||||||||
1000019413||||||||||0|3753|3753||||||||||0|4523|4523|||||||||||||||||||||||||||||||||||||
1000019517||||||||||0|2708|2708|||||||||||||||||||||||||||||||||||||||||||||||||
1000019596||||||||||0|2049|2049||||||||||0|2640|2640|||||||||||||||||||||||||||||||||||||
1000019652||||||||||||||||||||||||||||||||||||||||||||||0|8199|8199|||||||||||||
1000019767||||||||||||||||||||||0|6000|6000||||||||||0|6000|6000|||||||||||||||||||||||||
1000019813|2960|13299|16259|5968|27471|33439|8711|41292|50003|11493|55209|66702|2561|17585|20146|4670|36746|41416|6923|57544|64467|8990|77863|86853|1727|19462|21189|3510|39115|42625|5252|58867|64119|7097|81670|88767|1797|18470|20267|3777|40320|44097|5386|61148|66534|7843|81432|89275|2430|19185|21615|4607|38531|43138|6690|58214|64904|9329|78297|87626|
1000020175||||||||||0|1975|1975|||||||||||||||||||||||||||||||||||||||||||||||||
1000020179||||||||||||||||||||||||||||||||||||||||||||||||||||||||||0|64861|64861|
1000020189||||||||||0|140525|140525||||||||||0|98725|98725|||||||||||||||||||||||||||||||||||||
1000020230||||||||||0|5443|5443||||||||||0|5271|5271||||||||||0|8463|8463||||||||||0|11231|11231||||||||||0|13912|13912|
1000020278||||||||||0|0|0||||||||||||||||||||||||||||||||||0|75910|75910||||||||||0|83830|83830|
1000020285||||||||||0|25999|25999||||||||||0|25999|25999||||||||||||||||||||||0|36031|36031|||||||||||||
1000020334||||||||||||||||||||||||||||||||||0|9307|9307|||||||||||||||||||||||||
1000020546||||||||||||||||||||||||||||||||||0|2000|2000|||||||||||||||||||||||||
1000020730||||||||||||||||||||||0|7344|7344||||||||||||||||||||||0|9466|9466|||||||||||||
1000021524||||||||||0|2000|2000||||||||||||||||||||||0|2833|2833|||||||||||||||||||||||||
1000021650||||||||||0|32561|32561||||||||||||||||||||||0|28971|28971||||||||||0|48656|48656|||||||||||||
1000021761||||||||||||||||||||||||||||||||||||||||||||||0|15469|15469|||||||||||||
1000021810||||||||||0|3567|3567||||||||||||||||||||||0|3567|3567|||||||||||||||||||||||||
1000021949||||||||||0|2626|2626|||||||||||||||||||||||||||||||||||||||||||||||||
1000021954||||||||||0|4600|4600|||||||||||||||||||||||||||||||||||||||||||||||||
1000022180||||||||||||||||||||||0|5494|5494||||||||||0|4567|4567|||||||||||||||||||||||||
1000022302||||||||||0|15372|15372||||||||||0|18376|18376||||||||||0|17936|17936||||||||||0|17884|17884||||||||||0|17138|17138|
1000022684||||||||||||||||||||||0|180000|180000||||||||||0|2630|2630|||||||||||||||||||||||||
1000022819||||||||||||||||||||||0|103863|103863||||||||||0|119833|119833||||||||||0|99559|99559||||||||||0|120266|120266|
1000023369||||0|11984|11984||||||||||0|12049|12049||||||||||0|11123|11123||||||||||0|8819|8819||||||||||0|9235|9235|||||||
1000023468|9421|4540|13961|20200|18230|38430|17122|45623|62745|49948|42776|92724|26208|11141|37349|42144|22329|64473|60432|62790|123222|79326|92188|171514|14066|22796|36862|28536|43523|72059|46519|64508|111027|65408|79046|144454|36954|23856|60810|67227|54261|121488|100882|78152|179034|131097|104796|235893|26537|17614|44151|59593|41966|101559|82564|80466|163030|119073|117331|236404|
1000023517||||||||||||||||||||||0|27994|27994|||||||||||||||||||||||||||||||||||||
1000023668||||||||||||||||||||||||||||||||||||||||||||||0|5700|5700|||||||||||||
1000023670||||||||||||||||||||||||||||||||||||||||||||||0|4100|4100|||||||||||||
1000023675||||||||||||||||||||||0|785|785||||0|703|703|||||||||||||||||||||||||||||||
1000024203||||||||||0|126887|126887||||||||||||||||||||||0|92728|92728||||||||||0|73583|73583||||||||||0|76471|76471|
1000024576||||||||||||||||||||||0|0|0|||||||||||||||||||||||||||||||||||||
1000024600||||||||||0|1573|1573||||||||||||||||||||||0|2508|2508|||||||||||||||||||||||||
1000024627||||||||||0|113036|113036||||||||||0|131240|131240|||||||||||||||||||||||||||||||||||||
1000025174|7169|9004|16173|12945|19253|32198|18067|25914|43981|22648|31780|54428|9590|9381|18971|19879|18057|37936|30653|26866|57519|39105|35389|74494|11147|9584|20731|21747|19214|40961|36188|28785|64973|43160|37969|81129|12781|10590|23371|25479|22743|48222|36821|35996|72817|44741|49846|94587|13108|13268|26376|26100|25349|51449|35303|37673|72976|50418|42271|92689|
1000026458||||||||||||||||||||||||||||||||||||||||||||||0|8639|8639||||||||||0|9265|9265|
1000025672||||||||||||||||||||||||||||||||||0|12000|12000||||||||||0|10000|10000|||||||||||||
1000020866||||||||||||||||||||||0|211710|211710||||||||||0|191629|191629|||||||||||||||||||||||||
1000025375||||||||||||||||||||||||||||||||||0|2008|2008|||||||||||||||||||||||||
1000025843||||||||||0|2020|2020|||||||||||||||||||||||||||||||||||||||||||||||||
1000007033||||||||||0|13878|13878|||||||||||||||||||||||||||||||||||||||||||||||||
1000012447||||||||||0|11145|11145|||||||||||||||||||||||||||||||||||||||||||||||||
1000013162|||||||0|20112|20112|0|59401|59401|0|36871|36871|0|75766|75766|0|117538|117538|0|166108|166108|0|46200|46200|0|91712|91712|0|133441|133441|0|184551|184551|0|48103|48103|0|94517|94517|0|138625|138625|0|189727|189727|0|47853|47853|0|92142|92142|0|136173|136173|0|192529|192529|
1000011914|245889|17312|263201|537051|36586|573637|930088|51601|981689|1408879|76749|1485628|635324|27138|662462|1786425|63182|1849607|3284725|128089|3412814|5172347|185261|5357608|1951412|59578|2010990|3821329|95888|3917217|5593721|126750|5720471|6759012|141855|6900867|952142|18317|970459|1745667|34309|1779976|2252255|49657|2301912|2712685|54152|2766837|620811|8976|629787|1271351|138155|1409506|1785085|249481|2034566|2177820|353756|2531576|
1000025152||||||||||||||||||||||||||||||||||||||||580015|240809|820824|921796|360289|1282085|1286896|458563|1745459|377736|107862|485598|748013|205306|953319|1135891|330604|1466495|1532684|450017|1982701|
1000027499||||||||||||||||||||||||||||||||||0|3157|3157|||||||||||||||||||||||||
1000025289||||||||||0|14219|14219||||||||||0|15604|15604||||||||||526|27389|27915|147|7359|7506|248|19604|19852|445|25920|26365|747|32382|33129|459|6808|7267|852|14946|15798|1268|23193|24461|1569|31397|32966|
1000027989||||||||||0|4384|4384|||||||||||||||||||||||||||||||||||||||||||||||||
1000021007||||||||||0|2628|2628||||||||||0|4562|4562||||||||||0|4625|4625|||||||||||||||||||||||||
1000024321||||||||||0|52493|52493||||||||||0|79475|79475||||||||||0|92017|92017||||||||||0|97978|97978||||||||||0|96975|96975|
1000026859||||||||||0|1978|1978||||||||||0|1978|1978||||||||||0|2091|2091|||||||||||||||||||||||||
1000028242||||||||||0|2379|2379||||||||||0|2836|2836||||||||||0|4981|4981|||||||||||||||||||||||||
1000027310||||||||||0|2313|2313|||||||||||||||||||||||||||||||||||||||||||||||||
1000029209||||||||||||||||0|740|740||||0|1863|1863||||||||||0|1922|1922||||||||||0|2013|2013|||||||||||||
1000025881||||||||||||||||||||||0|32604|32604||||||||||0|42930|42930||||||||||0|49417|49417||||||||||0|53271|53271|
1000000015|3357|253206|256563|7531|530258|537789|9826|815832|825658|11420|1141945|1153365|3402|313799|317201|8113|661813|669926|12173|1015429|1027602|14798|1393873|1408671|4269|350278|354547|8466|713120|721586|10539|1071507|1082046|14454|1427004|1441458|3479|336139|339618|5671|675607|681278|10606|1000095|1010701|15423|1359312|1374735|3678|337067|340745|6988|670075|677063|9303|1015445|1024748|12280|1362920|1375200|
1000028984||||||||||0|1990|1990||||||||||0|3927|3927|||||||||||||||||||||||||||||||||||||
1000027622||||||||||0|21977|21977||||||||||0|31601|31601|||||||||||||||||||||||||||||||||||||
1000025306||||||||||0|0|0|||||||||||||||||||||||||||||||||||||||||||||||||
1000028670||||||||||0|4300|4300|||||||||||||||||||||||||||||||||||||||||||||||||
1000028310||||||||||||||||||||||0|0|0|||||||||||||||||||||||||||||||||||||
1000028918||||||||||0|1358|1358|||||||||||||||||||||||||||||||||||||||||||||||||
1000030785||||||||||||||||||||||0|177|177|||||||||||||||||||||||||||||||||||||
1000029157||||||||||0|110859|110859|||||||||||||||||||||||||||||||||||||||||||||||||
1000030411|160940|122259|283199|378447|268652|647099|520468|550248|1070716|1027831|576663|1604494|577042|158819|735861|1706312|355393|2061705|2797493|570683|3368176|3857896|701452|4559348|993278|125880|1119158|1928415|257123|2185538|2910195|375836|3286031|3836335|507395|4343730|1159125|70625|1229750|2352973|193357|2546330|3439089|339075|3778164|4457564|466453|4924017|1085810|137104|1222914||||||||||
1000028219||||||||||||||||||||||||||||||||||||||||||||||0|11207|11207||||||||||0|15105|15105|
1000029817||||||||||||||||||||||||||||||||||0|4859|4859|||||||||||||||||||||||||
1000030224||||||||||0|247063|247063|||||||||||||||||||||||||||||||||||||||||||||||||
1000028949||||||||||||||||||||||||||||||||||||||||||||||0|2500|2500|||||||||||||
1000030465||||||||||0|76835|76835|||||||||||||||||||||||||||||||||||||||||||||||||
1000001168||||||||||||||||||||||||||||||||||0|7770|7770||||||||||0|6977|6977|||||||||||||
1000016128||||0|7399|7399||||||||||0|6699|6699||||||||||0|7914|7914|||||||||||||||||||||||||||||||
1000012325||||||||||0|34666|34666|||||||||||||||||||||||||||||||||||||||||||||||||
1000004486||||||||||0|17440|17440||||||||||0|15710|15710|||||||||||||||||||||||||||||||||||||
1000018430||||||||||0|55911|55911||||||||||0|64941|64941||||||||||0|65953|65953||||||||||0|68122|68122||||||||||0|68382|68382|
1000031048||||||||||1286916|-223343|1063573|812602|449737|1262339|965374|1582556|2547930|2295058|2447056|4742114|3919607|3698163|7617770|1757975|1547365|3305340|3216845|3784588|7001433|4710526|5463572|10174098|5874095|7023117|12897212|1249919|433667|1683586|2281819|955258|3237077|3311981|1355943|4667924|3402219|10632522|14034741|4666928|10210136|14877064|9208506|19350978|28559484|0|43055893|43055893|19212195|37535416|56747611|
1000003974||||||||||||||||||||||0|4584|4584|||||||||||||||||||||||||||||||||||||
1000006514||||||||||||||||||||||||||||||||||||||||||||||0|2974|2974|||||||||||||
1000005194|193964|283352|477316|409082|557177|966259|613391|840281|1453672|869562|1198238|2067800|252429|368400|620829|518172|767579|1285751|828167|1170203|1998370|1154899|1612581|2767480|270465|368856|639321|520140|713677|1233817|770297|1049179|1819476|1035923|1434352|2470275|275590|349245|624835|583811|708747|1292558|841180|1077790|1918970|1137889|1445378|2583267|318341|361167|679508|606288|717654|1323942|872155|1074124|1946279|1169040|1461802|2630842|
1000004771|0|34056|34056|0|64825|64825|0|96316|96316|0|128568|128568|0|36973|36973|0|69923|69923|0|101474|101474|0|133843|133843|0|31447|31447|0|60799|60799|0|88917|88917|0|117614|117614|0|27528|27528|0|52863|52863|0|80751|80751|0|107627|107627|0|24387|24387|0|47318|47318|0|68276|68276|0|68276|68276|
1000015029||||||||||0|7869|7869||||||||||0|11265|11265||||||||||0|12450|12450||||||||||0|10982|10982||||||||||0|11411|11411|
1000025849||||||||||0|10008|10008|||||||||||||||||||||||||||||||||||||||||||||||||
1000011678||||||||||0|2495|2495||||||||||0|1543|1543||||||||||0|7415|7415|||||||||||||||||||||||||
1000011579||||||||||0|4961|4961||||||||||0|4961|4961||||||||||0|5232|5232|||||||||||||||||||||||||
1000031054||||||||||||||||||||||0|3300|3300|||||||||||||||||||||||||||||||||||||
1000031573||||||||||||||||||||||||||||||||||0|5464|5464|||||||||||||||||||||||||
1000029341||||||||||0|3500|3500||||||||||0|5990|5990|||||||||||||||||||||||||||||||||||||
1000031183||||||||||||||||||||||||||||||||||||||||||||||0|1693|1693|||||||||||||
1000007897|0|2299|2299|0|8597|8597|0|13708|13708|0|18748|18748|0|2574|2574|0|9659|9659|0|15869|15869|0|21084|21084|0|2667|2667|0|10232|10232|0|16110|16110|0|21112|21112|0|2115|2115|0|9775|9775|0|15789|15789|0|20978|20978|0|2168|2168|0|9901|9901|0|15789|15789|0|21056|21056|
1000007513|0|14205|14205|4005|23527|27532|5257|32896|38153|6865|53545|60410|2062|5162|7224|4212|14404|18616|5453|24149|29602|7262|55004|62266|1912|9887|11799|6896|30244|37140|12580|45916|58496|15303|103766|119069|3811|37958|41769|0|82503|82503|0|103536|103536|0|131595|131595|0|15183|15183|0|40254|40254|0|57773|57773|0|75506|75506|
1000007575|41893|13219|55112|49013|25585|74598|88845|51119|139964|117217|64134|181351|32508|16833|49341|0|92058|92058|84|154112|154196|167765|32595|200360|59646|7620|67266|103809|18315|122124|165794|32417|198211|234077|41236|275313|74013|8715|82728|128339|17865|146204|192687|25776|218463|256796|35103|291899|77340|6331|83671|131146|15801|146947|190584|23207|213791|247531|31158|278689|
1000009144|30234|40738|70972|63009|74642|137651|87257|102457|189714|114627|145316|259943|31419|42102|73521|57780|76870|134650|61535|118339|179874|100514|149009|249523|26025|38200|64225|57490|67891|125381|84644|107492|192136|122023|146481|268504|37564|39513|77077|66255|80488|146743|100475|113205|213680|136274|153254|289528|27366|46721|74087|58074|84300|142374|85016|126333|211349|125666|179823|305489|
1000009619||||||||||0|79586|79586||||||||||0|79586|79586||||||||||0|90905|90905||||||||||0|79841|79841||||||||||0|73051|73051|
1000009874||||||||||0|7788|7788|||||||||||||||||||||||||||||||||||||||||||||||||
1000026211||||||||||||||||||||||||||||||||||||||||||||||0|320655|320655|||||||||||||
1000024114||||||||||||||||||||||||||||||||||0|4820|4820|||||||||||||||||||||||||
1000029661||||||||||||||||||||||0|45252|45252|||||||||||||||||||||||||||||||||||||
1000008550||||||||||0|925247|925247||||||||||0|1209496|1209496||||||||||0|1019091|1019091||||354133|222670|576803|531408|301372|832780|696794|358605|1055399|226886|120968|347854|426997|232685|659682|586871|311628|898499|738296|379412|1117708|
1000028547||||||||||||||||||||||||||||||||||0|1300|1300|||||||||||||||||||||||||
1000010197|16798|700|17498|34190|1540|35730|49799|2073|51872|52608|2407|55015|1927|706|2633|3741|1189|4930|5140|1532|6672|6233|2585|8818|0|254|254|3|292|295|27|460|487|27|2366|2393|25|170|195||||||||||||||||||||||
1000009286||||||||||0|8906|8906|||||||||||||||||||||||||||||||||||||||||||||||||
1000030700||||||||||||||||||||||||||||||||||||||||||||||0|6810|6810|||||||||||||
1000004959||||||||||||||||||||||||||||||||||||||||||||||0|44156|44156||||||||||0|45488|45488|
1000006654||||||||||||||||||||||0|24624|24624|||||||||||||||||||||||||||||||||||||
1000005068|||||||||||||0|889|889|||||||0|3979|3979||||||||||0|4239|4239|||||||||||||||||||||||||
1000032044||||||||||||||||||||||||||||||||||0|1003|1003|||||||||||||||||||||||||
1000018045||||||||||||||||0|299|299||||||||||||||||0|1762|1762|||||||||||||||||||||||||
1000006690||||||||||0|5612|5612||||0|3262|3262|0|7488|7488|0|9706|9706|0|1080|1080|0|2153|2153|0|4611|4611||||||||||||||||||||||||||||
1000000046|0|4520300|4520300|0|6810300|6810300|0|10599600|10599600|8752468|4451686|13204154|2327909|1091606|3419515|5426264|2276995|7703259|8813785|3277728|12091513|12336311|4659449|16995760|3372280|978842|4351122|7038877|2280585|9319462|10451579|3406650|13858229|14161425|4968705|19130130|3385438|1076898|4462336|6597748|2456810|9054558|9385067|3548004|12933071|12980564|5152310|18132874|3167808|1130868|4298676|7153500|2491615|9645115|10468810|3628670|14097480|14772507|5011631|19784138|
1000000089|0|140077|140077|0|273701|273701|0|387485|387485|0|521441|521441|0|132855|132855|0|284784|284784|0|430730|430730|0|614172|614172|0|164975|164975|0|336758|336758|0|485884|485884|0|649418|649418|0|164668|164668|0|344942|344942|218893|120208|339101|0|668399|668399|0|171160|171160|0|384424|384424|0|592751|592751|0|808007|808007|
1000000104|47639|37749|85388|97687|81782|179469|0|384717|384717|222528|185308|407836|60423|56139|116562|133670|123071|256741|218759|179153|397912|0|684414|684414|0|142498|142498|0|327593|327593|0|467401|467401|0|624419|624419|69607|45906|115513|136638|91770|228408|0|445516|445516|0|582075|582075|0|155650|155650|0|311067|311067|200209|119374|319583|254943|160408|415351|
1000000109|6905|406296|413201|13736|857010|870746|20782|1337202|1357984|28245|1579561|1607806|8856|404507|413363||||||||||||||||||||||||||||||||||||||||||||||
1000000110|0|30224|30224|0|78415|78415|0|128474|128474|0|194935|194935|0|61249|61249|0|112955|112955|0|153926|153926|0|194558|194558|0|38640|38640|0|68983|68983|0|105465|105465|0|151189|151189|0|40909|40909|0|77763|77763|0|99316|99316|0|128286|128286|0|20555|20555|0|54502|54502|0|83934|83934|0|115190|115190|
1000000112|79341|60665|140006|166628|120944|287572|264716|184525|449241|388584|253446|642030|132879|69291|202170|316206|141290|457496|450712|218319|669031|605744|303295|909039|157931|87630|245561|347831|183092|530923|587622|278547|866169|809339|383578|1192917|288964|96785|385749|621112|189080|810192|962000|287162|1249162|1335896|392119|1728015|423965|105049|529014|864127|217964|1082091|1374675|339432|1714107|1883803|467982|2351785|
1000000116|185100|259200|444300|361600|528100|889700|566300|800800|1367100|819600|1178100|1997700|199000|390400|589400|419500|809200|1228700|610800|1185900|1796700|0|2199525|2199525|206100|497800|703900|457900|1000400|1458300|662300|1426000|2088300|952900|1891100|2844000|261300|527200|788500|566400|1086500|1652900|6950|17624|24574|928000|2363600|3291600|189100|666500|855600|429300|1342500|1771800|633600|1993200|2626800|945300|2690700|3636000|
1000000131|6199|45648|51847|24285|108038|132323|40429|139424|179853|51602|174965|226567|9458|45789|55247|29139|86425|115564|40168|141567|181735|48546|182458|231004|10541|28677|39218|52148|51577|103725|71103|90303|161406|81437|133105|214542|7993|26740|34733|18250|62614|80864|29801|105334|135135|54878|159080|213958|30121|79924|110045|54834|174483|229317|64478|273899|338377|88954|343337|432291|
1000000144|0|55337|55337|0|116362|116362|0|183025|183025|0|267387|267387|0|55269|55269|0|118902|118902|0|193237|193237|0|278117|278117|0|56242|56242|0|116028|116028|0|185371|185371|0|273560|273560|0|51477|51477|0|114952|114952|0|188565|188565|0|282165|282165|0|50048|50048|0|118347|118347|0|200393|200393|0|321039|321039|
1000000149|22075|1413|23488|45277|2716|47993|62262|4158|66420|96539|5781|102320|29812|1481|31293|51009|2970|53979|73381|4498|77879|92140|5997|98137|11540351|1447478|12987829|28142|2821|30963|44606|4342|48948|63873|5801|69674|15980|1482|17462|34247|2928|37175|51304|4388|55692|68799|5779|74578|18563|1329|19892|35892|2722|38614|52216|4170|56386|71901|5640|77541|
1000000176||||0|31428834|31428834|0|86584157|86584157|0|117610626|117610626|0|30298568|30298568|0|66298464|66298464|0|104003906|104003906|0|142527535|142527535|0|37778693|37778693|0|80028388|80028388|0|121031051|121031051|0|162663579|162663579|0|40658539|40658539|0|85679120|85679120|0|128607452|128607452|0|175231153|175231153|0|44407761|44407761|0|92694438|92694438|0|139415886|139415886|0|186254472|186254472|
1000000208|0|77636|77636|0|185141|185141|0|284619|284619|0|396984|396984|0|82054|82054|0|216645|216645|0|329361|329361|0|471150|471150|0|118485|118485|0|258809|258809|0|370458|370458|0|504671|504671|0|109211|109211|0|255155|255155|0|369553|369553|0|513368|513368|0|101109|101109|0|233635|233635|||||||
1000000215||||||||||0|44422|44422|||||||||||||||||||||||||||||||||||||||||||||||||
1000000228||||||||||0|150726|150726||||||||||0|257773|257773||||||||||0|167151|167151|||||||||||||||||||||||||
1000000246|0|149325|149325|0|312388|312388|0|333553|333553|0|465993|465993|0|147080|147080|0|313093|313093|0|474599|474599|0|920409|920409|0|206686|206686|0|408286|408286|0|619103|619103|0|823126|823126|0|204284|204284|0|435908|435908|0|653759|653759|0|882147|882147|0|221908|221908|0|484738|484738|0|742114|742114|0|986704|986704|
1000000329|1115|3730|4845|1648|7188|8836|1648|10218|11866|2560|15590|18150|1180|3529|4709|2660|6950|9610|2668|11259|13927|4149|18354|22503|521|4185|4706|1130|7784|8914|2355|11412|13767|2355|21054|23409|7|5731|5738|0|12944|12944|0|19641|19641|0|30564|30564|0|9046|9046|0|17680|17680|0|26012|26012|0|35464|35464|
1000000387|238|41113|41351|445|122979|123424|740|204150|204890|1365|294838|296203|0|93443|93443|0|194810|194810|0|294434|294434|0|398516|398516|0|104778|104778|0|215946|215946|0|316697|316697|0|419753|419753|0|105971|105971|0|209745|209745|0|296199|296199|0|402449|402449|0|95995|95995|0|200589|200589|0|298060|298060|0|398574|398574|
1000000411|549|43046|43595|996|88343|89339|7325|134868|142193|11272|183884|195156|209|70089|70298|627|171186|171813|1102|268309|269411|5719|339336|345055|4905|68326|73231|10873|136353|147226|11721|214986|226707|11991|282171|294162|598|69677|70275|1854|157627|159481|3027|237359|240386|3754|304840|308594|1139|68416|69555|30289|151195|181484|60026|223690|283716|85800|300141|385941|
1000000470||||0|244|244||||0|478|478|||||||||||||||||||||||||||||||||||||||||||||||||
1000000503|0|39382|39382|0|83751|83751|0|125631|125631|0|166587|166587|0|45573|45573|0|96167|96167|0|147890|147890|0|197957|197957|3391|48128|51519|0|104400|104400|0|153607|153607|0|204222|204222|0|48259|48259|0|102398|102398|10994|140213|151207|0|202186|202186||||0|101727|101727|0|150612|150612|0|202401|202401|
1000000523|43994|91315|135309|102758|175521|278279|148492|275460|423952|206253|367670|573923|45786|94082|139868|92618|189072|281690|148640|294702|443342|208431|401980|610411|50805|106260|157065|108268|210938|319206|164919|328191|493110|232411|436456|668867|55315|113796|169111|122434|220287|342721|173563|334439|508002|236645|442431|679076|39972|111105|151077|0|322388|322388|0|491643|491643|0|654527|654527|
1000000683||||||||||0|116290|116290||||||||||0|95210|95210||||||||||0|95210|95210||||||||||0|102755|102755|||||||||||||
1000000694||||||||||0|60|60||||||||||||||||||||||0|100|100||||||||||0|100|100|||||||||||||
1000000777|1027|70661|71688|3478|156767|160245|14737|218156|232893|19525|301540|321065|3344|69170|72514|8502|157644|166146|12522|243169|255691|17759|328283|346042|4338|76610|80948|10226|171435|181661|14255|258152|272407|20359|342902|363261|4183|83746|87929|8081|183612|191693|9654|264956|274610|10669|356857|367526|1682|88742|90424|3053|196531|199584|5385|284770|290155|9162|385386|394548|
1000000898|115|57355|57470|436|122839|123275|519|190654|191173|688|262562|263250|62|71732|71794|409|144927|145336|683|214520|215203|752|282661|283413|210|64352|64562|409|136886|137295|542|216746|217288|748|299256|300004|119|81003|81122|119|174017|174136|192|253626|253818|320|326872|327192|124|74206|74330|209|142738|142947|316|214602|214918|427|279390|279817|
1000000904||||||||||0|15016|15016||||||||||0|15968|15968||||||||||0|13513|13513||||||||||0|28054|28054||||||||||0|44209|44209|
1000001020||||||||||||||||||||||||||||||||||0|129130|129130|||||||||||||||||||||||||
1000001064||||||||||0|72202|72202|||||||||||||||||||||||||||||||||||||||||||||||||
1000001066|0|17555|17555|0|38250|38250|0|58564|58564|0|92816|92816|0|10520|10520|0|25405|25405|0|57476|57476|0|104472|104472|0|13787|13787|0|32674|32674|0|45996|45996|0|75691|75691|0|16082|16082|0|36978|36978|0|58072|58072|0|84360|84360|0|14859|14859|0|39307|39307|0|65433|65433|0|87455|87455|
1000001146|2275|304739|307014||||||||||||||||||||||||||||||||||||||||||||||||||||||||||
1000001325|0|3416754|3416754|0|6762265|6762265|0|10239693|10239693|0|13851135|13851135|0|3409981|3409981|0|6794236|6794236|0|10295381|10295381|0|13905990|13905990|0|3541343|3541343|0|6970674|6970674|0|10551751|10551751|0|14372626|14372626|0|3576966|3576966|0|7070662|7070662|0|10871993|10871993|0|14625198|14625198|0|3748090|3748090|0|7592475|7592475|0|11603313|11603313|0|15451745|15451745|
1000001464||||||||||0|12593|12593||||||||||0|12818|12818||||||||||0|12818|12818||||||||||0|24561|24561||||||||||0|22714|22714|
1000001476|0|6029426|6029426|0|12057038|12057038|0|18274420|18274420|24119|19997481|20021600|0|6277700|6277700|0|12589852|12589852|0|19067053|19067053|0|25650011|25650011|0|6443676|6443676|0|12991197|12991197|0|19688639|19688639|29000|22033580|22062580|0|6654574|6654574|0|13200973|13200973|0|19855588|19855588|0|26431204|26431204|0|6845117|6845117|0|16054341|16054341|0|21399188|21399188|0|31879233|31879233|
1000001478||||||||||0|59757|59757||||||||||0|83945|83945||||||||||0|100026|100026||||||||||0|123740|123740|||||||||||||
1000001509||||||||||||||||||||||0|46399|46399||||||||||0|46267|46267||||||||||||||||||||||0|32317|32317|
1000001537||||||||||0|10540|10540||||||||||0|12864|12864|||||||||||||||||||||||||||||||||||||
1000001599||||||||||0|52986|52986||||||||||0|50192|50192||||||||||0|58380|58380||||||||||0|55522|55522|||||||||||||
1000001614||||||||||0|5205|5205||||||||||0|8480|8480||||||||||0|6178|6178||||||||||0|6819|6819|||||||||||||
1000001662||||||||||0|23681|23681||||||||||||||||||||||0|33419|33419||||||||||0|40141|40141||||||||||0|40180|40180|
1000001700|0|185230|185230|0|327254|327254|0|490251|490251|0|653696|653696|0|181407|181407|0|338291|338291|0|497121|497121|0|663771|663771|0|180178|180178|0|335556|335556|0|493639|493639|0|657844|657844|0|172861|172861|0|329963|329963|0|494505|494505|0|671143|671143|0|181497|181497|0|321303|321303|0|475154|475154|0|626470|626470|
1000001732|0|62103|62103|0|10076|10076|0|28393|28393|0|46704|46704|0|71024|71024|0|13506|13506|0|36667|36667|0|56356|56356|0|84645|84645||||||||||0|77432|77432|||||||0|55523|55523||||||||||0|78467|78467|
1000001755|13475|20743|34218|18731|37808|56539|23829|51452|75281|27653|71979|99632|4365|15910|20275|10115|26451|36566|20830|41610|62440|37601|75514|113115|20115|23308|43423|16756|50101|66857|28503|72592|101095|38796|105259|144055|15344|26612|41956|26127|70958|97085|45655|114231|159886|76648|204369|281017|12234|81585|93819|53920|147519|201439|109790|200197|309987|143515|252741|396256|
1000001948|33240|7295|40535|86774|18373|105147|129619|33100|162719|159585|47052|206637|31858|20246|52104|71223|35115|106338|115993|63772|179765|149284|85638|234922|37640|7482|45122|61591|14464|76055|90439|21951|112390|133227|32807|166034|22191|18138|40329|92213|27411|119624|146586|39254|185840|204464|47155|251619|48585|3309|51894|92732|10965|103697|121185|19771|140956|175064|33347|208411|
1000001979||||||||||||||||||||||||||||||||||||||||||||||0|40|40|||||||||||||
1000001992||||||||||0|71050|71050||||||||||0|70830|70830||||||||||0|68343|68343|||||||||||||||||||||||||
1000002002||||||||||||||||||||||0|7848|7848||||||||||0|9663|9663||||||||||0|8817|8817|||||||||||||
1000002037|||||||15911|1101309|1117220|25837|1523877|1549714|4384|395423|399807|13075|824305|837380|23158|1267305|1290463|0|1|1|9025|419350|428375|24501|868153|892654|42377|1331507|1373884|0|1626452|1626452|23039|444428|467467|48822|913610|962432|69779|1393225|1463004|0|2004719|2004719|69873|1803604|1873477|46296|1002912|1049208|68181|1526188|1594369|93911|2107395|2201306|
1000002198||||||||||0|6738|6738||||||||||||||||||||||0|4817|4817|||||||||||||||||||||||||
1000002217|0|1752025|1752025|1094913|2768486|3863399|1310568|4723884|6034452|1762134|6397556|8159690|536157|1780837|2316994|1116067|3620973|4737040|||||||||||||||||||||||||||||||||||||||||||
1000002262||||||||||0|82519|82519||||||||||0|80535|80535||||||||||0|75518|75518||||||||||0|78263|78263||||||||||0|77135|77135|
1000002385||||||||||0|7297|7297||||||||||0|6249|6249||||||||||0|21211|21211||||||||||0|14017|14017|||||||||||||
1000002408||||||||||||||||||||||||||||||||||0|112818|112818|||||||||||||||||||||||||
1000002641||||||||||0|1838|1838||||||||||||||||||||||0|1838|1838|||||||||||||||||||||||||
1000002797||||||||||0|3261|3261||||||||||0|2532|2532||||||||||0|2883|2883||||||||||0|3359|3359||||||||||0|3835|3835|
1000002827||||||||||0|7661|7661||||||||||0|8141|8141||||||||||0|7803|7803||||||||||0|9341|9341||||||||||0|10473|10473|
1000002892||||||||||0|3625|3625|||||||||||||||||||||||||||||||||||||||||||||||||
1000002911||||||||||||||||||||||0|37370|37370||||||||||0|41943|41943||||||||||0|50962|50962||||||||||0|52318|52318|
1000002987||||||||||0|3128|3128||||||||||0|3777|3777||||||||||0|4144|4144||||||||||0|4766|4766||||||||||0|4306|4306|
1000002998||||||||||0|17142|17142||||||||||0|18686|18686|||||||||||||||||||||||||||||||||||||
1000003004||||||||||0|25344|25344||||||||||||||||||||||0|31037|31037|||||||||||||||||||||||||
1000003098||||||||||0|296|296||||||||||0|2967|2967||||||||||0|2882|2882|||||||||||||||||||||||||
1000003211||||||||||0|15601|15601||||||||||0|11473|11473||||||||||0|11532|11532|||||||||||||||||||||||||
1000003239||||||||||0|809|809||||||||||0|1000|1000||||||||||0|1000|1000||||||||||0|1000|1000||||||||||0|1000|1000|
1000003361||||||||||0|7809|7809||||||||||||||||||||||0|7556|7556||||||||||0|10029|10029||||||||||0|6678|6678|
1000003406|||||||||||||||||||1099|10967|12066|0|16231|16231|0|3794|3794|0|7847|7847|0|11727|11727|0|15511|15511|0|4799|4799|0|10269|10269|0|16377|16377|0|23706|23706|0|5736|5736|0|11032|11032|0|17002|17002|0|22933|22933|
1000003408||||||||||0|19330|19330||||||||||0|32150|32150||||||||||0|28510|28510|||||||||||||||||||||||||
1000003511||||||||||0|28941|28941||||||||||0|26791|26791||||||||||0|20896|20896|||||||||||||||||||||||||
1000003563||||||||||||||||||||||||||||||||||0|3420|3420|||||||||||||||||||||||||
1000003584||||||||||0|9096|9096||||||||||0|11453|11453||||||||||0|10960|10960||||||||||0|11496|11496||||||||||0|11347|11347|
1000003637||||||||||0|4027|4027||||||||||0|4470|4470||||||||||0|4063|4063||||||||||0|7162|7162||||||||||0|7834|7834|
1000003687||||||||||0|20259|20259||||||||||||||||||||||0|19550|19550|||||||||||||||||||||||||
1000003788||||||||||0|1512|1512||||||||||0|1337|1337||||||||||0|1175|1175|||||||||||||||||||||||||
1000003816||||||||||0|9966|9966||||||||||0|9997|9997||||||||||||||||||||||0|13108|13108||||||||||0|11231|11231|
1000003820||||||||||0|40414|40414|||||||||||||||||||||||||||||||||||||||||||||||||
1000003826||||||||||0|351971|351971||||||||||0|392401|392401|||||||||||||||||||||||||||||||||||||
1000003946||||||||||||||||||||||0|19522|19522||||||||||0|24505|24505||||||||||0|25124|25124||||||||||0|22991|22991|
1000003995|20826|15280|36106|42080|30663|72743|62190|42260|104450|86380|55981|142361|24166|13283|37449|48178|29649|77827|73416|44174|117590|101832|62202|164034|28106|17972|46078|55548|40307|95855|84565|60119|144684|115349|82880|198229|32437|20754|53191|67000|42578|109578|101493|61783|163276|136849|81719|218568|32357|24906|57263|68584|50739|119323|104807|71889|176696|141689|90427|232116|
1000004006||||||||||||||||||||||0|1525|1525||||||||||||||||||||||0|2070|2070|||||||||||||
1000004144||||||||||0|19000|19000||||||||||||||||||||||0|23722|23722||||||||||||||||||||||0|22538|22538|
1000004181||||||||||||||||||||||||||||||||||||||||||||||0|8282|8282||||||||||0|4195|4195|
1000004233||||||||||0|3727|3727|||||||||||||||||||||||||||||||||||||||||||||||||
1000004262||||||||||0|8082|8082|||||||||||||||||||||||||||||||||||||||||||||||||
1000004267||||||||||0|1931|1931|||||||||||||||||||||||||||||||||||||||||||||||||
1000004326||||||||||||||||||||||0|132308|132308||||||||||0|149554|149554||||||||||0|135485|135485||||||||||0|173410|173410|
1000005196||||||||||||||||||||||0|15667|15667||||||||||0|5855|5855||||||||||0|5302|5302|||||||||||||
1000005450||||||||||0|4700|4700||||||||||0|4700|4700||||||||||||||||||||||0|4380|4380|||||||||||||
1000005761|0|52188|52188|0|115191|115191|0|182939|182939|0|241707|241707|0|57079|57079|0|127427|127427|0|204710|204710|0|269460|269460|0|64575|64575|0|143225|143225|0|228256|228256|0|298455|298455|0|70523|70523|0|153755|153755|0|237153|237153|0|305487|305487|0|70294|70294|0|153047|153047|0|240196|240196|0|306045|306045|
1000005959|19440|20132|39572|41408|43066|84474|71680|70077|141757|104575|98849|203424|35463|33489|68952||||99276|91071|190347|128977|110503|239480|26658|44323|70981|54590|98366|152956|73790|150148|223938|93794|107176|200970|22455|30223|52678|45198|62799|107997|72671|89651|162322|102352|113211|215563|28303|26165|54468|57152|54240|111392|86753|81843|168596|117496|105911|223407|
1000006094||||||||||0|74976|74976|||||||||||||||||||||||||||||||||||||||||||||||||
1000006101||||||||||0|86449|86449|||||||||||||||||||||||||||||||||||||||||||||||||
1000006358||||||||||0|6895|6895||||||||||||||||||||||0|7630|7630||||||||||||||||||||||0|15974|15974|
1000006414||||||||||||||||||||||||||||||||||||||||||||||0|24295|24295|||||||||||||
1000006430||||||||||0|8454|8454||||||||||0|7688|7688|||||||||||||||||||||||||||||||||||||
1000006607||||||||||0|2781|2781|||||||||||||||||||||||||||||||||||||||||||||||||
1000006873||||||||||||||||||||||||||||||||||||||||||||||0|52082|52082||||||||||0|43288|43288|
1000006975|||||||||||||||||||||||||||||||||||||||||||||||||||||||2370|4546|6916|4925|5415|10340|
1000007045|57260|33812|91072|91174|83608|174782|147838|107161|254999|193859|160731|354590|55893|37480|93373|94618|95356|189974|175828|119015|294843|255318|142565|397883|61537|41727|103264|127074|83281|210355|184117|133808|317925|228565|193166|421731|38788|71982|110770|87890|139436|227326|185373|149014|334387|228314|202710|431024|57485|48955|106440|117147|100778|217925|173855|158783|332638|244541|214794|459335|
1000007051|50215|113624|163839|106963|211605|318568|153325|310006|463331|187586|409147|596733|52207|111649|163856|116894|218895|335789|177389|326014|503403|224306|410660|634966|56809|98476|155285|115207|193849|309056|171346|290016|461362|224290|370277|594567|62827|102513|165340|128004|210102|338106|193027|311671|504698|252633|400631|653264|73279|107562|180841|155972|214890|370862|238008|317901|555909|314434|407875|722309|
1000007086|0|232689|232689|0|444966|444966|0|611104|611104|0|844364|844364|0|177736|177736|0|437670|437670|0|737663|737663|0|881012|881012|0|213069|213069|0|376269|376269|0|562335|562335|0|749527|749527|0|116812|116812|0|292012|292012|0|438298|438298|0|645473|645473|0|171020|171020|0|328575|328575|0|471972|471972|0|622992|622992|
1000007133|42565|12292|54857|76452|24045|100497|114427|35667|150094|151638|46940|198578|45049|12361|57410|83940|23176|107116|124915|34350|159265|164514|51197|215711|31773|13352|45125|66154|26711|92865|99127|41515|140642|131469|55345|186814|47675|17924|65599|84128|35811|119939|121529|50858|172387|160590|68852|229442|60638|23410|84048|101292|42161|143453|139659|60526|200185|176485|77278|253763|
1000007224||||2838|19329|22167|8192|31352|39544|13117|43642|56759|3899|9723|13622|7257|18594|25851|15784|30200|45984|19438|43574|63012|2405|9082|11487|15951|18010|33961|20508|35922|56430|25302|62151|87453|5605|24363|29968|9678|51348|61026|14924|79947|94871|23118|111036|134154|9843|21302|31145|18385|41825|60210|25645|62865|88510|32909|89232|122141|
1000007279||||||||||||||||||||||||||||||||||||||||||||||0|2795|2795|||||||||||||
1000007378||||||||||||||||||||||||||||||||||||||||||||||||||||||||||0|23423|23423|
1000007387|581|1230|1811|997|2630|3627|1056|4017|5073|1499|5566|7065|170|1411|1581|273|3251|3524|375|4734|5109|517|6401|6918|162|1421|1583|301|3036|3337|507|4780|5287|647|6852|7499|529|1554|2083|852|3164|4016|1179|4932|6111|1407|6915|8322|289|1769|2058|461|3606|4067|673|5690|6363|882|7667|8549|
1000007420||||||||||||||||||||||||||||||||||||||||||||||||||||||||||0|390269|390269|
1000007439|47503|58420|105923|85400|120985|206385|161604|174714|336318|191997|247277|439274|63423|56290|119713|116981|122802|239783|190540|176978|367518|274170|238070|512240|75074|62063|137137|147960|123356|271316|219211|186237|405448|290950|251943|542893|74620|62198|136818|153519|124788|278307|214107|197098|411205|298520|265353|563873|74763|71316|146079|172586|122019|294605|352213|90955|443168|341523|242921|584444|
1000007477|0|296720|296720|0|602853|602853|847739|160980|1008719|1204475|219694|1424169|276447|134388|410835|529552|278725|808277|824808|417641|1242449|1050653|546222|1596875|231732|104964|336696|455995|213454|669449|704994|314769|1019763|929312|402922|1332234|257027|97837|354864|514540|215775|730315|749968|321694|1071662|969714|437243|1406957|256512|98075|354587|483096|202840|685936|730431|331156|1061587|787348|722377|1509725|
1000007539|0|348538|348538|0|730035|730035|0|1106307|1106307|0|1511373|1511373|0|397539|397539|0|819606|819606|0|1252412|1252412|0|1697338|1697338|0|435858|435858|0|905279|905279|0|1366797|1366797|0|1813841|1813841|0|443861|443861|0|917151|917151|0|1433026|1433026|0|1936916|1936916|0|481436|481436|0|1009864|1009864|0|1552039|1552039|0|2068370|2068370|
1000007557|51309|85571|136880|97417|174147|271564|117399|285310|402709|160604|402778|563382|53131|107797|160928|82896|230589|313485|131637|346964|478601|149243|471720|620963|18562|112128|130690|37801|221260|259061|58180|345910|404090|181729|360527|542256|0|147487|147487|0|307513|307513|0|458422|458422|0|575222|575222|0|149285|149285|0|297014|297014|0|475922|475922|0|637486|637486|
1000007578|6644|20751|27395|13615|40934|54549|21367|67718|89085|25426|89153|114579|4807|13113|17920|12590|24186|36776|24609|43630|68239|33202|90577|123779|3566|32732|36298|27472|85119|112591|45357|104305|149662|42374|125397|167771|2177|6833|9010|13276|16337|29613||||46155|46279|92434|18080|4317|22397|29721|21873|51594|48786|34076|82862|64660|45535|110195|
1000007622|36443|4476|40919||||0|65692|65692|0|79638|79638|0|15312|15312|0|32605|32605|0|38502|38502|0|49532|49532|0|3578|3578|0|6226|6226|0|39242|39242|0|47815|47815|0|5652|5652|0|30434|30434|0|37816|37816|0|59066|59066|0|8119|8119|0|26623|26623|0|46017|46017|0|80504|80504|
1000007863||||||||||||||||||||||||||||||||||0|6145|6145||||||||||0|10272|10272|||||||||||||
1000007944||||||||||||||||||||||0|18986|18986||||||||||0|18799|18799||||||||||0|21960|21960|||||||||||||
1000008003||||||||||||||||||||||0|8260|8260|||||||||||||||||||||||||||||||||||||
1000008122|891029|610451|1501480|1756803|1232195|2988998|2662906|1762118|4425024|3754405|2393028|6147433|1127973|559835|1687808|2236853|1129972|3366825|3689315|1645899|5335214|5211553|2304611|7516164|1401619|595123|1996742|2895097|1188412|4083509|4437535|1765117|6202652|6012081|2381006|8393087|0|2107342|2107342|0|4254702|4254702|0|6426426|6426426|0|8848183|8848183|0|2271045|2271045|0|4671919|4671919|0|6993197|6993197|0|9454812|9454812|
1000008221||||||||||0|6364|6364||||||||||0|9800|9800||||||||||0|10399|10399||||||||||0|4520|4520||||||||||0|8741|8741|
1000008895||||||||||||||||||||||||||||||||||0|9227|9227|||||||||||||||||||||||||
1000008956|0|8494188|8494188|0|18815859|18815859|0|30621183|30621183|0|42997792|42997792|0|12155653|12155653|0|25966654|25966654|0|36949537|36949537|0|44621568|44621568|0|5088111|5088111|0|12394044|12394044|0|21460214|21460214|0|32765719|32765719|0|12429598|12429598|0|28852856|28852856|0|46425925|46425925|0|66192960|66192960|0|17639141|17639141|0|39871093|39871093|0|64320022|64320022|0|97146675|97146675|
1000009015||||||||||0|7135|7135|||||||||||||||||||||||||||||||||||||||||||||||||
1000009389||||||||||||||||||||||||||||||||||||||||||||||0|3837|3837|||||||||||||
1000009394|0|87127|87127|0|176683|176683|0|270524|270524|0|365491|365491|0|99708|99708|0|204060|204060|0|312940|312940|0|414831|414831|0|97214|97214|0|194689|194689|0|289737|289737|0|387342|387342|0|123397|123397|0|265615|265615|213598|189856|403454|282109|258396|540505|125083|89828|214911|264038|199466|463504|408496|300410|708906|567012|410025|977037|
1000009460||||||||||||||||||||||0|10136|10136|||||||||||||||||||||||||||||||||||||
1000010058||||||||||||||||||||||||||||||||||||||||||||||||||||||||||0|43943|43943|
1000010255||||||||||||||||||||||||||||||||||||||||||||||0|5795|5795|||||||||||||
1000010274||||||||||||||||||||||0|1422|1422|||||||||||||||||||||||||||||||||||||
1000010419||||||||||0|9590|9590||||||||||0|15745|15745||||||||||||||||||||||0|21068|21068||||||||||0|17715|17715|
1000010469||||||||||0|8925|8925||||||||||0|11039|11039||||||||||0|10502|10502|||||||||||||||||||||||||
1000010709||||||||||||||||||||||||||||||||||||||||||||||712|5360|6072|22|608|630|159|1261|1420|259|1641|1900|926|2287|3213|
1000010736|996|0|996|1992|0|1992|2795|0|2795|3675|0|3675|2329|0|2329|4190|0|4190|8628|0|8628|9302|18|9320|2083|173|2256|4207|327|4534|5982|577|6559|0|68665|68665|768|0|768|5368|0|5368|5632|0|5632|5677|0|5677|977|0|977|7227|0|7227|10136|0|10136|14667|0|14667|
1000010751||||||||||||||||||||||||||||||||||||||||||||||0|6549|6549|||||||||||||
1000010912||||||||||0|5507|5507||||||||||0|1830|1830|||||||||||||||||||||||||||||||||||||
1000011059|34847|9446|44293|76154|22640|98794|118656|34826|153482|158559|49297|207856|42721|14176|56897|78375|36115|114490|127109|42497|169606|155709|55378|211087|33736|11396|45132|71630|25407|97037|110721|36388|147109|140616|45543|186159|42678|10896|53574|95044|23350|118394|148341|34373|182714|178126|52104|230230|53177|15208|68385|47531|88292|135823|153805|35390|189195|201497|45667|247164|
1000011063||||||||||||||||||||||||||||||||||0|3262|3262|||||||||||||||||||||||||
1000011320||||||||||0|1598|1598|||||||||||||||||||||||||||||||||||||||||||||||||
1000011849||||||||||||||||||||||||||||||||||||||||||||||||||||||||||0|6951|6951|
1000011882||||||||||14435|1379|15814|185|617|802|912|661|1573|1663|819|2482|1821|6598|8419|474|228|702|491|465|956|563|1688|2251|846|1905|2751|27|49|76|212|1|213|321|0|321|2213|980|3193|58|0|58|63|24|87|113|603|716|136|795|931|
1000011946||||||||||||||||||||||||||||||||||0|152916|152916|||||||||||||||||||||||||
1000012219||||||||||0|3651|3651|||||||||||||||||||||||||||||||||||||||||||||||||
1000012482|0|499078|499078|0|1149606|1149606|0|1718974|1718974|0|2561801|2561801|0|625076|625076|0|1375624|1375624|0|2101903|2101903|23515|2926165|2949680|1950|665714|667664|4257|1436630|1440887|0|2171375|2171375|0|2977005|2977005|0|803340|803340|0|1649918|1649918|0|2392885|2392885|0|3169362|3169362|0|668586|668586|0|1402638|1402638|0|2064369|2064369|0|2887440|2887440|
1000012538||||||||||||||||||||||0|36483|36483|||||||||||||||||||||||||||||||||||||
1000012564|0|1263901|1263901|504762|1963435|2468197|0|4178802|4178802|1103728|3947730|5051458|307553|980528|1288081|647287|1924654|2571941|986332|3061234|4047566|0|5851406|5851406|0|1395670|1395670|0|2731665|2731665|0|4421175|4421175|0|5862608|5862608|0|1292261|1292261|0|2716035|2716035|0|4352382|4352382|0|5908792|5908792|0|1491108|1491108|0|3039011|3039011|0|4865907|4865907|0|6579707|6579707|
1000012582||||||||||0|10626|10626||||||||||0|16464|16464||||||||||0|15889|15889||||||||||0|19592|19592||||||||||0|2240|2240|
1000012669||||||||||0|19218|19218||||||||||||||||||||||||||||||||||0|33669|33669||||||||||0|51760|51760|
1000012861||||||||||0|21021|21021|||||||||||||||||||||||||||||||||||||||||||||||||
1000012897||||||||||||||||||||||||||||||||||0|16998|16998|||||||||||||||||||||||||
1000012913||||||||||0|14866|14866||||||||||0|15273|15273||||||||||0|14638|14638||||||||||0|16595|16595||||||||||0|20187|20187|
1000013008||||||||||||||||||||||0|41211|41211||||||||||0|31517|31517|||||||||||||||||||||||||
1000013250||||||||||||||||||||||||||||||||||0|44881|44881|||||||||||||||||||||||||
1000013685||||||||||0|22260|22260||||||||||0|35249|35249||||||||||0|37111|37111|||||||||||||||||||||||||
1000013800||||||||||0|9013|9013|||||||||||||||||||||||||||||||||||||||||||||||||
1000013908||||||||||0|19001|19001||||||||||0|11393|11393||||||||||0|22212|22212|||||||||||||||||||||||||
1000013971||||||||||0|1754|1754||||||||||0|3004|3004||||||||||||||||||||||||||||||||||0|3454|3454|
1000014099|23890|193644|217534|56948|401458|458406|98297|638221|736518|116627|936267|1052894|16029|165111|181140|47201|316073|363274|63568|515044|578612|59775|722305|782080|7754|98935|106689|6280|212357|218637|16941|316467|333408|13077|108016|121093|1244|12063|13307|2177|27072|29249|3174|49272|52446|4169|99382|103551|1380|13112|14492|1955|18630|20585|2380|19335|21715||||
1000014351||||||||||||||||||||||0|4757|4757||||||||||0|4738|4738|||||||||||||||||||||||||
1000014400|0|740376|740376|0|1460268|1460268|0|2173090|2173090|0|3001142|3001142|0|844768|844768|0|1860729|1860729|0|2932165|2932165|0|4174538|4174538|0|1210801|1210801|0|2465180|2465180|0|3648026|3648026|0|4838847|4838847|0|1245804|1245804|0|2544215|2544215|0|3735955|3735955|0|4973274|4973274|0|1233720|1233720|0|2528430|2528430|0|3831038|3831038|0|5239940|5239940|
1000014440|59511|38761|98272|124076|78351|202427|165159|128655|293814|258155|144578|402733|65797|27904|93701|147135|66579|213714|224227|107256|331483|312714|156953|469667|92679|41430|134109|194310|85441|279751|290797|126825|417622|386679|199620|586299|80588|62301|142889|188264|123197|311461|288483|185984|474467|387328|263751|651079|94058|76328|170386|231551|191378|422929|409171|290679|699850|587501|401633|989134|
1000014467||||||||||0|531858|531858||||||||||0|625605|625605||||||||||0|725617|725617|||||||||||||||||||||||||
1000014511||||||||||0|10022|10022||||||||||0|12438|12438||||||||||0|15573|15573|||||||||||||||||||||||||
1000014657||||||||||||||||||||||||||||||||||||||||||||||||||||||||||-169|21419|21250|
1000014788||||||||||0|3309|3309||||||||||0|2582|2582||||||||||0|1986|1986|||||||||||||||||||||||||
1000014813||||||||||||||||||||||||||||||||||||||||||||||0|34493|34493||||||||||0|35686|35686|
1000014853||||||||||0|56922|56922||||||||||0|69943|69943|||||||||||||||||||||||||||||||||||||
1000014999||||||||||0|2705|2705||||||||||0|3337|3337||||||||||0|3370|3370|||||||||||||||||||||||||
1000015122||||||||||||||||||||||||||||||||||||||||||||||0|4950|4950|||||||||||||
1000015511||||||||||||||||||||||||||||||||||||||||||||||||||||||||||0|5697|5697|
1000015554||||||||||||||||||||||0|533225|533225||||||||||0|533225|533225||||||||||0|531650|531650||||||||||0|565876|565876|
1000015739||||||||||0|26944|26944||||||||||0|24361|24361||||||||||0|19760|19760||||||||||0|14653|14653|||||||||||||
1000015815||||||||||0|21120|21120|||||||||||||||||||||||||||||||||||||||||||||||||
1000015917|4979|151105|156084|12021|318462|330483|16553|491124|507677|25737|670390|696127|7863|191517|199380|14686|376933|391619|21675|534529|556204|27880|698703|726583|5861|181829|187690|12214|349666|361880|18670|510490|529160|23459|675292|698751|6463|180844|187307|15404|359640|375044|30606|515650|546256|40533|682960|723493|14674|177677|192351|44969|356398|401367|64873|540875|605748|186148|802200|988348|
1000015927||||||||||0|13843|13843|||||||||||||||||||||||||||||||||||||||||||||||||
1000015934|0|13678|13678|0|29684|29684|0|48075|48075|0|71898|71898|0|18744|18744|0|41629|41629|0|63944|63944|0|87471|87471|0|21380|21380|0|44661|44661|0|63893|63893|0|85460|85460|0|15272|15272|0|35211|35211|0|49032|49032|0|63877|63877|0|8241|8241|0|18429|18429|0|27457|27457|0|38494|38494|
1000015969||||||||||||||||||||||0|1517|1517||||||||||0|1732|1732|||||||||||||||||||||||||
1000016014||||||||||0|20913|20913||||||||||0|36768|36768||||||||||0|33598|33598|||||||||||||||||||||||||
1000016224||||||||||0|24161|24161||||||||||0|27285|27285|||||||||||||||||||||||||||||||||||||
1000016233||||||||||||||||||||||||||||||||||0|42980|42980|||||||||||||||||||||||||
1000016453|82|11491|11573|463|27972|28435|558|11654|12212|655|62037|62692|86|15472|15558|277|40344|40621|364|53589|53953|460|71427|71887|0|17915|17915|18|41626|41644|18|64441|64459|18|86586|86604|0|20721|20721|13|43808|43821|12|59351|59363||||||||||||||||
1000016454||||||||||||||||||||||0|15866|15866||||||||||0|5262|5262||||||||||0|7876|7876||||||||||0|6444|6444|
1000016458||||||||||0|3586|3586||||||||||||||||||||||0|1637|1637|||||||||||||||||||||||||
1000016580||||||||||0|1353|1353||||||||||||||||||||||0|2051|2051||||||||||0|2141|2141|||||||||||||
1000016734||||||||||||||||||||||0|49589|49589|||||||||||||||||||||||||||||||||||||
1000016739||||||||||||||||||||||||||||||||||||||||||||||0|38808|38808||||||||||0|46349|46349|
1000016811||||||||||0|379176|379176||||||||||0|38150|38150||||||||||0|54246|54246||||||||||0|59054|59054||||||||||0|50038|50038|
1000016875|0|222487|222487|0|454578|454578|0|714715|714715|0|998190|998190|0|338433|338433|0|681168|681168|0|1031899|1031899|0|1329509|1329509|0|267167|267167|0|536399|536399|0|784266|784266|0|1029975|1029975|0|255752|255752|0|529273|529273|0|815052|815052|0|1070200|1070200|0|275753|275753|0|541161|541161|0|799777|799777|0|1039162|1039162|
1000016904||||||||||0|99695|99695||||||||||0|111640|111640||||||||||0|114866|114866||||||||||0|102994|102994|||||||||||||
1000016981||||||||||||||||||||||||||||||||||||||||||||||0|53746|53746||||||||||0|56484|56484|
1000017008||||||||||0|198729|198729|||||||||||||||||||||||||||||||||||||||||||||||||
1000017175||||||||||0|19507|19507|||||||||||||||||||||||||||||||||||||||||||||||||
1000017190||||0|25367|25367||||||||||0|29603|29603||||0|52160|52160||||||||||0|55661|55661|||||||||||||||||||||||||
1000017445||||||||||||||||||||||||||||||||||0|24415|24415|||||||||||||||||||||||||
1000017477||||||||||||||||||||||0|686|686|||||||||||||||||||||||||||||||||||||
1000017539|||||||||||||||||||0|3804|3804|0|4171|4171|||||||||||||||||||||||||||||||||||||
1000017602||||||||||0|971|971||||||||||0|971|971|||||||||||||||||||||||||||||||||||||
1000017686||||||||||0|8089|8089||||||||||0|2689|2689||||||||||0|3308|3308|||||||||||||||||||||||||
1000017710||||||||||||||||||||||0|2880|2880|||||||||||||||||||||||||||||||||||||
1000018229||||||||||0|227225|227225||||||||||0|268974|268974||||||||||0|181990|181990||||||||||||||||||||||0|213857|213857|
1000018259||||||||||0|79897|79897||||||||||||||||||||||0|99215|99215|||||||||||||||||||||||||
1000018395||||||||||||||||||||||0|414780|414780|||||||||||||||||||||||||||||||||||||
1000018426||||||||||||||||||||||||||||||||||||||||||||||||||||||||||0|57511|57511|
1000018441||||||||||||||||||||||||||||||||||||||||||||||0|67770|67770|||||||||||||
1000018530||||||||||||||||||||||||||||||||||||||||||||||||||||||||||0|8070|8070|
1000018645||||||||||||||||||||||0|2505|2505||||||||||0|1367|1367|||||||||||||||||||||||||
1000018653||||||||||||||||||||||||||||||||||0|3861|3861|||||||||||||||||||||||||
1000018812||||||||||0|6885|6885||||||||||0|6579|6579||||||||||0|8400|8400|||||||||||||||||||||||||
1000018876||||||||||0|3028|3028||||||||||0|2959|2959||||||||||0|2691|2691|||||||||||||||||||||||||
1000018940||||||||||||||||||||||||||||||||||||||||||||||||||||||||||0|70350|70350|
1000019040||||||||||||||||||||||||||||||||||42314|82360|124674|6964|23736|30700|22167|43197|65364|28014|71052|99066|38355|88673|127028|10034|19387|29421|17949|35406|53355|24258|58695|82953|28272|88641|116913|
1000019115||||||||||||||||||||||||||||||||||||||||||||||0|1400|1400|||||||||||||
1000019356||||||||||0|10810|10810||||||||||0|10318|10318||||||||||0|10469|10469||||||||||0|10592|10592|||||||||||||
1000019440||||||||||0|19543|19543||||||||||||||||||||||0|23846|23846||||||||||0|23846|23846|||||||||||||
1000019786||||||||||0|13480|13480||||||||||0|12731|12731||||||||||0|5087|5087||||||||||0|6260|6260||||||||||0|6240|6240|
1000020158||||||||||0|18210|18210|||||||||||||||||||||||||||||||||||||||||||||||||
1000020168||||||||||0|50048|50048||||||||||0|59587|59587|||||||||||||||||||||||||||||||||||||
1000020307||||||||||||||||||||||||||||||||||0|30919|30919|||||||||||||||||||||||||
1000020331||||||||||0|25517|25517||||||||||0|27943|27943||||||||||0|30752|30752||||||||||0|36122|36122|||||||||||||
1000020413||||||||||0|41471|41471||||||||||0|41471|41471||||||||||0|32371|32371|||||||||||||||||||||||||
1000020802||||||||||||||||0|4768|4768||||0|20897|20897||||||||||0|7327|7327||||||||||||||||||||||0|39112|39112|
1000020842||||||||||||||||||||||0|2462|2462||||||||||||||||||||||0|3337|3337|||||||||||||
1000021173||||||||||0|0|0||||||||||0|0|0||||||||||0|0|0|||||||||||||||||||||||||
1000021389||||||||||||||||||||||0|3001|3001|||||||||||||||||||||||||||||||||||||
1000021594||||||||||0|266|266||||||||||0|500|500||||||||||0|392|392|||||||||||||||||||||||||
1000021685||||||||||0|3064|3064||||||||||0|3147|3147||||||||||0|3265|3265|||||||||||||||||||||||||
1000021736||||||||||0|13708|13708||||||||||0|13722|13722||||||||||0|13714|13714||||||||||0|12755|12755||||||||||0|14245|14245|
1000022310||||||||||||||||||||||0|5450|5450||||||||||0|5450|5450|||||||||||||||||||||||||
1000022389||||||||||0|2184|2184||||||||||0|2566|2566|||||||||||||||||||||||||||||||||||||
1000022413||||||||||0|7792|7792||||||||||0|7792|7792||||||||||0|10073|10073|||||||||||||||||||||||||
1000022471|0|71743|71743|0|142184|142184|0|223671|223671|0|295686|295686|0|73770|73770|0|158746|158746|0|251869|251869|0|336847|336847|0|81650|81650|0|174448|174448|0|268903|268903|0|349164|349164|0|71331|71331|0|150172|150172|0|234975|234975|0|303120|303120|0|71169|71169|0|156633|156633|0|244904|244904|0|325458|325458|
1000022653||||||||||0|247953|247953||||||||||0|261353|261353|||||||||||||||||||||||||||||||||||||
1000022718||||||||||0|2435|2435||||||||||0|3407|3407|||||||||||||||||||||||||||||||||||||
1000022747||||||||||0|26481|26481||||||||||0|38944|38944||||||||||0|38542|38542||||||||||0|31124|31124||||||||||0|30593|30593|
1000022748|0|2948|2948|0|12787|12787|0|21454|21454|0|29425|29425|0|2567|2567|0|13222|13222|0|21672|21672|0|29058|29058|0|2646|2646|0|12536|12536|0|19681|19681|0|22923|22923|0|2171|2171|0|10483|10483|0|16397|16397|0|21940|21940|0|1374|1374|0|8290|8290|0|13737|13737|0|18178|18178|
1000022898||||||||||||||||||||||0|114400|114400|||||||||||||||||||||||||||||||||||||
1000022930||||||||||0|22207|22207|||||||||||||||||||||||||||||||||||||||||||||||||
1000023031||||||||||0|38642|38642||||||||||0|40101|40101|||||||||||||||||||||||||||||||||||||
1000023094||||||||||0|11986|11986||||||||||0|14333|14333||||||||||0|15324|15324|||||||||||||||||||||||||
1000023393||||||||||0|1080|1080||||||||||0|2400|2400||||||||||0|220|220||||||||||0|140|140|||||||||||||
1000023453||||||||||0|13968|13968||||||||||0|13015|13015||||||||||0|14060|14060||||||||||0|15241|15241||||||||||0|15459|15459|
1000023458||||||||||||||||||||||||||||||||||||||||||||||96414|59467|155881|21039|12702|33741|58035|25020|83055|86380|37761|124141|122424|49479|171903|
1000023496||||||||||||||||||||||||||||||||||0|5432|5432||||||||||0|4334|4334||||||||||0|4001|4001|
1000023595||||||||||0|20575|20575||||||||||0|37967|37967||||||||||0|47620|47620||||||||||0|53189|53189||||||||||0|59825|59825|
1000023794|||||||||||||||||||0|4173|4173||||||||||||||||||||||||||||||||||||||||
1000024156||||||||||||||||||||||0|5817|5817||||||||||0|6079|6079|||||||||||||||||||||||||
1000024208||||||||||||||||||||||||||||||||||0|5669|5669||||||||||0|9424|9424|||||||||||||
1000024279|0|14625|14625|0|29189|29189|0|44575|44575|0|64403|64403|0|17916|17916|0|39207|39207|0|61531|61531|0|86277|86277|0|13792|13792|0|27139|27139|0|38087|38087|0|52814|52814|0|11566|11566|0|23490|23490|0|42028|42028|0|58169|58169|0|13578|13578|0|31351|31351|0|55325|55325|0|74050|74050|
1000024371||||||||||0|9644|9644|||||||||||||||||||||||||||||||||||||||||||||||||
1000024406||||||||||0|22464|22464||||||||||0|29945|29945||||||||||0|29814|29814||||||||||2670|24927|27597||||||||||2486|27894|30380|
1000024674||||||||||0|9902|9902||||||||||0|6851|6851||||||||||0|10395|10395|||||||||||||||||||||||||
1000013147||||||||||||||||||||||0|300|300|||||||||||||||||||||||||||||||||||||
1000025042|105|3149|3254|249|7259|7508|436|11781|12217|703|19860|20563|1281|2061|3342|167|7191|7358|246|11553|11799|283|18734|19017|269|3110|3379|2816|5375|8191|103|12713|12816|1032|17454|18486|17|3103|3120|7|6995|7002|176|10750|10926|194|16693|16887|49|3961|4010|67|9033|9100|514|15227|15741|114|25607|25721|
1000025268|38470|51624|90094|118702|117721|236423|201524|184563|386087|303818|289346|593164|102625|73463|176088|211113|229028|440141||||501758|483054|984812|51734|89078|140812|82081|209783|291864|113058|319736|432794|136574|409545|546119|45380|52210|97590|70856|139494|210350|92511|218483|310994|114046|308323|422369|24858|60394|85252|73895|145070|218965|123039|216975|340014|194672|297988|492660|
1000006782||||||||||||||||||||||||||||||||||0|2894|2894|||||||||||||||||||||||||
1000024575||||||||||0|37065|37065||||||||||||||||||||||0|51100|51100||||||||||0|54189|54189|||||||||||||
1000026486||||||||||||||||||||||0|7776|7776|||||||||||||||||||||||||||||||||||||
1000007874||||||||||||||||||||||||||||||||||||||||||||||0|9845|9845|||||||||||||
1000025732|3116595|2958887|6075482|6355015|6050778|12405793|10104470|9578866|19683336|14683803|13474943|28158746|6509123|4787520|11296643|16820062|10230534|27050596|26563582|17774250|44337832|36875197|23974471|60849668|11808009|3465962|15273971|23872173|7023082|30895255|28597522|16503851|45101373|40937114|20394189|61331303|11002109|5512309|16514418|22710351|11358900|34069251|34695727|15972695|50668422|46877601|20888025|67765626|0|17086949|17086949|0|34297958|34297958|0|52522311|52522311|0|71259438|71259438|
1000025449||||||||||||||||||||||||||||||||||0|3256|3256|||||||||||||||||||||||||
1000027531||||||||||0|459588|459588||||||||||||||||||||||0|839352|839352||||||||||||||||0|828009|828009||||0|1383168|1383168|
1000027544||||||||||0|382154|382154|||||||||||||||||||||||||||||||||||||||||||||||||
1000027990||||||||||||||||||||||0|480|480||||||||||0|7193|7193|||||||||||||||||||||||||
1000026808||||||||||0|20110|20110||||||||||||||||||||||0|21939|21939||||||||||0|24033|24033|||||||||||||
1000026054||||||||||||||||||||||0|132856|132856|||||||||||||||||||||||||||||||||||||
1000027004||||||||||0|40815|40815|||||||||||||||||||||||||||||||||||||||||||||||||
1000029358||||||||||0|1908|1908|||||||||||||||||||||||||||||||||||||||||||||||||
1000028126||||||||||||||||||||||||||||||||||||||||||||||0|24544|24544|||||||||||||
1000029106||||||||||||||||||||||0|577317|577317||||||||||0|527348|527348||||||||||0|394525|394525||||||||||0|347875|347875|
1000027848||||||||||0|4480|4480||||||||||0|7102|7102|||||||||||||||||||||||||||||||||||||
1000026621|0|378767|378767|0|814453|814453|0|1341919|1341919|0|2089632|2089632|0|418137|418137|0|919438|919438|0|1351986|1351986|0|1829192|1829192|0|364457|364457|0|735791|735791|0|1317228|1317228|0|1748778|1748778|0|380960|380960|0|794859|794859|0|1221206|1221206|0|1736779|1736779|0|536622|536622|0|1133489|1133489|0|1743406|1743406|0|2365165|2365165|
1000027825||||||||||0|5853|5853||||||||||0|7663|7663|||||||||||||||||||||||||||||||||||||
1000008714||||||||||0|1070|1070||||||||||||||||||||||0|2898|2898|||||||||||||||||||||||||
1000026848||||||||||0|3124|3124||||||||||||||||||||||0|3725|3725|||||||||||||||||||||||||
1000026851||||||||||0|2773|2773||||||||||0|2899|2899||||||||||0|4590|4590|||||||||||||||||||||||||
1000028070||||||||||||||||||||||||||||||||||||||||||||||0|40863|40863||||||||||0|30799|30799|
1000027068||||||||||||||||||||||||||||||||||||||||||||||0|3297|3297|||||||||||||
1000029867||||||||||||||||||||||0|4500|4500||||||||||0|7700|7700|||||||||||||||||||||||||
1000029392||||||||||||||||||||||||||||||||||0|2829|2829|||||||||||||||||||||||||
1000030298||||||||||||||||||||||||||||||||||0|4899|4899|||||||||||||||||||||||||
1000027409||||||||||||||||||||||0|53573|53573||||||||||||||||||||||0|68059|68059|||||||||||||
1000027592||||||||||0|1132|1132||||||||||||||||||||||0|3092|3092|||||||||||||||||||||||||
1000025775||||||||||||||||||||||||||||||||||0|8353|8353|||||||||||||||||||||||||
1000028912||||||||||||||||||||||||||||||||||0|37|37|||||||||||||||||||||||||
1000027536||||||||||||||||||||||||||||||||||||||||||||||0|2514|2514|||||||||||||
1000027236||||||||||||||||||||||||||||||||||0|2080|2080|||||||||||||||||||||||||
1000030983||||||||||||||||||||||0|8903|8903||||||||||0|3895|3895|||||||||||||||||||||||||
1000030537||||||||||||||||||||||||||||||||||0|22100|22100|||||||||||||||||||||||||
1000001108||||||||||||||||||||||||||||||||||||||||267236|2932|270168|413695|3197|416892|518163|3330|521493|141203|175|141378|250042|343|250385|365422|641|366063|475475|757|476232|
1000014091||||||||||0|41498|41498||||||||||0|56102|56102||||||||||0|70538|70538||||||||||0|56298|56298||||||||||0|68364|68364|
1000028253||||||||||0|9111|9111||||||||||0|8855|8855|||||||||||||||||||||||||||||||||||||
1000028875||||||||||||||||||||||0|24338|24338|||||||||||||||||||||||||||||||||||||
1000016720||||||||||||||||||||||||||||||||||||||||||||||||||||||||||0|61679|61679|
1000005034||||||||||0|6735|6735||||||||||0|7730|7730||||||||||0|9370|9370||||||||||0|7742|7742||||||||||0|6792|6792|
1000011684||||||||||0|10484|10484||||||||||||||||||||||0|5296|5296|||||||||||||||||||||||||
1000011623||||||||||||||||||||||||||||||||||||||||||||||||||||||||||0|8833|8833|
1000031849||||||||||||||||||||||||||||||||||||||||||||||0|3667|3667|||||||||||||
1000029795||||||||||||||||||||||||||||||||||0|620|620|||||||||||||||||||||||||
1000026829||||||||||||||||||||||0|1758|1758||||||||||0|1433|1433|||||||||||||||||||||||||
1000031402||||||||||||||||||||||||||||||||||||||||||||||0|79574|79574|||||||||||||
1000009129||||||||||||||||||||||||||||||||||0|7457|7457||||||||||0|11241|11241|||||||||||||
1000006821||||||||||||||||||||||||||||||||||||||||||||||0|279697|279697|||||||||||||
1000009582|4496|161|4657|24585|948|25533|38245|1292|39537|44009|2205|46214|2379|1520|3899|17841|1917|19758|22103|2410|24513|197388|91456|288844|3430|14402|17832|9471|40650|50121|21553|57620|79173|128254|178586|306840|60866|12247|73113|64643|31903|96546|76400|46475|122875|150822|143886|294708|98479|56244|154723|126722|94778|221500|194600|122096|316696|229513|161177|390690|
1000005947||||||||||0|27336|27336||||||||||0|37175|37175||||||||||0|42096|42096||||||||||0|49623|49623||||||||||0|45679|45679|
1000007008||||||||||0|37890|37890|||||||||||||||||||||||||||||||||||||||||||||||||
1000027966||||||||||0|163|163||||||||||||||||||||||0|1300|1300|||||||||||||||||||||||||
1000027101||||||||||||||||||||||0|22378|22378||||||||||||||||||||||||||||||||||0|95623|95623|
1000010027|0|15870|15870||||||||||0|19074|19074||||||||||0|21293|21293||||||||||0|23197|23197||||||||||0|24096|24096||||||||||
1000010436||||0|11161|11161|1026|17619|18645|||||||0|9962|9962|0|12931|12931|0|16387|16387|0|924|924|0|1672|1672|0|4366|4366|0|9851|9851|0|14760|14760|0|24606|24606|0|36012|36012|46794|1511|48305|20068|16|20084|45352|52|45404|63448|55|63503|96385|106|96491|
1000010770||||||||||0|10643|10643||||||||||0|9868|9868||||||||||0|11738|11738|||||||||||||||||||||||||
1000024135||||||||||0|7571|7571||||||||||0|4243|4243|||||||||||||||||||||||||||||||||||||
1000010529||||||||||||||||||||||0|46132|46132|0|5132|5132|0|12643|12643|0|25067|25067|0|28143|28143|0|3335|3335|0|7200|7200|0|9554|9554|0|10339|10339|0|1585|1585|0|6900|6900|0|10886|10886||||
1000010302|0|6501|6501||||||||||||||||||||||||||||||||||||||||||||||||||||||||||
1000010297|91|5447|5538|168|12191|12359|387|18073|18460|507|30941|31448|6539|95|6634|218|13452|13670|327|18220|18547|497|30964|31461|798|8160|8958|220|20443|20663|346|29145|29491|505|51336|51841|146|11188|11334|213|23861|24074|287|38719|39006|4021|58471|62492|231|10656|10887|561|24223|24784|832|39932|40764|1154|62597|63751|
1000031867||||||||||||||||||||||||||||0|344207|344207|0|794290|794290|0|1288826|1288826|0|540314|540314|0|1106802|1106802|0|1695517|1695517|0|2215287|2215287|0|538789|538789|0|1065764|1065764|0|1542141|1542141|0|2009430|2009430|
1000013043||||||||||0|5002|5002||||||||||||||||||||||||||||||||||||||||||||||0|9132|9132|
1000025270||||||||||||||||||||||||||||||||||0|22924|22924|||||||||||||||||||||||||
1000015203||||||||||||||||||||||||||||||||||||||||||||||0|4783|4783|||||||||||||
1000027850||||||||||0|71913|71913||||||||||0|67454|67454||||||||||||||||||||||||||||||||||0|74150|74150|
1000009727||||||||||0|4223|4223|||||||||||||||||||||||||||||||||||||||||||||||||
1000009540|0|50446|50446|0|103683|103683|0|166983|166983|0|221950|221950|0|64069|64069|0|127153|127153|0|196174|196174|0|256483|256483|0|52712|52712|0|97405|97405|0|160725|160725|0|212735|212735|0|56494|56494|0|83611|83611|0|135238|135238|0|173217|173217|0|39771|39771|0|71019|71019|0|107431|107431|0|136342|136342|
1000027106||||||||||||||||||||||||||||||||||0|3530|3530||||||||||0|11945|11945|||||||||||||
1000000016|657820|172112|829932|1369941|259581|1629522|2080467|512123|2592590|3160251|421824|3582075|873120|186062|1059182|1874561|244477|2119038|3058213|322197|3380410|3782222|647266|4429488|689579|201112|890691|1530522|305990|1836512|2472422|420745|2893167|3240848|520884|3761732|616875|124547|741422|1258997|234470|1493467|1796105|354073|2150178|2384157|403257|2787414|442526|129336|571862|898965|272745|1171710|1677094|244197|1921291|2299113|609861|2908974|
1000000026|0|156040|156040|0|329662|329662|0|501750|501750|0|699569|699569|0|163135|163135|47282|307630|354912|73391|479318|552709|0|767681|767681|0|203387|203387|0|425244|425244|0|619164|619164|0|866327|866327|0|192349|192349|0|403411|403411|0|576986|576986|0|750408|750408|0|156314|156314|0|320033|320033|0|480544|480544|0|630628|630628|
1000000033||||||||||0|4107|4107||||||||||0|6068|6068||||||||||0|7391|7391|||||||||||||||||||||||||
1000000037|0|225531|225531|0|493956|493956|0|803647|803647|0|1153843|1153843|0|349827|349827|0|778947|778947|0|1219306|1219306|0|1612014|1612014|0|354726|354726|0|698296|698296|0|1034581|1034581|0|1397365|1397365|0|515213|515213|0|923665|923665|0|1342543|1342543|0|1747187|1747187|0|330519|330519|0|662733|662733|0|980726|980726|0|1276968|1276968|
1000000060|0|32220|32220|0|66153|66153|0|99950|99950|773|133474|134247|124|45726|45850|124|90692|90816|399|135815|136214|843|178833|179676|0|45740|45740|277|93923|94200|698|145142|145840|1420|194926|196346|575|53723|54298|1342|107245|108587|1763|160146|161909|2179|217521|219700|67|52220|52287|438|105636|106074|438|156811|157249|665|209588|210253|
1000000063|4800|55700|60500|12300|134200|146500|22000|207000|229000|29700|327000|356700|9800|72900|82700|17900|171600|189500|22800|283500|306300|28600|421700|450300|5000|127200|132200|10000|257900|267900|14300|392900|407200|14400|533200|547600|3300|139300|142600|4800|261900|266700|5700|373500|379200|3200|501000|504200|700|80700|81400|4100|175700|179800|5000|262400|267400|4900|352500|357400|
1000000076|1550|33988|35538|911|75144|76055|3930|112528|116458|5536|157999|163535|1757|45410|47167|2932|92349|95281|4993|143671|148664|6436|198952|205388|1616|53577|55193|3602|110509|114111|5008|164455|169463|5849|227826|233675|1426|64314|65740|2710|130206|132916|3742|196681|200423|4927|266188|271115|709|75043|75752|1994|150580|152574|2931|227334|230265|3373|303501|306874|
1000000111|0|236965|236965|0|468319|468319|0|712253|712253|0|963300|963300|0|269796|269796|0|578470|578470|0|862632|862632|0|1095896|1095896|0|229424|229424|0|473883|473883|0|771194|771194|0|1089668|1089668|0|348674|348674|0|712197|712197|0|1093594|1093594|0|1390996|1390996|0|388686|388686|0|732438|732438|0|1117155|1117155|0|1457552|1457552|
1000000124||||||||||0|207700|207700||||||||||0|204395|204395||||||||||0|231478|231478|||||||||||||||||||||||||
1000000187|0|110180|110180|0|194555|194555|0|235067|235067|1596|268673|270269|440|147270|147710|440|256803|257243|440|304675|305115|953|360652|361605|156|159095|159251|156|262591|262747|658|304682|305340|658|346750|347408|584|136141|136725|871|244045|244916|1388|286356|287744|1647|323539|325186|147|136561|136708|977|250023|251000|1545|294925|296470|1968|337269|339237|
1000000189|0|2100137|2100137|0|4385714|4385714|0|7111152|7111152|0|9765695|9765695|0|2598472|2598472|0|5400362|5400362|0|8337943|8337943|0|11226429|11226429|0|2700244|2700244|0|5658012|5658012|0|8748230|8748230|0|11612548|11612548|0|2810377|2810377|0|5638178|5638178|0|8692889|8692889|0|11626920|11626920|0|2761297|2761297|0|5735119|5735119|0|8931450|8931450|0|11957422|11957422|
1000000210|852|104910|105762|1858|224858|226716|3682|339967|343649|5032|466397|471429|1091|118195|119286|1566|251629|253195|2659|381175|383834|3242|516644|519886|720|127295|128015|1505|293185|294690|1919|450914|452833|2361|618361|620722|435|150881|151316|1376|324099|325475|2157|475641|477798|3187|657906|661093|688|134151|134839|5181|284841|290022|13467|435453|448920|21150|589538|610688|
1000000213|0|12199|12199|0|36740|36740|0|66731|66731|0|107071|107071|0|43109|43109|0|91182|91182|0|139396|139396|0|183671|183671|0|47108|47108|0|124047|124047|0|220819|220819|0|313549|313549|0|106226|106226|0|222305|222305|0|361454|361454|0|471466|471466|0|121948|121948|0|279630|279630|0|466300|466300|0|653447|653447|
1000000214|2206|29744|31950|8034|60797|68831|12620|90946|103566|17660|123587|141247|6721|35211|41932|11321|67882|79203|5686|35581|41267|0|78349|78349|4937|31017|35954|10190|63142|73332|15613|97577|113190|19349|131229|150578|3631|34450|38081|6273|67400|73673|8417|102048|110465|9947|140167|150114|1792|24935|26727|3213|47679|50892|4521|81925|86446|15969|102005|117974|
1000000222|0|72800|72800|0|107208|107208|0|121858|121858|395|133670|134065|0|78662|78662|0|117192|117192|455|132890|133345|455|146269|146724|0|97389|97389|0|133647|133647|467|150345|150812|467|163809|164276|0|97475|97475||||0|157948|157948|0|170249|170249|0|104058|104058|0|144922|144922|0|163864|163864|0|178997|178997|
1000000257||||||||||0|92539|92539||||||||||0|110923|110923||||||||||0|134608|134608||||||||||0|133251|133251||||||||||0|135365|135365|
1000000290||||||||||0|13253|13253|||||||||||||||||||||||||||||||||||||||||||||||||
1000000325|0|63670|63670|0|133767|133767|0|206195|206195|0|280537|280537|0|66846|66846|0|147647|147647|0|215255|215255|0|276770|276770|0|55526|55526|0|121234|121234|0|182070|182070|0|237324|237324|0|52088|52088|0|81026|81026|0|119228|119228|0|152855|152855|0|22796|22796|0|38832|38832|0|53776|53776|0|67044|67044|
1000000333|573|75642|76215|1536|139681|141217|2223|202106|204329|2738|297094|299832|233|78755|78988|597|150239|150836|995|221892|222887|5085|298367|303452|876|83157|84033|1865|170877|172742|2672|229527|232199|3352|312709|316061|1903|65919|67822|3720|129596|133316|4538|188748|193286|5369|250995|256364|1156|57538|58694|3563|142464|146027|4262|234708|238970|7530|335319|342849|
1000000363||||||||||0|593305|593305||||||||||0|690918|690918||||||||||0|694747|694747||||||||||0|714464|714464|||||||||||||
1000000398||||||||||0|30830|30830||||||||||||||||||||||||||||||||||0|43565|43565|||||||||||||
1000000430||||||||||0|728|728||||||||||0|3760|3760||||||||||0|7082|7082|||||||||||||||||||||||||
1000000457||||||||||0|1728|1728||||||||||0|1698|1698||||||||||0|1586|1586||||||||||0|2784|2784|||||||||||||
1000000465||||||||||0|32153|32153||||||||||0|38639|38639|||||||||||||||||||||||||||||||||||||
1000000518|1292|115904|117196|998|238424|239422|1599|350176|351775|2364|482433|484797|788|120760|121548|1258|244528|245786|1830|361042|362872|2389|477480|479869|471|118758|119229|1306|243872|245178|1840|362159|363999|2253|483461|485714|534|122265|122799|1174|252773|253947|1790|386540|388330|2416|532616|535032|548|141630|142178|1234|292283|293517|2401|442167|444568|3821|598326|602147|
1000000520|50340|5272|55612|6316|102591|108907|230832|7548|238380|333651|11217|344868|81234|5586|86820|191040|6982|198022|362271|8521|370792|466903|13097|480000|78775|6594|85369|194475|8027|202502|342514|9401|351915|428375|13174|441549|72629|7817|80446|170764|8916|179680|341383|11879|353262|448756|15217|463973|94124|10636|104760|206513|13086|219599|367546|15552|383098|498718|22159|520877|
1000000545||||0|97770|97770|0|147219|147219|0|216109|216109|0|61401|61401|0|143195|143195|0|247623|247623|0|369390|369390|0|97321|97321|0|220899|220899|0|346750|346750|0|482169|482169||||||||||0|268264|268264|0|92588|92588|0|202909|202909|0|322990|322990|0|474284|474284|
1000000556|14|54734|54748|38|111083|111121|55|164946|165001|0|382500|382500|0|110918|110918|0|236990|236990|0|419295|419295|0|709847|709847|0|197282|197282|0|390548|390548|0|628667|628667|0|892573|892573|0|172252|172252|0|373446|373446|0|601822|601822|0|995321|995321|0|201045|201045|0|459752|459752|0|718559|718559|0|1095214|1095214|
1000000565||||||||||0|36496|36496||||||||||0|37753|37753||||||||||0|46602|46602||||||||||0|52481|52481|||||||||||||
1000000586|69641|438910|508551|145181|923001|1068182|318999|1394259|1713258|555269|1894597|2449866|270879|941625|1212504|277665|1006283|1283948|485825|1567662|2053487|626049|2126873|2752922|85477|533552|619029|180196|1110397|1290593|359151|1712999|2072150|502740|2316177|2818917|122490|560986|683476|239101|1187779|1426880|398700|1815598|2214298|566906|2471421|3038327|119741|625250|744991|234102|1299135|1533237|359821|2018439|2378260|527056|2715504|3242560|
1000000601||||||||||||||||||||||0|4404|4404|||||||||||||||||||||||||||||||||||||
1000000705||||||||||0|7079|7079||||||||||0|8914|8914|||||||||||||||||||||||||||||||||||||
1000000734||||||||||0|17141|17141||||||||||0|20889|20889||||||||||0|25525|25525||||||||||0|32225|32225||||||||||0|34780|34780|
1000000742||||||||||0|2915|2915||||||||||0|2299|2299||||||||||0|3460|3460|||||||||||||||||||||||||
1000000753|7108|38096|45204|15581|82691|98272|23102|126536|149638|0|212093|212093|0|47710|47710|21067|86080|107147|31176|130967|162143|41337|179729|221066|5292|45917|51209|9423|99438|108861|14273|148604|162877|19824|208828|228652|0|56258|56258|20736|97238|117974|33410|142131|175541|45590|195371|240961|8732|48576|57308|0|117314|117314|0|173093|173093|0|231873|231873|
1000000756||||||||||||||||||||||||||||||||||||||||||||||0|23993|23993||||||||||0|29909|29909|
1000000864||||||||||0|279298|279298||||||||||0|323523|323523||||||||||||||||||||||||||||||||||0|287724|287724|
1000000873|13609|213097|226706|22080|535713|557793|45497|811998|857495|62905|1014600|1077505|13542|229945|243487|23771|522055|545826|36226|816317|852543|46134|1038590|1084724|10810|203324|214134|30719|493283|524002|42854|765439|808293|60721|963465|1024186|26504|177264|203768|41928|460252|502180|53408|715626|769034|66048|894679|960727|18135|161248|179383|30658|428586|459244|41496|682261|723757|50290|819720|870010|
1000001003||||||||||0|525804|525804||||||||||0|590534|590534||||||||||0|600918|600918||||||||||0|630425|630425|||||||||||||
1000001112|3|7073|7076|1815|24582|26397|5784|32449|38233|10281|51594|61875|338|4032|4370|1492|19680|21172|1811|35497|37308|8278|59524|67802|7019|8008|15027|9918|23114|33032|12678|33530|46208|15535|58349|73884|1775|9578|11353|3409|25673|29082|6458|46106|52564|18371|74707|93078|3468|14708|18176|14060|23096|37156|21086|36812|57898|32208|67266|99474|
1000001223||||||||||0|362398|362398|||||||||||||||||||||||||||||||||||||||||||||||||
1000001250|5092|28086|33178|8002|56267|64269|11318|85727|97045|15941|124376|140317|3888|46354|50242|8528|82656|91184|14120|115602|129722|20802|144403|165205|5392|29853|35245|9707|61834|71541|13317|89414|102731|19024|118855|137879|3677|29516|33193|6338|61673|68011|12062|91741|103803|15671|128735|144406|4383|29713|34096|9266|60251|69517|13724|78431|92155|18360|105408|123768|
1000001330|0|63564|63564|0|122925|122925|0|175706|175706|0|228933|228933|0|60673|60673|0|124116|124116|0|188709|188709|0|262065|262065|0|77347|77347|0|165201|165201|0|249272|249272|0|327490|327490|0|94186|94186|0|184454|184454|0|267595|267595|0|358877|358877|0|105253|105253|0|200026|200026|0|288953|288953|0|365553|365553|
1000001369||||||||||0|28841|28841||||||||||0|34193|34193||||||||||0|39446|39446||||||||||0|32584|32584||||||||||0|35676|35676|
1000001387||||||||||||||||||||||0|82592|82592|||||||||||||||||||||||||||||||||||||
1000001417|3594|6560|10154|8829|9640|18469|12330|13778|26108|15815|19707|35522|13417|9950|23367|26190|21132|47322|34873|32946|67819|42517|43717|86234|7901|10131|18032|14322|19343|33665|23985|28095|52080|20844|48920|69764|6848|10442|17290|20892|15084|35976|32479|22481|54960|33065|41926|74991|6175|40937|47112|17242|62895|80137|33015|85281|118296|44309|104530|148839|
1000001439|19699|14495|34194|33737|29691|63428|47289|44610|91899|63955|65219|129174|20145|15143|35288|34269|30757|65026|50469|50107|100576|68394|70224|138618|18079|15355|33434|31877|31711|63588|47108|48771|95879|63380|69422|132802|17696|13944|31640|32553|29250|61803|47617|47189|94806|64833|70945|135778|28789|12170|40959|58409|31535|89944|88120|50890|139010|121234|74034|195268|
1000001522||||||||||0|44988|44988||||||||||0|48783|48783||||||||||0|53617|53617||||||||||0|46101|46101|||||||||||||
1000001526|0|6642|6642||||0|32244|32244|0|66389|66389|0|11404|11404|0|32310|32310|0|58970|58970|0|86380|86380|0|7568|7568|0|17296|17296|0|38527|38527|0|67433|67433|0|3988|3988|0|18539|18539|0|31953|31953|0|109750|109750|0|11193|11193|0|29389|29389|0|44282|44282|0|69974|69974|
1000001598||||||||||0|130554|130554||||||||||0|218944|218944||||||||||0|135569|135569|||||||||||||||||||||||||
1000001799|402|20047|20449|51795|2471|54266|1165|84518|85683|1503|107202|108705|221|26405|26626|351|70070|70421|491|114374|114865|678|142439|143117|377|37861|38238|595|92357|92952|935|142474|143409|1020|175082|176102|38517|2263|40780|140|103789|103929|146|158089|158235|180|194560|194740|16|41034|41050|52|103054|103106|143|159439|159582|195|201523|201718|
1000001802|0|43178|43178|6890|85232|92122|10917|131285|142202|15195|185248|200443|4516|50660|55176|9501|106151|115652|14693|156535|171228|20082|219070|239152|5087|53718|58805|10730|113611|124341|16093|171271|187364|21460|240131|261591|5224|56812|62036|10230|116256|126486|15591|176878|192469|20327|262091|282418|5835|71127|76962|11291|146320|157611|15892|222298|238190|20747|314935|335682|
1000001817||||||||||0|6472|6472|||||||||||||||||||||||||||||||||||||||||||||||||
1000001883||||||||||0|36587|36587||||||||||0|39347|39347||||||||||0|42304|42304|||||||||||||||||||||||||
1000001931||||||||||||||||||||||||||||||||||||||||||||||0|8262|8262||||||||||0|9184|9184|
1000001955||||||||||||||||||||||||||||||||||||||||||||||0|104485|104485|||||||||||||
1000002069||||||||||||||||||||||0|0|0||||||||||0|0|0|||||||||||||||||||||||||
1000002108||||||||||||||||||||||||||||||||||0|2220|2220|||||||||||||||||||||||||
1000002153|797150|955269|1752419|1576198|2003347|3579545|2350975|3039686|5390661|3193590|4161555|7355145|737603|903814|1641417|2070259|2052338|4122597|3252913|3066496|6319409|4384579|4427887|8812466|1212098|1282908|2495006|2889354|2827083|5716437|4802635|4362801|9165436|6883823|6179504|13063327|2418188|1677192|4095380|4439262|3718356|8157618|6524979|5420930|11945909|7474299|7286112|14760411|1718015|1648753|3366768|3174768|3603925|6778693|4722134|5370704|10092838|6545798|7350706|13896504|
1000002165||||||||||0|7640|7640||||||||||0|17262|17262||||||||||0|14023|14023|||||||||||||||||||||||||
1000002209||||||||||0|29730|29730||||||||||0|38156|38156|||||||||||||||||||||||||||||||||||||
1000002229||||||||||||||||||||||||||||||||||0|34483|34483||||||||||0|43322|43322||||||||||0|41726|41726|
1000002313||||||||||||||||||||||||||||||||||||||||||||||0|10126|10126||||||||||0|12321|12321|
1000002382||||||||||0|9478|9478||||||||||0|11188|11188||||||||||0|13234|13234|||||||||||||||||||||||||
1000002403||||0|1069|1069|0|2006|2006|0|2921|2921|0|606|606|108|993|1101|54|1426|1480|0|1839|1839|55|282|338|55|550|605|0|815|815|54|1462|1516|0|12|12|0|473|473|0|1272|1272|0|1406|1406|0|206|206|0|1123|1123|0|1334|1334|0|1837|1837|
1000002448|0|31101|31101|0|62596|62596|0|91064|91064|0|122173|122173|0|27945|27945|0|59164|59164|0|88143|88143|0|119350|119350|0|30408|30408|0|61968|61968|0|91712|91712|0|123787|123787|0|30410|30410|0|60470|60470|0|87835|87835|0|117240|117240|0|29394|29394|0|58795|58795|0|86649|86649|0|118101|118101|
1000002463||||||||||||||||||||||0|802750|802750||||||||||0|799243|799243||||||||||0|686849|686849||||||||||0|668266|668266|
1000002500|90738|26617|117355|174251|56365|230616|262067|86229|348296|341543|116704|458247|90088|32748|122836|159636|83128|242764|236912|135415|372327|310814|179512|490326|69075|90290|159365|139787|182395|322182|226595|273073|499668|361921|332106|694027|80896|71220|152116|160343|150359|310702|251659|226152|477811|332494|289821|622315|106980|61452|168432|190759|100356|291115|278651|139187|417838|359598|178936|538534|
1000002509||||||||||||||||||||||||||||||||||||||||||||||0|13255|13255||||||||||0|15137|15137|
1000002531||||||||||||||||||||||0|26600|26600||||||||||0|30600|30600|||||||||||||||||||||||||
1000002538||||||||||||||||||||||||||||||||||||||||||||||0|24305|24305||||||||||0|18372|18372|
1000002708|408877|176750|585627|862868|356396|1219264|1319195|548725|1867920|0|2601223|2601223|548847|189862|738709|1250163|382628|1632791|2040304|570076|2610380|2762004|797154|3559158|814278|184640|998918|1647773|355225|2002998|2440063|540476|2980539|3264783|776628|4041411|876516|167991|1044507|1835405|341038|2176443|2606818|684621|3291439|3567633|964545|4532178|0|1206212|1206212|0|2427466|2427466|2899289|641923|3541212|0|4701281|4701281|
1000002720||||||||||||||||||||||||||||||||||||||||||||||||||||||||||0|10268|10268|
1000002821||||||||||0|95270|95270||||||||||0|95598|95598||||||||||0|96887|96887|||||||||||||||||||||||||
1000002863||||||||||0|4847|4847||||||||||0|4847|4847||||||||||0|20130|20130||||||||||0|20903|20903|||||||||||||
1000003012|214413|40694|255107|360364|83568|443932|566601|121996|688597|838805|170468|1009273|254053|47679|301732|459058|123548|582606|690149|170739|860888|885945|222694|1108639|193560|57412|250972|325061|118114|443175|494619|184910|679529|678516|253974|932490|228975|58860|287835|420145|93449|513594|622927|135738|758665|864107|192952|1057059|289016|58900|347916|550122|124219|674341|790512|187365|977877|1030236|249002|1279238|
1000003053|0|178334|178334|0|178334|178334|0|797980|797980|0|1255926|1255926|0|284974|284974|0|797192|797192|0|1242691|1242691|0|1776153|1776153|0|410635|410635|0|1031624|1031624|0|1569484|1569484|0|2178089|2178089|0|360918|360918|0|1001383|1001383|0|1529229|1529229|0|2255649|2255649|0|500613|500613|0|1206263|1206263|0|1933443|1933443|0|2649870|2649870|
1000003067||||||||||||||||||||||0|0|0|||||||||||||||||||||||||||||||||||||
1000003074||||||||||0|9978|9978|||||||||||||||||||||||||||||||||||||||||||||||||
1000003092||||||||||0|10036|10036|||||||||||||||||||||||||||||||||||||||||||||||||
1000003119||||||||||0|39629|39629||||||||||0|50076|50076|||||||||||||||||||||||||||||||||||||
1000003364||||||||||0|17695|17695||||||||||0|34888|34888||||||||||0|35757|35757||||||||||0|33667|33667||||||||||0|36609|36609|
1000003585|0|3129|3129|||||||||||||4321|8908|13229|8241|13480|21721||||2624|3025|5649|7405|6520|13925|11554|11408|22962||||4530|3359|7889|7896|7196|15092|11727|10403|22130||||4303|3190|7493|7911|7470|15381|11495|12190|23685||||
1000003681||||||||||0|15977|15977||||||||||0|34702|34702||||||||||0|47387|47387||||||||||0|52479|52479|||||||||||||
1000003815||||||||||0|2035|2035||||||||||0|1244|1244||||||||||0|1221|1221||||||||||||||||||||||0|1597|1597|
1000003824||||||||||0|4770|4770|||||||||||||||||||||||||||||||||||||||||||||||||
1000003887||||||||||0|4829|4829|||||||||||||||||||||||||||||||||||||||||||||||||
1000003888||||||||||0|21048|21048||||||||||0|23502|23502||||||||||0|15220|15220|||||||||||||||||||||||||
1000004021|92855|35551|128406|191726|78815|270541|279039|116480|395519|381564|154839|536403|121341|35418|156759|230777|75577|306354|340089|112622|452711|461185|161542|622727|130554|48383|178937|259988|100722|360710|384492|153940|538432|541079|216397|757476|137228|55775|193003|290060|109933|399993|428611|161837|590448|588825|226811|815636|158935|63043|221978|318399|126060|444459|484177|178345|662522|644753|243314|888067|
1000004072||||||||||0|10431|10431||||||||||||||||||||||||||||||||||||||||||||||0|13748|13748|
1000004137||||||||||0|17000|17000||||||||||0|18000|18000||||||||||0|10800|10800|||||||||||||||||||||||||
1000004201|1072604|1392437|2465041|2342789|2923045|5265834|3722928|4804840|8527768|4763725|6940384|11704109|1533763|1873883|3407646|3183052|3697925|6880977|4893016|5729930|10622946|6308420|7608456|13916876|1504293|1793850|3298143|3256005|3618096|6874101|5136532|5272644|10409176|6730773|6817596|13548369|1755048|1726494|3481542|3384605|3345611|6730216|4988664|5065337|10054001|6468399|6725146|13193545|1387363|1770820|3158183|2506402|3501031|6007433|3832975|5207769|9040744|5094256|6407126|11501382|
1000004215||||||||||||||||||||||0|75114|75114||||||||||0|82500|82500|||||||||||||||||||||||||
1000004281||||||||||0|242059|242059||||||||||0|264598|264598||||||||||0|272013|272013|||||||||||||||||||||||||
1000004549||||||||||0|4331|4331||||||||||0|9457|9457||||||||||0|10787|10787||||||||||0|12100|12100|||||||||||||
1000004627|0|3082|3082||||||||||||||||||||||||||||||||||||||||||||||||||||||||||
1000004792||||||||||0|18491|18491||||||||||0|23738|23738||||||||||0|25438|25438||||||||||||||||||||||0|33184|33184|
1000005158||||||||||||||||||||||0|10753|10753|||||||||||||||||||||||||||||||||||||
1000005172||||||||||0|1312|1312||||||||||||||||||||||0|2946|2946|||||||||||||||||||||||||
1000005290||||||||||||||||||||||0|52221|52221||||||||||0|53800|53800||||||||||0|50265|50265|||||||||||||
1000005327||||||||||0|7199|7199||||||||||||||||||||||||||||0|2500|2500|||||||||||||||||||
1000005371||||||||||0|4148|4148||||||||||0|3994|3994||||||||||0|4459|4459|||||||||||||||||||||||||
1000005390||||||||||0|11768|11768|||||||||||||||||||||||||||||||||||||||||||||||||
1000005399||||||||||||||||||||||0|2339693|2339693|||||||||||||||||||||||||||||||||||||
1000005651||||||||||0|9367|9367|||||||||||||||||||||||||||||||||||||||||||||||||
1000005816||||||||||0|15026|15026||||||||||0|18201|18201||||||||||0|17758|17758|||||||||||||||||||||||||
1000006016|18520|4234|22754|40603|7171|47774|60316|11342|71658|80967|12715|93682|13632|1689|15321|33891|5847|39738|49239|6666|55905|63131|9991|73122|15596|1689|17285|30992|4280|35272|41813|7022|48835|52421|11195|63616|13495|3561|17056|26908|6813|33721|39374|9482|48856|52345|11344|63689|11841|1639|13480|23620|4185|27805|34370|6048|40418|45757|7743|53500|
1000006036||||||||||0|3933|3933||||||||||0|3654|3654||||||||||0|5076|5076|||||||||||||||||||||||||
1000006060|14833|18380|33213|31485|37556|69041|50577|57306|107883|72998|79186|152184|24028|21918|45946|51045|43632|94677|75672|64420|140092|96996|82758|179754|17480|18045|35525|37853|35753|73606|55482|53753|109235|72651|70965|143616|17193|17179|34372|38901|33666|72567|53166|51467|104633|66377|67797|134174|13768|16996|30764|32422|33681|66103|52628|50721|103349|73379|67743|141122|
1000006185||||||||||0|15640|15640||||||||||0|16220|16220|||||||||||||||||||||||||||||||||||||
1000006280||||||||||||||||||||||||||||||||||||||||||||||||||||||||||0|458540|458540|
1000006420|368551|7075|375626|763975|22932|786907|1166563|37477|1204040|1619929|52070|1671999|567963|13267|581230|1158386|33493|1191879|1731094|49059|1780153|2144968|59792|2204760|396508|14325|410833|809544|31477|841021|1309818|43250|1353068|1656631|52125|1708756|397787|13967|411754|822072|37662|859734|1333770|59913|1393683|1715048|82748|1797796|431233|36036|467269|879287|63014|942301|1391400|94298|1485698|1824242|117535|1941777|
1000006534||||||||||0|22388|22388|||||||||||||||||||||||||||||||||||||||||||||||||
1000006869||||||||||0|6796|6796||||||||||0|6758|6758||||||||||0|7448|7448||||||||||0|4646|4646|||||||||||||
1000006955||||||||||0|69811|69811|||||||||||||||||||||||||||||||||||||||||||||||||
1000007071||||||||||0|95608|95608||||||||||||||||||||||0|118988|118988||||||||||0|116274|116274||||||||||0|109530|109530|
1000007168||||||||||0|16192|16192|||||||||||||||||||||||||||||||||||||||||||||||||
1000007402|||||||||||||||||||0|125805|125805||||||||||||||||||||||||||||||||||||||||
1000007438||||||||||||||||||||||0|40978|40978||||||||||||||||0|3486|3486||||0|80060|80060|||||||||||||
1000007446|17422|61349|78771|38393|130007|168400|58271|189706|247977|81206|253151|334357|22568|87470|110038|45902|179059|224961|64300|259475|323775|79849|349770|429619|17502|92842|110344|37189|189634|226823|52272|285472|337744|67212|366161|433373|16887|89502|106389|36210|195624|231834|60779|285521|346300|84517|387775|472292|24717|104215|128932|45629|209301|254930|65903|320295|386198|84256|423528|507784|
1000007589|73513|48013|121526|144513|114505|259018|233672|174543|408215|315724|217395|533119|89043|56125|145168|205057|106239|311296|311488|144261|455749|429022|182213|611235|62963|34867|97830|184868|99119|283987|247898|151495|399393|339498|196877|536375|73128|43239|116367|153749|78716|232465|230929|116640|347569|321975|167367|489342|90299|36980|127279|169758|90857|260615|213213|163136|376349|333005|184545|517550|
1000007820||||||||||||||||||||||||||||||||||||||||||||||0|13559|13559|||||||||||||
1000007904||||||||||||||||||||||||||||||||||||||||||||||0|213247|213247|||||||||||||
1000007911||||||||||||||||||||||0|3548|3548||||||||||0|4281|4281||||||||||||||||||||||0|8257|8257|
1000007986||||||||||0|8707|8707|||||||||||||||||||||||||||||||||||||||||||||||||
1000008231|0|139|139||||||||||||||||||||||||||||||||||||||||||||||||||||||||||
1000008451|0|21771|21771|0|45205|45205|0|69862|69862|0|95018|95018|0|24790|24790|0|51417|51417|0|81096|81096|0|109422|109422|0|27621|27621|0|59550|59550|0|90202|90202|0|117737|117737|0|26908|26908|0|57895|57895|0|87831|87831|0|117875|117875|0|29888|29888|0|59021|59021|0|90516|90516|0|118043|118043|
1000008498||||||||||0|50883|50883||||||||||||||||||||||||||||||||||0|56855|56855||||||||||0|49141|49141|
1000008599||||||||||0|7769|7769|||||||||||||||||||||||||||||||||||||||||||||||||
1000008721||||||||||0|75900|75900|||||||||||||||||||||||||||||||||||||||||||||||||
1000008807||||||||||0|75088|75088|||||||||||||||||||||||||||||||||||||||||||||||||
1000008975|1761|192|1953|3884|374|4258|6236|485|6721|1113|8128|9241|54|2289|2343|232|3523|3755|2533|3605|6138|3888|3964|7852|3077|127|3204|6225|160|6385|8136|212|8348|9197|284|9481|4917|133|5050|4941|9285|14226|5035|9649|14684|5235|9815|15050|0|709|709|61|980|1041|126|1469|1595|139|3378|3517|
1000009155|2494|20189|22683|21813|41843|63656|24659|65008|89667|16900|84775|101675|12772|31088|43860|1883|59233|61116|8766|76770|85536|14032|98758|112790|2081|21321|23402|3507|43390|46897|4733|65661|70394|6018|87992|94010|1974|21725|23699|3909|45268|49177|5735|70364|76099|7799|96053|103852|2024|24458|26482|4562|52358|56920|6827|76539|83366|8742|99671|108413|
1000009275||||||||||||||||||||||||||||0|1947|1947|||||||||||||||||||||||||||||||
1000009561||||||||||0|32512|32512|||||||||||||||||||||||||||||||||||||||||||||||||
1000009728||||||||||0|26466|26466|||||||||||||||||||||||||||||||||||||||||||||||||
1000010024||||||||||0|247035|247035||||||||||0|318609|318609||||||||||||||||||||||||||||||||||0|387146|387146|
1000010042|5638|7535|13173|11207|16861|28068|16995|26124|43119|23030|33193|56223|15077|38660|53737|29029|78644|107673|42384|119770|162154|55402|161917|217319|14721|40589|55310|27997|82658|110655|41388|127201|168589|58736|169332|228068|16583|40379|56962|33466|80773|114239|47432|122318|169750|62386|163215|225601|15042|41015|56057|31280|81532|112812|46144|123902|170046|59879|164200|224079|
1000010049||||||||||0|14703|14703||||||||||0|11494|11494||||||||||0|9799|9799|||||||||||||||||||||||||
1000010159||||||||||0|2641|2641|||||||||||||||||||||||||||||||||||||||||||||||||
1000010177||||||||||0|7382|7382||||||||||0|4812|4812||||||||||||||||||||||0|9615|9615||||||||||0|6195|6195|
1000010238||||||||||0|3312|3312||||||||||0|3721|3721||||||||||0|3585|3585||||||||||0|4148|4148||||||||||0|3966|3966|
1000010245||||||||||0|6506|6506||||||||||0|10485|10485||||||||||0|13978|13978|||||||||||||||||||||||||
1000010388||||||||||0|33266|33266||||||||||0|23234|23234|||||||||||||||||||||||||||||||||||||
1000011158||||||||||||||||||||||||||||||||||0|17241|17241|||||||||||||||||||||||||
1000011251||||||||||0|1346|1346||||||||||0|3559|3559||||||||||0|5259|5259|||||||||||||||||||||||||
1000011287||||||||||0|1952|1952||||||||||0|3107|3107||||||||||0|2|2|||||||||||||||||||||||||
1000011337||||||||||||||||||||||||||||||||||||||||||||||0|3100|3100|||||||||||||
1000011393||||||||||0|3522|3522||||||||||0|2732|2732||||||||||0|3940|3940||||||||||||||||||||||0|3603|3603|
1000011585||||||||||0|2022216|2022216||||||||||0|2169959|2169959||||||||||0|2520716|2520716||||||||||0|2474106|2474106||||||||||0|2578198|2578198|
1000011980|27250|21820|49070|60288|49222|109510|109804|73530|183334|167467|104111|271578|62718|31563|94281|95902|64187|160089|154602|90104|244706|217409|111449|328858|20479|26519|46998|50608|43680|94288|83971|59680|143651|113313|69383|182696|25343|14407|39750|47448|28229|75677|70845|42378|113223|95022|49891|144913|24781|10774|35555|49067|19577|68644|66452|32818|99270|88263|45585|133848|
1000011989||||||||||||||||||||||||||||||||||||||||||||||0|21966|21966|||||||||||||
1000012009|||||||||||||||||||||||||0|4000|4000||||||||||||||||||||||||||||||||||
1000012254||||||||||0|120705|120705||||||||||0|138551|138551||||||||||0|170906|170906|||||||||||||0|175611|175611|||||||0|198918|198918|
1000012410|0|18610|18610|0|39675|39675|0|62719|62719|0|94498|94498|0|22938|22938|680|52159|52839|1858|78929|80787|44|116732|116776|118|35353|35471|151|77367|77518|151|114495|114646|445|153350|153795|0|31925|31925|0|66950|66950|0|92852|92852|0|112166|112166|0|19350|19350|0|41329|41329|0|61941|61941|0|75148|75148|
1000012426||||||||||0|2822|2822||||||||||0|3557|3557||||||||||0|4376|4376||||||||||||||||||||||0|6953|6953|
1000012491|0|51714|51714|0|117185|117185|0|177193|177193|0|242448|242448|0|71700|71700|0|129646|129646|0|180581|180581|0|232459|232459|6534|51525|58059|8176|102561|110737|8176|153278|161454|8176|202290|210466|0|46984|46984|0|95446|95446|0|140648|140648|128|190911|191039|0|43286|43286|395|90838|91233|491|145754|146245|610|197210|197820|
1000012527||||||||||0|22293|22293||||||||||0|25017|25017||||||||||0|26067|26067||||||||||0|40564|40564||||||||||0|29846|29846|
1000012566||||||||||0|7392|7392|||||||||||||||||||||||||||||||||||||||||||||||||
1000012680||||||||||0|7522|7522||||||||||0|13528|13528||||||||||0|12502|12502||||||||||0|9994|9994||||||||||0|9305|9305|
1000012802||||||||||0|41895|41895|||||||||||||||||||||||||||||||||||||||||||||||||
1000012908||||||||||||||||||||||||||||||||||0|1208|1208|||||||||||||||||||||||||
1000013087||||||||||||||||||||||||||||||||||||||||||||||0|24595|24595||||||||||0|36456|36456|
1000013214||||||||||0|2372|2372||||||||||0|2946|2946||||||||||0|2196|2196|||||||||||||||||||||||||
1000013313||||||||||||||||||||||||||||||||||0|35252|35252|||||||||||||||||||||||||
1000013523||||||||||||||||||||||0|1500|1500|||||||||||||||||||||||||||||||||||||
1000013796|0|27798|27798|16|51220|51236|16|76693|76709|16|101578|101594|0|23987|23987|35|50202|50237|36|79843|79879|36|109959|109995|0|28804|28804|71|70151|70222|71|103121|103192|71|134839|134910|0|34094|34094|0|65687|65687|0|102526|102526|0|138944|138944|0|36150|36150|0|76832|76832|0|117636|117636|7797|147388|155185|
1000014076||||||||||||||||||||||0|8142|8142||||||||||||||||||||||0|7847|7847||||||||||0|7881|7881|
1000014414||||||||||0|249253|249253||||||||||0|266043|266043||||||||||0|297120|297120||||||||||0|319416|319416|||||||||||||
1000014432|0|335685|335685|0|494128|494128|0|630497|630497|0|940471|940471|0|411870|411870|0|610484|610484|0|806485|806485|0|1253170|1253170|0|477625|477625|0|676890|676890|0|845986|845986|0|1216817|1216817|0|463129|463129|0|663310|663310|0|844662|844662|0|1212355|1212355|0|494570|494570|0|708889|708889|0|873650|873650|0|1222634|1222634|
1000014435|66785|179675|246460|137112|345491|482603|197229|496862|694091|261524|666092|927616|62633|169385|232018|132640|338289|470929|203847|529650|733497|313092|711343|1024435|87448|177202|264650|180953|364922|545875|277455|535933|813388|288881|845737|1134618|76650|213088|289738|159166|429560|588726|340915|526376|867291|493619|659261|1152880|142597|156350|298947|295907|319583|615490|445477|460659|906136|587058|613615|1200673|
1000014616||||||||||0|77099|77099||||||||||||||||||||||0|86052|86052||||||||||0|94467|94467|||||||||||||
1000014766||||||||||||||||||||||||||||||||||||||||||||||0|22781|22781|||||||||||||
1000015431||||||||||0|15864|15864||||||||||0|21400|21400||||||||||0|21213|21213||||||||||0|23807|23807||||||||||0|22750|22750|
1000015602||||||||||||||||||||||||||||||||||0|26800|26800||||||||||0|325|325|||||||||||||
1000015605||||||||||||||||||||||0|699|699|||||||||||||||||||||||||||||||||||||
1000015677||||||||||0|5402|5402||||||||||0|6887|6887|||||||||||||||||||||||||||||||||||||
1000015912|1085|67802|68887|1282|105259|106541|36|19415|19451|74|44244|44318|283|89711|89994|285|137434|137719|11|14476|14487|54|43202|43256|180|86848|87028|945|122686|123631|51|18502|18553|238|44086|44324|243|84271|84514|392|123436|123828|34|7774|7808|866|31510|32376|866|75262|76128|880|112416|113296|754|13387|14141|779|42247|43026|
1000015918|5511|28281|33792|10450|57525|67975|15878|81547|97425|21449|112827|134276|5035|31187|36222|8729|65713|74442|11620|96922|108542|13897|133034|146931|2416|31002|33418|5032|66210|71242|7130|97038|104168|9447|123618|133065|1446|24361|25807|3166|48238|51404|6574|67296|73870|5760|93754|99514|1458|22601|24059|3734|49735|53469|5650|78233|83883|7553|94264|101817|
1000015975|0|573678|573678|0|1341113|1341113|0|2229843|2229843|0|3243997|3243997|0|1006076|1006076|0|2061225|2061225|0|3343741|3343741|0|4671316|4671316|0|1195027|1195027|0|1313833|1313833|0|2004090|2004090|0|0|0|0|864763|864763|0|1814620|1814620|0|2723467|2723467|0|3577383|3577383|0|948133|948133|0|1724365|1724365|0|2569475|2569475|0|3380061|3380061|
1000016861||||0|1220|1220||||0|2158|2158||||||||||||||||||||||0|6438|6438|||||||||||||||||||||||||
1000016905||||||||||0|75996|75996|||||||||||||||||||||||||||||||||||||||||||||||||
1000016911|80666|63926|144592|161093|144500|305593|250907|188054|438961|290927|299205|590132|98705|57296|156001|182413|148090|330503|276378|224854|501232|373327|322563|695890|92533|87282|179815|190426|181175|371601|300953|244102|545055|312400|416265|728665|87304|86523|173827|181115|185965|367080|261765|272564|534329|335934|383194|719128|69279|123827|193106|217861|181837|399698|320091|268444|588535|403443|353867|757310|
1000017023|11336|7094|18430|27389|15294|42683|40364|21246|61610|57253|28104|85357|14313|6841|21154|35678|13636|49314|56757|21154|77911|81629|27361|108990|21203|6135|27338|45585|12164|57749|60988|18311|79299|78249|24566|102815|16636|6249|22885|34489|12230|46719|53949|17146|71095|70965|24210|95175|13241|5952|19193|34688|14078|48766|59936|20990|80926|84515|27101|111616|
1000017048|0|6427|6427|0|13058|13058|0|25767|25767|0|36351|36351|0|7850|7850|0|18791|18791|0|34418|34418|0|45474|45474|0|7907|7907|0|17286|17286|0|27894|27894|0|37090|37090|0|8553|8553|0|16743|16743|0|26288|26288|0|35366|35366|0|6206|6206|0|13101|13101|0|21036|21036|0|30229|30229|
1000017268||||||||||0|23958|23958||||||||||0|32942|32942||||||||||0|27686|27686||||||||||0|31253|31253||||||||||0|31482|31482|
1000017305||||||||||0|2984|2984||||||||||||||||||||||0|3122|3122|||||||||||||||||||||||||
1000017449||||||||||0|2894|2894||||||||||0|3313|3313||||||||||0|3203|3203|||||||||||||||||||||||||
1000017532||||||||||||||||||||||0|14735|14735|||||||||||||||||||||||||||||||||||||
1000017563||||||||||0|631|631||||||||||0|1807|1807||||||||||0|1920|1920|||||||||||||||||||||||||
1000017618||||||||||0|43879|43879||||||||||0|76134|76134||||||||||0|87971|87971|||||||||||||||||||||||||
1000017744||||||||||0|86322|86322|||||||||||||||||||||||||||||||||||||||||||||||||
1000017750||||||||||||||||||||||0|0|0|||||||||||||||||||||||||||||||||||||
1000017967||||||||||0|10809|10809||||||||||0|12370|12370||||||||||0|13432|13432||||||||||0|13311|13311||||||||||0|15259|15259|
1000018222|78104|150756|228860|156848|309656|466504|264761|478012|742773|388948|679862|1068810|104885|188072|292957|188455|393120|581575|300027|596479|896506|408995|821014|1230009|88974|221727|310701|203083|453267|656350|333672|654671|988343|0|1371413|1371413|0|368790|368790|304195|461752|765947|493526|680621|1174147|0|1587354|1587354|0|414126|414126|0|828916|828916|0|1226335|1226335|0|1623889|1623889|
1000018239|0|51478|51478|0|123275|123275|0|194188|194188|0|339363|339363|0|100456|100456|0|245192|245192|0|390706|390706|0|568845|568845|0|161152|161152|0|350199|350199|0|499455|499455|0|679306|679306|0|149392|149392|0|328787|328787|0|417052|417052|0|519176|519176|0|85644|85644|0|174203|174203|0|254891|254891|0|342729|342729|
1000018243||||||||||||||||||||||||||||||||||||||||||||||||||||||||||0|68025|68025|
1000018268||||||||||0|152008|152008||||||||||112447|118152|230599|30087|22780|52867|53423|56179|109602|62794|98262|161056|85599|153258|238857|17714|55110|72824|43908|97708|141616|54107|134291|188398|59729|183440|243169|9574|37224|46798|12785|90395|103180|31449|145664|177113|40655|224124|264779|
1000018332|22837|11200|34037|48728|22980|71708|75863|34876|110739|102308|47729|150037|24232|10386|34618|48558|20574|69132|75507|31777|107284|91219|40087|131306|29180|12078|41258|61025|24033|85058|88811|36295|125106|112383|43435|155818|24201|10763|34964|41077|9426|50503|66593|15256|81849|97200|22450|119650|28904|6901|35805|62589|13316|75905|98284|19069|117353|137090|26988|164078|
1000018404|0|48864|48864|0|120242|120242|0|186011|186011|0|271738|271738|0|76755|76755|0|173451|173451|0|257480|257480|0|358774|358774|0|102259|102259|0|206777|206777|0|310467|310467|0|411810|411810|0|93354|93354|0|198604|198604|0|299974|299974|0|416008|416008|0|104393|104393|0|210652|210652|0|313916|313916|0|406341|406341|
1000018631||||||||||||||||||||||||||||||||||||||||||||||0|17889|17889|||||||||||||
1000018751||||||||||0|4451|4451||||||||||0|5379|5379||||||||||0|5910|5910|||||||||||||||||||||||||
1000018790||||||||||0|37489|37489||||||||||0|45885|45885||||||||||0|64256|64256||||||||||0|38673|38673|||||||||||||
1000018889|32194|77172|109366|67580|159745|227325|104887|207658|312545|140801|267801|408602|41325|73255|114580|85261|150144|235405|130041|273085|403126|168108|359261|527369|38347|84825|123172|83555|172323|255878|124055|265703|389758|163380|336630|500010|37982|87053|125035|78376|173619|251995|118178|252819|370997|157436|322912|480348|31534|79451|110985|63071|164196|227267|95553|241609|337162|123047|310438|433485|
1000018899|0|190878|190878|202572|172522|375094|202232|356691|558923|283607|453882|737489|92878|111707|204585|227757|176539|404296|349615|249711|599326|463442|329981|793423|133768|97697|231465|258096|177044|435140|382539|265135|647674|489387|344317|833704|130798|92004|222802|270353|173720|444073|422981|242740|665721|584912|324809|909721|178275|81200|259475|319448|160808|480256|443543|255013|698556|594375|350989|945364|
1000018968|0|441077|441077|0|933602|933602|0|1347076|1347076|0|1703307|1703307|0|466286|466286|0|949236|949236|0|1437616|1437616|0|1957079|1957079|0|487918|487918|0|1068680|1068680|0|1616793|1616793|0|2195954|2195954|0|476067|476067|0|979607|979607|0|1553302|1553302|0|2168435|2168435|0|578211|578211|0|1233095|1233095|0|1908595|1908595|0|2549097|2549097|
1000019038|30925|66573|97498|56694|165539|222233|81068|246088|327156|133730|359725|493455|44879|67039|111918|76438|140396|216834|132413|221837|354250|204204|339817|544021|50196|66785|116981|108993|171424|280417|184406|234548|418954|263005|367373|630378|68523|46984|115507|161235|151632|312867|255375|251460|506835|336873|387736|724609|57928|81210|139138|189609|163185|352794|268546|276315|544861|373484|415857|789341|
1000019114||||||||||0|20591|20591||||||||||||||||||||||||||||||||||0|44290|44290||||||||||0|53298|53298|
1000019147||||||||||||||||||||||0|7681|7681||||||||||0|5193|5193||||||||||0|2701|2701|||||||||||||
1000019600||||||||||0|2548|2548|||||||||||||||||||||||||||||||||||||||||||||||||
1000019705||||0|5169|5169|||||||||||||||||||||||||||||||||||||||||||||||||||||||
1000020049||||||||||0|2817|2817||||||||||0|2817|2817||||||||||0|4015|4015|||||||||||||||||||||||||
1000020065||||||||||||||||||||||||||||||||||||||||||||||||||||||||||0|17859|17859|
1000020155||||||||||0|55741|55741||||||||||0|67638|67638||||||||||0|79501|79501||||||||||0|89796|89796||||||||||0|95386|95386|
1000020169||||||||||0|82939|82939||||||||||0|55926|55926||||||||||0|51783|51783|||||||||||||||||||||||||
1000020204||||||||||||||||||||||||||||||||||||||||||||||||||||||||||0|160734|160734|
1000020295||||0|32031|32031|0|49310|49310|0|58450|58450||||||||||0|72770|72770|0|17290|17290|0|49130|49130|0|59490|59490|0|77280|77280|0|20390|20390|0|22230|22230|0|23480|23480|0|23920|23920||||||||||0|5930|5930|
1000020377||||||||||0|198976|198976||||||||||0|183605|183605||||||||||0|246388|246388|||||||||||||||||||||||||
1000020380||||||||||0|230|230||||||||||0|230|230||||||||||0|230|230|||||||||||||||||||||||||
1000020431||||||||||0|44631|44631||||||||||0|48769|48769||||||||||0|26239|26239||||||||||0|27093|27093|||||||||||||
1000020572||||||||||0|4798|4798||||||||||0|4729|4729||||||||||0|5459|5459|||||||||||||||||||||||||
1000020776||||||||||||||||||||||||||||||||||||||||0|32597|32597||||||||||0|34082|34082|||||||
1000021175|0|1389|1389||||||||||0|795|795||||||||||||||||||||||||||||||||||||||||||||||
1000021513||||||||||0|6802|6802||||||||||0|6538|6538||||||||||0|6071|6071||||||||||0|5714|5714|||||||||||||
1000021587||||||||||||||||||||||0|7537|7537||||||||||0|6776|6776|||||||||||||||||||||||||
1000021779||||||||||0|5444|5444||||||||||0|7426|7426||||||||||0|9703|9703|||||||||||||||||||||||||
1000022012||||||||||||||||||||||0|11231|11231|||||||||||||||||||||||||||||||||||||
1000022339||||||||||0|16995|16995||||||||||0|20913|20913||||||||||0|25375|25375||||||||||0|26620|26620||||||||||0|32410|32410|
1000022670||||||||||||||||||||||||||||||||||||||||||||||||||||||||||0|2604|2604|
1000022958||||||||||||||||||||||||||||||||||||||||||||||0|29938|29938|||||||||||||
1000023228||||0|1400|1400||||||||||0|1590|1590||||0|3100|3100|||||||||||||||||||||||||||||||||||||
1000023607||||||||||||||||||||||||||||||||||||||||||||||0|6150|6150|||||||||||||
1000023619||||||||||||||||||||||||||||||||||||||||||||||0|14662|14662|||||||||||||
1000023671||||||||||0|15772|15772|||||||||||||||||||||||||||||||||||||||||||||||||
1000023700||||||||||||||||||||||||||||||||||||||||||||||0|100480|100480|||||||||||||
1000023709||||||||||0|4072|4072|||||||||||||||||||||||||||||||||||||||||||||||||
1000023714||||||||||||||||||||||0|25881|25881||||||||||0|36073|36073||||||||||0|46220|46220||||||||||0|64275|64275|
1000023745||||||||||||||||||||||||||||||||||0|24415|24415||||||||||0|26929|26929|||||||||||||
1000023847||||||||||||||||||||||||||||||||||0|15478|15478||||||||||0|15616|15616|||||||||||||
1000023858||||||||||0|23588|23588||||||||||0|29873|29873||||||||||0|27894|27894||||||||||0|25986|25986||||||||||0|28526|28526|
1000023946||||||||||||||||||||||||||||||||||||||||||||||0|3923|3923|||||||||||||
1000024006||||||||||||||||||||||||||||||||||0|9225|9225|||||||||||||||||||||||||
1000024124||||||||||0|97740|97740||||||||||0|115699|115699||||||||||0|109309|109309|||||||||||||||||||||||||
1000024200||||||||||||||||||||||0|14529|14529||||||||||0|14763|14763|||||||||||||||||||||||||
1000024374||||||||||0|102|102||||||||||0|8148|8148|||||||||||||||||||||||||||||||||||||
1000026070||||||||||0|4047|4047||||||||||0|6275|6275|||||||||||||||||||||||||||||||||||||
1000023321||||||||||||||||||||||0|2621|2621||||||||||0|2621|2621|||||||||||||||||||||||||
1000020883||||||||||0|2295|2295||||||||||0|2307|2307|||||||||||||||||||||||||||||||||||||
1000025671||||||||||0|10554|10554||||||||||0|12205|12205||||||||||0|20190|20190||||||||||0|25559|25559||||||||||0|28728|28728|
1000024560||||||||||0|5192|5192||||||||||0|15106|15106||||||||||0|14290|14290||||||||||0|17876|17876|||||||||||||
1000025814||||||||||||||||||||||||||||||||||0|1642|1642||||||||||||||||||||||0|5428|5428|
1000019280|||||||0|1037854|1037854|||||||||||||0|1827987|1827987|||||||||||||||||||||||||||||||||||||
1000005335||||||||||0|1939|1939|||||||||||||||||||||||||||||||||||||||||||||||||
1000024420||||||||||||||||||||||0|8019|8019||||||||||||||||||||||0|13408|13408||||||||||0|17991|17991|
1000016540||||||||||0|3100|3100||||||||||0|3100|3100|||||||||||||||||||||||||||||||||||||
1000025696||||||||||0|11385|11385||||||||||||||||||||||0|11268|11268||||||||||0|9620|9620|||||||||||||
1000006791||||||||||||||||||||||||||||||||||||||||||||||0|11978|11978|||||||||||||
1000010924||||||||||0|1961|1961||||||||||0|3007|3007||||||||||0|3709|3709|||||||||||||||||||||||||
1000005440||||||||||0|33049|33049||||||||||0|30469|30469||||||||||0|28266|28266|||||||||||||||||||||||||
1000006721||||||||||0|2988|2988||||||||||0|5025|5025||||||||||0|6602|6602|||||||||||||||||||||||||
1000025382||||||||||0|5849|5849||||||||||0|6230|6230||||||||||0|6877|6877|||||||||||||||||||||||||
1000025337||||||||||0|471|471||||||||||0|844|844||||||||||0|1221|1221|||||||||||||||||||||||||
1000025750||||||||||0|62590|62590|||||||||||||||||||||||||||||||||||||||||||||||||
1000025586||||||||||||||||||||||0|823|823|||||||||||||||||||||||||||||||||||||
1000025663|||||||||||||||||||||||||||||||||||||||||||||||||||||||6443|3302|9745|8181|3853|12034|
1000025412||||||||||||||||||||||||||||||||||||||||||||||0|1426|1426|||||||||||||
1000005258||||||||||||||||||||||0|4609|4609|||||||||||||||||||||||||||||||||||||
1000019268||||||||||||||||||||||0|11022|11022||||||||||0|13582|13582|||||||||||||||||||||||||
1000011893||||||||||||||||||||||||||||||||||0|7265|7265|||||||||||||||||||||||||
1000025644||||||||||0|5297|5297||||||||||0|5186|5186||||||||||0|7000|7000|||||||||||||||||||||||||
1000027585||||||||||0|1954|1954||||||||||0|2007|2007||||||||||0|2647|2647|||||||||||||||||||||||||
1000027975||||||||||0|1346|1346||||||||||||||||||||||0|2784|2784||||||||||0|4394|4394||||||||||0|4732|4732|
1000028237|40932|11926|52858|832|21551|22383|1499|34298|35797|1805|48063|49868|577|15561|16138|1295|31572|32867|1730|47174|48904|2252|57796|60048|240|10779|11019|737|18170|18907|1086|28382|29468|1474|38169|39643|280|7425|7705|596|14385|14981|844|21788|22632|1593|28856|30449|184|6914|7098|688|12096|12784|906|19168|20074|1316|25078|26394|
1000027295||||||||||0|1810|1810||||||||||0|3430|3430||||||||||0|6000|6000||||||||||||||||||||||0|9100|9100|
1000025625||||||||||0|13584|13584||||||||||0|16707|16707||||||||||0|22549|22549||||||||||0|27513|27513||||||||||0|33050|33050|
1000027648||||||||||||||||||||||||||||||||||||||||||||||0|7811|7811|||||||||||||
1000027158||||||||||0|1300|1300||||||||||0|1126|1126||||||||||||||||||||||0|3262|3262|||||||||||||
1000027710||||||||||0|2976|2976||||||||||0|3589|3589||||||||||0|3512|3512|||||||||||||||||||||||||
1000028172||||||||||||||||||||||0|6870|6870|||||||||||||||||||||||||||||||||||||
1000030470|||||||||||||||||||||||||0|83|83||||||||||||||||||||||||||||||||||
1000030410|177066|1522543|1699609|359866|3262063|3621929|557368|4871358|5428726|760422|6871229|7631651|188426|1326316|1514742|325739|3065956|3391695|556342|4684227|5240569|854545|6642279|7496824|323516|1526553|1850069|565959|3254689|3820648|817560|4840509|5658069|1323815|6667249|7991064|272348|1618190|1890538|500983|3459776|3960759|821036|5058592|5879628|1185910|7132532|8318442|331736|1476429|1808165|666260|3133351|3799611|1025128|4681478|5706606|1378920|6023505|7402425|
1000029998||||||||||||||||||||||||||||||||||||||||||||||0|9882|9882|||||||||||||
1000029076||||||||||||||||||||||||||||||||||0|3313|3313|||||||||||||||||||||||||
1000025134||||||||||||||||||||||||||||||||||0|3292|3292|||||||||||||||||||||||||
1000030958||||||||||0|4800|4800|||||||||||||||||||||||||||||||||||||||||||||||||
1000004559||||||||||||||||||||||||||||||||||||||||||||||0|5704|5704|||||||||||||
1000004782||||||||||0|5329|5329||||||||||0|8885|8885||||||||||0|5065|5065|||||||||||||||||||||||||
1000005007||||||||||0|7369|7369|||||||||||||||||||||||||||||||||||||||||||||||||
1000014092||||0|10511|10511|0|3872|3872|0|8954|8954|0|4141|4141|0|9064|9064|0|13758|13758|0|18237|18237|0|4400|4400|0|10153|10153|0|11497|11497||||||||||||||||||||||||||||
1000019341||||||||||0|9249|9249||||||||||0|8646|8646||||||||||0|8505|8505|||||||||||||||||||||||||
1000020747||||||||||||||||||||||||||||||||||0|7471|7471||||||||||0|11119|11119||||||||||0|10773|10773|
1000015023||||||||||||||||||||||0|4718|4718||||||||||0|4120|4120||||||||||0|5393|5393||||||||||0|4375|4375|
1000004221||||||||||||||||||||||0|338|338|||||||||||||||||||||||||||||||||||||
1000017794||||||||||0|14081|14081||||||||||0|26647|26647||||||||||0|10130|10130||||||||||0|13444|13444||||||||||0|10526|10526|
1000028389||||||||||||||||||||||0|12422|12422||||||||||0|13825|13825||||||||||0|23457|23457||||||||||0|24224|24224|
1000009820||||||||||0|204211|204211||||||||||||||||||||||||||||||||||0|246948|246948||||||||||0|277856|277856|
1000015053||||||||||||||||||||||0|841|841|||||||||||||||||||||||||||||||||||||
1000029976||||||||||||||||||||||||||||||||||0|1814|1814|||||||||||||||||||||||||
1000008429||||||||||||||||||||||||||||||||||||||||||||||0|11732|11732||||||||||0|12304|12304|
1000030294||||||||||0|9349|9349||||||||||0|10595|10595|||||||||||||||||||||||||||||||||||||
1000011747||||||||||0|16968|16968||||||||||0|8999|8999|||||||||||||||||||||||||||||||||||||
1000029430||||||||||||||||||||||||||||||||||||||||||||||0|150|150|||||||||||||
1000025651||||||||||||||||||||||||||||||||||||||||||||||||||||||||||0|13388|13388|
1000028176||||||||||||||||||||||0|9788|9788||||||||||0|14371|14371|||||||||||||||||||||||||
1000007654||||||||||||||||||||||||||||||||||0|84857|84857||||||||||0|88483|88483||||||||||0|75459|75459|
1000007095||||||||||0|10228|10228|||||||||||||||||||||||||||||||||||||||||||||||||
1000008980||||||||||0|33247|33247||||||||||||||||||||||0|35088|35088||||||||||0|42439|42439||||||||||0|30892|30892|
1000007757||||||||||||||||||||||||||||||||||0|16687|16687|0|3664|3664|0|7395|7395|0|11007|11007||||||||||||||||
1000008582||||||||||0|4174|4174|||||||||||||||||||||||||||||||||||||||||||||||||
1000028552|||||||||||||||||||||||||||||||||||||||||||||||||||||||0|7000|7000||||
1000006997||||||||||||||||||||||||||||||||||0|9106|9106|||||||||||||||||||||||||
1000007662||||||||||||||||||||||||||||||||||||||||||||||0|19585|19585||||||||||0|26318|26318|
1000028661||||||||||||||||||||||0|3753|3753|||||||||||||||||||||||||||||||||||||
1000031731||||||||||||||||||||||0|36914|36914|||||||||||||||||||||||||||||||||||||
1000005671||||||||||0|33752|33752|||||||||||||||||||||||||||||||||||||||||||||||||
1000009772|7511|18001|25512|17994|38090|56084|26856|56935|83791|37388|73230|110618|9673|20816|30489|19929|41838|61767|30247|63592|93839|38329|81911|120240|10570|20597|31167|19320|42672|61992|28834|62331|91165|37132|78029|115161|9797|19455|29252|18095|35854|53949|25093|51357|76450|31158|62643|93801|8939|10939|19878|17368|23527|40895|24511|35215|59726|32049|46735|78784|
1000027151||||||||||||||||||||||||||||||||||0|5656|5656||||||||||0|12541|12541||||||||||0|10020|10020|
1000005628||||||||||0|1374|1374||||||||||0|1841|1841||||||||||0|2400|2400||||||||||0|2087|2087||||||||||0|2216|2216|
1000010026|45285|29760|75045|97857|63205|161062|151289|86217|237506|145828|115808|261636|40531|39235|79766|84173|73697|157870|117681|98574|216255|147482|128197|275679|32345|27943|60288|64359|54089|118448|94481|78610|173091|127276|105903|233179|28783|30798|59581|194928|669152|864080|297862|957702|1255564|412764|1244708|1657472|109685|362302|471987|218543|676310|894853|318120|1025376|1343496|421735|1414550|1836285|
1000008615||||||||||0|2390|2390||||||||||0|3164|3164||||||||||0|3570|3570|||||||||||||||||||||||||
1000010307|0|1090381|1090381|0|2274464|2274464|0|3403055|3403055|0|4662050|4662050|0|1274645|1274645|0|2662961|2662961|0|3921846|3921846|0|5367473|5367473|0|1229191|1229191|0|2576410|2576410|0|3759756|3759756|0|5061157|5061157|0|1161196|1161196|0|2445174|2445174|0|3544685|3544685|0|4843004|4843004|0|1231583|1231583|0|2490097|2490097|0|3670704|3670704|0|4873400|4873400|
1000031581||||||||||||||||||||||0|792|792||||||||||0|6946|6946||||||||||0|8237|8237|||||||||||||
1000006619||||||||||||||||||||||||||||||||||||||||||||||0|20761|20761||||||||||0|20445|20445|
1000031820|||||||||||||||||||||||||0|42046|42046|0|169108|169108|0|289122|289122|0|434494|434494|0|122126|122126|0|248444|248444|0|363149|363149|5373|532942|538315|5696|123557|129253|11988|244209|256197|17566|364184|381750|22373|593783|616156|
1000009808||||||||||||||||||||||||||||||||||0|33187|33187||||||||||0|24975|24975|||||||||||||
1000029181||||||||||||||||||||||0|3100|3100|||||||||||||||||||||||||||||||||||||
1000005154||||||||||0|813|813||||||||||0|744|744||||||||||0|1348|1348|||||||||||||||||||||||||
1000000038|7015|91919|98934|16546|189760|206306|23936|276503|300439|0|415653|415653|6263|84870|91133|13897|167845|181742|24749|249871|274620|32041|323422|355463|5417|107715|113132|1523|227720|229243|5806|339793|345599|10435|477546|487981|4330|132224|136554|8014|254425|262439|9160|388253|397413|8435|531921|540356|2171|123845|126016|2844|277967|280811|2982|380501|383483|1259|393258|394517|
1000000074|191974|51763|243737|425176|93211|518387|680973|165854|846827|979167|235515|1214682|332051|62974|395025|696734|134033|830767|1070312|207835|1278147|1409152|266135|1675287|255589|42578|298167|515191|91794|606985|762400|112386|874786|960722|193502|1154224|211656|49842|261498|475345|84542|559887|716688|130991|847679|967650|163518|1131168|252751|44629|297380|546849|87938|634787|0|1009437|1009437|0|1397233|1397233|
1000000077|7264|186568|193832|15631|378104|393735|22319|579345|601664|31002|760455|791457|7675|193671|201346|0|421941|421941|27653|596639|624292|61606|763289|824895|7083|210066|217149|16819|406967|423786|25631|600089|625720|33865|798222|832087|9133|187696|196829|18993|382017|401010|28765|569303|598068|43857|765496|809353|9493|181723|191216|18978|338961|357939|26785|494711|521496|34927|643120|678047|
1000000118|0|21858|21858|0|41670|41670|0|60320|60320|0|84374|84374|0|23622|23622|0|45617|45617|0|70335|70335|0|99236|99236|0|27877|27877|0|53042|53042|5410|70356|75766|0|105015|105015|37|26301|26338|0|52802|52802|281|77033|77314|743|105296|106039|390|25160|25550|1101|49350|50451|1428|73026|74454|1866|99117|100983|
1000000141|2567|28962|31529|4275|59617|63892|6203|89036|95239|8863|123356|132219|2346|27810|30156|4424|54589|59013|7001|84489|91490|10617|112808|123425|2592|27447|30039|6040|52601|58641|8962|77925|86887|12555|104016|116571|2380|24857|27237|5570|47695|53265|8626|69799|78425|12320|94028|106348|3326|21411|24737|6736|44224|50960|10552|65971|76523|16257|87945|104202|
1000000142|24773|105460|130233|46526|247956|294482|73106|369391|442497|102711|526201|628912|33134|148230|181364|70416|320749|391165|103567|460774|564341|131069|616868|747937|35507|126226|161733|64070|269640|333710|99305|407556|506861|130962|548271|679233|35904|130002|165906|77349|280563|357912|101701|430733|532434|133802|587374|721176|29676|129020|158696|65819|285188|351007|99104|424672|523776|133718|563208|696926|
1000000182|0|483|483|0|1078|1078|0|1657|1657|0|2218|2218|0|848|848|0|1134|1134|0|1749|1749|0|2359|2359|0|578|578|0|1236|1236|0|1873|1873|0|2518|2518|0|632|632|0|1245|1245|0|1892|1892|0|2470|2470|0|632|632|0|1245|1245||||0|2518|2518|
1000000202|0|1792478|1792478|0|3805056|3805056|0|6109313|6109313|0|9016825|9016825|0|2884257|2884257|0|6305677|6305677|0|10216439|10216439|0|14096095|14096095|0|3592033|3592033|0|7469369|7469369|0|11718393|11718393|0|16111796|16111796|0|4291445|4291445|0|8693676|8693676|0|13368954|13368954|0|17870718|17870718|0|6491862|6491862|0|12702568|12702568|0|18729457|18729457|0|25225542|25225542|
1000000226||||||||||||||||||||||||||||||||||0|27795|27795|||||||||||||||||||||||||
1000000230|3221|6426|9647|6662|12893|19555|9029|17511|26540|12177|25005|37182|3950|6261|10211|8632|13561|22193|11997|18626|30623|15370|25981|41351|3440|6875|10315|8388|15748|24136|11836|20562|32398|15393|28900|44293|4305|9096|13401|9257|23728|32985|14426|29994|44420|20333|40217|60550|5355|9567|14922|11315|17757|29072|15567|26332|41899|23644|30614|54258|
1000000236||||||||||0|19644|19644||||||||||0|27708|27708||||||||||0|29386|29386||||||||||0|40226|40226||||||||||0|95647|95647|
1000000242|0|727158|727158|0|1680604|1680604|0|2649284|2649284|0|3779129|3779129|0|1094397|1094397|0|2260275|2260275|0|3622095|3622095|0|4922009|4922009|0|752140|752140|0|1619065|1619065|0|2630846|2630846|0|3568466|3568466|0|980826|980826|0|1983512|1983512|0|2999742|2999742|0|3947552|3947552|0|971789|971789|0|1997236|1997236|0|3022927|3022927|0|4068306|4068306|
1000000258||||||||||0|78955|78955||||||||||0|102544|102544|||||||||||||||||||||||||||||||||||||
1000000289|3118721|1049626|4168347|6465164|2055213|8520377|10037383|2924881|12962264|13849304|4271158|18120462|4328389|1257947|5586336|8553116|2544233|11097349|12899400|3880823|16780223|16874197|5401886|22276083|3448987|1483311|4932298|6956709|2977967|9934676|10495697|4254632|14750329|14292369|5654028|19946397|3676976|1409148|5086124|7474416|2859720|10334136|11222997|4311317|15534314|14241797|6188579|20430376|3533059|1368752|4901811|6343191|2643813|8987004|9960610|3812452|13773062|13476614|5006391|18483005|
1000000304|707976|44324|752300|1480069|87882|1567951|2463623|142468|2606091|0|3782498|3782498|0|1278190|1278190|2730909|142178|2873087|0|4578810|4578810|5897376|229593|6126969|1698656|71952|1770608|3175717|141937|3317654|4840620|165057|5005677|6279996|300452|6580448|1540847|72425|1613272|3200373|141835|3342208|4902731|246486|5149217|6626945|368718|6995663|1789529|67328|1856857|3635919|139432|3775351|5451792|213450|5665242|7220049|334237|7554286|
1000000321|1508|39484|40992|3300|73651|76951|5274|112956|118230|7685|154458|162143|1914|37224|39138|3823|67976|71799|5811|104117|109928|7557|145144|152701|2343|32782|35125|4495|64427|68922|6868|99750|106618|10041|138307|148348|7632|44864|52496|14878|85115|99993|24797|128816|153613|22474|171243|193717|7494|45034|52528|13209|81793|95002|20551|123875|144426|0|192118|192118|
1000000412|1177|318843|320020|2078|650319|652397|0|995623|995623|4442|1328447|1332889|254|323647|323901|0|677627|677627|0|1050862|1050862|642|1410663|1411305|2337|346953|349290|523|718765|719288|0|1112302|1112302|638|1488283|1488921|238|381578|381816|511|775251|775762|759|1160388|1161147|0|1534800|1534800|0|358620|358620|486|729622|730108|0|919453|919453|0|1233240|1233240|
1000000467||||||||||0|136960|136960||||||||||0|136960|136960||||||||||0|149742|149742||||||||||0|180077|180077||||||||||0|134035|134035|
1000000539||||||||||0|50997|50997|||||||||||||||||||||||||||||||||||||||||||||||||
1000000568|0|56709|56709|2124|124969|127093|3683|185997|189680|5003|253380|258383|912|56006|56918|2071|123943|126014|3931|181854|185785|4556|241425|245981|809|54949|55758|1485|120284|121769|2407|180390|182797|3261|241115|244376|1104|61186|62290|1668|138683|140351|2895|210117|213012|4250|282555|286805|1007|72069|73076|1946|150084|152030|2693|218088|220781|4241|280521|284762|
1000000569|0|116865|116865|0|246818|246818|0|384702|384702|0|521829|521829|0|111514|111514|0|248820|248820|0|381803|381803|0|511026|511026|0|15943|15943|0|33093|33093|0|41444|41444|0|56971|56971|0|9429|9429|0|19220|19220|||||||||||||||||||
1000000590||||||||||0|12177|12177|||||||||||||||||||||||||||||||||||||||||||||||||
1000000708||||||||||0|88090|88090|||||||||||||||||||||||||||||||||||||||||||||||||
1000000807|0|31358|31358|0|70692|70692|0|111233|111233|0|152884|152884|0|40549|40549|0|99534|99534|0|150303|150303|0|201608|201608|0|54401|54401|0|112118|112118|0|166527|166527|0|218078|218078|0|40803|40803|0|84364|84364|0|117791|117791|0|146564|146564|0|25100|25100|0|54232|54232|0|79085|79085|0|106459|106459|
1000000895|2815|37233|40048|6564|80017|86581|9162|123372|132534|12805|176739|189544|4116|58130|62246|7902|120965|128867|11669|176678|188347|13708|244032|257740|3359|63452|66811|7149|128723|135872|9733|185755|195488|11981|239080|251061|2122|50901|53023|5075|103046|108121|8481|150155|158636|11094|196404|207498|2733|47869|50602|6167|98107|104274|8046|148755|156801|11445|197790|209235|
1000000937||||||||||0|11401|11401||||||||||0|11421|11421||||||||||0|20080|20080||||||||||0|23040|23040||||||||||0|35209|35209|
1000000963|0|19907|19907|0|53773|53773|0|93073|93073|0|175900|175900|0|25389|25389|0|74610|74610|0|109171|109171|0|193095|193095|0|35048|35048|0|80110|80110|0|114396|114396|0|204047|204047|0|38467|38467|0|74027|74027|0|125777|125777|0|226290|226290|0|39875|39875|0|88221|88221|0|138955|138955|0|233127|233127|
1000001005|52598|60239|112837|43723|137803|181526|0|298646|298646|0|672092|672092|0|130217|130217|0|252475|252475|0|350815|350815|0|459702|459702|0|106666|106666|0|190952|190952|0|290336|290336|0|377630|377630|0|103891|103891|0|184355|184355|0|272768|272768|0|357810|357810|0|103961|103961|0|202473|202473|0|293206|293206|0|375129|375129|
1000001044||||||||||||||||||||||0|2639|2639|||||||||||||||||||||||||||||||||||||
1000001094||||||||||0|24647|24647||||||||||0|37083|37083||||||||||0|115340|115340||||||||||0|36034|36034||||||||||0|46131|46131|
1000001244||||||||||||||||||||||||||||||||||0|200000|200000|||||||||||||||||||||||||
1000001266||||||||||0|72752|72752||||||||||0|94783|94783||||||||||||||||||||||0|85509|85509||||||||||0|98450|98450|
1000001459||||||||||||||||||||||||||||||||||||||||||||||||||||||||||0|4123|4123|
1000001541||||||||||||||||||||||0|7561|7561|||||||||||||||||||||||||||||||||||||
1000001602|||||||||||||0|11191|11191||||||||||||||||||||||||||||||||||||||||||||||
1000001673||||||||||0|330|330||||||||||0|170|170|||||||||||||||||||||||||||||||||||||
1000001701|374|4660|5034|0|11916|11916|0|18091|18091|0|26444|26444|0|6306|6306|0|13359|13359|0|19447|19447|0|15799|15799|0|3872|3872|0|154561|154561|0|278322|278322|0|410145|410145|0|78684|78684|0|212642|212642|0|331335|331335|0|448181|448181|5990|153746|159736|8267|338408|346675|6751|490451|497202|8229|762989|771218|
1000001744||||0|1320|1320|0|5983|5983|0|11440|11440|||||||||||||||||||||||||||||||||||||||||||||||||
1000001758|651|12278|12929|759|24631|25390|2342|44935|47277|4163|63740|67903|635|19491|20126|1256|39230|40486|1957|58205|60162|0|87825|87825|0|20062|20062|0|41385|41385|0|62285|62285|0|92219|92219|0|27192|27192|0|57473|57473|0|87763|87763|0|121894|121894|0|33646|33646|0|66753|66753|0|99912|99912|0|138466|138466|
1000001791||||||||||0|35692|35692|||||||||||||||||||||||||||||||||||||||||||||||||
1000001794||||||||||0|17009|17009||||||||||0|15270|15270||||||||||0|14901|14901||||||||||||||||||||||0|12727|12727|
1000001855|7891|4737|12628|15832|8623|24455|25573|12574|38147|39195|16510|55705|10094|5088|15182|19424|9047|28471|30764|13321|44085|56043|17611|73654|15558|4949|20507|28098|10357|38455|39320|16587|55907|58472|23161|81633|12370|6973|19343|23730|13745|37475|39377|17774|57151|56229|27196|83425|18358|8692|27050|31666|15364|47030|45334|23197|68531|62097|29643|91740|
1000001872|||||||3983|24084|28067||||||||||5595|25866|31461|2999|5278|8277|4171|13722|17893|5890|19858|25748|5730|26102|31832|2498|5665|8163|3346|12586|15932|0|25112|25112|0|33206|33206|1022|9946|10968|781|18978|19759|1584|27386|28970|0|33347|33347|0|7961|7961|
1000001944||||||||||0|15946|15946||||||||||||||||||||||0|19590|19590|||||||||||||||||||||||||
1000001975||||||||||0|3|3||||||||||0|2140|2140|||||||||||||||||||||||||||||||||||||
1000002167||||||||||||||||||||||||||||||||||||||||||||||||||||||||||0|90020|90020|
1000002182||||||||||0|26686|26686||||||||||0|126017|126017||||||||||0|10000|10000|||||||||||||||||||||||||
1000002337||||||||||||||||||||||||||||||||||0|59149|59149|||||||||||||||||||||||||
1000002366||||||||||0|18825|18825||||||||||0|21150|21150||||||||||0|21150|21150||||||||||||||||||||||0|20199|20199|
1000002428|0|18809500|18809500|0|34926300|34926300|0|53713000|53713000|0|74721600|74721600|0|21111400|21111400|0|40433000|40433000|0|61609800|61609800|0|83467300|83467300|0|20415900|20415900|0|404143|404143|0|61123700|61123700|0|84227800|84227800|0|21095900|21095900|0|42790300|42790300|0|64966700|64966700|0|87728200|87728200|0|22739800|22739800|0|43475000|43475000|0|65348700|65348700|0|89200900|89200900|
1000002652||||||||||0|76071|76071||||||||||||||||||||||0|90701|90701|||||||||||||||||||||||||
1000002713||||||||||||||||||||||||||||||||||||||||||||||||||||||||||0|1634|1634|
1000002728||||||||||||||||||||||0|7988|7988||||||||||0|8152|8152||||||||||||||||||||||0|6080|6080|
1000002775||||||||||0|111|111||||||||||0|3252|3252|||||||||||||||||||||||||||||||||||||
1000002828||||||||||0|26418|26418||||||||||0|22026|22026||||||||||0|11120|11120||||||||||0|17903|17903||||||||||0|13979|13979|
1000002958|0|13459|13459|0|27928|27928|0|42811|42811|0|57419|57419|0|17605|17605|0|32973|32973|0|49964|49964|0|64680|64680|0|15957|15957|0|34087|34087|0|54259|54259|0|80120|80120|0|25985|25985|0|52243|52243|0|79879|79879|0|102721|102721|0|25769|25769|0|52014|52014|0|79264|79264|0|106444|106444|
1000002980||||||||||||||||||||||0|2226|2226||||||||||0|2252|2252|||||||||||||||||||||||||
1000003087||||||||||0|61725|61725|||||||||||||||||||||||||||||||||||||||||||||||||
1000003324|13516|1822|15338|33084|5908|38992|46931|9398|56329|62321|13988|76309|13851|2049|15900|32064|4289|36353|65147|7827|72974|0|88082|88082|0|17406|17406|0|46167|46167|0|61563|61563|0|80027|80027|0|16759|16759|0|33491|33491|0|54270|54270|0|77295|77295|0|12629|12629|0|29691|29691|0|57220|57220|0|87204|87204|
1000003400||||||||||||||||||||||||||||||||||||||||||||||0|3464|3464|||||||||||||
1000003417||||||||||0|374787|374787|0|100527|100527|0|252138|252138|0|444338|444338|0|604525|604525|0|153656|153656|0|322049|322049|0|560775|560775|0|766689|766689|0|194682|194682|0|435026|435026|0|696127|696127|0|924505|924505|0|218192|218192|0|462688|462688|0|760946|760946|0|1029202|1029202|
1000003506||||||||||0|3827|3827||||||||||0|2942|2942||||||||||0|3401|3401||||||||||0|2256|2256|||||||||||||
1000003560||||||||||||||||0|92|92|||||||||||||||||||||||||||||||||||||||||||
1000003593||||||||||0|7902|7902|||||||||||||||||||||||||||||||||||||||||||||||||
1000003640|520|33683|34203|600|72615|73215|951|105038|105989|1243|148487|149730|426|47451|47877|632|104117|104749|1052|147681|148733|1344|196518|197862|634|54794|55428|741|110017|110758|1576|152761|154337|1792|201918|203710|0|35306|35306|1330|99211|100541|2274|135916|138190|4102|177692|181794|1427|42853|44280|1901|86948|88849|2433|121221|123654|3127|160285|163412|
1000003649||||||||||0|2298|2298||||||||||0|2531|2531||||||||||0|2094|2094|||||||||||||||||||||||||
1000003685||||||||||||||||||||||0|2127|2127||||||||||0|5244|5244|||||||||||||||||||||||||
1000003700||||||||||||||||||||||||||||||||||0|24771|24771|||||||||||||||||||||||||
1000003771||||||||||0|948|948||||||||||0|812|812||||||||||||||||||||||0|527|527||||||||||0|422|422|
1000004031||||||||||||||||||||||||||||||||||0|1097|1097|||||||||||||||||||||||||
1000004044||||||||||0|21564|21564||||||||||0|29863|29863||||||||||0|28093|28093|||||||||||||||||||||||||
1000004062||||||||||0|2135|2135||||||||||0|3066|3066||||||||||46|3871|3917||||||||||118|5102|5220||||||||||221|3365|3586|
1000004115||||||||||||||||||||||0|3349|3349||||||||||0|4103|4103||||||||||0|5130|5130|||||||||||||
1000004158||||||||||||||||||||||||||||||||||0|9156|9156||||||||||0|4976|4976|||||||||||||
1000004168||||||||||||||||||||||0|13271|13271||||||||||||||||||||||0|15567|15567|||||||||||||
1000004351||||||||||||||||||||||0|5012|5012||||||||||0|5015|5015|||||||||||||||||||||||||
1000004415|4321811|2378585|6700396|9733953|4840023|14573976|16286062|7561704|23847766|24525811|10929305|35455116|0|1950235|1950235|0|4046482|4046482|0|5886177|5886177|0|7753634|7753634|0|1872544|1872544|0|3127286|3127286|0|4730155|4730155|0|6519023|6519023|0|1733080|1733080|0|3222685|3222685|0|4547184|4547184|0|5957721|5957721|0|1654688|1654688|0|2833633|2833633|0|4280437|4280437|0|5940699|5940699|
1000004544||||||||||0|224625|224625||||||||||0|416710|416710|||||||||||||||||||||||||||||||||||||
1000004608|99295|207422|306717|229199|478887|708086|365565|758588|1124153|482536|1087554|1570090|209056|323756|532812|439107|730152|1169259|633398|1080858|1714256|855794|1320643|2176437|150871|292908|443779|364171|547432|911603|533357|838491|1371848|845975|947760|1793735|166832|239807|406639|335576|521252|856828|475364|807861|1283225|858192|784054|1642246|179726|190288|370014|358389|387780|746169|557128|546799|1103927|710792|741543|1452335|
1000004683||||||||||0|15211|15211||||||||||0|23998|23998||||||||||0|34320|34320|||||||||||||||||||||||||
1000004695||||||||||||||||||||||||||||||||||||||||||||||||||||||||||0|9443|9443|
1000004761||||||||||||||||||||||||||||||||||||||||||||||||||||13|24102|24115|57|31034|31091|112|48921|49033|
1000004888||||0|2087|2087|0|3304|3304|0|4624|4624|0|1492|1492|0|3026|3026|0|4616|4616|0|6299|6299|0|1661|1661|0|3519|3519|0|5290|5290|0|6907|6907|0|1599|1599|0|3135|3135|0|4534|4534|0|6048|6048|0|2017|2017|0|3797|3797|0|5599|5599|0|7481|7481|
1000005025||||||||||||||||||||||||||||||||||0|8976|8976|||||||||||||||||||||||||
1000005049||||||||||0|6663|6663||||||||||0|10159|10159|||||||||||||||||||||||||||||||||||||
1000005205||||||||||0|3691|3691|||||||||||||||||||||||||||||||||||||||||||||||||
1000005217||||||||||0|31409|31409|||||||||||||||||||||||||||||||||||||||||||||||||
1000005700||||||||||||||||||||||0|15951|15951|||||||||||||||||||||||||||||||||||||
1000005825||||||||||0|26186|26186||||||||||0|26197|26197||||||||||0|23193|23193|||||||||||||||||||||||||
1000005852||||||||||0|84625|84625||||||||||0|119556|119556|||||||||||||||||||||||||||||||||||||
1000005889||||||||||0|476|476|||||||||||||||||||||||||||||||||||||||||||||||||
1000006010||||||||||0|5962|5962|||||||||||||||||||||||||||||||||||||||||||||||||
1000006039||||||||||||||||||||||||||||||||||||||||||||||||||||||||||0|58544|58544|
1000006068||||||||||||||||||||||||||||||||||0|65540|65540||||||||||||||||||||||1504|50690|52194|
1000006071||||||||||0|9838|9838||||||||||||||||||||||||||||||||||0|561|561||||||||||0|453|453|
1000006200||||||||||0|41639|41639||||||||||||||||||||||||||||||||||||||||||||||0|63662|63662|
1000006687||||||||||||||||||||||0|10272|10272|||||||||||||||||||||||||||||||||||||
1000006825||||||||||0|28407|28407||||||||||0|33542|33542||||||||||0|11679|11679||||||||||0|11226|11226|||||||||||||
1000006842||||||||||||||||||||||0|2729|2729||||||||||0|12036|12036||||||||||0|10541|10541||||||||||0|10552|10552|
1000006996||||||||||||||||||||||||||||||||||||||||||||||0|8697|8697|||||||||||||
1000007048||||||||||0|94032|94032||||||||||0|100139|100139||||||||||0|101813|101813||||||||||0|102223|102223||||||||||0|74492|74492|
1000007060||||||||||0|145986|145986||||||||||0|167349|167349||||||||||||||||||||||||||||||||||0|246485|246485|
1000007158||||||||||0|23726|23726||||||||||0|22724|22724|||||||||||||||||||||||||||||||||||||
1000007360||||||||||0|1900|1900||||||||||0|2616|2616||||||||||0|2851|2851|||||||||||||||||||||||||
1000007385||||||||||||||||||||||||||||||||||||||||||||||||||||||||||0|12428|12428|
1000007404||||||||||3387|27692|31079||||||||||3212|38000|41212||||||||||956|46686|47642||||||||||799|44227|45026||||||||||760|43075|43835|
1000007423|494282|2259533|2753815|1124151|4171440|5295591|1847595|6263870|8111465|2309414|8708726|11018140|426438|2074279|2500717|753521|3890922|4644443|1147061|5973840|7120901|1505087|8161359|9666446|277405|2172282|2449687|565819|4061721|4627540|825492|6085030|6910522|1178474|7955393|9133867|392935|2083971|2476906|736047|3029502|3765549|1037364|4771034|5808398|1345520|6311761|7657281|141019|1495666|1636685|260473|2892545|3153018|360895|4764728|5125623|448441|6296686|6745127|
1000007433|68749|265212|333961|157320|522858|680178|239044|779433|1018477|292333|1042683|1335016|95054|330788|425842|190106|618919|809025|265301|882191|1147492|326654|1183522|1510176|64946|315940|380886|133080|597575|730655|197489|876285|1073774|257315|1134780|1392095|60711|301498|362209|131237|599928|731165|196284|857463|1053747|275624|1120987|1396611|69492|329613|399105|141947|615819|757766|213567|927371|1140938|285892|1277167|1563059|
1000007480||||||||||0|155125|155125||||||||||0|205534|205534||||||||||||||||||||||0|123775|123775|||||||||||||
1000007524||||||||||||||||||||||||||||||||||0|34956|34956||||||||||||||||||||||0|41828|41828|
1000007642||||||||||||||||||||||||||||||||||||||||||||||0|13602|13602|||||||||||||
1000008407|81215|195790|277005|175004|432900|607904|270699|656196|926895|372790|878092|1250882|106246|223445|329691|231537|476470|708007|365603|734181|1099784|476664|960335|1436999|100562|226825|327387|192263|469950|662213|275978|701392|977370|362372|914279|1276651|89997|219083|309080|183477|469981|653458|277526|724459|1001985|377043|957213|1334256|111982|224805|336787|220012|483121|703133|323450|736073|1059523|427873|945001|1372874|
1000008417||||||||||0|4512|4512||||||||||0|4788|4788|||||||||||||||||||||||||||||||||||||
1000008585||||||||||||||||||||||||||||||||||0|8675|8675|||||||||||||||||||||||||
1000008638||||||||||||||||||||||||||||||||||0|2640|2640||||||||||||||||||||||0|2540|2540|
1000008856||||||||||||||||||||||0|7025|7025|||||||||||||||||||||||||||||||||||||
1000008986|19241|5338|24579|36537|12058|48595|51417|20253|71670|74841|26602|101443|23283|7690|30973|49463|16146|65609|84864|21271|106135|125393|27242|152635|21769|4930|26699|36682|11988|48670|47816|19337|67153|58757|27448|86205|14273|8368|22641|26539|16026|42565|35667|23227|58894|44089|30053|74142|7999|6638|14637|13250|19682|32932|19024|35347|54371|26361|49187|75548|
1000009086||||||||||||||||||||||||||||||||||0|42873|42873|||||||||||||||||||||||||
1000009149||||||||||0|19063|19063|||||||||||||||||||||||||||||||||||||||||||||||||
1000009347||||||||||0|7212|7212||||||||||0|11959|11959|||||||||||||||||||||||||||||||||||||
1000009386||||||||||||||||||||||0|11013|11013||||||||||0|9898|9898|||||||||||||||||||||||||
1000009502|0|232559|232559|0|478734|478734|0|741598|741598|0|1102947|1102947|0|294132|294132|0|542415|542415|0|823613|823613|0|1160860|1160860|0|289264|289264|0|546534|546534|0|828980|828980|0|1204313|1204313|0|323244|323244|0|630821|630821|0|953517|953517|0|1353879|1353879|0|365182|365182|0|757459|757459|0|1063484|1063484|0|1502240|1502240|
1000009771||||||||||0|10845|10845||||||||||0|14303|14303||||||||||0|11147|11147||||||||||0|11608|11608||||||||||0|11111|11111|
1000009815||||||||||0|9698|9698||||||||||||||||||||||0|9558|9558|||||||||||||||||||||||||
1000009849||||||||||0|3071|3071||||||||||0|3148|3148|||||||||||||||||||||||||||||||||||||
1000010046|0|82279|82279|0|147903|147903|0|243490|243490|0|325824|325824|0|81813|81813|0|142036|142036|0|285385|285385|0|360555|360555|0|78560|78560|0|141070|141070|0|239915|239915|0|314378|314378|0|75868|75868|0|176836|176836|0|280127|280127|0|358324|358324|0|65113|65113|0|130350|130350|0|199149|199149|0|266007|266007|
1000010251||||||||||0|3220|3220||||||||||0|3200|3200||||||||||0|5339|5339|||||||||||||||||||||||||
1000010468||||||||||0|890|890|||||||||||||||||||||||||||||||||||||||||||||||||
1000010698||||||||||||||||||||||0|30453|30453|||||||||||||||||||||||||||||||||||||
1000010808||||||||||0|5981|5981||||||||||0|10797|10797||||||||||||||||||||||0|12256|12256||||||||||0|12263|12263|
1000010947||||||||||||||||||||||||||||||||||||||||||||||0|284816|284816|||||||||||||
1000010955||||||||||||||||||||||||||||0|1850|1850|||||||||||||||||||||||||||||||
1000011136||||||||||0|13737|13737|||||||||||||||||||||||||||||||||||||||||||||||||
1000011245||||||||||||||||0|3951|3951||||0|5136|5136||||||||||0|2751|2751|||||||||||||||||||||||||
1000012032||||||||||||||||||||||||||||||||||0|2200|2200|||||||||||||||||||||||||
1000012037||||||||||0|11722|11722||||||||||0|11387|11387||||||||||0|11731|11731|||||||||||||||||||||||||
1000012088||||||||||0|7993|7993|||||||||||||||||||||||||||||||||||||||||||||||||
1000012187||||||||||||||||||||||0|19464|19464||||||||||0|19921|19921||||||||||0|21095|21095||||||||||0|21941|21941|
1000012222||||||||||0|27264|27264||||||||||0|34772|34772||||||||||0|30782|30782|||||||||||||||||||||||||
1000012396||||||||||0|46538|46538||||||||||0|57895|57895||||||||||0|47268|47268||||||||||0|34475|34475||||||||||0|42604|42604|
1000012507|||||||||||||||||||||||||||||||||||||||||||||||||0|16937|16937||||||||||
1000012601||||||||||0|17319|17319||||||||||0|18793|18793||||||||||0|15041|15041||||||||||0|13269|13269||||||||||0|21130|21130|
1000012626||||||||||||||||||||||||||||||||||||||||||||||||||||||||||0|11192|11192|
1000012716||||||||||||||||||||||0|2487|2487||||0|470|470|||||||||||||||||||||||||||||||
1000012738||||||||||||||||||||||||||||||||||||||||||||||0|8199|8199||||||||||0|5276|5276|
1000012759||||||||||||||||||||||||||||||||||||||||||||||0|3204|3204||||||||||0|4325|4325|
1000012944|321|982|1303|824|1991|2815|1231|3691|4922|1853|7117|8970|1474|2201|3675|1795|5190|6985|2167|8263|10430|2465|11150|13615|220|2838|3058|592|6315|6907|1049|9475|10524|1434|13824|15258|171|2877|3048|746|5479|6225|1555|8141|9696|3013|16333|19346|1993|2192|4185|3636|6773|10409|4524|16580|21104|6245|27879|34124|
1000013453||||||||||0|2703|2703||||||||||0|4090|4090||||||||||0|4379|4379|||||||||||||||||||||||||
1000013493||||||||||0|201934|201934||||||||||0|260131|260131|||||||||||||||||||||||||||||||||||||
1000013636|1533|236|1769|2829|521|3350|4178|1149|5327|7032|1993|9025|1499|607|2106|4103|1511|5614|8343|2134|10477|13017|3260|16277|4335|891|5226|8289|1654|9943|12014|2282|14296|16995|2949|19944|5028|680|5708|10292|1480|11772|13440|2107|15547|13440|2936|16376|||||||||||||
1000013999||||||||||0|0|0||||||||||||||||||||||0|0|0|||||||||||||||||||||||||
1000014413|50278|55895|106173|0|594584|594584|0|872528|872528|0|1183708|1183708||||||||||||||||||||||||||||0|742045|742045|0|742045|742045|0|1493102|1493102||||0|790550|790550|0|1193779|1193779||||
1000014591||||||||||||||||||||||0|6621|6621||||||||||0|6621|6621|||||||||||||||||||||||||
1000014593||||||||||0|8295|8295||||||||||0|8184|8184|||||||||||||||||||||||||||||||||||||
1000014637||||||||||0|1981|1981|||||||||||||||||||||||||||||||||||||||||||||||||
1000014684||||||||||0|2496|2496||||||||||0|2496|2496|||||||||||||||||||||||||||||||||||||
1000014705||||||||||||||||||||||||||||||||||||||||||||||||||||||||||0|12366|12366|
1000014920||||||||||||||||||||||0|1853|1853||||||||||0|1853|1853|||||||||||||||||||||||||
1000015442||||||||||||||||||||||||||||||||||||||||||||||||||||||||||0|34336|34336|
1000015454||||||||||0|7233|7233||||||||||0|10129|10129||||||||||0|10617|10617||||||||||0|19788|19788||||||||||0|19734|19734|
1000015471||||||||||||||||||||||0|57771|57771||||||||||||||||||||||||||||||||||0|70381|70381|
1000015500||||||||||||||||||||||0|9813|9813|||||||||||||||||||||||||||||||||||||
1000015589||||||||||0|3563|3563||||||||||0|4485|4485||||||||||0|6513|6513||||||||||||||||||||||0|10104|10104|
1000015861||||||||||||||||||||||0|5999|5999|||||||||||||||||||||||||||||||||||||
1000015977|0|51732|51732|0|52970|52970|0|82124|82124|0|94904|94904|0|8039|8039|0|60619|60619|0|99035|99035|0|112717|112717|0|5707|5707|0|9466|9466|0|12705|12705|0|18390|18390|0|6779|6779|0|11780|11780|0|16757|16757|0|20744|20744|0|1179|1179|0|4779|4779|0|8478|8478|0|6382|6382|
1000015980|0|1793729|1793729|0|3688844|3688844|0|5717342|5717342|0|8198634|8198634|0|2112164|2112164|0|4602001|4602001|0|6864045|6864045|0|9435206|9435206|0|2363871|2363871|0|4954632|4954632|0|7392709|7392709|0|10165708|10165708|0|2452658|2452658|0|5040214|5040214|0|7218088|7218088|0|9468701|9468701|0|1813960|1813960|0|3680028|3680028|0|5087694|5087694|0|6903145|6903145|
1000016009|||||||||||||||||||||||||||||||368057|111887|479944|456562|162490|619052|86241|39644|125885|187390|81759|269149|309099|117052|426151|390617|161748|552365|112157|44613|156770|248202|86602|334804|324354|132370|456724|369694|174978|544672|
1000016063||||||||||||||||||||||||||||||||||||||||||||||0|30100|30100||||||||||0|17824|17824|
1000016284||||||||||0|2057|2057||||||||||||||||||||||0|2385|2385|||||||||||||||||||||||||
1000016468||||||||||||||||||||||0|1200|1200|||||||||||||||||||||||||||||||||||||
1000016560|0|44683|44683|0|91990|91990|0|143861|143861|0|192047|192047|0|50371|50371|0|102910|102910|0|163598|163598|0|218667|218667|0|44602|44602|0|89168|89168|0|149209|149209|0|201702|201702|0|46892|46892|0|95591|95591|0|150087|150087|0|202501|202501|0|50934|50934|0|90438|90438|0|130474|130474|0|164948|164948|
1000016707||||0|2073|2073|0|3197|3197|0|4988|4988|0|586|586|0|1956|1956|0|3111|3111|0|5071|5071|0|803|803|0|2407|2407|0|3860|3860|0|6178|6178|0|941|941|0|3839|3839|0|5581|5581|0|8734|8734|0|1216|1216|0|3760|3760|0|5975|5975|0|9091|9091|
1000016915||||||||||||||||||||||0|99281|99281|||||||||||||||||||||||||||||||||||||
1000016979||||||||||||||||||||||0|3335|3335|||||||||||||||||||||||||||||||||||||
1000017031||||||||||0|64990|64990|||||||||||||||||||||||||||||||||||||||||||||||||
1000017096||||||||||0|1753449|1753449|||||||||||||||||||||||||||||||||||||||||||||||||
1000017111||||||||||0|83739|83739||||||||||||||||||||||||||||||||||||||||||||||0|102089|102089|
1000017211||||||||||||||||||||||||||||||||||||||||||||||||||||||||||0|37002|37002|
1000017227||||||||||0|20790|20790||||||||||0|20790|20790||||||||||0|29453|29453||||||||||0|30781|30781||||||||||0|37240|37240|
1000017230||||||||||||||||||||||208|9186|9394||||||||||920|12842|13762||||||||||2060|11515|13575|||||||||||||
1000017232|0|5568|5568||||||||||0|4066|4066||||||||||0|3308|3308||||||||||0|2118|2118||||||||||||||||||||||
1000017278||||||||||0|3941|3941||||||||||||||||||||||0|3426|3426||||||||||0|2445|2445||||||||||0|2421|2421|
1000017374||||||||||0|7818|7818||||||||||||||||||||||0|11550|11550|||||||||||||||||||||||||
1000017406||||||||||0|25264|25264||||||||||0|28146|28146||||||||||0|34796|34796||||||||||0|42419|42419||||||||||0|48843|48843|
1000017633||||||||||0|165929|165929||||||||||0|155308|155308||||||||||0|163215|163215||||||||||0|151470|151470||||||||||0|152719|152719|
1000018291||||||||||0|58509|58509||||||||||0|67159|67159||||||||||0|72350|72350||||||||||0|79056|79056|||||||||||||
1000018305||||||||||0|5919|5919||||||||||0|11904|11904|||||||||||||||||||||||||||||||||||||
1000018634||||||||||||||||||||||||||||||||||||||||||||||||||||||||||0|8615|8615|
1000018649||||||||||||||||||||||||||||||||||||||||||||||||||||||||||0|13254|13254|
1000018904||||||||||0|14982|14982||||||||||0|17518|17518||||||||||0|18627|18627||||||||||0|19895|19895||||||||||0|24843|24843|
1000018955||||||||||||||||||||||||||||||||||||||||||||||0|27783|27783|||||||||||||
1000019391||||||||||0|6858|6858||||||||||0|6132|6132|||||||||||||||||||||||||||||||||||||
1000019823||||||||||||||||||||||0|76968|76968||||||||||0|76968|76968||||||||||0|80562|80562|||||||||||||
1000019888||||||||||0|9478|9478||||||||||0|8815|8815||||||||||||||||||||||0|7364|7364||||||||||0|5799|5799|
1000019900||||||||||||||||||||||0|8800|8800|||||||||||||||||||||||||||||||||||||
1000019970||||||||||0|5487|5487||||||||||||||||||||||0|4108|4108|||||||||||||||||||||||||
1000020174||||||||||0|53332|53332|||||||||||||||||||||||||||||||||||||||||||||||||
1000020190||||||||||0|222133|222133||||||||||0|243025|243025||||||||||0|271415|271415|||||||||||||||||||||||||
1000020207|0|40742|40742|0|86793|86793|0|125736|125736|0|175009|175009|0|37014|37014|0|83165|83165|0|128525|128525|0|181823|181823|0|49406|49406|0|95837|95837|0|105858|105858|0|106005|106005|||||||||||||||||||||||||
1000020289|||||||||||||||||||||||||||||||||||||||||||0|34652|34652||||||||||||||||
1000020350||||||||||||||||||||||0|335106|335106||||||||||0|147537|147537||||||||||0|231373|231373||||||||||0|378523|378523|
1000020409||||||||||0|52033|52033||||||||||0|72641|72641||||||||||||||||||||||0|99589|99589|||||||||||||
1000020440||||||||||4201|8571|12772||||||||||3546|10555|14101||||||||||4441|13132|17573||||||||||4966|11158|16124||||||||||5574|10776|16350|
1000020465||||||||||0|13683|13683||||||||||0|9655|9655||||||||||0|11395|11395||||||||||0|8485|8485|||||||||||||
1000020580||||||||||||||||||||||0|2225|2225|||||||||||||||||||||||||||||||||||||
1000021033||||||||||0|16690|16690|||||||||||||||||||||||||||||||||||||||||||||||||
1000021037||||||||||0|89959|89959||||||||||0|95287|95287|||||||||||||||||||||||||||||||||||||
1000021622||||||||||||||||||||||||||||||||||0|28440|28440||||0|10855|10855||||0|19309|19309||||0|8770|8770|||||||
1000021755||||||||||0|605|605|||||||||||||||||||||||||||||||||||||||||||||||||
1000021778||||||||||0|7066|7066||||||||||0|9098|9098||||||||||0|10240|10240||||||||||0|10253|10253||||||||||0|9685|9685|
1000022032|573|11840|12413|1017|24468|25485|1918|44120|46038|2727|52935|55662|899|9906|10805|0|0|0|753|12599|13352|2260|38275|40535|189|6947|7136|755|14450|15205|499|27225|27724|1977|31987|33964|201|6821|7022|497|13459|13956|1347|23363|24710|2041|28162|30203|551|6397|6948|932|13079|14011|1650|22130|23780|2347|28041|30388|
1000022213|||||||||||||||||||||||||0|23|23|||||||0|25|25|||||||||||||||||||||||||
1000022278||||||||||0|10347|10347||||||||||0|8914|8914||||||||||0|7037|7037||||||||||0|5610|5610||||||||||0|5242|5242|
1000022393||||||||||0|2068|2068||||||||||0|2943|2943||||||||||0|7478|7478|||||||||||||||||||||||||
1000022500||||||||||||||||||||||||||||0|1793|1793|||||||||||||||||||||||||||||||
1000022587|11072|45207|56279|20844|97435|118279|29195|153014|182209|38304|215539|253843|9317|49494|58811|21205|109816|131021|34207|171662|205869|48690|238174|286864|13063|55473|68536|26797|113801|140598|39339|166659|205998|54285|224987|279272|14654|50326|64980|29064|109308|138372|42491|169214|211705|55676|236986|292662||||0|140329|140329|31091|180627|211718|40964|246087|287051|
1000022837||||||||||||||||||||||||||||||||||||||||||||||||||||||||||0|21912|21912|
1000022942|2099|252520|254619|8358|504835|513193|9449|832606|842055|12904|1105149|1118053|3358|298083|301441|6898|645631|652529|18275|1001620|1019895|15399|1327510|1342909|6438|308312|314750|8055|715350|723405|11871|1109447|1121318|23989|1386849|1410838|3649|302112|305761|7000|624978|631978|10517|1002449|1012966|11600|1273819|1285419|3501|318977|322478|7302|702585|709887|12292|1111853|1124145|14983|1425012|1439995|
1000023057||||0|1856|1856||||0|7749|7749|0|7749|7749|0|3071|3071|0|5588|5588|0|11831|11831|0|868174|868174|0|5518|5518|0|9008|9008|0|13455|13455|0|1696|1696|0|5696|5696|0|10146|10146|0|14408|14408|0|914|914|0|8525|8525|0|12621|12621|0|17018|17018|
1000023092||||||||||0|2612|2612||||||||||0|4405|4405|||||||||||||||||||||||||||||||||||||
1000023483||||||||||||||||||||||0|32086|32086|||||||||||||||||||||||||||||||||||||
1000023656||||||||||||||||||||||||||||||||||||||||||||||0|1381|1381|||||||||||||
1000024225||||||||||0|6643|6643||||||||||0|7014|7014||||||||||0|6521|6521||||||||||0|14772|14772||||||||||0|14053|14053|
1000024486||||||||||0|2999|2999||||||||||||||||||||||0|4973|4973|||||||||||||||||||||||||
1000015309||||||||||0|117123|117123||||||||||0|87979|87979||||||||||0|114588|114588|||||||||||||||||||||||||
1000025784||||||||||||||||||||||||||||||||||0|42430|42430||||||||||0|8660|8660|||||||||||||
1000025830||||||||||0|3487|3487||||||||||||||||||||||0|676|676|||||||||||||||||||||||||
1000008695||||||||||0|2134|2134||||||||||0|1924|1924||||||||||0|4920|4920|||||||||||||||||||||||||
1000008698|||||||||||||||||||0|186|186|||||||||||||||||||||||||0|3308|3308|||||||||||||
1000018117||||||||||||||||||||||0|4444|4444|||||||||||||||||||||||||||||||||||||
1000025389||||||||||||||||||||||||||||||||||0|507|507|||||||||||||||||||||||||
1000010922||||||||||||||||||||||0|7952|7952||||||||||0|7179|7179||||||||||0|9753|9753|||||||||||||
1000008353||||||||||0|1180|1180||||||||||0|1870|1870||||||||||0|2250|2250|||||||||||||||||||||||||
1000026207||||||||||||||||||||||||||||||||||||||||||||||0|32217|32217|||||||||||||
1000026084||||||||||0|61742|61742|||||||||||||||||||||||||||||||||||||||||||||||||
1000023966||||||||||0|22571|22571|||||||||||||||||||||||||||||||||||||||||||||||||
1000027016||||||||||0|6998|6998||||||||||||||||||||||0|7055|7055|||||||||||||||||||||||||
1000025745||||||||||0|3610|3610||||||||||0|10285|10285||||||||||0|7288|7288|||||||||||||||||||||||||
1000018140||||||||||0|6863|6863|||||||||||||||||||||||||||||||||||||||||||||||||
1000025754||||||||||||||||||||||||||||||||||||||||||||||||||||0|42133|42133|||||||
1000015612||||||||||0|4700|4700||||||||||0|4700|4700||||||||||0|3178|3178|||||||||||||||||||||||||
1000013774||||||||||0|15322|15322||||||||||0|13206|13206||||||||||0|16228|16228||||||||||0|28331|28331|||||||||||||
1000023004||||||||||0|939|939|||||||||||||||||||||||||||||||||||||||||||||||||
1000005263||||||||||||||||||||||||||||||||||||||||||||||0|54741|54741||||||||||0|76361|76361|
1000026328||||||||||||||||||||||0|729|729||||||||||0|2101|2101|||||||||||||||||||||||||
1000028266||||||||||||||||||||||||||||||||||0|6886|6886||||||||||0|7922|7922||||||||||0|5075|5075|
1000022045||||||||||||||||||||||0|3500|3500|||||||||||||||||||||||||||||||||||||
1000028131||||||||||0|793|793|||||||||||||||||||||||||||||||||||||||||||||||||
1000027988||||||||||||||||||||||||||||||||||||||||||||||||||||||||||0|40166|40166|
1000027832||||||||||||||||||||||0|2341|2341||||||||||0|2341|2341|||||||||||||||||||||||||
1000024911||||||||||||||||||||||||||||||||||0|42970|42970|||||||||||||||||||||||||
1000028588||||||||||||||||||||||||||||||||||0|11529|11529||||||||||0|11775|11775||||||||||0|18306|18306|
1000027661||||||||||0|1800|1800|||||||||||||||||||||||||||||||||||||||||||||||||
1000027125||||||||||||||||||||||||||||||||||||||||||||||||||||0|11221|11221|||||||
1000026371||||||||||||||||||||||||||||||||||0|6732|6732|||||||||||||||||||||||||
1000029462||||||||||0|5360|5360||||||||||0|4718|4718||||||||||0|4854|4854|||||||||||||||||||||||||
1000000012|0|553688|553688|0|1153568|1153568|0|1802408|1802408|0|2504131|2504131|0|706255|706255|0|1421132|1421132|0|2128677|2128677|0|2849421|2849421|0|675051|675051|0|1366903|1366903|0|2058788|2058788|0|2807529|2807529|0|712161|712161|0|1446371|1446371|0|2202945|2202945|0|3015479|3015479|0|729112|729112|0|1469904|1469904|0|2269218|2269218|0|2389581|2389581|
1000029888||||||||||||||||||||||0|234933|234933||||||||||0|192765|192765||||||||||0|50723|50723||||||||||0|101433|101433|
1000029037||||||||||||||||||||||0|8579|8579||||||||||0|14412|14412||||||||||0|17249|17249|||||||||||||
1000030132||||||||||||||||||||||||||||||||||||||||||||||||||||||||||0|18943|18943|
1000028341|5270|34651|39921|20698|79087|99785|31660|130940|162600|43112|196976|240088|3578|31467|35045|15094|82293|97387|24397|125879|150276|32398|178059|210457|3926|38112|42038|8112|89401|97513|14711|159876|174587|33169|234669|267838|13802|47007|60809|29836|103621|133457|65095|152326|217421|140407|200975|341382|44374|33337|77711|101786|74777|176563|171056|108984|280040|236444|157497|393941|
1000026104||||||||||0|13428|13428|||||||||||||||||||||||||||||||||||||||||||||||||
1000029535||||||||||0|6230|6230||||||||||0|12000|12000|||||||||||||||||||||||||||||||||||||
1000027550||||||||||||||||||||||||||||||||||||||||||||||0|11311|11311|||||||||||||
1000029168||||||||||0|1045|1045||||||||||0|1821|1821|||||||||||||||||||||||||||||||||||||
1000029143||||||||||||||||||||||||||||||||||0|3208|3208|||||||||||||||||||||||||
1000028880||||||||||||||||||||||||||||||||||0|3099|3099|||||||||||||||||||||||||
1000012324||||||||||||||||||||||||||||||||||||||||||||||0|24431|24431|||||||||||||
1000018431||||||||||0|21919|21919||||||||||0|26015|26015|||||||||||||||||||||||||||||||||||||
1000031051||||||||||0|201046|201046||||||||||0|735817|735817||||||||||0|735817|735817||||||||||0|830695|830695||||||||||0|880971|880971|
1000003967||||||||||0|2423|2423||||||||||0|2218|2218||||||||||0|1922|1922||||||||||0|2167|2167||||||||||0|1710|1710|
1000013140||||||||||||||||||||||0|16351|16351|||||||||||||||||||||||||||||||||||||
1000005721||||||||||0|3645|3645||||||||||0|4049|4049||||||||||0|3664|3664||||||||||0|4695|4695|||||||||||||
1000004946||||||||||||||||||||||||||||||||||||||||||||||0|1741|1741|||||||||||||
1000004229||||||||||0|5921|5921|||||||||||||||||||||||||||||||||||||||||||||||||
1000005193||||||||||||||||||||||0|9179|9179|||||||||||||||||||||||||||||||||||||
1000004772|3155|250252|253407|8563|520701|529264|15959|789988|805947|26740|1050738|1077478|13584|249642|263226|28871|518013|546884|45629|761959|807588|66949|1010373|1077322|27919|246863|274782|55605|505679|561284|80690|750909|831599|66453|786260|852713|17752|176886|194638|35145|377830|412975|52501|581873|634374|69987|774287|844274|18512|194023|212535|35678|392637|428315|52311|591455|643766|68151|779652|847803|
1000004653||||||||||0|2845|2845|||||||||||||||||||||||||||||||||||||||||||||||||
1000005044||||||||||||||||||||||0|11176|11176||||||||||0|7852|7852||||||||||||||||||||||0|8984|8984|
1000007823||||||||||0|25216|25216||||||||||0|29156|29156||||||||||0|32353|32353||||||||||||||||||||||0|27738|27738|
1000009784||||||||||0|35047|35047|||||||||||||||||||||||||||||||||||||||||||||||||
1000031697||||||||||||||||||||||||||||||||||||||||||||||||||||||||||0|17166|17166|
1000031918|||||||||||||||||||||||||||||||0|123208|123208|0|279367|279367|0|126000|126000|0|253397|253397|0|380357|380357|0|500640|500640|0|130787|130787|0|267129|267129|0|402654|402654|0|532033|532033|
1000011612||||||||||0|2826|2826||||||||||0|6512|6512||||||||||0|8371|8371|||||||||||||||||||||||||
1000031468||||||||||||||||||||||||||||||||||0|20000|20000|||||||||||||||||||||||||
1000031263||||||||||||||||||||||||||||||||||||||||||||||||||||||||||0|114720|114720|
1000029656||||||||||||||||||||||||||||||||||||||||||||||||||||||||||0|239139|239139|
1000030305||||||||||0|22939|22939||||||||||0|1250|1250||||||||||0|7900|7900|||||||||||||||||||||||||
1000031479|||||||||||||||||||||||||0|724|724||||||||||||||||||||||||||||||||||
1000031712||||||||||||||||||||||||||||||||||0|6671|6671|||||||||||||||||||||||||
1000030758||||||||||||||||||||||||||||||||||0|3050|3050|||||||||||||||||||||||||
1000025470||||||||||||||||||||||||||||||||||||||||||||||||||||||||||0|66227|66227|
1000005918||||||||||0|109381|109381||||||||||0|123127|123127||||||||||0|148446|148446|||||||||||||||||||||||||
1000008800||||||||||0|4206|4206||||||||||0|3597|3597||||||||||0|3783|3783||||||||||0|3697|3697|||||||||||||
1000006817|853|14338|15191|1392|37570|38962|1423|60564|61987|2575|88525|91100|465|21157|21622|1925|47711|49636|2339|70670|73009|3175|94871|98046|818|22156|22974|1933|45076|47009|3351|63056|66407|3843|87588|91431|497|22473|22970|1609|46968|48577|6344|70413|76757|14736|94353|109089|6721|20506|27227|13339|42042|55381|13667|61066|74733|15405|83663|99068|
1000007093||||||||||||||||||||||0|2850|2850||||||||||0|2300|2300|||||||||||||||||||||||||
1000006912||||||||||||||||||||||||||||||||||0|12884|12884||||||||||0|13139|13139|||||||||||||
1000009630||||||||||||||||||||||0|13792|13792|||||||||||||||||||||||||||||||||||||
1000010228||||||||||0|5448|5448||||||||||||||||||||||||||||||||||||||||||||||0|10039|10039|
1000007010||||||||||0|19907|19907||||||||||||||||||||||0|24218|24218|||||||||||||||||||||||||
1000010786||||||||||||||||||||||0|11855|11855||||||||||0|20637|20637||||||||||0|48052|48052|||||||||||||
1000029668||||||||||||||||||||||||||||0|5492|5492|||||||||||||||||||||||||||||||
1000027427||||||||||||||||||||||||||||||||||0|8500|8500|||||||||||||||||||||||||
1000010830|0|3630|3630|0|7770|7770|0|12368|12368|0|21685|21685|0|3859|3859|0|9975|9975|0|14729|14729|0|24600|24600|0|4223|4223|0|9614|9614|0|14367|14367|0|24616|24616|0|4212|4212|0|9876|9876|0|14901|14901|0|24225|24225|0|3827|3827|0|9068|9068|0|14545|14545|0|26615|26615|
1000010150|6432|3931|10363|11674|6401|18075|17115|9730|26845|22474|13396|35870|4863|3827|8690|8594|7362|15956|14004|10852|24856|21207|15097|36304|9082|4434|13516|18385|8719|27104|17880|20339|38219|30316|18424|48740|5511|6247|11758|11048|10858|21906|18188|16872|35060|25625|22023|47648|7197|5789|12986|12868|10430|23298|19820|15545|35365|27013|20834|47847|
1000010396||||||||||0|1119|1119|||||||||||||||||||||||||||||||||||||||||||||||||
1000024479||||||||||||||||||||||||||||||||||||||||||||||||||||||||||0|22022|22022|
1000004958||||||||||0|196|196||||||||||||||||||||||0|802|802||||||||||0|1745|1745||||||||||0|1874|1874|
1000030185||||||||||||||||||||||||||||||||||||||||||||||0|1131|1131|||||||||||||
1000013074||||||||||||||||||||||||||||||||||||||||||||||1303|35158|36461|214|7949|8163|393|16140|16533|666|25246|25912|949|34678|35627|
1000009596||||||||||||||||||||||0|59371|59371||||||||||0|78851|78851||||||||||||||||||||||0|84231|84231|
1000032127||||||||||0|1102|1102||||||||||0|2259|2259||||||||||0|2112|2112|||||||||||||||||||||||||
1000000044||||||||||0|254029|254029|||||||||||||||||||||||||||||||||||||||||||||||||
1000000054|0|8011706|8011706|0|16347904|16347904|0|25200577|25200577|0|34484026|34484026|0|9117965|9117965|0|19427458|19427458|0|30318959|30318959|0|40924880|40924880|0|9777444|9777444|0|20067773|20067773|0|30686800|30686800|0|41352688|41352688|0|10435840|10435840|0|21118777|21118777|0|31963928|31963928|0|43646656|43646656|0|10600440|10600440|0|21719468|21719468|0|33147967|33147967|0|45018829|45018829|
1000000103|0|25790|25790|0|47034|47034|0|75027|75027|0|122382|122382|0|44096|44096|0|95511|95511|0|150535|150535|0|220541|220541|||||||||||||||||||||||||||||||||||||
1000000125|0|114009|114009|0|257565|257565|0|396870|396870|0|577394|577394|0|110216|110216|72778|181886|254664|122682|264455|387137|164351|391472|555823|28340|91270|119610|60429|200486|260915|89917|299771|389688|116635|458355|574990|34207|89774|123981|64985|210515|275500|91640|314625|406265|132630|450159|582789|29612|127897|157509|52944|271439|324383|93283|411818|505101|128607|569869|698476|
1000000132|10816|338945|349761|21349|783346|804695|27904|1228277|1256181|30045|1737003|1767048|1837|384901|386738|4143|913526|917669|6054|1399305|1405359|6874|1958737|1965611|725|563331|564056|4329|1207586|1211915|5704|1736584|1742288|6687|2356371|2363058|264|513175|513439|632|1126808|1127440|1352|1618120|1619472|28232|2220509|2248741|25707|384786|410493|59918|893696|953614|50822|1407839|1458661|140624|1789865|1930489|
1000000184|0|59677|59677|0|125133|125133|0|185461|185461|0|219341|219341|0|69550|69550|0|149578|149578|0|235042|235042|0|324016|324016|0|84256|84256|0|173181|173181|0|267489|267489|0|349821|349821|0|88938|88938|0|183896|183896|0|278281|278281|0|375364|375364|0|88707|88707|0|185095|185095|0|283220|283220|0|393153|393153|
1000000191|2152127|2133722|4285849|6381984|3098556|9480540|9831798|4830276|14662074|13641917|6964701|20606618|5279947|1962658|7242605|10859881|5183559|16043440|17329100|8997396|26326496|22356493|12598547|34955040|5096364|2302309|7398673|9633995|4737190|14371185|11915906|8278765|20194671|18200751|9907079|28107830|6404939|1473831|7878770|11827642|3895180|15722822|18061238|5251391|23312629|0|30468551|30468551|6214372|910364|7124736|11446380|2219988|13666368|17889206|3105646|20994852|18991082|9033842|28024924|
1000000209|48057|88773|136830|90894|175655|266549|141080|268436|409516|215290|375104|590394|43359|95658|139017|126120|191177|317297|186985|302676|489661|236836|424151|660987|30384|99798|130182|97820|208717|306537|148886|316128|465014|244068|388172|632240|55183|89522|144705|107585|199734|307319|167836|312765|480601|219492|415709|635201|46773|108267|155040|107185|224299|331484|157986|358970|516956|212341|493869|706210|
1000000252||||||||||0|233863|233863||||||||||0|310182|310182||||||||||0|308635|308635||||||||||0|252859|252859||||||||||0|275181|275181|
1000000301||||||||||||||||||||||||||||||||||||||||||||||0|18450|18450||||||||||0|20153|20153|
1000000307|536|309691|310227|2184|643322|645506|3511|959547|963058|4398|1604043|1608441|1113|588786|589899|2292|1162784|1165076|3699|1751909|1755608|19631|2258812|2278443|9217|533379|542596|14307|1082590|1096897|17979|1520474|1538453|22506|2006934|2029440|22349|390788|413137|56454|766278|822732|77982|1137320|1215302|100385|1414188|1514573|25544|273601|299145|49481|584825|634306|47397|857941|905338|76236|1158120|1234356|
1000000346||||0|17533|17533||||1499|34995|36494||||5348|18763|24111||||9716|38009|47725||||821|15240|16061||||1684|25933|27617||||921|10735|11656||||3947|20636|24583||||||||||2662|11892|14554|
1000000357|0|35158|35158|0|74100|74100|0|113664|113664|0|163687|163687|0|42525|42525|0|97195|97195|0|141543|141543|0|195140|195140|0|56470|56470|0|124916|124916|0|197433|197433|18773|313154|331927|2070|58563|60633|5821|122543|128364|9879|184153|194032|14838|245541|260379|7109|48847|55956|12294|105342|117636|17564|164298|181862|24785|272667|297452|
1000000424||||||||||0|544163|544163||||||||||0|434791|434791||||||||||0|449436|449436||||||||||0|777470|777470|||||||||||||
1000000480||||||||||0|5814673|5814673|0|1388010|1388010|0|2913197|2913197|0|4357807|4357807|0|6179946|6179946|0|1538432|1538432|0|3132776|3132776|0|4659200|4659200|0|6552912|6552912|0|1602532|1602532|0|3263251|3263251|0|4810567|4810567|0|6787105|6787105|0|1666930|1666930|0|3387000|3387000|0|4944362|4944362|0|6823473|6823473|
1000000492|983|579633|580616|2935|1212762|1215697|5456|1871748|1877204|7627|2511269|2518896|1747|648844|650591|6293|1350199|1356492|8665|2102201|2110866|12022|2826282|2838304|2331|727708|730039|39233|1446192|1485425|7142|2224340|2231482|10821|2982648|2993469|1435|765178|766613|3644|1558698|1562342|5319|2390680|2395999|9618|3204081|3213699|1930|791562|793492|5687|1626917|1632604|6462|2514536|2520998|11558|3368631|3380189|
1000000535||||||||||||||||||||||0|406248|406248||||||||||||||||||||||0|490450|490450|||||||||||||
1000000553|0|1444158|1444158|0|2850326|2850326|0|4660141|4660141|0|6494513|6494513|0|2366762|2366762|0|4273355|4273355|0|6114854|6114854|0|8066169|8066169|0|2149849|2149849|0|3643916|3643916|0|5364063|5364063|0|6992257|6992257|0|1725906|1725906|0|3377340|3377340|0|5111159|5111159|0|0|0|0|1827031|1827031|0|3707380|3707380||||0|7676319|7676319|
1000000609||||||||||0|148094|148094||||||||||0|195556|195556||||||||||0|229846|229846||||||||||0|296409|296409||||||||||0|173989|173989|
1000000613||||||||||0|40956|40956|||||||||||||||||||||||||||||||||||||||||||||||||
1000000633||||||||||||||||||||||||||||||||||0|16653|16653||||||||||0|19625|19625|||||||||||||
1000000656||||||||||||||||||||||0|21886|21886|||||||||||||||||||||||||||||||||||||
1000000715||||0|503|503||||0|2375|2375||||0|129|129||||0|3255|3255|||||||||||||||||||||||||||||||||||||
1000000811||||||||||0|25735|25735|||||||||||||||||||||||||||||||||||||||||||||||||
1000000894||||||||||0|5472|5472|||||||||||||||||||||||||||||||||||||||||||||||||
1000000911||||||||||0|19134|19134||||||||||0|19134|19134||||||||||0|16691|16691||||||||||0|13667|13667|||||||||||||
1000000915|0|98356|98356|0|199470|199470|0|100484|100484|0|136701|136701|0|40754|40754|0|84458|84458|0|122611|122611|0|154213|154213|0|39615|39615|0|87411|87411|0|129417|129417|0|168615|168615|0|43402|43402|0|90799|90799|0|159163|159163|0|215816|215816|0|66661|66661|0|129688|129688|0|198991|198991|0|264515|264515|
1000001098||||||||||||||||||||||||||||||||||0|200829|200829|||||||||||||||||||||||||
1000001360|61877|13700|75577|78140|23561|101701|108803|41433|150236|142995|59599|202594|30497|16405|46902|54888|29737|84625|77817|45223|123040|100557|60768|161325|44899|12395|57294|86459|26397|112856|164931|45693|210624|264172|59265|323437|106893|20168|127061|157011|37092|194103|170782|54287|225069|201652|71587|273239|29250|18799|48049|64290|39844|104134|83379|59852|143231|104590|81063|185653|
1000001361||||||||||0|56399|56399||||||||||0|69890|69890||||||||||0|63597|63597||||||||||0|71617|71617||||||||||0|59557|59557|
1000001447||||||||||||||||||||||||||||||||||0|16167|16167||||||||||0|22473|22473|||||||||||||
1000001479||||||||||0|2529|2529|||||||||||||||||||||||||||||||||||||||||||||||||
1000001480||||||||||0|71722|71722||||||||||0|73911|73911|||||||||||||||||||||||||||||||||||||
1000001495|0|10951|10951|0|24267|24267|0|31442|31442|0|61910|61910|0|13419|13419|0|20305|20305|0|41467|41467|0|54960|54960|0|7022|7022|0|19559|19559|0|32871|32871|0|43394|43394|0|4956|4956|0|13807|13807|0|22009|22009|0|36141|36141|0|3994|3994|0|11054|11054|0|15474|15474|0|24840|24840|
1000001538|499|3593|4092|6547|9817|16364|10112|17248|27360|10523|19882|30405|196|1880|2076|717|3057|3774|2559|10718|13277|4074|21246|25320|2682|21299|23981|34438|33285|67723|47363|48743|96106|62966|60844|123810|11087|1976|13063|16078|9012|25090|20025|11690|31715|20873|13815|34688|309|9760|10069|681|16237|16918|944|20285|21229|1277|33902|35179|
1000001617||||||||||0|16872|16872|||||||||||||||||||||||||||||||0|16859|16859|0|22154|22154||||||||||0|24482|24482|
1000001666||||||||||0|26375|26375||||||||||0|26957|26957||||||||||0|21986|21986||||||||||9770|16995|26765||||||||||3416|15366|18782|
1000001723||||||||||0|796|796||||||||||0|675|675||||||||||0|530|530|||||||||||||||||||||||||
1000001902|18612|57431|76043|43020|101919|144939|76988|131295|208283|180105|154877|334982|69114|61920|131034|114549|125449|239998|155123|193161|348284|213649|249842|463491|43529|50373|93902|72999|180184|253183|189796|298929|488725|212119|393132|605251|80004|81295|161299|180195|152493|332688|380416|166633|547049|518143|193727|711870|62463|79370|141833|118994|139658|258652|234770|187532|422302|384592|229448|614040|
1000001915|0|11883|11883|0|25575|25575|0|43178|43178|0|85732|85732|0|11116|11116|0|28992|28992|0|51374|51374|0|89638|89638|0|10968|10968|0|27650|27650|0|40944|40944|0|83354|83354|0|5669|5669|0|13361|13361|0|23812|23812|0|46836|46836||||0|22990|22990|0|36237|36237|0|62599|62599|
1000001953||||||||||0|2092|2092||||||||||0|2356|2356||||||||||0|2092|2092||||||||||||||||||||||0|5364|5364|
1000002009|2019|8591|10610|4769|16453|21222|7860|23527|31387|11133|33495|44628|3291|8627|11918|8279|17960|26239|13737|26442|40179|19798|36324|56122|5736|10689|16425|11719|20543|32262|18985|30269|49254|28675|41158|69833|4747|10401|15148|10811|20149|30960|16299|29192|45491|24736|40016|64752|6725|11278|18003|13240|22795|36035|21664|33736|55400|30872|45608|76480|
1000002058|0|19256|19256||||||||||0|23992|23992||||||||||0|20082|20082||||||||||0|26241|26241||||||||||0|20082|20082||||||||||
1000002156||||||||||||||||||||||||||||||||||||||||||||||0|69601|69601|||||||||||||
1000002202||||||||||0|32194|32194||||||||||0|32194|32194||||||||||0|51385|51385||||||||||0|72453|72453||||||||||0|16045|16045|
1000002259||||||||||0|62658|62658||||||||||0|69259|69259||||||||||0|63052|63052||||||||||||||||||||||0|58565|58565|
1000002359|0|205725|205725||||||||||0|201436|201436||||||||||0|230855|230855||||||||||0|244163|244163||||||||||0|263262|263262||||||||||
1000002432||||||||||0|1709|1709|||||||||||||||||||||||||||||||||||||||||||||||||
1000002455||||||||||||||||||||||0|32804|32804||||||||||0|36435|36435|||||||||||||||||||||||||
1000002477||||||||||0|23427|23427|||||||||||||||||||||||||||||||||||||||||||||||||
1000002526||||||||||0|16672|16672||||||||||0|25577|25577||||||||||0|23075|23075||||||||||0|24989|24989||||||||||0|29255|29255|
1000002662||||||||||||||||||||||0|13130|13130||||||||||0|11625|11625|||||||||||||||||||||||||
1000002681||||||||||||||||||||||||||||||||||0|3116|3116|||||||||||||||||||||||||
1000002806||||||||||||||||||||||0|5057|5057||||||||||0|5057|5057||||||||||0|6929|6929|||||||||||||
1000002812||||||||||||||||||||||||||||||||||||||||||||||0|76309|76309|||||||||||||
1000003017||||||||||0|646|646||||||||||0|549|549|||||||||||||||||||||||||||||||||||||
1000003037||||||||||0|5076|5076||||||||||0|3217|3217|||||||||||||||||||||||||||||||||||||
1000003154||||||||||||||||||||||||||||||||||||||||||||||0|7108|7108|||||||||||||
1000003176||||||||||0|30416|30416||||||||||||||||||||||0|20623|20623||||||||||0|19604|19604||||||||||0|15111|15111|
1000003196||||||||||0|7292|7292||||||||||0|16058|16058||||||||||0|10691|10691||||||||||0|18196|18196||||||||||0|20009|20009|
1000003280||||||||||||||||||||||0|57818|57818|||||||||||||||||||||||||||||||||||||
1000003388||||||||||0|145547|145547|||||||||||||||||||||||||||||||||||||||||||||||||
1000003503|0|9239757|9239757|0|20359369|20359369|0|32659908|32659908|0|46842929|46842929|0|16261508|16261508|0|36166818|36166818|0|58920178|58920178|0|78056939|78056939|0|19142879|19142879|0|37870126|37870126|0|57759185|57759185|0|77288486|77288486|0|18855139|18855139|0|37654253|37654253|0|55311298|55311298|0|74716970|74716970|0|21146552|21146552|0|40453178|40453178|0|60986398|60986398|0|80296054|80296054|
1000003540||||||||||||||||||||||||||||||||||||||||||||||||||||||||||0|52382|52382|
1000003633||||||||||0|92407|92407||||||||||0|253757|253757||||||||||0|119838|119838|||||||||||||||||||||||||
1000003641||||||||||0|93791|93791||||||||||0|112285|112285||||||||||0|99201|99201||||||||||0|125748|125748||||||||||0|74560|74560|
1000003833||||||||||||||||||||||||||||||||||0|24673|24673|||||||||||||||||||||||||
1000003857||||||||||||||||||||||||||||||||||0|5869|5869|||||||||||||||||||||||||
1000003917||||||||||||||||||||||||||||||||||||||||||||||||||||||||||0|12545|12545|
1000003939||||||||||0|33012|33012||||||||||0|22298|22298||||||||||0|11693|11693||||||||||0|16297|16297||||||||||0|7786|7786|
1000003951||||||||||0|8002|8002||||||||||0|7301|7301||||||||||0|8807|8807|||||||||||||||||||||||||
1000004176||||||||||0|2847|2847|||||||||||||||||||||||||||||||||||||||||||||||||
1000004198||||||||||||||||||||||||||||||||||||||||||||||32628|513159|545787|7015|125785|132800|13744|253637|267381|19906|376998|396904|26489|488101|514590|
1000004200|1767078|3386098|5153176|4016108|7338465|11354573|6904047|11644246|18548293|0|27|27|4734615|5657351|10391966|11632845|12338027|23970872|19665951|18982616|38648567|0|50|50|5481161|5453018|10934179|10132214|10572055|20704269|15740232|16146569|31886801|21902102|21723363|43625465|5939791|5471023|11410814|11563915|10946978|22510893|17066290|16007281|33073571|22199635|21219804|43419439|5185426|4988555|10173981|9851629|9634949|19486578|15385389|14520647|29906036|19992629|19295445|39288074|
1000004430||||||||||||||||||||||||||||||||||||||||254|2584|2838|716|3815|4531|898|5678|6576|103|1823|1926|232|3345|3577|417|4916|5333|611|6577|7188|
1000004715|36574|104345|140919|71674|216765|288439|101800|338504|440304|145145|448084|593229|40187|116071|156258|77700|241862|319562|124357|356872|481229|165576|469816|635392|24376|122739|147115|64883|251436|316319|95972|386947|482919|139437|524543|663980|26822|128544|155366|65599|262149|327748|111678|407567|519245|151075|546792|697867|42343|139744|182087|82016|294068|376084|117753|474256|592009|170083|638707|808790|
1000004910||||||||||||||||||||||||||||||||||||||||||||||||||||||||||0|1100|1100|
1000005041||||||||||0|15497|15497||||||||||0|15966|15966||||||||||0|16884|16884|||||||||||||||||||||||||
1000005228|261|8801|9062|731|13656|14387|717|23199|23916|1061|30177|31238|316|12917|13233|549|25777|26326|838|35425|36263|1098|45819|46917|164|7942|8106|386|15481|15867|547|20293|20840|770|37846|38616|417|9740|10157|763|21241|22004|1182|30050|31232|1569|41631|43200|322|7990|8312|582|14818|15400|1314|23840|25154|1430|36157|37587|
1000005287|4963|2573|7536|9332|6830|16162|13900|10835|24735|19282|13603|32885|5439|3802|9241|10893|8868|19761|15226|12437|27663|19609|15122|34731|5940|3705|9645|11589|6781|18370|15201|10153|25354|18204|12907|31111|4370|2239|6609|10846|4816|15662|16147|7592|23739|21387|10162|31549|4895|2579|7474|10783|5777|16560|17932|8633|26565|23096|12542|35638|
1000005647||||||||||||||||||||||0|174419|174419||||||||||||||||||||||||||||||||||0|339335|339335|
1000005775||||||||||0|8457|8457||||||||||0|9510|9510|||||||||||||||||||||||||||||||||||||
1000005964||||||||||||||||||||||||||||||||||||||||||||||||||||||||||0|148776|148776|
1000005971||||||||||0|1735288|1735288||||||||||||||||||||||||||||||||||||||||||||||0|2784771|2784771|
1000005978||||||||||||||||||||||0|58226|58226||||||||||0|108421|108421||||||||||0|90430|90430||||||||||0|105651|105651|
1000005981||||||||||0|223474|223474||||||||||0|281157|281157||||||||||||||||||||||||||||||||||0|249921|249921|
1000005996||||||||||0|129344|129344||||||||||0|213412|213412||||||||||0|340134|340134||||||||||0|317740|317740|||||||||||||
1000006074||||||||||||||||||||||||||||||||||||||||||||||0|91291|91291|||||||||||||
1000006305||||||||||||||||||||||||||||||||||||||||||||||0|3464|3464|||||||||||||
1000006452|0|21275|21275|0|61945|61945|0|93195|93195|0|70102|70102|0|7168|7168|0|30573|30573|0|54760|54760|0|89858|89858|0|10339|10339|0|35027|35027|0|54709|54709|0|80921|80921|0|15302|15302|0|48658|48658|0|77744|77744|0|118940|118940|0|14273|14273|0|49411|49411|0|71394|71394|0|102247|102247|
1000006612||||||||||0|14891|14891|||||||||||||||||||||||||||||||||||||||||||||||||
1000006668||||||||||0|140|140|||||||||||||||||||||||||||||||||||||||||||||||||
1000006858||||||||||||||||||||||0|11321|11321||||||||||0|16469|16469||||||||||0|11552|11552|||||||||||||
1000006938||||||||||||||||||||||||||||||||||0|14269|14269||||||||||0|11946|11946|||||||||||||
1000007138||||||||||0|25353|25353||||||||||0|21371|21371||||||||||||||||||||||0|17181|17181||||||||||0|14818|14818|
1000007171||||||||||0|6029|6029||||||||||0|5499|5499||||||||||0|5563|5563|||||||||||||||||||||||||
1000007233||||||||||||||||||||||0|1172|1172||||||||||0|1172|1172|||||||||||||||||||||||||
1000007305||||||||||0|12144|12144|||||||||||||||||||||||||||||||||||||||||||||||||
1000007571|0|3146|3146||||||||||||||||||||||||||||||||||||||||||||||||||||||||||
1000007632|0|10625|10625|0|25110|25110|0|32163|32163|0|45639|45639|0|13691|13691|0|28126|28126|0|36552|36552|0|50704|50704|0|12697|12697|0|24503|24503|0|35547|35547|0|55112|55112|0|13074|13074|0|24622|24622|0|42954|42954|0|56831|56831|0|10538|10538|0|24518|24518|0|42435|42435|0|59631|59631|
1000007684||||||||||||||||||||||||||||||||||0|6463|6463|||||||||||||||||||||||||
1000007743||||||||||0|3737|3737||||||||||||||||||||||0|4219|4219|||||||||||||||||||||||||
1000007787|||||||||||||0|1690|1690|||||||0|6244|6244||||||||||0|6207|6207||||||||||0|6297|6297|||||||||||||
1000007798||||||||||||||||||||||||||||||||||||||||||||||0|32455|32455|||||||||||||
1000007996||||||||||0|86891|86891||||||||||0|96332|96332||||||||||||||||||||||0|105219|105219|||||||||||||
1000008009||||||||||||||||||||||||||||||||||||||||||||||||||||||||||0|88498|88498|
1000008050|0|725197|725197|0|1648633|1648633|0|2533435|2533435|0|3509498|3509498|0|1050922|1050922|0|2211701|2211701|0|3239974|3239974|0|4372983|4372983|0|1044890|1044890|0|2080801|2080801|0|3011588|3011588|1821279|2525292|4346571|0|963531|963531|980785|711816|1692601|1639841|1904998|3544839|0|4554411|4554411|0|1155945|1155945|0|2449908|2449908|0|3624069|3624069|0|5048580|5048580|
1000008199||||||||||0|219|219||||||||||0|280|280||||||||||0|370|370||||||||||||||||||||||0|522|522|
1000008200||||||||||0|6494|6494|||||||||||||||||||||||||||||||||||||||||||||||||
1000008287||||||||||0|12435|12435||||||||||0|15168|15168||||||||||0|20592|20592||||||||||0|14183|14183|||||||||||||
1000008392|0|671259|671259|0|1339959|1339959|0|2046736|2046736|0|2739037|2739037|0|742449|742449|0|1531711|1531711|0|2353266|2353266|0|3183314|3183314|0|856785|856785|0|1710992|1710992|0|2619699|2619699|0|3454549|3454549|0|883576|883576|0|1742790|1742790|0|2646920|2646920|0|3539121|3539121|0|920765|920765|0|1822767|1822767|0|2778305|2778305|0|3674545|3674545|
1000008547||||||||||0|7459|7459||||||||||||||||||||||0|8336|8336|||||||||||||||||||||||||
1000008661||||||||||||||||||||||0|3720|3720||||||||||0|3915|3915|||||||||||||||||||||||||
1000008720||||||||||||||||||||||||||||||||||0|7042|7042|||||||||||||||||||||||||
1000009501|0|29142|29142|0|59917|59917|0|88860|88860|0|120614|120614|0|28181|28181|0|56692|56692|0|82187|82187|0|105453|105453|0|19121|19121|0|44657|44657|0|67496|67496|0|87994|87994|0|21670|21670|0|46003|46003|0|70732|70732|0|92375|92375|0|21323|21323|0|46144|46144|0|72055|72055|0|97113|97113|
1000009527|16325|95778|112103|36528|199074|235602|60407|311940|372347|82346|434425|516771|23787|137590|161377|50646|315002|365648|76510|486724|563234|101112|632272|733384|31912|134895|166807|60885|272125|333010|77092|422537|499629|95326|560701|656027|19794|136991|156785|41519|296838|338357|62272|453418|515690|82883|592809|675692|22694|146568|169262|74713|304267|378980|125459|451922|577381|172462|604634|777096|
1000009837||||||||||||||||||||||||||||||||||||||||||||||||||||||||||0|1420418|1420418|
1000010088||||||||||0|10848|10848||||||||||0|11881|11881||||||||||0|12515|12515||||||||||0|10752|10752||||||||||0|9881|9881|
1000010267||||||||||||||||||||||||||||||||||||||||||||||||||||||||||0|27598|27598|
1000010443||||||||||0|8545|8545||||||||||0|11600|11600||||||||||0|13139|13139|||||||||||||||||||||||||
1000010800|0|234283|234283|0|467495|467495|0|819550|819550|0|1153250|1153250|0|368696|368696|0|810123|810123|0|1277509|1277509|0|1694544|1694544|0|579592|579592|0|1103074|1103074|0|1632176|1632176|0|1951088|1951088|0|384845|384845|0|778777|778777|0|1250985|1250985|0|1594442|1594442|0|397394|397394|0|799971|799971|0|1272573|1272573|0|1700246|1700246|
1000011102||||||||||0|7287|7287||||||||||0|6188|6188||||||||||0|5409|5409||||||||||0|8514|8514||||||||||0|8783|8783|
1000011197||||||||||||||||||||||||||||||||||0|29986|29986||||||||||0|29817|29817|||||||||||||
1000011202||||||||||||||||||||||||||||||||||0|6578|6578|||||||||||||||||||||||||
1000011371||||||||||0|210|210||||||||||0|4356|4356||||||||||0|4546|4546|||||||||||||||||||||||||
1000011446||||||||||0|4785|4785||||||||||0|4048|4048||||||||||0|4322|4322|||||||||||||||||||||||||
1000011816||||||||||0|86077|86077||||||||||0|94150|94150|||||||||||||||||||||||||||||||||||||
1000012133||||||||||||||||||||||||||||||||||0|5903|5903||||||||||0|6360|6360|||||||||||||
1000012157|99|88617|88716|199|181113|181312|368|273887|274255|0|363566|363566|0|90190|90190|0|195748|195748|16|303528|303544|0|402390|402390|0|91137|91137|0|196567|196567|0|301083|301083|0|399001|399001|0|99420|99420|0|187728|187728|54|292292|292346|0|382879|382879|0|91106|91106|60|196638|196698|60|305149|305209|0|405435|405435|
1000012415||||||||||0|24836|24836|||||||||||||||||||||||||||||||||||||||||||||||||
1000012432||||||||||0|2197|2197||||||||||0|3682|3682||||||||||0|6018|6018||||||||||0|6495|6495||||||||||0|5959|5959|
1000012435||||||||||||||||||||||||||||||||||0|2498|2498|||||||||||||||||||||||||
1000012577||||||||||0|9280|9280||||||||||0|12063|12063||||||||||||||||||||||0|12760|12760||||||||||0|14332|14332|
1000012608||||||||||0|7451|7451||||||||||0|9661|9661|||||||||||||||||||||||||||||||||||||
1000012615||||||||||0|2147|2147|||||||||||||||||||||||||||||||||||||||||||||||||
1000012620||||||||||0|8017|8017||||||||||0|9508|9508||||||||||0|9873|9873||||||||||0|13668|13668|||||||||||||
1000012706||||||||||0|4877|4877|||||||||||||||||||||||||||||||||||||||||||||||||
1000012774||||||||||0|9787|9787|||||||||||||||||||||||||||||||||||||||||||||||||
1000012807||||||||||0|20861|20861||||||||||0|19735|19735|||||||||||||||||||||||||||||||||||||
1000012880||||||||||0|5524|5524||||||||||0|5759|5759||||||||||0|8616|8616||||||||||0|5430|5430|||||||||||||
1000013073||||||||||||||||||||||||||||||||||||||||||||||0|8032|8032||||||||||0|7287|7287|
1000013454||||||||||0|25202|25202||||||||||0|27555|27555||||||||||0|26535|26535|||||||||||||||||||||||||
1000013553|9698|129149|138847|19841|244489|264330|32183|384187|416370|48020|519683|567703|13646|133106|146752|25982|263168|289150|38828|397152|435980|52697|537569|590266|13874|137767|151641|26741|278899|305640|38250|421924|460174|50537|574329|624866|11976|144599|156575|24204|290759|314963|36844|432976|469820|50342|578854|629196|12697|146269|158966|26048|296643|322691|39641|443447|483088|53631|587756|641387|
1000013558||||||||||0|9034|9034||||||||||0|10214|10214||||||||||0|10511|10511|||||||||||||||||||||||||
1000013677||||||||||0|2323|2323|||||||||||||||||||||||||||||||||||||||||||||||||
1000013715||||||||||||||||||||||0|13604|13604||||||||||0|11348|11348||||||||||0|13384|13384|||||||||||||
1000013738||||||||||||||||||||||0|2290|2290||||||||||0|1114|1114|||||||||||||||||||||||||
1000013797||||||||||0|62595|62595||||||||||0|72874|72874||||||||||0|82854|82854||||||||||0|84317|84317||||||||||0|77633|77633|
1000014171|0|18336|18336|0|38638|38638|0|58746|58746|0|81062|81062|0|23051|23051|0|45858|45858|0|75954|75954|0|106642|106642|0|36940|36940|0|77988|77988|0|119444|119444|0|158966|158966|0|41384|41384|0|87588|87588|0|138901|138901|0|192712|192712|0|55831|55831|0|112919|112919|0|172680|172680|0|228829|228829|
1000014247|||||||||||||||||||||||||0|661|661||||||||||||||||||||||||||||||||||
1000014292||||||||||||||||||||||||||||||||||||||||||||||||||||||||||0|145900|145900|
1000014733||||||||||0|3963|3963||||||||||0|3877|3877||||||||||0|5328|5328|||||||||||||||||||||||||
1000015379||||||||||0|3771|3771||||||||||0|5228|5228||||||||||0|7211|7211|||||||||||||||||||||||||
1000015433||||||||||0|17294|17294||||||||||||||||||||||0|23867|23867||||||||||0|30726|30726||||||||||0|31592|31592|
1000015485||||||||||||||||||||||0|73724|73724||||||||||||||||||||||||||||||||||0|103963|103963|
1000015541||||||||||||||||||||||0|1407|1407|||||||||||||||||||||||||||||||||||||
1000015558||||||||||||||||||||||||||||||||||||||||||||||0|4300|4300|||||||||||||
1000015595||||||||||0|1617|1617||||||||||0|19089|19089||||||||||0|24181|24181||||||||||0|27600|27600|||||||||||||
1000015779||||||||||0|16365|16365|||||||||||||||||||||||||||||||||||||||||||||||||
1000015823||||||||||||||||||||||||||||||||||0|6883|6883|||||||||||||||||||||||||
1000015979|0|467240|467240|0|947235|947235|0|1452194|1452194|809463|1180079|1989542|323533|341037|664570|772666|695123|1467789|0|2521114|2521114|1849188|1452728|3301916|767683|367555|1135238|1619112|709148|2328260|2555283|1058748|3614031|3334535|1425336|4759871|786940|351482|1138422|1372460|681449|2053909|1963187|1013510|2976697|2352205|1347739|3699944|498705|346689|845394|802990|703341|1506331|1311176|1069953|2381129|1536785|1401913|2938698|
1000016035||||||||||0|12177|12177|||||||||||||||||||||||||||||||||||||||||||||||||
1000016153|0|33254|33254|0|42905|42905|0|7852|7852|0|14195|14195|0|22503|22503|0|32817|32817|0|13025|13025|0|26507|26507|0|0|0|0|60534|60534|0|18642|18642|0|49005|49005|0|21641|21641|0|45957|45957|0|64092|64092|0|90263|90263|0|24435|24435|0|50859|50859|0|69440|69440|0|93839|93839|
1000016155||||||||||0|115375|115375||||||||||0|131467|131467||||||||||0|124706|124706||||||||||0|114526|114526||||||||||0|111758|111758|
1000016179||||||||||24775|26288|51063|||||||||||||||||||||||||||||||||||||||||||||||||
1000016325||||||||||0|3607|3607|||||||||||||||||||||||||||||||||||||||||||||||||
1000016403||||||||||0|2393|2393||||||||||0|3802|3802||||||||||0|2584|2584|||||||||||||||||||||||||
1000016571||||||||||||||||||||||||||||||||||0|3830|3830|||||||||||||||||||||||||
1000016682||||||||||0|2403|2403||||||||||0|3163|3163||||||||||0|688|688|||||||||||||||||||||||||
1000016777||||||||||0|26046|26046||||||||||||||||||||||||||||||||||0|86192|86192|||||||||||||
1000016874|7651|52226|59877|16676|102233|118909|24327|160681|185008|31932|219597|251529|9147|57695|66842|20249|116941|137190|31136|176235|207371|41681|250470|292151|9388|65898|75286|23146|125692|148838|36454|197764|234218|46641|273959|320600|14189|70520|84709|35465|135556|171021|53182|199188|252370|59999|272488|332487|11513|69554|81067|26491|133273|159764|38230|197903|236133|47704|270741|318445|
1000016929|18422|17352|35774|36002|35219|71221|52754|50188|102942|74450|72781|147231|13809|15064|28873|29025|31908|60933|47711|50376|98087|61248|70907|132155|17933|19141|37074|34758|37141|71899|50324|58047|108371|61781|82205|143986|19914|22993|42907|40537|46735|87272|60974|66736|127710|78196|108091|186287|19401|32310|51711|42593|63784|106377|61195|90306|151501|79606|116430|196036|
1000017052||||||||||0|17751|17751||||||||||||||||||||||||||||||||||||||||||||||0|19877|19877|
1000017113||||||||||0|21365|21365||||||||||0|33668|33668||||||||||0|25078|25078||||||||||0|27733|27733||||||||||0|22324|22324|
1000017331||||||||||0|9149|9149|||||||||||||||||||||||||||||||||||||||||||||||||
1000017490||||||||||||||||||||||||||||||||||0|877|877|||||||||||||||||||||||||
1000017701||||||||||||||||||||||0|46932|46932||||||||||||||||||||||0|45758|45758||||||||||0|48408|48408|
1000017830||||||||||||||||||||||0|21632|21632||||||||||||||||||||||||||||||||||0|19041|19041|
1000018136||||||||||||||||||||||||||||||||||||||||||||||||||||||||||0|1802|1802|
1000018231||||||||||||||||||||||||||||||||||||||||||||||||||||||||||0|205951|205951|
1000018301||||||||||||||||||||||0|2210|2210||||||||||0|2983|2983|||||||||||||||||||||||||
1000018338||||||||||||||||||||||||||||||||||0|21217|21217|0|3118|3118|0|9738|9738|0|15295|15295|0|21066|21066|0|4138|4138|0|11679|11679|0|17743|17743|0|24338|24338|
1000018343||||||||||0|381659|381659||||||||||0|389180|389180||||||||||0|489219|489219||||||||||0|510929|510929||||||||||0|515226|515226|
1000018346||||||||||0|171352|171352||||||||||0|183969|183969||||||||||0|147425|147425||||||||||0|129440|129440||||||||||0|278461|278461|
1000018375||||||||||0|27625|27625||||||||||||||||||||||||||||||||||||||||||||||0|31599|31599|
1000018500||||||||||||||||||||||||||||||||||||||||||||||0|49276|49276|||||||||||||
1000018609||||0|4178|4178|||||||||||||||||||||||||||||||||||||||||||||||||||||||
1000018663||||||||||0|4278|4278||||||||||0|6444|6444||||||||||0|7261|7261||||||||||0|8013|8013|||||||||||||
1000018778|96861|10446|107307|196949|19780|216729|319539|31604|351143|460634|42426|503060|164823|6161|170984|329147|11399|340546|511480|13817|525297|675840|15990|691830|214441|5259|219700|466233|11408|477641|694639|19999|714638|897128|28708|925836|122717|4365|127082|291129|9309|300438|483491|16128|499619|635144|27472|662616|253691|3444|257135|489979|7781|497760|778522|12395|790917|951360|14029|965389|
1000018786||||||||||||||||||||||||||||||||||0|7196|7196|||||||||||||||||||||||||
1000018888|0|201252|201252|0|396692|396692|0|648611|648611|0|925509|925509|0|295380|295380|0|591257|591257|240724|640312|881036|328067|860508|1188575|0|300266|300266|215600|288205|503805|0|677592|677592|0|903772|903772|0|177791|177791|0|431645|431645|0|672507|672507|0|827800|827800|43139|136612|179751|0|336256|336256|0|518871|518871|0|641312|641312|
1000019002||||||||||0|5151|5151|||||||||||||||||||||||||||||||||||||||||||||||||
1000019097||||||||||||||||||||||296780|84253|381033|35820|43209|79029|123215|42016|165231|188493|60678|249171|246596|77222|323818|69767|19910|89677|153347|43521|196868|223570|63848|287418|298112|88443|386555|71659|23571|95230|140958|45381|186339|201586|70094|271680|258725|93447|352172|
1000019109||||||||||0|2209|2209||||||||||0|1896|1896||||||||||||||||||||||0|152|152|||||||||||||
1000020166||||||||||0|180501|180501||||||||||0|240890|240890|||||||||||||||||||||||||||||||||||||
1000020185|||||||||||||0|76686|76686||||||||||0|95547|95547||||||||||0|98407|98407||||||||||||||||||||||
1000020271||||||||||||||||||||||0|7580|7580||||||||||0|2153|2153|||||||||||||||||||||||||
1000020308||||||||||||||||||||||0|4647|4647||||||||||0|17929|17929||||||||||0|8539|8539|||||||||||||
1000020588||||||||||||||||||||||0|39463|39463|||||||||||||||||||||||||||||||||||||
1000020760||||||||||0|9107|9107||||||||||0|514|514||||||||||0|514|514|||||||||||||||||||||||||
1000021039||||||||||0|949|949||||||||||0|6076|6076||||||||||0|7123|7123|||||||||||||||||||||||||
1000021251||||||||||||||||||||||0|94865|94865|||||||||||||||||||||||||||||||||||||
1000021260||||||||||||||||||||||||||||||||||||||||||||||0|12797|12797|||||||||||||
1000021471||||||||||0|3259|3259||||||||||0|2371|2371||||||||||0|2252|2252|||||||||||||||||||||||||
1000021733||||||||||||||||||||||0|1306|1306||||||||||0|2185|2185|||||||||||||||||||||||||
1000021863||||||||||||||||||||||0|25854|25854|||||||||||||||||||||||||||||||||||||
1000022135||||||||||0|8358|8358||||||||||0|14228|14228||||||||||0|17986|17986||||||||||0|18390|18390|||||||||||||
1000022324||||||||||||||||||||||0|32793|32793||||||||||0|24310|24310||||||||||0|22053|22053|||||||||||||
1000023051||||||||||||||||||||||||||||||||||0|2488|2488|||||||||||||||||||||||||
1000023662||||||||||||||||||||||||||||||||||||||||||||||0|4275|4275|||||||||||||
1000023843||||||||||||||||||||||0|17458|17458||||||||||0|33450|33450||||||||||0|24276|24276||||||||||0|23711|23711|
1000023979||||||||||||||||||||||0|2718|2718||||||||||||||||||||||0|5519|5519|||||||||||||
1000024000||||||||||0|13383|13383|||||||||||||||||||||||||||||||||||||||||||||||||
1000024001||||||||||0|14942|14942|||||||||||||||||||||||||||||||||||||||||||||||||
1000024380||||||||||0|2744|2744||||||||||0|3053|3053||||||||||0|3351|3351||||||||||0|2734|2734|||||||||||||
1000024467||||||||||||||||||||||||||||||||||0|2870|2870|||||||||||||||||||||||||
1000024649||||||||||0|13002|13002|||||||||||||||||||||||||||||||||||||||||||||||||
1000024800||||||||||||||||||||||0|3636|3636||||||||||0|3213|3213|||||||||||||||||||||||||
1000012476|61177|48677|109854|49289|184614|233903|74501|276680|351181|46166|459419|505585|50348|106432|156780|-11908|328565|316657|134121|336459|470580|184562|460849|645411|57259|90731|147990|94298|196433|290731|134910|304759|439669|105168|486018|591186|25571|124285|149856|51638|272895|324533|135695|345373|481068|107174|515770|622944|33280|135609|168889|75564|258665|334229|87968|369683|457651|193733|381925|575658|
1000008363||||||||||||||||||||||0|9500|9500|||||||||||||||||||||||||||||||||||||
1000024557||||||||||0|3099|3099|||||||||||||||||||||||||||||||||||||||||||||||||
1000005337|8634|5534|14168|14375|12117|26492|18319|23088|41407|23038|30767|53805|4122|8799|12921|9149|17135|26284|12548|30784|43332|20466|40254|60720|5446|8892|14338|21038|12889|33927|28683|24388|53071|40473|32436|72909|13827|6947|20774|25856|13928|39784|34213|21004|55217|41847|26866|68713|6870|6112|12982|12333|13090|25423|17782|19662|37444|22745|23269|46014|
1000018094||||||||||||||||||||||||||||||||||0|2590|2590|||||||||||||||||||||||||
1000026130||||||||||||||||0|8942|8942|||||||||||||||||||||||||||||||||||||||||||
1000025344||||||||||0|26685|26685||||||||||0|33542|33542|||||||||||||||||||||||||||||||||||||
1000026332||||||||||||||||||||||||||||||||||0|2063|2063||||||||||||||||||||||0|3304|3304|
1000007315||||||||||0|431|431||||||||||0|1857|1857|||||||||||||||||||||||||||||||||||||
1000026254|||||||||||||0|124|124||||||||||0|321|321|0|801|801|0|1119|1119|0|697|697|0|1983|1983||||||||||||||||||||||
1000025733||||||||||0|458647|458647|0|123345|123345|0|257445|257445|0|398815|398815|0|521671|521671|0|141465|141465|0|290324|290324|0|449224|449224|0|615362|615362|0|176348|176348|0|361844|361844|0|548053|548053|0|766235|766235|0|211904|211904|0|450193|450193|0|688544|688544|0|958371|958371|
1000022450||||||||||||||||||||||0|2200|2200|||||||||||||||||||||||||||||||||||||
1000027273|0|728666|728666|0|1566841|1566841|0|2517868|2517868|0|3542116|3542116|0|711980|711980|0|1697954|1697954|0|2466644|2466644|0|3298300|3298300|0|1074912|1074912|0|2008544|2008544|0|3041697|3041697|68998|4121788|4190786|0|955435|955435|58954|1983641|2042595|74157|3057036|3131193|76184|4180049|4256233|8236|897512|905748|23010|2045948|2068958|17454|3104508|3121962|20245|4126762|4147007|
1000021120||||||||||||||||||||||||||||||||||0|8100|8100||||||||||0|10000|10000|||||||||||||
1000025555||||||||||0|478|478|||||||||||||||||||||||||||||||||||||||||||||||||
1000024072||||||||||0|2098|2098||||||||||0|2893|2893||||||||||0|4983|4983|||||||||||||||||||||||||
1000025680|||||||||||||||||||51944|146266|198210|78442|191452|269894|27692|53851|81543|30329|114731|145060|35442|168684|204126|43025|204343|247368|6345|27323|33668|15904|54248|70152|22871|79144|102015|31229|104986|136215|12370|20999|33369|49529|47853|97382|66896|74288|141184|92778|101850|194628|
1000027496||||||||||||||||||||||0|6002|6002||||||||||0|6285|6285|||||||||||||||||||||||||
1000024083||||||||||0|4968|4968||||||||||0|4091|4091|||||||||||||||||||||||||||||||||||||
1000027047||||0|148|148||||||||||0|435|435|||||||||||||||||||||||||||||||||||||||||||
1000029531||||||||||0|3492|3492||||||||||0|4245|4245||||||||||0|5666|5666|||||||||||||||||||||||||
1000000002|419100|1595000|2014100|811400|3434400|4245800|1154200|5263300|6417500|17834|778755|796589|508800|1867100|2375900|0|5423768|5423768|1642600|6734100|8376700|2357300|9941900|12299200|550700|2962000|3512700|1185400|5822300|7007700|1827100|8288200|10115300|2440100|10996600|13436700|526200|2544700|3070900|10204|53477|63681|1672300|7805100|9477400|2771300|10092500|12863800|848300|2214600|3062900|1713100|4545900|6259000|2854000|6613000|9467000|3879700|8570600|12450300|
1000000007||||||||||||||||||||||||||||||||||||||||||||||0|2041950|2041950|||||||||||||
1000028325||||||||||0|3350|3350||||||||||0|2896|2896||||||||||0|2996|2996|||||||||||||||||||||||||
1000029055|0|71983|71983|0|127560|127560|0|250223|250223|0|381412|381412|0|51249|51249|0|125370|125370|0|154971|154971|0|312149|312149|0|49895|49895|0|99075|99075|0|144673|144673|0|260886|260886|0|31691|31691|0|118179|118179|0|150202|150202|0|411784|411784|0|99749|99749|0|228216|228216|0|319022|319022|0|454795|454795|
1000025386||||||||||||||||||||||0|1839|1839||||||||||0|1992|1992|||||||||||||||||||||||||
1000028040||||||||||||||||||||||||||||||||||0|8094|8094||||||||||0|10112|10112|||||||||||||
1000030316||||||||||0|2675|2675||||||||||||||||||||||0|3111|3111|||||||||||||||||||||||||
1000031118||||||||||||||||||||||0|12685|12685|||||||||||||||||||||||||||||||||||||
1000030235||||||||||||||||||||||||||||||||||||||||||||||||||||||||||0|143195|143195|
1000027906||||||||||0|3341|3341||||||||||0|2794|2794||||||||||0|2794|2794||||||||||||||||||||||0|5626|5626|
1000001080||||||||||0|14283|14283||||||||||0|21028|21028|||||||||||||||||||||||||||||||||||||
1000001167||||||||||0|8516|8516||||||||||0|8657|8657||||||||||0|7661|7661||||||||||0|10245|10245|||||||||||||
1000004673||||||||||||||||||||||||||||||||||0|3757|3757||||||||||0|4220|4220|||||||||||||
1000001227|21|28728|28749|28|61923|61951|82|76968|77050|393|115860|116253|189|24699|24888|1334|49572|50906|2507|67920|70427|7972|97576|105548|1516|19357|20873|4335|46038|50373|6454|75266|81720|12039|100296|112335|931|25102|26033|6129|49416|55545|9211|80524|89735|5885|143265|149150|2478|36982|39460|4175|74018|78193|5163|103287|108450|5994|147194|153188|
1000001228||||||||||0|6439|6439||||||||||0|7063|7063||||||||||0|11117|11117|||||||||||||||||||||||||
1000005164||||||||||0|11048|11048|0|4258|4258|0|8656|8656|0|15346|15346|0|20969|20969|0|5090|5090|0|10679|10679|0|16015|16015|0|24306|24306|0|5959|5959|0|14435|14435|0|25613|25613|0|34563|34563|0|10003|10003|0|16969|16969|0|25669|25669|0|35500|35500|
1000019331||||||||||0|3059|3059||||||||||0|3693|3693|||||||||||||||||||||||||||||||||||||
1000031599||||||||||||||||||||||||||||||||||0|7199|7199|||||||||||||||||||||||||
1000030493||||||||||||||||||||||||||||||||||0|314|314||||||||||0|114|114||||||||||0|3787|3787|
1000004934||||||||||0|1009925|1009925|0|124786|124786|0|204748|204748|0|273764|273764|0|320103|320103|0|50734|50734|0|82726|82726|0|115138|115138|0|135849|135849|0|138231|138231|0|242919|242919|0|311849|311849|0|496354|496354|0|194740|194740|0|329164|329164|0|525175|525175|0|651331|651331|
1000005092||||||||||0|8862|8862||||||||||0|10980|10980||||||||||0|12730|12730||||||||||0|12191|12191|||||||||||||
1000017865||||||||||0|7448|7448||||||||||0|11396|11396||||||||||0|14279|14279||||||||||0|13892|13892||||||||||0|14319|14319|
1000031698||||||||||0|274180|274180||||||||||0|317895|317895||||||||||0|279904|279904||||||||||0|265142|265142||||||||||0|226040|226040|
1000031411||||||||||||||||||||||0|550|550||||||||||0|1350|1350|||||||||||||||||||||||||
1000030723|||||||||||||0|3438|3438||||||||||||||||||||||||||||||||||||||||||||||
1000011658||||||||||0|6574|6574||||||||||0|6708|6708||||||||||0|7975|7975|||||||||||||||||||||||||
1000029655||||||||||||||||||||||0|13674|13674||||||||||0|14292|14292||||||||||0|15569|15569||||||||||0|14163|14163|
1000029459||||||||||0|21532|21532||||||||||0|16321|16321||||||||||0|16517|16517||||||||||0|18967|18967|||||||||||||
1000028780||||||||||0|5100|5100||||||||||0|5900|5900||||||||||0|6180|6180|||||||||||||||||||||||||
1000028669|1775947|212265|1988212|2910983|1023940|3934923|4322150|1513259|5835409|6031781|2279495|8311276|1713519|288117|2001636|3535428|632241|4167669|5334310|1036923|6371233|7586586|1458894|9045480|2102943|529947|2632890|4478100|1219188|5697288|6501651|2049163|8550814|9204235|2759691|11963926|2458139|529606|2987745|5755634|1116094|6871728|9030867|1450036|10480903|12684034|1802420|14486454|3649763|172753|3822516|7501697|467944|7969641|11527795|859744|12387539|16313061|1267572|17580633|
1000029350||||||||||||||||||||||||||||||||||0|13907|13907|||||||||||||||||||||||||
1000031328||||||||||||||||||||||0|91|91|||||||||||||||||||||||||||||||||||||
1000007624||||||||||||||||||||||||||||||||||||||||||||||||||||||||||0|15367|15367|
1000009654||||||||||||||||||||||||||||||||||||||||||||||0|18911|18911|||||||||||||
1000006909||||||||||0|261752|261752||||||||||0|289600|289600||||||||||0|283644|283644|||||||||||||||||||||||||
1000007566||||||||||||||||||||||||||||||||||||||||||||||0|28543|28543||||||||||0|28971|28971|
1000008635||||||||||0|7173|7173||||||||||0|2742|2742||||||||||0|1568|1568||||||||||0|5723|5723||||||||||0|3086|3086|
1000028553||||||||||||||||||||||||||||||||||||||||||||||0|5447|5447||||||||||0|6487|6487|
1000008131||||||||||||||||||||||||||||||||||0|15562|15562|||||||||||||||||||||||||
1000030705||||||||||||||||||||||||||||||||||0|8281|8281||||||||||0|15985|15985|||||||||||||
1000024689||||||||||0|6335|6335|||||||||||||||||||||||||||||||||||||||||||||||||
1000030311|3297265|956851|4254116|6408454|2976678|9385132|9362679|4049867|13412546|12639364|5212542|17851906|2876688|1465660|4342348|6216922|3195987|9412909|10996797|6064269|17061066|16861109|8737500|25598609|5277194|3469923|8747117|10765915|6754689|17520604|15252248|10491898|25744146|20090645|13654825|33745470|2667798|3460916|6128714|5591504|6699076|12290580|8963694|10204729|19168423|12782637|12836948|25619585|3555989|2709006|6264995|5835060|5995343|11830403|7699655|9830621|17530276|9858277|13813482|23671759|
1000026989||||||||||0|2400|2400||||||||||0|3500|3500|||||||||||||||||||||||||||||||||||||
1000024628||||||||||||||||||||||0|8180|8180||||||||||0|6862|6862|||||||||||||||||||||||||
1000010106||||||||||||||||||||||0|41564|41564||||||||||0|40356|40356||||||||||0|42279|42279|||||||||||||
1000024126||||||||||||||||||||||||||||||||||||||||||||||0|1413|1413|||||||||||||
1000024110||||||||||0|2660|2660||||||||||0|1922|1922|||||||||||||||||||||||||||||||||||||
1000024478||||||||||0|18275|18275||||||||||0|21634|21634||||||||||0|19247|19247||||||||||0|24146|24146|||||||||||||
1000004972||||||||||0|1626|1626||||||||||||||||||||||0|1440|1440||||||||||0|1705|1705|||||||||||||
1000031532||||||||||0|10158|10158||||||||||0|7329|7329||||||||||0|8921|8921||||||||||0|8075|8075|||||||||||||
1000000019|0|71435|71435|0|246841|246841|0|319632|319632|0|413141|413141|0|76590|76590||||0|570866|570866|0|693083|693083|||||||0|353385|353385|0|503475|503475|0|91604|91604|0|245082|245082|0|282655|282655|0|344110|344110|0|27327|27327|0|63582|63582|0|103459|103459|0|156697|156697|
1000000030|0|2692603|2692603|0|5439838|5439838|0|8286327|8286327|0|11343652|11343652|0|2856953|2856953|0|5993888|5993888|0|9107310|9107310|0|12130713|12130713|0|2807820|2807820|0|5770252|5770252|0|8707323|8707323|0|11767894|11767894|0|2921400|2921400|0|5980600|5980600|0|8956421|8956421|0|12116761|12116761|0|2992586|2992586|0|6041000|6041000|0|9107600|9107600|0|12284652|12284652|
1000000035|1407418|2742152|4149570|2763610|5769491|8533101|4313974|8571076|12885050|6231140|11834392|18065532|1642664|2502639|4145303|4049185|5675566|9724751|6396562|8759032|15155594|8683027|12556055|21239082|2331530|3699551|6031081|4991562|8202878|13194440|8335783|12717187|21052970|11914904|17736453|29651357|3966910|4578348|8545258|7354597|9811897|17166494|10952210|14471190|25423400|13306061|19364207|32670268|3093529|4362050|7455579|5888945|9287354|15176299|8837649|14165119|23002768|12373920|18688992|31062912|
1000000036|1865|20445|22310|3439|41831|45270|5059|58536|63595|6926|77482|84408|2232|20180|22412|3493|41794|45287|5306|64220|69526|7288|86040|93328|1462|20217|21679|3668|41139|44807|12039|54815|66854|16273|72321|88594|4669|18041|22710|9610|34839|44449|13761|52127|65888|19126|69322|88448|5572|20773|26345|10194|36111|46305|15066|53042|68108|20097|67072|87169|
1000000041|6233|137710|143943|11911|282284|294195|15597|446033|461630|21607|605673|627280|4579|174027|178606|9689|351394|361083|13555|445455|459010|20521|739954|760475|1626|202185|203811|3686|416385|420071|4861|623525|628386|10427|849200|859627|1603|232000|233603|7288|481875|489163|10430|749762|760192|17518|999587|1017105|1543|239009|240552|3879|488189|492068|7102|764977|772079|13503|1003922|1017425|
1000000048|607484|-113661|493823|1216979|-217639|999340|1826748|-292541|1534207|2447053|-367646|2079407|698325|-165336|532989|1655369|-469027|1186342|2593965|-698410|1895555|3502325|-904899|2597426|870728|-231173|639555|1860764|-529753|1331011|2865454|-841869|2023585|3765085|-1063364|2701721|951175|-273090|678085|2028469|-586632|1441837|3037422|-887076|2150346|3977235|-1129310|2847925|1085242|-314056|771186|2168344|-592489|1575855|3160304|-803753|2356551|4077438|-887828|3189610|
1000000055|4817049|3022537|7839586|10209960|6177250|16387210|15533414|9156835|24690249|21579055|12876127|34455182|6949649|3490040|10439689|14016803|7241497|21258300|19037193|13476721|32513914|27886905|15274748|43161653|6167380|4071209|10238589|12582455|8242290|20824745|19479425|12316510|31795935|25585377|16310304|41895681|6304533|4491256|10795789|13087988|8712620|21800608|19488184|12622291|32110475|25905785|16197453|42103238|6391479|3345302|9736781|13191369|6567488|19758857|20417070|9492738|29909808|27473407|13268834|40742241|
1000000090|40804|205284|246088|85409|395752|481161|123671|588537|712208|160455|765522|925977|49237|188512|237749|92260|369844|462104|0|690448|690448|0|908963|908963|0|214588|214588|0|432127|432127|0|655160|655160|0|879780|879780|0|249992|249992|0|498436|498436|140190|590490|730680|176628|781125|957753|0|246620|246620|101510|387295|488805|147095|575928|723023|0|959011|959011|
1000000094|0|28726|28726|0|61815|61815|0|94576|94576|0|117380|117380|0|11882|11882|0|36237|36237|0|61656|61656|0|99755|99755|0|42548|42548|0|101970|101970|0|154960|154960|0|213159|213159|0|56801|56801|0|118187|118187|0|136365|136365|0|139482|139482|0|6900|6900|0|11608|11608|0|16767|16767|0|22412|22412|
1000000123|2554|114621|117175|4728|233874|238602|7737|364899|372636|10928|500220|511148|2341|122046|124387|7292|247423|254715|0|401785|401785|20839|515735|536574|2262|125672|127934|5386|261606|266992|7557|385538|393095|9025|508977|518002|2506|124169|126675|6239|247240|253479|8012|373829|381841|10690|490576|501266|3409|115029|118438|7194|236530|243724|9802|374745|384547|12510|507751|520261|
1000000137|20105|8389|28494|43150|25864|69014|71304|36593|107897|98018|46602|144620|29981|13011|42992|63228|27774|91002|96692|40285|136977|126290|50749|177039|23790|9648|33438|48482|21367|69849|77894|31815|109709|100776|41169|141945|33607|11363|44970|73327|22891|96218|111165|36260|147425|137014|46637|183651|34125|10973|45098|75419|21954|97373|100654|32965|133619|131100|41492|172592|
1000000154|0|52428|52428|0|111957|111957|0|164004|164004|0|226606|226606|0|56275|56275|0|117278|117278|0|177968|177968|0|241241|241241|0|55370|55370|0|106570|106570|0|153467|153467|0|216448|216448|0|50681|50681||||0|156046|156046|0|221296|221296|0|57427|57427|0|115439|115439|0|163795|163795|0|223129|223129|
1000000168|17867|248343|266210|35117|562184|597301|47441|875291|922732|67632|1243513|1311145|22721|257636|280357|48595|583328|631923|59522|822594|882116|68233|1153321|1221554|21530|292391|313921|29854|631515|661369|0|991127|991127|46754|1262255|1309009|5060|284225|289285|10056|629377|639433|15376|994238|1009614|0|1490448|1490448|4412|300063|304475|0|604667|604667|0|890615|890615|19397|1129794|1149191|
1000000171||||||||||0|147644|147644||||||||||0|156261|156261||||||||||0|153120|153120||||||||||0|156683|156683|||||||||||||
1000000172|4321811|2105415|6427226|9733953|4440664|14174617|16286062|6967612|23253674|24525813|10012619|34538432|7916544|3372676|11289220|19962653|7425320|27387973|31873372|11953383|43826755|42491257|16040813|58532070|8523635|3350010|11873645|16261722|6385210|22646932|26145880|9778962|35924842|35508246|13099302|48607548|8664833|3192076|11856909|18100081|6399224|24499305|26812898|9338543|36151441|35052495|12561750|47614245|8072101|3041715|11113816|15980515|5857283|21837798|24141418|8734961|32876379|32747210|11882986|44630196|
1000000175|279080|230828|509908|630353|460793|1091146|873995|839719|1713714|1428415|957006|2385421|650722|232395|883117|1841452|511482|2352934|3058564|784153|3842717|4150054|1020757|5170811|1019682|267686|1287368|1999726|506473|2506199|3003634|767014|3770648|3986355|1031461|5017816|1128341|275768|1404109|2341016|555174|2896190|3504561|813983|4318544|4564207|1051161|5615368|1142172|244399|1386571|2214117|494172|2708289|3361604|734675|4096279|4354319|972402|5326721|
1000000177||||||||||||||||||||||||||||||||||||||||||||||0|231262|231262|||||||||||||
1000000249|0|127105|127105|0|263294|263294|0|394076|394076|0|512614|512614|0|149949|149949|0|337630|337630|0|528304|528304|0|718194|718194|0|234193|234193|0|474856|474856|0|669700|669700|654110|145238|799348|93770|65979|159749|175808|217867|393675|201518|359015|560533|290132|460184|750316|66163|95938|162101|137115|203422|340537|206992|286051|493043|272936|393772|666708|
1000000326|0|107355|107355|0|216290|216290|0|345372|345372|0|492454|492454|0|152474|152474|0|332213|332213|0|492728|492728|0|647773|647773|0|119113|119113|0|227922|227922|0|397753|397753|0|490568|490568|0|117059|117059|0|224753|224753|0|331087|331087|0|287912|287912|0|52568|52568|0|171676|171676|0|277636|277636|0|387711|387711|
1000000359||||||||||0|304853|304853||||||||||0|345326|345326||||||||||0|355913|355913||||||||||0|400426|400426||||||||||0|423830|423830|
1000000434||||0|350400|350400|0|553000|553000|0|754400|754400|0|166500|166500|0|269800|269800|0|398400|398400|0|511500|511500|0|141500|141500|0|247600|247600|0|356300|356300|0|470500|470500|0|104900|104900|0|214600|214600|0|324600|324600|0|440800|440800|0|121000|121000|0|235900|235900|0|440800|440800|0|486400|486400|
1000000495|0|360378|360378|0|787954|787954|0|1208624|1208624|1776|897825|899601|0|302647|302647|0|671087|671087|1450|669798|671248|0|1407717|1407717|0|347827|347827|0|751940|751940|0|1090468|1090468|2115|957906|960021|74|217104|217178|0|718998|718998|0|1044204|1044204|0|1393301|1393301|0|283418|283418|0|631011|631011|0|951249|951249|0|746220|746220|
1000000519|317452|330349|647801|740301|744827|1485128|1203749|1197057|2400806|1739068|1615721|3354789|595261|387569|982830|1197178|861427|2058605|1780453|1230983|3011436|2231527|1588162|3819689|429242|389376|818618|919467|787164|1706631|1423385|1168171|2591556|1883400|1546448|3429848|585608|232960|818568|1162196|514806|1677002|1730532|781385|2511917|2280744|1020238|3300982|582729|229842|812571|1163178|454461|1617639|1735740|712481|2448221|2267629|925815|3193444|
1000000611||||||||||0|7940|7940||||||||||||||||||||||||||||||||||0|9908|9908|||||||||||||
1000000644||||||||||0|71222|71222||||||||||0|78024|78024||||||||||0|71318|71318||||||||||0|77751|77751|||||||||||||
1000000664|550|15127|15677|872|31168|32040|1199|47111|48310|1656|65676|67332|472|18807|19279|1041|37870|38911|1938|55958|57896|2891|74990|77881|751|18443|19194|1301|36943|38244|1575|54429|56004|2164|73199|75363|237|18639|18876|829|36592|37421|1441|53865|55306|2010|72424|74434|599|16923|17522|1124|33575|34699|1517|51661|53178|2178|70064|72242|
1000000665|9497|7569|17066|22668|15156|37824|47033|20791|67824|78973|13527|92500|7529|1459|8988|21175|3024|24199|33634|11626|45260|57451|15922|73373|7144|2069|9213|16506|9564|26070|28421|13812|42233|42491|18594|61085|0|10160|10160|21214|6221|27435|33103|7593|40696|46561|13340|59901|7598|933|8531|16759|2115|18874|29188|7961|37149|43881|10934|54815|
1000000671|0|248561|248561|0|503410|503410|0|774908|774908|0|1036879|1036879|0|310934|310934|0|609953|609953|0|936730|936730|17173|1229340|1246513|13731|337201|350932|32802|672782|705584|53490|1016156|1069646|72732|1330102|1402834|10742|363170|373912|20817|752236|773053|34883|1129594|1164477|48177|1508349|1556526|9819|347478|357297|18280|700307|718587|31745|1130340|1162085|40550|1517817|1558367|
1000000717|0|46767|46767|0|73503|73503|0|89918|89918|0|128703|128703|0|57812|57812|||||||0|172618|172618|0|64267|64267|0|90896|90896|0|115873|115873||||0|61223|61223||||0|108341|108341|0|155623|155623|0|73968|73968|0|104855|104855|0|124296|124296|0|170081|170081|
1000000737|0|49527|49527|0|98842|98842|0|193169|193169|0|311097|311097|0|103910|103910|0|189270|189270|0|300942|300942|0|388809|388809|0|74639|74639|55465|118391|173856|107477|166157|273634|186874|230569|417443|48056|68752|116808|140486|130320|270806|240093|193822|433915|313896|265301|579197|75432|54048|129480|112611|125310|237921|145747|215536|361283|159644|303894|463538|
1000000799|6301|83357|89658|10013|186612|196625|13862|264518|278380|18255|373414|391669|4505|85554|90059|3424|108142|111566|3739|162638|166377|6555|235454|242009|1258|40531|41789|4930|115322|120252|4818|172404|177222|6168|264932|271100|1005|53610|54615|1990|143145|145135|3009|213286|216295|3160|301613|304773|861|60055|60916|2495|144834|147329|3527|227868|231395|5459|321286|326745|
1000000814||||||||||||||||||||||0|102015|102015|||||||||||||||||||||||||||||||||||||
1000000893|0|12083|12083|0|31079|31079|0|42404|42404|0|52454|52454|0|11217|11217|0|17171|17171|0|25935|25935|0|50705|50705|0|4401|4401|0|12511|12511|0|20304|20304|0|43269|43269|0|5250|5250|0|14867|14867|580|29755|30335|0|63336|63336|0|4403|4403|0|15556|15556|0|35825|35825|0|68107|68107|
1000000906|0|52110|52110|0|109514|109514|0|172556|172556|0|258308|258308|0|64682|64682|0|130777|130777|0|200154|200154|0|314506|314506|0|69120|69120|0|161168|161168|0|245114|245114|0|365242|365242|0|73819|73819|0|157609|157609|0|242583|242583|0|359587|359587|0|60990|60990|0|136150|136150|0|216683|216683|0|342738|342738|
1000001000||||||||||||||||||||||||||||||||||||||||||||||||||||||||||0|25527|25527|
1000001021||||||||||0|6594|6594||||||||||0|8136|8136||||||||||||||||||||||0|8882|8882|||||||||||||
1000001032|0|6996|6996|0|15851|15851|0|27362|27362|0|40267|40267|0|9809|9809|0|31375|31375|0|68821|68821|0|114969|114969|0|82976|82976|0|165379|165379|0|292076|292076|0|411612|411612|0|183336|183336|0|315004|315004|0|474397|474397|0|616607|616607|0|168451|168451|0|288388|288388|0|411675|411675|0|586903|586903|
1000001163||||||||||0|4127|4127||||||||||0|2672|2672||||||||||0|1667|1667|||||||||||||||||||||||||
1000001510||||||||||0|142142|142142||||||||||0|172003|172003||||||||||0|195872|195872||||||||||0|196752|196752||||||||||0|199964|199964|
1000001604|2737|89881|92618|5147|171932|177079|8395|255163|263558|12231|352620|364851|1938|91498|93436|3055|165214|168269|7946|235790|243736|11257|301005|312262|2196|74039|76235|9656|146742|156398|11470|218315|229785|17393|287350|304743|4577|78748|83325|12060|155086|167146|15046|229498|244544|17045|316722|333767|3002|90671|93673|5422|177953|183375|6610|264679|271289|9350|363658|373008|
1000001651||||||||||||||||||||||0|12051|12051||||||||||0|15248|15248||||||||||0|15794|15794||||||||||0|13239|13239|
1000025235||||||||||0|48030|48030||||||||||0|42082|42082||||||||||0|56682|56682||||||||||0|32729|32729||||||||||0|46621|46621|
1000001908|0|4861|4861|0|9597|9597|0|14238|14238|0|19485|19485|0|5043|5043|61|10115|10176|223|15201|15424|534|20372|20906|68|5213|5281|340|10591|10931|580|16216|16796|664|22127|22791|135|6127|6262|182|12117|12299|275|18237|18512|337|24845|25182|58|7063|7121|101|14356|14457|133|21524|21657|149|28568|28717|
1000002027||||||||||||||||||||||||||||||||||||||||||||||0|11795|11795|||||||||||||
1000002042||||||||||||||||||||||0|9830|9830|||||||||||||||||||||||||||||||||||||
1000002043||||||||||0|112578|112578||||||||||0|119760|119760||||||||||0|123893|123893|||||||||||||||||||||||||
1000002208||||||||||0|80243|80243||||||||||0|69257|69257|||||||||||||||||||||||||||||||||||||
1000002495||||||||||||||||||||||||||||||||||||||||||||||0|9365|9365|||||||||||||
1000002504||||||||||||||||||||||||||||||||||||||||||||||0|17570|17570||||||||||0|19684|19684|
1000002508||||||||||0|24201|24201||||||||||0|31001|31001||||||||||0|28626|28626|||||||||||||||||||||||||
1000002567||||||||||||||||||||||||||||||||||0|66214|66214|||||||||||||||||||||||||
1000002575||||||||||0|2147|2147|||||||||||||||||||||||||||||||||||||||||||||||||
1000002585||||||||||||||||||||||0|11839|11839|||||||||||||||||||||||||||||||||||||
1000002716||||||||||0|2070|2070||||||||||||||||||||||0|2072|2072||||||||||0|2332|2332|||||||||||||
1000002739||||||||||0|7034|7034||||||||||0|6866|6866||||||||||0|5266|5266||||||||||||||||||||||0|4176|4176|
1000002764||||||||||||||||||||||||||||||||||0|3930|3930|||||||||||||||||||||||||
1000002835|20208|2142|22350|48128|4601|52729|83163|6543|89706|127541|10459|138000|40589|2436|43025|94886|5124|100010|149061|7985|157046|224949|14516|239465|60503|3890|64393|143425|8563|151988|207529|11235|218764|287406|17637|305043|41795|4904|46699||||165776|14982|180758|237911|19860|257771|41786|1564|43350|115010|3076|118086|189746|5567|195313|307894|11735|319629|
1000002950||||||||||0|108933|108933||||||||||0|115618|115618||||||||||||||||||||||0|130658|130658||||||||||0|133757|133757|
1000002963||||||||||||||||||||||||||||||||||||||||||||||0|2614|2614|||||||||||||
1000002999||||||||||||||||||||||||||||||||||||||||||||||0|120220|120220|||||||||||||
1000003010||||||||||0|39220|39220||||||||||0|42389|42389||||||||||0|41436|41436|||||||||||||||||||||||||
1000003018||||||||||0|21882|21882||||||||||0|28591|28591||||||||||0|27479|27479||||||||||0|48330|48330||||||||||0|28927|28927|
1000003032||||||||||0|37023|37023||||||||||0|45386|45386||||||||||0|62126|62126||||||||||0|75796|75796||||||||||0|87846|87846|
1000003081||||||||||||||||||||||0|27659|27659||||||||||0|25856|25856|0|5094|5094|0|12616|12616|0|21604|21604|0|30862|30862|0|7002|7002|0|15081|15081|0|22338|22338|0|31448|31448|
1000003102||||||||||||||||||||||||||||||||||||||||||||||||||||||||||0|298|298|
1000003175||||||||||||||||||||||0|5939|5939|||||||||||||||||||||||||||||||||||||
1000003309||||||||||||||||||||||||||||||||||||||||||||||0|109082|109082|||||||||||||
1000003431||||||||||||||||||||||||||||||||||0|4540|4540||||||||||0|4405|4405||||||||||0|4001|4001|
1000003587|0|8646|8646|0|16682|16682|0|24930|24930|0|33527|33527|0|10518|10518|0|22002|22002|0|32448|32448|543|43371|43914|180|14875|15055|353|25249|25602|378|39194|39572|423|50665|51088|46|15369|15415|57|25963|26020|65|37506|37571|120|49451|49571|||||||||||||
1000003613||||||||||||||||||||||0|8|8||||||||||0|0|0|||||||||||||||||||||||||
1000003672||||||||||||||||||||||||||||||||||0|34303|34303|||||||||||||||||||||||||
1000003819||||||||||0|3477|3477||||||||||0|6072|6072||||||||||0|7344|7344|||||||||||||||||||||||||
1000003829||||||||||||||||||||||||||||||||||0|9078|9078||||||||||0|12634|12634|||||||||||||
1000003837||||||||||0|2006|2006||||||||||0|2006|2006||||||||||0|2006|2006|||||||||||||||||||||||||
1000004096|2459|39532|41991|6482|91054|97536|17173|144738|161911|31557|214616|246173|5150|66495|71645|13062|138332|151394|16325|198490|214815|16964|252086|269050|0|58714|58714|0|119858|119858|0|175029|175029|0|229350|229350|65|51732|51797|0|117730|117730|63|184662|184725|8658|245828|254486|18393|65842|84235|30822|140596|171418|41903|216304|258207|54044|294914|348958|
1000004114||||||||||0|11882|11882|||||||||||||||||||||||||||||||||||||||||||||||||
1000004149||||||||||||||||||||||||||||||||||||||||||||||0|31294|31294||||||||||0|31949|31949|
1000004255||||||||||0|10719|10719|||||||||||||||||||||||||||||||||||||||||||||||||
1000004373|134987|398609|533596|280278|864743|1145021|435827|1322137|1757964|590896|1793558|2384454|154981|477656|632637|301979|1019789|1321768|460233|1556964|2017197|607983|2044456|2652439|131738|520358|652096|272664|1078203|1350867|419931|1593605|2013536|542467|2108972|2651439|137615|522217|659832|276153|1090642|1366795|411658|1615760|2027418|553688|2118134|2671822|136433|483548|619981|278651|1015115|1293766|418512|1541137|1959649|558263|2004237|2562500|
1000004528||||||||||0|2130|2130||||||||||0|1616|1616||||||||||0|1176|1176|||||||||||||||||||||||||
1000004579||||||||||0|4293|4293||||||||||0|3592|3592||||||||||0|3983|3983|||||||||||||||||||||||||
1000004615||||||||||0|5450|5450|||||||||||||||||||||||||||||||||||||||||||||||||
1000004694||||||||||0|18498|18498|||||||||||||||||||||||||||||||||||||||||||||||||
1000004953||||||||||||||||||||||||||||||||||0|3178|3178|||||||||||||||||||||||||
1000005254||||||||||0|5178|5178||||||||||0|4917|4917|||||||||||||||||||||||||||||||||||||
1000005602||||||||||0|44968|44968||||||||||0|56571|56571||||||||||0|59865|59865|||||||||||||||||||||||||
1000005622|11039|23665|34704|23039|52165|75204|31855|83211|115066|43694|116856|160550|11054|26994|38048|22874|57831|80705|37917|85920|123837|47062|121301|168363|10195|29010|39205|21587|57271|78858|31462|84982|116444|40733|115300|156033|0|38622|38622|21074|56393|77467|31248|84051|115299|41651|114354|156005|11633|27314|38947|19128|58359|77487|32064|81983|114047|38431|122643|161074|
1000005952||||||||||0|161997|161997||||||||||0|192202|192202||||||||||0|161491|161491|||||||||||||||||||||||||
1000005956|28416|33023|61439|65426|69019|134445|101879|97939|199818|137572|139258|276830|36125|42511|78636|76001|85350|161351|115769|129273|245042|153817|175513|329330|34843|37596|72439|65443|80739|146182|97095|127071|224166|129539|182021|311560|31501|44229|75730|64855|89906|154761|93254|141063|234317|127429|199544|326973|37751|39786|77537|69183|83952|153135|101622|128484|230106|124286|173024|297310|
1000005997|0|118861|118861|0|293938|293938|0|388364|388364|0|487785|487785|0|87537|87537|0|194858|194858|0|276128|276128|0|387671|387671|0|104830|104830|0|204111|204111|0|300385|300385|0|406729|406729|0|92232|92232|0|218353|218353|0|327846|327846|0|449393|449393|0|97860|97860|0|220916|220916|0|323759|323759|0|432530|432530|
1000006048|3415|10562|13977|7485|20322|27807|11688|27639|39327|18491|38104|56595|7002|9745|16747|12276|20331|32607|19873|27797|47670|25550|37022|62572|4168|9593|13761|7627|16140|23767|10635|23752|34387|15319|32322|47641|4216|8669|12885|8491|19424|27915|12768|26252|39020|18914|35460|54374|5198|8701|13899|11260|16240|27500|16461|24179|40640|24927|32982|57909|
1000006051||||||||||0|40665|40665||||||||||0|82322|82322|||||||||||||||||||||||||||||||||||||
1000006120||||||||||||||||||||||0|17170|17170||||||||||0|17170|17170|||||||||||||||||||||||||
1000006136||||||||||0|14613|14613||||||||||0|20141|20141|||||||||||||||||||||||||||||||||||||
1000006309||||||||||||||||||||||0|2253|2253|||||||||||||||||||||||||||||||||||||
1000006328|49098|3439|52537|104205|6940|111145|159622|9775|169397|219343|13436|232779|50847|3207|54054|104236|8936|113172|160457|12316|172773|221963|18442|240405|42486|2081|44567|81305|4213|85518|106675|5813|112488|132561|7486|140047|29359|1242|30601|62760|3118|65878|99668|3118|102786|138231|6844|145075|43781|9239|53020|78317|20790|99107|104022|32969|136991|136379|42047|178426|
1000006365||||||||||0|1879|1879||||||||||0|1546|1546||||||||||0|3482|3482|||||||||||||||||||||||||
1000006468||||||||||0|2722|2722||||||||||0|2792|2792||||||||||0|3642|3642|||||||||||||||||||||||||
1000006490|0|2068|2068|0|3866|3866|0|181998|181998|0|184117|184117|||||||||||||||||||||||||||||||||||||||||||||||||
1000006602||||||||||||||||||||||0|9372|9372|||||||||||||||||||||||||||||||||||||
1000006616||||||||||||||||||||||||||||||||||0|12241|12241|||||||||||||||||||||||||
1000006650|||||||||||||||||||0|21796|21796||||||||||||||||||||||||||||||||||||||||
1000006685||||||||||||||||||||||||||||||||||0|9453|9453|||||||||||||||||||||||||
1000006809||||||||||0|16215|16215||||||||||0|18793|18793||||||||||0|11587|11587||||||||||0|13704|13704||||||||||0|12578|12578|
1000006904||||||||||0|4210|4210||||||||||0|4540|4540||||||||||0|3674|3674||||||||||0|3998|3998||||||||||0|2841|2841|
1000006989||||||||||0|29491|29491||||||||||0|33809|33809||||||||||0|43432|43432|||||||||||||||||||||||||
1000007052|1826|12750|14576|3620|26507|30127|5418|39903|45321|8019|53598|61617|1969|13912|15881|4291|30112|34403|5973|46187|52160|9325|63377|72702|1523|17696|19219|2595|35320|37915|4084|51431|55515|5389|69722|75111|1696|14607|16303|2974|32788|35762|5147|48140|53287|7979|66836|74815|801|15021|15822|2278|33987|36265|4049|51468|55517|5904|69895|75799|
1000007192|8958|21497|30455|19360|36352|55712|31076|55541|86617|44812|77256|122068|17595|18666|36261|35718|34052|69770|54137|53396|107533|75922|66206|142128|25849|10140|35989|48793|27431|76224|63872|43138|107010|91591|56009|147600|19897|10588|30485|42381|21162|63543|63111|30562|93673|87773|40790|128563|28728|5800|34528|57908|12265|70173|83304|17715|101019|105342|25259|130601|
1000007229||||||||||||||||||||||||||||||||||0|3000|3000|||||||||||||||||||||||||
1000007377||||||||||0|1956|1956||||||||||0|1956|1956||||||||||0|1824|1824||||||||||0|1821|1821|||||||||||||
1000007392||||||||||||||||||||||||||||||||||||||||||||||0|1306|1306||||||||||0|2728|2728|
1000007408||||||||||||||||||||||||||||||||||0|5872|5872|||||||||||||||||||||||||
1000007527||||||||||0|1893|1893||||||||||0|4551|4551||||||||||0|3823|3823||||||||||0|5287|5287|||||||||||||
1000007666||||||||||0|122669|122669||||||||||0|139932|139932||||||||||0|114874|114874||||||||||0|154690|154690||||||||||0|111418|111418|
1000007685||||||||||0|35349|35349|||||||||||||||||||||||||||||||||||||||||||||||||
1000007792||||||||||||||||||||||0|20069|20069||||||||||0|14758|14758|||||||||||||||||||||||||
1000007854||||||||||0|15610|15610||||||||||0|15226|15226||||||||||0|11767|11767||||||||||0|7965|7965|||||||||||||
1000008234||||||||||||||||||||||||||||||||||0|11047|11047|||||||||||||||||||||||||
1000008443||||||||||0|7807|7807||||||||||0|2961|2961||||||||||0|3260|3260|||||||||||||||||||||||||
1000008458|0|273170|273170|0|399359|399359|0|594092|594092|0|916686|916686|0|619239|619239|0|983073|983073|0|1408895|1408895|0|2020518|2020518|0|679057|679057|0|983499|983499|0|1214104|1214104|0|1651478|1651478|0|486307|486307|0|794834|794834|0|1147621|1147621|0|1535283|1535283|0|494446|494446|0|762598|762598|0|1054851|1054851|0|1380864|1380864|
1000008464||||||||||||||||||||||||||||||||||||||||||||||0|66673|66673|||||||||||||
1000008491||||||||||0|3917|3917|||||||||||||||||||||||||||||||||||||||||||||||||
1000008555||||||||||||||||||||||0|2077|2077|||||||||||||||||||||||||||||||||||||
1000008571||||||||||0|3170|3170||||||||||0|2990|2990||||||||||0|3400|3400|||||||||||||||||||||||||
1000008785|248|60057|60305|76375|20740|97115|79894|36822|116716|103225|73192|176417|9383|17217|26600|44362|40965|85327|85446|56056|141502||||||||||||||||||||||||||||||||||||||||
1000008889||||||||||||||||||||||||||||||||||||||||||||||0|759|759|||||||||||||
1000008974|1273|13825|15098|2416|27858|30274|3838|42979|46817|3833|59438|63271|1160|15930|17090|2986|30743|33729|6002|45259|51261|8008|59107|67115|0|15964|15964|4849|29924|34773|7066|47269|54335|10003|64108|74111|3595|16314|19909|7181|36708|43889|11418|56676|68094|13727|80678|94405|3439|22231|25670|6654|48205|54859|10187|72739|82926|13307|94220|107527|
1000009194||||||||||||||||||||||0|12769|12769|||||||||||||||||||||||||||||||||||||
1000009239||||||||||0|2603|2603||||||||||0|3320|3320||||||||||0|3116|3116|||||||||||||||||||||||||
1000009270||||||||||||||||||||||0|3029|3029|||||||||||||||||||||||||||||||||||||
1000009374||||||||||||||||||||||0|26007|26007|||||||||||||||||||||||||||||||||||||
1000009393|35200|3600|38800|84800|15800|100600|131300|28600|159900|186500|38900|225400|44400|13400|57800|102500|32500|135000|1449|893|2342|215200|101900|317100|29800|10800|40600|62900|19800|82700|101200|27200|128400|131800|32700|164500|33700|3500|37200|75300|9600|84900|112400|16300|128700|1528|150|1678|432|26|458|50600|2100|52700|96500|17900|114400|133700|21800|155500|
1000009704|43701|167405|211106|81420|352536|433956|127447|520141|647588|228327|704037|932364|83235|203716|286951|154509|439169|593678|240296|615485|855781|338240|826466|1164706|48082|252586|300668|104221|500456|604677|195466|694744|890210|319638|927093|1246731|88041|253233|341274|244028|531009|775037|344597|761806|1106403|532733|1044514|1577247|172552|284875|457427|375290|604959|980249|522968|907434|1430402|788195|1256357|2044552|
1000010009||||||||||0|1072|1072||||||||||0|1104|1104||||||||||0|1345|1345|||||||||||||||||||||||||
1000010055||||||||||||||||||||||||||||||||||0|32026|32026||||||||||0|22627|22627||||||||||0|24036|24036|
1000010138||||||||||0|75693|75693|||||||||||||||||||||||||||||||||||||||||||||||||
1000010199||||||||||||||||||||||||||||||||||0|2760|2760||||||||||0|0|0|||||||||||||
1000010449||||||||||||||||||||||||||||||||||0|2383|2383|||||||||||||||||||||||||
1000010461||||||||||||||||||||||||||||||||||0|5641|5641||||||||||||||||||||||0|4367|4367|
1000010574||||||||||0|22369|22369||||||||||0|26761|26761||||||||||0|32930|32930||||||||||0|42266|42266||||||||||0|21753|21753|
1000010849||||||||||0|16994|16994||||0|7943|7943|0|12029|12029|0|16243|16243|0|3485|3485|0|7481|7481|0|11997|11997|0|16892|16892|0|4087|4087|0|8237|8237|0|12769|12769|0|17300|17300|0|3698|3698|0|7908|7908|0|12328|12328|0|17015|17015|
1000010858||||||||||0|5282|5282||||||||||0|3394|3394||||||||||0|3849|3849|||||||||||||||||||||||||
1000010965||||||||||0|417|417|||||||||||||||||||||||||||||||||||||||||||||||||
1000011110||||||||||||||||||||||||||||||||||0|3767|3767|||||||||||||||||||||||||
1000011169||||||||||0|5501|5501||||||||||||||||||||||0|8500|8500||||||||||0|9555|9555||||||||||0|9769|9769|
1000011236||||||||||0|10403|10403||||||||||||||||||||||0|19148|19148|||||||||||||||||||||||||
1000011421||||||||||0|7580|7580||||||||||0|3018|3018|||||||||||||||||||||||||||||||||||||
1000011422||||||||||0|4718|4718||||||||||0|7113|7113||||||||||0|6765|6765|||||||||||||||||||||||||
1000011625||||||||||||||||||||||||||||||||||||||||||||||0|31457|31457|||||||6459|21357|27816|11568|29676|41244|
1000011763||||||||||0|9568|9568||||||||||0|25431|25431||||||||||0|9349|9349|||||||||||||||||||||||||
1000012077||||||||||||||||||||||0|797|797||||||||||0|846|846|||||||||||||||||||||||||
1000012131||||||||||||||||||||||||||||||||||||||||||||||0|59272|59272|||||||||||||
1000012225||||||||||0|3159|3159||||||||||0|4283|4283|||||||||||||||||||||||||||||||||||||
1000012320|64343|51133|115476|133255|96771|230026|233061|134488|367549|334529|83838|418367|111652|54747|166399|247047|113067|360114|384002|161612|545614|504018|14021|518039|95110|14266|109376|220255|14462|234717|336794|81754|418548|449243|108036|557279|116477|22989|139466|243082|45082|288164|340423|68686|409109|435308|93876|529184|115081|31093|146174|235557|57214|292771|359419|85528|444947|465811|115923|581734|
1000012571|6165|11443|17608|10001|27381|37382|16268|41687|57955|24360|55361|79721|9112|9465|18577|14680|22272|36952|21718|34513|56231|35059|48786|83845|12393|18245|30638|26347|32113|58460|41981|48565|90546|57304|64236|121540|16974|14728|31702|29674|31977|61651|45375|45397|90772|57771|62932|120703|18253|19854|38107|30563|32848|63411|45307|50494|95801|58464|65811|124275|
1000012656|0|203331|203331|0|434983|434983|0|669910|669910|0|965723|965723|0|223630|223630|0|494581|494581|0|749621|749621|0|1029466|1029466|0|214943|214943|0|470983|470983|0|740433|740433|0|1035365|1035365|0|265455|265455|0|583588|583588|0|842039|842039|0|1121341|1121341|0|235236|235236|0|483248|483248|0|752190|752190|0|1042716|1042716|
1000012905||||||||||||||||||||||0|22247|22247||||||||||0|21499|21499||||||||||0|21633|21633|||||||||||||
1000012933||||||||||||||||||||||||||||||||||||||||||||||0|7753|7753||||||||||0|28933|28933|
1000013016||||||||||0|3800|3800||||||||||0|4003|4003||||||||||0|4947|4947|||||||||||||||||||||||||
1000013260||||||||||0|7586|7586||||||||||0|3572|3572||||||||||0|4959|4959|||||||||||||||||||||||||
1000013424|1491020|598456|2089476|3187694|1179644|4367338|5148671|1766152|6914823|7356832|2502759|9859591|2242036|845785|3087821|5270298|1718769|6989067|8246747|2516230|10762977|10648335|3342894|13991229|2070239|704018|2774257|4487996|1232939|5720935|6850112|1918582|8768694|8877695|2603966|11481661|2229977|765141|2995118|4376077|1467658|5843735|6822334|2166598|8988932|0|12|12|2082643|830457|2913100|4061877|1533261|5595138|5711953|2188744|7900697|7802515|2973507|10776022|
1000013544||||||||||||||||||||||||||||||||||0|17075|17075|||||||||||||||||||||||||
1000013619||||||||||||||||||||||0|18766|18766|||||||||||||||||||||||||||||||||||||
1000013717||||||||||0|3055|3055||||||||||0|3243|3243||||||||||0|3294|3294|||||||||||||||||||||||||
1000013783||||||||||||||||||||||0|8691|8691|||||||||||||||||||||||||||||||||||||
1000013943||||||||||0|12459|12459||||||||||0|9591|9591||||||||||0|7621|7621|||||||||||||||||||||||||
1000014094||||||||||||||||||||||||||||||||||||||||||||||||||||||||||0|90412|90412|
1000014111||||||||||||||||||||||||||||||||||||||||||||||0|517|517|||||||||||||
1000014149||||||||||0|1511|1511|||||||||||||||||||||||||||||||||||||||||||||||||
1000014252||||||||||0|5860|5860||||||||||0|1927|1927|||||||||||||||||||||||||||||||||||||
1000014331||||||||||0|8388|8388|||||||||||||||||||||||||||||||||||||||||||||||||
1000014383||||||||||0|728|728||||||||||0|2572|2572||||||||||0|2941|2941|||||||||||||||||||||||||
1000014431||||||||||||||||||||||||||||||||||||||||||||||0|32501|32501|||||||||||||
1000014458||||||||||0|1708|1708||||||||||0|1499|1499||||||||||0|1317|1317|||||||||||||||||||||||||
1000014488||||||||||0|74481|74481|||||||||||||||||||||||||||||||||||||||||||||||||
1000014512|0|7442|7442|0|17567|17567|0|27002|27002|0|42843|42843|0|8831|8831|0|18538|18538|0|27149|27149|0|42484|42484|0|7643|7643|0|17431|17431|0|27659|27659|0|43506|43506|0|9458|9458|0|17999|17999|24|26339|26363|39|40245|40284|20|9655|9675|73|19487|19560|104|29082|29186|141|42550|42691|
1000014557||||||||||||||||||||||||||||||||||||||||||||||||||||||||||0|70057|70057|
1000014726||||||||||0|12779|12779||||||||||0|12660|12660||||||||||0|11576|11576|||||||||||||||||||||||||
1000014840||||||||||||||||||||||0|48596|48596||||||||||0|43297|43297|||||||||||||||||||||||||
1000014883||||||||||0|3277|3277||||||||||0|3245|3245||||||||||0|3422|3422||||||||||0|9447|9447|||||||||||||
1000015103||||||||||||||||||||||||||||||||||0|25268|25268|||||||||||||||||||||||||
1000015118||||||||||||||||||||||0|1645|1645|||||||||||||||||||||||||||||||||||||
1000015445||||||||||0|3904|3904||||||||||0|3925|3925||||||||||0|2426|2426||||||||||0|12639|12639||||||||||0|2913|2913|
1000015502||||||||||||||||||||||0|8454|8454||||||||||0|8877|8877||||||||||0|9318|9318||||||||||0|10052|10052|
1000015658||||||||||||||||||||||0|4163|4163|||||||||||||||||||||||||||||||||||||
1000015678||||||||||||||||||||||0|4916|4916||||||||||0|7205|7205|||||||||||||||||||||||||
1000016160||||||||||||||||||||||||||||||||||0|1516|1516|||||||||||||||||||||||||
1000016311||||||||||0|72974|72974||||||||||||||||||||||||||||||||||0|98825|98825||||||||||0|84609|84609|
1000016529||||||||||||||||||||||0|1354|1354||||||||||0|826|826|||||||||||||||||||||||||
1000016743||||||||||0|12569|12569|||||||||||||||||||||||||||||||||||||||||||||||||
1000016764||||||||||0|3813|3813||||||||||0|5043|5043||||||||||0|5830|5830|||||||||||||||||||||||||
1000016901||||||||||||||||||||||||||||||||||||||||||||||||||||||||||0|760220|760220|
1000016909||||||||||0|87989|87989||||||||||0|105672|105672|||||||||||||||||||||||||||||||||||||
1000016921|16857|115556|132413|35211|244265|279476|53856|371566|425422|72598|497939|570537|29596|143907|173503|47566|295683|343249|74157|446739|520896|103551|625381|728932|32235|174341|206576|59531|365376|424907|85965|549979|635944|122746|734147|856893|39812|169483|209295|70245|328524|398769|104460|488017|592477|151307|650044|801351|40173|157697|197870|94741|314951|409692|151386|463581|614967|177599|624558|802157|
1000016984||||||||||0|67346|67346|||||||||||||||||||||||||||||||||||||||||||||||||
1000017348||||||||||0|5071|5071|||||||||||||||||||||||||||||||||||||||||||||||||
1000017389||||||||||||||||||||||||||||||||||0|26667|26667|||||||||||||||||||||||||
1000017447||||||||||||||||||||||||||||||||||||||||||||||||||||||||||0|14239|14239|
1000017450||||||||||||||||||||||0|25266|25266||||||||||0|24209|24209|||||||||||||||||||||||||
1000018206||||||||||||||||||||||||||||||||||0|12847|12847|||||||||||||||||||||||||
1000018249||||||||||0|16247|16247||||||||||||||||||||||0|35489|35489||||||||||0|37691|37691|||||||||||||
1000018273||||||||||0|78519|78519||||||||||||||||||||||0|88056|88056||||||||||0|89438|89438||||||||||0|90717|90717|
1000018351||||||||||0|19712|19712||||||||||0|23108|23108||||||||||0|24095|24095||||||||||0|24150|24150||||||||||0|24120|24120|
1000018369||||||||||||||||||||||||||||||||||0|26116|26116||||||||||0|25839|25839||||||||||0|41830|41830|
1000018450||||||||||0|44369|44369||||||||||0|47533|47533||||||||||0|53597|53597||||||||||0|56464|56464||||||||||0|59522|59522|
1000018489|0|22127|22127|0|50127|50127|0|74556|74556|0|102067|102067|0|23812|23812|398|54925|55323|550|81888|82438|907|109815|110722|52|22356|22408|186|51268|51454|243|77062|77305|445|105039|105484|0|20863|20863|0|50045|50045|3|75408|75411|0|100419|100419|0|21642|21642|0|48772|48772|0|71283|71283|0|94719|94719|
1000018588|0|243196|243196|0|526465|526465|0|754424|754424|0|1055274|1055274|0|284356|284356|0|604947|604947|0|959510|959510|0|1399139|1399139|0|344784|344784|0|672259|672259|0|970529|970529|0|1321886|1321886|0|330795|330795|0|692327|692327|0|1042255|1042255|0|1384381|1384381|0|319075|319075|0|619280|619280|0|927426|927426|0|1264911|1264911|
1000018605||||||||||0|55322|55322||||||||||0|63821|63821|||||||||||||||||||||||||||||||||||||
1000018885|6897|8833|15730|24298|17702|42000|44544|22468|67012|72949|28892|101841|24369|5160|29529|46631|12528|59159|61465|18109|79574|75938|30061|105999|18685|9113|27798|39063|19498|58561|58230|30465|88695|83296|37667|120963|18918|9984|28902|44696|17791|62487|66850|23884|90734|93080|29540|122620|15994|9235|25229|30661|17187|47848|46640|26811|73451|67102|34484|101586|
1000019029||||||||||||||||||||||0|7397|7397||||||||||0|5901|5901|||||||||||||||||||||||||
1000019031||||||||||0|29411|29411||||||||||0|31199|31199||||||||||0|26937|26937||||||||||0|30371|30371||||||||||0|32617|32617|
1000019074||||||||||||||||||||||||||||||||||||||||||||||0|67833|67833|||||||||||||
1000019124||||||||||||||||||||||||||||||||||||||||||||||0|135268|135268|||||||||||||
1000019230||||||||||||||||||||||0|11428|11428|||||||||||||||||||||||||||||||||||||
1000019844||||||||||||||||||||||0|79252|79252|||||||||||||||||||||||||||||||||||||
1000020247||||||||||||||||||||||0|31305|31305|||||||||||||||||||||||||||||||||||||
1000020255||||||||||0|61306|61306||||||||||0|136713|136713||||||||||0|58551|58551|||||||||||||||||||||||||
1000020256||||||||||0|2411|2411||||||||||||||||||||||0|2373|2373|||||||||||||||||||||||||
1000020501||||||||||||||||||||||||||||||||||||||||||||||0|13360|13360||||||||||0|13608|13608|
1000020543||||||||||||||||||||||0|2189|2189||||||||||0|2788|2788|||||||||||||||||||||||||
1000020562||||||||||0|4668|4668||||||||||0|12436|12436||||||||||0|14104|14104||||||||||0|16116|16116||||||||||0|17878|17878|
1000020567||||||||||||||||||||||||||||||||||||||||||||||||||||||||||0|30584|30584|
1000020682||||||||||0|953|953|||||||||||||||||||||||||||||||||||||||||||||||||
1000020768||||||||||0|4797|4797||||||||||0|5957|5957||||||||||0|5392|5392|||||||||||||||||||||||||
1000021158|1845|24840|26685|1852|50300|52152|1836|69330|71166|1909|95082|96991|1609|26775|28384|2859|52892|55751|4190|76174|80364|5307|104122|109429|0|28501|28501|465|56622|57087|934|84629|85563|4442|111981|116423|0|29116|29116|45|72432|72477|4275|102563|106838|7465|129987|137452|287|29732|30019|3477|58525|62002|4144|85815|89959|4869|117475|122344|
1000021191||||||||||||||||||||||0|8605|8605||||||||||0|8167|8167|||||||||||||||||||||||||
1000021279||||||||||0|3301|3301|||||||||||||||||||||||||||||||||||||||||||||||||
1000021364||||||||||0|2280|2280|||||||||||||||||||||||||||||||||||||||||||||||||
1000021583||||||||||||||||||||||0|10502|10502||||||||||0|10597|10597||||||||||||||||||||||0|13511|13511|
1000021597||||||||||||||||||||||0|4373|4373||||||||||0|3279|3279|||||||||||||||||||||||||
1000021674||||||||||0|7764|7764||||||||||0|9119|9119|||||||||||||||||||||||||||||||||||||
1000021840||||||||||||||||||||||0|9746|9746||||||||||0|9680|9680|||||||||||||||||||||||||
1000021889||||||||||0|108122|108122||||||||||0|136163|136163|||||||||||||||||||||||||||||||||||||
1000022721||||||||||0|6050|6050|||||||||||||||||||||||||||||||||||||||||||||||||
1000023552||||||||||||||||||||||||||||||||||0|0|0|||||||||||||||||||||||||
1000023574||||||||||0|29429|29429||||||||||||||||||||||0|41708|41708|||||||||||||||||||||||||
1000023757||||||||||0|5954|5954|||||||||||||||||||||||||||||||||||||||||||||||||
1000023832||||||||||||||||||||||||||||||||||0|31532|31532|||||||||||||||||||||||||
1000024023||||||||||||||||||||||0|20067|20067|||||||||||||||||||||||||||||||||||||
1000024275||||||||||||||||||||||||||||||||||||||||||||||0|5172|5172|||||||||||||
1000024423||||||||||||||||||||||||||||||||||||||||||||||0|565|565|||||||||||||
1000019297||||||||||0|1709|1709||||||||||0|1911|1911||||||||||0|2504|2504||||||||||||||||||||||0|2481|2481|
1000005271||||||||||0|575054|575054||||||||||0|751636|751636||||||||||0|681909|681909||||||||||||||||||||||0|768658|768658|
1000025846|8944|361403|370347|19497|736836|756333|27998|1121408|1149406|37978|1513891|1551869|10915|391036|401951|22602|794978|817580|36965|1207231|1244196|51489|1634155|1685644|16053|433340|449393|32945|864659|897604|45511|1295640|1341151|65917|1717063|1782980|20778|423507|444285|44107|845377|889484|47729|1302889|1350618|93598|1717838|1811436|19399|439407|458806|42465|874350|916815|67825|1320566|1388391|92367|1751172|1843539|
1000023965||||||||||||||||||||||||||||||||||0|9895|9895|||||||||||||||||||||||||
1000025743||||||||||||||||||||||||||||||||||0|4430|4430||||||||||0|7046|7046|||||||||||||
1000025658||||||||||||||||||||||0|1925|1925||||||||||0|1925|1925|||||||||||||||||||||||||
1000026290||||||||||0|8400|8400|||||||||||||||||||||||||||||||||||||||||||||||||
1000025113||||||||||||||||||||||||||||||||||||||||||||||0|12482|12482|||||||||||||
1000025469||||||||||||||||||||||0|1653|1653|||||||||||||||||||||||||||||||||||||
1000026266||||||||||||||||||||||0|32828|32828|||||||||||||||||||||||||||||||||||||
1000005308||||||||||||||||||||||0|3603|3603|||||||||||||||||||||||||||||||||||||
1000025621||||||||||||||||||||||||||||||||||0|4873|4873|||||||||||||||||||||||||
1000024963||||||||||||||||||||||||||||||||||0|9366|9366||||||||||0|8080|8080|||||||||||||
1000019264||||||||||0|906|906||||||||||0|1445|1445||||||||||0|2722|2722||||||||||0|2845|2845||||||||||0|4802|4802|
1000026006||||||||||||||||||||||||||||||||||||||||||||||0|431827|431827||||||||||0|424338|424338|
1000028065||||||||||||||||||||||||||||||||||0|13915|13915|||||||||||||||||||||||||
1000028744||||||||||||||||||||||||||||||||||0|221726|221726|||||||||||||||||||||||||
1000027178||||||||||0|2545|2545|||||||||||||||||||||||||||||||||||||||||||||||||
1000027455||||||||||||||||0|200|200||||0|200|200||||||||||0|2400|2400|||||||||||||||||||||||||
1000027062||||||||||0|11932|11932||||||||||||||||||||||0|14738|14738|||||||||||||||||||||||||
1000028499||||||||||0|54908|54908|0|27994|27994|0|56188|56188|0|28194|28194|0|56629|56629|0|28538|28538|0|57373|57373|0|28835|28835|0|57915|57915|0|29186|29186|0|58679|58679|0|30208|30208|0|64112|64112|0|34267|34267|0|68162|68162|0|34409|34409|0|69154|69154|
1000029551||||||||||37224|612|37836|13840|20|13860|16923|91|17014|0|24454|24454|0|32420|32420|0|5110|5110|0|10028|10028|0|13542|13542|14247|1894|16141|22|2872|2894|3723|2230|5953|2101|4468|6569|2537|5993|8530|9035|47|9082|10042|7|10049|10620|638|11258|11913|1100|13013|
1000029126||||||||||||||||||||||0|5934|5934|||||||||||||||||||||||||||||||||||||
1000025307||||||||||0|5029|5029||||||||||0|3654|3654||||||||||0|3811|3811|||||||||||||||||||||||||
1000005425||||||||||0|4658|4658|||||||||||||||||||||||||||||||||||||||||||||||||
1000029587||||||||||||||||||||||||||||0|19265|19265||||0|14171|14171|||||||||||||||||||||||||
1000030256||||||||||||||||||||||0|3000|3000|||||||||||||||||||||||||||||||||||||
1000031434||||||||||||||||128002|494914|622916|0|0|0|456226|1383123|1839349|148906|489626|638532|308279|958063|1266342|463038|1352571|1815609|577161|1733598|2310759|112819|436786|549605|239884|861940|1101824|358135|1217496|1575631|462556|1562367|2024923|111169|387166|498335|235495|804476|1039971|342720|1193860|1536580|443350|1557449|2000799|
1000031256||||||||||||||||||||||0|7206|7206||||||||||0|7206|7206|||||||||||||||||||||||||
1000025339||||||||||0|1857|1857|0|910|910|0|1384|1384|0|2525|2525|0|3668|3668|0|1279|1279|0|2336|2336|0|3141|3141|0|5344|5344|0|2588|2588|0|5523|5523|0|8747|8747|88|14980|15068|588|2920|3508|1297|4954|6251|1910|7236|9146|2694|10287|12981|
1000026484||||||||||||||||||||||||||||||||||0|7873|7873|||||||||||||||||||||||||
1000029807||||||||||||||||||||||0|201|201|||||||||||||||||||||||||||||||||||||
1000029334||||||||||0|7281|7281||||||||||0|8480|8480||||||||||0|5804|5804|||||||||||||||||||||||||
1000025961||||||||||||||||||||||0|76519|76519||||||||||0|73947|73947|||||||||||||||||||||||||
1000029816||||||||||0|2500|2500||||||||||0|2746|2746||||||||||0|2807|2807|||||||||||||||||||||||||
1000029230||||||||||||||||||||||||||||||||||||||||||||||||||||||||||0|6000|6000|
1000029496||||||||||||||||||||||||||||||||||0|3200|3200||||||||||0|7000|7000|||||||||||||
1000004581||||||||||0|10137|10137||||||||||0|10730|10730||||||||||0|11192|11192||||||||||0|12180|12180||||||||||0|12028|12028|
1000001081|37710|15401|53111|75690|31148|106838|107172|47118|154290|137459|63844|201303|29621|11469|41090|57795|23131|80926|85044|39735|124779|112201|51579|163780|26754|9822|36576|52306|18237|70543|79185|26882|106067|112973|36645|149618|25371|13202|38573|51395|24176|75571|74877|34696|109573|99201|43648|142849|23909|8753|32662|47323|18337|65660|66033|26112|92145|108180|32179|140359|
1000002757||||||||||0|32763|32763||||||||||0|32128|32128||||||||||||||||||||||0|36632|36632||||||||||0|47189|47189|
1000001022||||||||||0|13092|13092||||||||||0|13707|13707|||||||||||||||||||||||||||||||||||||
1000015448||||||||||0|8488|8488|||||||||||||||||||||||||||||||||||||||||||||||||
1000001287|||||||||||||||||||||||||||||||||||||0|40000|40000||||||||||||||||||||||
1000001271||||||||||0|105283|105283||||||||||0|118984|118984||||||||||0|139727|139727||||||||||0|134201|134201|||||||||||||
1000028434||||||||||||||||||||||0|752|752||||||||||0|850|850||||||||||0|1309|1309|||||||||||||
1000001242||||||||||0|24926|24926||||||||||0|30298|30298|||||||||||||||||||||||||||||||||||||
1000018432||||||||||0|68183|68183||||||||||0|62307|62307|||||||||||||||||||||||||||||||||||||
1000031050||||||||||2658|416378|419036|2657|305040|307697|3404|845162|848566|5491|1333539|1339030|10793|2063230|2074023|||||||||||||||||||||||||||||||||||||
1000006613||||||||||0|4379|4379||||||||||0|3783|3783||||||||||||||||||||||0|4020|4020|||||||||||||
1000007489||||||||||0|11768|11768||||||||||0|12692|12692||||||||||0|7030|7030||||||||||0|9820|9820||||||||||0|9190|9190|
1000004964||||||||||0|3538|3538|||||||||||||||||||||||||||||||||||||||||||||||||
1000020758||||||||||0|10474|10474||||||||||0|5563|5563|||||||||||||||||||||||||||||||||||||
1000020845||||||||||||||||17194|197660|214854|26897|307096|333993|18487|420975|439462|1503|75256|76759|3980|153825|157805|4802|227292|232094|5713|268599|274312|682|24585|25267|1397|53176|54573|2017|86172|88189|2502|113802|116304|0|20630|20630|0|43989|43989|0|69950|69950|0|91649|91649|
1000029067||||||||||0|6602|6602||||||||||0|7774|7774|||||||||||||||||||||||||||||||||||||
1000025831||||||||||||||||||||||590928|74320|665248|229309|5663|234972|515439|8675|524114|748753|15371|764124|872036|80488|952524|57484|21701|79185|108712|37164|145876|121301|90451|211752|162339|137507|299846|92358|43723|136081|142760|71389|214149|179118|98185|277303|251957|140548|392505|
1000006561||||||||||||||||||||||||||||||||||0|0|0|||||||||||||||||||||||||
1000006500|0|260797|260797|0|672960|672960|0|1123693|1123693|0|1568007|1568007|0|511300|511300|0|1162700|1162700|0|2035800|2035800|0|3001300|3001300|0|720900|720900|0|1587100|1587100|0|2621100|2621100|0|3694600|3694600|0|946900|946900|0|2103800|2103800|0|3290900|3290900|0|4547300|4547300|0|1298300|1298300|0|2588200|2588200|0|4248400|4248400|0|4557000|4557000|
1000028054||||||||||0|7785|7785||||||||||0|4763|4763||||||||||||||||||||||0|3502|3502|||||||||||||
1000011593||||||||||||||||||||||||||||||||||||||||||||||0|11363|11363|||||||||||||
1000029931||||||||||||||||||||||||||||||||||0|1165|1165|||||||||||||||||||||||||
1000028720||||||||||0|111|111||||||||||0|38|38||||||||||0|255|255||||||||||0|37|37|||||||||||||
1000031889||||||||||||||||||||||||||||111812|75762|187574|450429|291307|741736|757629|508520|1266149|337124|219332|556456|690200|429052|1119252||||1338276|825485|2163761|409248|336763|746011|816632|620179|1436811|1194648|910105|2104753|1589841|1178862|2768703|
1000009590|1855|9889|11744|6364|25255|31619|9132|34752|43884|13604|55734|69338|623|11688|12311|4439|22798|27237|7612|32082|39694|15581|50736|66317|2267|8868|11135|3632|24547|28179|6750|35678|42428|8343|55991|64334|1644|15898|17542|4933|37530|42463|11553|50704|62257|12705|71750|84455|552|21490|22042|4344|35990|40334|7113|45253|52366|7680|59381|67061|
1000008436|0|21787|21787|0|48920|48920|0|78180|78180|0|102466|102466|0|21086|21086|0|39141|39141|0|56723|56723|0|74375|74375|0|12664|12664|0|23257|23257|0|35975|35975|0|54929|54929|0|16469|16469|0|29665|29665|0|45155|45155|0|71488|71488|0|14974|14974|0|29635|29635|0|54117|54117|0|82956|82956|
1000008019||||||||||0|3976|3976|||||||||||||||||||||||||||||||||||||||||||||||||
1000007594||||||||||0|1179|1179|||||||||||||||||||||||||||||||||||||||||||||||||
1000005759||||||||||||||||||||||||||||||||||||||||||||||0|14559|14559|||||||||||||
1000008002||||||||||0|267337|267337|||||||||||||||||||||||||||||||||||||||||||||||||
1000007493||||||||||0|11485|11485||||||||||0|14174|14174||||||||||0|12141|12141|||||||||||||||||||||||||
1000007831||||||||||||||||||||||||||||||||||||||||||||||0|110263|110263|0|28330|28330|0|59858|59858|0|97582|97582|0|135594|135594|
1000010495||||||||||||||||||||||0|600|600|||||||||||||||||||||||||||||||||||||
1000007720||||||||||||||||||||||0|1470|1470||||||||||0|3203|3203|||||||||||||||||||||||||
1000029704||||0|5|5||||0|566|566|||||||||||||||||||||||||||||||||||||||||||||||||
1000010681||||||||||||||||||||||0|20007|20007|||||||||||||||||||||||||||||||||||||
1000015247||||||||||||||||||||||||||||||||||||||||||||||0|6996|6996|||||||||||||
1000029984||||||||||0|559004|559004||||||||||||||||||||||0|793154|793154||||||||||0|819678|819678||||||||||0|915608|915608|
1000020808||||||||||0|5114|5114||||||||||0|5695|5695||||||||||0|6080|6080|||||||||||||||||||||||||
1000009723||||||||||0|15464|15464||||||||||||||||||||||||||||||||||0|39922|39922|||||||||||||
1000000001|1935|3878098|3880033|4870|7777705|7782575|9934|11779274|11789208|25010|15548540|15573550|18747|3752050|3770797|0|7672685|7672685|21249|11664723|11685972|27319|15448717|15476036|5320|3556271|3561591|21574|7162265|7183839|35313|10887647|10922960|39170|14516694|14555864|2332|3510974|3513306|5812|6935304|6941116|20401|10489068|10509469|13027|13973551|13986578|2878|3453893|3456771|15236|13597698|13612934|13926|10202604|10216530|217482|13520873|13738355|
1000009963||||||||||||||||||||||||||||||||||||||||||||||||||||||||||0|5147|5147|
1000000031|0|79607|79607|0|185925|185925|0|290085|290085|0|444245|444245|0|120424|120424|0|282363|282363|0|431888|431888|0|628936|628936|0|152253|152253|0|324988|324988|0|527527|527527|0|759440|759440|0|171166|171166|0|360123|360123|0|526139|526139|0|726191|726191|0|95364|95364|0|232130|232130|0|389421|389421|0|576382|576382|
1000000039|0|349603|349603|0|761867|761867|0|1190785|1190785|0|1703337|1703337|0|466702|466702|0|977601|977601|0|1542931|1542931|0|2207648|2207648|0|544702|544702|0|1098348|1098348|0|1614252|1614252|0|1995488|1995488|0|506589|506589|0|982534|982534|0|1459220|1459220|0|1916231|1916231|0|400628|400628|0|740482|740482|0|1182268|1182268|0|1659477|1659477|
1000000045|0|532436|532436|0|1245120|1245120|0|1856142|1856142|0|40214|40214|0|580782|580782|0|1225189|1225189|106843|1789970|1896813|638|2778787|2779425|161|706206|706367|378|1425745|1426123|119759|2037656|2157415|610|2845982|2846592|0|35773|35773|0|37399|37399|369|2221600|2221969|467|2913548|2914015|87|699412|699499|197|1421680|1421877|331|2165586|2165917|441|2784712|2785153|
1000000086|0|535072|535072|0|1100553|1100553|0|1657975|1657975|0|2202905|2202905|0|583675|583675|0|1231500|1231500|0|1888914|1888914|0|2497554|2497554|0|603475|603475|0|1245028|1245028|0|1899414|1899414|0|2520181|2520181|0|621150|621150|0|1286389|1286389|0|1972129|1972129|0|2599183|2599183|0|612777|612777|0|1259331|1259331|0|1928865|1928865|0|2498568|2498568|
1000000097|19453|368097|387550|40046|799177|839223|69591|1226078|1295669|98507|1747997|1846504|17961|431814|449775|42637|948820|991457|74759|1443815|1518574|97846|1974453|2072299|16825|475057|491882|41835|1014269|1056104|62434|1510312|1572746|78478|2037109|2115587|21702|460731|482433|40396|977768|1018164|62104|1429244|1491348|87721|1919702|2007423|20671|412451|433122|40070|895302|935372|64927|1330363|1395290|96448|1788017|1884465|
1000000099|363570|1032205|1395775|785502|2428274|3213776|1362587|3758226|5120813|1926070|5314227|7240297|595123|1536194|2131317|1172808|3271821|4444629|1692598|4787261|6479859|2063891|6447235|8511126|371378|1545848|1917226|58968|876328|935296|91893|1292252|1384145|296037|1545077|1841114|116507|323330|439837|220544|725647|946191|326949|1150680|1477629|419531|1579895|1999426|110795|354769|465564|248791|697432|946223|330232|1113009|1443241|463313|1521952|1985265|
1000000127|18802843|-2221108|16581735|38305813|-3384587|34921226|57065806|-4391819|52673987|75115692|-5253326|69862366|21467761|-3110525|18357236|46404434|-6171214|40233220|72065459|-8670591|63394868|89110629|-2551600|86559029|25765846|18399814|44165660|54351912|-4417038|49934874|81793006|-6312740|75480266|110679730|-10871310|99808420|28546297|-2333446|26212851|57912213|-4131455|53780758|86253932|-5953297|80300635|115350087|-7901335|107448752|30111403|-2093893|28017510|66734628|-9367483|57367145|99472304|-13419122|86053182|122546996|-8406077|114140919|
1000000133|27623|413123|440746|52015|824399|876414|77315|1272108|1349423|103051|1710644|1813695|23993|462765|486758|49303|928928|978231|80896|1431388|1512284|107413|1911340|2018753|25696|481397|507093|53503|957321|1010824|77911|1479420|1557331|106129|1956946|2063075|32033|562616|594649|64190|1115415|1179605|98884|1716719|1815603|126599|2516357|2642956|31280|822451|853731|61972|1652212|1714184|93054|2558168|2651222|127176|3372637|3499813|
1000000181|414|19385|19799|414|56021|56435|781|65512|66293|1596|83002|84598|440|43246|43686|440|100714|101154|440|119170|119610|953|147602|148555|156|39190|39346|156|84694|84850|658|96755|97413|658|114060|114718|584|26231|26815|871|78184|79055|1300|89547|90847|1565|100883|102448|127|25137|25264|926|73429|74355|1455|84199|85654|1821|97916|99737|
1000000190|0|652541|652541|0|1367440|1367440|0|2113510|2113510|0|2946654|2946654|0|724802|724802|0|1539707|1539707|0|2423234|2423234|0|3314547|3314547|0|832091|832091|0|1693591|1693591|0|2556216|2556216|0|3433322|3433322|0|830636|830636|0|1680063|1680063|0|2525264|2525264|0|3427920|3427920|0|814849|814849|0|1638391|1638391|0|2501468|2501468|0|3370481|3370481|
1000000233|0|48471|48471|0|112345|112345|0|173366|173366|0|248213|248213|0|78215|78215|0|162968|162968|0|251836|251836|0|355390|355390|0|110860|110860|0|220873|220873|0|306396|306396|0|382911|382911|0|76712|76712|0|156538|156538|0|212886|212886|0|275274|275274|0|53889|53889|0|116905|116905|0|182099|182099|0|247943|247943|
1000000241|0|926518|926518|0|1976132|1976132|0|3162430|3162430|0|4596667|4596667|0|1470908|1470908|0|3035115|3035115|0|4737827|4737827|0|6495048|6495048|0|1103396|1103396|0|2253365|2253365|0|3440754|3440754|0|4753978|4753978|0|1181493|1181493|0|2457690|2457690|0|3742050|3742050|0|5069103|5069103|0|1039587|1039587|0|2165961|2165961|0|3387670|3387670|0|4726211|4726211|
1000000267|1113610|570700|1684310|3334311|1467921|4802232|5051558|2273419|7324977|7291570|3116713|10408283|1883356|821740|2705096|3878088|1809501|5687589|5790703|2678637|8469340|7965612|3432205|11397817|1813715|748087|2561802|3592582|1445412|5037994|5203147|2200949|7404096|6941042|2924707|9865749|1585211|783978|2369189|3347311|2177257|5524568|5139938|3665609|8805547|7005616|5360309|12365925|1513188|875447|2388635|1749733|3100290|4850023|6294807|5674678|11969485|6631547|3902694|10534241|
1000000314|17396|94115|111511|36318|199131|235449|57861|303127|360988|77787|409115|486902|19624|101912|121536|44778|215685|260463|70236|329723|399959|100317|444264|544581|23672|103200|126872|50172|208292|258464|72845|322691|395536|93048|415673|508721|21997|87808|109805|45858|192031|237889|67355|286063|353418|86060|372205|458265|22876|76987|99863|48577|163652|212229|70500|257337|327837|106848|343472|450320|
1000000330|664|76814|77478|1902|165296|167198|3232|243409|246641|4217|323676|327893|1753|88550|90303|3371|185854|189225|4560|282198|286758|5751|379346|385097|949|96415|97364|1893|195563|197456|3081|288388|291469|3965|376021|379986|1371|90033|91404|3496|190724|194220|5429|279308|284737|7551|371749|379300|1975|87267|89242|4298|190109|194407|6053|291327|297380||||
1000000381|47818|118607|166425|97681|247920|345601|151740|373503|525243|205246|517186|722432|57932|152915|210847|122203|298996|421199|175983|441644|617627|245207|572195|817402|47582|131749|179331|99165|259088|358253|149121|384196|533317|197981|511532|709513|51876|131671|183547|68737|227400|296137|151582|389809|541391|204150|514875|719025|56199|137783|193982|128278|275077|403355|197595|419453|617048|267215|557090|824305|
1000000439|-32|292278|292246|644|602542|603186|1200|854867|856067|3675|1304246|1307921|0|290682|290682|402|654626|655028|406|1053242|1053648|594|1522740|1523334|0|423340|423340|123|962453|962576|512|1467674|1468186|1305|1862373|1863678|4289|270156|274445|19928|556352|576280|38217|789120|827337|77120|1128467|1205587|49724|280233|329957|148660|517333|665993|285006|706791|991797|419606|922426|1342032|
1000000451||||||||||||||||||||||||||||||||||0|81695|81695||||||||||||||||||||||0|79818|79818|
1000000532|3979|106247|110226|8337|180811|189148|8957|250786|259743|10876|354163|365039|6677|101207|107884|5077|209367|214444|8230|297474|305704|12327|421824|434151|4270|119812|124082|10713|257370|268083|14817|377572|392389|20209|511200|531409||||3839|271277|275116|4606|407056|411662|6778|590631|597409|409|171957|172366|2663|363026|365689|3157|563637|566794|3328|738858|742186|
1000000723||||||||||||||||||||||||||||||||||||||||||||||||||||0|8680|8680|9191|57530|66721|18384|120360|138744|
1000000743||||||||||0|21116|21116|||||||||||||||||||||||||||||||||||||||||||||||||
1000000785|178077|353762|531839|327916|698519|1026435|529790|1094484|1624274|718355|1513620|2231975|236259|466601|702860|519610|854107|1373717|741795|1238725|1980520|956770|1587615|2544385|183656|300139|483795|404874|568991|973865|632114|882901|1515015|922982|1222086|2145068|290420|399495|689915|655787|752257|1408044|989248|1152881|2142129|1390427|1499047|2889474|380077|384288|764365|909314|773061|1682375|1467795|1243223|2711018|1834788|1921806|3756594|
1000000810||||||||||||||||||||||||||||||||||||||||||||||0|41597|41597|||||||||||||
1000000833|0|260328|260328|0|615622|615622|0|902319|902319|0|1256750|1256750|0|253498|253498|0|649452|649452|0|994935|994935|0|1432385|1432385|0|352247|352247|0|839251|839251|0|1160054|1160054|0|1502628|1502628|0|174867|174867|0|424809|424809|0|651977|651977|0|954970|954970|0|274037|274037|0|579381|579381|0|823876|823876|0|1087621|1087621|
1000000872||||||||||||||||||||||||||||||||||||||||||||||0|197765|197765|||||||||||||
1000000882||||||||||||||||||||||||||||||||||0|98603|98603|||||||||||||||||||||||||
1000001056||||||||||||||||||||||0|41782|41782||||||||||0|29767|29767||||||||||||||||||||||0|34426|34426|
1000001143|93185|698708|791893|211576|1488233|1699809|324403|2232944|2557347|459206|3093190|3552396|245369|711899|957268|619766|1529977|2149743|944276|2384008|3328284|1432752|3359486|4792238|223999|724987|948986|482250|1515614|1997864|835398|2273334|3108732|1217959|3150402|4368361|403936|750207|1154143|671898|1646976|2318874|1010840|2432584|3443424|1829623|3401737|5231360|367557|770721|1138278|852888|1598260|2451148|1274170|2422585|3696755|1698803|3435708|5134511|
1000001220||||||||||0|1671|1671||||||||||||||||||||||||||||||||||0|6072|6072||||||||||0|3884|3884|
1000001354||||||||||0|15319|15319||||||||||0|16365|16365|||||||||||||||||||||||||||||||||||||
1000001367||||||||||||||||||||||||||||||||||||||||||||||0|294695|294695||||||||||0|332950|332950|
1000001379|11288|30508|41796|22011|52807|74818|29757|77743|107500|40988|115476|156464|0|34293|34293|0|67335|67335|0|108838|108838|0|147605|147605|0|36824|36824|0|81410|81410|0|127602|127602|0|170735|170735|0|32534|32534|0|67048|67048|0|110219|110219|149445|3047|152492|35460|60|35520|72763|740|73503|109881|820|110701|147657|1266|148923|
1000001438|400|20130|20530|742|43834|44576|1686|68906|70592|2627|115409|118036|496|19775|20271|1095|45782|46877|1455|71394|72849|1787|120660|122447|2203|25644|27847|2779|56928|59707|3980|84119|88099|4658|136254|140912|684|28596|29280|1133|63704|64837|1641|90443|92084|1918|126422|128340|685|26174|26859|1553|59369|60922|1796|85776|87572||||
1000001472||||||||||0|228767|228767||||||||||||||||||||||0|236764|236764||||||||||0|291443|291443||||||||||0|280571|280571|
1000001508||||||||||||||||||||||0|42423|42423|||||||||||||||||||||||||||||||||||||
1000001536||||||||||0|4764|4764||||||||||0|4601|4601||||||||||0|5515|5515||||||||||0|7736|7736||||||||||0|8828|8828|
1000001636||||||||||||||||||||||0|32447|32447||||||||||0|45086|45086||||||||||0|47379|47379||||||||||0|41573|41573|
1000001659|0|1890700|1890700|0|3091700|3091700|0|4277000|4277000|0|6298900|6298900|0|2962900|2962900|0|4575000|4575000|0|6499500|6499500|0|9275100|9275100|0|3188600|3188600|0|5166600|5166600|0|7412300|7412300|0|9877600|9877600|0|3190200|3190200|0|5052800|5052800|||||||||||||||||||
1000001664||||||||||||||||||||||||||||||||||||||||||||||0|2344|2344|||||||||||||
1000001668||||||||||||||||||||||0|7423|7423|||||||||||||||||||||||||||||||||||||
1000001762|0|20477|20477|0|39473|39473|0|60506|60506|0|81899|81899|0|19061|19061|0|42078|42078|0|65132|65132|0|87867|87867|0|18339|18339|0|36027|36027|0|53995|53995|0|73580|73580|0|16425|16425|0|34351|34351|0|53615|53615|0|73613|73613|0|19383|19383|0|37834|37834|0|55839|55839|0|74362|74362|
1000001809|||||||||||||||||||||||||0|4837|4837|0|10649|10649|0|13359|13359|0|17850|17850||||0|10267|10267|0|14982|14982|0|21060|21060|0|4739|4739|0|10658|10658|0|16430|16430|0|22593|22593|
1000001853||||||||||||||||||||||0|94017|94017|||||||||||||||||||||||||||||||||||||
1000001873|12391|19674|32065|26769|34913|61682|39067|68512|107579|51901|89652|141553|12076|11982|24058|26681|26233|52914|42553|42516|85069|63101|53129|116230|14785|21617|36402|32470|38309|70779|52245|68714|120959|71565|81540|153105|17237|28598|45835|36018|47755|83773|62309|66671|128980|72900|76392|149292|7879|16438|24317|15856|35794|51650|21239|50015|71254|26272|72940|99212|
1000001963|0|356602|356602|0|871265|871265|0|1424757|1424757|0|2070382|2070382|0|559573|559573|0|1189788|1189788|0|1920267|1920267|0|2754508|2754508|0|665983|665983|0|1419847|1419847|0|2165645|2165645|0|3065015|3065015|0|731292|731292|0|1649389|1649389|0|2554023|2554023|0|3713617|3713617|0|833010|833010|0|1875062|1875062|0|2929321|2929321|0|4252067|4252067|
1000001981||||||||||0|3942|3942||||||||||0|5245|5245||||||||||0|4855|4855|||||||||||||||||||||||||
1000001982||||||||||0|417|417||||||||||||||||||||||0|986|986||||||||||0|1344|1344|||||||||||||
1000001993||||||||||16774|1337|18111||||||||||29634|1268|30902||||||||||25807|1840|27647||||||||||23299|1797|25096||||||||||28442|2669|31111|
1000002093|964361|137401|1101762|1832737|338441|2171178|2644521|486348|3130869|3865466|621120|4486586|1123624|121826|1245450|2239354|190151|2429505|3144017|266940|3410957|4418811|441339|4860150|1341748|98087|1439835|2955779|304757|3260536|4741816|435557|5177373|6795351|612961|7408312|2218258|65369|2283627|4526386|293332|4819718|6997053|525775|7522828|9777234|998771|10776005|2833832|309258|3143090|5272688|1164515|6437203|8503051|957510|9460561|11327954|1455558|12783512|
1000002101|152242|104989|257231|310877|210437|521314|476560|322726|799286|633252|449320|1082572|179691|101947|281638|337967|213159|551126|482834|315530|798364|609351|412375|1021726|129280|98815|228095|241584|215516|457100|362661|331130|693791|478580|449099|927679|120828|103229|224057|247646|216876|464522|380990|319916|700906|501900|437529|939429|135794|104310|240104|260658|203963|464621|366821|307987|674808|474043|415485|889528|
1000002116||||||||||0|1129|1129||||||||||0|1992|1992||||||||||0|4686|4686|||||||||||||||||||||||||
1000002138|0|13680|13680|0|35566|35566|0|55232|55232|0|94788|94788|0|21949|21949|0|46445|46445|0|65995|65995|0|90102|90102|0|22130|22130|0|42641|42641|0|62562|62562|0|83127|83127|0|16268|16268|0|31421|31421|0|51388|51388|0|71606|71606|0|20614|20614|0|42459|42459|0|67727|67727|0|91607|91607|
1000002148||||||||||||||||||||||0|16150|16150||||||||||0|7325|7325|||||||||||||||||||||||||
1000002161||||||||||0|13664|13664||||||||||0|22893|22893||||||||||||||||||||||0|29668|29668||||||||||0|35305|35305|
1000002204|888900|1147800|2036700|1783800|2274300|4058100|2757300|3311100|6068400|3906200|4185300|8091500|716000|929000|1645000|1390900|2116800|3507700|2057500|3320500|5378000|2871900|4313900|7185800|639400|1044300|1683700|1307900|2183500|3491400|1927700|3309900|5237600|2649400|4155400|6804800|671300|1057400|1728700|1393200|2095200|3488400|2059000|3143000|5202000|2829200|3982700|6811900|674300|1023600|1697900|1365800|1937000|3302800|2012400|2870300|4882700|2725000|3630500|6355500|
1000002214||||||||||0|37092|37092|||||||||||||||||||||||||||||||||||||||||||||||||
1000002237|1925|3170|5095|3594|6618|10212|5753|7210|12963|6138|8558|14696|1426|1191|2617|3614|2709|6323|5269|3780|9049|8931|5021|13952|2097|1608|3705|4597|3321|7918|7734|4457|12191|12849|5942|18791|0|5233|5233|8620|2351|10971|14088|3345|17433|17702|4561|22263|5303|935|6238|9371|1919|11290|0|17043|17043|17501|4725|22226|
1000002245||||||||||0|94630|94630||||||||||0|94630|94630||||||||||0|76166|76166|||||||||||||||||||||||||
1000002299||||||||||||||||||||||||||||||||||||||||||||||0|9483|9483||||||||||0|8139|8139|
1000002326||||||||||0|40829|40829|||||||||||||||||||||||||||||||||||||||||||||||||
1000002425||||4471|46972|51443||||||||||5246|41765|47011||||||||||6554|41795|48349||||||||||5932|40134|46066||||||||||6132|39602|45734|||||||
1000002457||||||||||||||||||||||||||||||||||0|336776|336776|||||||||||||||||||||||||
1000002558||||||||||0|29846|29846||||||||||0|21747|21747||||||||||0|21747|21747||||||||||0|46429|46429||||||||||0|46429|46429|
1000002591||||||||||0|24362|24362||||||||||0|38080|38080||||||||||0|38299|38299||||||||||0|33981|33981||||||||||0|41709|41709|
1000002691||||||||||||||||||||||||||||||||||||||||||||||||||||||||||0|43054|43054|
1000002770||||||||||0|2103|2103||||||||||0|1393|1393||||||||||0|2277|2277|||||||||||||||||||||||||
1000003077||||||||||0|2775|2775|||||||||||||||||||||||||||||||||||||||||||||||||
1000003199||||||||||||||||||||||||||||||||||||||||||||||0|19093|19093||||||||||0|19645|19645|
1000003243|0|14609|14609|0|20610|20610|0|31779|31779|0|58923|58923|0|17861|17861|0|24814|24814|0|36396|36396|0|63417|63417|0|17037|17037|0|22133|22133|0|31238|31238|0|56371|56371|0|15369|15369|0|19148|19148|0|25457|25457|0|44153|44153|0|15647|15647|0|19082|19082|0|26462|26462|0|47608|47608|
1000003390|696|13603|14299|1375|28397|29772|2221|43334|45555|3050|58392|61442|762|15204|15966|1532|30553|32085|2409|46687|49096|2653|61870|64523|0|16321|16321|0|33475|33475|0|50783|50783|0|68298|68298|0|16994|16994|0|38518|38518|0|55455|55455|0|73038|73038|0|17305|17305|0|34034|34034|0|51371|51371|0|69460|69460|
1000003448||||||||||0|14545|14545||||||||||0|15615|15615||||||||||0|14071|14071|||||||||||||||||||||||||
1000003465||||||||||||||||||||||||||||||||||||||||||||||0|8119|8119|||||||||||||
1000003680||||||||||||||||||||||||||||||||||0|6118|6118||||||||||0|5606|5606||||||||||0|5562|5562|
1000003738||||||||||0|109077|109077||||||||||0|107679|107679||||||||||0|105051|105051|||||||||||||||||||||||||
1000003793||||||||||0|6195|6195||||||||||0|8825|8825||||||||||0|11039|11039||||||||||0|13148|13148|||||||||||||
1000003808||||||||||0|56074|56074|||||||||||||||||||||||||||||||||||||||||||||||||
1000003847|0|4615|4615|0|9938|9938|0|16794|16794|0|22352|22352|0|3561|3561|0|11042|11042|0|13604|13604|0|15146|15146|0|1703|1703|0|4522|4522|0|7464|7464|0|11335|11335|0|3599|3599|0|7040|7040|0|16253|16253|0|17947|17947|0|2765|2765|0|7375|7375|0|12371|12371|0|15386|15386|
1000003985|0|138113|138113|0|295497|295497|0|436862|436862|0|554724|554724|0|139083|139083|0|276030|276030|0|420250|420250|0|524145|524145|0|129919|129919|0|265832|265832|0|405491|405491|0|537441|537441|0|132783|132783|0|269152|269152|0|405782|405782|0|542110|542110|0|134742|134742|0|231717|231717|0|358172|358172|0|489356|489356|
1000004056||||||||||||||||||||||0|2185|2185|||||||||||||||||||||||||||||||||||||
1000004079||||||||||0|375778|375778||||||||||0|199001|199001|||||||||||||||||||||||||||||||||||||
1000004171||||||||||||||||||||||0|0|0|||||||||||||||||||||||||||||||||||||
1000004218||||||||||||||||||||||||||||||||||||||||||||||0|294|294|||||||||||||
1000004238||||||||||0|22579|22579||||||||||0|28089|28089||||||||||0|26078|26078|||||||||||||||||||||||||
1000004386||||||||||0|6897|6897||||||||||||||||||||||||||||||||||0|10002|10002||||||||||0|8954|8954|
1000004396||||||||||0|8665|8665||||||||||0|9230|9230||||||||||0|12478|12478||||||||||0|13105|13105||||||||||0|12725|12725|
1000004547||||||||||||||||||||||0|20676|20676||||||||||0|17309|17309||||||||||0|14323|14323|||||||||||||
1000004596||||||||||0|31303|31303||||||||||0|33661|33661||||||||||0|30183|30183||||||||||0|25896|25896|||||||||||||
1000004629|5026|2244|7270|8269|4875|13144|10316|7358|17674|10975|9971|20946|728|2055|2783|1560|3775|5335|2375|5032|7407|2838|8514|11352|464|5486|5950|1302|9272|10574|3245|13240|16485|4903|15803|20706|812|2056|2868|||||||3060|5672|8732||||||||||991|956|1947|
1000004911||||||||||0|3862|3862||||||||||0|4685|4685|||||||||||||||||||||||||||||||||||||
1000005090||||||||||||||||||||||0|30738|30738||||||||||0|56458|56458|||||||||||||||||||||||||
1000005146||||||||||0|19539|19539||||||||||0|20728|20728||||||||||0|20672|20672|||||||||||||||||||||||||
1000005610|||||||||||||0|3834|3834||||||||||0|5264|5264||||||||||0|5672|5672||||||||||0|5814|5814||||||||||
1000005698||||||||||||||||||||||||||||||||||||||||||||||0|11131|11131|||||||||||||
1000005779||||||||||0|46779|46779|||||||||||||||||||||||||||||||||||||||||||||||||
1000005828||||||||||0|0|0|||||||||||||||||||||||||||||||||||||||||||||||||
1000005847||||||||||0|4706|4706||||||||||0|4723|4723||||||||||0|5193|5193|||||||||||||||||||||||||
1000005957|21752|27962|49714|32134|48942|81076|53262|65455|118717|69874|112146|182020|16232|41189|57421|29086|94426|123512|66937|119651|186588|109397|156774|266171|26728|30084|56812|62445|64009|126454|86810|99301|186111|106870|171429|278299|14933|53327|68260|36196|97556|133752|47319|136124|183443|78662|171636|250298|25510|18149|43659|0|98513|98513|83633|62086|145719|123711|111073|234784|
1000005961||||||||||0|29844|29844||||||||||0|37095|37095||||||||||0|34920|34920||||||||||0|24402|24402||||||||||0|20417|20417|
1000006046|150792|2811|153603|243621|5672|249293|371359|11339|382698|511606|14610|526216|190124|4280|194404|388662|8339|397001|570006|13547|583553|715601|18102|733703|0|0|0|278868|840|279708|397605|1627|399232|497796|2790|500586|114324|834|115158|204952|1831|206783|296191|3339|299530|373136|5051|378187|160636|561|161197|283557|1354|284911|393204|3091|396295|483961|5976|489937|
1000006168||||||||||0|5536|5536|||||||||||||||||||||||||||||||||||||||||||||||||
1000006306||||||||||0|100220|100220|||||||||||||||||||||||||||||||||||||||||||||||||
1000006308||||||||||0|6113|6113||||||||||0|8703|8703||||||||||0|8936|8936||||||||||0|7706|7706|||||||||||||
1000006354||||||||||||||||||||||||||||||||||||||||||||||||||||||||||0|3464|3464|
1000006557||||||||||0|5773|5773||||||||||0|6458|6458||||||||||0|6109|6109|||||||||||||||||||||||||
1000006591||||||||||||||||||||||0|6377|6377||||||||||0|6692|6692|||||||||||||||||||||||||
1000006778|||||||||||||||||||0|2028|2028||||||||||||||||||||||||||||||||||||||||
1000006915||||||||||0|22156|22156||||||||||0|23266|23266||||||||||0|59896|59896||||||||||0|77121|77121||||||||||0|81383|81383|
1000007012||||||||||||||||||||||0|5221|5221||||||||||||||||||||||0|24293|24293|||||||||||||
1000007044|260|22395|22655|818|44909|45727|1029|68208|69237|1424|96802|98226|417|19698|20115|681|39559|40240|1248|64999|66247|1672|90198|91870|474|23180|23654|910|48252|49162|1805|72002|73807|2327|98733|101060|218|19626|19844|978|44431|45409|1200|73251|74451|104344|1839|106183|45|24758|24803|1562|51578|53140|1976|90310|92286|2107|118654|120761|
1000007065|0|188430|188430|0|382970|382970|0|574989|574989|0|776251|776251|0|212489|212489|0|434369|434369|0|663381|663381|0|905320|905320|0|180056|180056|0|346664|346664|0|543330|543330|0|711757|711757|0|190688|190688|0|388175|388175|0|584636|584636|0|644|644|0|165181|165181|0|333926|333926|0|508922|508922|0|670550|670550|
1000007104|1547|93920|95467|2774|197433|200207|3995|304018|308013|5845|406295|412140|1463|115418|116881|2914|283794|286708|4914|458229|463143|6368|625199|631567|1764|165398|167162|3783|336194|339977|5648|507650|513298|7664|670834|678498|1724|162931|164655|3629|338360|341989|5410|510660|516070|7377|670772|678149|1613|158755|160368|3176|328181|331357|4451|508860|513311|6036|668228|674264|
1000007198||||||||||||||||||||||||||||||||||0|2100|2100|||||||||||||||||||||||||
1000007427|0|65388500|65388500|0|129060100|129060100|0|203039300|203039300|0|279604800|279604800|0|77781500|77781500|0|154985100|154985100|0|231766800|231766800|0|302231400|302231400|0|63745400|63745400|0|123750900|123750900|0|191155600|191155600|0|258935500|258935500|0|71915600|71915600|0|145983900|145983900|0|225082600|225082600|0|300870900|300870900|0|79140500|79140500|0|153706800|153706800|0|239768600|239768600|0|333605900|333605900|
1000007474|3063|21010|24073|13172|76239|89411|33092|140285|173377|48623|178561|227184|5977|21458|27435|13498|67489|80987|50715|113608|164323|58083|142392|200475|3048|16210|19258|15772|46518|62290|42451|75653|118104|48737|98805|147542|2562|26228|28790|8426|58834|67260|29017|89834|118851|34605|123152|157757|0|34297|34297|0|81800|81800|0|138226|138226|0|167910|167910|
1000007514||||||||||||||||||||||||||||||||||||||||||||||0|1996|1996|||||||||||||
1000007531||||||||||0|14743|14743||||||||||0|31526|31526||||||||||0|58833|58833||||||||||0|31648|31648|||||||||||||
1000007577|53836|4294|58130|109565|11299|120864|266038|18233|284271|466237|22297|488534|108056|4012|112068|222796|18981|241777|412305|44323|456628|536681|68220|604901|79606|23471|103077|169178|48137|217315|343944|72193|416137|524818|55718|580536|115936|22641|138577|240528|41472|282000|394517|74795|469312|543282|104627|647909|109734|28436|138170|213268|59420|272688|339715|96531|436246|474668|128442|603110|
1000007637||||||||||0|7815|7815||||||||||||||||||||||0|10829|10829||||||||||0|15283|15283|||||||||||||
1000007656||||||||||||||||||||||0|75888|75888||||||||||0|156791|156791|||||||||||||||||||||||||
1000008264||||0|1779|1779||||||||||||||||||||||||||||0|3421|3421|||||||||||||||||||||||||
1000008387|26111|209859|235970|53057|451431|504488|90665|681338|772003|136925|933457|1070382|53962|279195|333157|116939|606173|723112|166113|896324|1062437|212169|1204285|1416454|56077|319965|376042|112437|601837|714274|161991|964061|1126052|221132|1277474|1498606|44835|357328|402163|90092|722049|812141|147614|1067220|1214834|202597|1524507|1727104|170146|469151|639297|347845|934742|1282587|523744|1408261|1932005|651076|1894622|2545698|
1000008442||||||||||0|96912|96912||||||||||||||||||||||0|132993|132993||||||||||0|145750|145750||||||||||0|147158|147158|
1000008572||||||||||0|5130|5130|||||||||||||||||||||||||||||||||||||||||||||||||
1000008596||||||||||||||||||||||||||||||||||||||||||||||||||||||||||0|7194|7194|
1000008841||||||||||0|1161|1161|||||||||||||||||||||||||||||||||||||||||||||||||
1000009098|0|83099|83099|0|163913|163913|0|258156|258156|0|355783|355783|0|90210|90210|0|194535|194535|0|304055|304055|0|408317|408317|0|94904|94904|0|190197|190197|0|295799|295799|0|396938|396938|0|110429|110429|0|210028|210028|0|316216|316216|0|430978|430978|0|108360|108360|0|216260|216260|0|340801|340801|0|454852|454852|
1000009102|123829|1108243|1232072|244461|107404|351865|367965|160385|528350|491814|218721|710535|122325|59391|181716|246231|122783|369014|361815|177460|539275|473188|222564|695752|109153|39464|148617|229250|89901|319151|351823|138995|490818|466203|190432|656635|122928|61432|184360|256944|129022|385966|388698|182995|571693|527774|233685|761459|155244|60784|216028|339913|135591|475504|545740|234130|779870|734652|356598|1091250|
1000009376|74796|13482|88278|148801|26931|175732|227546|39253|266799|344317|53003|397320||||207983|35124|243107|315933|51167|367100|0|485113|485113|120238|16960|137198|231210|32606|263816|348073|47591|395664|453366|64061|517427|131011|17649|148660|262890|33671|296561|384605|47591|432196|504|66|570|144131|19036|163167|301469|38058|339527|441733|56278|498011|587095|76521|663616|
1000009506||||||||||||||||||||||||||||||||||||||||||||||||||||||||||0|262728|262728|
1000009599||||||||||||||||||||||||||||||||||||||||||||||0|32672|32672|0|6655|6655|0|17054|17054|0|24655|24655|0|38174|38174|
1000009739||||||||||0|4279|4279|||||||||||||||||||||||||||||||||||||||||||||||||
1000010038|581|30770|31351|1057|64684|65741|1337|99531|100868|2667|137490|140157|407|42518|42925|1273|79986|81259|1776|121867|123643|2654|165083|167737|1120|46431|47551|1707|95903|97610|2189|140511|142700|2468|184686|187154|622|43732|44354|918|88364|89282|1709|136394|138103|2748|187687|190435|522|49858|50380|1176|99500|100676|1503|151375|152878|2217|198986|201203|
1000010107||||||||||0|5030|5030|||||||||||||||||||||||||||||||||||||||||||||||||
1000010157||||||||||||||||||||||0|0|0||||||||||0|20598|20598||||||||||0|27413|27413|||||||||||||
1000010210||||||||||0|3520|3520||||||||||0|5065|5065||||||||||||||||||||||0|11365|11365|||||||||||||
1000010298||||||||||0|428512|428512||||||||||||||||||||||0|533452|533452||||||||||0|505977|505977||||||||||0|548147|548147|
1000010331||||||||||0|18295|18295||||||||||0|22838|22838||||||||||||||||||||||0|20371|20371||||||||||0|19298|19298|
1000010395||||||||||0|171679|171679||||||||||0|197021|197021||||||||||0|219232|219232||||||||||0|254776|254776|||||||||||||
1000010700||||||||||0|16009|16009||||||||||0|20208|20208||||||||||0|21609|21609|||||||||||||||||||||||||
1000010793||||||||||0|1432|1432||||||||||0|1623|1623||||||||||0|1672|1672|||||||||||||||||||||||||
1000010891||||||||||0|1871|1871||||||||||0|3429|3429||||||||||0|3412|3412|||||||||||||||||||||||||
1000010986||||||||||0|1513|1513||||||||||0|423|423||||||||||0|1066|1066|||||||||||||||||||||||||
1000010997||||||||||0|3457|3457||||||||||0|3607|3607||||||||||0|3744|3744|||||||||||||||||||||||||
1000011042||||||||||||||||||||||0|1328|1328||||||||||0|3182|3182|||||||||||||||||||||||||
1000011951||||||||||0|57354|57354||||||||||0|74943|74943||||||||||0|144852|144852|||||||||||||||||||||||||
1000012075||||||||||0|53032|53032||||||||||0|54587|54587||||||||||0|60585|60585||||||||||0|63556|63556||||||||||0|65062|65062|
1000012158||||||||||0|129409|129409||||||||||0|154009|154009||||||||||0|156479|156479||||||||||||||||||||||0|149675|149675|
1000012337|8400|85073|93473|16409|189034|205443|24834|277913|302747|34212|362253|396465|7148|81850|88998|11829|177579|189408|20635|272318|292953|28878|370522|399400|12823|103110|115933|28243|203341|231584|38744|309238|347982|49900|420819|470719|15021|110567|125588|123272|146085|269357|174893|221092|395985|63688|460642|524330|15791|102575|118366|35415|244685|280100|56038|406433|462471|72952|567976|640928|
1000012506||||||||||0|477503|477503||||||||||0|366187|366187||||||||||0|364886|364886|||||||||||||||||||||||||
1000012547|10896|15439|26335|28337|31930|60267|43787|45018|88805|65111|63388|128499|19399|20171|39570|39102|39464|78566|65054|54812|119866|92072|67402|159474|31330|13587|44917|68471|25000|93471|98114|35612|133726|129801|46826|176627|31804|10861|42665|66736|30504|97240|107044|45682|152726|137736|63563|201299|26778|15600|42378|43617|33521|77138|63507|49869|113376|88549|65040|153589|
1000012623|419|6825|7244|845|11983|12828|1270|30158|31428|1613|42117|43730|334|10445|10779|602|22043|22645|871|34261|35132|1308|46826|48134|361|12622|12983|928|17952|18880|1347|36732|38079|1615|52134|53749|266|12489|12755|528|23889|24417|793|37676|38469|1069|53864|54933|274|14773|15047|738|29981|30719|1340|45444|46784|1345|68216|69561|
1000012684||||||||||||||||||||||||||||||||||||||||||||||||||||||||||0|22942|22942|
1000012747||||||||||||||||||||||0|11932|11932||||||||||0|16338|16338|||||||||||||||||||||||||
1000012778||||||||||0|178|178||||||||||0|541|541||||||||||0|618|618|||||||||||||||||||||||||
1000013245||||||||||0|48722|48722|||||||||||||||||||||||||||||||||||||||||||||||||
1000013390||||||||||0|14137|14137||||||||||0|9855|9855||||||||||0|9242|9242||||||||||||||||||||||0|8067|8067|
1000013518||||||||||||||||||||||||||||||||||0|14904|14904||||||||||||||||||||||0|11754|11754|
1000013560||||||||||||||||||||||||||||||||||0|881|881|||||||||||||||||||||||||
1000013802||||||||||0|7301|7301|||||||||||||||||||||||||||||||||||||||||||||||||
1000013899||||||||||||||||||||||0|15671|15671||||||||||0|14353|14353||||||||||0|14062|14062|||||||||||||
1000014112||||||||||||||||||||||||||||||||||||||||||||||||||||||||||0|161416|161416|
1000014129||||||||||0|9941|9941||||||||||0|9955|9955|||||||||||||||||||||||||||||||||||||
1000014300|83700|114178|197878|166467|248043|414510|252365|375176|627541|339457|520299|859756|98994|150391|249385|212060|308186|520246|333440|452859|786299|441977|603903|1045880|115553|143408|258961|228060|287740|515800|340577|424193|764770|443469|564651|1008120|108466|135205|243671|223306|277774|501080|329767|413334|743101|438768|551798|990566|120716|133265|253981|229608|282952|512560|331150|428817|759967|434749|557913|992662|
1000014330||||||||||||||||||||||0|39249|39249||||||||||0|35732|35732||||||||||0|31445|31445||||||||||0|26970|26970|
1000014406|2880|29200|32080|5987|59718|65705|9346|87746|97092|12217|119986|132203|3097|32137|35234|7079|67570|74649|12560|100593|113153|16998|136457|153455|4248|32914|37162|7338|70905|78243|11194|107611|118805|14971|147123|162094|4304|39856|44160|7326|80351|87677|11124|121056|132180|14193|162672|176865|4909|41857|46766|9672|87634|97306|14508|136598|151106|19463|186207|205670|
1000014569||||||||||0|19665|19665||||||||||0|23277|23277||||||||||0|34770|34770||||||||||0|38409|38409||||||||||0|54301|54301|
1000014575|656|5709|6365|1119|11663|12782|1174|17208|18382|3600|23106|26706|4058|5686|9744|7477|11861|19338|8640|17296|25936|11910|22349|34259|2479|4053|6532|5855|10083|15938|8340|14992|23332|10491|20743|31234|1957|4214|6171|4564|11154|15718|6490|17602|24092|7928|23389|31317|1065|5391|6456|3199|12087|15286|4795|17711|22506|7210|25800|33010|
1000014599||||||||||||||||||||||0|4801|4801|||||||||||||||||||||||||||||||||||||
1000014676|||||||||||||||||||15443|46025|61468|20829|61521|82350|2816|13595|16411|6192|26335|32527|9210|38115|47325|12802|49471|62273|3945|11953|15898|8477|25023|33500|12662|39344|52006|16258|54045|70303|3923|15015|18938|7811|30052|37863|11926|46916|58842|16821|66268|83089|
1000014680|||||||||||||||||||64609|11261|75870|0|128372|128372|15825|4491|20316|32042|7582|39624|46365|16369|62734|67422|25374|92796|12619|4977|17596|34572|8557|43129|51757|11561|63318|72941|19891|92832|10902|7417|18319|31035|16172|47207|46724|23574|70298|73079|22137|95216|
1000014719||||||||||0|4049|4049|||||||||||||||||||||||||||||||||||||||||||||||||
1000014774||||||||||0|5108|5108||||||||||0|5570|5570||||||||||0|5838|5838|||||||||||||||||||||||||
1000015393||||||||||||||||||||||||||||||||||0|3476|3476|||||||||||||||||||||||||
1000015438||||||||||||||||||||||||||||||||||||||||||||||||||||||||||0|618271|618271|
1000016049||||||||||0|12260|12260||||||||||0|8734|8734|||||||||||||||||||||||||||||||||||||
1000016219||||||||||||||||||||||||||||||||||||||||0|8403|8403|0|11755|11755|0|16165|16165|0|3333|3333|0|7943|7943|0|12774|12774|0|16591|16591|
1000016246||||||||||0|8494|8494||||||||||0|9812|9812||||||||||0|9584|9584||||||||||0|9087|9087||||||||||0|9280|9280|
1000016283||||||||||0|5850|5850|||||||||||||||||||||||||||||||||||||||||||||||||
1000016690||||||||||||||||||||||||||||||||||0|20152|20152|||||||||||||||||||||||||
1000016709||||||||||0|2040|2040||||||||||0|4261|4261||||||||||0|1407|1407|||||||||||||||||||||||||
1000016747|0|366732|366732|0|852618|852618|0|1409980|1409980|0|2089505|2089505|0|429569|429569|0|941221|941221|0|1401623|1401623|0|2191351|2191351|0|440331|440331|0|1051499|1051499|0|1675434|1675434|0|2458528|2458528|0|544372|544372|0|1231924|1231924|0|1871232|1871232|0|2804135|2804135|0|690666|690666|0|1459088|1459088|0|2266824|2266824|0|3666973|3666973|
1000016797||||||||||||||||||||||0|17953|17953||||||||||0|9449|9449||||||||||0|8058|8058|||||||||||||
1000016886|0|354541|354541|0|717596|717596|0|969235|969235|0|1365517|1365517|0|438612|438612|0|963871|963871|0|1471820|1471820|0|1912954|1912954|0|365939|365939|0|750693|750693|0|1079498|1079498|0|1466551|1466551|0|412912|412912|0|874013|874013|0|1324242|1324242|0|1867734|1867734|0|485530|485530|0|928981|928981|0|1334036|1334036|0|1781041|1781041|
1000016889||||||||||0|182394|182394||||||||||0|208422|208422||||||||||0|209029|209029||||||||||||||||||||||0|185220|185220|
1000016917|0|111981|111981|0|202386|202386|0|293598|293598|0|417402|417402|0|172793|172793|0|300878|300878|0|435299|435299|0|420733|420733|0|181067|181067|0|394844|394844|0|571952|571952|0|736558|736558|0|172734|172734|0|333359|333359|0|431841|431841|0|520374|520374|0|90869|90869|0|196294|196294|0|293456|293456|0|387345|387345|
1000016987||||||||||0|29727|29727||||||||||||||||||||||0|28681|28681||||||||||0|31871|31871||||||||||0|30998|30998|
1000017012||||||||||0|21924|21924||||||||||0|28896|28896||||||||||0|36383|36383||||||||||0|44906|44906||||||||||0|38369|38369|
1000017079||||||||||0|0|0||||||||||0|3029|3029||||||||||0|4181|4181||||||||||0|3964|3964||||||||||0|4340|4340|
1000017213||||||||||0|13748|13748||||||||||0|11690|11690||||||||||0|12905|12905|||||||||||||||||||||||||
1000017295|497|6003|6500|1162|13413|14575|2018|19917|21935|3549|27194|30743|1180|6713|7893|2310|14088|16398|3794|20581|24375|4547|27594|32141|1125|6465|7590|1621|13630|15251|2273|19703|21976|2642|26854|29496|607|6533|7140|1129|13131|14260|1735|18539|20274|2449|25584|28033|481|6234|6715|0|20208|20208|0|33115|33115|0|43175|43175|
1000017311||||||||||||||||||||||||||||||||||||||||||||||0|25758|25758|||||||||||||
1000017332||||||||||0|33862|33862|||||||||||||||||||||||||||||||||||||||||||||||||
1000017559||||||||||0|946435|946435||||||||||0|1017864|1017864||||||||||0|1019532|1019532|||||||||||||||||||||||||
1000017755||||||||||0|12278|12278||||||||||0|9589|9589||||||||||0|14816|14816|||||||||||||||||||||||||
1000025162||||||||||0|1336|1336||||||||||0|1778|1778|||||||||||||||||||||||||||||||||||||
1000018037||||||||||0|6119|6119|||||||||||||||||||||||||||||||||||||||||||||||||
1000018213|0|333347|333347|0|653505|653505|0|970076|970076|0|1348237|1348237|0|348481|348481|0|701609|701609|0|1090582|1090582|0|1542026|1542026|0|432132|432132|0|903231|903231|0|1329928|1329928|0|1875890|1875890|0|466724|466724|0|968121|968121|0|1397305|1397305|0|1883286|1883286|0|434953|434953|0|885517|885517|0|1299247|1299247|0|1738072|1738072|
1000018218|0|137882|137882|0|299261|299261|0|444491|444491|0|613699|613699|56592|105613|162205|0|342738|342738|0|563333|563333|0|774104|774104|85949|114932|200881|168256|223330|391586|249151|318559|567710|317296|451624|768920|85185|103558|188743|0|400151|400151|0|610386|610386|0|811652|811652|0|172965|172965|0|341315|341315|0|525158|525158|0|731620|731620|
1000018240||||||||||0|57943|57943||||||||||0|55800|55800||||||||||0|66014|66014||||||||||0|85660|85660||||||||||0|85092|85092|
1000018304||||||||||0|33729|33729||||||||||0|38583|38583||||||||||0|39617|39617||||||||||0|32865|32865||||||||||0|29058|29058|
1000018325|0|370806|370806|0|722971|722971|0|1045682|1045682|0|1399821|1399821|0|352905|352905|0|745538|745538|0|1164713|1164713|0|1585375|1585375|0|412843|412843|0|835596|835596|0|1262832|1262832|0|1634052|1634052|0|396348|396348|0|832605|832605|0|1257901|1257901|0|1698397|1698397|0|455913|455913|0|894705|894705|0|1340220|1340220|0|1639777|1639777|
1000018381|2109|8524|10633|4356|20729|25085|9177|32391|41568|11430|45089|56519|2802|11507|14309|5464|23969|29433|8401|37631|46032|10958|49002|59960|2644|11486|14130|4352|25516|29868|6280|43237|49517|9176|55639|64815|5805|8502|14307|9820|19636|29456|16218|31693|47911|21580|48084|69664|6742|18577|25319|10460|37228|47688|15888|57190|73078|22923|77390|100313|
1000018460||||||||||0|2990|2990||||||||||0|2990|2990||||||||||||||||||||||0|3100|3100||||||||||0|3990|3990|
1000018488|4756|27266|32022|7937|52981|60918|10677|78508|89185|14711|107164|121875|5519|31476|36995|10613|64517|75130|15999|94855|110854|20669|127550|148219|3893|34018|37911|8244|65656|73900|13191|95478|108669|16291|126454|142745|4166|33168|37334|9322|67149|76471|14317|97378|111695|17201|130552|147753|3568|32766|36334|6976|66831|73807|10709|94389|105098|13520|126047|139567|
1000018593||||||||||||||||||||||||||||||||||||||||||||||0|66347|66347|||||||||||||
1000018636||||||||||||||||||||||0|1598|1598||||||||||0|1145|1145|||||||||||||||||||||||||
1000018860||||||||||||||||||||||||||||||||||0|74268|74268||||||||||0|77487|77487|||||||||||||
1000018866||||||||||0|1114|1114||||||||||0|898|898||||||||||0|2003|2003|||||||||||||||||||||||||
1000018960||||||||||0|4301|4301||||||||||||||||||||||0|5758|5758||||||||||0|3286|3286|||||||||||||
1000019039||||||||||||||||||||||||||||||||||0|37560|37560||||||||||0|61204|61204|||||||||||||
1000019144||||||||||||||||||||||0|18778|18778||||||||||0|29544|29544|||||||||||||||||||||||||
1000019153||||||||||0|10835|10835||||||||||0|12800|12800||||||||||0|14652|14652||||||||||0|21103|21103||||||||||0|24092|24092|
1000019320||||||||||||||||||||||0|1018|1018||||||||||0|1517|1517|||||||||||||||||||||||||
1000019463||||||||||0|97|97||||||||||0|576|576||||||||||0|1251|1251|||||||||||||||||||||||||
1000019851||||||||||||||||||||||||||||||||||0|3139|3139|||||||||||||||||||||||||
1000019872||||||||||||||||||||||0|1655|1655|||||||||||||||||||||||||||||||||||||
1000020193||||||||||||||||||||||||||||||||||0|1871|1871|||||||||||||||||||||||||
1000020449||||||||||0|1583|1583||||||||||0|2242|2242|||||||||||||||||||||||||||||||||||||
1000021018||||||||||0|1692070|1692070||||||||||0|2010277|2010277|||||||||||||||||||||||||||||||||||||
1000021596||||||||||0|8441|8441||||||||||0|4417|4417||||||||||0|4826|4826|||||||||||||||||||||||||
1000021888||||||||||||||||||||||0|6279|6279|||||||||||||||||||||||||||||||||||||
1000021890||||||||||0|461|461|||||||||||||||||||||||||||||||||||||||||||||||||
1000022140||||||||||0|10849|10849||||||||||0|18875|18875|||||||||||||||||||||||||||||||||||||
1000022190||||||||||0|2030|2030||||||||||0|1460|1460||||||||||0|1394|1394|||||||||||||||||||||||||
1000022317||||||||||||||||||||||||||||||||||0|2872|2872|||||||||||||||||||||||||
1000022513||||||||||0|18375|18375|||||||||||||||||||||||||||||||||||||||||||||||||
1000022522||||||||||0|15534|15534||||||||||0|68283|68283|0|15515|15515|0|23456|23456|0|31379|31379|0|43362|43362|0|13363|13363|0|31363|31363|0|44595|44595|0|57293|57293|0|0|0|0|24170|24170|0|40092|40092|0|53552|53552|
1000022792||||||||||||||||||||||0|3224|3224||||||||||0|3747|3747|||||||||||||||||||||||||
1000022835||||||||||0|11676|11676||||||||||0|28312|28312||||||||||0|33347|33347||||||||||0|26556|26556|||||||||||||
1000022934||||||||||0|1933|1933|||||||||||||||||||||||||||||||||||||||||||||||||
1000023168||||||||||||||||||||||0|9059|9059||||||||||0|7499|7499|||||||||||||||||||||||||
1000023449||||||||||0|428050|428050||||||||||||||||||||||0|467193|467193||||||||||0|458147|458147||||||||||0|476096|476096|
1000023501||||||||||||||||||||||0|53590|53590|||||||||||||||||||||||||||||||||||||
1000023506||||||||||0|2570|2570||||||||||0|2058|2058||||||||||0|2164|2164||||||||||0|2463|2463||||||||||0|6895|6895|
1000023631||||||||||0|2560|2560|||||||||||||||||||||||||||||||||||||||||||||||||
1000023693||||||||||||||||||||||||||||||||||||||||||||||||||||||||||0|6476|6476|
1000023862||||||||||0|2930|2930|||||||||||||||||||||||||||||||||||||||||||||||||
1000024403|14327|17788|32115|16732|30947|47679|29306|57743|87049|42609|60106|102715|17148|20950|38098|21743|33479|55222|53363|55230|108593|51681|56938|108619|35028|9303|44331|51165|11900|63065|76913|23402|100315|91916|67606|159522|21351|30371|51722|52079|45595|97674|91693|69246|160939|110508|78130|188638|26269|21151|47420|43905|37165|81070|83943|55630|139573|109338|66390|175728|
1000024740||||||||||||||||||||||||||||||||||||||||||||||0|8563|8563||||||||||0|7096|7096|
1000012473|0|104361|104361|0|220045|220045|0|349118|349118|0|480475|480475|0|130534|130534|0|276863|276863|0|443457|443457|0|612322|612322|0|156315|156315|0|314210|314210|0|474088|474088|0|634838|634838|0|151768|151768|0|303975|303975|0|456474|456474|0|606199|606199|0|139255|139255|0|287708|287708|0|449980|449980|0|613025|613025|
1000026887||||||||||0|6700|6700||||||||||||||||||||||||||||||||||0|8928|8928|||||||||||||
1000024704||||||||||||||||||||||0|3500|3500||||||||||0|10000|10000|||||||||||||||||||||||||
1000019291||||||||||0|7245|7245|||||||||||||||||||||||||||||||||||||||||||||||||
1000024750||||||||||0|5950|5950|||||||||||||||||||||||||||||||||||||||||||||||||
1000005498||||||||||||||||||||||||||||||||||0|5632|5632||||||||||0|6525|6525|||||||||||||
1000015291||||||||||||||||||||||||||||||||||0|2068|2068|||||||||||||||||||||||||
1000025964||||||||||0|614|614||||||||||0|1100|1100||||||||||0|1100|1100|||||||||||||||||||||||||
1000025537||||||||||||||||||||||||||||||||||0|3082|3082|||||||||||||||||||||||||
1000026079||||||||||0|1428412|1428412|||||||||||||||||||||||||||||||||||||||||||||||||
1000005382||||||||||||||||||||||0|47510|47510|||||||||||||||||||||||||||||||||||||
1000005490||||||||||0|3518|3518||||||||||0|4018|4018|||||||||||||||||||||||||||||||||||||
1000025264||||||||||0|37462|37462|||||||||||||||||||||||||||||||||||||||||||||||||
1000025245||||||||||54688|25282|79970||||||||||132859|29772|162631||||||||||-10073|61213|51140||||||||||21442|52957|74399||||||||||27791|52474|80265|
1000024869||||||||||||||||||||||0|10510|10510||||||||||0|7952|7952||||||||||0|6931|6931||||||||||0|6081|6081|
1000025148||||||||||||||||||||||||||||||||||||||||||||||||||||||||||0|17625|17625|
1000021796||||||||||0|2258|2258||||||||||0|2564|2564|||||||||||||||||||||||||||||||||||||
1000028436||||||||||||||||||||||0|4690|4690||||||||||0|4690|4690|||||||||||||||||||||||||
1000028062||||||||||||||||||||||0|8260|8260||||||||||0|11370|11370||||||||||0|9925|9925|||||||||||||
1000027177||||||||||0|27981|27981||||||||||0|27744|27744||||||||||0|32423|32423|||||||||||||||||||||||||
1000026860|||||||0|884|884||||||||||||||||||||||||||||||||||||||||||||||||||||
1000028636||||||||||0|106|106|||||||||||||||||||||||||||||||||||||||||||||||||
1000027686||||||||||||||||||||||0|8930|8930||||||||||||||||||||||0|8991|8991||||||||||0|8592|8592|
1000024994||||||||||0|1309|1309||||||||||0|1219|1219||||||||||0|1609|1609|||||||||||||||||||||||||
1000011908||||||||||0|6931|6931||||||||||0|9364|9364||||||||||0|9364|9364||||||||||0|14674|14674||||||||||0|11972|11972|
1000025304||||||||||||||||||||||||||||||||||0|1777|1777|||||||||||||||||||||||||
1000029000||||||||||||||||19272|17566|36838|30666|26580|57246|41919|39589|81508|10601|17948|28549|27022|32031|59053|40310|45124|85434|57345|58284|115629|12551|10015|22566|31371|20205|51576|46807|31655|78462|69657|45599|115256|25905|11511|37416|54094|23130|77224|76158|34307|110465|111342|45496|156838|
1000005424||||||||||||||||||||||0|4800|4800||||||||||0|13383|13383|||||||||||||||||||||||||
1000026896||||0|2975|2975||||0|5815|5815|||||||||||||||||||||||||||||||||||||||||||||||||
1000025786||||||||||0|884|884||||||||||0|1190|1190||||||||||0|1215|1215|||||||||||||||||||||||||
1000030302|||||||||||||0|3876|3876|0|5785|5785|0|13493|13493|5194|11289|16483|609|2063|2672|621|4032|4653|1602|6405|8007|2276|7477|9753|543|2437|2980|1328|4612|5940|3875|5652|9527|0|10427|10427|0|1145|1145|0|3680|3680|0|8701|8701|0|10076|10076|
1000030534||||||||||0|172|172|||||||||||||||||||||||||||||||||||||||||||||||||
1000028342|||||||||||||||||||||||||||||||||||||||||||||||||||||||0|90|90||||
1000029107||||||||||556|47121|47677|188|11858|12046|329|23799|24128|415|37741|38156|531|51996|52527|39|13392|13431|174|26962|27136|306|43177|43483|450|57797|58247|134|15002|15136|297|28321|28618|431|42569|43000|565|54853|55418|85|12136|12221|162|23731|23893|247|37222|37469|308|47683|47991|
1000029812||||||||||||||||||||||0|8261|8261|||||||||||||||||||||||||||||||||||||
1000025256||||||||||0|217844|217844||||||||||0|262341|262341||||||||||0|304335|304335||||||||||0|312618|312618||||||||||0|290684|290684|
1000029751||||||||||||||||||||||0|8995|8995|||||||||||||||||||||||||||||||||||||
1000027399|0|583173|583173|0|1288744|1288744|0|2020977|2020977|0|3094699|3094699|0|599503|599503|0|1526337|1526337|0|2312649|2312649|0|3510144|3510144|0|846470|846470|0|1969127|1969127|0|3008560|3008560|0|4300572|4300572|0|984508|984508|0|2178284|2178284|0|3323469|3323469|0|4894980|4894980|0|1076135|1076135|0|2601420|2601420|0|4225556|4225556|0|5968512|5968512|
1000027255||||||||||||||||||||||||||||||||||||||||||||||0|9440|9440||||||||||0|7779|7779|
1000014047|18776|376523|395299|30330|777741|808071|46298|1137740|1184038|69488|1516845|1586333|17379|393064|410443|43031|870117|913148|98525|1288142|1386667|151173|1714559|1865732|39305|448356|487661|110310|977089|1087399|138434|1465349|1603783|162253|1993423|2155676|48656|526134|574790|102767|1132294|1235061|159156|1702410|1861566|217508|2234556|2452064|66870|586216|653086|130796|1253139|1383935|195911|1871038|2066949|255800|2466619|2722419|
1000030150||||||||||||||||||||||||||||||||||0|5400|5400|||||||||||||||||||||||||
1000030500||||||||||||||||||||||0|73353|73353|||||||||||||||||||||||||||||||||||||
1000001085||||||||||0|31393|31393||||||||||0|38737|38737||||||||||0|44357|44357||||||||||0|60488|60488||||||||||0|58991|58991|
1000001940|0|60137|60137|0|120474|120474|0|232373|232373|0|306465|306465|0|71213|71213|0|141559|141559|0|209713|209713|0|276117|276117|0|67494|67494|0|137465|137465|0|213807|213807|0|279580|279580|0|82087|82087|0|154485|154485|0|221448|221448|0|266111|266111|0|61245|61245|0|117421|117421|0|178231|178231|0|233772|233772|
1000031633||||||||||||||||||||||0|245937|245937||||||||||0|207393|207393||||||||||0|227199|227199|||||||||||||
1000018416||||||||||||||||||||||||||||||||||||||||||||||0|14240|14240|||||||||||||
1000001296||||||||||0|33391|33391|||||||||||||||||||||||||||||||||||||||||||||||||
1000007040||||||||||||||||||||||||||||||||||0|10000|10000||||||||||0|10000|10000|||||||||||||
1000004864|9146|157758|166904|0|383621|383621|37804|569354|607158|51102|841467|892569|2490|194313|196803|10412|464685|475097|24456|720479|744935|33248|1006898|1040146|2100|263423|265523|8906|589053|597959|15920|870471|886391|18199|1182256|1200455|7003|255807|262810|7003|562309|569312|12001|803297|815298|21260|1089078|1110338|5667|214788|220455|12146|492667|504813|22561|726063|748624|34178|988612|1022790|
1000026867||||||||||0|490|490|||||||||||||||||||||||||||||||||||||||||||||||||
1000004226||||||||||0|3342|3342||||||||||0|6445|6445||||||||||0|7634|7634|||||||||||||||||||||||||
1000007257||||||||||||||||||||||||||||||||||||||||||||||0|957|957|||||||||||||
1000009249||||||||||||||||||||||0|112787|112787|||||||||||||||||||||||||||||||||||||
1000011855||||||||||0|4000|4000||||||||||||||||||||||0|5666|5666|||||||||||||||||||||||||
1000011741||||||||||0|4306|4306|||||||||||||||||||||||||||||||||||||||||||||||||
1000006812||||||||||0|620|620||||||||||||||||||||||0|725|725|||||||||||||||||||||||||
1000008441||||||||||0|11199|11199||||||||||0|10993|10993||||||||||0|10327|10327||||||||||0|9087|9087||||||||||0|5254|5254|
1000009147|8285|1669|9954|16234|3044|19278|25467|4545|30012|38135|5944|44079|12421|1552|13973|27909|3779|31688|40820|4887|45707|55133|7053|62186|9887|1100|10987|18232|2030|20262|26709|3051|29760|34730|4212|38942|9061|1184|10245|17968|2828|20796|26734|3869|30603|34028|4965|38993|7240|930|8170|15341|1930|17271|23549|2957|26506|31624|4168|35792|
1000006874||||||||||0|1916|1916||||||||||0|1767|1767||||||||||0|1509|1509|||||||||||||||||||||||||
1000008644||||||||||0|20041|20041||||||||||0|21405|21405|||||||||||||||||||||||||||||||||||||
1000006994||||||||||||||||||||||0|3600|3600||||||||||0|1800|1800||||||||||0|1600|1600|||||||||||||
1000007832||||||||||0|5011|5011||||||||||0|3126|3126||||||||||0|7600|7600||||||||||0|5823|5823||||||||||0|10744|10744|
1000008578||||||||||0|5242|5242|||||||||||||||||||||||||||||||||||||||||||||||||
1000009241|914|26346|27260|1329|55117|56446|5959|88794|94753|8872|159438|168310|3631|80166|83797|10513|129005|139518|15291|173771|189062|0|236120|236120|0|42005|42005|0|89590|89590|0|135028|135028|0|187544|187544|0|41084|41084|0|86490|86490|0|131839|131839|0|174451|174451|0|39549|39549|0|82503|82503|0|127520|127520|0|165522|165522|
1000008542||||||||||||||||||||||||||||||||||||||||||||||0|14339|14339||||||||||0|15444|15444|
1000010437||||||||||0|5037|5037|||||||||||||||||||||||||||||||||||||||||||||||||
1000008614||||||||||0|3761|3761||||||||||0|4012|4012||||||||||0|6331|6331|||||||||||||||||||||||||
1000004837||||||||||10589|8041|18630||||||||||4787|10316|15103||||||||||4898|12270|17168||||||||||5862|11677|17539||||||||||7278|11181|18459|
1000032064||||||||||||||||||||||||||||||||||||||||||||||||||||||||||0|67061|67061|
1000009534||||||||||0|258269|258269||||||||||0|275591|275591||||||||||||||||||||||0|321981|321981||||||||||0|391761|391761|
1000005386||||||||||||||||||||||0|12743|12743||||||||||0|25604|25604||||||||||0|33736|33736|||||||||||||
1000000024|0|258000|258000|0|561900|561900|0|802500|802500|0|1144900|1144900|0|281800|281800|0|609400|609400|0|948800|948800|0|1461200|1461200|0|403200|403200|0|887800|887800|0|1376400|1376400|0|1900000|1900000|0|419700|419700|0|864200|864200|0|1272100|1272100|0|16884|16884|0|416200|416200|0|829400|829400|0|1234900|1234900|0|1758600|1758600|
1000000042|3137|146479|149616|5986|302472|308458|8629|460358|468987|0|592374|592374|0|168076|168076|0|339907|339907|0|514125|514125|0|675540|675540|0|154056|154056|0|319807|319807|0|479865|479865|0|638447|638447|0|161855|161855||||0|491225|491225|0|657567|657567|0|149764|149764|0|292763|292763|0|437064|437064|0|590890|590890|
1000000056|0|25110|25110|0|54473|54473|0|79292|79292|0|111908|111908|0|33586|33586|0|70541|70541|0|100954|100954|0|119752|119752|0|22451|22451|0|55047|55047|0|84027|84027|0|120763|120763|0|32562|32562|0|61581|61581|0|84988|84988|0|101357|101357|0|36449|36449|0|52768|52768|0|65663|65663|0|71843|71843|
1000000069|31975|21019|52994|60936|36044|96980|94569|56680|151249|124568|75803|200371|28507|21349|49856|56190|40778|96968|82201|61717|143918|110984|80535|191519|20566|15452|36018|43240|33023|76263|69129|49923|119052|87265|62139|149404|15242|12615|27857|35602|29501|65103|60897|42483|103380|86302|47608|133910|19272|11513|30785|52761|24905|77666|77731|40191|117922|101353|56933|158286|
1000000093|26919|25102|52021|6903|6597|13500|15298|12681|27979|25538|19653|45191|82|26194|26276|1|7015|7016|0|0|0|151|22707|22858|168|28651|28819|2|7019|7021|13|13419|13432|86|21531|21617|86|27919|28005|79|7305|7384|209|13906|14115|210|22862|23072|227|29171|29398|1|7680|7681|2|14610|14612|2|23212|23214|
1000000114||||||||||0|58598|58598||||||||||||||||||||||0|83989|83989||||||||||0|141594|141594||||10701|54813|65514|24171|78019|102190|53771|100836|154607|
1000000115|175930|638328|814258|389396|1397142|1786538|584163|2136176|2720339|468919|1684476|2153395|0|1074534|1074534|0|2227088|2227088|0|634481|634481|0|699557|699557|0|46445|46445|0|49655|49655|699363|2430981|3130344|869849|3109283|3979132|174687|814397|989084|374339|1557702|1932041|541054|2298765|2839819|748189|2874733|3622922|224808|699934|924742|406563|1434414|1840977|594603|2099821|2694424|809774|2944626|3754400|
1000000148|0|8818|8818|104|21825|21929|6915|27249|34164|7351|59438|66789|342|7776|8118|592|21728|22320|710|28439|29149|1853|49730|51583|1039|7340|8379|1133|19593|20726|2850|31450|34300|2892|59556|62448|0|7513|7513|519|19236|19755|1812|35844|37656|2152|61189|63341|303|8661|8964|12617|16108|28725|13466|32536|46002|0|60097|60097|
1000000193||||||||||||||||||||||0|14385|14385|0|3697|3697|0|7205|7205|0|10908|10908|0|14454|14454|0|3590|3590|0|7050|7050|0|10699|10699|0|14265|14265|0|3566|3566|0|6934|6934|0|10415|10415|0|13800|13800|
1000000262||||||||||0|43326|43326||||||||||0|50851|50851||||||||||0|48777|48777||||||||||||||||||||||0|91074|91074|
1000000285|3496|7512|11008|12885|11462|24347|8085|25531|33616|9503|34661|44164|3327|16067|19394|9966|25179|35145|14982|38216|53198|21863|49517|71380|16026|5966|21992|26004|18914|44918|51621|24566|76187|75474|63738|139212|47588|34591|82179|86374|50321|136695|111724|66908|178632|136852|87573|224425|31796|21762|53558|74530|49773|124303|104440|57118|161558|150623|61628|212251|
1000000303|22581|2325|24906|43864|5260|49124|67408|7748|75156|76397|25127|101524|19697|5054|24751|45635|9217|54852|82200|13506|95706|102338|18180|120518|19307|4021|23328|45579|8223|53802|81527|11484|93011|121281|15657|136938|36485|4122|40607|70818|8765|79583|106073|13044|119117|136529|17985|154514|32765|5303|38068|59240|10897|70137|84171|32588|116759|104426|60638|165064|
1000000332|130307|202609|332916|268932|481217|750149|405856|3959303|4365159|553829|5321070|5874899|155138|1482441|1637579|329190|3064271|3393461|513310|4620275|5133585|698771|6076023|6774794|200068|1364875|1564943|425482|2727807|3153289|640922|4065090|4706012|0|6288443|6288443|234867|1353503|1588370|493148|2873951|3367099|734580|4266727|5001307|972009|5686755|6658764|255864|1343440|1599304|532971|2771600|3304571|785863|4141539|4927402|1031936|5452181|6484117|
1000000371|0|84002|84002|0|163028|163028|0|238853|238853|0|333102|333102|0|89459|89459|0|183723|183723|0|282543|282543|0|381809|381809|0|89335|89335|0|190555|190555|0|296089|296089|0|403793|403793|0|94044|94044|0|195008|195008|0|272758|272758|0|371930|371930|0|91057|91057|0|213588|213588|0|348130|348130|0|494366|494366|
1000000379||||||||||0|68031|68031||||||||||0|90216|90216||||||||||0|106673|106673||||||||||||||||||||||0|87983|87983|
1000000382|15489|28779|44268|36758|50332|87090|57375|76322|133697|76328|98287|174615|17601|31235|48836|46267|57416|103683|67992|90275|158267|85977|115137|201114|15900|25056|40956|33130|54001|87131|51395|83555|134950|69021|107004|176025|17619|24695|42314|37526|54685|92211|58308|86362|144670|72919|115363|188282|15307|32087|47394|39411|64148|103559|62835|102069|164904|77578|139854|217432|
1000000386||||||||||||||||||||||||||||||||||0|332870|332870||||||||||0|403677|403677||||||||||0|462306|462306|
1000000393|1|34718|34719|1|75205|75206|1|104301|104302|3|148696|148699|0|32304|32304|2|69771|69773|9|98997|99006|21|135312|135333|18|29651|29669|66|64275|64341|157|91967|92124|217|126283|126500|112|26784|26896|273|58588|58861|431|82492|82923|528|114210|114738|89|24791|24880|200|52025|52225|371|73826|74197|480|104111|104591|
1000000407|0|20616|20616|0|45525|45525|0|67752|67752|0|96850|96850|0|23241|23241|0|51898|51898|0|76769|76769|0|102255|102255|0|19918|19918|0|42686|42686|0|54474|54474|0|54474|54474|0|11144|11144|0|22439|22439|0|32337|32337|0|40641|40641|0|1411|1411|0|2371|2371|0|3420|3420|0|4081|4081|
1000000410|181471|424012|605483|533232|625093|1158325|544269|1265383|1809652|738465|1761551|2500016|238694|543687|782381|527562|1036543|1564105|755589|1497947|2253536|979019|1942996|2922015|189711|384014|573725|417177|749256|1166433|652368|1149474|1801842|956557|1569650|2526207|299508|486161|785669|673191|946997|1620188|1017179|1432704|2449883|1424566|1935115|3359681|381852|509991|891843|921441|1025356|1946797|1498618|1608718|3107336|1885896|2405201|4291097|
1000000426||||||||||||||||||||||0|4121|4121|||||||||||||||||||||||||||||||||||||
1000000458||||||||||||||||||||||0|55132|55132||||||||||0|61854|61854||||||||||0|69744|69744|||||||||||||
1000000550||||||||||||||||||||||||||||||||||0|86784|86784|||||||||||||||||||||||||
1000000655|700536|211455|911991|1502585|486779|1989364|2405971|756463|3162434|3637157|1044548|4681705|1049825|258490|1308315|2305381|611622|2917003|3707611|977189|4684800|5153559|1384737|6538296|1460871|386451|1847322|3014921|764874|3779795|4765558|1144667|5910225|6530852|1603031|8133883|1744358|366573|2110931|3483543|780835|4264378|5384976|1195802|6580778|0|8318566|8318566|0|2074370|2074370|0|3961418|3961418|0|5642650|5642650|0|7266851|7266851|
1000000659|0|382696|382696|0|812161|812161|0|1355647|1355647|0|1984047|1984047|0|646791|646791|413720|968176|1381896|649079|1528098|2177177|917266|2092986|3010252|242411|514815|757226|475442|1059663|1535105|685515|1611683|2297198|915446|2203714|3119160|246622|535945|782567|517990|1091376|1609366|781261|1632455|2413716|1076917|2208059|3284976|304253|541444|845697|582715|1091146|1673861|856762|1657078|2513840|1171094|2217810|3388904|
1000000697|0|246983|246983|0|564761|564761|0|906496|906496|0|1363965|1363965|0|428621|428621|0|867812|867812|0|1362350|1362350|0|1893078|1893078|0|516047|516047|0|1039739|1039739|0|1480264|1480264|0|1909592|1909592|0|434461|434461|0|882451|882451|0|1282220|1282220|0|1827040|1827040|0|449516|449516|0|936681|936681|0|1386675|1386675||||
1000000719|||||||||||||||||||||||||||||||||||||||||||||||||||||||0|370808|370808||||
1000000852||||||||||||||||||||||||||||||||||||||||||||||0|4200|4200|||||||||||||
1000000865||||||||||||||||||||||||||||||||||||||||||||||0|1187|1187|||||||||||||
1000000917||||||||||||||||||||||0|10767|10767|||||||||||||||||||||||||||||||||||||
1000000970||||||||||||||||||||||||||||||||||||||||||||||0|628494|628494|||||||||||||
1000001335||||||||||||||||||||||||||||||||||||||||||||||0|6100|6100|||||||||||||
1000001452|26854|5959|32813|64138|13416|77554|97388|21274|118662|143858|29785|173643|49959|7171|57130|102064|17241|119305|159959|23690|183649|0|264154|264154|55552|7140|62692|113798|14514|128312|169324|23384|192708|238677|31866|270543|||||||||||||||||||||||||
1000001549||||||||||0|76909|76909||||||||||0|84408|84408||||||||||0|78657|78657|||||||||||||||||||||||||
1000001597|89971|26699|116670|206195|63332|269527|288934|93679|382613|398480|160200|558680|76939|56363|133302|192095|134572|326667|295859|217016|512875|389804|327332|717136|113397|79277|192674|242929|178027|420956|348831|258853|607684|440867|298773|739640|98195|59579|157774|209587|121195|330782|310528|193068|503596|424610|269333|693943|102481|65525|168006|211975|140849|352824|297587|216437|514024|388281|308143|696424|
1000001601||||||||||0|37939|37939|0|8968|8968|0|17403|17403|0|26709|26709|0|40935|40935|0|6548|6548|0|15338|15338|0|25146|25146|0|41872|41872|0|8228|8228|0|18144|18144|0|25386|25386|0|41979|41979|0|7515|7515|0|22583|22583|0|32275|32275|0|50572|50572|
1000001605||||||||||0|3805|3805||||||||||0|4796|4796||||||||||0|7178|7178||||||||||0|5009|5009||||||||||0|4745|4745|
1000001647||||||||||0|527|527||||||||||0|962|962||||||||||0|542|542||||||||||0|447|447|||||||||||||
1000001752||||||||||0|2617|2617||||||||||0|2617|2617||||||||||0|2617|2617||||||||||||||||||||||0|12529|12529|
1000001840|5016|19341|24357|12388|39152|51540|16249|54241|70490|22769|97647|120416|4743|24108|28851|7258|55340|62598|17138|79965|97103|31446|95866|127312|3417|24196|27613|11837|50975|62812|23980|76290|100270|31988|103459|135447|6057|31104|37161|7914|63209|71123|8682|85017|93699|17248|105376|122624|3103|19860|22963|6903|47216|54119|11153|69858|81011|14384|96533|110917|
1000002135|286824|1652137|1938961|640633|3505720|4146353|993211|5253264|6246475|1772682|6912526|8685208|448827|1800655|2249482|984040|3706327|4690367|1662522|5548356|7210878|2779235|7639978|10419213|649158|1958959|2608117|1428459|4451055|5879514|2161364|6708258|8869622|2928853|8718948|11647801|565861|1921476|2487337|1192414|4116391|5308805|1798471|6058145|7856616|2423064|8080545|10503609|499711|1576958|2076669|1107107|3242882|4349989|1565932|4774669|6340601|1730099|6324528|8054627|
1000002157||||||||||0|33639|33639||||||||||0|35552|35552||||||||||0|37140|37140|||||||0|36021|36021|0|47577|47577|0|11634|11634|0|23262|23262|0|35947|35947|0|43755|43755|
1000002172||||||||||0|4603|4603||||||||||||||||||||||0|4852|4852||||||||||0|5132|5132|||||||||||||
1000002191||||||||||0|138551|138551||||||||||||||||||||||0|108948|108948||||||||||||||||||||||0|99689|99689|
1000002272|2960|39648|42608|6256|63858|70114|8916|81954|90870|10699|91133|101832|755|19324|20079|1943|44525|46468|1981|68460|70441|2638|80025|82663|184|27864|28048|319|43676|43995|887|64655|65542|1058|97882|98940|9|22032|22041|86|35258|35344|113|54907|55020|183|93185|93368|6|22992|22998|34|38850|38884|103|58115|58218|159|83269|83428|
1000002372|35418|34150|69568|74580|75820|150400|112960|105133|218093|154280|135067|289347|46886|31666|78552|102860|68011|170871|162220|92541|254761|204785|123423|328208|50895|29476|80371|104626|57908|162534|166833|86555|253388|217989|115642|333631|48803|22189|70992|104781|47149|151930|165847|71889|237736|222033|95952|317985|47636|24541|72177|96782|51047|147829|137783|75715|213498|181075|106404|287479|
1000002442|0|106041|106041|0|135281|135281|0|24581|24581|0|64981|64981|0|102338|102338|0|137271|137271|0|11605|11605|0|34040|34040|0|57216|57216|0|94486|94486|0|25635|25635|0|58351|58351|0|96479|96479|0|132748|132748|0|33331|33331|0|73888|73888|0|109162|109162|0|166650|166650|0|44588|44588|0|88074|88074|
1000002587|14415|37729|52144|29452|86929|116381|52686|114834|167520|82216|176449|258665|20471|173422|193893|48719|103200|151919|96763|156410|253173|136461|206371|342832|20814|40335|61149|40656|93585|134241|62779|126540|189319|80886|212392|293278|30735|46798|77533|55747|91730|147477|72846|134811|207657|105301|140040|245341|34967|35252|70219|56865|96820|153685|75600|140397|215997|116531|137660|254191|
1000002635||||||||||0|3790|3790|||||||||||||||||||||||||||||||||||||||||||||||||
1000002715||||||||||||||||||||||||||||||||||||||||||||||0|3009|3009||||||||||0|4061|4061|
1000002736||||||||||0|1088|1088|||||||||||||||||||||||||||||||||||||||||||||||||
1000002753||||||||||0|6560|6560||||||||||0|7002|7002||||||||||0|6162|6162|||||||||||||||||||||||||
1000002920|3198|10855|14053|4884|13942|18826|6599|17541|24140|1578|2620|4198|3435|9313|12748|5674|11566|17240|7563|15672|23235|1474|2675|4149|3570|9116|12686|6326|11707|18033|9016|16384|25400|1091|2029|3120|2585|8294|10879|0|16128|16128|7286|15856|23142||||3846|9350|13196|5739|12295|18034|8598|17168|25766|1575|1823|3398|
1000002949||||||||||||||||||||||||||||||||||||||||||||||0|7514|7514|||||||||||||
1000002952||||||||||0|4300|4300|||||||||||||||||||||||||||||||||||||||||||||||||
1000003054||||||||||||||||||||||||||||||||||||||||||||||0|8464|8464||||||||||0|4646|4646|
1000003062||||||||||||||||||||||0|1538|1538||||||||||0|1760|1760|||||||||||||||||||||||||
1000003177|0|588853|588853|16098|1181024|1197122|30087|1778527|1808614|38313|2384346|2422659|11658|636370|648028|25117|1306803|1331920|43780|2005821|2049601|52236|2686704|2738940|16317|704925|721242|33385|1376481|1409866|54844|2042355|2097199|73521|2678771|2752292|20734|636133|656867|36311|1316744|1353055|58450|2013096|2071546|70773|2721622|2792395|14702|670938|685640|27268|1407128|1434396|43103|2149262|2192365|66406|2852346|2918752|
1000003193||||||||||||||||||||||||||||||||||0|70122|70122||||||||||||||||||||||0|78199|78199|
1000003266||||||||||17286|1395|18681||||||||||20434|2792|23226||||||||||22076|1366|23442||||||||||24733|3178|27911||||||||||27454|3740|31194|
1000003329||||||||||0|9774|9774|||||||||||||||||||||||||||||||||||||||||||||||||
1000003345||||||||||||||||||||||0|16305|16305|||||||||||||||||||||||||||||||||||||
1000003420||||||||||0|40520|40520||||||||||0|41368|41368||||||||||0|37955|37955||||||||||0|42453|42453||||||||||0|35493|35493|
1000003429||||||||||0|3988|3988||||||||||0|3719|3719||||||||||0|4072|4072||||||||||0|4472|4472|||||||||||||
1000003436||||0|311996|311996|0|440532|440532|0|591313|591313|3888|146238|150126|6306|295617|301923|11038|409231|420269|13381|508647|522028|2488|94667|97155|6424|203548|209972||||13238|406449|419687|6227|114498|120725|10108|218512|228620|14960|317647|332607|22611|414255|436866|7651|93027|100678|17386|192266|209652|29157|275245|304402|46121|376462|422583|
1000003523||||||||||||||||||||||0|7532|7532||||||||||0|1930|1930|||||||||||||||||||||||||
1000003527||||||||||||||||||||||||||||||||||0|200|200|||||||||||||||||||||||||
1000003790||||||||||||||||||||||||||||||||||||||||||||||0|2398|2398|||||||||||||
1000003838||||||||||0|47079|47079||||||||||||||||||||||||||||||||||0|64473|64473|||||||||||||
1000003962||||||||||0|264619|264619||||||||||0|309178|309178||||||||||0|288259|288259||||||||||0|356377|356377||||||||||0|329371|329371|
1000004094|0|243098|243098|0|495320|495320|0|734058|734058|0|1129133|1129133|0|458810|458810|0|867443|867443|0|1323996|1323996|0|1871306|1871306|0|498194|498194|0|831370|831370|0|1196551|1196551|0|1608088|1608088|0|396226|396226|0|741486|741486|0|1099820|1099820|0|1476773|1476773|0|416471|416471|0|788781|788781|0|1139083|1139083|0|1565923|1565923|
1000004163||||||||||0|83300|83300||||||||||||||||||||||0|75627|75627||||||||||||||||||||||0|82498|82498|
1000004490||||||||||||||||||||||0|2502|2502|||||||||||||||||||||||||||||||||||||
1000004583|0|183218|183218|0|303188|303188|0|452060|452060|0|659346|659346|0|315191|315191|0|506158|506158|0|776234|776234|0|1099251|1099251|0|365329|365329|0|587502|587502|0|819769|819769|0|941625|941625|0|293892|293892|0|531905|531905|0|788567|788567|0|1023414|1023414|0|271221|271221|0|495761|495761|0|718564|718564|0|942033|942033|
1000004633||||||||||0|2243|2243||||||||||0|5284|5284||||||||||0|5311|5311||||||||||||||||||||||0|6155|6155|
1000005584||||0|249517|249517|||||||||||||||||||||||||||||||||||||||||||||||||||||||
1000005674||||||||||||||||||||||||||||0|972247|972247|||||||||||||||||||||||||||||||
1000005855|4106|2718|6824|8207|6831|15038|11267|9618|20885|14385|10829|25214|2776|1953|4729|6264|4185|10449|9806|6906|16712|13192|10520|23712|2520|1935|4455|4769|2748|7517|7356|3460|10816|10320|4281|14601|2516|1613|4129|4113|2582|6695|6409|4248|10657|8574|5676|14250|2375|2153|4528|5067|3899|8966|8748|5151|13899|11259|6908|18167|
1000005884||||||||||0|8181|8181||||||||||0|11128|11128||||||||||0|5712|5712|||||||||||||||||||||||||
1000006123||||||||||0|42377|42377||||||||||0|51322|51322||||||||||0|53377|53377||||||||||0|44651|44651||||||||||0|38354|38354|
1000006242||||||||||0|25491|25491||||||||||0|30466|30466||||||||||0|34554|34554|||||||||||||||||||||||||
1000006247||||||||||0|5094|5094||||||||||0|4785|4785||||||||||0|5821|5821|||||||||||||||||||||||||
1000006262||||0|7860|7860|0|12747|12747|0|6413|6413|0|7120|7120|0|8701|8701|0|18519|18519|0|20727|20727|0|6298|6298|0|12041|12041|0|19370|19370|0|24973|24973|0|7085|7085|0|13751|13751|0|20118|20118|0|23646|23646|0|8273|8273|0|13885|13885|0|19800|19800|0|22895|22895|
1000006267||||||||||||||||||||||0|1200|1200||||||||||0|725|725|||||||||||||||||||||||||
1000006286||||||||||0|3289|3289||||||||||0|3400|3400||||||||||0|3370|3370|||||||||||||||||||||||||
1000006392||||||||||||||||||||||||||||||||||||||||||||||0|3473|3473|||||||||||||
1000007076||||||||||0|9433|9433||||||||||0|9196|9196||||||||||0|13690|13690||||||||||0|21337|21337|||||||||||||
1000007117|48563|18074|66637|102645|35309|137954|167469|56034|223503|231054|76843|307897|61480|21357|82837|121294|40702|161996|182115|59267|241382|246816|86843|333659|69858|29180|99038|137120|57844|194964|201413|94771|296184|264226|139266|403492|62301|69786|132087|131031|107403|238434|199378|164589|363967|261069|227778|488847|67431|22174|89605|134222|135679|269901|193080|201627|394707|245297|297899|543196|
1000007118||||||||||0|41216|41216||||||||||0|8616|8616||||||||||0|3809|3809|||||||||||||||||||||||||
1000007363||||||||||0|1993|1993|||||||||||||||||||||||||||||||||||||||||||||||||
1000007428|16326|64846|81172|33675|137128|170803|48861|197278|246139|64781|266842|331623|20352|62821|83173|55521|127283|182804|81992|190467|272459|104834|277284|382118|25926|67057|92983|53453|139517|192970|90506|210225|300731|123158|284238|407396|29020|71302|100322|67131|145744|212875|98619|225052|323671|130008|305786|435794|31266|72445|103711|64598|152782|217380|100542|235932|336474|130155|317325|447480|
1000007452|0|171592|171592|0|364777|364777|0|658541|658541|0|892928|892928|0|238644|238644|0|490481|490481|0|864248|864248|0|1084607|1084607|0|213155|213155|0|428294|428294|0|734541|734541|0|920175|920175|0|226650|226650|0|460886|460886|0|822367|822367|0|1064151|1064151|0|257199|257199|0|515318|515318|0|818766|818766|0|1028989|1028989|
1000007516||||||||||0|76092|76092||||||||||0|72674|72674||||||||||||||||||||||0|65476|65476|||||||||||||
1000007517|0|3449|3449|0|6711|6711|0|10057|10057|11|14247|14258|0|3497|3497|0|7506|7506|0|11502|11502|15|15993|16008|8|3889|3897|8|8057|8065|40|12287|12327|59|17315|17374|5|4296|4301|31|9224|9255|69|13971|14040|72|19564|19636|34|4885|4919|48|10658|10706|131|16253|16384|153|22191|22344|
1000007519|3940|68274|72214|7293|173039|180332|13280|283202|296482|16327|407770|424097|4812|111879|116691|36351|231519|267870|46690|348499|395189|52585|484618|537203|7742|114965|122707|23361|249734|273095|37527|368454|405981|52423|501247|553670|17988|119992|137980|32145|257495|289640|39460|376203|415663|49241|511769|561010|11998|104303|116301|26420|225818|252238|33737|335083|368820|40303|461251|501554|
1000007649|0|70060|70060|0|141653|141653|0|186297|186297|0|242328|242328|0|47900|47900|0|96385|96385|0|154867|154867|0|195056|195056|0|36344|36344|0|74376|74376|0|108382|108382|0|156626|156626|0|43018|43018|0|81639|81639|0|120105|120105|0|165058|165058|0|45818|45818|0|94121|94121|0|135316|135316|0|164405|164405|
1000007921||||0|21128|21128|||||||||||||||||||||||||||||||||||||||||||||||||||||||
1000007987||||||||||||||||||||||||||||||||||0|49163|49163|||||||||||||||||||||||||
1000008024||||||||||0|4538|4538||||||||||0|5442|5442||||||||||0|7632|7632|||||||||||||||||||||||||
1000008062||||||||||||||||||||||0|31544|31544||||||||||0|53008|53008||||||||||||||||||||||0|53149|53149|
1000008388||||||||||||||||||||||0|712489|712489||||||||||0|807534|807534||||||||||0|737827|737827||||||||||0|742281|742281|
1000008393|29976|30612|60588|61979|57595|119574|97467|84920|182387|130932|122034|252966|39391|36916|76307|83842|72389|156231|129716|105897|235613|171840|140216|312056|37193|34000|71193|73798|64134|137932|110848|94204|205052|143334|124689|268023|27962|35357|63319|73973|57891|131864|100068|87082|187150|130718|121016|251734|33289|32806|66095|68009|65501|133510|101229|98984|200213|133268|138191|271459|
1000008424|0|71007|71007|0|141285|141285|0|212504|212504|0|296858|296858|0|87932|87932|0|175695|175695|0|255886|255886|0|324268|324268|0|74175|74175|0|153767|153767|0|241447|241447|0|339301|339301|0|91150|91150|0|186826|186826|0|277672|277672|0|371389|371389|0|77133|77133|0|144630|144630|0|216524|216524|0|284195|284195|
1000009059||||||||||||||||||||||4766|54863|59629|1152|11466|12618|2769|23764|26533|4417|37123|41540|5828|47429|53257|1973|11770|13743|3610|25937|29547|4988|41008|45996|6972|58277|65249|1491|13890|15381|3244|29507|32751|5278|46503|51781|6547|62316|68863|
1000009161|0|21285|21285|129|44182|44311|129|65666|65795|484|90484|90968|564|23903|24467|440|26051|26491|1502|77321|78823|2337|107392|109729|477|26625|27102|631|56670|57301|2023|84608|86631|2202|118333|120535|1739|31270|33009|1782|62308|64090|1791|93146|94937|2163|125766|127929|1520|30895|32415|1626|66908|68534|1626|104719|106345|2007|149869|151876|
1000009551|18340|116298|134638|39153|248313|287466|60021|370683|430704|86234|489765|575999|24096|127568|151664|52694|265826|318520|117392|355394|472786|111810|505593|617403|37152|112429|149581|82051|223159|305210|128191|344553|472744|169256|459341|628597|56107|84133|140240|119453|179758|299211|185629|265465|451094|251007|346623|597630|58264|96051|154315|116682|201359|318041|165844|305665|471509|220502|424703|645205|
1000009660|23434|14286|37720|45008|32991|77999|65424|54920|120344|87340|76433|163773|19065|21430|40495|39162|43818|82980|60789|68488|129277|74855|89057|163912|16105|20090|36195|26773|38671|65444|37901|53242|91143|53649|70284|123933|17694|19642|37336|38793|38081|76874|57259|56162|113421|81410|75727|157137|31602|17250|48852|59539|36333|95872|87324|59773|147097|116602|82229|198831|
1000010035|0|456969|456969|0|888738|888738|0|1289695|1289695|0|1911601|1911601|0|550598|550598|0|1146664|1146664|0|1773329|1773329|0|2283967|2283967|0|597564|597564|0|1121542|1121542|0|1793834|1793834|0|2176432|2176432|0|736980|736980|0|1611722|1611722|0|2493655|2493655|0|3557304|3557304|0|841912|841912|0|1803369|1803369|0|2832338|2832338|0|4162495|4162495|
1000010048|1191|6158|7349|2337|13680|16017|3397|20430|23827|4170|27317|31487|1080|8001|9081|2200|17208|19408|3493|25589|29082|4725|32145|36870|999|7935|8934|2068|16823|18891|2778|24601|27379|3077|31794|34871|594|6986|7580|1747|14882|16629|2444|22536|24980|3489|29812|33301|774|8818|9592|3074|18072|21146|3816|26651|30467|4467|35462|39929|
1000010053|2747|38271|41018|4622|77642|82264|5437|115646|121083|8403|155706|164109|1935|40966|42901|5224|83966|89190|8091|127740|135831|10626|174248|184874|1505|47515|49020|3662|96334|99996|5742|144687|150429|9344|193698|203042|1944|52791|54735|5963|102860|108823|9026|157526|166552|13733|207476|221209|3427|58616|62043|6345|112893|119238|18086|157876|175962|15041|218973|234014|
1000010054||||||||||||||||||||||||||||||||||||||||||||||0|9071|9071|||||||||||||
1000010068||||||||||0|6288|6288|||||||||||||||||||||||||||||||||||||||||||||||||
1000010189||||||||||||||||||||||0|3519|3519|||||||||||||||||||||||||||||||||||||
1000010639||||||||||||||||||||||||||||||||||||||||||||||0|7685|7685|||||||||||||
1000010856||||||||||0|4093|4093|||||||||||||||||||||||||||||||||||||||||||||||||
1000010896||||||||||0|1979|1979|||||||||||||||||||||||||||||||||||||||||||||||||
1000010949||||||||||0|1049|1049||||||||||0|1464|1464||||||||||0|1637|1637|||||||||||||||||||||||||
1000010999||||||||||0|1432|1432||||||||||0|1432|1432||||||||||0|3224|3224|||||||||||||||||||||||||
1000012178||||||||||0|207742|207742||||||||||0|227525|227525||||||||||0|227704|227704||||||||||0|241774|241774||||||||||0|244301|244301|
1000012227||||||||||||||||||||||||||||||||||0|12083|12083||||||||||0|12380|12380|||||||||||||
1000012373||||||||||0|8629|8629|||||||||||||||||||||||||||||||||||||||||||||||||
1000012399||||||||||||||||||||||0|69882|69882||||||||||0|94879|94879||||||||||0|91620|91620||||||||||0|44096|44096|
1000012421||||||||||||||||||||||||||||||||||0|16758|16758||||||||||0|23800|23800|||||||||||||
1000012544||||||||||0|18754|18754||||||||||0|21471|21471||||||||||0|15648|15648|||||||||||||||||||||||||
1000012602|397741|7883|405624|842500|12400|854900|1345400|14900|1360300|1881600|17200|1898800|582700|2400|585100|1178400|5800|1184200|1648800|14100|1662900|2090100|29200|2119300|518700|2800|521500|969700|6200|975900|1379900|8800|1388700|1890900|10500|1901400|454400|4000|458400|9296|136|9432|1346800|16300|1363100|1844600|21200|1865800|474100|2100|476200|846600|8200|854800|1238500|10700|1249200|1624400|14700|1639100|
1000012634||||||||||||||||||||||0|2497|2497||||||||||0|4294|4294|||||||||||||||||||||||||
1000012687||||||||||0|2422|2422||||||||||0|2977|2977||||||||||0|2550|2550||||||||||0|1889|1889|||||||||||||
1000012712||||||||||0|2697|2697||||||||||0|3478|3478||||||||||0|5861|5861|||||||||||||||||||||||||
1000012894||||||||||||||||||||||||||||||||||||||||||||||0|0|0|||||||||||||
1000012903||||||||||||||||||||||||||||||||||||||||||||||0|6805|6805|||||||||||||
1000012921||||||||||0|554|554||||||||||||||||||||||0|2166|2166|||||||||||||||||||||||||
1000013137||||||||||0|3114|3114||||||||||0|3306|3306|||||||||||||||||||||||||||||||||||||
1000013193||||||||||||||||||||||||||||||||||||||||||||||||||||||||||0|3635|3635|
1000013328||||||||||0|3539|3539||||||||||0|3357|3357||||||||||0|380|380|||||||||||||||||||||||||
1000013355||||||||||||||||||||||||||||||||||0|1404|1404|||||||||||||||||||||||||
1000013429||||||||||0|79120|79120||||||||||0|78171|78171||||||||||0|76028|76028||||||||||0|88121|88121||||||||||0|75881|75881|
1000013510||||||||||||||||||||||0|2022442|2022442|||||||||||||||||||||||||||||||||||||
1000013597|17099|38162|55261|39563|79461|119024|64011|127710|191721|94770|176331|271101|30896|49480|80376|67693|93490|161183|90031|142107|232138|118765|188559|307324|20824|47646|68470|44900|88747|133647|58890|127811|186701|73687|159527|233214|21030|36717|57747|46503|72557|119060|74242|108227|182469|104086|147561|251647|21030|37604|58634|39629|83096|122725|64589|127972|192561|90473|183009|273482|
1000013611||||||||||||||||||||||||||||||||||0|2737|2737|||||||||||||||||||||||||
1000013906||||||||||0|163624|163624||||||||||0|162520|162520||||||||||0|168364|168364||||||||||0|161707|161707|||||||||||||
1000013989||||||||||0|3680|3680||||||||||0|5426|5426||||||||||0|6141|6141||||||||||0|6920|6920||||||||||0|7396|7396|
1000014169||||||||||0|5774|5774||||||||||0|7348|7348||||||||||||||||||||||0|9033|9033|||||||||||||
1000014409|0|34122|34122|0|66419|66419|0|103948|103948|0|148292|148292|0|43384|43384|0|85882|85882|0|131051|131051|0|183932|183932|0|52565|52565|0|105222|105222|0|161924|161924|0|228488|228488|0|64787|64787|0|141793|141793|0|213561|213561|0|272991|272991|0|69816|69816|0|159626|159626|0|241339|241339|0|320329|320329|
1000014442|0|104441|104441|0|260607|260607|0|412727|412727|0|608817|608817|0|160144|160144|0|356518|356518|0|522293|522293|0|730033|730033|0|126356|126356|0|283051|283051|0|422002|422002|0|621657|621657|0|189444|189444|0|406365|406365|0|567670|567670|0|749383|749383|0|153101|153101|0|351265|351265|0|489939|489939|0|645115|645115|
1000014522||||||||||35187|54376|89563||||||||||38985|49533|88518||||||||||0|121551|121551||||27832|46451|74283|0|121869|121869|0|177258|177258|16233|16818|33051|41211|28322|69533|74733|40665|115398|106050|69215|175265|
1000014943||||||||||0|58788|58788||||||||||0|77781|77781||||||||||0|89853|89853||||||||||0|95181|95181||||||||||0|32072|32072|
1000015060||||||||||0|34769|34769|||||||||||||||||||||||||||||||||||||||||||||||||
1000015276||||||||||0|50136|50136||||||||||0|50136|50136||||||||||0|96566|96566||||||||||||||||||||||0|60711|60711|
1000015358||||||||||||||||||||||0|11498|11498|||||||||||||||||||||||||||||||||||||
1000015427||||||||||0|768002|768002||||||||||0|862127|862127||||||||||0|1030331|1030331||||||||||0|1077427|1077427||||||||||0|1186968|1186968|
1000015483||||||||||0|8715|8715||||||||||0|13179|13179||||||||||0|11478|11478||||||||||0|10170|10170||||||||||0|8479|8479|
1000015492||||||||||||||||||||||0|3087|3087||||||||||0|3087|3087||||||||||||||||||||||0|7737|7737|
1000015548||||0|595|595||||||||||0|595|595||||||||||0|2027|2027|||||||||||||||||||||||||||||||
1000015565||||||||||0|7586|7586||||||||||0|9570|9570||||||||||0|9775|9775|||||||||||||||||||||||||
1000015573||||||||||0|15565|15565|||||||||||||||||||||||||||||||||||||||||||||||||
1000015637|||||||||||||||||||4715|30946|35661|5599|42527|48126|542|8654|9196|979|22990|23969|2158|34644|36802|4203|41787|45990|820|5392|6212|2095|13379|15474|3713|18976|22689|5099|25237|30336|0|9894|9894|0|20715|20715|0|27872|27872|0|38391|38391|
1000015851||||||||||||||||||||||||||||||||||0|0|0|||||||||||||0|3094|3094||||||||||
1000015998||||||||||0|58076|58076|||||||||||||||||||||||||||||||||||||||||||||||||
1000016215||||||||||0|5668|5668|||||||||||||||||||||||||||||||||||||||||||||||||
1000016389||||||||||||||||||||||0|3430|3430|||||||||||||||||||||||||||||||||||||
1000016395||||||||||||||||||||||||||||||||||0|2361|2361|||||||||||||||||||||||||
1000016410||||||||||||||||||||||||||||||||||||||||||||||||||||||||||0|16741|16741|
1000016758||||||||||||||||||||||0|1862|1862||||||||||0|2002|2002|||||||||||||||||||||||||
1000016961||||||||||||||||||||||||||||||||||||||||||||||||||||||||||0|65964|65964|
1000017025||||||||||0|262200|262200||||||||||0|303343|303343||||||||||0|254860|254860|||||||||||||||||||||||||
1000017053||||||||||0|103862|103862||||||||||0|160277|160277||||||||||0|170383|170383||||||||||0|180728|180728||||||||||0|175562|175562|
1000017102||||||||||||||||||||||0|20911|20911||||||||||0|25354|25354||||||||||0|28031|28031||||||||||0|30110|30110|
1000017340||||||||||||||||||||||||||||||||||0|2100|2100|||||||||||||||||||||||||
1000017467||||||||||0|2439|2439|||||||||||||||||||||||||||||||||||||||||||||||||
1000017689||||0|34153|34153||||0|87939|87939|0|36076|36076|0|65786|65786|0|91073|91073|0|117458|117458|0|23878|23878|0|58328|58328|0|89784|89784|0|119845|119845|0|19778|19778|0|36543|36543|0|50444|50444|0|65672|65672|0|13332|13332|0|36409|36409|0|57090|57090|0|76878|76878|
1000017801||||||||||0|1252|1252||||||||||0|980|980||||||||||0|602|602|||||||||||||||||||||||||
1000017831||||||||||0|2043|2043|||||||||||||||||||||||||||||||||||||||||||||||||
1000018210|528229|156432|684661|1124694|282622|1407316|1676270|350396|2026666|2402587|484625|2887212|663239|212720|875959|1391440|419955|1811395|2035871|657793|2693664|2853911|862950|3716861|712558|196603|909161|1552879|389653|1942532|2350081|586252|2936333|3215746|823320|4039066|801682|198812|1000494|1746010|383546|2129556|2744492|462732|3207224|4126046|504003|4630049|1116800|67023|1183823|2206963|211308|2418271|3438738|279883|3718621||||
1000018328|26992|150474|177466|60661|364620|425281|97291|589496|686787|135106|829727|964833|35349|240030|275379|74407|514321|588728|120442|789596|910038|166379|1076096|1242475|44015|237890|281905|88065|472285|560350|122996|731206|854202|164964|993034|1157998|46054|224277|270331|93122|457453|550575|138593|669840|808433|184900|877935|1062835|42097|203757|245854|87672|398999|486671|128568|619708|748276|164488|857240|1021728|
1000018461||||||||||0|2371|2371|||||||||||||||||||||||||||||||||||||||||||||||||
1000018467||||||||||0|33463|33463||||||||||0|41407|41407||||||||||0|44224|44224||||||||||0|33792|33792||||||||||0|40811|40811|
1000018519||||||||||0|6986|6986|||||||||||||||||||||||||||||||||||||||||||||||||
1000018529||||||||||||||||||||||||||||||||||0|1101|1101|||||||||||||||||||||||||
1000018617||||||||||0|3379|3379||||||||||0|2566|2566||||||||||0|2706|2706|||||||||||||||||||||||||
1000018834||||||||||||||||||||||0|1749|1749||||||||||0|1970|1970|||||||||||||||||||||||||
1000018890|420197|792165|1212362|913883|1984946|2898829|1381810|3059481|4441291|1892878|4522210|6415088|482490|895617|1378107|1594351|1454906|3049257|1715277|2870729|4586006|2553397|4627985|7181382|1010553|1027363|2037916|1710719|2235112|3945831|2382978|3544309|5927287|3357430|6001576|9359006|971891|876449|1848340|2139766|2494545|4634311|3605753|3958307|7564060|5784755|6604323|12389078|3894899|1589322|5484221|7888933|3906247|11795180|13203684|5077982|18281666|17634493|9068408|26702901|
1000018907||||||||||0|10640|10640||||||||||0|9125|9125||||||||||0|5330|5330|||||||||||||||||||||||||
1000018958|51908|62632|114540|119036|165651|284687|166088|237215|403303|236480|362519|598999|69327|108516|177843|139715|224592|364307|213919|326111|540030|315526|448717|764243|74394|124953|199347|151674|236719|388393|244885|331145|576030|309280|545104|854384|98499|194866|293365|159604|420246|579850|289990|585946|875936|408268|793937|1202205|56535|261647|318182|165242|540641|705883|233755|769473|1003228|297287|1073771|1371058|
1000019055||||||||||0|1667|1667|0|1667|1667|0|1600|1600|0|2376|2376|0|2873|2873|0|1198|1198|0|1397|1397|0|1548|1548|0|2089|2089|0|818|818|0|1104|1104|0|1293|1293|0|1676|1676|||||||||||||
1000019407||||||||||0|9409|9409|||||||||||||||||||||||||||||||||||||||||||||||||
1000019557||||||||||0|1800|1800|||||||||||||||||||||||||||||||||||||||||||||||||
1000020081||||||||||||||||||||||||||||||||||||||||||||||0|4617|4617|||||||||||||
1000020223||||||||||||||||||||||||||||||||||0|76698|76698|||||||||||||||||||||||||
1000020253||||||||||0|67226|67226||||||||||||||||||||||||||||||||||0|51217|51217||||||||||0|49819|49819|
1000020369||||||||||||||||||||||||||||||||||||||||||||||0|31238|31238|||||||||||||
1000020436||||||||||||||||||||||||||||||||||||||||||||||||||||||||||0|100|100|
1000020464||||||||||0|15787|15787||||||||||0|19471|19471||||||||||0|25005|25005||||||||||||||||||||||0|26809|26809|
1000020488||||||||||||||||||||||0|49750|49750||||||||||0|51343|51343|||||||||||||||||||||||||
1000020571||||||||||0|1187|1187|||||||||||||||||||||||||||||||||||||||||||||||||
1000020628||||||||||||||||||||||||||||||||||||||||||||||||||||||||||0|6666|6666|
1000020633||||||||||||||||||||||||||||||||||0|2413|2413|||||||||||||||||||||||||
1000020643||||||||||||||||||||||||||||||||||||||||||||||0|0|0||||||||||0|209608|209608|
1000020688||||||||||0|2004|2004|||||||||||||||||||||||||||||||||||||||||||||||||
1000020750||||||||||||||||||||||||||||||||||0|3118|3118||||||||||0|3035|3035|||||||||||||
1000021066||||||||||0|2602|2602|||||||||||||||||||||||||||||||||||||||||||||||||
1000021442||||||||||0|7959|7959|||||||||||||||||||||||||||||||||||||||||||||||||
1000022093||||||||||0|10707|10707||||||||||0|12232|12232||||||||||0|11519|11519|||||||||||||||||||||||||
1000022283||||||||||0|1029|1029||||||||||0|1029|1029||||||||||0|1017|1017|||||||||||||||||||||||||
1000022498||||||||||||||||||||||||||||||||||||||||||||||||||||||||||0|2300|2300|
1000022715||||||||||||||||||||||0|3000|3000||||||||||0|3000|3000|||||||||||||||||||||||||
1000022919||||||||||||||||||||||||||||||||||||||||||||||0|55554|55554|||||||||||||
1000022997||||||||||0|3596|3596||||||||||||||||||||||0|3404|3404|||||||||||||||||||||||||
1000023238||||||||||0|1211|1211||||||||||||||||||||||0|4830|4830|||||||||||||||||||||||||
1000023494||||||||||0|25682|25682||||||||||0|31355|31355||||||||||0|34758|34758||||||||||0|27598|27598||||||||||0|23063|23063|
1000023610||||||||||||||||||||||||||||||||||0|9704|9704|||||||||||||||||||||||||
1000023625||||||||||||||||||||||0|3916|3916|||||||||||||||||||||||||||||||||||||
1000023741||||||||||||||||||||||||||||||||||||||||||||||0|21330|21330|||||||||||||
1000023756||||||||||||||||||||||||||||||||||||||||||||||0|30374|30374|||||||||||||
1000024171||||||||||0|4666|4666||||||||||||||||||||||0|5838|5838|||||||||||||||||||||||||
1000024305||||||||||||||||||||||0|269045|269045|||||||||||||||||||||||||||||||||||||
1000024362||||||||||||||||||||||0|29445|29445|||||||||||||||||||||||||||||||||||||
1000026215||||||||||0|7452|7452||||||||||0|11621|11621|||||||||||||||||||||||||||||||||||||
1000025140||||||||||0|3616|3616||||||||||0|2683|2683||||||||||0|2210|2210|||||||||||||||||||||||||
1000025275||||||||||0|3161|3161||||||||||0|3610|3610||||||||||0|4516|4516|||||||||||||||||||||||||
1000025816||||||||||||||||||||||0|18134|18134||||||||||0|18352|18352|||||||||||||||||||||||||
1000019287||||||||||0|439|439||||||||||0|936|936|||||||||||||||||||||||||||||||||||||
1000026023||||||||||0|3411|3411||||||||||0|250|250|||||||||||||||||||||||||||||||||||||
1000025848||||||||||0|102668|102668||||||||||0|107234|107234||||||||||0|120162|120162||||||||||19198|112617|131815|5614|29435|35049|7895|62044|69939|8687|90689|99376|11515|118830|130345|
1000025203||||||||||||||||||||||||||||||||||||||||||||||||||||||||||0|27352|27352|
1000012238||||||||||0|25537|25537||||||||||0|32636|32636||||||||||0|34484|34484||||||||||0|37451|37451||||||||||0|36386|36386|
1000025426||||||||||||||||||||||0|3914|3914|||||||||||||||||||||||||||||||||||||
1000027136||||||||||||||||||||||0|16522|16522|||||||||||||||||||||||||||||||||||||
1000008377||||||||||||||||||||||0|21332|21332|||||||||||||||||||||||||||||||||||||
1000026092||||||||||0|375|375||||||||||0|999|999||||||||||0|1567|1567|||||||||||||||||||||||||
1000025068|||||||||||||||||||139041|42551|181592|195561|61890|257451|53624|21442|75066|106448|44640|151088|150487|62277|212764|231471|73515|304986|105343|17063|122406|213437|25571|239008|275185|29318|304503|290980|31093|322073|14477|1832|16309|49791|4721|54512|74974|8649|83623|100395|10417|110812|
1000021797||||||||||||||||||||||0|23971|23971|||||||||||||||||||||||||||||||||||||
1000024898||||||||||||||||||||||0|25477|25477||||||||||0|30717|30717||||||||||0|46523|46523||||||||||0|36411|36411|
1000028811||||||||||0|12804|12804||||||||||0|9004|9004||||||||||||||||||||||0|15055|15055|||||||||||||
1000026503|0|41066|41066|0|86894|86894|0|128987|128987|0|179555|179555|0|52154|52154|0|104320|104320|0|155188|155188|0|205744|205744|0|40503|40503|0|80258|80258|0|123728|123728|0|167632|167632|0|43831|43831|0|88102|88102|||||||||||||||||||
1000025230||||||||||||||||||||||0|9842|9842||||||||||0|8353|8353|||||||||||||||||||||||||
1000028006||||||||||||||||||||||0|20387|20387||||||||||0|35278|35278|||||||||||||||||||||||||
1000026647||||||||||0|27807|27807||||||||||||||||||||||0|42043|42043||||||||||0|45769|45769||||||||||0|44498|44498|
1000027394|0|591176|591176|0|1210340|1210340|0|1840965|1840965|0|2452990|2452990|0|727214|727214|0|1493605|1493605|0|2196463|2196463|0|2878558|2878558|0|669521|669521|0|1393372|1393372|0|2105096|2105096|0|2791629|2791629|0|710348|710348|0|1464831|1464831|0|2233141|2233141|0|3013765|3013765|0|639464|639464|0|1257615|1257615|0|1837920|1837920|0|2408421|2408421|
1000006774||||||||||0|2630|2630|||||||||||||||||||||||||||||||||||||||||||||||||
1000022454||||||||||0|1236|1236||||||||||0|1482|1482||||||||||0|1567|1567||||||||||0|1609|1609||||||||||0|1545|1545|
1000027642||||||||||0|2316|2316|||||||||||||||||||||||||||||||||||||||||||||||||
1000008155|0|254519|254519|0|687043|687043|0|1060321|1060321|0|1232302|1232302|0|208658|208658|0|408492|408492|0|691586|691586|0|1011485|1011485|0|150358|150358|0|285006|285006|0|464920|464920|0|690338|690338|0|113833|113833|0|268735|268735|0|453322|453322|0|748177|748177|0|124198|124198|0|366366|366366|0|634805|634805|0|909796|909796|
1000028031||||||||||0|2700|2700|||||||||||||||||||||||||||||||||||||||||||||||||
1000028227||||||||||0|9449|9449||||||||||0|9855|9855||||||||||0|20432|20432|||||||||||||||||||||||||
1000027951||||||||||||||||||||||||||||||||||0|41333|41333|||||||||||||||||||||||||
1000030173||||||||||||||||||||||81948|25082|107030|19107|7145|26252|35196|14810|50006|55470|20444|75914|65697|28533|94230|13674|6070|19744|25773|11148|36921|42134|16321|58455|60114|21265|81379|13105|3215|16320|0|36803|36803|0|61073|61073|0|94230|94230|
1000027119||||||||||0|10062|10062||||||||||0|15406|15406||||||||||0|11452|11452|||||||||||||||||||||||||
1000030784||||||||||||||||||||||0|86|86|||||||||||||||||||||||||||||||||||||
1000030435||||||||||0|6851|6851||||||||||0|7591|7591||||||||||0|7890|7890||||||||||0|7451|7451||||||||||0|7933|7933|
1000029003||||||||||||||||||||||0|1580|1580||||||||||0|0|0|||||||||||||||||||||||||
1000027037||||||||||0|1521|1521||||||||||0|2135|2135||||||||||0|2653|2653|||||||||||||||||||||||||
1000026901||||||||||0|3000|3000|||||||||||||||||||||||||||||||||||||||||||||||||
1000026904||||||||||||||||||||||0|3346|3346||||||||||0|3806|3806|||||||||||||||||||||||||
1000026192||||||||||0|9479|9479||||||||||0|13002|13002||||||||||0|761|761|||||||||||||||||||||||||
1000029378||||||||||0|532|532||||||||||0|1801|1801||||||||||0|1801|1801|||||||||||||||||||||||||
1000028335||||||||||||||||||||||||||||||||||||||||||||||0|300|300|||||||||||||
1000001041||||||||||0|7654|7654||||||||||0|6528|6528||||||||||0|5808|5808|||||||||||||||||||||||||
1000004686||||||||||||||||||||||||||||||||||0|1800|1800|||||||||||||||||||||||||
1000019334||||||||||0|14487|14487||||||||||0|25214|25214|||||||||||||||||||||||||||||||||||||
1000004305||||||||||||||||||||||||||||||||||0|37925|37925|||||||||||||||||||||||||
1000015021||||||||||0|11912|11912||||||||||0|14252|14252||||||||||0|15120|15120||||||||||0|15784|15784||||||||||0|16150|16150|
1000020703||||||||||0|5421|5421||||||||||0|5212|5212|||||||||||||||||||||||||||||||||||||
1000015254||||||||||||||||||||||0|123608|123608||||||||||||||||||||||0|211569|211569||||||||||0|1224054|1224054|
1000027368||||||||||||||||||||||0|195117|195117|||||||||||||||||||||||||||||||||||||
1000004257||||||||||||||||||||||0|26559|26559||||||||||0|25249|25249|||||||||||||||||||||||||
1000011666||||||||||0|2326|2326||||||||||0|2193|2193||||||||||0|1884|1884|||||||||||||||||||||||||
1000029679|||||||||||||||||||||||||||||||||||||||||||||||||||||||0|800|800||||
1000030306||||||||||0|609046|609046||||||||||0|180924|180924||||||||||||||||||||||148831|133966|282797|40052|35054|75106|87662|84871|172533|124605|135518|260123|190538|212811|403349|
1000031887||||||||||||||||||||||||||||23459|407020|430479|94166|1415310|1509476|175592|2456512|2632104|88071|839186|927257|167435|1699987|1867422|242844|2463134|2705978|318302|3209224|3527526|93923|631626|725549|218428|1400780|1619208|285428|2102995|2388423|399992|2803439|3203431|
1000031527||||||||||||||||||||||0|3629|3629||||||||||0|5444|5444|||||||||||||||||||||||||
1000008455||||||||||0|41502|41502||||||||||0|44183|44183||||||||||0|35483|35483||||||||||0|38032|38032||||||||||0|35746|35746|
1000008494||||||||||0|4830|4830||||||||||0|5489|5489||||||||||0|5489|5489||||||||||0|9532|9532||||||||||0|9532|9532|
1000005773|5964|2076|8040|9628|8604|18232|18991|6637|25628|26787|8489|35276|9279|1573|10852|17798|2634|20432|25678|3798|29476|31732|5447|37179|4340|1148|5488|9667|1915|11582|16523|2926|19449|21797|3908|25705|7161|843|8004|16030|2051|18081|24432|3238|27670|33499|4714|38213|6649|853|7502|13338|1825|15163|19295|2944|22239|28301|4005|32306|
1000009408||||||||||0|10321|10321||||||||||0|14769|14769||||||||||0|13238|13238||||||||||0|20036|20036||||||||||0|14421|14421|
1000008738||||||||||0|46749|46749||||||||||0|47221|47221||||||||||0|150832|150832||||||||||0|155217|155217||||||||||0|65035|65035|
1000007835||||||||||0|1683418|1683418||||||||||0|1804073|1804073||||||||||0|1902959|1902959||||||||||0|1965592|1965592|||||||||||||
1000024613||||||||||||||||||||||||||||||||||||||||||||||0|13000|13000|||||||||||||
1000023993||||||||||0|7414|7414||||||||||0|7000|7000||||||||||0|7439|7439|||||||||||||||||||||||||
1000024188||||||||||0|337|337||||||||||0|927|927||||||||||0|1374|1374|||||||||||||||||||||||||
1000010025|0|12214|12214|18305|6278|24583|26114|7724|33838|36313|9611|45924|12914|2458|15372|25483|5349|30832|37814|7135|44949|51472|9057|60529|15341|3347|18688|29971|6822|36793|42329|9072|51401|56791|11621|68412|16022|3700|19722|31561|7569|39130|45252|10303|55555|59531|13061|72592|15049|5214|20263|29281|10346|39627|40149|14115|54264|51334|17473|68807|
1000007806|0|459907|459907|0|921563|921563|0|1403260|1403260|0|1923678|1923678|0|520489|520489|0|1031789|1031789|0|1554217|1554217|0|2114870|2114870|0|548338|548338|0|1099770|1099770|0|1671303|1671303|0|2269615|2269615|0|604394|604394|0|1203799|1203799|0|1812166|1812166|0|2456108|2456108|0|600129|600129|0|1205016|1205016|0|1830618|1830618|0|2516235|2516235|
1000024137||||||||||||||||||||||0|3250|3250||||||||||||||||||||||0|4270|4270|||||||||||||
1000010665||||||||||0|4935|4935||||||||||0|3476|3476|||||||||||||||||||||||||||||||||||||
1000014018||||||||||0|7800|7800|||||||||||||||||||||||||||||||||||||||||||||||||
1000005175||||||||||0|5260|5260|||||||||||||||||||||||||||||||||||||||||||||||||
1000014027||||||||||0|45060|45060|||||||||||||||||||||||||||||||||||||||||||||||||
1000031562||||||||||||||||||||||0|30946|30946||||||||||0|65985|65985||||||||||0|57719|57719||||||||||0|87315|87315|
1000015204||||||||||0|30643|30643|||||||||||||||||||||||||||||||||||||||||||||||||
1000009598||||||||||0|15051|15051||||||||||0|13933|13933||||||||||0|15198|15198||||||||||0|13232|13232|||||||||||||
1000013095||||||||||0|23677|23677|||||||||||||||||||||||||||||||||||||||||||||||||
1000005120||||||||||0|42793|42793|||||||||||||||||||||||||||||||||||||||||||||||||
1000000029|0|1197136|1197136|0|1916239|1916239|0|2558909|2558909|0|3763316|3763316|0|1749861|1749861|0|2784953|2784953|0|3888101|3888101|0|5789105|5789105|0|2135648|2135648|0|3181055|3181055|0|4135045|4135045|0|5664041|5664041|0|1755609|1755609|0|2746452|2746452|0|3703315|3703315|0|5120527|5120527|0|1814087|1814087|0|2914284|2914284|0|3829132|3829132|0|5275461|5275461|
1000000049|0|130050|130050|0|309593|309593|0|457703|457703|0|631606|631606|0|149577|149577|0|108201|108201|0|484121|484121|0|646040|646040|0|139666|139666|0|315022|315022|0|469999|469999|0|631382|631382|0|140395|140395|0|323065|323065|0|473550|473550|0|628348|628348|0|133269|133269|0|310778|310778|0|466280|466280|0|617068|617068|
1000000071|0|35431|35431|0|71893|71893|0|110798|110798|0|155229|155229|0|42238|42238|0|84246|84246|0|128917|128917|0|174112|174112|0|35227|35227|0|73948|73948|0|108285|108285|0|145721|145721|0|36140|36140|0|71005|71005|0|103272|103272|0|136966|136966|0|28819|28819|0|59357|59357|0|90819|90819|0|126172|126172|
1000000084|2874|7783|10657|6618|14735|21353|9382|20813|30195|12452|29188|41640|4355|7103|11458|7679|16306|23985|9963|24495|34458|13346|32669|46015|3478|11979|15457|7391|21008|28399|12079|29681|41760|13664|39710|53374|4156|11003|15159|6887|21202|28089|10022|30321|40343|13227|39944|53171|2493|9137|11630|4165|17230|21395|5615|27142|32757|8236|36102|44338|
1000000095|0|686892|686892|0|1609809|1609809|0|2471092|2471092|0|3538943|3538943|0|910416|910416|0|1835145|1835145|0|2703781|2703781|0|3719326|3719326|0|800387|800387|0|1706858|1706858|0|2511923|2511923|0|3436688|3436688|0|821735|821735|0|962521|962521|0|1562622|1562622|0|2272756|2272756|0|553898|553898|0|1155812|1155812|0|1767984|1767984|0|2431709|2431709|
1000000102||||||||||0|156319|156319||||||||||0|169626|169626||||||||||0|164542|164542||||||||||0|145081|145081||||||||||0|124529|124529|
1000000105|600|26784|27384|850|56161|57011|959|85885|86844|1381|118365|119746|150|33101|33251|192|65300|65492|229|95426|95655|264|126318|126582|31|32377|32408|72|67879|67951|157|99919|100076|204|135169|135373|8|37526|37534|50|75127|75177|105|114722|114827|123|156340|156463|8|41496|41504|42|86485|86527|91|132069|132160|316|175179|175495|
1000000128|0|41443|41443|0|98619|98619|0|125728|125728|0|186443|186443|0|50640|50640|0|77795|77795|0|65145|65145|0|209404|209404|0|32644|32644|0|89921|89921|0|127748|127748|0|193420|193420|0|40923|40923|0|66455|66455|0|99241|99241|0|164582|164582|0|43104|43104|0|86086|86086|0|124861|124861|0|187759|187759|
1000000135|3277|68551|71828|7005|140625|147630|10664|206037|216701|14470|278549|293019|5255|80038|85293|10058|162454|172512|14483|241485|255968|18501|321925|340426|4712|94705|99417|8876|180534|189410|13562|263305|276867|18106|343004|361110|6073|112813|118886|46389|187660|234049|69768|274472|344240|18266|446608|464874|5186|120487|125673|11552|239147|250699|16176|356523|372699|30832|465562|496394|
1000000143|0|49104|49104|0|111948|111948|0|171627|171627|0|237772|237772|0|69565|69565|0|127859|127859|0|187726|187726|0|241913|241913|0|57459|57459|0|106073|106073|0|154685|154685|0|201086|201086|0|46198|46198|0|96039|96039|0|134244|134244|0|182966|182966|0|43671|43671|0|89648|89648|0|135700|135700|0|176296|176296|
1000000179|84244|86603|170847|192712|182544|375256|273396|277013|550409|346546|382590|729136|96313|124545|220858|245772|260415|506187|306815|371653|678468|362974|497556|860530|79526|110099|189625|132562|242571|375133|220376|335421|555797|282312|474699|757011|49925|126407|176332|189339|218391|407730|305902|307728|613630|390056|400232|790288|107523|97052|204575|212610|187417|400027|281610|294325|575935|350587|377178|727765|
1000000180||||||||||0|10055|10055|||||||||||||||||||||||||||||||||||||||||||||||||
1000000204|0|282233|282233|0|669830|669830|0|1135538|1135538|0|1537826|1537826|0|416942|416942|0|840173|840173|0|1299840|1299840|0|1711313|1711313|0|349482|349482|0|782349|782349|0|1221700|1221700|0|1626644|1626644|0|356810|356810|0|774173|774173|0|1239038|1239038|0|1679892|1679892|0|383779|383779|0|884038|884038|0|1493525|1493525|0|1991279|1991279|
1000000237|0|46929|46929|0|107010|107010|0|158621|158621|0|204873|204873|0|56231|56231|0|100943|100943|0|148302|148302|0|192206|192206|0|49118|49118|0|82525|82525|0|121879|121879|0|163634|163634|0|36005|36005|0|69520|69520|0|102096|102096|0|140207|140207|0|33165|33165|0|65166|65166|0|100563|100563|0|137874|137874|
1000000248|1821|298849|300670|5007|379833|384840|7514|606079|613593|11647|813582|825229|2289|174982|177271|5502|382743|388245|8549|617250|625799|12842|837685|850527|3317|210943|214260|7761|436130|443891|11232|681956|693188|15364|901707|917071|3759|245877|249636|7547|479359|486906|11542|738524|750066|15726|959113|974839|3171|231057|234228|6797|488434|495231|10544|757964|768508|13915|997109|1011024|
1000000259|0|417489|417489|0|911350|911350|0|1376127|1376127|0|2010344|2010344|0|333264|333264|0|799246|799246|0|1266332|1266332|0|1962419|1962419|0|515274|515274|0|1115511|1115511|0|1707903|1707903|0|2430033|2430033|0|597364|597364|0|1269253|1269253|0|1838783|1838783|0|2469179|2469179|||||||||||||
1000000264|15866|11577|27443|33293|22859|56152|46169|34347|80516|66476|46864|113340|24345|10493|34838|43883|30731|74614|80263|32325|112588|102779|44027|146806|22453|10649|33102|43367|23707|67074|66090|31304|97394|85020|37159|122179|19634|5965|25599|41682|12859|54541|56087|32567|88654|101204|24746|125950|30211|5652|35863|51307|12871|64178|76148|19109|95257|100354|26070|126424|
1000000320|4861877|4953925|9815802|9838794|10262085|20100879|14745413|15345357|30090770|20148169|21554015|41702184|5745600|5562611|11308211|11666086|11950176|23616262|18339774|18572021|36911795|25192872|26713421|51906293|6687026|7979948|14666974|13646655|16705263|30351918|20553843|24028319|44582162|27374463|31879898|59254361|7023105|6846119|13869224|14428630|14095901|28524531|21907815|20618524|42526339|29444323|27792672|57236995|8269746|6482288|14752034|17267174|13421101|30688275|25695157|20025050|45720207|34350321|26767806|61118127|
1000000417||||||||||0|1564|1564||||||||||0|20150|20150||||||||||0|22737|22737|||||||||||||||||||||||||
1000000450||||||||||0|36041|36041||||||||||0|40321|40321||||||||||0|45033|45033|||||||||||||||||||||||||
1000000572|78|126586|126664|118|265003|265121|140|397856|397996|196|540048|540244|8|135970|135978|16|281891|281907|30|431986|432016|69|595398|595467|26|163441|163467|99|338781|338880|186|521283|521469|263|724855|725118|29|194733|194762|75|397277|397352|113|596371|596484|155|790813|790968|0|192397|192397|0|397236|397236|0|615439|615439|0|836328|836328|
1000000627||||||||||0|35667|35667||||||||||0|40370|40370|||||||||||||||||||||||||||||||||||||
1000000653||||||||||||||||||||||0|36699|36699|||||||||||||||||||||||||||||||||||||
1000000654||||||||||||||||||||||0|159265|159265||||||||||0|212067|212067|||||||||||||||||||||||||
1000000846||||||||||||||||||||||||||||||||||||||||||||||0|109165|109165||||||||||0|89118|89118|
1000000925|0|82609|82609|0|195888|195888|0|294063|294063|0|388607|388607|0|78871|78871|0|208506|208506|0|327987|327987|0|445710|445710|0|111468|111468|0|229171|229171|0|328024|328024|0|425885|425885|0|97605|97605|0|180922|180922|0|234171|234171|0|329118|329118|0|74326|74326|0|138325|138325|0|201045|201045|0|268960|268960|
1000000946||||||||||0|132294|132294||||||||||0|155502|155502||||||||||0|207351|207351||||||||||0|234031|234031||||||||||0|190824|190824|
1000000986|0|30587|30587|0|62977|62977|0|94876|94876|0|128767|128767|0|39477|39477|0|74994|74994|0|110704|110704|0|148135|148135|0|40276|40276|0|84058|84058|0|129722|129722|0|177105|177105|0|43347|43347|0|88830|88830|0|131720|131720|0|176158|176158|0|41709|41709|0|83376|83376|0|125961|125961|0|168144|168144|
1000001139||||||||||0|101220|101220||||||||||0|99963|99963||||||||||||||||||||||0|159597|159597||||||||||0|85334|85334|
1000001207||||||||||||||||||||||||||||||||||0|680951|680951|||||||||||||||||||||||||
1000001240||||||||||0|5755|5755||||||||||0|6584|6584|||||||||||||||||||||||||||||||||||||
1000001407||||||||||||||||||||||||||||0|9777|9777|0|11517|11517|0|18201|18201|0|2485|2485|0|7467|7467|0|9885|9885|0|11795|11795|0|6008|6008|0|8801|8801|0|11969|11969|0|13121|13121|
1000001428|61|111550|111611|326|222583|222909|1065|346811|347876|1224|474680|475904|894|134772|135666|2221|258104|260325|2271|383088|385359|2833|508434|511267|249|123251|123500|749|246493|247242|1393|368112|369505|2708|501065|503773|684|126020|126704|1249|245727|246976|1966|366717|368683|3200|503154|506354|324|121752|122076|1089|248052|249141|2333|370997|373330|4441|514573|519014|
1000001443||||||||||||||||||||||0|7293|7293||||||||||0|5368|5368|||||||||||||||||||||||||
1000001451||||||||||||||||||||||0|7252|7252||||||||||0|7219|7219|||||||||||||||||||||||||
1000001688||||||||||||||||||||||||||||||||||146347|5943|152290|41826|2567|44393|82214|4430|86644|129763|7444|137207|164106|9751|173857|40797|1608|42405|81010|3178|84188|131029|4632|135661|164265|5457|169722|
1000001702||||||||||||||||||||||0|3118|3118||||||||||0|2288|2288|||||||||||||||||||||||||
1000001822|116|46980|47096|748187|827157|1575344|1215804|1323805|2539609|1740827|1796487|3537314|595267|439526|1034793|0|2058605|2058605|0|3129845|3129845|0|4944241|4944241|0|1932005|1932005|0|3851039|3851039|0|5664719|5664719|3431002|3865179|7296181|0|1839978|1839978|0|3693795|3693795|0|5440739|5440739|0|7284861|7284861|0|1747796|1747796|0|3553490|3553490|0|5622634|5622634|0|7577196|7577196|
1000002152|124|2141|2265|300|4167|4467|1384|5356|6740|1686|7185|8871|143|2201|2344|430|4534|4964|1285|6300|7585|2554|8469|11023|232|2405|2637|3343|5381|8724|3548|8247|11795|3707|10948|14655|1608|3108|4716|1846|6295|8141|1977|9108|11085|2534|11690|14224|338|2943|3281|554|5600|6154|836|8940|9776|1453|12826|14279|
1000002374||||||||||||||||||||||||||||||||||0|10879|10879|||||||||||||||||||||||||
1000002379|123600|332100|455700|262700|655900|918600|372700|972100|1344800|27300|161000|188300|5300|62200|67500|10200|116100|126300|19500|170900|190400|27100|231000|258100|5900|74000|79900|10100|137600|147700|||||||||||||||||||||||||||||||
1000002418||||||||||||||||||||||0|3422|3422|||||||||||||||||||||||||||||||||||||
1000002524|37292|138975|176267|75249|314415|389664|111988|507404|619392|157945|703260|861205|68499|225710|294209|140071|442456|582527|228022|706271|934293|300219|935619|1235838|84063|230494|314557|132894|461608|594502|172513|658975|831488|230860|821829|1052689|77797|223018|300815|131461|450075|581536|196883|679422|876305|262613|925626|1188239|60825|208442|269267|113052|446419|559471|163961|687250|851211|212643|915048|1127691|
1000002594||||||||||0|1231|1231||||||||||0|1400|1400||||||||||0|1193|1193|||||||||||||||||||||||||
1000002651||||||||||0|3075|3075|||||||||||||||||||||||||||||||||||||||||||||||||
1000002810||||||||||||||||||||||0|74325|74325||||||||||0|72979|72979||||||||||0|79676|79676|||||||||||||
1000002877||||||||||||||||||||||0|785|785||||||||||0|2164|2164|||||||||||||||||||||||||
1000002972||||||||||||||||||||||0|19133|19133|||||||||||||||||||||||||||||||||||||
1000003025||||||||||0|7421|7421||||||||||0|10325|10325||||||||||0|6768|6768|||||||||||||||||||||||||
1000003082||||||||||||||||||||||0|19100|19100||||||||||0|28648|28648|||||||||||||||||||||||||
1000003183||||||||||0|136055|136055||||||||||0|154193|154193||||||||||0|183325|183325||||||||||0|214998|214998|||||||||||||
1000003236||||||||||||||||||||||||||||||||||0|10514|10514||||||||||0|17201|17201||||||||||0|16137|16137|
1000003250||||||||||||||||||||||||||||||||||||||||||||||0|2163056|2163056|0|465825|465825|0|998020|998020|0|1550122|1550122|0|2052985|2052985|
1000003322||||||||||0|21514|21514||||||||||0|15685|15685||||||||||0|16581|16581||||||||||0|16761|16761||||||||||0|15914|15914|
1000003333||||||||||0|4233|4233||||||||||0|4687|4687||||||||||0|7037|7037||||||||||0|5879|5879||||||||||0|5577|5577|
1000003344|41842|18819|60661|85318|39791|125109|134001|61962|195963|184239|83234|267473|47907|24317|72224|101048|47183|148231|134862|74747|209609|173964|82208|256172|32608|19214|51822|70165|38760|108925|106085|54947|161032|137301|69634|206935|40935|19964|60899|85350|43205|128555|126345|63072|189417|162522|80648|243170|41534|22092|63626|82671|40736|123407|119035|56849|175884|155557|74060|229617|
1000003425||||||||||||||||||||||0|5752|5752||||||||||||||||||||||||||||||||||0|9299|9299|
1000003600||||||||||0|950|950||||||||||||||||||||||||||||||||||0|950|950|||||||||||||
1000003612||||||||||||||||||||||||||||||||||||||||||||||||||||||||||0|1687|1687|
1000003656||||||||||0|6193|6193||||||||||0|8359|8359||||||||||||||||||||||0|8720|8720||||||||||0|7570|7570|
1000003928||||||||||0|2863|2863||||||||||0|3086|3086||||||||||0|1736|1736|||||||||||||||||||||||||
1000003964||||||||||||||||||||||||||||||||||0|1000|1000|||||||||||||||||||||||||
1000003997|467|1656|2123|1518|7009|8527|2551|12935|15486|3069|18459|21528|414|2514|2928|1440|12263|13703|1949|29907|31856|2860|35172|38032|184|8213|8397|1002|23222|24224|1033|47799|48832|1247|56916|58163|113|11515|11628|394|28496|28890|515|53684|54199|519|63927|64446|86|11254|11340|264|26600|26864|307|50346|50653|306|62887|63193|
1000004043||||||||||0|24851|24851||||||||||0|24398|24398||||||||||0|20447|20447||||||||||0|25129|25129||||||||||0|28728|28728|
1000004047||||||||||0|7543|7543||||||||||0|13008|13008||||||||||||||||||||||0|7234|7234||||||||||0|7332|7332|
1000004048||||||||||0|4011|4011||||||||||0|4803|4803||||||||||0|26643|26643||||||||||0|2776|2776||||||||||0|18176|18176|
1000004118||||||||||0|12363|12363||||||||||0|12700|12700||||||||||0|11476|11476|||||||||||||||||||||||||
1000004131||||||||||||||||||||||0|23011|23011|||||||||||||||||||||||||||||||||||||
1000004173||||||||||||||||||||||0|6564|6564||||||||||0|5557|5557||||||||||0|5571|5571||||||||||0|5007|5007|
1000004277||||||||||0|19149|19149||||||||||0|21489|21489||||||||||0|35125|35125||||||||||0|10858|10858||||||||||0|23656|23656|
1000004529||||||||||0|4263|4263||||||||||0|4970|4970||||||||||0|4689|4689|||||||||||||||||||||||||
1000004591||||||||||0|66921|66921|0|14693|14693|0|26633|26633|0|39253|39253|0|54572|54572|0|15423|15423|0|36521|36521|0|54012|54012|0|74949|74949|0|16596|16596|0|34834|34834|0|53145|53145|0|79578|79578|0|21295|21295|0|41788|41788|0|61847|61847|0|78054|78054|
1000004804||||||||||0|5021|5021||||||||||0|6568|6568||||||||||0|6949|6949|||||||||||||||||||||||||
1000004895||||||||||0|8873|8873||||||||||||||||||||||0|8730|8730||||||||||0|9620|9620||||||||||0|9086|9086|
1000005110||||||||||||||||||||||0|3383|3383||||||||||0|2344|2344||||||||||0|1957|1957|||||||||||||
1000005593||||||||||0|69999|69999||||||||||||||||||||||0|72651|72651|||||||||||||||||||||||||
1000005955|850567|4076811|4927378|1642130|8907117|10549247|2445938|13963490|16409428|3371473|19478448|22849921|1036754|5942934|6979688|2124716|12235974|14360690|3425292|17935337|21360629|4653892|22686709|27340601|1170052|5219000|6389052|2381131|11146238|13527369|3602561|16208004|19810565|4841852|21072909|25914761|1077561|4870222|5947783|2229555|9759607|11989162|3444824|14168638|17613462|4619772|18606368|23226140|1266209|4297255|5563464|2601950|8907071|11509021|3871653|13371757|17243410|0|22733237|22733237|
1000005972|10262|83938|94200|18098|176301|194399|27583|264245|291828|37409|365917|403326|9439|104415|113854|19225|210104|229329|22662|293606|316268|34375|368263|402638|7877|82806|90683|0|180765|180765|0|264821|264821|32311|313097|345408|8350|81651|90001|18631|171154|189785|28996|253454|282450|138652|235578|374230|0|99436|99436|0|199763|199763|0|290477|290477|0|379702|379702|
1000006006||||||||||0|78855|78855||||||||||0|51989|51989||||||||||0|58144|58144||||||||||0|41242|41242||||||||||0|68486|68486|
1000006037||||||||||||||||||||||0|3909|3909|||||||||||||||||||||||||||||||||||||
1000006070||||||||||0|119942|119942||||||||||||||||||||||0|125192|125192|||||||||||||||||||||||||
1000006140||||||||||0|20543|20543||||||||||0|24919|24919||||||||||0|26985|26985||||||||||0|30122|30122||||||||||0|29627|29627|
1000006151||||||||||0|26395|26395||||||||||0|21030|21030||||||||||0|18838|18838||||||||||0|13339|13339||||||||||0|13991|13991|
1000006219|0|2486891|2486891|0|2585761|2585761|0|3557626|3557626|0|4593665|4593665|0|1154491|1154491|0|2342498|2342498|0|3519358|3519358|0|4756114|4756114|0|1287838|1287838|0|2601801|2601801|0|3678021|3678021|0|4659605|4659605|0|1157342|1157342|0|2265511|2265511|0|3175291|3175291|3355662|758528|4114190|794053|224448|1018501|1788770|414286|2203056|2747256|585982|3333238||||
1000006313||||||||||0|25460|25460|0|8306|8306|0|18392|18392|0|22209|22209|0|22289|22289|||||||||||||||||||||||||||||||||||||
1000006318||||||||||3068|8907|11975|769|3587|4356|1993|6797|8790|2614|9147|11761|4128|11727|15855|886|2447|3333|1723|5203|6926|2714|8139|10853|4215|11379|15594|947|2854|3801|2248|5481|7729|3363|7962|11325|4744|11321|16065|1179|3146|4325|3286|5719|9005|4624|9452|14076|6016|13162|19178|
1000006545||||||||||0|7963|7963||||||||||0|8907|8907||||||||||0|13735|13735|||||||||||||||||||||||||
1000007436|26431|8661|35092|53702|19618|73320|86452|28452|114904|117045|35457|152502|28027|8458|36485|57347|47739|105086|81355|23988|105343|97723|33023|130746|30618|6881|37499|68759|14472|83231|116019|21053|137072|158541|26449|184990|43360|2937|46297|97908|6654|104562|147253|13076|160329|199853|19465|219318|47752|6280|54032|103981|13474|117455|162017|19019|181036|228000|26612|254612|
1000007453||||||||||0|3279378|3279378||||||||||0|1315976|1315976||||||||||0|1106851|1106851||||||||||0|969479|969479||||||||||0|1175307|1175307|
1000007580|41|1993|2034|76|4167|4243|172|6504|6676|251|12948|13199|54|1608|1662|114|4178|4292|638|7055|7693|742|12961|13703|44|1851|1895|114|4397|4511|256|7614|7870|340|14106|14446|44|1809|1853|93|4801|4894|166|7261|7427|316|11760|12076|34|2635|2669|69|4851|4920|136|7482|7618|210|13228|13438|
1000007660||||||||||||||||||||||||||||||||||||||||||||||||||||||||||0|4572|4572|
1000007709||||||||||0|4896|4896||||||||||0|5981|5981||||||||||0|4225|4225|||||||||||||||||||||||||
1000007725||||||||||||||||||||||0|12829|12829||||||||||||||||||||||0|16096|16096|||||||||||||
1000007751||||||||||||||||||||||0|1426|1426|||||||||||||||||||||||||||||||||||||
1000007963||||||||||0|3124|3124|||||||||||||||||||||||||||||||||||||||||||||||||
1000007967||||||||||||||||||||||||||||||||||0|1995|1995||||||||||0|1737|1737||||||||||0|670|670|
1000008063||||||||||||||||||||||0|13420|13420|||||||||||||||||||||||||||||||||||||
1000008244||||||||||||||||||||||0|112168|112168||||||||||0|106082|106082||||||||||0|64151|64151|||||||||||||
1000008406||||||||||||||||||||||||||||||||||456281|614160|1070441|89172|129367|218539|214478|270370|484848|311969|431929|743898|410178|551545|961723|120733|127383|248116|212337|257503|469840|308908|415766|724674|405361|549498|954859|
1000008930||||||||||0|4400|4400||||||||||0|4400|4400||||||||||0|3900|3900||||||||||0|4000|4000|||||||||||||
1000009089||||||||||0|36011|36011|||||||||||||||||||||||||||||||||||||||||||||||||
1000009114||||||||||0|6793|6793|||||||||||||||||||||||||||||||||||||||||||||||||
1000009135|||||||||||||||||||||||||||||||3063|2204|5267|3528|2942|6470|678|1049|1727|908|2466|3374|0|8105|8105|0|13565|13565|0|5653|5653|0|13016|13016|0|22834|22834|0|32944|32944|
1000009148||||||||||||||||||||||0|49171|49171||||||||||0|51911|51911||||||||||0|68002|68002||||||||||0|102022|102022|
1000009268||||||||||0|2393|2393||||||||||0|3610|3610|||||||||||||||||||||||||||||||||||||
1000009417||||||||||0|26338|26338||||||||||0|26052|26052||||||||||0|29564|29564||||||||||0|32673|32673|||||||||||||
1000009453||||||||||||||||||||||0|12416|12416|||||||||||||||||||||||||||||||||||||
1000009514|22106|34103|56209|49173|78006|127179|74212|120766|194978|106847|164865|271712||||||||||121636|182732|304368|26245410|46374480|72619890|50707|104304|155011|45476|151080|196556|78730|7045|85775|3277|10664|13941|3802|27132|30934|5577|43622|49199|333|34616|34949|366|12075|12441|524|3256|3780|0|4200|4200||||
1000009543||||||||||0|27042|27042||||||||||0|26090|26090||||||||||||||||||||||0|19773|19773|||||||||||||
1000009547|24444|17676|42120|48557|39064|87621|72879|68164|141043|92506|105002|197508|21057|45097|66154|40200|97882|138082|61379|154870|216249|72767|218043|290810|19793|48807|68600|38704|106617|145321|60245|169895|230140|79320|222314|301634|18414|56447|74861|33787|112710|146497|46555|155113|201668|62382|189419|251801|15731|42585|58316|26349|93243|119592|46616|132881|179497|68719|181364|250083|
1000009564|1589|17239|18828|2522|40289|42811|5239|54872|60111|5701|77537|83238|667|18712|19379|1187|40022|41209|5239|56024|61263|3418|79589|83007|139|15513|15652|139|30639|30778|164|44218|44382|1055|57819|58874|767|17097|17864|2463|36376|38839|5470|53741|59211|9886|77796|87682|1762|20316|22078|2478|45493|47971|2710|73115|75825|6785|94171|100956|
1000009674||||||||||||||||||||||0|8428|8428||||||||||0|9099|9099|||||||||||||||||||||||||
1000009975||||||||||0|21729|21729||||||||||0|37838|37838||||||||||0|29915|29915||||||||||0|27376|27376||||||||||0|35198|35198|
1000010051|0|72300|72300|0|153385|153385|0|230139|230139|6053|289401|295454|1790|48819|50609|5659|85072|90731|8719|167717|176436|11421|197768|209189|700|101428|102128|2599|192612|195211|3616|274729|278345|5090|352753|357843|552|53602|54154|3234|147901|151135|5417|219606|225023|8769|292749|301518|3180|40795|43975|6415|73023|79438|9523|97909|107432|20425|91193|111618|
1000010096||||||||||||||||||||||0|10861|10861|||||||||||||||||||||||||||||||||||||
1000010438||||||||||||||||||||||0|272568|272568|||||||||||||||||||||||||||||||||||||
1000010572||||||||||||||||||||||0|7950|7950||||||||||0|9765|9765|||||||||||||||||||||||||
1000010850||||||||||0|41957|41957|||||||||||||||||||||||||||||||||||||||||||||||||
1000010851|0|41304|41304|0|109962|109962|0|172845|172845|0|247449|247449|0|54421|54421|0|117456|117456|0|165269|165269|0|235833|235833|0|43680|43680|0|113008|113008|0|159251|159251|0|220990|220990|0|55445|55445|0|121551|121551|0|181759|181759|0|252801|252801|0|40400|40400|0|79396|79396|0|108282|108282|0|153221|153221|
1000010857||||||||||0|2344|2344||||||||||0|3590|3590||||||||||0|2300|2300|||||||||||||||||||||||||
1000011026||||||||||0|2512|2512||||||||||0|3725|3725||||||||||||||||||||||0|5773|5773|||||||||||||
1000011190||||||||||0|13015|13015||||||||||0|8819|8819||||||||||0|5536|5536|||||||||||||||||||||||||
1000011345||||||||||0|2637|2637|||||||||||||||||||||||||||||||||||||||||||||||||
1000011667||||||||||0|26657|26657||||||||||0|26973|26973||||||||||0|26973|26973||||||||||0|27494|27494|||||||||||||
1000011934||||||||||||||||||||||||||||||||||0|3616|3616|||||||||||||||||||||||||
1000011979||||||||||0|25625|25625||||||||||0|24100|24100|||||||||||||||||||||||||||||||||||||
1000012039||||||||||||||||||||||||||||0|2014|2014|||||||||||||||||||||||||||||||
1000012057||||||||||156687|57642|214329|83544|22853|106397|169327|48759|218086|290779|78461|369240|452375|57417|509792|121062|24389|145451|217918|44489|262407|317622|55254|372876|360273|64418|424691|71585|6546|78131|171518|14942|186460|268857|19022|287879|341146|24563|365709|63483|4741|68224|124129|8167|132296|209410|13139|222549|291254|21541|312795|
1000012192||||||||||0|28477|28477||||||||||0|25451|25451||||||||||0|22028|22028||||||||||0|27654|27654|||||||||||||
1000012386||||||||||0|6488|6488||||||||||0|7247|7247|||||||||||||||||||||||||||||||||||||
1000012479||||||||||0|1676|1676||||||||||0|3663|3663||||||||||0|3508|3508||||||||||0|3453|3453|||||||||||||
1000012488|0|2056884|2056884|0|4648773|4648773|0|7605676|7605676|0|10808700|10808700|0|3184776|3184776|0|6826397|6826397|0|10584752|10584752|0|13775296|13775296|0|2888122|2888122|0|6144144|6144144|0|9198935|9198935|0|12062362|12062362|0|2743083|2743083|0|5764339|5764339|0|8865314|8865314|0|12272959|12272959|0|3203535|3203535|0|6514384|6514384|0|9820393|9820393|0|13214883|13214883|
1000012493|0|34528|34528|0|70871|70871|0|106633|106633|0|150416|150416|0|39095|39095|0|81395|81395|0|118183|118183|0|152000|152000|0|34367|34367|0|71097|71097|0|103421|103421|0|130783|130783|0|26434|26434|0|69189|69189|0|106326|106326|0|141812|141812|0|25100|25100|0|63453|63453|0|100007|100007|0|130272|130272|
1000012605|8902|7446|16348|17435|21429|38864|25845|30705|56550|29847|43602|73449|6938|11102|18040|13222|25641|38863|18562|43484|62046|22784|68573|91357|3221|20719|23940|5901|56922|62823|8414|79327|87741|11183|114251|125434|3000|28720|31720|5782|73401|79183|8173|114694|122867|14135|157144|171279|3233|36807|40040|8812|75713|84525|11738|123226|134964|16172|190745|206917|
1000012756||||||||||||||||||||||||||||||||||||||||||||||0|4556|4556||||||||||0|5601|5601|
1000012768||||||||||0|5796|5796||||||||||0|2478|2478|||||||||||||||||||||||||||||||||||||
1000012788||||||||||0|4252|4252||||||||||0|3917|3917||||||||||0|3507|3507||||||||||0|3442|3442||||||||||0|3172|3172|
1000012854||||||||||||||||||||||0|3550|3550|||||||||||||||||||||||||||||||||||||
1000012899||||||||||||||||||||||||||||||||||0|2400|2400|||||||||||||||||||||||||
1000012964||||||||||0|28012|28012||||||||||0|28012|28012||||||||||0|5244|5244|||||||||||||||||||||||||
1000013374||||||||||||||||||||||||||||||||||||||||||||||0|86773|86773|||||||||||||
1000013489|0|23093|23093|0|48258|48258|0|76695|76695|0|110306|110306|0|33136|33136|0|69901|69901|0|109436|109436|0|158096|158096|0|43605|43605|0|84989|84989|0|121630|121630|0|160601|160601|0|35214|35214|0|66803|66803|0|97256|97256|0|128462|128462|0|27829|27829|0|54887|54887|0|81904|81904|0|113026|113026|
1000013616||||||||||||||||||||||0|4628|4628|||||||||||||||||||||||||||||||||||||
1000013699||||||||||0|2696|2696|||||||||||||||||||||||||||||||||||||||||||||||||
1000014107|86339|57129|143468|167787|129820|297607|266529|207203|473732|459855|209658|669513|157146|58514|215660|346047|111839|457886|510281|167411|677692|665421|228976|894397|184475|53417|237892|384073|103058|487131|578326|148197|726523|780638|187333|967971|225938|43022|268960|470795|84103|554898|739565|127443|867008|1075660|175034|1250694|267387|44387|311774|552692|99259|651951|930664|153684|1084348|1309721|224698|1534419|
1000014148||||||||||0|3629|3629||||||||||||||||||||||0|5579|5579|||||||||||||||||||||||||
1000014264||||||||||0|28528|28528|||||||||||||||||||||||||||||||||||||||||||||||||
1000014356||||||||||0|5036|5036||||||||||0|5167|5167|||||||||||||||||||||||||||||||||||||
1000014412||||||||||0|88178|88178||||||||||0|97118|97118||||||||||0|83284|83284||||||||||0|145836|145836|||||||||||||
1000014425||||||||||||||||||||||||||||||||||0|295067|295067|||||||||||||||||||||||||
1000014428|0|341176|341176|0|636934|636934|0|914253|914253|0|1236592|1236592|0|344692|344692|0|747170|747170|0|1204235|1204235|0|1690272|1690272|0|465468|465468|0|923021|923021|0|1366305|1366305|0|1802760|1802760|0|415631|415631|0|844756|844756||||0|1712316|1712316|0|473451|473451|0|964252|964252|0|1450128|1450128|0|1962483|1962483|
1000014445|19532|31670|51202|61024|41810|102834|75878|63793|139671|75878|119969|195847|18470|31077|49547|38286|62382|100668|56998|102696|159694|84006|145139|229145|30066|52120|82186|60039|188856|248895|71257|356122|427379|303966|324519|628485|138573|51005|189578|275114|102968|378082|0|564049|564049|557681|199614|757295|152655|52711|205366|303598|118350|421948|449568|175495|625063|603071|251992|855063|
1000014454||||||||||0|65628|65628||||||||||0|66812|66812||||||||||0|74303|74303||||||||||0|93174|93174||||||||||0|115084|115084|
1000014459||||||||||0|219180|219180||||||||||0|240275|240275||||||||||0|230296|230296||||||||||0|227068|227068|||||||||||||
1000014465||||||||||||||||||||||||||||||||||0|87719|87719||||||||||0|95728|95728|||||||||||||
1000014656||||||||||0|5251|5251||||||||||0|5158|5158||||||||||0|5781|5781||||||||||0|5848|5848||||||||||0|5565|5565|
1000014672||||||||||0|11650|11650|||||||||||||||||||||||||||||||||||||||||||||||||
1000014980||||||||||||||||||||||0|18379|18379||||||||||0|14472|14472|||||||||||||||||||||||||
1000015066|||||||||||||||||||0|5229|5229||||||||||||||||||||||||||||||||||||||||
1000015322||||||||||0|50328|50328||||||||||0|53687|53687||||||||||0|78068|78068||||||||||0|85191|85191|||||||||||||
1000015377||||||||||||||||||||||||||||||||||||||||||||||0|146497|146497|||||||||||||
1000015472||||||||||||||||||||||||||||||||||||||||||||||0|97098|97098||||||||||0|82404|82404|
1000015694||||||||||0|5311|5311|||||||||||||||||||||||||||||||||||||||||||||||||
1000015719||||||||||0|1000|1000||||||||||0|1861|1861||||||||||0|1861|1861|||||||||||||||||||||||||
1000015982||||||||||||||||||||||0|2863|2863|||||||||||||||||||||||||||||||||||||
1000016016||||||||||0|4096|4096||||||||||0|3298|3298|||||||||||||||||||||||||||||||||||||
1000016209||||||||||||||||||||||||||||||||||0|4163|4163|||||||||||||||||||||||||
1000016214||||||||||||||||||||||||||||||||||0|1004|1004|||||||||||||||||||||||||
1000016498||||||||||0|5|5|||||||||||||||||||||||||||||||||||||||||||||||||
1000016574|0|869|869|0|1845|1845|0|2808|2808|0|3738|3738|0|904|904|0|1927|1927|0|2932|2932|0|3894|3894|0|941|941|0|2002|2002|0|3045|3045|0|4057|4057|0|953|953|0|2046|2046|0|3095|3095|0|4165|4165|0|968|968|0|2116|2116|0|2803|2803|0|3462|3462|
1000016661||||||||||||||||||||||0|22124|22124|||||||||||||||||||||||||||||||||||||
1000016763||||||||||||||||||||||||||||||||||||||||||||||0|45012|45012||||||||||0|46965|46965|
1000016878|0|121980|121980|0|262938|262938|0|419700|419700|0|588882|588882|0|172756|172756|0|364181|364181|0|546345|546345|0|719984|719984|0|153631|153631|0|309350|309350|0|457198|457198|0|611640|611640|0|157101|157101|0|336738|336738||||0|701172|701172|0|173878|173878|0|356688|356688|0|533796|533796|0|708979|708979|
1000016934|602918|219282|822200|1211110|437853|1648963|2979567|-499684|2479883|2339120|1009470|3348590|600601|284341|884942|1300204|519602|1819806|2048995|772952|2821947|2719203|1257831|3977034|706033|357392|1063425|1430557|691803|2122360|2129919|1008958|3138877|2955085|1366901|4321986|693072|337711|1030783|1463479|681793|2145272|2183189|1017435|3200624|3132820|1112272|4245092|815265|233670|1048935|1655842|547011|2202853|2563469|824491|3387960|3386125|996545|4382670|
1000016989||||||||||0|15678|15678||||||||||0|21702|21702||||||||||0|19063|19063||||||||||0|19671|19671|||||||||||||
1000017170||||||||||||||||||||||||||||||||||||||||||||||||||||||||||0|138715|138715|
1000017323||||||||||||||||||||||||||||||||||||||||||||||||||||||||||0|11832|11832|
1000017581|0|31956|31956|0|79640|79640|0|119543|119543|0|176501|176501|0|50840|50840|0|134763|134763|0|252491|252491|0|404993|404993|0|213078|213078|0|411373|411373|0|641830|641830|0|890440|890440|0|272242|272242|0|507642|507642|0|757822|757822|0|1006762|1006762|0|249576|249576|0|420939|420939|0|597222|597222|0|832586|832586|
1000018199||||||||||||||||||||||||||||||||||||||||||||||0|5521|5521|||||||||||||
1000018366||||||||||||||||||||||||||||||||||0|16004|16004|||||||||||||||||||||||||
1000018425||||||||||0|36457|36457||||||||||0|37492|37492||||||||||0|44711|44711||||||||||0|44155|44155||||||||||0|40644|40644|
1000018557||||||||||0|3836|3836||||||||||0|4463|4463||||||||||0|4966|4966|||||||||||||||||||||||||
1000018585||||||||||||||||||||||0|2561|2561|||||||||||||||||||||||||||||||||||||
1000018671||||||||||||||||||||||0|298|298|||||||||||||||||||||||||||||||||||||
1000018902|0|87797|87797|0|157045|157045|0|247240|247240|0|342291|342291|0|105994|105994|0|213618|213618|0|316840|316840|0|415313|415313|0|103715|103715|0|204516|204516|0|299287|299287|0|390306|390306|0|96756|96756|0|203895|203895|0|296581|296581|0|395490|395490|0|92669|92669|0|189018|189018|0|275403|275403|0|357139|357139|
1000018941||||||||||0|26483|26483||||||||||0|36444|36444||||||||||0|45376|45376||||||||||0|65115|65115||||||||||0|57140|57140|
1000018942||||||||||0|15323|15323||||||||||||||||||||||0|8751|8751|||||||||||||||||||||||||
1000018980||||||||||0|49808|49808||||||||||0|41182|41182||||||||||||||||||||||||||||||||||0|81095|81095|
1000019084||||||||||0|84822|84822||||||||||0|87052|87052||||||||||0|76061|76061||||2415|35046|37461|4681|51445|56126|6555|69283|75838|1976|16105|18081|4562|30319|34881|6970|43795|50765|15076|58468|73544|
1000019383||||||||||0|2318|2318|||||||||||||||||||||||||||||||||||||||||||||||||
1000019544||||||||||0|325915|325915|||||||||||||||||||||||||||||||||||||||||||||||||
1000019838||||||||||0|6414|6414||||||||||0|8657|8657|||||||||||||||||||||||||||||||||||||
1000019953||||||||||0|7510|7510||||||||||0|7719|7719|||||||||||||||||||||||||||||||||||||
1000020040||||||||||||||||||||||||||||||||||0|5024|5024|||||||||||||||||||||||||
1000020041||||||||||0|26387|26387||||||||||0|39118|39118||||||||||0|42065|42065|||||||||||||||||||||||||
1000020063||||||||||0|3416|3416||||||||||0|4048|4048||||||||||0|4105|4105|||||||||||||||||||||||||
1000020217||||||||||0|129405|129405||||||||||0|233146|233146||||||||||0|460052|460052||||||||||0|311974|311974|||||||||||||
1000020330||||||||||0|229485|229485||||||||||0|250688|250688||||||||||0|269334|269334|||||||||||||||||||||||||
1000020332||||||||||||||||||||||||||||||||||||||||||||||||||||||||||0|94963|94963|
1000020387||||||||||||||||||||||0|13971|13971||||||||||0|12838|12838||||||||||0|14795|14795|||||||||||||
1000020410||||||||||0|32011|32011||||||||||0|36828|36828||||||||||0|40922|40922||||||||||0|12485|12485||||||||||0|17644|17644|
1000020672||||||||||0|9980|9980||||||||||0|16046|16046||||||||||0|13272|13272|||||||||||||||||||||||||
1000020890||||||||||||||||||||||||||||||||||0|6459|6459|||||||||||||||||||||||||
1000021062||||||||||0|1928|1928||||||||||0|706|706||||||||||0|457|457|||||||||||||||||||||||||
1000021105|0|0|0||||||||||0|2000|2000||||||||||0|3000|3000||||||||||||||||||||||||||||||||||
1000021231||||||||||0|8278|8278||||||||||0|8670|8670||||||||||0|12132|12132||||||||||0|3773|3773|||||||||||||
1000021324||||||||||||||||||||||||||||||||||||||||||||||||||||||||||0|99511|99511|
1000021335||||||||||0|1385|1385||||||||||0|5114|5114||||||||||0|1833|1833|||||||||||||||||||||||||
1000021659||||||||||||||||0|7768|7768||||||||||0|10327|10327|||||||||||||||||||||||||||||||
1000021771||||||||||||||||||||||||||||||||||0|2437|2437|||||||||||||||||||||||||
1000022181||||||||||0|5552|5552|||||||||||||||||||||||||||||||||||||||||||||||||
1000022224||||||||||||||||||||||||||||||||||||||||||||||0|120192|120192|||||||||||||
1000022234||||||||||0|30246|30246||||||||||0|37262|37262||||||||||0|48224|48224||||||||||0|66454|66454||||||||||0|73728|73728|
1000022267||||0|36621|36621|||||||||||||||||||||||||||||||||||||||||||||||||||||||
1000022468|17998|89556|107554|43405|203980|247385|68508|323799|392307|94857|447472|542329|28382|102337|130719|54682|202988|257670|88294|312114|400408|0|409957|409957|0|103097|103097|0|207172|207172|0|296757|296757|125946|353619|479565|30467|65952|96419|0|151626|151626|0|218477|218477|113905|288821|402726|27116|66439|93555|52785|133658|186443|0|197838|197838|0|266669|266669|
1000022476||||||||||||||||||||||||||||||||||||||||||||||0|9142|9142|||||||||||||
1000022897|101845|46057|147902|222778|85231|308009|0|507721|507721|0|688892|688892|0|200070|200070|318123|70371|388494|466136|92055|558191|570544|158819|729363|127769|35872|163641|286495|75302|361797|455292|124177|579469|634306|174700|809006|191137|50571|241708|388445|115963|504408|537899|177957|715856|658949|243303|902252|113949|44026|157975|235288|127633|362921|310936|195690|506626|373080|304451|677531|
1000022931||||||||||0|5400|5400||||||||||0|2720|2720||||||||||0|1491|1491||||||||||0|1546|1546|||||||||||||
1000022972||||||||||||||||||||||||||||||||||0|400|400|||||||||||||||||||||||||
1000023090||||||||||0|1149|1149||||||||||0|1279|1279||||||||||0|1688|1688|||||||||||||||||||||||||
1000023120||||0|17624|17624||||||||||0|28897|28897||||||||||0|23672|23672|||||||||||||||||||||||||||||||
1000023581||||||||||0|7730|7730||||||||||0|9084|9084|||||||||||||||||||||||||||||||||||||
1000023863||||||||||||||||||||||0|73408|73408|||||||||||||||||||||||||||||||||||||
1000023997|65|13549|13614|140|31068|31208|3|54258|54261|1147|70384|71531|488|18807|19295|1113|46470|47583|1596|74373|75969|2210|95042|97252|472|25387|25859|1072|52745|53817|1514|80256|81770|2091|99030|101121|680|21827|22507|1330|50570|51900|1922|75606|77528|2368|100256|102624|697|23576|24273|1486|48148|49634|2512|75698|78210|3179|96199|99378|
1000024111||||||||||||||||||||||||||||||||||||||||||||||0|4408|4408||||||||||0|5273|5273|
1000024517||||||||||||||||||||||||||||||||||0|21180|21180|||||||||||||||||||||||||
1000026614||||||||||||||||||||||||||||||||||0|3460|3460|||||||||||||||||||||||||
1000024847||||||||||0|5100|5100||||||||||0|5116|5116||||||||||0|2856|2856|||||||||||||||||||||||||
1000005559||||||||||||||||||||||||||||||||||||||||||||||||||||||||||0|5389|5389|
1000005548||||||||||0|3200|3200||||||||||0|6473|6473||||||||||0|6673|6673||||||||||0|7164|7164||||||||||0|4814|4814|
1000006743||||||||||0|22536|22536||||||||||0|33055|33055||||||||||0|49571|49571||||||||||0|56611|56611||||||||||0|57950|57950|
1000005539||||||||||||||||||||||0|1947|1947||||||||||0|3245|3245|||||||||||||||||||||||||
1000025204||||||||||0|5853|5853|||||||||||||||||||||||||||||||||||||||||||||||||
1000005375|11803|21379|33182|23290|44548|67838|32945|68268|101213|44505|85936|130441|17755|0|17755|34285|50775|85060|47647|83698|131345|56578|107768|164346|18588|31358|49946|37574|58448|96022|56021|86931|142952|74250|114096|188346|22998|28670|51668|46248|54892|101140|69849|87614|157463|98475|117130|215605|30754|31327|62081|61290|61975|123265|87428|100910|188338|115487|134738|250225|
1000012237||||||||||||||||||||||||||||||||||0|2110|2110||||||||||0|3403|3403|||||||||||||
1000019696||||||||||||||||||||||0|1763|1763|||||||||||||||||||||||||||||||||||||
1000026080||||||||||||||||||||||||||||||||||0|3412|3412||||||||||0|12345|12345|||||||||||||
1000026681||||||||||||||||||||||||||||||||||||||||||||||||||||||||||0|12600|12600|
1000025954||||||||||||||||||||||0|1424|1424|||||||||||||||||||||||||||||||||||||
1000014082||||||||||0|3106|3106||||||||||0|5874|5874|||||||||||||||||||||||||||||||||||||
1000026656||||||||||||||||||||||0|4552|4552||||||||||0|2958|2958|||||||||||||||||||||||||
1000025048||||||||||0|2223|2223||||||||||||||||||||||0|5420|5420|||||||||||||||||||||||||
1000025176||||||||||||||||||||||||||||||||||0|20955|20955|||||||||||||||||||||||||
1000025585||||||||||0|13777|13777||||||||||0|154|154||||||||||0|15220|15220|||||||||||||||||||||||||
1000024456|||||||||||||||||||0|2870|2870||||||||||||||||||||||||||||||||||||||||
1000005227||||||||||0|5202|5202||||||||||0|2266|2266|||||||||||||||||||||||||||||||||||||
1000025524||||||||||||||||||||||0|651|651|||||||||||||||||||||||||||||||||||||
1000025021||||||||||||||||||||||||||||||||||||||||||||||0|52161|52161|||||||||||||
1000027587||||||||||0|62214|62214|||||||||||||||||||||||||||||||||||||||||||||||||
1000024918||||||||||0|4541|4541||||||||||0|5057|5057|||||||22|2715|2737|189|6313|6502|115|842|957|137|1512|1649|148|2419|2567|205|4394|4599|12|915|927|73|1435|1508|90|2103|2193|103|2993|3096|
1000027395|0|1618201|1618201|0|3760227|3760227|0|6148409|6148409|0|8596030|8596030|0|2340843|2340843|0|4904572|4904572|0|7071677|7071677|0|8882730|8882730|0|1861089|1861089|0|3790378|3790378|0|5759950|5759950|0|7526919|7526919|0|1879562|1879562|0|3862127|3862127|0|5798408|5798408|0|7776065|7776065|0|1952704|1952704|0|3841873|3841873|0|5851674|5851674|0|7694844|7694844|
1000029023||||||||||0|310|310|||||||||||||||||||||||||||||||||||||||||||||||||
1000026758||||||||||||||||||||||0|43195|43195|||||||||||||||||||||||||||||||||||||
1000000009|84380|22603|106983|184208|36953|221161|301275|51780|353055|431515|72189|503704|123999|23048|147047|248101|46949|295050|371584|70075|441659|470350|87257|557607|63865|15571|79436|131344|31924|163268|201400|47667|249067|278308|63465|341773|78816|18259|97075|160948|39884|200832|260470|64573|325043|349286|86581|435867|87913|19766|107679|169119|41012|210131|255410|59853|315263|336445|82029|418474|
1000024694||||||||||0|2663|2663|||||||||||||||||||||||||||||||||||||||||||||||||
1000029254||||||||||||||||||||||0|3918|3918|||||||||||||||||||||||||||||||||||||
1000028321||||||||||0|3162|3162|||||||||||||||||||||||||||||||||||||||||||||||||
1000028530||||||||||||||||||||||||||||||||||0|0|0|||||||||||||||||||||||||
1000025790||||||||||0|4276|4276||||||||||0|4276|4276||||||||||0|4276|4276|||||||||||||||||||||||||
1000026745||||||||||0|4731|4731|||||||||||||||||||||||||||||||||||||||||||||||||
1000028692||||||||||0|19309|19309||||||||||0|21273|21273|||||||||||||||||||||||||||||||||||||
1000031119||||||||||26389|1120025|1146414|26164|1294906|1321070|63024|2787077|2850101|106302|3987403|4093705|160499|48971760|49132259|29006|5070283|5099289|56832|12221000|12277832|88460|21295996|21384456|115391|34926836|35042227|33230|12894646|12927876|64428|29755272|29819700|97290|1327056|1424346|124974|1781637|1906611|24422|378386|402808|47019|762383|809402|77239|1140052|1217291|60800|1350721|1411521|
1000029632|||||||171|55092|55263|225|68852|69077|187|15216|15403|207|31120|31327|227|49758|49985|262|63835|64097|2437|17918|20355|4924|35678|40602|6990|59782|66772|9876|78532|88408|3511|23096|26607|6879|43923|50802|10015|68249|78264|12610|85556|98166|3719|21486|25205|7081|42051|49132|9791|65680|75471|16071|82940|99011|
1000028140||||||||||||||||||||||||||||||||||||||||||||||0|3571|3571|||||||||||||
1000029415||||||||||||||||||||||0|10935|10935||||||||||0|24092|24092|||||||||||||||||||||||||
1000027235||||||||||0|1010|1010||||||||||0|675|675||||||||||0|474|474|||||||||||||||||||||||||
1000001062||||||||||||||||||||||||||||||||||0|2723|2723|||||||||||||||||||||||||
1000030556||||||||||||||||||||||||||||||||||||||||||||||0|5583|5583|||||||||||||
1000001154|422|57074|57496|3070|134917|137987|0|210524|210524|0|269162|269162|0|55957|55957|0|137766|137766|0|232198|232198|0|326740|326740|0|90923|90923|0|180678|180678|0|257494|257494|0|333204|333204|0|85899|85899|0|144710|144710|0|184428|184428|0|261888|261888|0|56904|56904|0|85032|85032|0|129153|129153|0|166693|166693|
1000001072|851|11085|11936|1851|35124|36975|2561|53078|55639|3735|74018|77753|3036|23475|26511|4251|49308|53559|5749|72011|77760|13004|99770|112774|9150|12613|21763|9226|39252|48478|16583|71204|87787|17838|93971|111809|1276|11588|12864|2492|35749|38241|44254|52280|96534|44587|69838|114425|1417|13714|15131|2846|28834|31680|3478|44019|47497|10734|69052|79786|
1000030582||||||||||0|3000|3000|||||||||||||||||||||||||||||||||||||||||||||||||
1000015447||||||||||||||||||||||0|1985|1985||||||||||0|1985|1985||||||||||0|1131|1131||||||||||0|720|720|
1000001234|0|10695|10695|0|25019|25019|0|42111|42111|0|68075|68075|0|12598|12598|0|31597|31597|0|51143|51143|0|78058|78058|0|16076|16076|0|40437|40437|0|60154|60154|0|91259|91259|0|17712|17712|0|34766|34766|0|51752|51752|0|79976|79976|0|11806|11806|0|30979|30979|0|45161|45161|0|73819|73819|
1000017913||||||||||||||||||||||0|8448|8448||||||||||0|12081|12081||||||||||0|11548|11548||||||||||0|12193|12193|
1000023418||||||||||||||||||||||0|19679|19679||||||||||0|22175|22175||||||||||0|18776|18776|||||||||||||
1000006584||||||||||0|30144|30144||||||||||0|19102|19102||||||||||0|10029|10029|||||||||||||||||||||||||
1000029527||||||||||0|2664|2664||||||||||||||||||||||0|7502|7502|||||||||||||||||||||||||
1000018924|3758|20380|24138|9501|46315|55816|17762|71338|89100|25158|100897|126055|8282|24877|33159|16939|58992|75931|24404|94129|118533|30802|129295|160097|4170|27633|31803|9813|60601|70414|13545|90444|103989|17105|123253|140358|3302|27517|30819|6683|63044|69727|9899|88854|98753|12457|119983|132440|4296|24415|28711|9465|53837|63302|13383|81669|95052|16728|110260|126988|
1000018434||||||||||0|11090|11090||||||||||0|11979|11979||||||||||0|11227|11227||||||||||0|10366|10366||||||||||0|8406|8406|
1000030484||||||||||||||||||||||||||||||||||0|7970|7970||||||||||0|13034|13034|||||||||||||
1000019622||||||||||||||||||||||0|11122|11122||||||||||0|9906|9906||||||||||0|15175|15175||||||||||0|16594|16594|
1000007056|15293|1019373|1034666|33824|2241307|2275131|0|3579185|3579185|44910|4886595|4931505|12293|1355374|1367667|25648|2862062|2887710|39306|4255642|4294948|46004|6561350|6607354|0|2389580|2389580|19615|4691814|4711429|26627|6905410|6932037|34744|8898313|8933057|9967|2256558|2266525|19023|4524902|4543925|28070|6662092|6690162|36473|8826670|8863143|10705|2110984|2121689|20814|4282080|4302894|30110|6735412|6765522|37894|9063754|9101648|
1000004901||||||||||||||||||||||||||||||||||||||||||||||||||||||||||0|11465|11465|
1000000486||||||||||0|406320|406320||||||||||0|505053|505053||||||||||0|602026|602026||||||||||0|593039|593039||||||||||0|477362|477362|
1000011448||||||||||0|580|580||||||||||0|8577|8577||||||||||0|8467|8467|||||||||||||||||||||||||
1000024496||||||||||0|6986|6986||||||||||0|5252|5252||||||||||0|4323|4323||||||||||0|4523|4523|||||||||||||
1000018067||||||||||0|1912|1912||||||||||0|2329|2329||||||||||0|2720|2720|||||||||||||||||||||||||
1000005031||||||||||||||||||||||0|12118|12118|||||||||||||||||||||||||||||||||||||
1000020655||||||||||||||||||||||0|4064|4064||||||||||0|6717|6717|||||||||||||||||||||||||
1000008288||||||||||||||||||||||||||||||||||||||||||||||||||||||||||0|34121|34121|
1000031774|||||||||||||||||||||||||0|538571|538571|0|1150126|1150126|0|1750664|1750664|0|2403014|2403014|0|506071|506071|0|1065145|1065145|0|1649570|1649570|0|2258021|2258021|0|546338|546338|0|1136676|1136676|0|1754404|1754404|0|2350332|2350332|
1000032040||||||||||||||||||||||||||||||||||||||||||||||0|14019|14019||||||||||0|16721|16721|
1000031727||||||||||||||||||||||0|285|285||||||||||0|3536|3536||||||||||0|6035|6035||||||||||0|6412|6412|
1000029338||||||||||0|2180|2180||||||||||0|918|918||||||||||0|627|627|||||||||||||||||||||||||
1000008032||||||||||||||||||||||||||||||||||||||||||||||||||||||||||0|32057|32057|
1000007515||||||||||0|14280|14280|||||||||||||||||||||||||||||||||||||||||||||||||
1000008036||||||||||||||||||||||0|500|500|||||||||||||||||||||||||||||||||||||
1000008038||||||||||0|0|0|||||||||||||||||||||||||||||||||||||||||||||||||
1000025840||||||||||0|4009|4009|||||||||||||||||||||||||||||||||||||||||||||||||
1000025995||||||||||||||||||||||0|4793|4793||||||||||0|6300|6300||||||||||0|6250|6250||||||||||0|7358|7358|
1000009878||||||||||||||||0|5816|5816|||||||||||||||||||||||||||||||||||||||||||
1000031159||||||||||||||||||||||0|26030|26030|||||||||||||||||||||||||||||||||||||
1000030865||||||||||0|130523|130523||||||||||0|13052|13052||||||||||0|431223|431223||||||||||0|436575|436575|||||||||||||
1000031997||||||||||||||||||||||||||||||||||||||||||||||||||||||||||0|7439|7439|
1000027808|||||||0|5613|5613||||||||||0|19033|19033||||||||||||||||||||||||||||||||||||||||
1000008537||||||||||0|2932|2932|||||||||||||||||||||||||||||||||||||||||||||||||
1000029194|0|31703|31703|||||||0|138030|138030||||||||||0|171258|171258|||||||||||||||||||||||||||||||||||||
1000028736||||||||||0|5473|5473||||||||||0|9407|9407||||||||||0|13458|13458|||||||||||||||||||||||||
1000010031||||||||||0|82609|82609||||||||||||||||||||||0|73412|73412||||||||||0|71498|71498||||||||||0|72800|72800|
1000010831||||||||||0|9517|9517||||||||||0|9333|9333|||||||||||||||||||||||||||||||||||||
1000006970||||||||||||||||||||||0|14165|14165|||||||||||||||||||||||||||||||||||||
1000010308||||||||||0|3044|3044||||||||||0|3500|3500||||||||||0|4259|4259|||||||||||||||||||||||||
1000004973||||||||||||||||||||||||||||||||||||||||||||||0|14209|14209|||||||||||||
1000014029||||||||||||||||||||||||||||||||||||||||||||||||||||||||||0|96909|96909|
1000026927||||||||||0|7881|7881||||||||||0|10567|10567||||||||||0|9573|9573|||||||||||||||||||||||||
1000027949||||||||||||||||||||||0|8702|8702||||||||||0|20424|20424||||||||||0|11722|11722||||||||||0|11722|11722|
1000005050||||||||||||||||||||||||||||||||||||||||0|25714|25714|||||||||||||||||||
1000013091||||||||||||||||||||||4551|22631|27182|245|6616|6861|766|12322|13088|1022|19873|20895|1271|27657|28928|331|8757|9088|653|19126|19779|801|28827|29628|957|38535|39492|173|11772|11945|430|27682|28112|707|53870|54577|1011|85383|86394|
1000000096|0|1255127|1255127|0|2659249|2659249|0|4001927|4001927|0|5410415|5410415|0|1312023|1312023|0|2714227|2714227|0|4089819|4089819|0|5659922|5659922|0|1329442|1329442|0|2849976|2849976|0|4282976|4282976|0|5894230|5894230|0|1396998|1396998|0|2949588|2949588|0|4485183|4485183|0|6045297|6045297|0|1448149|1448149|0|2913740|2913740|0|4353678|4353678|0|5886133|5886133|
1000000121|55822|1047107|1102929|126589|2217801|2344390|187439|3328378|3515817|272426|4477082|4749508|107586|1022870|1130456|205109|2163136|2368245|247960|3318732|3566692|305615|4595867|4901482|68784|517829|586613|130033|1172074|1302107|174844|1751253|1926097|216873|2446607|2663480|59207|643246|702453|144232|1354550|1498782|264207|1944361|2208568|310642|2601318|2911960|188309|455720|644029|176826|1201631|1378457|243372|1742446|1985818|332643|2351789|2684432|
1000000150|35988|598429|634417|77841|1204492|1282333|115415|1839913|1955328|191213|2471770|2662983|54272|682033|736305|112021|1380447|1492468|149604|2155872|2305476|231183|2897882|3129065|60363|800023|860386|137374|1560534|1697908|204772|2349049|2553821|271352|3139207|3410559|82165|790370|872535|176704|1556530|1733234|259008|2324617|2583625|344179|3094552|3438731|92075|800961|893036|178922|1581840|1760762|257016|2374902|2631918|338379|3175937|3514316|
1000000158|23020|172137|195157|50285|361682|411967|83021|549243|632264|123243|732461|855704|56788|287252|344040|125275|596285|721560|163941|824670|988611|199712|1081445|1281157|28634|251644|280278|71157|485520|556677|103653|722248|825901|131797|913509|1045306|20952|170652|191604|52529|370388|422917|81302|529970|611272|108138|687238|795376|24941|162528|187469|53357|322605|375962|85333|483740|569073|108625|632625|741250|
1000000185|914|54241|55155|1825|117751|119576|2987|198554|201541|3578|246492|250070|1063|59740|60803|1975|126326|128301|3379|195595|198974|5168|268864|274032|1512|68517|70029|3322|139788|143110|4213|210719|214932|5388|286741|292129|1313|71246|72559|2661|140652|143313|4239|219621|223860|6212|302138|308350|1473|69386|70859|2998|142472|145470|4972|223631|228603|7256|301878|309134|
1000000235|36396|35175|71571|71858|65353|137211|120606|115896|236502|163132|208361|371493|34854|50469|85323|62671|62853|125524|89033|74782|163815|100363|78721|179084|5269|4698|9967|9129|10074|19203|12536|16073|28609|17475|21992|39467|2965|5460|8425|6936|13514|20450|10110|19062|29172|11642|25149|36791|4482|5281|9763|9560|12472|22032|13132|19133|32265|18576|26764|45340|
1000000244|9829|8312|18141|23026|19636|42662|34010|30485|64495|43935|42049|85984|10303|9354|19657|23386|18149|41535|37973|26278|64251|48970|32705|81675|13476|7867|21343|28787|18491|47278|41916|29077|70993|54196|38723|92919|13136|12337|25473|25250|21613|46863|34957|32257|67214|47742|40291|88033|12190|9675|21865|23473|20800|44273|34374|30870|65244|38423|42934|81357|
1000000270|54925|17195|72120|105924|35016|140940|162952|51013|213965|209064|67419|276483|53341|17266|70607|107166|36013|143179|147542|52137|199679|189630|65228|254858|40751|12795|53546|83251|27148|110399|121821|42345|164166|160533|55586|216119|28861|16902|45763|80804|34759|115563|115858|51102|166960|151079|66298|217377|32225|16471|48696|68818|33689|102507|97999|49412|147411|124731|63592|188323|
1000000291|0|2428039|2428039|0|5334746|5334746|0|9351107|9351107|0|13794148|13794148|0|4918670|4918670|0|9952704|9952704|0|15058937|15058937|0|18582770|18582770|0|2081561|2081561|0|4211549|4211549|0|6338148|6338148|0|8400969|8400969|0|2329865|2329865|0|4993297|4993297|0|8545277|8545277|0|11700224|11700224|0|2854682|2854682||||0|8183821|8183821|0|10891443|10891443|
1000000310|10044|57833|67877|26745|127093|153838|44402|193903|238305|63593|263322|326915|28873|63800|92673|56673|140860|197533|87441|212185|299626|109937|291409|401346|29464|83343|112807|44643|163002|207645|68718|252269|320987|92471|366113|458584|18199|100685|118884|529226|303166|832392|86140|324343|410483|115253|472183|587436|25013|116891|141904|57348|234658|292006|89614|361705|451319|129117|514347|643464|
1000000444|0|284690|284690|0|609523|609523|0|931466|931466|0|1329961|1329961|0|336330|336330|0|743370|743370|0|1079902|1079902|0|1437669|1437669|0|311110|311110|0|657389|657389|0|1022603|1022603|0|1441908|1441908|0|364784|364784|0|772344|772344|0|1113715|1113715|0|1473606|1473606|0|286979|286979|0|589838|589838|0|826702|826702|0|1100130|1100130|
1000000521|2406700|556500|2963200|5116400|1181100|6297500|7922600|1814700|9737300|11148100|2405100|13553200|3319500|729900|4049400|7330200|1460000|8790200|12032500|2125700|14158200|17405100|2719000|20124100|4664600|690200|5354800|9721300|1474100|11195400|14843500|2299900|17143400|19647600|3060700|22708300|4381200|749700|5130900|8156800|1424200|9581000|11220800|1617000|12837800|14466500|2125700|16592200|2678900|497900|3176800|5453900|902300|6356200|8280800|1127200|9408000|11656800|1609900|13266700|
1000000554||||||||||0|632368|632368|||||||||||||||||||||||||||||||||||||||||||||||||
1000000594||||||||||0|12829|12829||||||||||||||||||||||0|11696|11696||||||||||0|22300|22300||||||||||0|43319|43319|
1000000616||||||||||0|13568|13568||||||||||0|17885|17885||||||||||||||||||||||0|12669|12669||||||||||0|5309|5309|
1000000662||||||||||0|60490|60490||||||||||0|111390|111390||||||||||0|142226|142226||||||||||0|113151|113151||||||||||0|125633|125633|
1000000700||||||||||0|413920|413920||||||||||||||||||||||0|589668|589668||||||||||0|591375|591375||||||||||0|616043|616043|
1000000789||||||||||||||||||||||0|45000|45000||||||||||||||||||||||0|44483|44483|||||||||||||
1000000796|0|6192|6192|0|12663|12663|0|21939|21939|0|34064|34064|0|7601|7601|0|16718|16718|0|27026|27026|0|37892|37892|0|5754|5754|0|10579|10579|0|17491|17491|0|26605|26605|0|5814|5814|0|12562|12562|0|19519|19519|0|32766|32766|0|5847|5847|0|13076|13076|0|21882|21882|0|36503|36503|
1000000805||||||||||0|52966|52966||||||||||0|56861|56861||||||||||0|60030|60030||||||||||0|83663|83663||||||||||0|64617|64617|
1000000837|0|22249844|22249844|0|45655521|45655521|0|71218696|71218696|0|98325016|98325016|0|30764058|30764058|0|64091393|64091393|0|100017771|100017771|0|134551641|134551641|0|32702586|32702586|0|64625805|64625805|0|207676347|207676347|0|131237878|131237878|0|33026813|33026813|0|63822613|63822613|0|94459912|94459912|0|124690439|124690439|0|31229933|31229933|0|61371896|61371896|0|92413262|92413262|0|122703338|122703338|
1000000855||||||||||0|3343|3343||||||||||0|3246|3246||||||||||0|3385|3385|||||||||||||||||||||||||
1000000903||||||||||0|172360|172360||||||||||0|187815|187815||||||||||0|166585|166585||||||||||0|166156|166156|||||||||||||
1000000940||||||||||||||||||||||||||||||||||0|53027|53027||||||||||0|47145|47145|||||||||||||
1000001038|5699|5346|11045|8440|11439|19879|11258|16124|27382|14698|21050|35748|4847|4615|9462|9600|10985|20585|15008|16786|31794|20386|22333|42719|3715|5364|9079|7412|11738|19150|11342|17475|28817|15157|26741|41898|5171|8262|13433|10380|15697|26077|15584|21854|37438|20679|30083|50762|4546|6935|11481|8936|15021|23957|13624|20950|34574|18285|29414|47699|
1000001065||||||||||||||||||||||||||||||||||||||||||||||||||||||||||0|117152|117152|
1000001137||||||||||0|62744|62744||||||||||0|34940|34940|||||||||||||||||||||||||||||||||||||
1000001180||||||||||0|3241|3241||||||||||0|3294|3294||||||||||0|3374|3374|||||||||||||||||||||||||
1000001249||||||||||0|55269|55269||||||||||0|53530|53530||||||||||0|59907|59907|||||||||||||||||||||||||
1000001265||||||||||||||||||||||||||||||||||||||||||||||0|27266|27266|||||||||||||
1000001293||||||||||0|27149|27149||||||||||0|41329|41329||||||||||0|49651|49651|||||||||||||||||||||||||
1000001312||||||||||0|7185|7185||||||||||0|5462|5462|||||||||||||||||||||||||||||||||||||
1000001384||||||||||0|17202|17202||||||||||0|18444|18444||||||||||0|20278|20278|||||||||||||||||||||||||
1000001390|0|171504|171504|0|372975|372975|0|586228|586228|0|824566|824566|0|234131|234131|0|499547|499547|0|779107|779107|0|1053572|1053572|0|285868|285868|0|581778|581778|0|895295|895295|0|1208285|1208285|0|323117|323117|452611|211850|664461|667300|317100|984400|0|837633|837633|221200|95800|317000|453200|203600|656800|686300|312800|999100|0|820420|820420|
1000001411||||||||||0|101098|101098||||||||||||||||||||||0|75780|75780||||||||||0|78945|78945||||||||||0|77058|77058|
1000001412|7890|39023|46913|19267|80337|99604|32234|121929|154163|48860|176526|225386|17674|50191|67865|48714|108998|157712|73961|173462|247423|101233|235476|336709|20909|53397|74306|45730|139037|184767|62180|228666|290846|87267|333353|420620|14912|81379|96291|32551|190568|223119|59232|295470|354702|88067|401068|489135|23339|119152|142491||||71122|341780|412902|100620|435965|536585|
1000001475||||||||||||||||||||||0|18354|18354|||||||||||||||||||||||||||||||||||||
1000001654||||||||||0|22279|22279||||||||||0|20778|20778||||||||||0|21107|21107||||||||||0|21631|21631||||||||||0|20106|20106|
1000001719||||||||||||||||||||||||||||||||||0|26393|26393|||||||||||||||||||||||||
1000001737|109|2931|3040|397|3946|4343|1938|27723|29661|19070|31864|50934|420|5257|5677|2246|8919|11165|7345|32839|40184|12449|44235|56684|772|11270|12042|858|14244|15102|2986|29613|32599|13447|26723|40170|6164|57050|63214|7993|72201|80194|8680|76367|85047|10199|82919|93118|854|10880|11734|1441|29191|30632|2565|45352|47917|4318|58430|62748|
1000001742|0|29570|29570|13246|44104|57350|21177|62551|83728|27914|81849|109763|8259|17417|25676|14091|31327|45418|19169|44285|63454|23977|58482|82459|5525|11709|17234|11856|23896|35752|18989|34269|53258|24802|48416|73218|6740|11118|17858|12405|25541|37946|18238|37818|56056|24663|55500|80163|5003|10875|15878|9163|24004|33167|14639|35224|49863|19465|47290|66755|
1000001790|34788|49288|84076|56874|138648|195522|78842|174634|253476|200500|358374|558874|28991|82027|111018|143049|162219|305268|213947|202347|416294|244171|335472|579643|28035|65553|93588|145897|126905|272802|228144|209829|437973|270984|298069|569053|42278|60716|102994|117629|112442|230071|182822|171820|354642|274653|195468|470121|78937|60788|139725|245230|116339|361569|333215|192651|525866|390950|281149|672099|
1000001844|0|620179|620179|0|1339355|1339355|0|1796446|1796446|0|2603783|2603783|0|650069|650069|0|1330732|1330732|0|1953798|1953798|0|2836499|2836499|0|580494|580494|0|1327390|1327390|0|2349255|2349255|0|3876124|3876124|0|756114|756114|0|1664458|1664458|0|2587783|2587783|0|3598367|3598367|0|692787|692787|0|1510058|1510058|0|2188197|2188197|0|3789818|3789818|
1000001878||||||||||0|25022|25022||||||||||0|27899|27899||||||||||0|28347|28347||||||||||0|30172|30172||||||||||0|30161|30161|
1000001958|17|24327|24344|33|54096|54129|50|80143|80193|66|109515|109581|16|23640|23656|33|52083|52116|50|75459|75509|67|95469|95536|16|15975|15991|34|34339|34373|50|51412|51462|67|71397|71464|17|19876|19893|34|36934|36968|51|49593|49644|68|61230|61298|16|10635|10651|33|20396|20429|124|31346|31470|229|44661|44890|
1000001962|0|108787|108787|0|219626|219626|0|318573|318573|0|435731|435731|37311|201220|238531|0|949855|949855|0|1590859|1590859|603896|1875115|2479011|208812|558313|767125|316004|1066212|1382216|379286|1515596|1894882|511686|1862947|2374633|106044|294431|400475|233024|594820|827844|313009|890674|1203683|401934|1176239|1578173|89439|223245|312684|196966|452672|649638|334566|718062|1052628|423042|964554|1387596|
1000001989||||||||||||||||||||||0|57510|57510||||||||||0|41522|41522||||||||||0|52733|52733||||||||||0|61578|61578|
1000002003||||||||||||||||||||||0|14259|14259||||||||||0|15018|15018|||||||||||||||||||||||||
1000002039||||||||||||||||||||||0|8964|8964||||||||||||||||||||||0|6662|6662|||||||||||||
1000002134|0|7087036|7087036|0|15611495|15611495|0|24762967|24762967|0|33948865|33948865|0|9912253|9912253|0|20982113|20982113|0|30023330|30023330|0|37989588|37989588|0|8306595|8306595|0|17177540|17177540|0|25223395|25223395|0|33132821|33132821|0|7760520|7760520|0|16042783|16042783|0|24398623|24398623|0|32340793|32340793|0|8153705|8153705|0|16297807|16297807|0|24546075|24546075|0|32373604|32373604|
1000002151|0|58631|58631|26208|42981|69189|39604|131427|171031|45590|204884|250474|5577|23696|29273|6147|71809|77956|19994|121168|141162|20576|188169|208745|3353|31234|34587|5822|78072|83894|8562|121731|130293|12222|157634|169856|1786|29233|31019|4162|62825|66987|6484|92481|98965|9619|138229|147848|2501|20120|22621|3322|48929|52251|4921|69360|74281|5294|97146|102440|
1000002235||||||||||0|13342|13342|||||||||||||||||||||||||||||||||||||||||||||||||
1000002351|995|1820|2815|3109|5608|8717|5120|8475|13595|9214|10833|20047|4591|5104|9695|8996|6892|15888|14342|9404|23746|21921|12428|34349|8426|3213|11639|18398|6709|25107|26964|10685|37649|39083|14857|53940|8985|4920|13905|17973|9297|27270|26345|13010|39355|37682|16959|54641|9095|4108|13203|18135|8030|26165|27193|12962|40155|39985|16410|56395|
1000002406||||||||||0|2034|2034|||||||||||||||||||||||||||||||||||||||||||||||||
1000002471||||||||||0|3000|3000||||||||||0|6031|6031||||||||||0|7789|7789||||||||||0|4904|4904||||||||||0|3730|3730|
1000002474||||||||||||||||||||||0|200|200|||||||||||||||||||||||||||||||||||||
1000002482|0|652258|652258|0|1465051|1465051|0|2115167|2115167|0|2951340|2951340|0|687993|687993|0|1799553|1799553|||||||||||||||||||||||||||||||||||||||||||
1000002485|0|42609|42609|0|84312|84312|0|130649|130649|0|187479|187479|0|51337|51337|0|25164|25164|0|37707|37707|0|51666|51666|0|12685|12685|0|24590|24590|0|36497|36497|0|41805|41805|0|10401|10401|0|20072|20072|0|30153|30153|0|40566|40566|0|10268|10268|0|19518|19518|0|29390|29390|0|40291|40291|
1000002653||||||||||0|2281|2281|||||||||||||||||||||||||||||||||||||||||||||||||
1000002932|0|4284569|4284569|0|8725080|8725080|0|14239074|14239074|0|20240086|20240086|0|6987109|6987109|0|14277787|14277787|0|21687019|21687019|0|28777048|28777048|0|6836693|6836693|0|13000413|13000413|0|19486706|19486706|0|26059275|26059275|0|6288978|6288978|0|12492656|12492656|0|18890112|18890112|0|25297467|25297467|0|6238785|6238785|0|12180145|12180145|0|18720033|18720033|0|25184127|25184127|
1000002983||||||||||||||||||||||||||||||||||||||||||||||0|0|0|||||||||||||
1000003165||||||||||0|7875|7875|||||||||||||||||||||||||||||||||||||||||||||||||
1000003200||||||||||0|10498|10498|||||||||||||||||||||||||||||||||||||||||||||||||
1000003307||||||||||0|44779|44779||||||||||0|49586|49586||||||||||0|43146|43146||||||||||0|37859|37859||||||||||0|37133|37133|
1000003323|6576|20816|27392|13135|42393|55528|19515|64984|84499|26449|88199|114648|6421|22694|29115|13942|49705|63647|21476|70645|92121|28591|98154|126745|7859|23347|31206|17699|49781|67480|27017|77272|104289|36129|114962|151091|9398|32393|41791|20240|68648|88888|31117|102736|133853|40733|136263|176996|10984|37953|48937|23773|87649|111422|38543|129170|167713|49494|170780|220274|
1000003504|18018|220299|238317|38736|416417|455153|52142|658923|711065|87799|891373|979172|20160|236801|256961|49713|469753|519466|71152|716160|787312|67131|1020633|1087764|17151|262793|279944|37647|533359|571006|58022|803967|861989|88382|1090758|1179140|12968|268842|281810|0|437715|437715|44347|800449|844796|63666|1060665|1124331|15440|277290|292730|31690|546628|578318|57589|816792|874381|70069|1105392|1175461|
1000003718||||||||||0|3855|3855||||||||||0|4132|4132||||||||||0|4481|4481|||||||||||||||||||||||||
1000004165||||||||||0|2427|2427||||||||||0|2329|2329||||||||||0|2229|2229|||||||||||||||||||||||||
1000004264|0|5895763|5895763|0|11760451|11760451|0|18072366|18072366|0|24932681|24932681|0|7003508|7003508|0|14150823|14150823|0|21858241|21858241|0|29332414|29332414|0|7135389|7135389|0|14406478|14406478|0|22116125|22116125|0|29472248|29472248|0|7206713|7206713|0|14262699|14262699|0|21771172|21771172|0|29020897|29020897|0|7218927|7218927|0|14257898|14257898|0|21658682|21658682|0|28970388|28970388|
1000004299|0|270200|270200|0|547700|547700|0|844900|844900|0|1160500|1160500|0|604600|604600|0|859100|859100|0|1335900|1335900|0|1607100|1607100|0|486700|486700|0|1004100|1004100|0|1547100|1547100|0|1955500|1955500|0|510300|510300|0|827600|827600|0|1328100|1328100|0|1757000|1757000|0|451900|451900|0|866800|866800|0|1263000|1263000|0|1522000|1522000|
1000004624||||||||||||||||||||||||||||||||||||||||||||||0|16871|16871|||||||||||||
1000004688|237|32959|33196|411|77292|77703|949|122959|123908|1141|165692|166833|75|44754|44829|358|91857|92215|652|142063|142715|1131|184058|185189|76|54806|54882|256|103606|103862|401|155566|155967|707|189986|190693|170|45445|45615|531|89804|90335|994|128351|129345|1026|123101|124127|12|23406|23418|98|49611|49709|340|71177|71517|642|86164|86806|
1000004912||||||||||||||||||||||||||||||||||||||||||||||||||||||||||0|4700|4700|
1000005105||||||||||||||||||||||||||||||||||0|1983|1983|||||||||||||||||||||||||
1000005168||||||||||||||||||||||0|1383|1383|||||||||||||||||||||||||||||||||||||
1000005370|||||||||||||||||||||||||0|4700|4700||||||||||0|6385|6385||||||||||||||||||||||
1000005656||||||||||0|33151|33151||||||||||||||||||||||||||||||||||0|44688|44688|||||||||||||
1000005682|0|38496|38496|0|49918|49918|0|55981|55981|0|57746|57746|0|44195|44195|0|56772|56772|0|62450|62450|0|66449|66449|0|41872|41872|0|52818|52818|0|59440|59440|0|62628|62628|0|40637|40637|0|50703|50703|0|57827|57827|0|59735|59735|0|44638|44638|0|55387|55387|0|62004|62004|0|63670|63670|
1000005836||||||||||||||||||||||||||||||||||||||||||||||0|13233|13233||||||||||0|12802|12802|
1000005875|88299|23301|111600|56829|157548|214377|71034|243869|314903|129318|313354|442672|25863|94192|120055|60102|180630|240732|95707|259343|355050|134931|344685|479616|53640|66974|120614|85547|158509|244056|139375|237903|377278|190206|312155|502361|51657|70336|121993|101272|137192|238464|148844|203804|352648|200125|262584|462709|54203|64631|118834|118988|117088|236076|178814|158097|336911|236747|198085|434832|
1000005897||||||||||||||||||||||0|24633|24633|||||||||||||||||||||||||||||||||||||
1000005966|0|210072|210072|142984|298547|441531|0|660588|660588|0|932395|932395|0|283014|283014|0|561183|561183|0|840247|840247|0|1100415|1100415|0|223992|223992|0|470228|470228|0|717638|717638|0|963223|963223|0|229431|229431|0|454808|454808|0|678988|678988|0|917976|917976|0|202301|202301|0|407906|407906|0|608843|608843|0|829563|829563|
1000005998|84589|1134|85723|159431|393|159824|251670|622|252292|359050|798|359848|95423|208|95631|222603|402|223005|363468|592|364060|479599|788|480387|84521|191|84712|159427|382|159809|263615|1477|265092|326642|7013|333655|55066|2604|57670|115340|5059|120399|200613|8571|209184|241225|17212|258437|49615|1949|51564|102591|5078|107669|161462|8252|169714|199804|15451|215255|
1000006124||||||||||||||||||||||0|72837|72837||||||||||0|74379|74379||||||||||0|89056|89056|||||||||||||
1000006152||||||||||0|8043|8043||||||||||0|9854|9854||||||||||0|9150|9150||||||||||0|11339|11339||||||||||0|8948|8948|
1000006213||||||||||||||||||||||0|28721|28721||||||||||0|19138|19138||||||||||0|20115|20115|||||||||||||
1000006285||||||||||0|125559|125559||||||||||||||||||||||0|163740|163740||||||||||0|193294|193294||||||||||0|188388|188388|
1000006399||||||||||0|22992|22992|||||||||||||||||||||||||||||||||||||||||||||||||
1000006432||||||||||0|19031|19031|||||||||||||||||||||||||||||||||||||||||||||||||
1000006578||||||||||||||||||||||0|6500|6500||||||||||0|9611|9611||||||||||0|9933|9933||||||||||0|11842|11842|
1000006834||||||||||||||||||||||||||||||||||0|3210|3210|||||||||||||||||||||||||
1000007043|345|41330|41675|649|82324|82973|1081|121181|122262|1437|168507|169944|662|42939|43601|1060|85608|86668|1585|126455|128040|2214|168210|170424|596|36716|37312|1093|76427|77520|1803|114966|116769|2459|155969|158428|641|38315|38956|1196|79293|80489|1661|118289|119950|2378|160632|163010|686|37599|38285|1295|77634|78929|1755|117073|118828||||
1000007054|1571|3554|5125|3343|8034|11377|4522|11307|15829|7061|15145|22206|1881|3248|5129|3810|6340|10150|5655|10013|15668|6507|15048|21555|1351|4471|5822|3278|8339|11617|4275|11105|15380|5350|14008|19358|1335|7742|9077|2748|15913|18661|3869|20540|24409|5028|27076|32104|1520|2553|4073|2596|7846|10442|3565|10772|14337|4690|15986|20676|
1000007157|0|6111|6111|0|9923|9923|||||||||||||||||||||||||||||||||||||||||||||||||||||||
1000007200|1457|20454|21911|6290|31317|37607|728|2973|3701|5681|9760|15441|349|3639|3988|752|5986|6738|5986|7396|13382|48692|9898|58590|46396|1230|47626|65190|2533|67723|74235|3800|78035|103074|17018|120092|24119|2164|26283|51891|5819|57710|88290|7144|95434|125054|17243|142297|27250|1512|28762|54911|5216|60127|73064|8141|81205|77616|7004|84620|
1000007216||||||||||||||||||||||0|3900|3900|||||||||||||||||||||||||||||||||||||
1000007359||||||||||0|2372|2372|||||||||||||||||||||||||||||||||||||||||||||||||
1000007417|423057|361496|784553|929792|641903|1571695|1432073|1026374|2458447|1999112|1396946|3396058|568607|552000|1120607|1090596|1106762|2197358|1645075|1658981|3304056|1882174|1256736|3138910|352764|316349|669113|668064|631946|1300010|941138|888453|1829591|729747|841005|1570752|297457|117733|415190|653652|234257|887909|970592|379612|1350204|1238049|483515|1721564|331375|107089|438464|688928|216830|905758|1084811|326967|1411778|1430011|410026|1840037|
1000007447||||||||||0|122067|122067||||||||||0|338906|338906||||||||||0|419041|419041|||||||||||||||||||||||||
1000007476|59211|100896|160107|96703|231073|327776|153412|338361|491773|187606|425181|612787|27369|85490|112859|53140|173773|226913|98713|252355|351068|118334|319085|437419|23762|84370|108132|38562|198051|236613|99216|299519|398735|132747|367813|500560|13797|27726|41523|68575|159446|228021|99278|271815|371093|82390|125107|207497|57399|85090|142489|108559|177279|285838|164498|255878|420376|207882|307714|515596|
1000007521|0|4400|4400|0|13986|13986|0|23832|23832|0|29623|29623|0|10347|10347|0|16383|16383|0|11106|11106|0|11701|11701|0|416|416|0|1071|1071|0|2243|2243|0|2681|2681|0|40|40|0|580|580||||0|4139|4139|0|1128|1128|0|1684|1684|0|1687|1687|0|2784|2784|
1000007611||||||||||0|4219|4219||||||||||0|4721|4721||||||||||0|3912|3912||||||||||0|3981|3981|||||||||||||
1000007855||||||||||||||||||||||0|247033|247033||||||||||0|171545|171545||||||||||0|139007|139007||||||||||0|118510|118510|
1000008011||||||||||||||||||||||0|0|0|||||||||||||||||||||||||||||||||||||
1000008167||||||||||||||||||||||||||||||||||0|3090|3090|||||||||||||||||||||||||
1000008181||||||||||0|6968|6968||||||||||0|6850|6850|||||||||||||||||||||||||||||||||||||
1000008391|1001|4598|5599|2468|9335|11803|3701|13541|17242|5390|18607|23997|1072|5290|6362|2513|10942|13455|3577|14834|18411|5309|20191|25500|1204|4529|5733|3074|9677|12751|4674|13739|18413|7377|18185|25562|667|4927|5594|1169|10029|11198|2981|14034|17015|4785|19019|23804|951|4251|5202|2805|9083|11888|4976|14097|19073|7295|18694|25989|
1000008399|3392|16769|20161|10|103|113|17888|158766|176654|28227|199475|227702|5767|8280|14047|11247|46879|58126|21812|85900|107712|32920|189550|222470|7382|12461|19843|13577|22462|36039|22861|102010|124871|31468|197376|228844|6281|23253|29534|13998|81208|95206|18403|151339|169742|25816|204984|230800|5646|29518|35164|17815|48634|66449|30917|73529|104446|43678|93508|137186|
1000008486|47018|2837|49855|48113|5264|53377|59262|5507|64769|70027|6455|76482|4867|204|5071|7029|875|7904|56303|1141|57444|113070|3542|116612|12512|198|12710|161737|459|162196|183999|11760|195759|0|340052|340052|18533|3039|21572|0|40413|40413|0|67035|67035|0|128744|128744|0|23214|23214|0|82811|82811|0|170821|170821|0|184211|184211|
1000008566||||||||||||||||||||||0|10592|10592|||||||||||||||||||||||||||||||||||||
1000008674||||||||||0|206|206||||||||||0|3508|3508||||||||||0|6521|6521|||||||||||||||||||||||||
1000008779||||||||||0|309|309||||||||||0|450|450||||||||||0|450|450|||||||||||||||||||||||||
1000008816||||||||||||||||||||||||||||||||||0|4810|4810|||||||||||||||||||||||||
1000008848||||||||||0|5646|5646||||||||||0|4803|4803||||||||||0|3219|3219|||||||||||||||||||||||||
1000008859||||||||||0|3804|3804|||||||||||||||||||||||||||||||||||||||||||||||||
1000009022|0|383972|383972|0|804220|804220|0|1226527|1226527|0|1718345|1718345|0|505198|505198|0|1047137|1047137|0|1533429|1533429|0|1870781|1870781|0|479778|479778|0|963332|963332|0|1438492|1438492|0|1906005|1906005|0|430332|430332|0|845034|845034|0|1245021|1245021|0|1681371|1681371|0|456193|456193|0|919199|919199|0|1392444|1392444|0|1895742|1895742|
1000009104||||||||||||||||||||||0|213319|213319||||||||||||||||||||||0|231546|231546|||||||||||||
1000009158||||||||||||||||||||||||||||||||||||||||||||||219046|76726|295772|55378|23573|78951|101721|35750|137471|154161|50290|204451|229620|61390|291010|
1000009205||||||||||||||||||||||||||||||||||0|8946|8946|||||||||||||||||||||||||
1000009595|7572|8043|15615|17151|16596|33747|26338|24790|51128|37314|34743|72057|10545|8492|19037|23813|19665|43478|36846|28048|64894|49453|37704|87157|12002|8102|20104|28870|16026|44896|46879|24396|71275|63107|33611|96718|15009|8954|23963|34628|17473|52101|50221|27078|77299|70889|41900|112789|14953|11183|26136|32565|23518|56083|46055|34686|80741|68599|48312|116911|
1000009601||||||||||0|7598|7598||||||||||0|6195|6195||||||||||0|4418|4418||||||||||0|6812|6812||||||||||0|4157|4157|
1000009945||||||||||0|3081|3081||||||||||0|3262|3262||||||||||0|9104|9104||||||||||||||||||||||0|4545|4545|
1000010081||||||||||0|16053|16053||||||||||0|31719|31719||||||||||0|34846|34846||||||||||0|30366|30366||||||||||0|28222|28222|
1000010082|137066|1733|138799|296264|4909|301173|626784|8107|634891|1026292|10669|1036961|363841|2395|366236|699851|5450|705301|1167846|10686|1178532|1606641|74413|1681054|241494|72423|313917|462583|156622|619205|854033|221244|1075277|1339436|252557|1591993|294655|4200|298855|755722|11608|767330|1248649|17914|1266563|1728062|26381|1754443|327745|4682|332427|713986|8171|722157|1275595|9030|1284625|1774391|18270|1792661|
1000010121||||||||||||||||||||||0|2725|2725||||||||||0|3555|3555|||||||||||||||||||||||||
1000010350||||||||||0|282110|282110||||||||||||||||||||||0|212644|212644||||||||||0|171787|171787||||||||||0|122282|122282|
1000010982||||||||||0|31764|31764|||||||||||||||||||||||||||||||||||||||||||||||||
1000011168||||||||||||||||||||||||||||||||||||||||||||||0|6835|6835|||||||||||||
1000011182||||||||||0|2267|2267||||||||||0|2604|2604||||||||||0|2674|2674|||||||||||||||||||||||||
1000011285||||||||||0|1512|1512||||||||||0|1167|1167|||||||||||||||||||||||||||||||||||||
1000011566||||||||||0|64192|64192||||||||||0|52334|52334||||||||||0|74507|74507||||||||||0|69330|69330||||||||||0|49052|49052|
1000011568||||||||||||||||||||||||||||||||||||||||||||||||||||||||||0|821926|821926|
1000011888||||||||||||||||||||||334456|12198|346654|80830|2505|83335|112882|4885|117767|133786|6643|140429|155366|7791|163157|27070|1716|28786|0|174081|174081|0|224468|224468|0|310235|310235|0|63027|63027|0|139358|139358|0|197321|197321|0|279709|279709|
1000012048||||||||||||||||||||||||||||||||||0|2805|2805|||||||||||||||||||||||||
1000012265||||||||||||||||||||||||||||||||||0|91089|91089||||||||||0|91240|91240|||||||||||||
1000012308||||||||||||||||||||||0|5306|5306||||||||||||||||||||||||||||||||||0|5044|5044|
1000012334||||||||||||||||||||||||||||||||||0|60826|60826||||||||||0|69928|69928|||||||||||||
1000012609||||||||||0|1568|1568||||||||||0|2126|2126|0|326|326|0|805|805|0|1072|1072|0|1283|1283|0|305|305|0|855|855|0|1184|1184|0|1538|1538|0|386|386|0|840|840|0|1128|1128||||
1000012629||||||||||0|63470|63470||||||||||0|49801|49801||||||||||0|65579|65579||||||||||0|67502|67502||||||||||0|23291|23291|
1000012707||||||||||0|52669|52669||||||||||0|34812|34812||||||||||0|25837|25837||||||||||0|20481|20481|||||||||||||
1000012723||||||||||||||||||||||0|5969|5969||||||||||0|4242|4242||||||||||0|6304|6304||||||||||0|6406|6406|
1000012728||||||||||0|7037|7037||||||||||0|5735|5735||||||||||0|7777|7777|||||||||||||||||||||||||
1000012749||||||||||0|2781|2781||||||||||0|2576|2576||||||||||0|2649|2649|||||||||||||||||||||||||
1000012763||||||||||||||||||||||0|390|390|||||||||||||||||||||||||||||||||||||
1000012797||||||||||0|2049|2049||||||||||0|2307|2307||||||||||0|3894|3894|||||||||||||||||||||||||
1000012829||||||||||0|2300|2300||||||||||0|2952|2952||||||||||0|2985|2985|||||||||||||||||||||||||
1000012857||||||||||||||||||||||||||||||||||||||||||||||0|8197|8197||||||||||0|8706|8706|
1000013009||||||||||||||||||||||||||||||||||||||||||||||0|7583|7583|||||||||||||
1000013019||||||||||2211|28450|30661|188|4753|4941|856|10193|11049|1267|19157|20424|1417|33632|35049|135|6959|7094|214|16111|16325|306|23549|23855|1339|30061|31400|82|12915|12997|188|24483|24671|249|35061|35310|288|44954|45242|95|7590|7685|160|20026|20186|198|30955|31153|264|48240|48504|
1000013200||||||||||0|149242|149242|||||||||||||||||||||||||||||||||||||||||||||||||
1000013207||||||||||||||||||||||0|1955|1955||||||||||0|1555|1555|||||||||||||||||||||||||
1000013497||||||||||||||||||||||0|2268|2268||||||||||0|2268|2268|||||||||||||||||||||||||
1000013575||||||||||0|3718|3718||||||||||||||||||||||0|9636|9636||||||||||0|6902|6902|||||||||||||
1000013591||||||||||0|4213|4213||||||||||0|6570|6570|||||||||||||||||||||||||||||||||||||
1000013668||||||||||0|7277|7277||||||||||0|11520|11520|||||||||||||||||||||||||||||||||||||
1000013690||||||||||0|246369|246369||||||||||0|299420|299420||||||||||0|339138|339138|||||||||||||||||||88566|176428|264994|109498|231387|340885|
1000013799||||||||||0|41398|41398||||||||||0|45552|45552||||||||||0|45714|45714|||||||||||||||||||||||||
1000014039||||||||||||||||||||||||||||||||||0|5056|5056||||||||||0|5006|5006|||||||||||||
1000014087|14948|28745|43693|32394|57363|89757|42730|85986|128716|56964|113696|170660|13161|29854|43015|25975|63147|89122|41955|96497|138452|63358|132907|196265|12415|35539|47954|26991|73517|100508|38781|116309|155090|53241|163116|216357|8092|54508|62600|18333|102679|121012|27821|151421|179242|38724|199832|238556|11674|48914|60588|24647|101254|125901|36589|156299|192888|48360|215744|264104|
1000014101||||||||||||||||||||||0|2754|2754|||||||||||||||||||||||||||||||||||||
1000014144||||||||||0|1736|1736|||||||||||||||||||||||||||||||||||||||||||||||||
1000014158||||||||||||||||||||||0|114644|114644|||||||||||||||||||||||||||||||||||||
1000014263||||||||||0|50695|50695||||||||||0|60350|60350||||||||||0|75078|75078||||||||||0|78947|78947|||||||||||||
1000014418||||||||||0|45438|45438||||||||||0|47998|47998||||||||||0|59506|59506||||||||||0|64244|64244||||||||||0|58858|58858|
1000014419|70662|46476|117138|0|248969|248969|0|351962|351962|0|479332|479332|0|122976|122976|0|267716|267716|0|406726|406726|0|597770|597770|0|196984|196984|0|395984|395984|0|569246|569246|0|764290|764290|0|173076|173076|0|371768|371768|0|558358|558358|0|776834|776834|0|242907|242907|0|498478|498478|0|736930|736930|0|1008868|1008868|
1000014438||||||||||0|223146|223146||||||||||0|301932|301932||||||||||0|319363|319363||||||||||0|315618|315618||||||||||0|298294|298294|
1000014456||||||||||0|71071|71071||||||||||0|76577|76577||||||||||0|100673|100673||||||||||0|103086|103086||||||||||0|133330|133330|
1000014500||||||||||||||||||||||||||||||||||||||||||||||||||||||||||0|44965|44965|
1000014502||||||||||||||||||||||||||||||||||||||||||||||0|29718|29718|||||||||||||
1000014596||||||||||||||||||||||||||||||||||||||||||||||||||||||||||0|12524|12524|
1000014631|20684|7776|28460|43456|15279|58735|22197|65871|88068|88893|29368|118261|23375|8529|31904|49568|14597|64165|75415|19956|95371|98702|27445|126147|20934|6609|27543|45088|13544|58632|0|0|0|89974|26496|116470|20617|7584|28201|41807|15869|57676|59879|23303|83182|77684|30682|108366|19914|7610|27524|39151|14901|54052|56356|21911|78267|73637|28300|101937|
1000014793||||||||||0|15070|15070||||||||||0|19507|19507|||||||||||||||||||||||||||||||||||||
1000014817||||||||||0|2710|2710||||||||||0|3471|3471||||||||||0|3471|3471|||||||||||||||||||||||||
1000014822|50278|55895|106173|95412|113824|209236|140279|165843|306122|194901|227556|422457|56801|58931|115732|115146|128064|243210|175279|197858|373137|243676|273688|517364|60833|72762|133595|127157|150758|277915|194136|221897|416033|263934|296522|560456|70958|70843|141801|142887|148938|291825|212855|219010|431865|284376|298213|582589|69020|78071|147091|149027|161381|310408|230959|237510|468469|303239|314787|618026|
1000014977||||||||||0|29869|29869||||||||||0|27436|27436|||||||||||||||||||||||||||||||||||||
1000015217||||||||||0|10966|10966|||||||||||||||||||||||||||||||||||||||||||||||||
1000015389||||||||||||||||||||||0|2425|2425|||||||||||||||||||||||||||||||||||||
1000015425|173317|157382|330699|360783|328900|689683|448393|566412|1014805|622500|801673|1424173|161767|182783|344550|354953|418542|773495|560446|637113|1197559|795804|864867|1660671|234862|213335|448197|487085|449694|936779|776252|627778|1404030|985553|951864|1937417|253445|253137|506582|542680|479888|1022568|786747|720833|1507580|1027356|1028025|2055381|249196|313714|562910|521828|711820|1233648|942906|852730|1795636|1068821|1416078|2484899|
1000015440||||||||||||||||||||||||||||||||||||||||||||||0|160245|160245||||||||||0|221547|221547|
1000015475||||||||||0|7458|7458||||||||||||||||||||||0|6186|6186||||||||||0|6781|6781|||||||||||||
1000015697||||||||||0|7734|7734||||||||||0|6177|6177||||||||||0|7167|7167|||||||||||||||||||||||||
1000015825||||||||||||||||||||||||||||||||||0|2327|2327||||||||||0|1772|1772|||||||||||||
1000015919||||||||||||||||||||||0|78599|78599||||||||||0|81836|81836|||||||||||||||||||||||||
1000016203||||||||||||||||||||||0|573|573||||||||||0|864|864||||||||||0|932|932||||||||||0|942|942|
1000016563|0|4052|4052|0|6655|6655|0|13304|13304|0|19288|19288|0|4209|4209|0|7704|7704|0|14840|14840|0|19106|19106|0|4733|4733|0|9247|9247|0|17701|17701|0|24836|24836|0|4034|4034|0|9723|9723|0|15796|15796|0|22115|22115|0|4735|4735|0|9048|9048|0|16924|16924|0|28021|28021|
1000016622||||||||||0|853|853||||||||||0|1643|1643||||||||||0|1834|1834|||||||||||||||||||||||||
1000016891|0|18885|18885|0|38920|38920|0|58535|58535|0|79987|79987|0|21497|21497|0|47535|47535|0|71684|71684|0|100313|100313|0|24133|24133|0|50473|50473|0|73352|73352|0|95892|95892|0|20337|20337|0|43354|43354|0|55692|55692|0|85885|85885|0|20545|20545|0|42507|42507|0|63476|63476|0|83495|83495|
1000016939|||||||||||||||||||||||||||||||||||||||||||||||||0|53292|53292||||||||||
1000016966||||||||||||||||||||||0|21534|21534|||||||||||||||||||||||||||||||||||||
1000017314||||||||||0|2082|2082||||||||||||||||||||||0|2200|2200|||||||||||||||||||||||||
1000017339||||||||||||||||||||||0|12795|12795|||||||||||||||||||||||||||||||||||||
1000017410|0|3436|3436||||||||||||||||||||||||||||||||||||||||||||||||||||||||||
1000017601||||||||||0|10961|10961|||||||||||||||||||||||||||||||||||||||||||||||||
1000017612||||||||||||||||||||||||||||||||||0|7576|7576|||||||||||||||||||||||||
1000017821||||||||||||||||||||||0|921|921||||||||||0|1275|1275|||||||||||||||||||||||||
1000018087||||||||||||||||||||||0|3347|3347|||||||||||||||||||||||||||||||||||||
1000018211|295553|62909|358462|651347|139085|790432|966731|195894|1162625|1326240|261868|1588108|331669|55351|387020|716404|122407|838811|1198291|170643|1368934|1619222|239635|1858857|420059|61398|481457|821556|124724|946280|1194621|182015|1376636|1546478|245846|1792324|387671|77159|464830|787962|137810|925772|1163125|202513|1365638|1551954|264641|1816595|398972|54614|453586|800623|134420|935043|1205982|197832|1403814|1635970|260913|1896883|
1000018272||||||||||0|179022|179022||||||||||0|256222|256222||||||||||0|330219|330219||||||||||0|363031|363031||||||||||0|288302|288302|
1000018276|||||||||||||||||||||||||||||||||||||||||||||||||11407|56536|67943|34656|110209|144865|59082|163854|222936|69541|229577|299118|
1000018320|0|246495|246495|0|475216|475216|0|696753|696753|0|930753|930753|0|626114|626114|0|1435088|1435088|0|2283857|2283857|0|3156376|3156376|0|830111|830111|0|1661667|1661667|0|2462970|2462970|0|3269243|3269243|0|780919|780919|0|1666087|1666087|0|2514649|2514649|0|3434542|3434542|0|878714|878714|0|1788348|1788348|0|2707082|2707082|0|3675705|3675705|
1000018462||||||||||0|151181|151181||||||||||||||||||||||0|187152|187152||||||||||0|187729|187729||||||||||0|187822|187822|
1000018587|21716|32905|54621|41157|68757|109914|57818|95552|153370|82296|120615|202911|14926|42575|57501|29302|85158|114460|45180|120923|166103|65588|176509|242097|21607|56722|78329|48076|114270|162346|70096|148675|218771|91396|189841|281237|15214|56981|72195|49475|101585|151060|68641|129870|198511|60389|196668|257057|15329|45337|60666|36666|83139|119805|50816|119037|169853|63512|157427|220939|
1000018656||||||||||0|3632|3632||||||||||||||||||||||0|11783|11783||||||||||0|18897|18897|||||||||||||
1000018709||||||||||0|1087|1087||||||||||0|2865|2865|||||||||||||||||||||||||||||||||||||
1000018764||||||||||0|8538|8538||||||||||0|9744|9744||||||||||0|10297|10297||||||||||0|9763|9763|||||||||||||
1000018784||||||||||0|3338|3338||||||||||0|3338|3338||||||||||0|3338|3338|||||||||||||||||||||||||
1000018884|0|59038|59038|3692|122382|126074|5456|185477|190933|7790|252568|260358|727|59034|59761|2233|122975|125208|2620|188538|191158|5258|248233|253491|1041|50694|51735|1943|120170|122113|2901|186775|189676|3671|262611|266282|754|62876|63630|813|133153|133966|4032|202926|206958|5531|275524|281055|1151|73051|74202|2437|149000|151437|3297|222391|225688|4092|296475|300567|
1000018887|125|28994|29119|200|61958|62158|249|92286|92535|325|136373|136698|94|30860|30954|154|69926|70080|246|104788|105034|173|159982|160155|0|37189|37189|0|75250|75250|0|113385|113385|0|173103|173103|0|35827|35827|0|82411|82411|0|130984|130984|0|207273|207273|0|53590|53590|0|115451|115451|0|186391|186391|0|294842|294842|
1000018916|0|89128|89128|0|183940|183940|0|267795|267795|0|368435|368435|0|95935|95935|0|200161|200161|0|304561|304561|0|423097|423097|0|108790|108790|0|225219|225219|0|330792|330792|0|444174|444174|0|112129|112129|0|225737|225737|0|327020|327020|0|432271|432271|0|115410|115410|0|238851|238851|0|353427|353427|0|461459|461459|
1000018962||||||||||0|8910|8910|||||||||||||||||||||||||||||||||||||||||||||||||
1000019069||||||||||0|1627|1627||||||||||||||||||||||0|5656|5656|||||||||||||||||||||||||
1000019085||||||||||0|30557|30557||||||||||0|36327|36327||||||||||0|38568|38568|||||||||||||||||||||||||
1000019111||||||||||||||||||||||||||||||||||||||||||||||0|0|0|||||||||||||
1000019131||||||||||0|3247|3247|||||||||||||||||||||||||||||||||||||||||||||||||
1000019349||||||||||||||||||||||||||||||||||||||||||||||||||||||||||0|32042|32042|
1000019396||||||||||||||||||||||||||||||||||||||||||||||||||||||||||0|15319|15319|
1000019707||||||||||||||||||||||0|44375|44375|||||||||||||||||||||||||||||||||||||
1000019718||||||||||||||||||||||||||||||||||0|69654|69654||||||||||0|57775|57775||||||||||0|55999|55999|
1000019770|||||||||||||0|1965|1965|||||||0|9232|9232||||||||||0|8835|8835|||||||||||||||||||||||||
1000019850||||||||||||||||||||||0|10691|10691||||||||||0|12034|12034|||||||||||||||||||||||||
1000020035||||||||||||||||||||||||||||||||||||||||||||||||||||||||||0|5836|5836|
1000020164||||||||||0|56812|56812||||||||||0|88571|88571||||||||||0|37230|37230|||||||||||||||||||||||||
1000020224||||||||||0|9586|9586|||||||||||||||||||||||||||||||||||||||||||||||||
1000020262|2544|299|2843|5771|722|6493|8350|1221|9571|10948|2512|13460|2562|749|3311|8260|1412|9672|13885|2290|16175|17877|3424|21301|2536|278|2814|6554|852|7406|9768|1230|10998|12451|1962|14413|1234|197|1431|3038|464|3502|4310|700|5010|5545|959|6504|875|134|1009|1540|545|2085|2147|793|2940|2435|1146|3581|
1000020318||||||||||0|165465|165465||||||||||0|166031|166031||||||||||0|20394|20394|||||||||||||||||||||||||
1000020344||||||||||0|13371|13371||||||||||0|20022|20022||||||||||0|20059|20059||||||||||0|18466|18466|||||||||||||
1000020876||||||||||0|5571|5571||||||||||0|1746|1746||||||||||0|13964|13964|||||||||||||||||||||||||
1000021026||||||||||0|172|172||||||||||0|436|436||||||||||0|275|275|||||||||||||||||||||||||
1000021036|||||||||||||||||||||||||||||||||||||||||||||||||||||||0|2162|2162||||
1000021179||||||||||0|45123|45123||||||||||0|48228|48228||||||||||0|49638|49638|||||||||||||||||||||||||
1000021537||||||||||||||||||||||0|1500|1500|||||||||||||||||||||||||||||||||||||
1000021582||||||||||0|25175|25175|||||||||||||||||||||||||||||||||||||||||||||||||
1000021618||||||||||0|5992|5992||||||||||0|6640|6640||||||||||0|7432|7432|||||||||||||||||||||||||
1000022036||||||||||||||||||||||0|18408|18408||||||||||0|12373|12373||||||||||0|12373|12373|||||||||||||
1000022066||||||||||0|26467|26467|||||||||||||||||||||||||||||||||||||||||||||||||
1000022101||||||||||0|15630|15630||||||||||0|13010|13010||||||||||||||||||||||||||||||||||0|9959|9959|
1000022139|9617|10219|19836|17641|15081|32722|23760|20773|44533|30742|25997|56739|7211|5614|12825|14154|10814|24968|18460|16489|34949|25152|22186|47338|7704|6028|13732|14877|11986|26863|22016|17767|39783|28921|24035|52956|7325|6912|14237|17677|13788|31465|28466|19004|47470|38100|26123|64223|7530|7205|14735|17883|14677|32560|28026|22312|50338||||
1000022231||||||||||0|2826|2826||||||||||0|3471|3471||||||||||0|3562|3562|||||||||||||||||||||||||
1000022239||||||||||0|3683|3683||||||||||0|3548|3548||||||||||0|3764|3764|||||||||||||||||||||||||
1000022501||||||||||||||||||||||0|3123|3123||||||||||0|3396|3396||||||||||||||||||||||0|3257|3257|
1000022687||||||||||||||||||||||||||||0|2000|2000|||||||||||||||||||||||||||||||
1000022906||||||||||||||||||||||||||||||||||0|57495|57495||||||||||||||||||||||0|55028|55028|
1000023111||||||||||0|9833|9833||||||||||||||||||||||0|17480|17480|||||||||||||||||||||||||
1000023189||||||||||0|2428|2428|||||||||||||||||||||||||||||||||||||||||||||||||
1000023191||||||||||||||||||||||0|11517|11517||||||||||0|13470|13470|||||||||||||||||||||||||
1000023531||||||||||||||||||||||0|296|296||||||||||0|827|827|||||||||||||||||||||||||
1000023632||||||||||0|3371|3371||||||||||0|6029|6029|||||||||||||||||||||||||||||||||||||
1000023652|||||||||||||||||||||||||||||||||||||||||||||||||||||||0|104|104||||
1000023661||||||||||||||||||||||||||||||||||0|5070|5070|||||||||||||||||||||||||
1000023718||||||||||0|2681|2681||||||||||0|2764|2764||||||||||0|3857|3857||||||||||0|3342|3342||||||||||0|5616|5616|
1000024502||||||||||||||||||||||||||||||||||0|2519|2519||||||||||0|2673|2673||||||||||0|3086|3086|
1000005533||||||||||0|523|523|||||||||||||||||||||||||||||||||||||||||||||||||
1000009337||||||||||||||||||||||0|4569|4569|||||||||||||||||||||||||||||||||||||
1000025368||||||||||0|9355|9355||||||||||||||||||||||0|6038|6038|||||||||||||||||||||||||
1000005334||||||||||||||||||||||0|8000|8000||||||||||0|8000|8000||||||||||0|6600|6600||||||||||0|6949|6949|
1000007868||||||||||||||||||||||||||||||||||0|27753|27753||||||||||0|42240|42240|||||||||||||
1000026426|49954|418347|468301|97146|840945|938091|170047|1298839|1468886|248378|1777512|2025890|76783|371601|448384|119536|807616|927152|204592|1766267|1970859|291638|2650397|2942035|73894|833106|907000|145929|1719463|1865392|226789|2667097|2893886|307731|3685137|3992868|79341|852537|931878|158850|1797865|1956715|248463|2762552|3011015|350972|3606993|3957965|97927|852850|950777|195642|1795164|1990806|305693|2770080|3075773|419422|3649670|4069092|
1000025391||||||||||||||||||||||0|84034|84034||||||||||0|107831|107831||||||||||0|102079|102079|||||||||||||
1000018081||||||||||0|3312|3312||||||||||0|6552|6552||||||||||0|3146|3146|||||||||||||||||||||||||
1000010567||||||||||0|6342|6342||||||||||0|7566|7566||||||||||0|8861|8861||||||||||0|8298|8298||||||||||0|8210|8210|
1000006724||||||||||||||||||||||0|2359|2359|||||||||||||||||||||||||||||||||||||
1000006725||||||||||0|31449|31449||||||||||||||||||||||0|37774|37774|||||||||||||||||||||||||
1000006767||||||||||||||||||||||0|1400|1400||||||||||0|1399|1399|||||||||||||||||||||||||
1000026100||||||||||||||||||||||0|3960|3960|||||||||||||||||||||||||||||||||||||
1000005247|0|16137|16137|0|33300|33300|0|47838|47838|0|66625|66625|0|12362|12362|0|28838|28838|0|45296|45296|0|60864|60864|0|14660|14660|0|28665|28665|0|40850|40850|0|52334|52334|0|11688|11688|0|22561|22561|0|32004|32004|0|35160|35160|0|1084|1084|0|1820|1820|||||||
1000020124||||||||||0|4845|4845||||||||||0|1553|1553|||||||||||||||||||||||||||||||||||||
1000005253||||||||||||||||||||||0|27184|27184||||||||||||||||||||||0|23177|23177|||||||||||||
1000022868||||||||||||||||||||||0|13847|13847|||||||||||||||||||||||||||||||||||||
1000019430||||||||||||||||||||||||||||||||||0|4400|4400|||||||||||||||||||||||||
1000025573|5451|93600|99051|10909|179961|190870|17324|263261|280585|23877|357335|381212|4934|97340|102274|11611|191213|202824|18471|285951|304422|25112|388526|413638|5680|102133|107813|12309|205133|217442|19396|306404|325800|26430|408299|434729|5878|103068|108946|12794|205923|218717|20477|304530|325007|28038|410063|438101|6334|103194|109528|13443|210480|223923|20465|311916|332381|28512|416326|444838|
1000021536||||||||||||||||||||||0|4600|4600||||||||||0|3936|3936|||||||||||||||||||||||||
1000011046||||||||||0|2426|2426||||||||||0|2905|2905||||||||||0|3415|3415|||||||||||||||||||||||||
1000027530||||||||||0|2700|2700|||||||||||||||||||||||||||||||||||||||||||||||||
1000027586||||||||||||||||||||||||||||||||||0|2356|2356||||||||||0|738|738|||||||||||||
1000027856||||||||||0|6949|6949||||||||||0|10170|10170||||||||||0|10944|10944|||||||||||||||||||||||||
1000026693||||||||||0|3568|3568|||||||||||||||||||||||||||||||||||||||||||||||||
1000028161||||||||||||||||||||||||||||||||||||||||||||||0|1459069|1459069||||||||||0|1219641|1219641|
1000026031||||||||||||||||||||||||||||||||||||||||||||||0|25884|25884|||||||||||||
1000008381||||||||||0|10298|10298||||||||||||||||||||||0|9037|9037|||||||||||||||||||||||||
1000000006|333670|353495|687165|623786|723121|1346907|959652|1124729|2084381|1282448|1519770|2802218|403692|412299|815991|827647|844643|1672290|1283149|1290338|2573487|0|9026258|9026258|70023|209692|279715|0|4461995|4461995|0|6846250|6846250|0|8948571|8948571|0|2241875|2241875|0|4384730|4384730|0|6723834|6723834|375470|703943|1079413|61189|259416|320605|0|4677925|4677925|0|7264443|7264443|0|9583674|9583674|
1000027646||||||||||0|1180|1180|||||||||||||||||||||||||||||||||||||||||||||||||
1000026618|||||||0|1400584|1400584|0|1902394|1902394|0|557528|557528|0|1145140|1145140|0|1721035|1721035|0|2177261|2177261|0|517675|517675|0|505697|505697|0|528587|528587|0|2047566|2047566|0|604428|604428|0|1193442|1193442|0|1773138|1773138|0|2301530|2301530|0|604654|604654|0|1213521|1213521|0|1879056|1879056|0|2438840|2438840|
1000005232||||||||||0|97232|97232|||||||||||||||||||||||||||||||||||||||||||||||||
1000029331||||||||||||||||||||||||||||||||||0|367562|367562||||||||||0|366864|366864|||||||||||||
1000028042||||||||||0|3402710|3402710||||||||||||||||||||||0|5381071|5381071||||||||||0|5795218|5795218|||||||||||||
1000028866|||||||||||||3606|10541|14147|7519|35475|42994|11174|47747|58921|13224|59804|73028|3175|11678|14853|7627|41070|48697|10651|55829|66480|14747|67412|82159|5809|15188|20997|9223|44606|53829|13290|61694|74984|22548|76474|99022|6144|14058|20202|13017|42553|55570|19059|61571|80630|27645|76539|104184|
1000029154||||||||||0|185535|185535||||||||||0|205002|205002|||||||||||||||||||||||||||||||||||||
1000026699||||||||||||||||||||||||||||||||||||||||||||||0|1827|1827|||||||||||||
1000009612||||||||||0|35936|35936||||||||||0|37401|37401|||||||||||||||||||||||||||||||||||||
1000029323||||||||||||||||0|23094|23094|0|37345|37345|0|50661|50661|0|8857|8857|0|19104|19104|0|23065|23065|0|30516|30516|0|6720|6720|0|15914|15914|0|26914|26914|0|36195|36195|0|10446|10446|0|17508|17508|0|27907|27907|0|43361|43361|
1000027919||||||||||||||||||||||0|3363|3363|||||||||||||||||||||||||||||||||||||
1000029129||||||||||||||||||||||0|1404|1404|||||||||||||||||||||||||||||||||||||
1000030420||||||||||0|2786|2786||||||||||0|2678|2678||||||||||0|2678|2678||||||||||0|2193|2193||||||||||0|2209|2209|
1000016721|0|64854|64854|0|144457|144457|0|228405|228405|0|325002|325002|0|88320|88320|0|196107|196107|0|312585|312585|0|432057|432057|0|106729|106729|0|211294|211294|0|315811|315811|0|427497|427497|0|89831|89831|0|193480|193480|0|280584|280584|0|369038|369038|0|69167|69167|0|143743|143743|0|216647|216647|0|298825|298825|
1000028607||||||||||0|7519|7519|||||||||||||||||||||||||||||||||||||||||||||||||
1000028608||||||||||||||||||||||||||||||||||||||||||||||0|17789|17789|||||||||||||
1000001225||||||||||||||||||||||0|4407|4407||||||||||0|3814|3814|||||||||||||||||||||||||
1000001288|20031|12285|32316|39536|33335|72871|62656|67472|130128|94604|99296|193900|28626|39162|67788|66153|69394|135547|0|230683|230683|165042|180850|345892|0|118047|118047|140871|128910|269781|236184|173246|409430|315645|250855|566500|81157|55344|136501|137734|94477|232211|225158|177527|402685|345779|256008|601787|82226|58534|140760|220038|136555|356593|351407|237810|589217|469826|352028|821854|
1000001252||||||||||||||||||||||319639|230514|550153|72254|33653|105907|121720|63370|185090|176374|99383|275757|200664|179846|380510|67323|50870|118193|147611|102851|250462|221922|151914|373836|291307|196324|487631|105596|53719|159315|195053|107013|302066|298336|161482|459818|419350|216232|635582|
1000007461|0|32536|32536|0|71084|71084|0|98609|98609|0|132842|132842|0|36157|36157|0|75677|75677|0|112059|112059|0|146301|146301|0|36096|36096|0|67287|67287|0|105569|105569|0|135844|135844|0|33459|33459|0|73949|73949|0|113250|113250|0|144680|144680|0|37381|37381|0|80731|80731|0|119604|119604|0|158787|158787|
1000006099||||||||||0|743594|743594||||||||||0|912602|912602||||||||||0|1044625|1044625|||||||||||||||||||||||||
1000009860||||||||||||||||||||||0|10430|10430||||||||||0|8800|8800|||||||||||||||||||||||||
1000025852||||0|14183|14183||||||||||||||||0|75559|75559||||||||||0|79417|79417||||||||||0|76663|76663||||||||||0|90394|90394|
1000030724||||||||||0|600|600|||||||||||||||||||||||||||||||||||||||||||||||||
1000011603||||||||||0|14155|14155||||||||||0|17636|17636||||||||||0|17122|17122|||||||||||||||||||||||||
1000029651||||||||||0|14119|14119||||||||||0|19924|19924||||||||||0|65396|65396|||||||||||||||||||||||||
1000026527||||||||||0|5044|5044||||||||||0|5614|5614||||||||||0|6145|6145|||||||||||||||||||||||||
1000030712||||0|0|0|2185|523834|526019|7590|1081583|1089173|136067|301058|437125|183450|625111|808561|395164|855078|1250242|503072|1305823|1808895|150801|346605|497406|253746|649138|902884|553710|841990|1395700|709673|1268823|1978496|165123|341906|507029|239722|658779|898501|502604|846862|1349466|642814|1253196|1896010|287646|217970|505616|482681|401806|884487|799631|559114|1358745|1084847|849150|1933997|
1000031083||||||||||||||||||||||||||||||||||||||||||||||0|0|0|||||||||||||
1000009124||||||||||||||||||||||0|450|450||||||||||0|1106|1106||||||||||0|683|683||||||||||0|884747|884747|
1000007616||||||||||||||||||||||||||||||||||0|4018|4018||||||||||||||||||||||0|1514|1514|
1000008514||||||||||||||||||||||||||||||||||||||||||||||0|51587|51587|||||||||||||
1000007601|36792|7181|43973|75381|11819|87200|126891|17136|144027|184773|22811|207584|55526|4917|60443|106001|9797|115798|164727|19380|184107|250663|26993|277656|62180|12449|74629|131973|31646|163619|208967|43943|252910|282593|56060|338653|77482|10981|88463|162410|24016|186426|245769|36828|282597|316594|47140|363734|48599|10697|59296|111633|23564|135197|179035|39377|218412|253068|50807|303875|
1000008990|1774|54966|56740|6378|53626|60004|7099|90668|97767|3616|139463|143079|1046|33896|34942|2463|78454|80917|3052|110820|113872|1293|15755|17048|0|0|0|263|7049|7312|473|10077|10550|503|13533|14036|34|3340|3374|70|7469|7539|70|12139|12209||||||||||||||||
1000026611||||||||||||||||||||||||||||||||||0|85555|85555||||||||||0|97784|97784|||||||||||||
1000009295||||||||||0|6430|6430||||||||||0|13528|13528||||||||||||||||||||||0|10826|10826|||||||||||||
1000025210||||||||||0|57245|57245||||||||||||||||||||||0|79816|79816|||||||||||||||||||||||||
1000009898||||||||||||||||||||||||||||||||||||||||||||||0|17053|17053||||||||||0|12698|12698|
1000032089||||||||||||||||||||||0|4315|4315|||||||||||||||||||||||||||||||||||||
1000027690||||||||||||||||||||||0|608|608||||||||||||||||||||||||||||||||||0|7953|7953|
1000006947||||||||||||||||||||||||||||||||||0|19578|19578||||||||||0|20562|20562|||||||||||||
1000010338||||||||||0|96901|96901||||||||||0|87527|87527||||||||||0|95172|95172||||||||||0|139089|139089||||||||||0|116810|116810|
1000010339||||||||||0|3457|3457||||||||||0|3128|3128|||||||||||||||||||||||||||||||||||||
1000010168||||||||||||||||||||||||||||||||||||||||||||||0|2899|2899||||||||||0|6446|6446|
1000010321||||||||||||||||||||||195653|14624|210277|85489|469|85958|112442|8506|120948|134865|15447|150312|286640|26242|312882|88323|1919|90242|144473|14181|158654|161983|32652|194635|238166|33167|271333|28635|1161|29796|53720|4979|58699|63825|11255|75080|74969|25207|100176|
1000010152||||||||||0|28766|28766||||||||||0|26351|26351||||||||||0|31252|31252||||||||||0|29755|29755||||||||||0|28450|28450|
1000006987||||||||||||||||||||||0|8351|8351|||||||||||||||||||||||||||||||||||||
1000031557||||||||||||||||||||||0|885|885||||||||||0|65551|65551||||||||||0|76680|76680||||||||||0|84246|84246|
1000014035||||||||||||||||||||||||||||||||||0|18948|18948|||||||||||||||||||||||||
1000032045||||||||||||||||||||||||||||||||||0|2781|2781|279|75312|75591|809|157625|158434|4349|226642|230991|18139|350514|368653|0|106527|106527|25590|192986|218576||||62732|422836|485568|
1000008129||||||||||0|6409|6409||||||||||0|5996|5996||||||||||0|6605|6605||||||||||0|6174|6174||||||||||0|6199|6199|
1000009779||||||||||||||||||||||||||||||||||||||||||||||0|7247|7247|||||||||||||
1000009539||||||||||||||||||||||||||||||||||||||||||||||||||||||||||0|419186|419186|
1000005121|26420|35494|61914|50344|67903|118247|75810|102995|178805|105382|153764|259146|27917|48426|76343|67325|106960|174285|104142|165444|269586|143659|254038|397697|38122|84058|122180|82589|167262|249851|138728|233061|371789|205189|318620|523809|66127|82801|148928|143198|161224|304422|243607|234933|478540|399798|322956|722754|189276|76757|266033|443804|149964|593768|753716|225994|979710|1225759|301586|1527345|
1000000022|1739967|1945213|3685180|3469117|4172014|7641131|5452044|6683900|12135944|7150817|9535716|16686533|1365760|3552355|4918115|2657559|7280524|9938083|4013452|10634014|14647466|5170347|13589202|18759549|1099795|2600121|3699916|2209883|4930426|7140309|3572425|7227256|10799681|4875090|9639260|14514350|1312847|2463246|3776093|2744694|5104957|7849651|4199699|8210235|12409934|5355840|11281733|16637573|1188939|2859401|4048340|2246821|5631680|7878501|3593718|8792529|12386247|4871806|11834504|16706310|
1000000100|539962|139513|679475|1161567|319350|1480917|1992628|554305|2546933|3036287|812754|3849041|952919|297897|1250816|1998798|621928|2620726|3041023|863707|3904730|3903729|1167194|5070923|779750|223190|1002940|1566584|446691|2013275|2251468|679262|2930730|2945144|971348|3916492|0|962218|962218|1482988|436603|1919591|2278961|696051|2975012|3094736|971758|4066494|782427|239313|1021740|1601474|494264|2095738|2314055|727462|3041517|3119785|989480|4109265|
1000000107|0|215184|215184|0|461828|461828|0|661924|661924|0|841456|841456|0|300525|300525|0|690716|690716|0|926896|926896|0|1166139|1166139|0|236077|236077|0|479822|479822|0|656325|656325|0|836475|836475|0|223155|223155|0|438340|438340|0|626779|626779|0|788790|788790|0|225747|225747|0|488318|488318|0|712491|712491|0|929360|929360|
1000000119||||||||||0|379091|379091|||||||||||||||||||||||||||||||||||||||||||||||||
1000000147|21590|6496|28086|42822|15236|58058|67045|21784|88829|91092|28807|119899|30337|7563|37900|57694|16308|74002|87467|24938|112405|122953|34779|157732|34617|10312|44929|64224|22645|86869|91320|33926|125246|121794|45047|166841|31601|10619|42220|61385|21012|82397|89087|32514|121601|125726|43573|169299|34504|10363|44867|62861|21714|84575|88664|41297|129961|114339|64213|178552|
1000000196|8944|361403|370347|0|881815|881815|0|1332980|1332980|0|1806735|1806735|0|465404|465404|0|951940|951940|0|1459602|1459602|0|1979261|1979261|0|530803|530803|0|1065880|1065880|0|1609055|1609055|0|2146399|2146399|0|534175|534175|0|1075529|1075529|0|1636731|1636731|0|2190171|2190171|0|534864|534864|0|1085552|1085552|0|1650053|1650053|0|2196212|2196212|
1000000217|0|99086|99086|0|192308|192308|0|293599|293599|0|391856|391856|0|100832|100832|0|199046|199046|0|311094|311094|0|411392|411392|0|102427|102427|0|203907|203907|0|319178|319178|0|422520|422520|0|109722|109722|0|219901|219901|46317|321739|368056|0|443238|443238|0|108354|108354|0|3813|3813|0|339975|339975|0|448124|448124|
1000000255||||||||||||||||||||||0|41579|41579||||||||||||||||||||||0|65639|65639|||||||||||||
1000000279||||||||||||||||||||||0|659799|659799||||||||||0|716071|716071|||||||||||||||||||||||||
1000000296|23970|25725|49695|49963|56164|106127|75489|84413|159902|101830|114093|215923|26373|28192|54565|55776|60523|116299|85774|88484|174258|114094|120887|234981|25580|27048|52628|53275|58529|111804|82145|85965|168110|107137|117513|224650|25130|29495|54625|50396|60320|110716|73761|90493|164254|96245|121914|218159|25266|25154|50420|49377|55562|104939|70992|83184|154176|93467|108934|202401|
1000000312||||||||||0|790736|790736|||||||||||||||||||||||||||||||||||||||||||||||||
1000000327|0|31313|31313|0|54202|54202|0|74600|74600|0|112785|112785|0|27849|27849|0|51308|51308|0|71690|71690|0|111478|111478|0|30102|30102|0|54072|54072|0|82038|82038|0|159462|159462|0|58108|58108|0|108160|108160|0|145084|145084|0|213894|213894|0|48373|48373|0|91443|91443|0|125863|125863|0|189928|189928|
1000000340||||||||||0|243169|243169||||||||||0|345273|345273||||||||||0|334250|334250||||||||||0|318136|318136||||||||||0|345100|345100|
1000000431||||||||||0|261632|261632|||||||||||||||||||||||||||||||||||||||||||||||||
1000000500|454129|800827|1254956|1194563|1117380|2311943|1859101|1780181|3639282|2586300|2536870|5123170|806199|956687|1762886|1859583|1917139|3776722|2836628|2865668|5702296|3914576|3679059|7593635|1213429|699793|1913222|2245275|1430519|3675794|3242492|2178856|5421348|4254138|3158805|7412943|1079878|983720|2063598|2440507|2084957|4525464|3724765|3007928|6732693|5056561|3932564|8989125|1265743|858396|2124139|2060247|1597841|3658088|2898769|2419382|5318151|3825069|3289085|7114154|
1000000622||||||||||||||||||||||||||||||||||||||||||||||0|43383|43383||||||||||0|45890|45890|
1000000623|0|19853|19853||||29351|56488|85839|36775|82344|119119|9777|32113|41890|33184|60435|93619|44340|86771|131111|53893|115540|169433|12857|29531|42388|23766|58732|82498|39474|85538|125012|51814|119229|171043|18311|31053|49364|36013|63124|99137|50298|99105|149403|67929|137285|205214|13151|35094|48245|26402|73609|100011|13151|35094|48245|68097|149377|217474|
1000000712||||||||||0|20320|20320||||||||||0|21727|21727||||||||||0|24179|24179|||||||||||||||||||||||||
1000000757||||||||||||||||||||||||||||||||||||||||||||||0|6085|6085||||||||||0|9124|9124|
1000000798||||||||||||||||||||||0|59211|59211|||||||||||||||||||||||||||||||||||||
1000000832||||||||||0|13567|13567||||||||||0|13416|13416||||||||||0|11403|11403|||||||||||||||||||||||||
1000000862||||||||||||||||||||||0|6645|6645|||||||||||||||||||||||||||||||||||||
1000000877||||||||||0|1908|1908||||||||||||||||||||||||||||||||||0|3000|3000||||||||||0|3033|3033|
1000000883||||||||||||||||||||||||||||||||||0|13630|13630||||||||||0|12264|12264|||||||||||||
1000000902||||||||||0|60775|60775||||||||||||||||||||||0|80367|80367||||||||||||||||||||||0|72349|72349|
1000000930|413|25844|26257|985|51922|52907|1770|80538|82308|1247|65131|66378|0|896|896|0|2339|2339|0|3530|3530||||||||||||||||||||||||||||||||||||||||
1000001103||||||||||||||||||||||||||||||||||||||||||||||||||||||||||0|57776|57776|
1000001106||||||||||0|67966|67966||||||||||0|77484|77484||||||||||0|71030|71030||||||||||0|51224|51224|||||||||||||
1000001127||||||||||0|40331|40331||||||||||0|59287|59287||||||||||0|52727|52727||||||||||0|44589|44589||||||||||0|42746|42746|
1000001186||||||||||0|18895|18895||||||||||0|16159|16159||||||||||0|14217|14217|||||||||||||||||||||||||
1000001198|41|31663|31704|96|64848|64944|106|100824|100930|257|138338|138595|5|34906|34911|6|72689|72695|166|106626|106792|196|139978|140174|69|33431|33500|119|68914|69033|179|102946|103125|272|136589|136861|78|33924|34002|193|68380|68573|274|102608|102882|370|136491|136861|148|31091|31239|290|63912|64202|453|99635|100088|584|134512|135096|
1000001307|28674|57094|85768||||69742|202359|272101|90414|301629|392043|20099|99950|120049|34023|214874|248897|44251|351386|395637|55306|469743|525049|8487|118568|127055|21034|267561|288595|35373|413016|448389|50227|547867|598094|12803|163948|176751|25241|343449|368690|35024|498139|533163|44147|668142|712289|9069|163492|172561|18179|359709|377888|26357|543967|570324|38786|730188|768974|
1000001386|0|17664|17664|0|32604|32604|0|52291|52291|0|78495|78495|0|17122|17122|0|30794|30794|0|41242|41242|0|64284|64284|0|11095|11095|0|26048|26048|0|43020|43020|0|72569|72569|0|17356|17356|0|40340|40340|0|53818|53818|0|79444|79444|0|12435|12435|0|29149|29149|0|44710|44710|0|75539|75539|
1000001413||||||||||||||||||||||||||||||||||0|4229|4229||||||||||0|5254|5254|||||||||||||
1000001468||||||||||||||||||||||||||||||||||||||||||||||0|0|0|||||||||||||
1000001544||||||||||||||||||||||0|47376|47376||||||||||0|45522|45522|||||||||||||||||||||||||
1000001556||||||||||0|201|201|||||||||||||||||||||||||||||||||||||||||||||||||
1000001613|22938|22918|45856|43090|30811|73901|55657|56221|111878|74710|73376|148086|19182|10605|29787|71683|43004|114687|97970|30074|128044|136150|50647|186797|21886|30776|52662|38168|56817|94985|52566|79416|131982|69661|97046|166707|8556|18995|27551|13993|39147|53140|17321|71694|89015|24969|113674|138643|1027|35594|36621|8623|57415|66038|10741|84527|95268|33491|113850|147341|
1000001619||||||||||0|41361|41361||||||||||0|36419|36419||||||||||0|69369|69369|||||||||||||||||||||||||
1000001694||||||||||0|28007|28007||||||||||||||||||||||0|47202|47202||||||||||0|60418|60418|||||||||||||
1000001717||||||||||0|28388|28388||||||||||0|35962|35962||||||||||0|23128|23128|||||||||||||||||||||||||
1000001960||||||||||0|4162|4162||||||||||0|3520|3520||||||||||0|8215|8215||||||||||0|7660|7660||||||||||0|9084|9084|
1000001965||||||||||0|2025|2025||||||||||0|2242|2242||||||||||0|2129|2129||||||||||0|1749|1749|||||||||||||
1000002078|10647|56109|66756|26718|116351|143069|43846|179923|223769|64413|258874|323287|23859|69120|92979|60368|148260|208628|92760|230210|322970|127721|321611|449332|29404|72527|101931|69366|180547|249913|95285|289949|385234|124968|418660|543628|20475|102780|123255|43492|237444|280936|75722|366704|442426|108226|498879|607105|27842|146123|173965|57297|290408|347705|82813|428124|510937|115183|552704|667887|
1000002189|638|4495|5133|127|10578|10705|11|15508|15519|8|21507|21515|7|1587|1594|0|3279|3279|0|4096|4096|0|5475|5475|0|998|998|0|2464|2464|0|3406|3406|0|4646|4646|0|1041|1041|0|2033|2033|0|3372|3372|0|4825|4825|0|1090|1090|0|1910|1910|0|7908|7908|0|24004|24004|
1000002278||||||||||0|64595|64595||||||||||||||||||||||0|61572|61572||||||||||0|53092|53092|||||||||||||
1000002426||||||||||0|51022|51022||||||||||0|48937|48937||||||||||0|37447|37447||||||||||0|40265|40265||||||||||0|30241|30241|
1000002431||||||||||0|6070|6070||||||||||0|7952|7952||||||||||||||||||||||0|8630|8630||||||||||0|8497|8497|
1000002572||||||||||0|13388|13388|||||||||||||||||||||||||||||||||||||||||||||||||
1000002584||||||||||||||||||||||||||||||||||||||||||||||0|64537|64537|||||||||||||
1000002674||||||||||||||||||||||||||||||||||0|7300|7300||||||||||0|8300|8300|||||||||||||
1000002683||||||||||0|16793|16793|||||||||||||||||||||||||||||||||||||||||||||||||
1000002717||||||||||||||||||||||||||||||||||||||||||||||0|9741|9741||||||||||0|7538|7538|
1000002751||||||||||0|18668|18668||||||||||0|19487|19487||||||||||0|22436|22436||||||||||0|21756|21756|||||||||||||
1000002792||||||||||||||||||||||0|294159|294159||||0|155119|155119|0|231778|231778|0|314266|314266|||||||||||||||||||||||||
1000002830||||||||||0|6263|6263||||||||||0|6469|6469||||||||||0|6573|6573|||||||||||||||||||||||||
1000002840||||||||||0|3018|3018||||||||||0|6662|6662|||||||||||||||||||||||||||||||||||||
1000002890||||||||||||||||||||||0|34850|34850|||||||||||||||||||||||||||||||||||||
1000002894||||||||||||||||||||||0|2335|2335||||||||||0|2335|2335|||||||||||||||||||||||||
1000002939||||||||||0|2699|2699|||||||||||||||||||||||||||||||||||||||||||||||||
1000003030||||||||||0|2651438|2651438|||||||||||||||||||||||||||||||||||||||||||||||||
1000003063||||||||||0|1340|1340|||||||||||||||||||||||||||||||||||||||||||||||||
1000003201||||||||||0|111162|111162||||||||||0|111078|111078||||||||||0|108559|108559||||||||||0|110838|110838|||||||||||||
1000003220||||||||||||||||||||||0|31816|31816|||||||||||||||||||||||||||||||||||||
1000003264||||||||||0|15719|15719||||||||||||||||||||||||||||||||||0|18827|18827|||||||||||||
1000003302|8158|3854|12012|19819|9581|29400|24705|15113|39818|30186|20474|50660|6942|6231|13173|13494|10810|24304|20891|13490|34381|31052|19084|50136|21424|4465|25889|31478|9882|41360|64104|15040|79144|78523|32963|111486|24683|9386|34069|52395|18585|70980|72696|34652|107348|88219|50042|138261|12242|17855|30097|22207|38010|60217|27615|63268|90883|32198|95434|127632|
1000003552||||||||||||||||||||||0|2505|2505||||||||||0|1616|1616|||||||||||||||||||||||||
1000003571|0|126791|126791|0|287799|287799|0|472974|472974|0|693903|693903|0|201760|201760|0|405760|405760|0|566686|566686|0|753221|753221|0|129329|129329|0|242838|242838|0|350289|350289|0|416317|416317|0|92430|92430|0|179911|179911|0|263954|263954|0|339575|339575|0|87025|87025|0|179120|179120|0|271118|271118|0|345757|345757|
1000003597||||||||||0|11420|11420||||||||||0|12631|12631||||||||||0|8108|8108||||||||||0|8924|8924||||||||||0|14738|14738|
1000003704||||||||||0|2756|2756||||||||||0|3555|3555||||||||||0|2504|2504|||||||||||||||||||||||||
1000003877|791264|-223097|568167|1812828|-567010|1245818|3032268|-991253|2041015|4194956|-1402438|2792518|1159448|-393077|766371|2620256|-908245|1712011|3301380|-427088|2874292|5953984|-2043023|3910961|1246435|-405871|840564|2814970|-966625|1848345|4282950|-1435833|2847117|5422176|-1817799|3604377|1095716|-385991|709725|2543194|-940782|1602412|4176396|-1505490|2670906|5537159|-2019322|3517837|1276315|-464967|811348|2926535|-1076979|1849556|4833861|-1779570|3054291|6454417|-2390833|4063584|
1000003885||||||||||||||||||||||||||||||||||0|2266|2266||||||||||0|3098|3098|||||||||||||
1000003976||||||||||0|93106|93106||||||||||0|135526|135526||||||||||0|135526|135526||||||||||||||||||||||0|232761|232761|
1000004151|0|4004|4004|0|9045|9045|0|12868|12868|0|17487|17487|0|3745|3745|0|7918|7918|0|12083|12083|0|17957|17957|0|3528|3528|0|6562|6562|0|9892|9892|0|14843|14843|0|4186|4186|0|8003|8003|0|12720|12720|0|17847|17847|0|6460|6460|0|11949|11949|0|17004|17004|0|22783|22783|
1000004249|139989|0|139989|163958|0|163958|187909|0|187909|418645|0|418645|41145|0|41145|94577|0|94577|183412|0|183412|246179|0|246179|60784|0|60784|137797|0|137797|228135|0|228135|354892|0|354892|107971|6004|113975|241964|6006|247970||||541590|6006|547596|144277|100|144377|320554|100|320654|512280|100|512380|706641|100|706741|
1000004322||||||||||0|201059|201059||||||||||0|222369|222369||||||||||0|232253|232253|||||||||||||||||||||||||
1000004342||||||||||0|9659|9659||||||||||0|9878|9878||||||||||0|12938|12938||||||||||0|16142|16142|||||||||||||
1000004419||||||||||0|518|518||||||||||0|6814|6814||||||||||0|6200|6200||||||||||0|6324|6324||||||||||0|5934|5934|
1000004426||||||||||||||||||||||||||||||||||||||||||||||0|13500|13500|||||||||||||
1000004636||||||||||0|16632|16632||||||||||0|18113|18113|||||||||||||||||||||||||||||||||||||
1000004942||||||||||||||||||||||0|43935|43935||||||||||0|14905|14905||||||||||0|8113|8113||||||||||0|13467|13467|
1000004990||||||||||0|5129|5129||||||||||0|6868|6868||||||||||0|7885|7885|||||||||||||||||||||||||
1000005118||||||||||||||||||||||||||||||||||||||||||||||0|4720|4720|||||||||||||
1000005378|7260|8054|15314|22914|31547|54461|65011|47472|112483|113834|92523|206357|33121|12275|45396|109393|32843|142236|214528|54690|269218|264263|102020|366283|20602|16244|36846|27929|43430|71359|34705|70286|104991|55874|108310|164184|5158|26157|31315|10999|55600|66599|15029|83454|98483|29770|127324|157094|10552|16252|26804|21618|46642|68260|25334|68329|93663|30536|111447|141983|
1000005398|0|14521|14521|0|29216|29216|0|43467|43467|0|0|0|0|14302|14302|0|31226|31226|0|49715|49715|0|69425|69425|0|17681|17681|0|37339|37339|0|57073|57073|0|76913|76913|0|19473|19473|0|41778|41778|0|64992|64992|0|91393|91393|0|22922|22922|0|49175|49175|0|76549|76549|0|102297|102297|
1000005585||||||||||||||||||||||0|100519|100519||||||||||0|89654|89654|||||||||||||||||||||||||
1000005799||||||||||1114|17460|18574||||||||||397|12995|13392||||||||||245|10702|10947||||||||||185|9295|9480|||||||||||||
1000005951|101551|36623|138174|115092|169130|284222|167904|246887|414791|228788|333425|562213|69992|98262|168254|174372|210274|384646|277094|307936|585030|371304|406951|778255|97255|95453|192708|194509|195267|389776|277239|295040|572279|356447|393050|749497|97448|100125|197573|185080|210448|395528|269572|296997|566569|357368|407067|764435|96511|115244|211755|176490|243799|420289|259325|340283|599608|328615|456135|784750|
1000006376|62459|72092|134551|129346|142978|272324|217307|228602|445909|286052|320096|606148|87431|52651|140082|161385|170806|332191|238969|313539|552508|424178|363421|787599|89819|107981|197800|170645|204345|374990|248408|286972|535380|318304|460390|778694|80855|244812|325667|170317|464207|634524|254550|694808|949358|350592|863161|1213753|91117|190151|281268|187597|352247|539844|279088|476256|755344|399838|666493|1066331|
1000006530|0|101479|101479|0|248843|248843|0|387923|387923|0|523687|523687|0|112965|112965|0|247411|247411|0|375063|375063|0|508072|508072|0|109875|109875|0|234468|234468|0|267171|267171|0|297432|297432|0|43947|43947|0|62042|62042|0|91989|91989|0|106334|106334|0|16545|16545|0|40779|40779|0|44651|44651|0|50604|50604|
1000006597||||||||||||||||||||||||||||||||||||||||||||||||||||||||||0|40255|40255|
1000006603|539515|477152|1016667|1449019|1150259|2599278|2377035|1908403|4285438|3322177|2772006|6094183|946559|852520|1799079|2127521|2377049|4504570|3562929|3802633|7365562|4362628|4603597|8966225|1059873|1017023|2076896|2509762|2224684|4734446|3860287|3565469|7425756|5103572|5012963|10116535|1343547|1400589|2744136|2652592|3092585|5745177|3954289|4497708|8451997|5031001|5697378|10728379|1020256|1269027|2289283|1991078|2340657|4331735|3261477|3734831|6996308|4358989|5022972|9381961|
1000007074||||||||||0|140405|140405||||||||||0|148004|148004||||||||||0|201811|201811||||||||||0|262742|262742||||||||||0|270367|270367|
1000007271||||||||||0|38148|38148|||||||||||||||||||||||||||||||||||||||||||||||||
1000007365||||||||||0|7733|7733||||||||||||||||||||||0|6946|6946|||||||||||||||||||||||||
1000007400||||||||||||||||||||||0|11547|11547|||||||||||||||||||||||||||||||||||||
1000007432||||||||||||||||||||||||||||||||||||||||||||||||||||||||||0|465405|465405|
1000007440||||||||||0|44319|44319|||||||||||||||||||||||||||||||||||||||||||||||||
1000007443|22133|185616|207749|42437|338307|380744|51194|388204|439398|288546|476028|764574|58098|145073|203171|124356|297305|421661|185119|450387|635506|219974|702235|922209|46241|184287|230528|170039|297640|467679|265485|437715|703200|372453|566900|939353|90958|131502|222460|171359|297978|469337|289711|403877|693588|0|971549|971549|124997|139380|264377|236661|290830|527491|327205|436976|764181|0|1044089|1044089|
1000007454||||0|187763|187763|0|351279|351279|0|522424|522424|0|200959|200959|0|408139|408139|0|613330|613330|0|819026|819026|0|192600|192600|0|405942|405942|0|605237|605237|0|809653|809653|0|202497|202497|0|411989|411989|0|597982|597982|0|782014|782014|0|206714|206714|0|394673|394673|0|568771|568771|0|743914|743914|
1000007479||||||||||||||||||||||||||||||||||||||||||||||||||||||||||0|57316|57316|
1000007596||||||||||0|13962|13962|||||||||||||||||||||||||||||||||||||||||||||||||
1000007702||||||||||0|5632|5632||||||||||||||||||||||0|7125|7125|||||||||||||||||||||||||
1000007808|47206|82919|130125|80156|179439|259595|114436|611347|725783|169537|842944|1012481|62197|204151|266348|201912|403235|605147|279094|632939|912033|336507|811185|1147692|72321|176840|249161|141216|379038|520254|203565|581387|784952|261415|763672|1025087|71287|174991|246278|142490|339400|481890|213217|504155|717372|238209|643100|881309|19726|126069|145795|60975|228327|289302|92013|351941|443954|110841|432002|542843|
1000007836||||||||||0|2340|2340||||||||||0|5559|5559||||||||||0|6031|6031|||||||||||||||||||||||||
1000007937||||||||||||||||||||||0|25712|25712|||||||||||||||||||||||||||||||||||||
1000008243||||||||||0|65828|65828|||||||||||||||||||||||||||||||||||||||||||||||||
1000008422|65881|9115|74996|141415|18547|159962|216730|26421|243151|303565|35415|338980|77402|8557|85959|174699|17913|192612|265502|26211|291713|360321|34599|394920|83345|7605|90950|174879|18026|192905|253721|26840|280561|348448|36498|384946|86377|7851|94228|177932|18276|196208|256784|26703|283487|350233|34961|385194|94317|6999|101316|194527|17407|211934|287188|24860|312048|394873|31543|426416|
1000008658||||||||||0|26366|26366||||||||||||||||||||||0|25574|25574|||||||||||||||||||||||||
1000008860||||||||||0|5354|5354|||||||||||||||||||||||||||||||||||||||||||||||||
1000008861||||||||||0|8100|8100||||||||||0|7479|7479|||||||||||||||||||||||||||||||||||||
1000008957|53057|394811|447868|181258|753332|934590|267896|1134075|1401971|377972|1595454|1973426|86829|389658|476487|145958|814844|960802|263576|1243776|1507352|0|2129301|2129301|104821|446473|551294|209696|1008971|1218667|308581|1590270|1898851|406695|2195405|2602100|58318|602934|661252|193305|1207443|1400748|283777|1814646|2098423|402867|2482430|2885297|93675|500707|594382|219818|1012072|1231890|346841|1485877|1832718|475232|1992146|2467378|
1000009097||||||||||||||||||||||||||||||||||||||||||||||||||||||||||0|945537|945537|
1000009373||||0|50036|50036||||0|92571|92571||||0|54024|54024|0|83299|83299|0|110161|110161|0|45910|45910|0|112445|112445|0|159156|159156|0|214355|214355|0|51523|51523|0|104274|104274|0|142238|142238|0|202336|202336|0|63514|63514|0|129271|129271|0|193082|193082|0|246966|246966|
1000009526|12014|2106|14120|24754|6006|30760|32417|12459|44876|42159|12188|54347|3507|5366|8873|5332|6888|12220|8693|12010|20703|15003|16077|31080|3822|978|4800|7416|2491|9907|12887|4314|17201|18537|4451|22988|308|1459|1767|2241|7658|9899|5519|12210|17729|9374|17818|27192|3454|3940|7394|6566|8679|15245|10292|14208|24500|18142|19823|37965|
1000009670||||||||||||||||||||||||||||||||||0|86314|86314||||||||||0|121784|121784|||||||||||||
1000009984||||||||||0|2050|2050|||||||||||||||||||||||||||||||||||||||||||||||||
1000010355||||||||||0|2442|2442||||||||||0|2664|2664|||||||||||||||||||||||||||||||||||||
1000010446||||||||||0|5327|5327||||||||||0|7521|7521||||||||||0|5842|5842|||||||||||||||||||||||||
1000010679||||||||||0|11810|11810||||||||||0|10982|10982||||||||||0|5087|5087|||||||||||||||||||||||||
1000010752||||||||||||||||||||||0|3625|3625||||||||||||||||||||||0|4340|4340||||||||||0|4360|4360|
1000010775||||||||||0|12391|12391||||||||||0|11416|11416|||||||||||||||||||||||||||||||||||||
1000010778||||||||||||||||||||||||||||||||||0|13224|13224|||||||||||||||||||||||||
1000010973||||||||||0|654|654||||||||||0|935|935|||||||||||||||||||||||||||||||||||||
1000011012||||||||||||||||||||||0|8798|8798|||||||||||||||||||||||||||||||||||||
1000011239||||||||||0|1726|1726||||||||||0|1859|1859||||||||||0|2011|2011|||||||||||||||||||||||||
1000011357||||||||||0|7273|7273||||||||||0|4153|4153|||||||||||||||||||||||||||||||||||||
1000011509||||||||||0|5354|5354||||||||||0|5513|5513||||||||||0|5465|5465|||||||||||||||||||||||||
1000011556||||||||||||||||||||||0|22281|22281||||||||||0|29008|29008||||||||||||||||||||||0|20561|20561|
1000011638|9969|2694|12663|22657|6787|29444|33637|9437|43074|45226|13555|58781|11966|2711|14677|26782|5252|32034|44665|6511|51176|60287|8655|68942|19008|2157|21165|36271|4567|40838|55065|6715|61780|74400|8700|83100|20663|1840|22503|43880|3950|47830|64951|6028|70979|85965|8070|94035|25350|2349|27699|47737|5438|53175|68856|7853|76709|91345|11607|102952|
1000012043||||||||||0|8447|8447||||||||||0|6089|6089||||||||||0|7878|7878||||||||||||||||||||||0|8579|8579|
1000012191||||||||||0|5605|5605||||||||||0|5312|5312||||||||||0|7875|7875|||||||||||||||||||||||||
1000012409||||||||||0|5229|5229|||||||||||||||||||||||||||||||||||||||||||||||||
1000012713||||||||||||||||||||||||||||||||||||||||||||||||||||||||||0|3418|3418|
1000012845||||||||||||||||||||||||||||||||||||||||||||||0|8240|8240||||||||||0|9892|9892|
1000012859||||||||||0|147634|147634||||||||||1126|122147|123273||||||||||474|123548|124022||||||||||248|118512|118760||||||||||0|132533|132533|
1000013001||||||||||||||||||||||0|2478|2478||||||||||0|3357|3357|||||||||||||||||||||||||
1000014143||||||||||||||||||||||0|2400|2400|||||||||||||||||||||||||||||||||||||
1000014288||||||||||0|2740|2740|||||||||||||||||||||||||||||||||||||||||||||||||
1000014427||||||||||||||||||||||||||||||||||0|27700|27700||||||||||0|27317|27317|||||||||||||
1000014507||||||||||||||||||||||||||||||||||||||||||||||||||||||||||0|100795|100795|
1000014571||||||||||||||||||||||||||||||||||||||||||||||||||||||||||0|130199|130199|
1000014608||||||||||0|8074|8074||||||||||0|10065|10065|||||||||||||||||||||||||||||||||||||
1000014620||||||||||||||||||||||||||||||||||||||||||||||||||||||||||0|4431|4431|
1000014655||||||||||||||||||||||0|0|0||||||||||0|1563|1563|||||||||||||||||||||||||
1000014674||||||||||4953|2078|7031||||||||||6189|2542|8731||||||||||5473|2875|8348||||||||||5645|2602|8247||||||||||5359|2458|7817|
1000014677||||||||||||||||||||||||||||||||||||||||||||||||||||||||||0|22630|22630|
1000014832||||||||||0|19186|19186||||||||||0|18701|18701||||||||||0|16016|16016||||||||||0|17735|17735||||||||||0|16948|16948|
1000014867||||||||||||||||||||||0|22877|22877||||||||||0|5000|5000||||||||||0|32890|32890|||||||||||||
1000015185||||||||||0|1736|1736|||||||||||||||||||||||||||||||||||||||||||||||||
1000015199||||||||||0|1940|1940||||||||||0|2049|2049||||||||||0|2389|2389|||||||||||||||||||||||||
1000015423|0|255668|255668|0|530684|530684|0|800412|800412|0|1107708|1107708|0|318274|318274|0|635680|635680|0|1049702|1049702|0|1515242|1515242|0|436685|436685|0|903229|903229|0|1297951|1297951|0|1738905|1738905|0|401634|401634|0|799254|799254|0|1184007|1184007|0|1573818|1573818|0|0|0|0|758506|758506|0|1201843|1201843|0|1619155|1619155|
1000015426||||||||||0|0|0||||||||||0|814687|814687||||||||||0|926039|926039|||||||||||||||||||||||||
1000015443||||||||||0|2655|2655|||||||||||||||||||||||||||||||||||||||||||||||||
1000015480||||||||||||||||||||||||||||||||||||||||||||||||||||||||||0|95956|95956|
1000015507||||||||||||||||||||||||||||||||||||||||||||||0|4129|4129|||||||||||||
1000015508||||||||||0|18952|18952||||||||||0|19473|19473||||||||||0|24816|24816||||||||||0|17518|17518||||||||||0|15431|15431|
1000015665||||||||||||||||||||||||||||||||||||||||||||||0|15596|15596|||||||||||||
1000015690||||||||||0|7622|7622||||||||||||||||||||||0|6127|6127||||||||||0|6377|6377|||||||||||||
1000015828||||||||||0|7805|7805||||||||||0|9546|9546||||||||||0|11084|11084|||||||||||||||||||||||||
1000015829||||||||||||||||||||||||||||||||||0|3500|3500|||||||||||||||||||||||||
1000015844||||||||||0|6226|6226||||||||||0|6724|6724||||||||||0|6017|6017||||||||||0|4435|4435|||||||||||||
1000016020|0|17103|17103|0|36522|36522|0|55633|55633|0|75742|75742|0|19309|19309|0|40307|40307|0|64192|64192|0|88476|88476|0|22339|22339|0|45524|45524|0|66866|66866|0|92576|92576|0|26532|26532|0|52881|52881|0|76859|76859|0|102959|102959|0|25380|25380|0|57488|57488|0|89395|89395|0|121771|121771|
1000016025|0|57348|57348|0|109158|109158|0|150518|150518|0|203398|203398|14360|45560|59920|27771|99617|127388|42394|158071|200465|63609|210598|274207|17441|70522|87963|36628|142854|179482|57647|211231|268878|77510|279928|357438|23538|70136|93674|49092|144475|193567|77955|215341|293296|101370|275993|377363|28584|74739|103323|57970|148638|206608|83863|219604|303467|111527|314654|426181|
1000016098||||||||||0|39330|39330||||||||||0|65231|65231||||||||||0|134953|134953||||||||||0|93190|93190||||||||||0|70021|70021|
1000016175|13000|71685|84685|5676|36040|41716|8810|50628|59438|12180|68216|80396|2667|15850|18517|5373|35344|40717|8802|51214|60016|11530|69814|81344|3764|14089|17853|5891|32883|38774|8552|48529|57081|11563|67933|79496|2610|16103|18713|5673|36346|42019|7988|51808|59796|10036|70386|80422|2553|14868|17421|5101|33493|38594|7263|50817|58080|11563|67933|79496|
1000016190||||||||||0|10216|10216||||||||||0|9732|9732||||||||||0|11289|11289||||||||||0|11554|11554||||||||||0|12109|12109|
1000016207||||||||||0|89177|89177||||||||||0|121|121||||||||||0|131680|131680||||||||||0|135750|135750||||||||||0|144856|144856|
1000016250||||||||||0|109333|109333||||||||||0|142908|142908||||||||||0|153447|153447||||||||||0|136335|136335||||||||||0|121033|121033|
1000016264||||||||||0|87022|87022||||||||||0|138277|138277||||||||||0|139846|139846||||||||||0|172569|172569||||||||||0|174923|174923|
1000016462||||||||||||||||||||||||||||||||||0|3360|3360|||||||||||||||||||||||||
1000016784||||||||||||||||||||||||||||||||||||||||||||||0|1355|1355|||||||||||||
1000016881|0|27553|27553|0|56003|56003|0|120018|120018|0|213246|213246|0|112461|112461|0|262582|262582|0|471734|471734|0|605448|605448|0|150626|150626|0|324340|324340|0|514810|514810|0|708108|708108|0|232706|232706|0|477982|477982|0|707082|707082|0|934746|934746|0|285607|285607|0|592071|592071|0|899735|899735|0|1256302|1256302|
1000016948||||||||||0|181865|181865|||||||||||||||||||||||||||||||||||||||||||||||||
1000016951||||0|91408|91408||||||||||0|97460|97460||||||||||0|96548|96548||||||||||0|90012|90012||||||||||0|91806|91806|||||||
1000016956||||233718|359919|593637|375819|538743|914562||||103682|197439|301121|209274|435191|644465|321342|667641|988983|455816|854235|1310051|97404|214192|311596|198928|396519|595447|133073|303665|436738|221380|382832|604212|49831|78853|128684|103131|165292|268423|165354|257791|423145|244477|357744|602221|72106|91870|163976|150471|189417|339888|249338|292014|541352|0|781197|781197|
1000017021||||||||||0|2154|2154||||||||||0|3198|3198||||||||||0|4204|4204|||||||||||||||||||||||||
1000017066|0|8563|8563|0|15370|15370|0|21924|21924|0|31463|31463|0|5293|5293|0|14691|14691|0|21567|21567|0|30720|30720|0|6571|6571|0|14556|14556|0|22180|22180|0|29709|29709|0|9562|9562|0|15969|15969|0|23986|23986|0|32967|32967|0|6311|6311|0|12876|12876|0|19180|19180|0|27747|27747|
1000017144||||||||||||||||||||||0|4381|4381|||||||||||||||||||||||||||||||||||||
1000017321||||||||||0|2|2|||||||||||||||||||||||||||||||||||||||||||||||||
1000017337||||||||||0|1686|1686||||||||||0|1932|1932||||||||||0|776|776|||||||||||||||||||||||||
1000017426||||||||||0|6291|6291||||||||||0|6682|6682||||||||||0|8030|8030||||||||||0|9291|9291||||||||||0|4564|4564|
1000018219||||||||||0|93460|93460|||||||||||||||||||||||||||||||||||||||||||||||||
1000018234||||||||||||||||||||||0|232497|232497|0|59366|59366|0|123262|123262|0|169359|169359|0|220982|220982|0|60373|60373|0|125772|125772|0|183918|183918|0|250764|250764|0|62199|62199|0|135326|135326|0|200495|200495|0|259465|259465|
1000018329|0|31180|31180|39912|23408|63320|59116|33850|92966|83340|49299|132639|23505|11263|34768|46788|25015|71803|71542|37732|109274|99391|56660|156051|29053|13013|42066|59981|27546|87527|87517|41103|128620|113011|56884|169895|29018|14325|43343|55497|29375|84872|80505|42257|122762|107363|63725|171088|25251|16700|41951|52481|35659|88140|81962|51332|133294|111670|77770|189440|
1000018442||||||||||||||||||||||||||||||||||||||||||||||0|31076|31076|||||||||||||
1000018448||||||||||||||||||||||||||||||||||||||||||||||||||||||||||0|110914|110914|
1000018463||||||||||0|1300|1300||||||||||0|1221|1221||||||||||0|868|868|||||||||||||||||||||||||
1000018498|66734|194943|261677|143173|398626|541799|231772|617386|849158||||||||||||||||||||||||||||||||||||||||||||||||||||
1000018537||||||||||0|19244|19244||||||||||0|26052|26052||||||||||||||||||||||0|45012|45012|||||||||||||
1000018584||||||||||0|3134|3134|||||||||||||||||||||||||||||||||||||||||||||||||
1000018923||||||||||0|392278|392278||||||||||0|323381|323381||||||||||0|614759|614759|||||||||||||||||||||||||
1000019120||||||||||||||||||||||||||||||||||||||||||||||||||||||||||0|6421|6421|
1000019236||||||||||||||||||||||||||||0|3320|3320|||||||||||||||||||||||||||||||
1000019238||||||||||||||||||||||||||||||||||0|2150|2150|||||||||||||||||||||||||
1000019479||||||||||||||||0|5881|5881|||||||||||||||||||||||||||||||||||||||||||
1000019740||||||||||0|36825|36825||||||||||0|81072|81072||||||||||0|99987|99987||||||||||0|90804|90804||||||||||0|131700|131700|
1000019746||||||||||0|15234|15234|||||||||||||||||||||||||||||||||||||||||||||||||
1000019865||||||||||||||||||||||||||||||||||||||||||||||0|23666|23666||||||||||0|26425|26425|
1000019911||||||||||0|3850|3850|||||||||||||||||||||||||||||||||||||||||||||||||
1000019954||||||||||0|0|0||||||||||0|0|0||||||||||||||||||||||0|0|0|||||||||||||
1000020188||||||||||||||||||||||||||||||||||||||||||||||||||||||||||0|79871|79871|
1000020250|0|16195|16195|0|31370|31370|0|40971|40971|0|52955|52955|0|12105|12105|0|26196|26196|0|42224|42224|0|58258|58258|0|19625|19625|0|38164|38164|0|55058|55058|0|67116|67116|0|18996|18996|0|36981|36981|0|52451|52451|0|64864|64864|0|19989|19989|0|37766|37766|0|57696|57696|0|80190|80190|
1000020479||||||||||0|13760|13760||||||||||0|9839|9839||||||||||0|9839|9839|||||||||||||||||||||||||
1000020533||||||||||0|6269|6269|||||||||||||||||||||||||||||||||||||||||||||||||
1000020840||||||||||0|2873|2873||||||||||0|9017|9017||||||||||0|9202|9202||||||||||||||||||||||0|9108|9108|
1000021342||||||||||||||||||||||0|109023|109023||||||||||0|152837|152837|||||||||||||||||||||||||
1000021510||||||||||0|5294|5294|||||||||||||||||||||||||||||||||||||||||||||||||
1000021637||||||||||||||||||||||||||||||||||||||||||||||||||||||||||0|4144|4144|
1000021882||||||||||||||||||||||||||||||||||||||||||||||0|6456|6456||||||||||0|2897|2897|
1000022086||||||||||0|167864|167864||||||||||0|244312|244312|||||||||||||||||||||||||||||||||||||
1000022260||||||||||||||||||||||||||||||||||||||||||||||||||||||||||0|5449|5449|
1000022407||||||||||||||||||||||||||||||||||||||||||||||0|805|805|||||||||||||
1000022826||||||||||||||||||||||||||||||||||||||||||||||0|13183|13183||||||||||0|9122|9122|
1000022838||||||||||0|2610|2610||||||||||0|2610|2610||||||||||0|2021|2021|||||||||||||||||||||||||
1000022844||||||||||||||||||||||||||||||||||0|1528|1528|||||||||||||||||||||||||
1000022995||||||||||0|1000|1000||||||||||0|1000|1000|||||||||||||||||||||||||||||||||||||
1000023083||||||||||||||||||||||||||||||||||0|4870|4870|||||||||||||||||||||||||
1000023156||||||||||||||||||||||||||||||||||||||||||||||0|40451|40451|||||||||||||
1000023328||||||||||||||||||||||||||||||||||0|37800|37800|||||||||||||||||||||||||
1000023528||||||||||0|12700|12700||||||||||||||||||||||0|8100|8100||||||||||0|12900|12900||||||||||0|12900|12900|
1000023637||||||||||0|390|390||||||||||0|950|950||||||||||||||||||||||0|645|645|||||||||||||
1000023763||||||||||||||||||||||||||||||||||0|3435|3435||||||||||0|4115|4115|||||||||||||
1000023778||||||||||||||||||||||0|4635|4635|||||||||||||||||||||||||||||||||||||
1000023981||||||||||0|350|350||||||||||0|3216|3216||||||||||0|3777|3777|||||||||||||||||||||||||
1000024294|||||||||||||||||||||||||0|3123|3123|0|5404|5404|0|8969|8969|0|12423|12423|0|2699|2699|0|5263|5263|0|8081|8081|0|10972|10972|0|2986|2986|0|6001|6001|0|9111|9111||||
1000013152||||||||||0|2285|2285||||||||||0|2133|2133|||||||||||||||||||||||||||||||||||||
1000025984||||||||||||||||||||||||||||||||||||||||||||||||||||||||||0|26796|26796|
1000026506||||||||||0|60235|60235||||||||||0|63251|63251||||||||||0|76482|76482||||||||||0|94436|94436||||||||||0|95474|95474|
1000026510||||||||||0|29200|29200|||||||||||||||||||||||||||||||||||||||||||||||||
1000026120||||||||||||||||||||||||||||||||||0|3824|3824|||||||||||||||||||||||||
1000025930|74602|21444|96046|163554|40891|204445|283267|61914|345181|404619|82674|487293|108752|22276|131028|230639|43260|273899|348333|58849|407182|416837|72516|489353|68821|12302|81123|174171|27308|201479|258940|44466|303406|330906|56097|387003|90318|11881|102199|195649|22281|217930|287350|31301|318651|381681|41128|422809|102679|10437|113116|205318|19218|224536|309014|28237|337251|402329|37305|439634|
1000026155||||||||||0|3500|3500|||||||||||||||||||||||||||||||||||||||||||||||||
1000026774||||||||||0|1614|1614|||||||||||||||||||||||||||||||||||||||||||||||||
1000005406||||||||||0|33095|33095||||||||||0|35009|35009|||||||||||||||||||||||||||||||||||||
1000024856||||||||||||||||||||||0|9649|9649||||||||||0|10426|10426|||||||||||||||||||||||||
1000024941||||||||||||||||||||||||||||||||||||||||||||||0|2467|2467||||||||||0|2507|2507|
1000006765||||||||||||||||||||||||||||||||||||||||||||||0|3700|3700|||||||||||||
1000007032||||||||||||||||||||||0|4865|4865|||||||||||||||||||||||||||||||||||||
1000016400||||||||||||||||||||||0|9718|9718|||||||||||||||||||||||||||||||||||||
1000025611||||||||||||||||||||||0|1700|1700||||||||||0|3600|3600|||||||||||||||||||||||||
1000024900||||||||||0|2175|2175|||||||||||||||||||||||||||||||||||||||||||||||||
1000024924|20762|22107|42869|44977|42113|87090|67578|60485|128063|93252|85703|178955|28217|21692|49909|57730|46840|104570|84147|78719|162866|125755|100198|225953|35145|23205|58350|71649|47012|118661|104271|70115|174386|142693|92899|235592|44261|19702|63963|93486|42240|135726|137767|63603|201370|183088|87305|270393|50717|31563|82280|142693|107610|250303|161610|98434|260044|142693|133070|275763|
1000026706||||||||||||||||||||||0|15000|15000|||||||||||||||||||||||||||||||||||||
1000025459||||||||||||||||||||||0|5402|5402|||||||||||||||||||||||||||||||||||||
1000000008|0|116027|116027|0|229044|229044|0|340973|340973|161078|392265|553343|41878|108268|150146|88796|218165|306961|136374|345371|481745|0|569502|569502|0|154544|154544|0|308590|308590|141060|404199|545259|191990|537275|729265|51928|136320|188248|103124|275162|378286|148999|406008|555007|0|620021|620021|49748|131119|180867|97731|267986|365717|146501|402584|549085|190899|532636|723535|
1000000010|285236|614237|899473|364474|835429|1199903|126900|160376|287276|228344|514891|743235|327630|724052|1051682|437816|1027995|1465811|129877|225159|355036|205703|626093|831796|279331|862837|1142168|365564|1177013|1542577|106214|213750|319964|180291|614824|795115|245397|842921|1088318|329880|1177989|1507869|105930|207874|313804|180025|614943|794968|251516|840001|1091517|324742|1152230|1476972|81889|207181|289070|139482|588938|728420|
1000000014||||8369|82076|90445|13471|126050|139521|18118|173000|191118|4672|49689|54361|10846|99587|110433|16281|151907|168188|23220|209505|232725|7023|56057|63080|13240|107141|120381|19657|158888|178545|24719|208804|233523|6269|53465|59734|12890|105962|118852|19833|161927|181760|25954|219274|245228|6311|58251|64562|12438|118334|130772|18969|181637|200606|25003|247135|272138|
1000029501||||||||||||||||||||||||||||||||||0|20150|20150||||||||||0|17000|17000|||||||||||||
1000029300||||||||||||||||||||||0|64987|64987|||||||||||||||||||||||||||||||||||||
1000027418||||||||||||||||0|1705|1705||||0|2968|2968|||||||||||||||||||||||||||||||||||||
1000026834||||||||||||||||||||||||||||||||||||||||||||||0|5803|5803|||||||||||||
1000026154||||||||||||||||||||||0|5994|5994|||||||||||||||||||||||||||||||||||||
1000026397||||||||||0|11394|11394||||||||||0|6979|6979||||||||||0|3074|3074|||||||||||||||||||||||||
1000029585||||||||||||||||||||||||||||||||||||||||||||||0|10532|10532|||||||||||||
1000031011||||||||||||||||||||||0|0|0||||||||||||||||||||||0|0|0||||||||||0|0|0|
1000029972|||||||0|968|968|||||||||||||0|934|934||||||||||0|1310|1310|||||||||||||||||||||||||
1000027323||||||||||||||||||||||0|1224|1224|||||||||||||||||||||||||||||||||||||
1000028197||||||||||||||||||||||||||||||||||0|2072|2072||||||||||0|2752|2752|||||||||||||
1000029995||||0|3326|3326||||0|41069|41069||||||||||0|93166|93166|||||||||||||||||||||||||||||||||||||
1000029112||||||||||||||||||||||||||||||||||0|4030|4030|||||||||||||||||||||||||
1000027590||||||||||||||||||||||0|18482|18482||||||||||0|37510|37510|||||||||||||||||||||||||
1000030567|0|63208|63208|0|218079|218079|0|354396|354396|0|505758|505758|0|146492|146492|0|309473|309473|0|475136|475136|0|657928|657928|0|174453|174453|0|362069|362069|0|534947|534947|0|680652|680652|0|169838|169838|0|359301|359301|0|521540|521540|0|707131|707131|0|173229|173229|0|354865|354865|0|529535|529535|0|714560|714560|
1000028251||||||||||0|8855|8855||||||||||||||||||||||0|8855|8855|||||||||||||||||||||||||
1000001340||||||||||0|2221|2221|||||||||||||||||||||||||||||||||||||||||||||||||
1000005102||||||||||0|5802|5802||||||||||0|4284|4284||||||||||0|2161|2161|||||||||||||||||||||||||
1000001248||||||||||28953|15157|44110||||||||||81034|16169|97203||||||||||62926|17626|80552||||||||||49268|26892|76160|13491|6778|20269|25279|11461|36740|44807|15458|60265|62794|19093|81887|
1000005165||||||||||0|10684|10684||||||||||0|13914|13914||||||||||0|13187|13187||||||||||0|10007|10007|||||||||||||
1000030481||||||||||||||||||||||||||||||||||0|180|180|||||||||||||||||||||||||
1000027277||||||||||0|5013|5013|||||||||||||||||||||||||||||||||||||||||||||||||
1000031191||||||||||||||||||||||0|1992|1992||||||||||0|1985|1985|||||||||||||||||||||||||
1000011477||||||||||||||||||||||0|1083|1083|||||||||||||||||||||||||||||||||||||
1000006501||||||||||0|8840|8840|||||||||||||||||||||||||||||||||||||||||||||||||
1000031669||||||||||||||||||||||||||||||||||0|600|600|||||||||||||||||||||||||
1000011709||||||||||0|1239|1239|||||||||||||||||||||||||||||||||||||||||||||||||
1000011846|||||||||||||0|5073|5073|||||||||||||||||||0|6086|6086|||||||||||||||||||||||||
1000011605||||||||||0|11090|11090||||||||||0|15023|15023||||||||||0|14049|14049|||||||||||||||||||||||||
1000011810||||||||||||||||||||||||||||||||||||||||||||||||||||||||||0|12042|12042|
1000025632||||||||||||||||||||||||||||||||||0|8655|8655|||||||||||||||||||||||||
1000029332||||||||||0|5500|5500||||||||||0|7800|7800||||||||||0|7800|7800||||||||||0|7800|7800||||||||||0|7800|7800|
1000030802||||||||||||||||||||||||||||||||||||||||||||||0|2504|2504|||||||||||||
1000007626||||||||||0|70264|70264||||||||||0|67928|67928||||||||||0|96837|96837||||||||||0|89015|89015||||||||||0|69228|69228|
1000006822||||||||||0|6438|6438||||||||||0|7350|7350||||||||||0|6995|6995||||||||||0|6125|6125||||||||||0|4421|4421|
1000008171||||||||||||||||||||||||||||||||||0|3457|3457|||||||||||||||||||||||||
1000007584||||||||||0|36649|36649|||||||||||||||||||||||||||||||||||||||||||||||||
1000007098||||||||||||||||||||||0|37398|37398||||||||||0|35163|35163||||||||||0|53344|53344||||||||||0|39939|39939|
1000009559||||||||||0|53914|53914|||||||||||||||||||||||||||||||||||||||||||||||||
1000008018||||||||||0|129352|129352||||||||||0|150906|150906||||||||||0|162398|162398||||||||||||||||||||||0|195661|195661|
1000008519||||||||||||||||||||||||||||||||||0|43528|43528|||||||||||||||||||||||||
1000031687||||||||||0|1419000|1419000|||||||||||||||||||||||||||||||||||||||||||||||||
1000007839||||||||||0|475|475||||||||||0|51|51|||||||||||||||||||||||||||||||||||||
1000010500||||||||||||||||||||||||||||||||||||||||7680|16032|23712|9286|23567|32853|12521|32619|45140|6206|6766|12972|12221|17478|29699|20137|22968|43105|14052|52479|66531|
1000028664||||||||||||||||||||||0|14632|14632|||||||||||||||||||||||||||||||||||||
1000010195|5002|1492|6494|9913|3469|13382|16158|4794|20952|23437|7254|30691|8161|1572|9733|17495|3766|21261|27346|5874|33220|37215|9069|46284|8115|2775|10890|19034|6499|25533|29631|9873|39504|42799|13407|56206|9323|3736|13059|19157|7172|26329|||||||||||||||||||
1000010318||||||||||||||||||||||||||||||||||0|36865|36865|||||||||||||||||||||||||
1000010060||||||||||||||||||||||0|144469|144469|||||||||||||||||||||||||||||||||||||
1000010271||||||||||0|0|0||||||||||0|13993|13993||||||||||0|16024|16024|||||||||||||||||||||||||
1000029800||||||||||||||||||||||0|1917|1917|||||||||||||||||||||||||||||||||||||
1000026625||||||||||0|11745|11745||||||||||0|9151|9151|||||||||||||||||||||||||||||||||||||
1000028504|13734|10610|24344|27270|23131|50401|44890|35642|80532|70756|43451|114207|25467|11672|37139|55131|23370|78501|86203|31460|117663|114887|38974|153861|21190|6851|28041|43897|15677|59574|65646|24927|90573|92019|34070|126089|31651|1481|33132|64308|2835|67143|89080|4523|93603|110551|8711|119262|25862|3116|28978|55834|5695|61529|81435|7827|89262|103894|10196|114090|
1000000023|264618|41554|306172|571132|85944|657076|914016|134375|1048391|1310921|179699|1490620|388134|73900|462034|642574|166121|808695|940361|260755|1201116|1300456|346936|1647392|324507|87501|412008|619306|171109|790415|1002402|229797|1232199|1035146|267533|1302679|228610|39485|268095|474498|76063|550561|765723|109306|875029|1048990|150493|1199483|302835|34918|337753|559659|71668|631327|834195|128761|962956|1060166|192259|1252425|
1000000064|0|96966|96966|0|190997|190997|0|287171|287171|0|413644|413644|0|114057|114057|0|231527|231527|0|348295|348295|0|467211|467211|0|108040|108040|0|209028|209028|0|315329|315329|0|443135|443135|0|104518|104518|0|208578|208578|0|495505|495505|0|791640|791640|0|276620|276620|0|555186|555186|0|832201|832201|0|1098307|1098307|
1000000067|72442|65534|137976|148000|137991|285991|221353|214220|435573|303009|302785|605794|86215|91169|177384|167127|185983|353110|252822|273912|526734|327522|358333|685855|64395|83314|147709|124677|158378|283055|182193|244246|426439|234369|323424|557793|48085|70249|118334|98534|143061|241595|147542|211358|358900|199961|286584|486545|54553|72243|126796|139034|161817|300851|154790|209370|364160|192923|276675|469598|
1000000092||||449001|750412|1199413|691203|1762326|2453529|688789|2095745|2784534|254842|677870|932712|531725|1545190|2076915|782038|2463571|3245609|1064225|3154400|4218625|201676|1008126|1209802|472439|1884838|2357277|698276|2879563|3577839|1078386|3619418|4697804|222147|1071457|1293604|458010|3116368|3574378|648927|4656271|5305198|1094837|6133787|7228624|219698|1338201|1557899|459023|2479147|2938170|710825|2430641|3141466|918390|3359706|4278096|
1000000113|148510|387323|535833|325562|822667|1148229|511470|1266516|1777986|680058|1749269|2429327|230351|483676|714027|504333|917444|1421777|823867|1579868|2403735|1195786|2227555|3423341||||813988|1276382|2090370|1282254|1712855|2995109|1544488|2191881|3736369|525920|475868|1001788|1055900|930748|1986648|1455422|1430378|2885800|2044859|1860210|3905069|570678|345908|916586|1104632|798390|1903022|1777571|1342673|3120244|2552738|1750899|4303637|
1000000156|0|137348|137348|0|278432|278432|0|422254|422254|0|578744|578744|0|160738|160738|0|321781|321781|0|473909|473909|0|606453|606453|0|130606|130606|0|260248|260248|0|385847|385847|0|514854|514854|0|132779|132779|0|262467|262467|0|401899|401899|0|537050|537050|0|130758|130758|0|254296|254296|0|385645|385645|0|508201|508201|
1000000173|0|415955|415955|0|838719|838719|0|1233538|1233538|0|1898388|1898388|0|620449|620449|0|1289677|1289677|0|653798|653798|0|2823334|2823334|0|741859|741859|0|1548118|1548118|0|2348617|2348617|0|3024051|3024051|0|186765|186765|0|1165553|1165553|0|1706987|1706987|0|2354993|2354993|0|618479|618479|0|1236938|1236938|0|1835880|1835880|0|2460688|2460688|
1000000178|0|123326|123326|83864|152911|236775|125669|240894|366563|81422|430552|511974|25811|93464|119275|36359|213307|249666|95849|287847|383696|78628|453650|532278|18548|112858|131406|80243|184097|264340|660|211672|212332|0|33055|33055|0|9145|9145|0|18090|18090|0|25239|25239|0|28894|28894|0|8782|8782|0|14678|14678|0|23247|23247|0|40171|40171|
1000000199|3902|77210|81112|5543|151851|157394|6881|229635|236516|7119|321763|328882|643|81921|82564|3124|158934|162058|7859|255525|263384|8039|361086|369125|71|87419|87490|1428|178594|180022|2235|283798|286033|4280|387258|391538|2673|94220|96893|3319|187070|190389|6896|287993|294889|7112|393583|400695|308|102653|102961|1092|202617|203709|2494|310829|313323|9849|407516|417365|
1000000207|63751|67525|131276|126411|152362|278773|188369|230119|418488|272776|309653|582429|68284|77624|145908|136302|143453|279755|175226|199206|374432|197457|229730|427187|14532|33561|48093|21695|45016|66711|22163|48353|70516|24127|51467|75594|43|2486|2529|43|4104|4147|96|5592|5688|130|6942|7072|0|2335|2335|0|14895|14895|0|20074|20074|0|24637|24637|
1000000224|2223|283463|285686|2982|208448|211430|0|947304|947304|0|739033|739033|0|460066|460066|183450|652631|836081|395164|890750|1285914|0|1816815|1816815|0|499797|499797|0|905920|905920|0|1401992|1401992|0|1986297|1986297|0|508174|508174|0|899797|899797|0|1351013|1351013|0|1898300|1898300|0|505723|505723|482681|401750|884431|0|1358614|1358614|0|1933800|1933800|
1000000250|0|187752|187752|0|398473|398473|0|636797|636797|0|879418|879418|0|270717|270717|0|521948|521948|0|765393|765393|0|995440|995440|151839|44075|195914|317214|95997|413211|0|646142|646142|648974|185504|834478|0|215410|215410|342352|91402|433754|576174|125056|701230|759385|180151|939536|0|259545|259545|450136|89581|539717|695786|125074|820860|0|1092255|1092255|
1000000256||||||||||0|13169|13169||||||||||0|13198|13198||||||||||0|14038|14038|||||||||||||||||||||||||
1000000295||||||||||0|20904|20904||||||||||0|48473|48473||||||||||0|25414|25414|||||||||||||||||||||||||
1000000306||||||||||||||||||||||||||||||||||||||||||||||||||||13439|3976466|3989905|19298|5941582|5960880|25180|7958369|7983549|
1000000316||||||||||||||||||||||||||||||||||0|12404|12404|||||||||||||||||||||||||
1000000476|1007|8837|9844|2302|17876|20178|3043|26419|29462|4224|36213|40437|1118|9733|10851|2510|20149|22659|4555|28492|33047|6581|36959|43540|1788|9401|11189|3454|18792|22246|4805|27846|32651|6621|36173|42794|1079|9508|10587|1988|19555|21543|3289|28138|31427|5343|36374|41717|685|10043|10728|1981|19773|21754|2839|29381|32220|4405|38918|43323|
1000000559|0|1492197|1492197|0|2573799|2573799|0|3930318|3930318|0|6086980|6086980|0|2004862|2004862|0|4482203|4482203|0|7229848|7229848|0|9210610|9210610|0|3150650|3150650|0|5447782|5447782|0|7623387|7623387|0|9855142|9855142|0|108965|108965|0|5089614|5089614|0|341166|341166|0|463318|463318|0|122214|122214|0|246778|246778|0|11808445|11808445|0|17495004|17495004|
1000000600|86507|667946|754453|184696|1420970|1605666|293694|2336380|2630074|513814|3629326|4143140|98905|786118|885023|310612|1724106|2034718|482950|2719436|3202386|729650|4240001|4969651|156371|892607|1048978|400558|2020984|2421542|630685|3068174|3698859|1043242|4562058|5605300|192406|877992|1070398|554116|1965928|2520044|711100|3247322|3958422|1309268|4673359|5982627|269745|941636|1211381|622470|2049070|2671540|961578|3232304|4193882|1362310|4767232|6129542|
1000000604|219712|369676|589388|480457|752220|1232677|751584|1163728|1915312|1044759|1623506|2668265|318586|411078|729664|639029|969451|1608480|1031705|1415721|2447426|1446577|1930492|3377069|458729|517058|975787|1070759|1106785|2177544|1548230|1651875|3200105|2020609|2209874|4230483|504265|534374|1038639|1093836|1077241|2171077|1593470|1598821|3192291|2334549|2217287|4551836|489299|542786|1032085|1098120|1127008|2225128|1732869|1708553|3441422|2492165|2473635|4965800|
1000000612||||||||||0|52661|52661||||||||||0|86098|86098||||||||||0|57796|57796||||||||||0|61402|61402||||||||||0|48739|48739|
1000000624||||||||||0|15880|15880||||||||||0|16400|16400||||||||||0|13378|13378||||||||||0|17000|17000||||||||||0|14957|14957|
1000000666||||||||||0|53189|53189||||||||||0|61397|61397||||||||||0|61374|61374|||||||||||||||||||||||||
1000000675|0|735616|735616|0|1553545|1553545|0|2415378|2415378|0|3282449|3282449|0|947304|947304|0|1947616|1947616|0|2980231|2980231|0|3998309|3998309||||0|1805428|1805428|0|2705760|2705760|0|3614145|3614145||||0|1780661|1780661|0|2681706|2681706|0|3573334|3573334|0|827201|827201|0|1656437|1656437|0|2533359|2533359|0|3401497|3401497|
1000000685||||||||||0|27994|27994||||||||||0|33469|33469||||||||||0|43809|43809||||||||||0|48407|48407||||||||||0|46492|46492|
1000000714||||||||||||||||||||||0|33494|33494||||||||||0|34570|34570|||||||||||||||||||||||||
1000000784||||||||||||||||||||||0|381447|381447||||||||||0|413893|413893||||||||||0|380181|380181||||||||||0|420870|420870|
1000000869|0|21810|21810|0|42066|42066|0|58937|58937|0|75951|75951|0|14707|14707|0|29248|29248|0|42940|42940|0|56009|56009|0|13078|13078|0|25769|25769|0|37706|37706|0|49119|49119|0|12046|12046|0|23063|23063|0|34160|34160|0|45603|45603|0|10960|10960|0|21887|21887|0|32648|32648|0|43383|43383|
1000000928|0|1595244|1595244|0|333219|333219|0|4278976|4278976|0|6580054|6580054|0|2158801|2158801|0|4787557|4787557|0|7647763|7647763|0|9747211|9747211|0|3268898|3268898|0|5677238|5677238|0|7979939|7979939|0|10334025|10334025|0|2850320|2850320|0|5339017|5339017|0|8264700|8264700|0|12136123|12136123|0|3876536|3876536|0|8605515|8605515|0|12204869|12204869|0|18051961|18051961|
1000000973||||||||||||||||||||||||||||||||||||||||||||||0|7880|7880||||||||||0|7477|7477|
1000000979||||||||||||||||||||||||||||||||||||||||||||||0|47882|47882|||||||||||||
1000001054||||||||||0|23487|23487||||||||||0|28318|28318||||||||||0|36272|36272||||||||||||||||||||||0|32111|32111|
1000001197||||||||||||||||||||||0|52502|52502||||||||||0|64982|64982|||||||||||||||||||||||||
1000001263||||||||||0|32010|32010|||||||||||||||||||||||||||||||||||||||||||||||||
1000001272||||||||||||||||||||||0|9154|9154|||||||||||||||||||||||||||||||||||||
1000001450|0|66095|66095|0|134036|134036|0|202496|202496|0|285550|285550|0|71399|71399|0|145869|145869|0|217958|217958|0|294948|294948|0|70881|70881|0|145922|145922|0|224268|224268|0|295468|295468|0|68676|68676|0|136192|136192|0|204439|204439|0|260937|260937|0|56668|56668|0|113207|113207|0|169506|169506|0|225377|225377|
1000001460|0|0|0|0|87724|87724|0|121033|121033|0|180657|180657|0|43373|43373|0|89265|89265|0|131495|131495|0|160988|160988|0|40315|40315|0|88219|88219|0|128994|128994|0|171053|171053|0|42910|42910|0|88130|88130|0|133277|133277|0|143620|143620|0|34121|34121|0|69857|69857|0|107121|107121|0|143623|143623|
1000001520||||||||||0|19262|19262||||||||||0|17420|17420||||||||||0|14198|14198||||||||||0|16871|16871||||||||||0|14818|14818|
1000001523||||||||||0|204068|204068||||||||||0|234497|234497||||||||||0|259229|259229||||||||||0|277687|277687||||||||||0|287385|287385|
1000001524|0|350464|350464|0|790345|790345|0|1249210|1249210|0|1822194|1822194|0|427155|427155|0|917408|917408|0|1612951|1612951|0|2220752|2220752|0|546799|546799|0|1092554|1092554|0|1628529|1628529|0|2308571|2308571|0|763537|763537|0|1368220|1368220|0|2108517|2108517|0|3276340|3276340|0|907623|907623|0|1852974|1852974|0|2902171|2902171|0|4306936|4306936|
1000001585|||||||||||||||||||||||||||||||||||||||||||||||||||||||0|145311|145311|0|179288|179288|
1000001759|0|8421|8421|0|18987|18987|0|34375|34375|0|55056|55056|0|16922|16922|0|36008|36008|0|56293|56293|0|73866|73866|0|17032|17032|0|31333|31333|0|45391|45391|0|69712|69712|0|19748|19748|0|27129|27129|0|32731|32731|0|40733|40733|0|11129|11129|0|23619|23619|0|32322|32322|0|37309|37309|
1000001801|31309|11208|42517|69088|22106|91194|105575|32723|138298|146495|46643|193138|40469|13490|53959|89422|28207|117629|128985|43784|172769|177723|60205|237928|40384|14446|54830|79956|26191|106147|119533|38229|157762|168443|51807|220250|50177|10372|60549|94546|20228|114774|133827|29325|163152|184293|38604|222897|44530|9868|54398|97624|19478|117102|142485|28288|170773|199381|39954|239335|
1000001901||||||||||||||||||||||||||||||||||||||||||||||0|246999|246999|||||||||||||
1000001949||||||||||0|28127|28127||||||||||0|26039|26039||||||||||0|21600|21600|||||||||||||||||||||||||
1000002064||||||||||0|33564|33564||||||||||0|41047|41047||||||||||0|41347|41347||||||||||0|40549|40549||||||||||0|43212|43212|
1000002155|||||||||||||||||||||||||||||||||||||||||||||||||||||||11427|26011|37438|15760|35427|51187|
1000002166||||||||||0|26454|26454||||||||||||||||||||||||||||||||||0|23376|23376|||||||||||||
1000002203|6159572|3490460|9650032|12658075|8448099|21106174|19254747|12451278|31706025|26025781|16628941|42654722|6887856|4720215|11608071|14106742|9728169|23834911|22508489|15504085|38012574|31075375|20789513|51864888|8222692|6263574|14486266|16666247|12361540|29027787|23473752|18641231|42114983|31007239|24242546|55249785|5641749|5967683|11609432|12106676|11802429|23909105|18457794|18121708|36579502|25506506|23409598|48916104|6946053|5224962|12171015|11966256|11572607|23538863|16782106|17952927|34735033|21570470|24361697|45932167|
1000002315||||||||||0|23086|23086||||||||||0|30532|30532||||||||||0|25313|25313||||||||||0|30527|30527||||||||||0|20543|20543|
1000002388||||||||||||||||||||||||||||||||||0|9860|9860|||||||||||||||||||||||||
1000002512||||||||||||||||||||||0|2117154|2117154||||||||||0|2166704|2166704|||||||||||||||||||||||||
1000002561||||||||||||||||||||||||||||||||||||||||||||||0|62544|62544||||||||||0|76428|76428|
1000002570||||||||||||||||||||||||||||||||||0|3237|3237|||||||||||||||||||||||||
1000002944||||||||||0|2706|2706||||||||||0|2934|2934||||||||||0|3866|3866|||||||||||||||||||||||||
1000002947||||||||||0|6869|6869||||||||||0|8235|8235|||||||||||||||||||||||||||||||||||||
1000002989||||||||||0|14890|14890||||||||||0|16085|16085||||||||||0|16085|16085|||||||||||||||||||||||||
1000002995||||||||||||||||||||||0|6124|6124||||||||||0|4974|4974|||||||||||||||||||||||||
1000003011||||||||||0|2410|2410||||||||||0|2825|2825||||||||||0|3029|3029||||||||||0|4610|4610||||||||||0|3424|3424|
1000003033||||||||||0|5911|5911|||||||||||||||||||||||||||||||||||||||||||||||||
1000003070||||||||||||||||||||||0|25847|25847|||||||||||||||||||||||||||||||||||||
1000003100|14|75690|75704|0|1551791|1551791|0|2287656|2287656|0|3280884|3280884|0|742384|742384|0|1285210|1285210|0|1829117|1829117|0|2621054|2621054|0|604837|604837|0|1249232|1249232|0|1910186|1910186|0|2815|2815|0|910712|910712|0|2170516|2170516|0|3455402|3455402|0|4961847|4961847|0|1636570|1636570|0|2903312|2903312|0|4630564|4630564|0|8870845|8870845|
1000003147||||||||||0|286669|286669||||||||||0|328607|328607||||||||||0|488172|488172|||||||||||||||||||||||||
1000003185||||||||||0|1789|1789||||||||||0|2807|2807|||||||||||||||||||||||||||||||||||||
1000003351||||||||||0|6513|6513||||||||||||||||||||||0|13482|13482|||||||||||||||||||||||||
1000003529||||||||||0|4009|4009||||||||||||||||||||||||||||||||||0|8513|8513|||||||||||||
1000003533||||||||||0|11488|11488|||||||||||||||||||||||||||||||||||||||||||||||||
1000003570||||||||||0|17400|17400||||||||||0|16700|16700||||||||||0|16700|16700||||||||||0|17203|17203|||||||||||||
1000003592|0|462512|462512|0|581452|581452|0|1144245|1144245|0|1903858|1903858|0|922548|922548|0|1957874|1957874|0|2887701|2887701|0|3926680|3926680|0|1140954|1140954|0|2509176|2509176|0|3549247|3549247|0|4711099|4711099|0|1208799|1208799|0|2507298|2507298|0|3946820|3946820|0|5585104|5585104|0|1443429|1443429|0|3056942|3056942|0|4677389|4677389|0|6712971|6712971|
1000003625||||||||||0|11480|11480|||||||||||||||||||||||||||||||||||||||||||||||||
1000003645||||||||||0|2118|2118||||||||||0|3246|3246||||||||||0|4091|4091||||||||||0|4757|4757|||||||||||||
1000003707||||||||||0|596975|596975||||||||||0|625762|625762||||||||||0|666874|666874||||||||||0|672500|672500|||||||||||||
1000003797||||||||||0|9492|9492||||||||||0|10209|10209|||||||||||||||||||||||||||||||||||||
1000003920||||||||||||||||||||||0|4083|4083|||||||||||||||||||||||||||||||||||||
1000003930||||||||||0|5800|5800|||||||||||||||||||||||||||||||||||||||||||||||||
1000003955||||||||||0|290948|290948||||||||||0|415700|415700||||||||||||||||||||||0|307848|307848||||||||||0|285435|285435|
1000004078|17119|194024|211143|55124|363191|418315|94776|444531|539307|132784|535414|668198|38144|223300|261444|69951|429631|499582|119394|534411|653805|143207|644131|787338|31825|233983|265808|67642|442351|509993|94286|535278|629564|126931|652258|779189|17039|227646|244685|45352|436854|482206|75202|518945|594147|204282|552345|756627|29967|215204|245171|80994|406302|487296|112668|475825|588493|185701|583795|769496|
1000004177|129|8|137|364|19|383|518|27|545|522|28|550|295|81|376|635|100|735|892|202|1094|1069|217|1286|346|77|423|819|89|908|1238|176|1414|2932|186|3118|605|183|788|1067|328|1395|1699|343|2042|2125|371|2496|705|313|1018|1001|914|1915|1605|1290|2895|2111|1577|3688|
1000004385||||||||||0|21923|21923||||||||||0|39514|39514||||4|7819|7823|0|11322|11322|4|16215|16219|0|4060|4060|0|8449|8449|0|13339|13339|2|18647|18649|2|4040|4042|0|132834|132834|0|209569|209569|0|261638|261638|
1000004676||||||||||||||||||||||||||||||||||||||||||||||0|306|306|||||||||||||
1000004922||||||||||||||||||||||0|9881|9881|||||||||||||||||||||||||||||||||||||
1000005551|9457|85466|94923|20226|169245|189471|30565|259628|290193|43182|347470|390652|12051|88258|100309|23677|174885|198562|37674|271930|309604|50187|363031|413218|11782|89910|101692|24555|179891|204446|37412|283154|320566|54419|372518|426937|13614|96039|109653|30658|192824|223482|46317|293062|339379|62890|387003|449893|15580|96008|111588|31211|190956|222167|47080|295996|343076|66068|389009|455077|
1000005701||||||||||||||||||||||||||||||||||||||||||||||0|25017|25017||||||||||0|14241|14241|
1000005722||||||||||0|2971|2971||||||||||0|2488|2488||||||||||0|2298|2298|||||||||||||||||||||||||
1000005793||||||||||||||||||||||0|0|0|||||||||||||||||||||||||||||||||||||
1000005829||||||||||||||||||||||0|35668|35668|||||||||||||||||||||||||||||||||||||
1000005941||||||||||0|2106|2106||||||||||0|2575|2575||||||||||0|2384|2384|||||||||||||||||||||||||
1000005999|60565|223855|284420|123117|465106|588223|192270|727240|919510|266274|995076|1261350|63344|255269|318613|132176|534983|667159|216058|810350|1026408|294649|1083428|1378077|59250|253274|312524|135011|520876|655887|210276|780350|990626|275320|1057030|1332350|65720|259453|325173|125569|540180|665749|202751|817665|1020416|290006|1083823|1373829|70026|259348|329374|149179|532129|681308|218173|809100|1027273|292972|1063304|1356276|
1000006043||||||||||0|172008|172008||||||||||0|155479|155479|||||||||||||||||||||||||||||||||||||
1000006084||||||||||||||||||||||0|45958|45958|||||||||||||||||||||||||||||||||||||
1000006134||||||||||||||||||||||0|36360|36360||||||||||0|36360|36360||||||||||0|24289|24289|||||||||||||
1000006173||||||||||0|33947|33947||||||||||0|53072|53072||||||||||0|55662|55662|||||||||||||||||||||||||
1000006287||||||||||0|20383|20383||||||||||0|20694|20694|||||||||||||||||||||||||||||||||||||
1000006289||||||||||0|10886|10886||||||||||0|11951|11951||||||||||0|13393|13393|||||||||||||||||||||||||
1000006298||||||||||0|27954|27954|||||||||||||||||||||||||||||||||||||||||||||||||
1000006326||||||||||0|6533|6533||||||||||0|4720|4720||||||||||0|4636|4636||||||||||0|4412|4412||||||||||0|4675|4675|
1000006486||||||||||0|3174|3174||||||||||0|3534|3534||||||||||0|3253|3253|||||||||||||||||||||||||
1000006488|||||||||||||||||||||||||||||||||||||||||||||||||||||||0|1419|1419||||
1000006541||||||||||0|8941|8941||||||||||0|11938|11938||||||||||0|15574|15574|||||||||||||||||||||||||
1000006569||||||||||0|2699|2699||||||||||||||||||||||||||||||||||0|6440|6440|||||||||||||
1000006935||||||||||||||||||||||||||||||||||||||||||||||0|50236|50236|||||||||||||
1000007131||||||||||||||||||||||||||||||||||||||||||||||0|61705|61705|||||||||||||
1000007147||||||||||||||||||||||0|13073|13073|||||||||||||||||||||||||||||||||||||
1000007174|0|7749|7749||||||||||0|8518|8518||||||||||||||||||||||0|7933|7933||||||||||0|7217|7217||||||||||
1000007221||||||||||0|46138|46138||||||||||0|63163|63163||||||||||0|55839|55839||||||||||0|58608|58608||||||||||0|35909|35909|
1000007407||||||||||||||||||||||||||||||||||0|3564|3564|||||||||||||||||||||||||
1000007478|0|55613|55613|0|111817|111817|0|151225|151225|0|219820|219820|0|85575|85575|0|142455|142455|0|233327|233327|0|325346|325346|0|46711|46711|0|539585|539585|0|806076|806076|0|897297|897297|0|57311|57311|0|127675|127675|0|214856|214856|0|285159|285159|0|57256|57256|0|119108|119108|0|192484|192484|0|258071|258071|
1000007497|1764|3250|5014|3704|4486|8190|5537|14908|20445|6892|19092|25984|2212|3940|6152|4421|8353|12774|6498|10717|17215|7206|13894|21100|0|4075|4075|0|8828|8828|0|12653|12653|0|17450|17450|0|3937|3937|0|7594|7594|0|10209|10209|0|13020|13020|0|3028|3028|0|7188|7188|0|12803|12803|0|16694|16694|
1000007643||||||||||0|10179|10179||||||||||0|7541|7541|||||||||||||||||||||||||||||||||||||
1000007754||||||||||||||||||||||||||||||||||||||||||||||||||||||||||0|14092|14092|
1000008254||||||||||||||||||||||||||||||||||||||||||||||0|13102|13102|||||||||||||
1000008270||||||||||||||||||||||0|14168|14168||||||||||0|16614|16614||||||||||0|15629|15629||||||||||0|14268|14268|
1000008440||||||||||||||||||||||0|5500|5500|||||||||||||||||||||||||||||||||||||
1000008483||||||||||||||||||||||||||||||||||0|1909|1909|||||||||||||||||||||||||
1000008602||||||||||0|36509|36509||||||||||0|42157|42157||||||||||||||||||||||0|15286|15286||||||||||0|15541|15541|
1000008605||||||||||0|11352|11352||||||||||0|3938|3938|||||||||||||||||||||||||||||||||||||
1000008640||||||||||0|13673|13673|||||||||||||||||||||||||||||||||||||||||||||||||
1000008877||||||||||||||||||||||0|9836|9836|||||||||||||||||||||||||||||||||||||
1000009088||||||||||0|223531|223531||||||||||0|224104|224104||||||||||0|234028|234028||||||||||0|232365|232365||||||||||0|247316|247316|
1000009312||||||||||0|1063|1063|||||||||||||||||||||||||||||||||||||||||||||||||
1000009429||||||||||0|63221|63221||||||||||||||||||||||0|92786|92786||||||||||0|83434|83434||||||||||0|60328|60328|
1000009451||||||||||||||||||||||||||||||||||0|41157|41157||||||||||0|54608|54608|||||||||||||
1000009475||||||||||0|1014|1014|||||||||||||||||||||||||||||||||||||||||||||||||
1000009688||||||||||||||||||||||||||||||||||||||||||||||0|3600|3600|||||||||||||
1000009731||||||||||||||||||||||||||||||||||||||||||||||0|14277|14277|0|1413|1413|0|3425|3425|0|6851|6851|0|10569|10569|
1000009928||||||||||||||||||||||0|8770|8770||||||||||||||||||||||0|7699|7699||||||||||0|11768|11768|
1000010160|64020|18737|82757|137895|26800|164695|198894|37349|236243|270793|47293|318086|67654|8866|76520|136652|16926|153578|212754|25982|238736|290860|40822|331682|9527|88204|97731|186513|12844|199357|284227|14385|298612|337926|59151|397077|84938|14130|99068|180384|26622|207006|274886|37734|312620|369917|53604|423521|92281|14360|106641|182358|30115|212473|269604|46328|315932|354793|63476|418269|
1000010213||||||||||||||||||||||0|2650|2650||||||||||0|2554|2554|||||||||||||||||||||||||
1000010336||||||||||0|22612|22612||||||||||0|27028|27028||||||||||0|25617|25617||||||||||0|21576|21576||||||||||0|17608|17608|
1000010378||||||||||0|27720|27720||||||||||0|12716|12716||||||||||0|49617|49617||||||||||0|29517|29517||||||||||0|34187|34187|
1000010491||||||||||||||||||||||0|2796|2796|||||||||||||||||||||||||||||||||||||
1000010670||||||||||0|1340|1340||||||||||0|3057|3057|||||||||||||||||||||||||||||||||||||
1000010730||||||||||0|8388|8388||||||||||0|19207|19207|||||||||||||||||||||||||||||||||||||
1000010843||||||||||0|4171|4171||||||||||0|4191|4191||||||||||0|5285|5285|||||||||||||||||||||||||
1000010954||||||||||0|2460|2460||||||||||0|2486|2486||||||||||0|1929|1929|||||||||||||||||||||||||
1000010993||||||||||0|5299|5299||||||||||0|3044|3044||||||||||0|3261|3261|||||||||||||||||||||||||
1000011037||||||||||0|1834|1834||||||||||0|802|802||||||||||0|1352|1352|||||||||||||||||||||||||
1000011141||||||||||||||||||||||0|3141|3141|||||||||||||||||||||||||||||||||||||
1000011224||||||||||0|7045|7045||||||||||0|6284|6284||||||||||0|11028|11028|||||||||||||||||||||||||
1000011366||||||||||0|2321|2321||||||||||0|2916|2916|||||||||||||||||||||||||||||||||||||
1000011567|85809|8510|94319|158166|10042|168208|234362|15458|249820|329395|18460|347855|71568|6036|77604|134416|15678|150094|183001|24388|207389|254997|37335|292332|83440|11466|94906|149877|28954|178831|241219|44849|286068|445008|58323|503331|167237|16339|183576|284818|30017|314835|448760|43627|492387|624678|56466|681144|147075|14129|161204|295196|33838|329034|535805|49134|584939|784126|64794|848920|
1000011569||||||||||||||||||||||||||||||||||0|2646|2646|||||||||||||||||||||||||
1000011764||||||||||0|2870|2870|||||||||||||||||||||||||||||||||||||||||||||||||
1000011898|236232|46858|283090|508438|99363|607801|838862|134897|973759|1179151|186683|1365834|382773|34915|417688|818446|76677|895123|1261602|107870|1369472|1572349|125103|1697452|184765|19176|203941|411045|46624|457669|668884|75977|744861|937240|104655|1041895|259123|34744|293867|532640|72888|605528|822510|107799|930309|1089662|141759|1231421|268686|34912|303598|568772|75593|644365|898088|119115|1017203|1194241|216319|1410560|
1000011981||||||||||0|3884|3884|||||||||||||||||||||||||||||||||||||||||||||||||
1000012030||||||||||0|11137|11137||||||||||0|3315|3315||||||||||0|5084|5084|||||||||||||||||||||||||
1000012137||||||||||0|13113|13113||||||||||0|19782|19782|||||||||||||||||||||||||||||||||||||
1000012393|890|479981|480871|1609|984476|986085|5437|1505146|1510583|7395|2025201|2032596|1667|525811|527478|6212|1074316|1080528|8582|1650523|1659105|11663|2214131|2225794|2331|569801|572132|5762|1150160|1155922|7142|1737063|1744205|10704|2319222|2329926|1363|589235|590598|3644|1183151|1186795|5319|1806243|1811562|9062|2424632|2433694|1825|599018|600843|4856|1218419|1223275|7295|1876874|1884169|9746|2515916|2525662|
1000012397||||||||||11260|36076|47336||||||||||7386|41051|48437||||||||||9664|37096|46760||||||||||7698|37767|45465||||||||||6689|31670|38359|
1000012494||||||||||0|12871|12871||||||||||0|11675|11675||||||||||0|8149|8149||||||||||0|5952|5952|||||||||||||
1000012530||||||||||0|357468|357468||||||||||0|418723|418723||||||||||0|220880|220880|||||||||||||||||||||||||
1000012563||||||||||0|20810|20810||||||||||0|29861|29861||||||||||0|29861|29861|||||||||||||||||||||||||
1000012674||||||||||0|8361|8361|||||||||||||||||||||||||||||||||||||||||||||||||
1000012900||||||||||||||||||||||||||||||||||0|6350|6350|||||||||||||||||||||||||
1000013006||||||||||||||||||||||||||||||||||0|23630|23630|||||||||||||||||||||||||
1000013249||||||||||0|6862|6862||||||||||0|6862|6862|||||||||||||||||||||||||||||||||||||
1000013282||||||||||0|8000|8000||||||||||0|7500|7500||||||||||0|6800|6800|||||||||||||||||||||||||
1000013415|1088600|961600|2050200|3196900|952100|4149000|4666100|1331500|5997600|3587100|4556900|8144000|1010400|1228200|2238600|2139100|2651100|4790200|3392100|4014400|7406500|4652200|5604100|10256300|1261100|1597100|2858200|2521400|3307100|5828500|3855800|4879400|8735200|5193300|6500600|11693900|1455900|1522800|2978700|3154900|3213400|6368300|4931400|4621800|9553200|6761900|5984500|12746400|2033800|1591500|3625300|4129700|3270200|7399900|6261500|4859200|11120700|7590700|7248300|14839000|
1000013462||||695853|1053904|1749757|1053930|1676345|2730275|1436367|2268708|3705075|418663|1223298|1641961|940076|2835830|3775906|1436552|4795023|6231575|1822855|6288349|8111204|537930|1099069|1636999|1015464|2128521|3143985|1258648|2973119|4231767|1642401|4127644|5770045|453114|1256126|1709240|772541|2861573|3634114|1453133|4043274|5496407|1940248|5382608|7322856|488692|1475526|1964218|937299|2730478|3667777|1401811|4137271|5539082|1837248|5382880|7220128|
1000013519||||||||||0|1613974|1613974||||||||||0|2070790|2070790||||||||||0|2236465|2236465|||||||||||||||||||||||||
1000013555||||||||||||||||||||||0|557|557|||||||||||||||||||||||||||||||||||||
1000013566||||||||||||||||||||||||||||||||||0|2065|2065|||||||||||||||||||||||||
1000013601||||||||||||||||||||||0|1281|1281||||||||||0|3129|3129|||||||||||||||||||||||||
1000013639||||||||||0|3062|3062||||||||||0|4528|4528||||||||||0|5126|5126|||||||||||||||||||||||||
1000013944||||||||||0|9550|9550||||||||||0|5613|5613||||||||||0|6730|6730|||||||||||||||||||||||||
1000014024||||||||||0|2663|2663||||||||||0|2310|2310||||||||||0|2310|2310|||||||||||||||||||||||||
1000014166||||||||||||||||||||||||||||||||||||||||||||||||||||||||||0|286700|286700|
1000014189|0|20303|20303|0|39142|39142|0|52180|52180|0|69531|69531|0|16612|16612|0|36226|36226|0|54107|54107|0|72584|72584|0|19876|19876|0|38801|38801|0|50188|50188|0|71057|71057|0|15845|15845|0|33531|33531|0|44851|44851|0|56563|56563|0|11941|11941|0|28484|28484|0|40731|40731|0|55926|55926|
1000014411||||||||||||||||||||||||||||||||||||||||||||||0|133429|133429||||||||||0|144497|144497|
1000014527||||||||||0|158747|158747||||||||||||||||||||||0|154106|154106|||||||||||||||||||||||||
1000014615|0|2619|2619|0|5529|5529|7|7666|7673|7|9527|9534|0|1859|1859|3|4235|4238|3|6515|6518|7|8173|8180|21|1577|1598|26|3393|3419|29|5559|5588|29|9325|9354|0|2803|2803|3|4470|4473|10|8207|8217|10|9465|9475|2|3584|3586|2|5058|5060|2|8963|8965|2|11040|11042|
1000014755||||||||||0|6549|6549||||||||||0|7549|7549||||||||||0|8810|8810|||||||||||||||||||||||||
1000015359||||||||||0|12952|12952||||||||||0|15609|15609||||||||||0|17784|17784||||||||||0|13389|13389||||||||||0|13199|13199|
1000015428||||||||||0|2324|2324||||||||||0|1542|1542|||||||||||||||||||||||||||||||||||||
1000015465||||||||||||||||||||||||||||||||||||||||||||||0|8|8||||||||||0|11036|11036|
1000015496||||||||||||||||||||||||||||||||||||||||||||||||||||||||||0|16922|16922|
1000015777||||||||||||||||||||||0|10210|10210||||||||||0|16667|16667|||||||||||||||||||||||||
1000015874||||||||||||||||||||||||||||||||||||||||||||||0|3582|3582|||||||||||||
1000015886||||||||||0|4114|4114||||||||||||||||||||||0|2924|2924|||||||||||||||||||||||||
1000015895||||||||||0|18038|18038|||||||||||||||||||||||||||||||||||||||||||||||||
1000015978|1049|26625|27674|1739|75172|76911|2215|116427|118642|2947|176381|179328|842|44959|45801|1873|97085|98958|4024|155429|159453|5359|210279|215638|619|57085|57704|2069|123642|125711|4624|181367|185991|8502|259139|267641|1224|50542|51766|2260|104217|106477|4208|139730|143938|6170|177756|183926|1863|32707|34570|4119|65854|69973|3294|97436|100730|8151|125428|133579|
1000015985|42800|158593|201393|90621|337675|428296|150437|510325|660762|215299|680499|895798|65967|198891|264858|119133|410092|529225|187473|611369|798842|255041|819314|1074355|52518|213258|265776|104993|423190|528183|166144|618916|785060|230507|798789|1029296|56363|193663|250026|126532|382513|509045|199150|553547|752697|279195|729483|1008678|69427|174105|243532|140111|346622|486733|214567|513532|728099|287991|668667|956658|
1000016144|0|13351|13351|0|26034|26034|0|35730|35730|0|40168|40168|0|13170|13170|0|24922|24922|0|33343|33343|0|35354|35354|0|9708|9708|51|20657|20708|51|28966|29017|51|30424|30475|0|10969|10969|3|22531|22534|42|32106|32148|42|33897|33939|0|10098|10098|0|21756|21756|0|31275|31275|36|33645|33681|
1000016166||||||||||0|39070|39070||||||||||0|51519|51519||||||||||0|36330|36330||||||||||0|50011|50011||||||||||0|47033|47033|
1000016206||||||||||0|4392|4392|||||||||||||||||||||||||||||||||||||||||||||||||
1000016340||||||||||||||||||||||||||||||||||0|51940|51940|||||||||||||||||||||||||
1000016461|||||||||||||0|3128|3128|||||||||||||||||||||||||||||||0|7500|7500|||||||||||||
1000016474|0|44529|44529|30857|79427|110284|40957|119516|160473|58616|164350|222966|5441|49209|54650|20410|102456|122866|40033|148057|188090|22269|227717|249986|8185|69600|77785|0|133710|133710|87341|101889|189230|120505|158322|278827|24590|31627|56217|52741|74640|127381|86232|118265|204497|86908|162826|249734|294|37590|37884|973|82800|83773|973|143726|144699|0|199474|199474|
1000016952||||||||||0|8662|8662||||||||||0|10233|10233||||||||||0|9986|9986|||||||||||||||||||||||||
1000016972||||||||||0|56960|56960||||||||||0|63178|63178||||||||||0|72269|72269||||||||||0|63796|63796||||||||||0|65393|65393|
1000017057||||||||||||||||||||||||||||||||||0|13432|13432|||||||||||||||||||||||||
1000017060||||||||||0|301286|301286||||||||||||||||||||||0|256502|256502||||||||||0|344497|344497|||||||||||||
1000017251|9782|15759|25541|19685|34663|54348|29964|46732|76696|46197|61477|107674|9808|15238|25046|25919|37247|63166|43784|56594|100378|65818|75624|141442|22162|16292|38454|45091|36332|81423|58123|50822|108945|77631|71223|148854|12960|18323|31283|30026|33499|63525|45129|50711|95840|61714|70425|132139|16443|20152|36595|35949|39672|75621|60126|52305|112431|68245|77835|146080|
1000017300||||||||||0|787535|787535||||||||||0|929876|929876||||||||||0|902147|902147||||||||||0|878359|878359|||||||||||||
1000017390||||||||||0|1009|1009||||||||||0|1079|1079||||||||||0|1195|1195||||||||||0|1157|1157||||||||||0|1203|1203|
1000017411||||||||||0|933|933||||||||||0|1272|1272||||||||||0|730|730|||||||||||||||||||||||||
1000017478||||||||||0|1232|1232||||||||||0|1380|1380||||||||||0|1383|1383|||||||||||||||||||||||||
1000017548||||||||||||||||||||||||||||||||||||||||||||||0|31137|31137|||||||||||||
1000017580|7578|8976|16554|19364|18143|37507|30967|26661|57628|36368|37439|73807|11129|10755|21884|24560|22158|46718|42456|33806|76262|61250|46427|107677|14287|14136|28423|30596|28901|59497|44669|41065|85734|55967|50941|106908|8735|11479|20214|17655|24007|41662|36012|31034|67046|61551|39692|101243|23114|8362|31476|45606|17156|62762|64795|25169|89964|78703|33677|112380|
1000017679||||||||||||||||||||||||||||||||||||||||||||||||||||||||||0|22900|22900|
1000018195||||||||||||||||||||||0|16138|16138||||||||||0|10828|10828|||||||||||||||||||||||||
1000018927||||||||||0|46436|46436||||||||||0|51245|51245||||||||||0|80323|80323||||||||||0|108377|108377||||||||||0|50196|50196|
1000018953|347327|306057|653384|689016|675110|1364126|1025534|1049002|2074536|1400088|1472424|2872512|346926|330487|677413|736149|727077|1463226|1117977|1127772|2245749|1619800|1543500|3163300|289300|395100|684400|809516|861737|1671253|1317318|1280918|2598236|1872400|1715000|3587400|364300|383500|747800|949600|892700|1842300|1611300|1324500|2935800|2513500|1863100|4376600|732500|443600|1176100|1573000|1020800|2593800|2622100|1591300|4213400|3658800|2180200|5839000|
1000019047||||||||||||||||||||||||||||||||||||||||||||||0|29478|29478||||||||||0|20865|20865|
1000019066||||||||||0|30539|30539||||||||||0|32063|32063||||||||||0|32152|32152||||||||||0|29127|29127||||||||||0|25367|25367|
1000019206||||||||||||||||||||||0|0|0|||||||||||||||||||||||||||||||||||||
1000019304||||||||||0|2041|2041||||||||||||||||||||||0|2226|2226|||||||||||||||||||||||||
1000019343||||||||||||||||||||||||||||||||||||||||||||||0|44987|44987||||||||||0|47611|47611|
1000019491||||||||||0|13027|13027|||||||||||||||||||||||||||||||||||||||||||||||||
1000020171||||||||||0|23579|23579||||||||||0|32071|32071||||||||||0|12281|12281||||||||||0|20939|20939||||||||||0|26852|26852|
1000020390||||||||||0|72561|72561||||||||||||||||||||||0|921|921|||||||||||||||||||||||||
1000020621||||||||||0|3900|3900||||||||||||||||||||||0|4000|4000|||||||||||||||||||||||||
1000020729||||||||||0|14136|14136|0|12055|12055||||||||||||||||||||||||||||||||||||||||||||||
1000021017|0|178926|178926|0|359108|359108|0|546038|546038|0|746291|746291|0|197393|197393|0|403635|403635|0|591705|591705|0|798040|798040|0|191368|191368|0|390092|390092|0|586052|586052|0|816904|816904|0|196660|196660|0|398589|398589|0|601145|601145|0|810832|810832|0|203230|203230|0|417555|417555|0|634493|634493|0|827752|827752|
1000021108||||||||||0|8500|8500||||||||||0|10900|10900||||||||||0|8900|8900||||||||||0|10600|10600||||||||||0|10800|10800|
1000021161||||||||||0|46586|46586||||||||||0|48779|48779|||||||||||||||||||||||||||||||||||||
1000021209||||||||||||||||||||||0|1950|1950|||||||||||||||||||||||||||||||||||||
1000021325||||||||||0|6862|6862|||||||||||||||||||||||||||||||||||||||||||||||||
1000021466||||||||||0|5014|5014|||||||||||||||||||||||||||||||||||||||||||||||||
1000021608||||||||||0|2038|2038||||||||||0|1512|1512||||||||||0|2276|2276|||||||||||||||||||||||||
1000021616||||||||||||||||||||||0|0|0||||||||||0|1665|1665|||||||||||||||||||||||||
1000021740||||||||||||||||||||||||||||||||||0|2776|2776|||||||||||||||||||||||||
1000021743||||||||||0|4192|4192||||||||||||||||||||||0|4600|4600|||||||||||||||||||||||||
1000022023||||||||||0|8246|8246||||||||||||||||||||||0|13884|13884|||||||||||||||||||||||||
1000022264||||||||||||||||||||||0|633|633||||||||||0|646|646|||||||||||||||||||||||||
1000022537||||||||||0|15332|15332||||||||||||||||||||||0|15784|15784|||||||||||||||||||||||||
1000022736||||||||||||||||||||||0|3112|3112|||||||||||||||||||||||||||||||||||||
1000022916||||||||||0|88484|88484||||||||||0|92941|92941||||||||||0|96099|96099||||||||||0|97129|97129||||||||||0|89252|89252|
1000023169||||||||||0|5629|5629||||||||||0|5317|5317||||||||||0|5493|5493|||||||||||||||||||||||||
1000023242||||||||||||||||||||||0|9868|9868|||||||||||||||||||||||||||||||||||||
1000023250||||||||||||||||||||||0|16581|16581|||||||||||||||||||||||||||||||||||||
1000023672||||||||||||||||||||||||||||||||||||||||||||||0|9900|9900|||||||||||||
1000023676||||||||||0|37266|37266||||||||||||||||||||||0|58661|58661||||||||||0|53621|53621|||||||||||||
1000023735||||||||||||||||||||||||||||||||||||||||||||||||||||||||||0|17823|17823|
1000023901||||||||||||||||||||||||||||||||||0|2866|2866|||||||||||||||||||||||||
1000024283||||||||||0|6140|6140|||||||||||||||||||||||||||||||||||||||||||||||||
1000024369||||||||||0|3970|3970||||||||||0|4610|4610|||||||||||||||||||||||||||||||||||||
1000024588||||||||||0|39301|39301||||||||||||||||||||||0|62822|62822||||||||||0|81738|81738|||||||||||||
1000024601||||||||||||||||||||||0|13543|13543||||||||||0|17811|17811||||||||||0|16174|16174||||||||||0|15232|15232|
1000024617||||||||||0|17716|17716||||||||||0|18085|18085||||||||||0|19735|19735|||||||||||||||||||||||||
1000015306||||||||||||||||||||||||||||||||||0|53775|53775|||||||||||||||||||||||||
1000016859||||||||||||||||||||||||||||||||||||||||||||||0|3701|3701||||||||||0|4832|4832|
1000014072||||||||||0|11104|11104|||||||||||||||||||||||||||||||||||||||||||||||||
1000021825||||||||||0|4265|4265|||||||||||||||||||||||||||||||||||||||||||||||||
1000005523||||||||||0|38900|38900||||||||||||||||||||||0|19500|19500|||||||||||||||||||||||||
1000007851|||||||||||||||||||0|100406|100406|0|148118|148118|0|30719|30719|0|68463|68463|0|120637|120637|0|173276|173276|0|43645|43645|0|88757|88757|0|141759|141759|0|207758|207758|0|38101|38101|0|87945|87945|||||||
1000026206|467|1441|1908|798|2521|3319|1240|3542|4782|1753|4618|6371|884|1632|2516|1401|3123|4524|2110|4190|6300|2905|5506|8411|872|978|1850|1809|2125|3934|2405|3064|5469|3598|4166|7764|1134|1561|2695|2185|3600|5785|2692|5361|8053|4825|7791|12616|962|2716|3678|2027|4985|7012|2727|7586|10313|0|14933|14933|
1000025892||||||||||||||||||||||0|2763|2763||||||||||0|2993|2993|||||||||||||||||||||||||
1000025720||||||||||0|151067|151067|||||||||||||||||||||||||||||||||||||||||||||||||
1000026496||||||||||0|16127|16127||||||||||0|20883|20883|||||||||||||||||||||||||||||||||||||
1000025751||||||||||0|1446|1446||||||||||0|1824|1824||||||||||0|7275|7275||||||||||0|4245|4245||||||||||0|5531|5531|
1000009922||||||||||0|170763|170763||||||||||0|276832|276832||||||||||0|283574|283574|||||||||||||||||||||||||
1000025067||||||||||0|526|526||||||||||0|850|850||||||||||0|1217|1217|||||||||||||||||||||||||
1000025505||||||||||0|5301|5301||||||||||0|5791|5791||||||||||0|8757|8757|||||||||||||||||||||||||
1000025506||||||||||0|1146|1146|||||||||||||||||||||||||||||||||||||||||||||||||
1000025012||||||||||0|10405|10405|||||||||||||||||||||||||||||||||||||||||||||||||
1000026552||||||||||||||||||||||0|2100|2100|||||||||||||||||||||||||||||||||||||
1000000004|0|12838170|12838170|0|25515311|25515311|0|38932067|38932067|0|52836069|52836069|0|13148068|13148068|0|28337870|28337870|0|45179289|45179289|0|62278396|62278396|0|14402415|14402415|0|26549244|26549244|0|45590518|45590518|0|62673443|62673443|0|14887397|14887397|0|30323088|30323088|0|44700931|44700931|0|66163570|66163570|0|19560941|19560941|0|41398483|41398483|0|61782301|61782301|0|86616767|86616767|
1000000013|0|74891|74891|0|162701|162701|0|250895|250895|0|345532|345532|0|89558|89558|0|187879|187879|0|290914|290914|0|400521|400521|0|112057|112057|0|244458|244458|0|391823|391823|0|544725|544725|0|149940|149940|0|299945|299945|0|457213|457213|0|626537|626537|0|156868|156868|0|317165|317165|0|484136|484136|0|663193|663193|
1000029298||||||||||||||||||||||||||||||||||0|12864|12864|||||||||||||||||||||||||
1000027052||||||||||||||||||||||0|197047|197047||||||||||0|79124|79124|||||||||||||||||||||||||
1000026751||||||||||0|13461|13461||||||||||0|7910|7910||||||||||0|14527|14527||||||||||0|19967|19967||||||||||0|9732|9732|
1000029263||||||||||0|1938|1938||||||||||0|3128|3128||||||||||0|3132|3132|||||||||||||||||||||||||
1000029366||||||||||0|672|672||||||||||0|1930|1930||||||||||0|3171|3171|||||||||||||||||||||||||
1000029636||||||||||0|1179595|1179595|||||||||||||||||||||||||||||||||||||||||||||||||
1000029471||||0|1827|1827||||||||||||||||||||||||||||||||||||||||0|13063|13063|||||||||||||
1000025890||||||||||||||||||||||0|4700|4700||||||||||0|5196|5196||||||||||||||||||||||0|3098|3098|
1000029101||||||||||0|19296|19296||||||||||0|54329|54329||||||||||0|34002|34002||||||||||0|62033|62033||||||||||0|46140|46140|
1000027186||||||||||||||||||||||0|1949|1949|||||||||||||||||||||||||||||||||||||
1000001079||||||||||0|41973|41973||||||||||0|43284|43284||||||||||||||||||||||0|51816|51816|||||||||||||
1000004560||||||||||||||||||||||||||||||||||||||||||||||4212|1238515|1242727|1287|291565|292852|3832|666709|670541|13336|959625|972961|48905|1418978|1467883|
1000007901||||||||||0|58986|58986||||||||||0|77769|77769||||||||||0|78183|78183|||||||||||||||||||||||||
1000021660|999656|41952|1041608|2051708|84014|2135722|3002355|130064|3132419|4076281|164686|4240967|1013410|15485|1028895|1576793|576048|2152841|2400832|913777|3314609|4467452|178969|4646421|1373251|16762|1390013|2833699|104715|2938414|4097782|164449|4262231|5718728|239969|5958697|1642509|63077|1705586|3391396|124820|3516216|4967154|192569|5159723|6738341|264798|7003139|1913375|52983|1966358|3941352|143711|4085063|5818660|232874|6051534|7725893|345458|8071351|
1000001305|1646|46693|48339|4096|57602|61698|0|0|0|10169|129064|139233|2720|61088|63808|6219|125244|131463|9481|190274|199755|15222|259057|274279|5420|59875|65295|10383|125053|135436|16435|185679|202114|22078|250112|272190|6878|101009|107887|12611|729561|742172|18202|183224|201426|27541|248935|276476|9190|78247|87437|16126|68954|85080|22725|102296|125021|30745|133489|164234|
1000031576||||||||||||||||||||||||||||||||||||||||||||||0|92|92|||||||||||||
1000025363||||||||||||||||||||||||||||||||||||||||||||||0|1061|1061|||||||||||||
1000012084||||||||||0|12951|12951||||||||||0|12146|12146||||||||||0|12230|12230|||||||||||||||||||||||||
1000005210|13632|7689|21321|33947|16864|50811|51522|23756|75278|70180|30418|100598|19282|16100|35382|38761|29307|68068|61583|39753|101336|87469|54334|141803|24044|14931|38975|55296|29575|84871|86331|46787|133118|117063|63060|180123|33650|16729|50379|73970|35152|109122|114195|54341|168536|163752|79187|242939|52533|24580|77113|105929|54468|160397|0|243394|243394|0|336820|336820|
1000031028||||||||||||||||||||||0|7453|7453||||||||||0|10061|10061|||||||||||||||||||||||||
1000031923||||||||||||||||||||||||||||||||||||||||||||||0|4026|4026||||||||||0|4026|4026|
1000007983||||||||||0|9191|9191|||||||||||||||||||||||||||||||||||||||||||||||||
1000009639||||||||||||||||||||||||||||||||||||||||||||||0|80461|80461||||||||||0|70235|70235|
1000007565||||||||||0|212959|212959||||||||||0|183543|183543||||||||||||||||||||||0|226461|226461|||||||||||||
1000007991|14474|206432|220906|30849|448397|479246|47194|695798|742992|66665|953133|1019798|23496|270777|294273|49699|542678|592377|77063|862141|939204|102417|1150909|1253326|36101|287148|323249|66421|620907|687328|94954|875047|970001|113989|1176061|1290050|27374|335779|363153|56770|640416|697186|83335|927517|1010852|106884|1267685|1374569|26133|303704|329837|60722|603615|664337|90494|902880|993374|117147|1215653|1332800|
1000008655||||||||||||||||||||||0|1225|1225||||||||||0|1058|1058||||||||||0|1534|1534|||||||||||||
1000031142||||||||||||||||||||||||||||||||||0|16644|16644|||||||||||||||||||||||||
1000010293||||||||||||||||||||||||||||||||||||||||||||||||||||||||||0|6000|6000|
1000029287||||||||||||||||||||||0|2024|2024||||||||||0|4920|4920|||||||||||||||||||||||||
1000010573||||||||||||||||||||||0|2628|2628||||||||||0|4654|4654|||||||||||||||||||||||||
1000006984|||||||||||||0|1150|1150||||||||||||||||||||||||||||||||||||||||||||||
1000010687|6097|721|6818|9234|4106|13340|11016|6986|18002|17334|11974|29308|12303|2737|15040|16297|4913|21210|23811|8316|32127|32899|11230|44129|4045|1995|6040|11890|4253|16143|14289|7062|21351|16459|9677|26136|5119|1982|7101|10248|4517|14765|12385|9117|21502|14928|10780|25708|2823|1294|4117|5449|3330|8779|7767|4563|12330|10621|5931|16552|
1000010263||||||||||0|515|515||||||||||0|5170|5170||||||||||0|5200|5200||||||||||0|45000|45000|||||||||||||
1000030267||||||||||||||||||||||0|3000|3000||||||||||||||||||||||0|2180|2180|||||||||||||
1000032077||||||||||||||||||||||||||||||||||0|8834|8834||||||||||0|8874|8874|||||||||||||
1000029714|0|30676|30676|7640|53328|60968|10993|82781|93774|17259|112099|129358|4319|30776|35095|19235|54424|73659|14939|99247|114186|20045|135513|155558|4816|34771|39587|10758|69381|80139|16977|105827|122804|22522|140863|163385|5141|54262|59403|10366|149920|160286|164577|102130|266707|250718|133613|384331|86453|30478|116931|180156|50567|230723|253724|93895|347619|350691|126248|476939|
1000027853||||||||||0|13020|13020|||||||||||||||||||||||||||||||||||||||||||||||||
1000032125||||||||||||||||||||||||||||||||||0|14363|14363||||||||||||||||||||||0|21396|21396|
1000009955||||||||||0|9454|9454|||||||||||||||||||||||||||||||||||||||||||||||||
1000027492||||||||||0|1300|1300||||||||||||||||||||||||||||||||||0|2467|2467|||||||||||||
1000000061|367|51689|52056|2131|79077|81208|3962|114370|118332|5147|190581|195728|705|54841|55546|2589|91159|93748|3077|127865|130942|5347|192616|197963|1483|59270|60753|3169|89350|92519|7496|126985|134481|11395|207164|218559|1390|50137|51527|2478|85385|87863|3168|118916|122084|5791|219571|225362|244|73341|73585|1132|111860|112992|1572|145351|146923|3921|253534|257455|
1000000080||||||||||0|8365|8365||||||||||0|8973|8973|||||||||||||||||||||||||||||||||||||
1000000198|0|31168|31168|0|73509|73509|0|101935|101935|0|139564|139564|0|31850|31850|0|87833|87833|0|130114|130114|0|189687|189687|0|64486|64486|0|139786|139786|0|200550|200550|0|253240|253240|0|52556|52556|0|126675|126675|0|181043|181043|0|214365|214365|0|24222|24222|0|58624|58624|0|97808|97808|0|150477|150477|
1000000240|0|102926|102926|0|237003|237003|0|398614|398614|0|679740|679740|0|208407|208407|0|470783|470783|0|746581|746581|0|1107299|1107299|0|237922|237922|0|516626|516626|0|784215|784215|0|1131668|1131668|0|249268|249268|0|477863|477863|0|643623|643623|0|901041|901041|0|210376|210376|0|497486|497486|0|808816|808816|0|1128640|1128640|
1000000266|7944|98263|106207|15500|211564|227064|26197|310466|336663|26622|647356|673978|6280|274924|281204|12848|560392|573240|19834|828896|848730|29167|1164111|1193278|8923|271928|280851|11174|557996|569170|16639|812392|829031|19803|788239|808042|5550|182167|187717|10934|384545|395479|15470|574333|589803|20040|788587|808627|6084|184993|191077|11701|372135|383836|16371|569063|585434|0|793168|793168|
1000000268|1604900|-30300|1574600|3354400|-64300|3290100|4833300|-57800|4775500|6626100|-4100|6622000|1417800|66000|1483800|2739200|170800|2910000|3997900|312200|4310100|5406900|537800|5944700|1434700|170400|1605100|3232800|318000|3550800|5148300|428000|5576300|7372000|637400|8009400|2196400|151400|2347800|4435000|444800|4879800|6687500|515200|7202700|9258200|644900|9903100|2379900|114400|2494300|5006300|171000|5177300|7591800|220300|7812100|10348600|301400|10650000|
1000000300||||||||||0|356913|356913||||||||||0|474559|474559||||||||||0|538888|538888||||||||||0|372200|372200||||||||||0|211095|211095|
1000000391|0|1141144|1141144|0|2403830|2403830|0|3776139|3776139|352314|9786992|10139306|0|1225796|1225796|0|2765146|2765146|0|4026776|4026776|0|5504785|5504785|0|1588927|1588927|0|3041438|3041438|0|4590323|4590323|0|6289034|6289034|0|1478358|1478358|0|2911066|2911066|0|4786881|4786881|0|6624792|6624792|0|1688309|1688309|0|3631717|3631717|0|5578844|5578844|0|7313421|7313421|
1000000438|168488|648157|816645|347496|1301079|1648575|510147|2054798|2564945|729035|2740958|3469993|237637|749136|986773|464294|1548785|2013079|643422|2431296|3074718|827445|3256645|4084090|185038|804596|989634|371376|1622031|1993407|564678|2552368|3117046|762957|3344537|4107494|212631|831892|1044523|423077|1675665|2098742|629361|2581188|3210549|861319|3393816|4255135|276033|854391|1130424|527679|1678778|2206457|717516|2634363|3351879|923362|3477943|4401305|
1000000484||||||||||||||||||||||||||||||||||||||||||||||0|53748|53748|||||||||||||
1000000494||||||||||||||||||||||||||||||||||||||||||||||0|24352|24352||||||||||0|25181|25181|
1000000538|0|35915|35915|0|77854|77854|0|127412|127412|0|178076|178076|0|55812|55812|0|114205|114205|0|173419|173419|0|231694|231694|0|53836|53836|0|111614|111614|0|176015|176015|0|232556|232556|0|60807|60807|0|121730|121730|0|203457|203457|0|275696|275696|0|79747|79747|0|156800|156800|0|244651|244651|0|328079|328079|
1000000584|0|54948|54948|0|117062|117062|0|187418|187418|0|270982|270982|0|83170|83170|0|168502|168502|0|242684|242684|0|333446|333446|0|84845|84845|0|180254|180254|0|264396|264396|0|355143|355143|0|74315|74315|0|157301|157301|0|232315|232315|182|320910|321092|1047|71536|72583|1192|150500|151692|1198|230013|231211|0|316530|316530|
1000000761||||||||||||||||||||||||||||0|50840|50840|0|74269|74269|0|98751|98751|0|27468|27468|0|47882|47882|0|70369|70369|0|95007|95007|0|23818|23818|0|45237|45237|0|68808|68808|0|94179|94179|
1000000776||||||||||0|15449|15449||||||||||0|19036|19036||||||||||||||||||||||0|30695|30695||||||||||0|10548|10548|
1000000797||||||||||0|323863|323863|||||||||||||||||||||||||||||||||||||||||||||||||
1000000812|0|34647|34647|0|99164|99164|0|138625|138625|0|171847|171847|0|30137|30137|0|53982|53982|0|76844|76844|0|105375|105375|0|23509|23509|0|51831|51831|0|88872|88872|0|115566|115566|0|27646|27646|0|84251|84251|0|109199|109199|0|194097|194097|0|46294|46294|0|83108|83108|0|121334|121334|0|146286|146286|
1000000815|3135|112039|115174|3135|250836|253971|8424|377597|386021|23204|545784|568988|0|154193|154193|0|329331|329331|2876|493286|496162|11265|709851|721116|2454|196675|199129|4953|414506|419459|4953|595031|599984|7157|816572|823729|0|188575|188575|0|402843|402843|1852|573258|575110|3629|787158|790787|0|151549|151549|1552|327817|329369|6958|478732|485690|14494|662433|676927|
1000000836||||||||||0|9524|9524||||||||||0|14338|14338|||||||||||||||||||||||||||||||||||||
1000000842|0|54542|54542|510|104027|104537|510|162242|162752|732|257840|258572|25|61064|61089|435|110893|111328|435|152048|152483|637|192978|193615|0|51995|51995|151|99316|99467|187|146887|147074|728|205373|206101|42|83712|83754|1151|111108|112259|6665|161055|167720|9749|225327|235076|560|63048|63608|4764|117110|121874|9095|181038|190133|10459|262863|273322|
1000000921|0|4606|4606|0|9719|9719|0|15004|15004|0|20619|20619|0|5721|5721|0|11965|11965|0|18344|18344|0|24747|24747|0|5878|5878|0|12085|12085|0|18103|18103|0|24242|24242|0|5346|5346|0|10462|10462|0|15844|15844|0|20772|20772|0|4627|4627|0|9535|9535|0|14458|14458|0|19453|19453|
1000000922||||||||||||||||||||||||||||||||||||||||||||||0|3694|3694|||||||||||||
1000000932||||||||||||||||||||||0|21081|21081||||||||||0|26491|26491||||||||||0|19584|19584|||||||||||||
1000001321|0|7423|7423|0|15727|15727|0|24507|24507|0|34194|34194|0|7223|7223|0|16019|16019|0|23493|23493|0|32821|32821|0|8473|8473|0|16313|16313|0|24960|24960|0|36454|36454|0|10258|10258|0|20479|20479|0|31360|31360|0|42857|42857|0|12419|12419|0|24062|24062|0|36541|36541|0|48541|48541|
1000001345||||||||||0|3494|3494||||||||||0|5941|5941||||||||||0|4710|4710||||||||||0|5845|5845|||||||||||||
1000001449||||||||||0|120000|120000||||||||||0|130000|130000|||||||||||||||||||||||||||||||||||||
1000001457||||||||||||||||||||||0|26941|26941||||||||||0|33568|33568||||||||||0|37803|37803||||||||||0|42283|42283|
1000001514||||||||||0|24379|24379||||||||||0|30574|30574||||||||||0|26471|26471|||||||||||||||||||||||||
1000001528|9450|29065|38515|22377|63601|85978|38210|98180|136390|53678|140822|194500|21159|36871|58030|48752|77379|126131|74982|108143|183125|100310|141873|242183|27858|34827|62685|61131|83756|144887|92685|122217|214902|118766|161456|280222|20057|34225|54282|51040|69649|120689|75580|100686|176266|111906|124402|236308|23722|34593|58315|52409|73120|125529|104144|114636|218780|147947|161217|309164|
1000001591||||||||||||||||||||||||||||||||||0|110921|110921|||||||||||||||||||||||||
1000001676||||||||||0|23736|23736||||||||||||||||||||||0|22397|22397||||||||||0|23576|23576||||||||||0|22710|22710|
1000001821||||||||||||||||||||||||||||||||||0|4181|4181|||||||||||||||||||||||||
1000001846||||||||||0|21247|21247||||||||||0|22106|22106||||||||||0|20645|20645||||||||||0|20494|20494||||||||||0|20058|20058|
1000001887||||||||||0|7836|7836|||||||||||||||||||||||||||||||||||||||||||||||||
1000001933||||||||||0|7011|7011||||||||||0|9754|9754||||||||||0|10032|10032|||||||||||||||||||||||||
1000001956||||||||||0|459337|459337||||||||||0|557865|557865||||||||||0|652092|652092|||||||||||||||||||||||||
1000001959|0|6613|6613|0|20619|20619|0|36174|36174|0|54685|54685|0|7731|7731|0|23484|23484|0|33496|33496|0|60356|60356|0|4456|4456|0|30944|30944|0|37654|37654|0|64188|64188|0|4677|4677|0|25326|25326|0|32815|32815|0|49268|49268|0|12288|12288|0|24032|24032|0|33959|33959|0|48625|48625|
1000001980|25979|89690|115669|55728|181131|236859|87347|286886|374233|123928|397867|521795|43391|123066|166457|92318|249735|342053|141877|375391|517268|185126|495081|680207|39369|102519|141888|74194|206104|280298|113769|308522|422291|152070|422692|574762|39807|103387|143194|82515|211582|294097|128521|331946|460467|121861|460573|582434|32288|125502|157790|65060|256958|322018|96507|397609|494116|131805|539092|670897|
1000002113|596|84955|85551|1084|183212|184296|1792|273404|275196|2071|396667|398738|591|88166|88757|1839|192309|194148|2375|295568|297943|2720|383320|386040|2382|87628|90010|3385|196870|200255|4289|289351|293640|5294|383500|388794|285|96684|96969|2423|211700|214123|6507|335747|342254|19067|458768|477835|2436|110088|112524|7001|236821|243822|13174|368822|381996|18865|517535|536400|
1000002227||||||||||0|117507|117507||||||||||0|101891|101891||||||||||0|79135|79135||||||||||0|117365|117365||||||||||0|139816|139816|
1000002228||||||||||||||||||||||0|1853|1853||||||||||0|1376|1376|||||||||||||||||||||||||
1000002265||||||||||0|2867|2867|||||||||||||||||||||||||||||||||||||||||||||||||
1000002274||||||||||0|155946|155946||||||||||||||||||||||0|125468|125468||||||||||0|109704|109704||||||||||0|92945|92945|
1000002324|0|109413|109413|0|212899|212899|0|115764|115764|0|436702|436702|0|130989|130989|0|246323|246323|0|398366|398366|0|568501|568501|0|146139|146139|0|297030|297030|0|424939|424939|0|531031|531031|0|110290|110290|0|239235|239235|0|401004|401004|0|586887|586887|0|190093|190093|0|366753|366753|0|534275|534275|0|702273|702273|
1000002330||||||||||||||||||||||||||||||||||||||||||||||0|11075|11075||||||||||0|11177|11177|
1000002445||||||||||0|28087|28087||||||||||0|32971|32971||||||||||0|40845|40845||||||||||0|45934|45934||||||||||0|50726|50726|
1000002469||||0|474|474||||0|2005|2005||||6|484|490||||6|1555|1561||||0|955|955||||19|1907|1926||||29|569|598||||31|3071|3102||||0|801|801|||||||
1000002564||||||||||||||||||||||||||||||||||||||||||||||0|75952|75952||||||||||0|82084|82084|
1000002581||||||||||||||||||||||||||||||||||||||||||||||0|3420|3420|||||||||||||
1000002599|0|27104|27104|0|47864|47864|0|70666|70666|0|96522|96522|0|31432|31432|0|54558|54558|0|83331|83331|0|112460|112460|0|36569|36569|0|60576|60576|0|89042|89042|0|117952|117952|0|37473|37473|0|65894|65894|0|100144|100144|0|131056|131056|0|42942|42942|0|72566|72566|0|106207|106207|0|142649|142649|
1000002617||||||||||||||||||||||||||||||||||||||||||||||0|23219|23219|||||||||||||
1000002648||||||||||0|57370|57370||||||||||0|89054|89054||||||||||0|78784|78784||||||||||0|69510|69510||||||||||0|64338|64338|
1000002673|5808|30284|36092|12626|81429|94055|17569|130629|148198|21941|192453|214394|3749|55937|59686|0|153414|153414|0|311843|311843|216818|309004|525822|282922|75773|358695|491940|152782|644722|770326|219457|989783|1058954|289806|1348760|363440|59450|422890|623491|125260|748751|955786|187853|1143639|1277173|259607|1536780|395195|51411|446606|704457|120018|824475|0|1274244|1274244|0|1798180|1798180|
1000002745||||||||||||||||||||||||||||||||||58187|21099|79286|10261|4100|14361|30850|6242|37092|37949|13056|51005|55504|21578|77082|14829|6329|21158|35648|11477|47125|48323|17067|65390|68528|22899|91427|
1000002767||||||||||0|36040|36040||||||||||0|31037|31037||||||||||0|36492|36492|||||||||||||||||||||||||
1000002873||||||||||0|5090|5090||||||||||0|6704|6704|||||||||||||||||||||||||||||||||||||
1000002881||||||||||0|7695|7695||||||||||0|6983|6983||||||||||0|11534|11534|||||||||||||||||||||||||
1000002927||||||||||||||||0|5158|5158|||||||||||||||||||||||||||||||||||||||||||
1000002961||||||||||||||||||||||0|24320|24320|||||||||||||||||||||||||||||||||||||
1000003061|||||||250|29102|29352|603|41290|41893|28|10270|10298|86|23347|23433|0|36871|36871|0|49957|49957|0|9456|9456|0|18127|18127|0|25576|25576|0|33291|33291|0|7757|7757|0|15032|15032|0|22803|22803|0|29798|29798|0|7814|7814|0|17614|17614|0|26723|26723|0|38855|38855|
1000003252||||||||||0|4284|4284||||||||||0|5808|5808||||||||||0|5129|5129||||||||||||||||||||||0|5744|5744|
1000003274||||||||||0|10000|10000||||||||||0|10000|10000|||||||||||||||||||||||||||||||||||||
1000003293||||||||||0|7649|7649||||||||||0|8938|8938|||||||||||||||||||||||||||||||||||||
1000003335|245|9874|10119|0|0|0|584|28576|29160|933|38393|39326|165|7172|7337|279|15977|16256|466|25052|25518|801|35141|35942|145|8944|9089|221|21717|21938|458|38709|39167|886|53472|54358|339|14087|14426|1367|27975|29342||||2564|54903|57467|371|11752|12123|623|26918|27541|962|39530|40492|1218|57723|58941|
1000003347||||||||||||||||||||||||||||||||||0|187647|187647||||||||||0|182919|182919|||||||||||||
1000003614|68824|32221|101045|125758|69524|195282|212981|123413|336394|315772|198832|514604|135898|77351|213249|266129|167686|433815|346079|234438|580517|372746|298186|670932|45543|75710|121253|82360|140439|222799|115800|187080|302880|184063|237941|422004|18045|43980|62025|37040|87950|124990|48172|133744|181916|26962|173290|200252|5385|27905|33290||||||||||
1000003669|5733|24573|30306|10707|51606|62313|15023|53311|68334|19498|72457|91955|6092|24792|30884|10192|55831|66023|16125|84457|100582|22365|76113|98478|6009|18008|24017|9571|36928|46499|12139|54337|66476|16255|103746|120001|4407|14549|18956|7304|49282|56586|10464|75449|85913|15314|106094|121408|2416|14553|16969|8246|32060|40306|13823|49842|63665|18436|69968|88404|
1000003774|0|11845|11845||||||||||0|10135|10135||||||||||0|11775|11775||||||||||0|10887|10887||||||||||0|10058|10058||||||||||
1000003779||||||||||0|7792|7792||||||||||0|7269|7269||||||||||0|11733|11733|||||||||||||||||||||||||
1000003910||||||||||0|6666|6666||||||||||0|8961|8961||||||||||0|8186|8186||||||||||0|13689|13689||||||||||0|9759|9759|
1000003935|401235|316352|717587|970728|611742|1582470|1857603|781034|2638637|2651043|1182538|3833581|707119|525224|1232343|1703258|1143497|2846755|2892302|1705480|4597782|3826886|2414472|6241358|1024514|534342|1558856|1846941|1165225|3012166|2669386|1731118|4400504|0|5779562|5779562|0|0|0|1491282|1120621|2611903|2166853|3876160|6043013|2801864|2292849|5094713|579742|605389|1185131|1146880|1093623|2240503|||||||
1000003947||||||||||||||||||||||||||||||||||0|17784|17784|||||||||||||||||||||||||
1000004169|0|27696|27696||||||||||||||||||||||||||||||||||||||||||||||||||||||||||
1000004256||||||||||||||||||||||||||||||||||||||||||||||0|7933|7933|||||||||||||
1000004527||||0|4209|4209||||||||||0|3236|3236|||||||||||||||||||||||||||||||||||||||||||
1000005047|0|44478|44478|0|12329|12329|0|138228|138228|0|189511|189511|10478|43827|54305|18312|90919|109231|28410|131448|159858|37737|186458|224195|8935|49184|58119|8935|108938|117873|23215|147937|171152|30924|201814|232738|10146|54916|65062|15351|100750|116101|15351|170289|185640|34294|234545|268839|10016|64161|74177|18923|130136|149059|25813|198363|224176|37343|281508|318851|
1000005338||||||||||0|3210|3210||||||||||0|4627|4627||||||||||0|1459|1459|||||||||||||||||||||||||
1000024785||||||||||||||||||||||0|2173|2173||||||||||0|2173|2173|||||||||||||||||||||||||
1000005619|23890|340175|364065|56948|705133|762081|45246|1097766|1143012|116627|1457910|1574537|14777|278780|293557|47201|554989|602190|63568|878212|941780|59775|1235909|1295684|7754|244750|252504|6280|509765|516045|0|439629|439629|0|578316|578316|0|150220|150220|0|298738|298738|0|428742|428742|0|564916|564916|0|148392|148392|0|300340|300340|0|459617|459617|0|633397|633397|
1000005637||||||||||||||||||||||0|121962|121962|||||||||||||||||||||||||||||||||||||
1000005691|21479|229187|250666|46927|552317|599244|65149|907834|972983|82287|901716|984003|28989|202371|231360|0|620130|620130|0|1010739|1010739|0|1267686|1267686|0|293509|293509|0|682237|682237|0|1116473|1116473|0|1394316|1394316|0|300866|300866|0|708319|708319|0|1172115|1172115|0|1463041|1463041|0|308502|308502|0|718109|718109|0|1197341|1197341|0|1489587|1489587|
1000005895||||||||||0|2750|2750|||||||||||||||||||||||||||||||||||||||||||||||||
1000006003|368607|242508|611115|764065|444398|1208463|1166710|671472|1838182|1620162|913198|2533360|568017|242670|810687|1158514|468494|1627008|1731433|719449|2450882|2145441|994570|3140011|401259|276140|677399|823836|518548|1342384|1329799|745741|2075540|1657862|1025505|2683367|398122|253837|651959|822700|499394|1322094|1334650|733613|2068263|1716223|1010611|2726834|431493|278817|710310|879872|506123|1385995|1392259|741928|2134187|1825682|996642|2822324|
1000006013||||||||||0|21661|21661|||||||||||||||||||||||||||||||||||||||||||||||||
1000006018||||||||||0|459132|459132||||||||||0|555307|555307||||||||||0|563442|563442||||||||||0|563442|563442||||||||||0|495385|495385|
1000006080||||||||||0|25563|25563||||||||||0|31039|31039||||||||||0|28692|28692||||||||||0|33541|33541||||||||||0|37574|37574|
1000006214|1865|25822|27687|3425|54026|57451|4778|80609|85387|6144|115460|121604|4518|29498|34016|10181|74109|84290|16037|104837|120874|18986|144088|163074|2667|35674|38341|4117|74215|78332|5119|111174|116293|5607|148020|153627|437|34924|35361|1161|70979|72140|2051|100251|102302||||1235|20283|21518|2754|50954|53708|3297|80024|83321|4557|119309|123866|
1000006316||||||||||0|2602|2602||||||||||||||||||||||0|2602|2602||||||||||0|2776|2776|||||||||||||
1000006330||||||||||0|8636|8636||||||||||0|9449|9449||||||||||0|11230|11230||||||||||0|13154|13154|||||||||||||
1000006379||||||||||0|5600|5600|||||||||||||||||||||||||||||||||||||||||||||||||
1000006684||||||||||0|7032|7032|||||||||||||||||||||||||||||||||||||||||||||||||
1000006838||||||||||||||||||||||||||||||||||0|1888|1888|||||||||||||||||||||||||
1000007011||||||||||||||||||||||||||||||||||0|2784|2784|||||||||||||||||||||||||
1000007112||||||||||0|14874|14874||||||||||0|18075|18075|||||||||||||||||||||||||||||||||||||
1000007441|0|75557|75557|0|174656|174656|0|284901|284901|0|454524|454524|0|137902|137902|0|314012|314012|0|469655|469655|0|664144|664144|0|121322|121322|0|278309|278309|0|407778|407778|69275|325580|394855|8364|81979|90343|0|279378|279378|0|421535|421535|0|582301|582301|0|116301|116301|0|256270|256270|0|414867|414867|0|567454|567454|
1000007451|3785|176947|180732|8230|358127|366357|12744|548289|561033|17146|766668|783814|4041|211999|216040|8368|428310|436678|12569|644264|656833|15963|852189|868152|7508|194337|201845|5205|397341|402546|10812|588831|599643|14513|782859|797372|3343|183962|187305|7514|373731|381245|11420|569502|580922|15281|776208|791489|3912|197942|201854|8426|396829|405255|13654|605096|618750|18380|798195|816575|
1000007455||||||||||||||||||||||||||||||||||||||||||||||0|72442|72442||||||||||0|77184|77184|
1000007572|30|352356|352386|66|730057|730123|66|1107936|1108002|66|1536789|1536855|0|416484|416484|0|893057|893057|0|1376580|1376580|0|1901507|1901507|0|470680|470680|0|947868|947868|0|1405076|1405076|0|1854548|1854548|0|405589|405589|0|798290|798290|0|1172986|1172986|124|1574511|1574635|0|374501|374501|83|757209|757292|83|1149705|1149788|92|1554043|1554135|
1000007760||||||||||||||||||||||0|489419|489419||||||||||0|470340|470340||||||||||0|490833|490833|||||||||||||
1000008601||||||||||||||||||||||||||||||||||||||||||||||0|12292|12292|||||||||||||
1000008846||||||||||0|824|824||||||||||0|1306|1306||||||||||||||||||||||0|1695|1695||||||||||0|2135|2135|
1000009087|58034|287700|345734|177937|624717|802654|252124|1081388|1333512|314373|1526186|1840559|74142|428231|502373|188765|830702|1019467|266164|1307000|1573164|369287|1710273|2079560|69072|369230|438302|185781|788864|974645|267129|1249240|1516369|365475|1692461|2057936|58122|411877|469999|165373|864400|1029773|306239|1333519|1639758|446459|1758396|2204855|102896|391681|494577|279237|815892|1095129|400814|1431176|1831990|575620|1875856|2451476|
1000009119|||||||2962|75636|78598|3767|117373|121140|48|15025|15073|2669|34645|37314|1173|56180|57353|1799|98321|100120|174|8447|8621|572|43563|44135|797|63902|64699|1399|111381|112780|184|13453|13637|1063|48858|49921|1532|71941|73473|2712|102064|104776|93|6551|6644|460|33277|33737|857|56451|57308|1090|90998|92088|
1000009491||||||||||0|4830|4830||||||||||0|5164|5164||||||||||0|5121|5121||||||||||0|5705|5705|||||||||||||
1000009542|51676|9660|61336|99466|19294|118760|158147|28932|187079|205075|41337|246412|54187|4730|58917|94683|7446|102129|139948|9905|149853|183204|18042|201246|37825|2732|40557|71524|6446|77970|121840|9800|131640|165397|12055|177452|53572|3797|57369|108577|7682|116259|172272|15078|187350|224772|22672|247444|57811|8283|66094|105033|15684|120717|154399|21646|176045|200068|29067|229135|
1000009580||||||||||0|3954|3954||||||||||0|4045|4045||||||||||0|3808|3808|||||||||||||||||||||||||
1000009624|0|269617|269617|41538|524442|565980|62822|793719|856541|0|1152975|1152975|0|298356|298356|0|620413|620413|0|952307|952307|0|1280092|1280092|0|322415|322415|0|672606|672606|0|1013506|1013506|0|1375330|1375330|37661|258934|296595|0|696330|696330|0|1054803|1054803|0|1422684|1422684|0|356488|356488|0|761938|761938|0|1173769|1173769|0|1570891|1570891|
1000009745||||||||||||||||||||||0|1895|1895|||||||||||||||||||||||||||||||||||||
1000010162|41782|12016|53798|98302|27991|126293|153981|43482|197463|230082|61448|291530|57018|17511|74529|135775|35419|171194|208710|53144|261854|285383|70482|355865|49414|19393|68807|135568|39631|175199|209129|59848|268977|309135|84053|393188|61622|21111|82733|149753|44651|194404|223080|66002|289082|318465|89342|407807|60537|16297|76834|127221|31866|159087|189841|47465|237306|280397|66053|346450|
1000010190||||||||||0|4313|4313||||||||||0|3382|3382||||||||||0|8784|8784|||||||||||||||||||||||||
1000010273||||||||||||||||||||||||||||||||||0|39850|39850||||||||||0|89300|89300|||||||||||||
1000010300||||||||||0|10400|10400|||||||||||||||||||||||||||||||||||||||||||||||||
1000010368||||||||||0|2237|2237|||||||||||||||||||||||||||||||||||||||||||||||||
1000010666||||||||||0|7509|7509||||||||||||||||||||||||||||||||||0|10748|10748||||||||||0|11675|11675|
1000010783||||||||||0|20711|20711|||||||||||||||||||||||||||||||||||||||||||||||||
1000010826||||||||||0|30196|30196||||||||||0|34302|34302||||||||||0|39303|39303||||||||||0|42712|42712|||||||||||||
1000010894||||||||||0|10191|10191||||||||||||||||||||||||||||||||||||||||||||||0|11770|11770|
1000010933||||0|2722|2722|||||||||||||||||||||||||||||||||||||||||||||||||||||||
1000011096||||||||||0|4463|4463||||||||||0|5374|5374|||||||||||||||||||||||||||||||||||||
1000011192||||||||||0|4133|4133|||||||||||||||||||||||||||||||||||||||||||||||||
1000011281||||||||||||||||||||||0|1396|1396|||||||||||||||||||||||||||||||||||||
1000011378||||||||||0|846|846||||||||||0|2773|2773||||||||||0|749|749|||||||||||||||||||||||||
1000011400||||||||||0|228|228|||||||||||||||||||||||||||||||||||||||||||||||||
1000011424||||||||||0|1958|1958||||||||||0|2588|2588||||||||||0|1616|1616|||||||||||||||||||||||||
1000011496||||||||||||||||||||||0|3560|3560||||||||||0|3873|3873|||||||||||||||||||||||||
1000011537||||||||||0|264689|264689||||||||||0|856088|856088||||||||||0|767826|767826|||||||||||||||||||||||||
1000011790||||||||||0|3561|3561||||||||||0|5409|5409||||||||||0|7334|7334|||||||||||||||||||||||||
1000011850||||||||||||||||||||||||||||||||||||||||||||||||||||||||||0|9921|9921|
1000012035||||||||||||||||||||||||||||||||||0|100000|100000|||||||||||||||||||||||||
1000012125||||||||||||||||||||||||||||||||||0|41802|41802|||||||||||||||||||||||||
1000012223||||||||||0|4552|4552||||||||||0|6433|6433||||||||||0|6520|6520||||||||||0|5416|5416||||||||||0|5206|5206|
1000012336||||||||||||||||||||||0|3742|3742||||||||||0|5709|5709|||||||||||||||||||||||||
1000012402||||||||||0|130000|130000||||||||||0|130000|130000||||||||||||||||||||||0|106144|106144|||||||||||||
1000012588||||||||||||||||||||||||||||||||||0|8196|8196||||||||||0|7448|7448||||||||||0|8651|8651|
1000013017||||||||||0|3686|3686|||||||||||||||||||||||||||||||||||||||||||||||||
1000013023||||||||||0|3258|3258||||||||||0|4036|4036|||||||||||||||||||||||||||||||||||||
1000013255|0|13175|13175|0|29586|29586|0|44911|44911|1435|62013|63448|577|18708|19285|1193|36915|38108|1794|58825|60619|2343|80415|82758|746|18715|19461|1341|38603|39944|1876|58034|59910|2324|77154|79478|480|19672|20152|791|39704|40495|1232|59700|60932|2180|80779|82959|411|22435|22846|729|45264|45993|1133|69116|70249|1520|89269|90789|
1000013309||||||||||||||||||||||||||||||||||||||||||||||0|202201|202201|||||||||||||
1000013554|10517|1962|12479|13599|11038|24637|15306|16221|31527|22344|19914|42258|773|1131|1904|2197|12755|14952|10635|23763|34398|21415|28741|50156|23629|1364|24993|52431|5304|57735|72028|7187|79215|119065|8289|127354|40308|2791|43099|55738|7081|62819|89828|8788|98616|134229|12145|146374|15487|556|16043|37239|2603|39842|46128|2926|49054|69291|4694|73985|
1000013898||||||||||||||||||||||0|18608|18608|||||||||||||||||||||||||||||||||||||
1000013907||||||||||0|3815|3815||||||||||0|3884|3884||||||||||0|3555|3555|||||||||||||||||||||||||
1000013918||||||||||0|58054|58054||||||||||0|40146|40146|||||||||||||||||||||||||||||||||||||
1000014011|0|194076|194076|236|365768|366004|0|510188|510188|288674|1924835|2213509|60124|505479|565603|143363|1099247|1242610|238522|1615300|1853822|330201|2166087|2496288|85557|553984|639541|201101|1202222|1403323|282119|1785640|2067759|362309|2411196|2773505|115940|635701|751641|236874|1348812|1585686|335298|2034409|2369707|444344|2668808|3113152|111411|695107|806518|233269|1477076|1710345|353215|2203534|2556749|448189|2895724|3343913|
1000014095||||||||||0|26720|26720|||||||||||||||||||||||||||||||||||||||||||||||||
1000014407|0|67359|67359|0|153816|153816|0|270931|270931|0|422232|422232|0|124370|124370|0|262872|262872|0|435342|435342|0|645707|645707|0|221492|221492|0|454687|454687|0|683573|683573|0|908069|908069|0|188305|188305|0|328285|328285|0|461626|461626|0|612781|612781|0|151095|151095|0|267230|267230|0|562776|562776|0|659479|659479|
1000014416|76965|65116|142081|146579|142057|288636|214605|212678|427283|280992|300595|581587|72344|77613|149957|144757|159827|304584|221340|239966|461306|303091|328596|631687|76800|85385|162185|154376|173786|328162|237164|263279|500443|319484|365237|684721|0|155954|155954|0|319601|319601|249974|241108|491082|334460|319243|653703|89728|83206|172934|189530|172724|362254|285121|255158|540279|385492|339606|725098|
1000014439|279952|89540|369492|76573|23827|100400|146752|46176|192928|222590|60680|283270|304731|82639|387370|109933|21266|131199|213131|45392|258523|321609|69197|390806|443189|95452|538641|127317|21789|149106|247409|39409|286818|360895|69472|430367|475378|92863|568241|138445|25298|163743|263721|49349|313070|402334|60730|463064|521030|105207|626237|59391|108621|168012|127184|196437|323621|170561|310162|480723|
1000014528||||||||||||||||||||||||||||||||||||||||||||||||||||||||||0|38767|38767|
1000014681||||||||||||||||||||||||||||||||||||||||||||||||||||||||||0|17329|17329|
1000014723|10247|22977|33224|22188|47358|69546|34849|70731|105580|48486|94916|143402|11518|35328|46846|23517|64514|88031|34286|94985|129271|44898|129139|174037|10077|36459|46536|21692|75059|96751|32403|108527|140930|43626|137943|181569|11094|29742|40836|20678|65740|86418|26174|99857|126031|33893|134639|168532|9893|42166|52059|20104|82091|102195|28051|123240|151291|37999|177643|215642|
1000014888||||||||||||||||||||||||||||||||||0|1850|1850|||||||||||||||||||||||||
1000014948|0|291743|291743|0|422435|422435|0|528684|528684|0|769219|769219|0|341542|341542|487525|10991|498516|0|649099|649099|0|1019977|1019977|0|402966|402966|0|558489|558489|0|689303|689303|0|998539|998539|0|393317|393317|0|549671|549671|0|686695|686695|0|994029|994029|0|423943|423943|0|594723|594723|0|723054|723054|0|1017939|1017939|
1000014955||||||||||||||||||||||||||||||||||||||||||||||||||||||||||0|25148|25148|
1000015133|0|671|671|0|1851|1851|0|3052|3052|0|4718|4718|0|2286|2286|0|4936|4936|0|7927|7927|0|10755|10755|0|2942|2942|0|5120|5120|0|8707|8707|0|11570|11570|0|2562|2562|0|5009|5009|0|9113|9113|0|0|0|0|4155|4155|0|9946|9946|0|15127|15127||||
1000015250||||||||||0|10753|10753||||||||||0|13327|13327|||||||||||||||||||||||||||||||||||||
1000015270||||||||||0|5130|5130||||||||||||||||||||||0|5152|5152|||||||||||||||||||||||||
1000015435||||||||||||||||||||||0|15443|15443||||||||||0|15897|15897||||||||||||||||||||||0|14730|14730|
1000015451||||||||||0|7489|7489|||||||||||||||||||||||||||||||||||||||||||||||||
1000015555||||||||||0|38751|38751||||||||||0|58673|58673||||||||||0|70079|70079||||||||||0|81537|81537||||||||||0|88675|88675|
1000015581||||||||||0|36267|36267||||||||||0|54489|54489||||||||||0|57825|57825||||||||||0|53185|53185||||||||||0|51782|51782|
1000015813||||||||||0|5879|5879||||||||||0|5548|5548||||||||||0|12633|12633||||||||||0|8009|8009|||||||||||||
1000015915||||||||||||||||||||||||||||||||||0|262777|262777|||||||||||||||||||||||||
1000015921||||||||||0|10055|10055||||||||||0|10081|10081||||||||||0|11611|11611|||||||||||||||||||||||||
1000015991||||||||||||||||0|42062|42062|||||||||||||||||||||||||||||||||||||||||||
1000016040||||||||||0|392467|392467||||||||||0|447645|447645||||||||||0|473546|473546||||||||||0|452429|452429||||||||||0|510444|510444|
1000016125||||||||||0|1893|1893||||||||||0|1066|1066||||||||||0|983|983|||||||||||||||||||||||||
1000016157||||||||||0|13672|13672||||||||||0|14188|14188||||||||||0|14054|14054||||||||||0|14300|14300|||||||||||||
1000016167||||||||||0|9967|9967|||||||||||||||||||||||||||||||||||||||||||||||||
1000016173||||||||||0|2|2||||||||||0|3|3||||||||||0|5|5|||||||||||||||||||||||||
1000016375||||||||||||||||||||||||||||||||||||||||||||||||||||||||||0|35045|35045|
1000016583||||||||||||||||||||||||||||||||||0|2253|2253|||||||||||||||||||||||||
1000016745|||||||117504|535832|653336|177308|756101|933409|54617|214323|268940|114073|445940|560013|165406|676686|842092|192653|863517|1056170|24440|166255|190695|66706|365513|432219|121536|588108|709644|144892|811566|956458|26839|222031|248870|57245|483097|540342|98991|665628|764619|125624|874048|999672|76758|207925|284683|179240|375833|555073|255182|547968|803150|339539|746064|1085603|
1000016749|138568|5920|144488|344062|5865|349927|581935|8709|590644|955800|14961|970761|549457|4132|553589|1409124|7259|1416383|2650039|8844|2658883|3873077|14216|3887293|1356209|6708|1362917|2719932|11170|2731102|3904385|82076|3986461|4560705|83385|4644090|634476|1195|635671|1185788|4714|1190502|1536132|5996|1542128|1899630|7848|1907478|363372|1410|364782|880973|3885|884858|1530805|6349|1537154|2147026|7913|2154939|
1000016773||||||||||||||||||||||||||||||||||||||||||||||505333|14322|519655|121677|5146|126823|237992|9813|247805|382606|13539|396145|530843|19269|550112|
1000016876|0|60579|60579|72739|59647|132386|111529|89131|200660|0|272419|272419|0|87227|87227|0|182023|182023|0|279659|279659|0|367457|367457|0|71396|71396|0|151208|151208|0|222792|222792|0|291094|291094|0|68122|68122|0|143575|143575|0|217753|217753|0|299810|299810|0|74084|74084|0|150776|150776|0|225432|225432|0|302389|302389|
1000016908|27321|33438|60759|62239|63100|125339|79180|103971|183151|126494|120208|246702|29467|35424|64891|57516|72336|129852|111904|90105|202009|131500|152579|284079|44658|35422|80080|90107|70404|160511|137003|106394|243397|181782|147170|328952|0|87906|87906|0|180200|180200|0|275694|275694|0|374799|374799|0|102431|102431|0|210221|210221|0|319937|319937|0|430183|430183|
1000016910||||13058|13697|26755|18352|18935|37287|24422|24904|49326|6839|6058|12897|13719|12887|26606|22761|20802|43563|34558|32283|66841|9900|9035|18935|19489|18120|37609||||38682|32985|71667|10165|9384|19549|19978|18875|38853|21176|34994|56170|41431|36781|78212|23187|17915|41102|13956|14607|28563|19927|20147|40074|33167|32198|65365|
1000017027||||||||||0|2752|2752||||||||||0|2790|2790||||||||||0|3368|3368|||||||||||||||||||||||||
1000017765||||||||||||||||||||||||||||||||||0|8793|8793|||||||||||||||||||||||||
1000017873||||||||||||||||||||||||||||||||||0|4148|4148|||||||||||||||||||||||||
1000018144||||||||||||||||||||||0|3300|3300|||||||||||||||||||||||||||||||||||||
1000018237||||||||||0|3131|3131||||||||||0|1411|1411||||||||||0|391|391||||||||||0|1781|1781|||||||||||||
1000018295|||||||||||||0|3996|3996|||||||0|5008|5008|||||||||||||||||||||||||||||||||||||
1000018330||||||||||0|22094|22094|||||||||||||||||||||||||||||||||||||||||||||||||
1000018413||||||||||0|189792|189792||||||||||0|235646|235646|||||||||||||||||||||||||||||||||||||
1000018495||||||||||||||||||||||||||||||||||||||||||||||||||||||||||0|147534|147534|
1000018510||||||||||0|17799|17799||||||||||0|19867|19867||||||||||0|21536|21536||||||||||0|17719|17719||||||||||0|17530|17530|
1000018571||||||||||0|4645|4645||||||||||0|6149|6149||||||||||0|9888|9888|||||||||||||||||||||||||
1000018596||||||||||0|121960|121960||||||||||0|173517|173517||||||||||0|243972|243972||||||||||0|249830|249830|||||||||||||
1000018937|82599|248768|331367|175791|540575|716366||||322515|1128468|1450983|0|440478|440478|211401|739178|950579|316791|1068776|1385567|411053|1436689|1847742|93271|375584|468855|174542|732780|907322|236325|1026691|1263016|292688|1316426|1609114|61867|292327|354194|134455|606592|741047|183077|923024|1106101|285633|1151541|1437174|113639|235678|349317|171068|549620|720688|251883|820979|1072862|321361|1077723|1399084|
1000018977||||||||||0|1689|1689||||||||||0|1388|1388||||||||||0|1550|1550|||||||||||||||||||||||||
1000019329|0|20342|20342|0|38205|38205|0|53253|53253|0|69812|69812|0|20317|20317|0|43115|43115|0|66945|66945|0|90676|90676|8412|12573|20985|14136|30338|44474|23337|47516|70853|31623|64126|95749|5597|20925|26522|21885|38695|60580|31859|57300|89159|39265|78757|118022|11277|15064|26341|25324|30648|55972|40138|45304|85442|55685|62776|118461|
1000019365||||||||||0|62091|62091||||||||||0|111941|111941||||||||||0|90965|90965||||||||||0|97997|97997|||||||||||||
1000019447|||||||||||||||||||0|317400|317400||||||||||||||||||||||||||||||||||||||||
1000019664|||||||||||||0|277|277||||||||||||||||||||||||||||||||||||||||||||||
1000019778||||||||||0|3628|3628||||||||||0|4129|4129||||||||||0|3879|3879|||||||||||||||||||||||||
1000019825||||||||||||||||||||||||||||||||||||||||||||||0|0|0||||||||||0|79178|79178|
1000020066||||||||||0|15000|15000||||||||||0|13807|13807||||||||||0|26537|26537||||||||||0|16145|16145||||||||||0|9636|9636|
1000020170|0|4079|4079|0|11904|11904|0|19298|19298|0|25893|25893|0|5307|5307|0|15227|15227|0|23583|23583|0|30435|30435|0|4184|4184|0|13028|13028|0|18284|18284|0|24670|24670|0|3056|3056|0|10524|10524|0|14662|14662|0|20703|20703|0|2176|2176|0|8434|8434|0|11219|11219|0|16771|16771|
1000020292||||||||||0|1923|1923||||||||||0|1735|1735||||||||||0|1563|1563|||||||||||||||||||||||||
1000020401||||||||||0|37927|37927|||||||||||||||||||||||||||||||||||||||||||||||||
1000021184||||||||||0|110020|110020|||||||||||||||||||||||||||||||||||||||||||||||||
1000021226||||||||||||||||||||||||||||||||||||||||||||||||||||||||||0|5818|5818|
1000021262||||||||||0|52648|52648||||||||||0|81924|81924|||||||||||||||||||||||||||||||||||||
1000021345||||||||||0|93620|93620|||||||||||||||||||||||||||||||||||||||||||||||||
1000022020||||||||||0|5331|5331||||||||||0|4440|4440||||||||||0|2685|2685||||||||||0|3371|3371|||||||||||||
1000022280||||||||||0|5455|5455||||||||||||||||||||||0|3908|3908||||||||||0|6839|6839|||||||||||||
1000022316||||||||||0|98151|98151|||||||||||||||||||||||||||||||||||||||||||||||||
1000022387||||||||||0|348|348|||||||||||||||||||||||||||||||||||||||||||||||||
1000022546||||||||||0|91496|91496||||||||||0|103727|103727||||||||||0|105599|105599||||||||||0|109309|109309||||||||||0|124878|124878|
1000022822||||||||||0|107009|107009||||||||||0|111243|111243||||||||||0|107071|107071||||||||||0|106900|106900|||||||||||||
1000023116||||||||||||||||||||||||||||||||||0|3962|3962|||||||||||||||||||||||||
1000023117|0|41827|41827|0|116942|116942|0|185168|185168|0|273079|273079|0|81185|81185|0|207366|207366|0|403078|403078|0|702503|702503|0|424867|424867|0|798783|798783|0|1242153|1242153|0|1724009|1724009|0|555891|555891|0|1004939|1004939|0|1485413|1485413|0|1935792|1935792|0|384684|384684|0|717078|717078|0|1105336|1105336|0|1579941|1579941|
1000023367||||||||||0|7379|7379||||||||||0|8320|8320|||||||||||||||||||||||||||||||||||||
1000023459||||||||||0|8441|8441||||||||||0|16959|16959||||||||||0|31356|31356||||||||||0|22229|22229||||||||||0|21596|21596|
1000023476||||||||||0|4200|4200||||||||||||||||||||||0|3500|3500|||||||||||||||||||||||||
1000023484||||||||||0|12823|12823||||||||||0|11007|11007||||||||||0|12355|12355||||||||||0|12598|12598||||||||||0|12920|12920|
1000023497||||||||||0|10008|10008||||||||||||||||||||||0|19261|19261||||||||||||||||||||||0|10985|10985|
1000023519||||||||||0|6506|6506||||||||||0|6853|6853||||||||||0|7689|7689|||||||||||||||||||||||||
1000023591||||||||||0|7332|7332|||||||||||||||||||||||||||||||||||||||||||||||||
1000023647||||||||||||||||||||||||||||||||||0|3445|3445|||||||||||||||||||||||||
1000023649||||||||||0|5069|5069|||||||||||||||||||||||||||||||||||||||||||||||||
1000023694||||||||||0|7702|7702|||||||||||||||||||||||||||||||||||||||||||||||||
1000023703||||||||||||||||||||||0|1535|1535||||||||||0|1244|1244|||||||||||||||||||||||||
1000023881||||||||||0|3463|3463||||||||||||||||||||||0|3183|3183||||||||||||||||||||||0|4217|4217|
1000024068||||||||||||||||||||||||||||||||||||||||||||||0|5936|5936|||||||||||||
1000024278||||||||||0|6518|6518|||||||||||||||||||||||||||||||||||||||||||||||||
1000024312||||||||||0|8108|8108|||||||||||||||||||||||||||||||||||||||||||||||||
1000024582||||||||||||||||||||||0|2820|2820|||||||||||||||||||||||||||||||||||||
1000024597|18963|5107|24070|30450|7574|38024|40478|9265|49743|55579|10990|66569|19425|2796|22221|33569|4963|38532|46699|12896|59595|60798|20614|81412|8341|3564|11905|14972|8161|23133|23533|11684|35217|29960|14795|44755|4990|10002|14992|16683|15598|32281|33822|24538|58360|41532|29489|71021|6449|4628|11077|11490|7034|18524|23219|9929|33148|33577|12768|46345|
1000024631||||||||||||||||||||||0|3125|3125|||||||||||||||||||||||||||||||||||||
1000013169||||||||||0|1833|1833||||||||||0|786|786|||||||||||||||||||||||||||||||||||||
1000026276||||||||||0|3621|3621||||||||||0|3870|3870||||||||||0|4935|4935|||||||||||||||||||||||||
1000025441||||||||||0|3020|3020||||||||||0|4118|4118|||||||||||||||||||||||||||||||||||||
1000026507||||||||||||||||||||||0|36962|36962||||||||||||||||||||||0|46816|46816|||||||||||||
1000013843||||||||||||||||||||||||||||||||||0|20761|20761|||||||||||||||||||||||||
1000007031||||||||||0|574|574||||||||||0|675|675||||||||||0|1147|1147|||||||||||||||||||||||||
1000026415||||||||||0|30102|30102||||||||||||||||||||||0|45883|45883||||||||||0|62671|62671|||||||||||||
1000026449|||||||||||||||||||0|1300|1300||||||||||||||||||||||||||||||||||||||||
1000021931||||||||||0|2087|2087|||||||||||||||||||||||||||||||||||||||||||||||||
1000024455||||||||||||||||||||||0|1228|1228|||||||||||||||||||||||||||||||||||||
1000026341||||||||||0|3823|3823||||||||||0|4262|4262||||||||||0|8217|8217|||||||||||||||||||||||||
1000028060||||||||||||||||||||||0|10585|10585||||||||||0|10585|10585|||||||||||||||||||||||||
1000026644||||||||||0|6742|6742|||||||||||||||||||||||||||||||||||||||||||||||||
1000026936||||||||||0|9585|9585|||||||||||||||||||||||||||||||||||||||||||||||||
1000028164||||||||||||||||||||||||||||||||||||||||||||||||||||||||||0|4600|4600|
1000027812|0|3191|3191||||||||||||||||||||||||||||||||||||||||||||||||||||||||||
1000027103||||||||||||||||||||||0|3900|3900|||||||||||||||||||||||||||||||||||||
1000026929||||||||||0|5966|5966||||||||||||||||||||||0|7002|7002|||||||||||||||||||||||||
1000026596||||||||||0|1800|1800|||||||||||||||||||||||||||||||||||||||||||||||||
1000028139||||||||||||||||||||||||||||||||||0|11100|11100|||||||||||||||||||||||||
1000030028||||||||||||||||1636|7196|8832|2696|10145|12841|3617|12370|15987|1156|2743|3899|1955|5369|7324|5537|8283|13820|13136|10754|23890|4326|2433|6759|10986|5765|16751|18204|8111|26315|26603|10628|37231|8360|2750|11110||||27148|9133|36281|32961|11398|44359|
1000028267||||||||||||||||||||||||||||||||||0|7115|7115||||||||||0|5551|5551|||||||||||||
1000029100||||||||||||||||||||||0|926|926||||||||||0|3300|3300||||||||||0|4540|4540||||||||||0|3979|3979|
1000029259||||||||||||||||||||||||||||||||||0|6004|6004||||||||||0|6004|6004|||||||||||||
1000001024||||||||||||||||||||||0|33733|33733||||||||||0|29919|29919||||||||||0|31987|31987||||||||||0|34797|34797|
1000028259||||||||||0|8230|8230||||||||||||||||0|3873|3873|||||||||||||||||||||||||||||||
1000025933|20144|695292|715436|40594|1251427|1292021|62916|1962900|2025816|94529|2685047|2779576|28734|720062|748796|57724|1424346|1482070|88281|2252665|2340946|126399|3239247|3365646|31872|718231|750103|69459|1778139|1847598|374931|2349839|2724770|414498|3209493|3623991|66879|806352|873231|257600|1597871|1855471|301846|2456970|2758816|350687|3430570|3781257|44654|869098|913752|85787|1950255|2036042|344756|2654057|2998813|398680|3687986|4086666|
1000001264||||||||||||||||0|491|491|||||||||||||||||||||||||||||||||||||||||||
1000007062||||||||||0|2404|2404||||||||||0|1747|1747||||||||||0|1775|1775|||||||||||||||||||||||||
1000005887|0|53700|53700|0|117315|117315|0|182786|182786|0|246411|246411|0|56896|56896|0|121006|121006|0|175234|175234|0|237617|237617|0|58514|58514|0|113879|113879|0|167337|167337|0|0|0|0|49541|49541|0|103669|103669|0|153947|153947|0|208851|208851|0|43368|43368|0|93730|93730|0|139949|139949|0|187155|187155|
1000022775||||||||||0|14993|14993||||||||||0|14749|14749||||||||||0|14424|14424||||||||||0|11927|11927|||||||||||||
1000004881||||||||||0|2683|2683||||||||||0|4490|4490|||||||||||||||||||||||||||||||||||||
1000015019||||||||||||||||||||||||||||||||||0|0|0||||||||||0|23574|23574|||||||||||||
1000005046||||||||||0|5951|5951||||||||||0|4616|4616||||||||||0|4826|4826|||||||||||||||||||||||||
1000017993||||||||||||||||||||||||||||||||||||||||||||||0|11384|11384||||||||||0|9978|9978|
1000017994||||||||||0|28534|28534||||||||||0|39327|39327|||||||||||||||||||||||||||||||||||||
1000005017||||||||||0|5532|5532||||||||||0|6651|6651||||||||||0|9687|9687||||||||||||||||||||||0|6051|6051|
1000011729||||||||||0|23138|23138||||||||||0|24027|24027||||||||||0|25975|25975|||||||||||||||||||||||||
1000030599||||||||||||||||||||||||||||||||||0|5029|5029||||||||||0|3427|3427|||||||||||||
1000029597||||||||||0|2195|2195|||||||||||||||||||||||||||||||||||||||||||||||||
1000009191||||||||||0|2146|2146||||||||||0|3157|3157||||||||||0|1894|1894||||||||||0|1542|1542||||||||||0|5442|5442|
1000008789||||||||||0|15647|15647|||||||||||||||||||||||||||||||||||||||||||||||||
1000009570||||||||||||||||||||||||||||||||||||||||||||||0|33595|33595|||||||||||||
1000009673||||||||||||||||||||||||||||||||||0|53118|53118||||||||||0|44279|44279|||||||||||||
1000008761||||||||||||||||||||||0|44886|44886||||||||||0|34889|34889||||||||||0|35092|35092||||||||||0|32267|32267|
1000008817||||||||||||||||||||||0|2911|2911||||||||||0|2206|2206||||||||||0|1760|1760||||||||||0|1717|1717|
1000010235||||||||||||||||||||||0|15000|15000||||||||||||||||||||||0|14511|14511|||||||||||||
1000009258||||||||||||||||||||||||||||||||||0|5253|5253|||||||||||||||||||||||||
1000008642||||||||||||||||||||||||||||||||||||||||||||||0|39192|39192|||||||||||||
1000030399||||||||||0|8824|8824||||||||||0|51155|51155||||||||||0|59000|59000|||||||||||||||||||||||||
1000010029|0|5273|5273|0|9284|9284|0|12694|12694|0|16912|16912|0|4101|4101|0|7714|7714|0|11573|11573|0|15348|15348|0|2066|2066|0|5080|5080|0|8449|8449|0|12111|12111|0|6424|6424|0|13633|13633|0|20016|20016|0|13909|13909|0|3456|3456|0|7314|7314|0|10612|10612|0|14447|14447|
1000010673||||||||||0|1444|1444||||||||||||||||||||||0|1800|1800|||||||||||||||||||||||||
1000024147||||||||||0|60373|60373|||||||||||||||||||||||||||||||||||||||||||||||||
1000010067||||||||||0|32862|32862|||||||||||||||||||||||||||||||||||||||||||||||||
1000010685||||||||||||||||||||||||||||||||||0|77547|77547|||||||||||||||||||||||||
1000028832||||||||||||||||||||||||||||||||||0|5483|5483|||||||||||||||||||||||||
1000009532|0|215109|215109|0|450372|450372|0|686773|686773|0|950164|950164|0|251956|251956|0|506035|506035|0|757929|757929|321|1045733|1046054|1395|289868|291263|2146|604474|606620|3404|912573|915977|3960|1243947|1247907|1246|318906|320152|1795|627453|629248|2725|948997|951722|3378|1280054|1283432|962|331188|332150|1218|669201|670419|0|1012932|1012932|0|1356958|1356958|
1000000043|0|82570|82570|0|176531|176531|0|270008|270008|0|383358|383358|0|96786|96786|0|195183|195183|0|293221|293221|0|389228|389228|0|91522|91522|0|186311|186311|0|284799|284799|0|393519|393519|0|97941|97941|0|192964|192964|0|286805|286805|0|397277|397277|0|102272|102272|0|197374|197374|0|294284|294284|0|412476|412476|
1000000072|333419|226196|559615|718242|475761|1194003|1100220|727905|1828125|1534220|980632|2514852|407036|286713|693749|788003|597602|1385605|1060099|798166|1858265|1256854|965217|2222071|311840|217243|529083|718657|443156|1161813|1177379|650677|1828056|1645806|854167|2499973|435533|228054|663587|904859|500350|1405209|1326373|761610|2087983|1801655|998448|2800103|462131|279503|741634|908832|679574|1588406|1347643|1150681|2498324|1788122|1559700|3347822|
1000000081|2305|13905|16210|4922|31601|36523|7580|48347|55927|10008|63999|74007|3023|16115|19138|6365|38673|45038|9907|59309|69216|12597|79331|91928|3541|19926|23467|7397|44112|51509|10824|67157|77981|14329|88257|102586|3420|21293|24713|7449|46716|54165|10719|70405|81124|13906|92432|106338|3634|21675|25309|7575|47334|54909|11398|73625|85023|15541|98237|113778|
1000000129|2746|51320|54066|6940|109165|116105|9371|173077|182448|11817|256435|268252|2911|55802|58713|0|133167|133167|0|202066|202066|12858|270845|283703|2153|64576|66729|4471|144947|149418|6735|226575|233310|9123|367796|376919|2678|82686|85364|5596|186061|191657|9172|265876|275048|12694|386219|398913|3965|82352|86317|8849|179221|188070|13625|276790|290415|20394|392515|412909|
1000000130|384822|1379290|1764112|841168|2602178|3443346|1373978|3754443|5128421|1462131|3874601|5336732|346635|923935|1270570|663860|2435032|3098892|1049625|3844571|4894196|1791324|5759539|7550863|325305|1150070|1475375|1366628|2560634|3927262|2493487|4020368|6513855|3263870|5661203|8925073|588303|1474771|2063074|1172006|3094975|4266981|1731638|4640057|6371695|2944225|6373391|9317616|958607|1651907|2610514|2078918|3720292|5799210|3143478|5649260|8792738|3514980|8676589|12191569|
1000000146||||||||||0|136446|136446||||||||||0|168588|168588||||||||||0|201399|201399||||||||||||||||||||||0|142665|142665|
1000000221|7299|74787|82086|17067|146580|163647|27054|237529|264583|34841|336507|371348|6597|79098|85695|17193|151644|168837|27292|254718|282010|33783|309546|343329|10211|70111|80322|20991|144690|165681|29994|236317|266311|39763|226905|266668|10176|68316|78492|20463|140733|161196|33792|226544|260336|48698|220163|268861|12226|49757|61983|24993|99690|124683|36785|156681|193466|49613|222809|272422|
1000000234|14402|21659|36061|41331|34966|76297|61956|54182|116138|86172|78338|164510|17135|22598|39733|40374|48714|89088|56983|76103|133086|80518|105107|185625|21879|26460|48339|42754|56665|99419|61464|80792|142256|85803|103417|189220|0|0|0|46987|44224|91211|62048|70230|132278|73667|98788|172455|10491|23094|33585|25846|49981|75827|35693|73836|109529|42814|96127|138941|
1000000298||||||||||0|384741|384741||||||||||0|398851|398851||||||||||0|423620|423620||||||||||0|469333|469333||||||||||0|509801|509801|
1000000368|0|9849|9849|0|23026|23026|0|36307|36307|0|50929|50929|0|10211|10211|0|27589|27589|0|41439|41439|0|58928|58928|0|12099|12099|0|29537|29537|0|46779|46779|0|65046|65046|0|14076|14076|0|34012|34012|0|49821|49821|0|70125|70125|0|9087|9087|0|23702|23702|0|34438|34438|0|48244|48244|
1000000373|0|19183|19183|0|42510|42510|0|66136|66136|0|96735|96735|0|26758|26758|0|60537|60537|0|95953|95953|0|135281|135281|0|35617|35617|0|76952|76952|0|120384|120384|0|169162|169162|0|41376|41376|0|88315|88315|0|134915|134915|0|187479|187479|0|46133|46133|0|100745|100745|0|167647|167647|0|248329|248329|
1000000384|0|345183|345183|0|699081|699081|0|1032738|1032738|0|1475299|1475299|0|299178|299178|0|676575|676575|0|1033812|1033812|0|1472088|1472088|0|336682|336682|0|727186|727186|0|1138724|1138724|0|1571979|1571979|0|398523|398523|0|791818|791818|0|1145054|1145054|0|1578827|1578827|0|324900|324900|0|731757|731757|0|1208686|1208686|0|1741924|1741924|
1000000392||||||||||||||||||||||0|19171|19171||||||||||0|18425|18425||||||||||0|14577|14577|||||||||||||
1000000468|3988|21407|25395|5812|31097|36909|8604|42022|50626|2110|11992|14102|4634|22277|26911|6901|31801|38702|10697|47987|58684|2080|7675|9755|3624|17593|21217|10021|27027|37048|10170|40793|50963|3891|9054|12945|6073|21619|27692|6916|34173|41089|39546|20792|60338|2882|9743|12625|4559|21625|26184|8470|32690|41160|10018|50036|60054|1573|11326|12899|
1000000497||||||||||||||||||||||||||||||||||||||||||||||||||||||||||0|57839|57839|
1000000562||||||||||||||||||||||||||||||||||||||||158449|29150|187599|279186|5576|284762|235728|11757|247485|135721|7134|142855|70147|50701|120848||||110022|41243|151265|
1000000574||||||||||0|112706|112706||||||||||0|103425|103425||||||||||0|137597|137597||||||||||0|134053|134053||||||||||0|144288|144288|
1000000602||||||||||0|11195|11195||||||||||0|11195|11195|||||||||||||||||||||||||||||||||||||
1000000607|0|189855|189855|0|394609|394609|0|587358|587358|0|788977|788977|0|186753|186753|0|401589|401589|0|613775|613775|0|874666|874666|0|225793|225793|0|480987|480987|0|723606|723606|0|958608|958608|0|226060|226060|0|495310|495310|0|699458|699458|0|942520|942520|0|49444|49444|0|118468|118468|0|185930|185930|0|246719|246719|
1000000635|20881|30515|51396|42592|68080|110672|59554|99617|159171|77542|136117|213659|16697|27368|44065|36242|62292|98534|56817|100786|157603|76771|146623|223394|16315|30736|47051|36802|64490|101292|53250|103324|156574|68358|129250|197608|19625|29989|49614|39369|61510|100879|61344|97985|159329|83852|153556|237408|28254|40240|68494|55635|88859|144494|77902|132091|209993|103689|176574|280263|
1000000677||||||||||0|13398|13398|||||||||||||||||||||||||||||||||||||||||||||||||
1000000706||||||||||||||||||||||||||||||||||||||||||||||0|54492|54492||||||||||0|50897|50897|
1000000821||||||||||0|6800|6800||||||||||0|21525|21525||||||||||0|24319|24319||||||||||0|23488|23488|||||||||||||
1000000900||||||||||||||||||||||||||||||||||0|17306|17306|||||||||||||||||||||||||
1000001092||||||||||0|36488|36488|||||||||||||||||||||||||||||||||||||||||||||||||
1000001128||||||||||||||||||||||0|6314|6314||||||||||0|6109|6109|||||||||||||||||||||||||
1000001147||||||||||0|87270|87270||||||||||0|106541|106541||||||||||0|141365|141365||||||||||0|221696|221696||||||||||0|205182|205182|
1000001418|0|5602|5602|0|11250|11250|0|17552|17552|0|23085|23085|0|5327|5327|0|10912|10912|0|16381|16381|0|21962|21962|0|6305|6305|0|12902|12902|0|18739|18739|0|24893455|24893455|0|6393|6393|0|12261|12261|0|18889|18889|0|25898|25898|0|6331|6331|0|13437|13437|0|19785|19785|0|26825|26825|
1000001474|0|967000|967000|0|1964100|1964100|0|2988500|2988500|0|4049200|4049200|0|10260|10260|0|20588|20588|0|31030|31030|0|4156300|4156300|0|1061500|1061500|0|2129800|2129800|0|3199000|3199000|0|4281324|4281324|0|1090000|1090000|0|2182900|2182900|0|3287800|3287800|0|4408900|4408900|0|1113600|1113600|0|2233300|2233300|0|3375800|3375800|0|4533200|4533200|
1000001547|47|8464|8511|76|18758|18834|141|31254|31395|202|55984|56186|37|9884|9921|64|20013|20077|232|29464|29696|204|56358|56562|47|9068|9115|95|20227|20322|221|30115|30336|252|55781|56033|81|12722|12803|105|26373|26478|222|42474|42696|277|68242|68519|73|10339|10412|109|25103|25212|73|34323|34396|202|61359|61561|
1000001629|0|241891|241891|0|491451|491451|0|742161|742161|0|1011976|1011976|0|264301|264301|0|545147|545147|0|862377|862377|0|1177624|1177624|0|326878|326878|0|651119|651119|0|1001744|1001744|0|1344792|1344792|0|371833|371833|0|723078|723078|0|1064559|1064559|0|1368371|1368371|0|332547|332547|0|658939|658939|420|1017757|1018177|522|1372264|1372786|
1000001643||||||||||0|389574|389574||||||||||0|414835|414835||||||||||0|426794|426794||||||||||0|419541|419541|||||||||||||
1000001792||||||||||0|71274|71274||||||||||0|80686|80686|||||||||||||||||||||||||||||||||||||
1000001816|459|3251|3710|4258|4961|9219|9091|8746|17837|13931|12250|26181|1511|6207|7718|9275|2420|11695|12117|3431|15548|8321|15291|23612|1673|3265|4938|3799|8130|11929|5286|11427|16713|7564|13848|21412|909|3798|4707|1588|7890|9478|2930|11421|14351|3411|24600|28011|1668|424|2092|6427|1206|7633|16081|1981|18062|8118|19195|27313|
1000001833|354|6939|7293|1262|13673|14935|1853|20307|22160|2030|28640|30670|825|6523|7348|2427|17542|19969|4137|33531|37668|5310|50164|55474|608|17098|17706|971|33964|34935|1606|51025|52631|2220|80446|82666|305|20388|20693|776|41822|42598|9794|56050|65844|1397|131702|133099|30|50598|50628|279|102971|103250|720|142997|143717|1224|167080|168304|
1000001874|0|60814|60814|0|108297|108297|0|170187|170187|141|238223|238364|93|59369|59462|160|131786|131946|160|204003|204163|291|288622|288913|159|77404|77563|308|166525|166833|311|260608|260919|458|365059|365517|15|62455|62470|20|145914|145934|104|233578|233682|282|338420|338702|46|84044|84090|52|176731|176783|346|277446|277792|461|383493|383954|
1000002184|466|30231|30697|1027|60656|61683|2037|94631|96668|0|126378|126378|675|31483|32158||||2372|99655|102027|3213|123964|127177|567|33824|34391|1577|69947|71524|2648|105503|108151|3823|135423|139246|610|35418|36028|1567|68785|70352|2623|101442|104065|3941|129588|133529|1096|36096|37192|1836|71737|73573|2886|107089|109975|4243|139378|143621|
1000002188||||||||||0|1335|1335||||||||||0|1228|1228||||||||||0|799|799|||||||||||||||||||||||||
1000002312||||||||||||||||||||||0|35748|35748||||||||||0|34752|34752|||||||||||||||||||||||||
1000002378||||||||||0|4261|4261||||||||||0|3471|3471||||||||||0|3942|3942||||||||||0|4162|4162|||||||||||||
1000002501||||||||||0|52704|52704||||||||||0|48134|48134||||||||||||||||||||||||||||||||||0|38269|38269|
1000002514||||||||||||||||||||||||||||||||||0|26878|26878|||||||||||||||||||||||||
1000002554||||||||||0|27094|27094||||||||||0|35985|35985||||||||||0|33100|33100||||||||||0|38900|38900|||||||||||||
1000002628|0|13556|13556|0|31797|31797|0|44200|44200|0|64487|64487|0|14257|14257|0|35736|35736|0|50212|50212|0|73162|73162|0|17343|17343|0|38323|38323|0|51949|51949|146|73899|74045|49|15935|15984|49|35564|35613|101|48259|48360|101|70117|70218|0|15988|15988|47|35817|35864|47|49140|49187|47|71443|71490|
1000002748||||||||||0|45390|45390||||||||||0|39339|39339||||||||||0|34553|34553||||||||||0|32628|32628||||||||||0|34184|34184|
1000002788||||||||||||||||||||||||||||||||||||||||||||||||||||||||||0|139676|139676|
1000002845|709|64461|65170|1407|123380|124787|2341|174628|176969|4593|365730|370323|1604|90654|92258|3087|178359|181446|1312|275987|277299|1319|496534|497853|515|130173|130688|1535|242185|243720|2129|343190|345319|3078|545366|548444|879|126331|127210|2301|236139|238440|3727|330902|334629|3832|513065|516897|1537|127257|128794|2127|223420|225547|3639|315278|318917|4367|473155|477522|
1000002848||||||||||0|11063|11063||||||||||0|14469|14469||||||||||0|14609|14609|||||||||||||||||||||||||
1000002930||||||||||||||||||||||0|10429|10429|||||||||||||||||||||||||||||||||||||
1000002936|180173|31544|211717|376511|79753|456264|581833|143122|724955|824934|207560|1032494|230735|52148|282883|543739|116531|660270|||||||||||||||||||||||||||||||||||||||||||
1000002967||||||||||0|878|878|||||||||||||||||||||||||||||||||||||||||||||||||
1000002970||||||||||0|6745|6745||||||||||0|13253|13253|||||||||||||||||||||||||||||||||||||
1000002974||||||||||0|6558|6558||||||||||||||||||||||0|12533|12533||||||||||0|7717|7717||||||||||0|3567|3567|
1000003020||||||||||||||||||||||||||||||||||0|15313|15313|||||||||||||||||||||||||
1000003088||||||||||0|4218|4218||||||||||0|7447|7447||||||||||0|9096|9096|||||||||||||||||||||||||
1000003118||||||||||0|34034|34034||||||||||0|42522|42522||||||||||0|60606|60606|||||||||||||||||||||||||
1000003189||||||||||0|30715|30715||||||||||0|40310|40310|||||||||||||||||||||||||||||||||||||
1000003241||||||||||||||||||||||||||||||||||||||||||||||||||||||||||0|16577|16577|
1000003244||||||||||0|59720|59720||||||||||0|71615|71615||||||||||0|79788|79788||||||||||0|92561|92561|||||||||||||
1000003441||||||||||||||||||||||||||||||||||||||||||||||0|1231|1231|||||||||||||
1000003491|0|66500|66500|0|130430|130430|0|195993|195993|0|258019|258019|0|62751|62751|0|132694|132694|0|201179|201179|0|270724|270724|0|74979|74979|0|161244|161244|0|258381|258381|0|354608|354608|0|122931|122931|0|236387|236387|0|376297|376297|0|515784|515784|0|158288|158288|0|325711|325711|0|501716|501716|0|682467|682467|
1000003539||||||||||0|2546|2546||||||||||0|2083|2083||||||||||0|2998|2998||||||||||0|3784|3784||||||||||0|3528|3528|
1000003623||||||||||0|6361|6361||||||||||0|6361|6361||||||||||||||||||||||||||||||||||0|10579|10579|
1000003767||||||||||0|3492|3492|||||||||||||||||||||||||||||||||||||||||||||||||
1000003827|273775|499981|773756|569509|1104986|1674495|855927|1686885|2542812|1133072|2338928|3472000|296329|565099|861428|615701|1194209|1809910|948927|1774978|2723905|1218425|2392726|3611151|286811|553566|840377|592599|1186258|1778857|863695|1779399|2643094|1122489|2403318|3525807|288048|561410|849458|596538|1194831|1791369|897760|1783699|2681459|1193893|2378143|3572036|319433|461957|781390|644068|956801|1600869|954021|1459512|2413533|1241406|1937283|3178689|
1000003848||||||||||||||||||||||0|1360|1360||||||||||0|16379|16379||||||||||0|17624|17624|||||||||||||
1000003938||||||||||||||||||||||0|8001|8001|||||||||||||||||||||||||||||||||||||
1000004011|57876|3242|61118|127870|6608|134478|197876|13263|211139|285496|19433|304929|88265|2811|91076|176480|5255|181735|238608|7573|246181|304308|11832|316140|52038|2759|54797|106786|5518|112304|162946|8634|171580|224695|10961|235656|69543|2878|72421|139812|5304|145116|220540|7830|228370|304406|10454|314860|69880|2985|72865|141483|5837|147320|203825|8773|212598|283651|11551|295202|
1000004380||||||||||0|2114|2114|||||||||||||||||||||||||||||||||||||||||||||||||
1000004563||||||||||0|2892|2892||||||||||||||||||||||0|3137|3137|||||||||||||||||||||||||
1000004872|0|20607|20607|0|49198|49198|0|76108|76108|0|108383|108383|0|21021|21021|0|54157|54157|0|82747|82747|0|116368|116368|0|21370|21370|0|55036|55036|0|84440|84440|0|118564|118564|0|24680|24680|0|67945|67945|0|104947|104947|0|142913|142913|0|24635|24635|0|63846|63846|0|104533|104533|0|144082|144082|
1000005023||||||||||||||||||||||0|48250|48250||||||||||0|5778|5778|||||||||||||||||||||||||
1000005054||||||||||0|37779|37779|||||||||||||||||||||||||||||||||||||||||||||||||
1000005192||||||||||||||||||||||0|2038|2038|0|509590|509590|0|1017455|1017455|0|1546250|1546250|0|2077355|2077355|0|539167|539167|0|1077905|1077905|0|1632240|1632240|0|2195646|2195646|0|580721|580721|0|1159468|1159468|0|1738143|1738143|0|2367115|2367115|
1000005259||||||||||||||||||||||||||||||||||||||||||||||||||||||||||0|2305022|2305022|
1000005279||||||||||0|8065|8065||||||||||0|8948|8948||||||||||0|9896|9896||||||||||0|9710|9710||||||||||0|9610|9610|
1000005446||||||||||||||||||||||0|1264|1264||||||||||0|493|493|||||||||||||||||||||||||
1000005563||||||||||||||||||||||0|8526|8526||||||||||||||||||||||0|12057|12057||||||||||0|8782|8782|
1000005914||||||||||0|1412|1412||||||||||0|1380|1380||||||||||0|1380|1380|||||||||||||||||||||||||
1000005969||||||||||0|88466|88466||||||||||||||||||||||0|114688|114688||||||||||0|123476|123476|||||||||||||
1000005973|2574|3170|5744|5581|6407|11988|7002|9641|16643|8476|14380|22856|2996|4963|7959|6944|9952|16896|11200|13928|25128|15579|18051|33630|4025|4336|8361|6124|8184|14308|7739|11360|19099|9544|14536|24080|1293|3539|4832|2986|7179|10165|4705|10158|14863|5701|12894|18595|1355|3264|4619|2683|6614|9297|4600|9636|14236|5847|12396|18243|
1000005984||||||||||||||||||||||0|38119|38119|||||||||||||||||||||||||||||||||||||
1000006009|84556|15019|99575|179142|39509|218651|272437|64084|336521|370133|87680|457813|105146|15800|120946|219128|35727|254855|337883|67850|405733|458932|90869|549801|118794|18484|137278|238741|34147|272888|354629|67238|421867|462763|90419|553182|119754|12794|132548|243306|29976|273282|366278|64111|430389|489651|85339|574990|128804|12812|141616|263167|29188|292355|395978|65171|461149|554631|84752|639383|
1000006049||||||||||||||||||||||||||||||||||||||||||||||||||||||||||0|4636|4636|
1000006077||||||||||0|34467|34467||||||||||0|38743|38743||||||||||0|45695|45695|||||||||||||||||||||||||
1000006096|35149|29405|64554|69362|63387|132749|102295|91390|193685|130107|121404|251511|34099|32655|66754|74898|69757|144655|121049|102354|223403|171219|138520|309739|42359|35808|78167|88535|70088|158623|127411|102876|230287|161485|134624|296109|35792|30397|66189|70594|60899|131493|125143|66235|191378|163946|87481|251427|42108|24594|66702|82643|50058|132701|128511|71715|200226|131118|139926|271044|
1000006108|0|34840|34840|0|71707|71707|0|95831|95831|0|126265|126265|0|30998|30998|0|58587|58587|0|89912|89912|0|118038|118038|0|31299|31299|0|65475|65475|0|94413|94413|0|120685|120685|0|28913|28913|0|65688|65688|0|100758|100758|0|132825|132825|0|35333|35333|0|68538|68538|0|102374|102374|0|132540|132540|
1000006270||||||||||0|9256|9256|||||||||||||||||||||||||||||||||||||||||||||||||
1000006814||||0|8805|8805||||||||||||||||||||||||||||||||||||||||||||||||||||0|20644|20644|
1000006995|||||||||||||||||||||||||||||||||||||||||||||||||0|1762|1762||||||||||
1000007075|||||||||||||||||||||||||||||||||||||||||||||||||||||||522|214724|215246|776|286589|287365|
1000007100||||||||||||||||||||||0|9456|9456|||||||||||||||||||||||||||||||||||||
1000007434||||||||||0|194417|194417||||||||||||||||||||||||||||||||||||||||||||||0|230492|230492|
1000007437|6301|9718|16019|8110|21525|29635|8858|37045|45903|12148|56390|68538|745|8543|9288|918|23985|24903|1255|36776|38031|3402|50797|54199|686|17212|17898|7599|26949|34548|7667|42963|50630|7667|70829|78496|0|16995|16995|0|30041|30041|0|42695|42695|0|77062|77062|0|17455|17455|0|73288|73288|47|110051|110098|2761|144726|147487|
1000007696||||||||||||||||||||||||||||||||||||||||||||||0|8888|8888|||||||||||||
1000007982|0|38792|38792|0|74970|74970|0|107472|107472|0|144578|144578|0|42559|42559|0|93756|93756|0|141750|141750|0|184784|184784|0|42240|42240|0|84965|84965|0|127093|127093|0|169274|169274|0|43414|43414|0|93542|93542|0|143761|143761|0|194361|194361|0|57417|57417|0|122068|122068|0|186185|186185|0|243523|243523|
1000008154||||||||||||||||||||||||||||||||||||||||||||||0|19218|19218|||||||||||||
1000008275||||||||||||||||||||||||||||||||||0|30736|30736||||||||||0|46693|46693|||||||||||||
1000008390|1236|20669|21905|2229|45176|47405|2913|68987|71900|4064|95120|99184|1648|25158|26806|2197|49799|51996|2873|73298|76171|3385|97117|100502|429|27888|28317|928|55620|56548|1306|81023|82329|1583|111861|113444|341|29132|29473|585|61090|61675|1453|97451|98904|6445|137052|143497|2070|31347|33417|7768|67072|74840|12473|103535|116008|15106|136726|151832|
1000008409|1383|28229|29612|2656|78547|81203|3760|121117|124877|4710|162590|167300|826|42164|42990|1868|71794|73662|2620|105132|107752|3676|141424|145100|1238|33945|35183|2255|72838|75093|3400|109868|113268|4433|146904|151337|1197|38519|39716|1862|72582|74444|3008|120206|123214|4078|182365|186443|845|45029|45874|1936|92697|94633|3789|140705|144494|5045|190203|195248|
1000008552||||||||||||||||||||||0|8192|8192||||||||||0|11283|11283||||||||||0|7714|7714||||||||||0|7197|7197|
1000008639||||||||||0|3700|3700|||||||||||||||||||||||||||||||||||||||||||||||||
1000008996||||||||||0|22371|22371||||||||||0|15244|15244||||||||||0|10107|10107|||||||||||||||||||||||||
1000009005|10265|547|10812|21130|1339|22469|43820|3021|46841|44353|2864|47217|11733|387|12120|22570|919|23489|35570|1401|36971|195|73452|73647|327|33778|34105|482|56174|56656|791|72559|73350|2101|91641|93742|1051|20712|21763|2146|39771|41917|2816|58354|61170|3543|83180|86723|1379|21998|23377|3179|46881|50060|5266|73147|78413|8008|102991|110999|
1000009075||||||||||||||||||||||0|6600|6600|||||||||||||||||||||||||||||||||||||
1000009122||||||||||0|68634|68634||||||||||0|85188|85188||||||||||0|109958|109958||||||||||0|83530|83530||||||||||0|85443|85443|
1000009223||||||||||0|16323|16323||||||||||0|13445|13445|||||||||||||||||||||||||||||||||||||
1000009423||||||||||||||||||||||||||||||||||||||||||||||0|585576|585576||||||||||0|700770|700770|
1000009662||||||||||0|22244|22244|||||||||||||||||||||||||||||||||||||||||||||||||
1000009734||||||||||0|19778|19778|||||||||||||||||||||||||||||||||||||||||||||||||
1000010015||||||||||0|16100|16100||||||||||0|22000|22000||||||||||0|19300|19300||||||||||0|24600|24600||||||||||0|26700|26700|
1000010022||||||||||0|50732|50732||||||||||0|59983|59983||||||||||0|72206|72206||||||||||0|82966|82966||||||||||0|82788|82788|
1000010056||||||||||0|52823|52823||||||||||0|58633|58633||||||||||0|61162|61162||||||||||0|68092|68092||||||||||0|61647|61647|
1000010062|33006|301|33307|57860|629|58489|85925|858|86783|97879|1973|99852|9157|1254|10411|36625|3979|40604|84390|5221|89611|114554|7860|122414|43359|5293|48652|83733|10308|94041|133045|13715|146760|182124|17931|200055|48369|3013|51382|101801|10371|112172|133343|13383|146726|167323|15926|183249|28428|1609|30037|54769|2269|57038|74330|3109|77439|96540|4314|100854|
1000010102|16223|16999|33222|48735|15815|64550|79260|34103|113363|121178|50486|171664|45188|21050|66238|93426|36114|129540|140522|53569|194091|196528|63769|260297|38285|15201|53486|70719|21240|91959|106128|36649|142777|148746|46360|195106|38813|12126|50939|75092|17379|92471|117023|20690|137713|0|175943|175943|0|36631|36631|0|76591|76591|0|114553|114553|0|154135|154135|
1000010200||||||||||||||||||||||0|30892|30892|||||||||||||||||||||||||||||||||||||
1000010201||||||||||0|11694|11694|||||||||||||||||||||||||||||||||||||||||||||||||
1000010326|0|94561|94561|0|201398|201398|0|285672|285672|0|399500|399500|0|94567|94567|0|208138|208138|0|302769|302769|0|411288|411288|7180|26397|33577|0|194731|194731|0|283054|283054|32818|119422|152240|12002|25526|37528|23636|55151|78787|36426|4492|40918|0|388939|388939|0|95548|95548|0|187208|187208|0|264029|264029|0|358077|358077|
1000010603||||||||||0|2276|2276|||||||||||||||||||||||||||||||||||||||||||||||||
1000010633||||||||||||||||||||||||||||||||||||||||||||||0|3300|3300|||||||||||||
1000010716||||||||||0|13776|13776|||||||||||||||||||||||||||||||||||||||||||||||||
1000010971||||||||||0|3339|3339|||||||||||||||||||||||||||||||||||||||||||||||||
1000011034||||||||||||||||||||||0|3173|3173||||||||||0|3412|3412|||||||||||||||||||||||||
1000011055|1176|7831|9007|1457|20567|22024|1417|30845|32262|1467|45529|46996|0|9416|9416|0|21693|21693|0|30612|30612|0|45986|45986|0|12964|12964|0|24943|24943|0|34350|34350|0|48883|48883|0|11399|11399|0|21732|21732|564|28898|29462|560|42752|43312|73|11788|11861|151|21383|21534|151|29079|29230|161|43320|43481|
1000011155||||||||||0|6897|6897|||||||||||||||||||||||||||||||||||||||||||||||||
1000011386||||||||||0|4596|4596|||||||||||||||||||||||||||||||||||||||||||||||||
1000011609||||||||||||||||||||||0|42955|42955||||||||||0|47991|47991||||||||||0|47435|47435|||||||||||||
1000011738||||||||||0|4478|4478||||||||||0|5415|5415||||||||||0|4042|4042|||||||||||||||||||||||||
1000011771|937|61302|62239|1612|129698|131310|4828|194320|199148|7965|270825|278790|4885|73448|78333|15460|140971|156431|21931|192641|214572|33287|248388|281675|12116|57144|69260|33301|111999|145300|56862|168911|225773|74947|227219|302166|16925|39626|56551|42395|95914|138309|66457|149117|215574|91250|206476|297726|31388|59318|90706|77359|112411|189770|122702|180906|303608|151785|252475|404260|
1000011990||||||||||0|44219|44219||||||||||0|52694|52694||||||||||0|56687|56687|||||||||||||||||||||||||
1000011991||||||||||0|10220|10220||||0|5819|5819|0|9748|9748|0|12528|12528||||0|7564|7564|0|11702|11702|0|15884|15884|0|3650|3650|0|7454|7454|0|11959|11959|0|16098|16098|0|3626|3626|0|6454|6454|0|9846|9846|0|14717|14717|
1000011999||||||||||0|1124|1124||||||||||0|1512|1512|||||||||||||||||||||||||||||||||||||
1000012111||||||||||0|32539|32539|||||||||||||||||||||||||||||||||||||||||||||||||
1000012204|47634|29967|77601|94793|56883|151676|146584|85358|231942|189126|112743|301869|49436|28834|78270|98165|55157|153322|148106|75481|223587|177576|98864|276440|23080|19558|42638|56237|46617|102854|93145|71098|164243|125710|91929|217639|29735|22040|51775|78244|47276|125520|125894|70278|196172|161399|89896|251295|41960|22135|64095|92172|44392|136564|138452|66530|204982|178070|85351|263421|
1000012267||||||||||0|8443|8443||||||||||0|9703|9703||||||||||0|12394|12394||||||||||0|13794|13794|||||||||||||
1000012504||||||||||||||||||||||||||||||||||0|48963|48963|||||||||||||||||||||||||
1000012567|3077|9267|12344|7942|21550|29492|10769|31653|42422|21608|38762|60370|4674|13527|18201|4822|36174|40996|8821|52116|60937|10650|65268|75918|2240|13410|15650|3932|36384|40316|6729|47161|53890|10530|61559|72089|2109|12622|14731|3969|27714|31683|6435|37984|44419|12745|49978|62723|1618|11111|12729|6864|30910|37774|10739|44940|55679|13168|68962|82130|
1000012776||||||||||0|3131|3131|||||||||||||||||||||||||||||||||||||||||||||||||
1000012789||||||||||||||||||||||||||||||||||||||||||||||0|16001|16001||||||||||0|26925|26925|
1000012796||||||||||||||||||||||||||||||||||0|12509|12509|||||||||||||||||||||||||
1000012832||||||||||||||||||||||||||||||||||0|6760|6760||||||||||0|8158|8158|||||||||||||
1000013622||||||||||0|13247|13247||||||||||0|14803|14803||||||||||0|16225|16225|||||||||||||||||||||||||
1000013934||||||||||||||||||||||||||||||||||||||||||||||0|9777|9777|||||||||||||
1000014012||||||||||0|63720|63720||||||||||0|63576|63576|||||||||||||||||||||||||||||||||||||
1000014064||||||||||0|6131|6131||||||||||0|12798|12798||||||||||0|16541|16541||||||||||0|12981|12981|||||||||||||
1000014119||||||||||0|12107|12107||||||||||0|9431|9431|||||||||||||||||||||||||||||||||||||
1000014293||||||||||0|30503|30503||||||||||0|36673|36673||||||||||0|50444|50444||||||||||0|58935|58935||||||||||0|56680|56680|
1000014451||||||||||||||||||||||||||||||||||||||||||||||||||||||||||0|47452|47452|
1000014489||||||||||0|56622|56622||||||||||0|73543|73543||||||||||||||||||||||0|87969|87969|||||||||||||
1000014547||||||||||||||||||||||0|3147|3147||||||||||0|3147|3147|||||||||||||||||||||||||
1000014551||||||||||0|12303|12303||||||||||0|9744|9744||||||||||0|9631|9631||||||||||0|0|0||||||||||0|0|0|
1000014609||||||||||0|6578|6578||||||||||0|5519|5519||||||||||0|4252|4252|||||||||||||||||||||||||
1000014785||||||||||0|17155|17155||||||||||0|16335|16335||||||||||0|17531|17531||||||||||0|19563|19563||||||||||0|22762|22762|
1000014846||||||||||0|28546|28546||||||||||0|29003|29003|||||||||||||||||||||||||||||||||||||
1000015002||||||||||0|19581|19581||||||||||0|18468|18468||||||||||0|16570|16570|||||||||||||||||||||||||
1000015271||||||||||||||||||||||||||||||||||||||||||||||||||||||||||0|2717|2717|
1000015429|0|356536|356536|0|747824|747824|0|1153363|1153363|0|1521786|1521786|0|435596|435596|0|890985|890985|0|1459783|1459783|0|2025137|2025137|0|568534|568534|0|1161772|1161772|0|1705430|1705430|0|2081764|2081764|0|462711|462711|0|910619|910619|892248|451394|1343642|0|1777520|1777520|0|402332|402332|0|844136|844136|0|1311671|1311671|0|1740551|1740551|
1000015529||||||||||0|45789|45789|||||||||||||||||||||||||||||||||||||||||||||||||
1000015570||||||||||0|3118|3118|||||||||||||||||||||||||||||||||||||||||||||||||
1000015586||||||||||0|2725|2725||||||||||0|3226|3226||||||||||0|1495|1495||||||||||0|2257|2257||||||||||0|2555|2555|
1000015750||||||||||0|10734|10734||||||||||0|11701|11701||||||||||0|6859|6859||||||||||0|8778|8778|||||||||||||
1000015843||||||||||0|48208|48208||||||||||0|63577|63577||||||||||0|54719|54719|||||||||||||||||||||||||
1000016026|1044|6053|7097|0|14496|14496|0|20745|20745|||||||0|15215|15215|0|22970|22970|||||||0|17440|17440|0|25232|25232|0|32194|32194|0|7050|7050|0|13341|13341|0|17969|17969|0|22139|22139|0|4169|4169|0|9010|9010|0|13960|13960|0|18504|18504|
1000016170||||||||||0|1400|1400||||||||||0|496|496||||||||||0|602|602|||||||||||||||||||||||||
1000016309||||||||||0|3194|3194||||||||||0|3062|3062||||||||||0|4378|4378||||||||||0|2794|2794|||||||||||||
1000016369||||||||||0|24198|24198|||||||||||||||||||||||||||||||||||||||||||||||||
1000016408||||||||||0|300|300|||||||||||||||||||||||||||||||||||||||||||||||||
1000016733||||||||||0|21131|21131||||||||||6|21200|21206||||||||||0|25453|25453||||||||||0|24977|24977||||||||||0|20016|20016|
1000016902|30147|104031|134178|69759|272326|342085|80851|449147|529998|90717|600808|691525|20101|188237|208338|52074|369240|421314|81206|519692|600898|85200|710739|795939|3794|203644|207438|7123|428268|435391|10931|608308|619239|13738|816655|830393|2731|185628|188359|10535|362262|372797|20197|534462|554659|31789|736990|768779|9206|177051|186257|16709|383734|400443|24574|564206|588780|31296|735845|767141|
1000016938|8183|82422|90605|10916|181051|191967|15011|267649|282660|24470|366001|390471|5922|78060|83982|12740|169778|182518|15718|248855|264573|16057|346854|362911|3753|83315|87068|8485|182928|191413|11165|265559|276724|13860|365772|379632|4034|379862|383896|6729|875893|882622|11756|1389789|1401545|11803|1922011|1933814|1867|442324|444191|4821|988527|993348|6440|1566641|1573081|9424|2605821|2615245|
1000016977||||||||||||||||||||||||||||||||||||||||||||||||||||||||||0|29822|29822|
1000016986|0|546069|546069|0|1121781|1121781|0|1684713|1684713|0|2291434|2291434|0|564288|564288|0|1285198|1285198|0|2036878|2036878|0|2747692|2747692|0|697479|697479|0|1476971|1476971|0|2286008|2286008|0|3074242|3074242|0|731449|731449|0|1542727|1542727|0|2374620|2374620|0|3224779|3224779|0|798639|798639|0|1681956|1681956|0|2583114|2583114|0|3481082|3481082|
1000017263||||||||||0|143075|143075|||||||||||||||||||||||||||||||||||||||||||||||||
1000017579|29334|245149|274483|58397|657063|715460|104982|1088187|1193169|114163|1592369|1706532|9191|338803|347994|29150|764301|793451|70340|1120960|1191300|134547|1653616|1788163|73357|331664|405021|184485|721914|906399|292991|1103925|1396916|460308|1701765|2162073|131438|336143|467581|238437|713944|952381|313030|1093119|1406149|354353|1531609|1885962|40582|369484|410066|90284|827559|917843|197157|1172894|1370051|401244|1598461|1999705|
1000018208|3254851|426638|3681489|6532236|946531|7478767|9569463|1467270|11036733|13308830|2184552|15493382|3436784|470944|3907728|7020483|1075851|8096334|10635018|1725732|12360750|14943810|2358210|17302020|4113232|729127|4842359|8573931|1722068|10295999|12507527|2799678|15307205|17554202|3742004|21296206|4778684|736942|5515626|10578672|1552438|12131110||||22685369|2853208|25538577|6345893|425813|6771706|13050220|1149903|14200123|19817782|1963777|21781559|27235074|2698141|29933215|
1000018209|104735|139680|244415|202784|290158|492942|295478|428768|724246|415699|588227|1003926|117127|188954|306081|240492|397055|637547|378045|616496|994541|0|766772|766772|138092|228524|366616|288534|470806|759340|436074|701146|1137220|651157|859649|1510806|305559|72925|378484|631692|147879|779571|478520|688919|1167439|0|1567413|1567413|0|429983|429983|0|865379|865379|0|1277375|1277375|757787|941529|1699316|
1000018232||||||||||0|90611|90611||||||||||0|96647|96647||||||||||0|120652|120652||||||||||0|120574|120574||||||||||0|138216|138216|
1000018271||||||||||||||||||||||||||||||||||||||||||||||||||||||||||0|72093|72093|
1000018336|9775|36619|46394|24783|90092|114875|40852|116844|157696|13550|198664|212214|16734|44407|61141|34159|90474|124633|51455|184803|236258|62236|244610|306846|12392|61153|73545|30645|126865|157510|47386|185621|233007|64323|236236|300559|16629|60192|76821|34735|123532|158267|53062|178059|231121|67078|229313|296391|13945|54391|68336|27696|113110|140806|44104|166409|210513|58895|218529|277424|
1000018347||||||||||0|52573|52573||||||||||||||||||||||0|49809|49809||||||||||0|44545|44545||||||||||0|45874|45874|
1000018412||||||||||||||||||||||||||||||||||||||||||||||||||||||||||0|37042|37042|
1000018414||||||||||0|18598|18598||||||||||0|17698|17698||||||||||0|18927|18927||||||||||0|19588|19588|||||||||||||
1000018493|0|68054|68054|0|143621|143621|0|227263|227263|0|322147|322147|0|97237|97237|0|176739|176739|0|262610|262610|0|340567|340567|0|70748|70748|0|137749|137749|0|199211|199211|0|262438|262438|0|57987|57987|0|118240|118240|0|163782|163782|0|223662|223662|0|52287|52287|0|106717|106717|0|159809|159809|0|217962|217962|
1000018543||||||||||0|2920|2920|||||||||||||||||||||||||||||||||||||||||||||||||
1000018802||||||||||0|6055|6055||||||||||0|7118|7118||||||||||0|4794|4794|||||||||||||||||||||||||
1000018886|0|1854756|1854756|0|3834854|3834854|0|5604958|5604958|0|7527739|7527739|0|1906829|1906829|0|3878590|3878590|0|5958891|5958891|0|8207614|8207614|0|2095022|2095022|0|4380091|4380091|0|6479103|6479103|0|8590316|8590316|0|2141584|2141584|0|4374696|4374696|0|6475856|6475856|0|8180886|8180886|0|2126370|2126370|0|4391740|4391740|0|6392224|6392224|0|8481561|8481561|
1000018893|2550526|1454138|4004664|3828131|1823988|5652119|6154130|2958693|9112823|8321201|2962410|11283611|2217240|854045|3071285|5116460|1722506|6838966|8396016|2403274|10799290|11933289|3487769|15421058|3306526|734516|4041042|6868270|1712134|8580404|10184359|2551024|12735383|13793257|3796631|17589888|3296845|801022|4097867|6387095|1861259|8248354|9033418|2610505|11643923|12367987|3865068|16233055|2897195|851379|3748574|6595790|1721805|8317595|9625434|2572511|12197945|13497123|3560753|17057876|
1000018894||||||||||0|32635|32635|||||||||||||||||||||||||||||||||||||||||||||||||
1000018947|32738|14788|47526|61889|34034|95923|90040|49963|140003|119378|75369|194747|33669|15223|48892|67404|36240|103644|101221|57242|158463|137055|81168|218223|37605|21254|58859|78302|40269|118571|119282|62422|181704|148152|82849|231001|28198|21258|49456|51785|39819|91604|88263|62328|150591|123132|80683|203815|28387|13955|42342|52270|34311|86581|87978|51551|139529|114258|70375|184633|
1000019110||||||||||0|11727|11727||||||||||0|11727|11727||||||||||0|10289|10289|||||||||||||||||||||||||
1000019183||||||||||0|2828|2828||||||||||0|2122|2122||||||||||0|2616|2616|||||||||||||||||||||||||
1000019650||||||||||0|6738|6738||||||||||0|8235|8235|||||||||||||||||||||||||||||||||||||
1000019912||||||||||0|8435|8435||||||||||0|7302|7302|||||||||||||||||||||||||||||||||||||
1000020032||||||||||0|11635|11635|||||||||||||||||||||||||||||||||||||||||||||||||
1000020220||||||||||0|6445|6445||||||||||0|4603|4603||||||||||0|5600|5600||||||||||0|6859|6859|||||||||||||
1000020242||||||||||||||||||||||||||||||||||||||||||||||0|17606|17606|||||||||||||
1000020402||||||||||0|3935|3935||||||||||0|4397|4397||||||||||678|3307|3985|99|624|723|157|769|926|157|874|1031|157|977|1134|0|45|45|0|81|81|0|108|108|0|144|144|
1000020487||||||||||0|442|442|||||||||||||||||||||||||||||||||||||||||||||||||
1000021048||||||||||0|1461|1461||||||||||0|1577|1577||||||||||0|1174|1174|||||||||||||||||||||||||
1000021094||||||||||||||||||||||0|2703|2703||||||||||0|3170|3170|||||||||||||||||||||||||
1000021230||||||||||0|1136|1136||||||||||0|1431|1431||||||||||0|2997|2997|||||||||||||||||||||||||
1000021461||||||||||||||||||||||||||||||||||0|4751|4751|||||||||||||||||||||||||
1000021483||||||||||||||||||||||||||||||||||||||||||||||||||||599152|4597|603749|871187|6536|877723|1219336|8792|1228128|
1000021642||||||||||0|5150|5150||||||||||0|4540|4540||||||||||0|6626|6626|||||||||||||||||||||||||
1000021694||||||||||||||||||||||0|43865|43865|||||||||||||||||||||||||||||||||||||
1000021722||||||||||0|18313|18313||||||||||||||||||||||0|19920|19920|||||||||||||||||||||||||
1000021921||||||||||||||||||||||0|2972|2972||||||||||0|3312|3312|||||||||||||||||||||||||
1000022456||||||||||0|5890|5890||||||||||0|7176|7176||||||||||0|8874|8874|||||||||||||||||||||||||
1000022904||||||||||||||||||||||||||||||||||0|15632|15632||||||||||0|14562|14562||||||||||0|10066|10066|
1000023047||||||||||0|7837|7837|||||||||||||||||||||||||||||||||||||||||||||||||
1000023081||||||||||0|1620|1620||||||||||0|2084|2084|||||||||||||||||||||||||||||||||||||
1000023491||||||||||0|338|338||||||||||0|369|369||||||||||0|165|165|||||||||||||||||||||||||
1000023603||||||||||0|571623|571623||||||||||0|703556|703556||||||||||||||||||||||||||||||||||0|719440|719440|
1000023775|109346|102428|211774|194802|265007|459809|390437|282685|673122|304133|592518|896651|30637|143125|173762|96008|290002|386010|135026|372604|507630|233153|493544|726697|72910|127510|200420|110981|240644|351625|129007|347035|476042|150584|448509|599093|9919|84201|94120|35331|260181|295512|64695|433595|498290|88466|599612|688078|7506|81596|89102|21963|268855|290818|48400|377266|425666|75285|534813|610098|
1000023781||||||||||0|9802|9802||||||||||||||||||||||0|9943|9943||||||||||0|9831|9831||||||||||0|29078|29078|
1000023986|376|4678|5054|616|8221|8837|1179|11599|12778|2908|13278|16186|0|3178|3178|0|4897|4897|2272|4426|6698|2712|6991|9703|433|3431|3864|825|6964|7789|0|12634|12634|0|16393|16393|0|5149|5149|0|10870|10870|0|14919|14919|0|20734|20734|0|4129|4129|0|8937|8937||||0|12651|12651|
1000024044||||||||||||||||||||||||||||||||||||||||||||||0|1300|1300|||||||||||||
1000024049||||||||||||||||||||||||||||||||||||||||||||||0|3315|3315|||||||||||||
1000024162||||||||||||||||||||||||||||||||||||||||||||||0|3261|3261|||||||||||||
1000024840||||||||||0|3856|3856||||||||||0|3900|3900||||||||||0|2695|2695|||||||||||||||||||||||||
1000025440|0|12785|12785|0|26110|26110|0|42863|42863|0|66070|66070|0|24277|24277|0|50120|50120|0|72788|72788|0|99891|99891|0|26552|26552|0|50999|50999|0|73643|73643|0|99143|99143|0|20055|20055|0|38680|38680|0|55187|55187|0|74780|74780|0|14199|14199|0|28066|28066|0|43438|43438|0|57967|57967|
1000025534||||||||||||||||||||||||||||||||||0|2810|2810||||||||||0|1913|1913|||||||||||||
1000026355||||||||||0|4000|4000||||||||||0|4000|4000||||||||||||||||||||||0|391|391|||||||||||||
1000026161|||||||0|400|400|||||||||||||0|400|400||||||||||0|1927|1927|||||||||||||||||||||||||
1000021318||||||||||||||||||||||||||||||||||||||||||||||0|8967|8967|||||||||||||
1000013107||||||||||0|2162|2162||||||||||0|2000|2000||||||||||0|1823|1823|||||||||||||||||||||||||
1000005273||||||||||||||||||||||||||||||||||||||||||||||||||||||||||0|461718|461718|
1000005568|2880|132017|134897|5426|272854|278280|7946|408811|416757|12643|546502|559145|2746|156435|159181|8663|312544|321207|11299|473068|484367|25895|609914|635809|1687|144018|145705|5604|293803|299407|7949|440617|448566|10068|589086|599154|1899|148772|150671|4173|298238|302411|6967|449998|456965|8991|602106|611097|2341|131678|134019|4670|265771|270441|7829|406512|414341|9954|549690|559644|
1000005479||||||||||||||||||||||0|19721|19721|||||||||||||||||||||||||||||||||||||
1000023968||||||||||||||||||||||||||||||||||||||||||||||0|88375|88375|||||||||||||
1000026255||||||||||0|6595|6595|||||||||||||||||||||||||||||||||||||||||||||||||
1000025719||||||||||||||||||||||0|2414020|2414020|||||||||||||||||||||||||||||||||||||
1000026600||||||||||||||||||||||||||||||||||||||||||||||0|62658|62658|0|15395|15395|0|30003|30003|0|45097|45097|0|59972|59972|
1000026472||||||||||0|35|35|||||||||||||||||||||||||||||||||||||||||||||||||
1000025026||||||||||||||||||||||||||||||||||0|6800|6800|||||||||||||||||||||||||
1000009326|32628|45407|78035|52875|93288|146163|85825|129435|215260|100600|183648|284248|19671|57184|76855|72510|94078|166588|96404|166656|263060|143105|221497|364602|46834|66300|113134|93891|127869|221760|144311|190091|334402|176460|285691|462151|41332|81044|122376|98004|168810|266814|143499|237005|380504|186139|324433|510572|38135|91586|129721|110816|159433|270249|164102|235489|399591|212256|319781|532037|
1000028304||||||||||||||||||||||0|6318|6318|||||||||||||||||||||||||||||||||||||
1000026173||||||||||0|7633|7633||||||||||0|12443|12443||||||||||0|14455|14455|||||||||||||||||||||||||
1000024923||||||||||||||||||||||||||||||||||||||||||||||0|4049|4049|||||||||||||
1000026218||||||||||0|716430|716430||||||||||0|947545|947545||||||||||||||||||||||0|948291|948291||||||||||0|995791|995791|
1000027778||||||||||0|19695|19695|||||||||||||||||||||||||||||||||||||||||||||||||
1000027833||||||||||0|1350|1350|||||||||||||||||||||||||||||||||||||||||||||||||
1000012015||||||||||0|67332|67332||||||||||0|67332|67332||||||||||0|119757|119757|0|24643|24643|0|56513|56513|25|84262|84287|25|116959|116984|0|26520|26520|3451|48071|51522|3676|66779|70455|0|97367|97367|
1000029233||||||||||||||||||||||||||||||||||0|4701|4701|||||||||||||||||||||||||
1000028978||||||||||||||||||||||441|53896|54337|0|7102|7102|0|16521|16521|470|25956|26426|611|50978|51589|4|7130|7134|4|16650|16654|4|25163|25167|4|46490|46494|0|7072|7072|9|15786|15795|9|23309|23318|72|41884|41956|
1000027726|139113|182660|321773|294616|386603|681219|439499|605618|1045117|672308|825053|1497361|231216|217601|448817|496698|432921|929619|760561|615986|1376547|996904|804931|1801835|278678|211531|490209|582561|417564|1000125|784650|638853|1423503|1013277|847628|1860905|234797|220948|455745|464245|431003|895248|647790|615128|1262918|1044268|765165|1809433|197304|181557|378861|437846|355895|793741|606580|518903|1125483|779095|705702|1484797|
1000028173||||||||||||||||||||||0|33539|33539||||||||||||||||||||||||||||||||||0|87427|87427|
1000005456||||||||||0|8335|8335||||||||||0|9410|9410|||||||||||||||||||||||||||||||||||||
1000025711|826145|138754|964899|1626227|291241|1917468|2322569|408681|2731250|2763394|520945|3284339|827360|105027|932387|1617899|189559|1807458|2425810|256403|2682213|3214097|301515|3515612|936159|82114|1018273|1895119|155265|2050384|2779922|199184|2979106|3548848|276119|3824967|885444|93667|979111|1672403|159701|1832104|2425769|221291|2647060|3156978|281084|3438062|800232|106608|906840|1681079|193468|1874547|2564309|264953|2829262|3450392|326132|3776524|
1000029491||||||||||||||||||||||||||||||||||0|4317|4317|||||||||||||||||||||||||
1000030165||||||||||0|550|550|||||||||||||||||||||||||||||||||||||||||||||||||
1000026103||||||||||||||||||||||||||||||||||0|15629|15629|||||||||||||||||||||||||
1000029663|||||||||||||||||||||||||||||||2545|131608|134153|3026|193689|196715|2252|55077|57329|4223|147344|151567|7039|202265|209304|8373|277026|285399|470|488|958|7598|16279|23877|8317|16922|25239|8982|24212|33194|
1000025944|806|2591|3397|1428|4647|6075|1366|7719|9085|2894|9369|12263|379|2339|2718|772|5330|6102|1329|8169|9498|5003|10771|15774|517|1545|2062|941|3582|4523|2002|5406|7408|5688|8127|13815|499|1538|2037|1194|3500|4694|1572|5637|7209|2564|8601|11165|481|7879|8360|1148|18252|19400|1819|27924|29743|4495|40649|45144|
1000031499||||||||||||||||||||||||||||||||||0|27767|27767|||||||||||||||||||||||||
1000028774||||||||||||||||||||||||||||||||||||||||||||||0|47509|47509|||||||||||||
1000031000||||||||||||||||||||||||||||||||||0|5263|5263||||||||||0|10021|10021|||||||||||||
1000001375||||||||||0|81535|81535||||||||||257|58336|58593||||||||||204|41115|41319||||||||||80|54236|54316||||||||||0|58346|58346|
1000024728||||||||||||||||||||||0|11791|11791||||||||||0|9090|9090||||||||||0|7737|7737||||||||||0|14562|14562|
1000001226||||799|18977|19776|1148|48964|50112|1484|82557|84041|322|28590|28912|588|64811|65399|565|99528|100093|724|136667|137391|0|28363|28363|0|59209|59209|0|86804|86804|0|116055|116055|0|25780|25780|0|50778|50778|0|74876|74876|0|99757|99757|0|24028|24028|0|53025|53025|0|83530|83530|0|110865|110865|
1000029052|8809|79949|88758|21457|159515|180972|35383|250077|285460|45975|335192|381167|0|123597|123597|0|246489|246489|0|352104|352104|0|461219|461219|0|120811|120811|0|235473|235473|0|325141|325141|0|429422|429422|0|121305|121305|0|270567|270567|0|405219|405219|0|570949|570949|0|157604|157604|0|301468|301468|0|446603|446603|0|616083|616083|
1000004759||||||||||0|780757|780757|0|239424|239424|0|530934|530934|0|861286|861286|0|1188788|1188788|0|340329|340329|0|689205|689205|0|1049067|1049067|0|1370650|1370650|0|440091|440091|0|914146|914146|0|1416254|1416254|0|1955618|1955618|0|567944|567944|0|1235461|1235461|0|1924840|1924840|0|2698320|2698320|
1000005057|332135|191649|523784|644508|406408|1050916|963511|597230|1560741|1344456|835611|2180067|410642|192843|603485|860344|430931|1291275|1342900|655627|1998527|1879794|965460|2845254|523300|256970|780270|1136549|544609|1681158|1784455|816270|2600725|0|3574266|3574266|0|938732|938732|0|1967766|1967766|0|2972984|2972984|2937956|1103572|4041528|784067|271091|1055158|1683372|582468|2265840|2503999|858357|3362356|3303640|1201609|4505249|
1000031866||||||||||||||||||||||||||||19639|9880|29519|57506|27217|84723|75879|41649|117528|34222|17958|52180|107641|46937|154578|170609|70878|241487|236123|95946|332069|74707|24192|98899|150655|47951|198606|230496|72095|302591||||
1000011792||||||||||0|1475|1475||||||||||0|2521|2521|||||||||||||||||||||||||||||||||||||
1000031081||||||||||||||||||||||||||||||||||||||||||||||||||||||||||0|16005|16005|
1000029777||||||||||||||||||||||0|15880|15880|||||||||||||||||||||||||||||||||||||
1000031422||||||||||||||||||||||||||||||||||0|141211|141211||||||||||0|196548|196548||||||||||0|215776|215776|
1000030943||||||||||||||||||||||||||||||||||||||||||||||||||||||||||0|47310|47310|
1000030916||||||||||||||||||||||0|2700|2700||||||||||||||||||||||0|2700|2700|||||||||||||
1000031184||||||||||21111|44637|65748|67704|133781|201485|135943|266784|402727|207868|408843|616711|277739|564688|842427|50975|119102|170077|109616|233520|343136|174093|335079|509172|240874|440871|681745|80134|96132|176266|166255|189047|355302|201036|330244|531280|271242|437167|708409|79667|89768|169435|156820|180917|337737|246362|273348|519710|282704|466687|749391|
1000009200||||||||||0|31209|31209||||||||||||||||||||||0|41838|41838||||||||||0|46390|46390|||||||||||||
1000008178||||||||||||||||||||||||||||||||||||||||||||||0|19857|19857||||||||||0|4211|4211|
1000008179||||||||||||||||||||||0|3939|3939||||||||||0|4869|4869|||||||||||||||||||||||||
1000006818||||||||||0|75967|75967|||||||||||||||||||||||||||||||||||||||||||||||||
1000008033||||||||||0|2004|2004||||||||||0|1597|1597||||||||||0|2836|2836||||||||||0|3179|3179||||||||||0|3000|3000|
1000008017||||||||||||||||0|6628|6628||||0|12894|12894||||||||||||||||||||||0|12227|12227|||||||||||||
1000008480||||||||||0|14366|14366||||||||||0|10813|10813||||||||||0|15019|15019||||||||||0|22962|22962||||||||||0|12946|12946|
1000008197||||||||||||||||||||||0|27774|27774|||||||||||||||||||||||||||||||||||||
1000008470||||||||||0|10270|10270||||||||||0|11703|11703||||||||||0|11171|11171|||||||||||||||||||||||||
1000007999||||||||||0|230|230|||||||||||||||||||||||||||||||||||||||||||||||||
1000025520||||||||||||||||||||||||||||0|98|98|||||||||||||||||||||||||||||||
1000008551|670982|664572|1335554|1474061|1457535|2931596|2304529|2162998|4467527|3117543|2993824|6111367|793833|917227|1711060|1671474|1922907|3594381|2472|2861|5333|3338286|3283189|6621475|722830|775334|1498164|1505406|1502335|3007741|2294678|2279644|4574322|3096158|3120896|6217054|657553|788287|1445840|1712924|1651760|3364684|2534168|2559759|5093927|3435240|3330029|6765269|1067205|876477|1943682|2041166|1791949|3833115|3051300|2668668|5719968|4035714|3552446|7588160|
1000029898||||||||||||||||||||||||||||||||||0|0|0|||||||||||||||||||||||||
1000010306||||||||||||||||||||||||||||||||||||||||||||||0|6517|6517|||||||||||||
1000009842||||||||||0|3938|3938||||||||||0|4182|4182||||||||||0|4092|4092||||||||||0|2779|2779||||||||||0|6317|6317|
1000000068|4205|136359|140564|11891|273619|285510|16369|417276|433645|26253|575562|601815|6317|147943|154260|14489|302735|317224|19926|465692|485618|0|676887|676887|5986|165385|171371|12597|342254|354851|19238|518534|537772|29787|711276|741063|2033|176186|178219|4260|344618|348878|6586|518856|525442|9836|700764|710600|1490|182030|183520|3901|369314|373215|6529|565264|571793|8835|758314|767149|
1000000083|11129|95996|107125|20162|204048|224210|25682|309945|335627|34979|430339|465318|15909|123644|139553|28118|228521|256639|40902|333139|374041|48394|458297|506691|9135|113780|122915|21955|203502|225457|31747|301230|332977|35087|405975|441062|8418|78791|87209|17293|155994|173287|26447|223521|249968|35678|329865|365543|9314|61657|70971|19413|129230|148643|29728|184884|214612|42529|229875|272404|
1000000170|33876|73368|107244|90450|164877|255327|183976|238512|422488|289247|327258|616505|102501|94844|197345|252180|185920|438100|451139|263375|714514|692545|338378|1030923|158498|89145|247643|280066|165938|446004|382783|234556|617339|458036|306806|764842|104715|65257|169972|253807|130925|384732|388749|182653|571402|477175|245893|723068|98979|55030|154009|203625|105885|309510|312542|159061|471603|406786|205704|612490|
1000000220|0|137590|137590|0|284950|284950|0|430682|430682|0|595947|595947|0|180174|180174|0|369481|369481|0|554287|554287|0|758534|758534|0|196036|196036|0|384550|384550|0|571240|571240|0|767794|767794|0|210555|210555|0|430691|430691|0|646515|646515|0|871650|871650|0|219936|219936|0|425578|425578|0|663400|663400|0|915553|915553|
1000000292|100|289500|289600|21000|598400|619400|22200|923700|945900|35800|1363200|1399000|4500|283300|287800|4600|566600|571200|4700|862200|866900|13300|1177300|1190600|25|3523|3548|12200|776500|788700|12400|1186500|1198900|14200|1703500|1717700|1|4963|4964|200|1143800|1144000|500|1609100|1609600|600|2174900|2175500|100|424700|424800|100|868400|868500|100|1332700|1332800|0|1790300|1790300|
1000000305|1015287|318515|1333802|0|4053519|4053519|0|6289843|6289843|0|8461841|8461841|0|2199096|2199096|0|4442953|4442953|0|6330129|6330129|0|7975626|7975626|968542|829710|1798252|0|3299389|3299389|2649988|2337609|4987597|3442563|3115015|6557578|926632|834219|1760851|1996147|1695012|3691159|3022419|2524715|5547134|4042134|3363821|7405955|901013|401666|1302679|1689859|767609|2457468|0|5325410|5325410|3136310|1435668|4571978|
1000000331||||||||||||||||||||||0|1583076|1583076|||||||||||||||||||||||||||||||||||||
1000000353|993600|537200|1530800|2135900|1090700|3226600|3346200|1627000|4973200|4818500|2668200|7486700|1298200|865200|2163400|2793100|1863700|4656800|4282900|2831800|7114700|5947200|4107100|10054300|1392800|1140700|2533500|3111600|2207700|5319300|4713800|3083700|7797500|6402500|4222400|10624900|1196100|1188600|2384700|2730400|2340600|5071000|4143600|3244400|7388000|5685100|4281500|9966600|1245500|852500|2098000|2763700|1512300|4276000|4319500|1952100|6271600|6271400|2757400|9028800|
1000000385|0|259626|259626|0|530959|530959|0|802464|802464|0|1097267|1097267|0|370433|370433|0|781472|781472|0|1221749|1221749|0|1404903|1404903|0|334534|334534|0|635682|635682|0|886388|886388|0|1133715|1133715|111282|36551|147833|0|546341|546341|0|836122|836122|0|1111631|1111631|0|322506|322506|0|663447|663447|0|992424|992424|0|1338757|1338757|
1000000502||||||||||0|5026|5026|||||||||||||||||||||||||||||||||||||||||||||||||
1000000517|6728500|149800|6878300|13526600|321700|13848300|20598800|472700|21071500|29245500|632600|29878100|6302700|190800|6493500|11777200|370900|12148100|18483000|519800|19002800|25686500|678200|26364700|4278700|132400|4411100|8853300|296300|9149600|13482400|452500|13934900|20697300|633500|21330800|4998800|254200|5253000|11442500|518700|11961200|18042300|740200|18782500|25608100|1007200|26615300|5825100|240200|6065300|11150000|502300|11652300|17874300|734900|18609200|24819600|990500|25810100|
1000000629||||||||||0|14346|14346||||||||||0|14346|14346||||||||||0|14184|14184|||||||||||||||||||||||||
1000000704|36191|45790|81981|86457|84496|170953|122401|148953|271354|209181|168200|377381|68205|39304|107509|169697|61732|231429|244359|70650|315009|0|565107|565107|0|161355|161355|0|340045|340045|0|510851|510851|0|661556|661556|0|136257|136257|0|265317|265317|0|381296|381296|0|515379|515379|0|148569|148569|0|317983|317983|259402|140989|400391|0|556647|556647|
1000000721|0|878992|878992|0|1784386|1784386|0|2718377|2718377|0|3664260|3664260|0|928001|928001|0|1906163|1906163|0|2875915|2875915|0|3856134|3856134|0|948295|948295|0|1954463|1954463|0|2962136|2962136|0|3966520|3966520|0|1001835|1001835|0|2084095|2084095|0|3184431|3184431|0|4310141|4310141|0|1174919|1174919|0|2433794|2433794|0|3688194|3688194|0|4963566|4963566|
1000000803||||||||||0|74826|74826|||||||||||||||||||||||||||||||||||||||||||||||||
1000000843||||||||||0|48831|48831||||||||||0|112074|112074||||||||||0|110522|110522||||||||||||||||||||||0|124913|124913|
1000000913||||||||||||||||||||||||||||||||||0|173982|173982||||||||||||||||||||||0|278528|278528|
1000000935||||||||||0|13074|13074||||||||||0|9106|9106||||||||||||||||||||||||||||||||||0|8842|8842|
1000000980||||||||||||||||||||||0|6217|6217|||||||||||||||||||||||||||||||||||||
1000001009||||0|11786|11786|0|18356|18356|0|27211|27211|0|5603|5603|0|12540|12540|0|19509|19509|0|28578|28578|0|5707|5707|0|12855|12855|0|20077|20077|0|29380|29380|0|5550|5550|0|12248|12248|0|19192|19192|0|28956|28956|0|5696|5696|0|13128|13128|0|20331|20331|0|30559|30559|
1000001117|0|23885|23885|0|48311|48311|0|74746|74746|0|94462|94462|0|23447|23447|0|49718|49718|0|81425|81425|0|112286|112286|0|31918|31918|0|63231|63231|0|97160|97160|0|132391|132391|0|34296|34296|0|66930|66930|0|98165|98165|0|128772|128772|0|31237|31237|0|63585|63585|0|96450|96450|0|129700|129700|
1000001261||||||||||0|7700|7700||||||||||||||||||||||0|8190|8190||||||||||0|6626|6626||||||||||0|10670|10670|
1000001403||||||||||0|12282|12282||||||||||||||||||||||0|12282|12282|||||||||||||||||||||||||
1000001432||||||||||0|36269|36269||||||||||0|36475|36475||||||||||0|39109|39109||||||||||||||||||||||0|32152|32152|
1000001567|7365|1511|8876|13634|3790|17424|22674|5011|27685|33022|5927|38949|12717|280|12997|24654|1678|26332|36939|2837|39776|48874|6699|55573|20837|1311|22148|32101|2486|34587|46902|3346|50248|57715|5498|63213|6058|1036|7094|11558|1710|13268|20328|2668|22996|28406|4193|32599|9669|493|10162|18275|1477|19752|29786|1477|31263|40410|3740|44150|
1000001611||||||||||0|3005|3005||||||||||0|3012|3012||||||||||0|2710|2710|||||||||||||||||||||||||
1000001618|185401|93751|279152|396941|205483|602424|934533|76360|1010893|1410788|93324|1504112|452481|228146|680627|1283725|628706|1912431|3298546|245624|3544170||||0|2064413|2064413|0|4081596|4081596|0|5985402|5985402|6058569|1201631|7260200|777442|243152|1020594|1411207|473477|1884684|1773827|705136|2478963|2163625|964228|3127853|603579|203250|806829|1314213|424318|1738531|1842537|855379|2697916|2328260|1084759|3413019|
1000001652|1644|124234|125878|3191|252115|255306|4678|385189|389867|5949|521503|527452|1207|137856|139063|2486|282749|285235|4507|428885|433392|6017|576858|582875|1270|149809|151079|1648|302340|303988|3539|463666|467205|7803|619996|627799|1653|163275|164928|3867|324247|328114|5726|492377|498103|7386|668687|676073|1818|170503|172321|3395|345228|348623|11914|530409|542323|22495|709104|731599|
1000001671|0|63|63|0|130798|130798|0|207706|207706|0|321223|321223|0|48291|48291|0|122597|122597|0|203503|203503|0|389494|389494|0|56588|56588|0|157696|157696|0|279593|279593|0|477141|477141|0|74460|74460|0|176916|176916|0|287366|287366||||0|79392|79392|0|171286|171286|0|265983|265983|0|457407|457407|
1000001681||||||||||0|5197|5197|||||||||||||||||||||||||||||||||||||||||||||||||
1000001709||||||||||||||||||||||0|33595|33595|||||||||||||||||||||||||||||||||||||
1000001731|0|1499070|1499070|0|3162619|3162619|0|0|0|0|6817600|6817600|0|1845221|1845221|0|3891003|3891003|0|5948336|5948336|0|8220079|8220079|0|2280442|2280442|0|4688347|4688347|0|7133639|7133639|0|9670644|9670644|0|2526054|2526054|0|5136541|5136541|0|7852098|7852098|0|10737719|10737719|0|2786783|2786783|0|5701868|5701868|0|8839923|8839923|0|12035007|12035007|
1000001766||||||||||0|155064|155064||||||||||0|194096|194096||||||||||0|174047|174047||||||||||0|241714|241714||||||||||0|301689|301689|
1000001904|970|158676|159646|1255|270450|271705|1277|392288|393565|0|1026749|1026749|0|295804|295804|0|579983|579983|0|925094|925094|0|1208367|1208367|0|254012|254012|0|493780|493780|0|754742|754742|0|1001976|1001976|0|244782|244782|0|524191|524191|0|773983|773983|0|1014156|1014156|0|261122|261122|0|514155|514155|0|797677|797677|0|1070115|1070115|
1000002019|0|18103|18103|0|17628|17628|0|22720|22720|0|30562|30562|0|7500|7500|0|16774|16774|0|24141|24141|0|30266|30266|0|6523|6523|0|12872|12872|0|19896|19896|0|27782|27782|0|8358|8358|0|7095|7095|0|24848|24848|0|32741|32741|0|8005|8005|0|15564|15564|0|23141|23141|0|40796|40796|
1000002088|0|23346|23346|0|49423|49423|0|79144|79144|0|110373|110373|0|29118|29118|0|59664|59664|0|93249|93249|0|129250|129250|0|36324|36324|0|74783|74783|0|114454|114454|0|153076|153076|0|37076|37076|0|75129|75129|0|114573|114573|0|159308|159308|0|45990|45990|0|90516|90516|0|136274|136274|0|187435|187435|
1000002100|24112|803692|827804|292572|1345234|1637806|75271|2527612|2602883|101951|3388673|3490624|26209|921704|947913|56046|1856083|1912129|82759|2944020|3026779|110380|3913199|4023579|29873|1050883|1080756|60758|2072031|2132789|90252|3250022|3340274|116839|4244007|4360846|31582|1087435|1119017|64239|2116322|2180561|93962|3306931|3400893|124976|4358637|4483613|36083|1158731|1194814|81249|2269331|2350580|114117|3596145|3710262|144721|4733009|4877730|
1000002136||||||||||0|23067|23067||||||||||||||||||||||0|37415|37415||||||||||0|39287|39287||||||||||0|36320|36320|
1000002644||||||||||0|1500|1500|||||||||||||||||||||||||||||||||||||||||||||||||
1000003008||||||||||0|13606|13606|||||||||||||||||||||||||||||||||||||||||||||||||
1000003162||||||||||0|41984|41984||||||||||0|51489|51489||||||||||0|58180|58180|||||||||||||||||||||||||
1000003279||||||||||0|142109|142109||||||||||||||||||||||0|193343|193343|||||||||||||||||||||||||
1000003295||||||||||||||||||||||0|2624|2624||||||||||0|2624|2624|||||||||||||||||||||||||
1000003306|13610|8049|21659|21664|19297|40961|31530|24528|56058|40622|42528|83150|8256|16171|24427|20843|32086|52929|43306|44394|87700|62912|63715|126627|18732|19321|38053|53561|33811|87372|80910|45014|125924|72277|58345|130622|10633|11217|21850|65817|24989|90806|81391|31429|112820|102923|38147|141070|15193|8450|23643|14495|23799|38294|27577|19436|47013|47722|27252|74974|
1000003360||||||||||0|7004|7004||||||||||||||||||||||0|8705|8705||||||||||0|12224|12224||||||||||0|7443|7443|
1000003375|0|398294|398294|0|863629|863629|0|1249995|1249995|0|1793104|1793104|0|450878|450878|0|975045|975045|0|1409703|1409703|0|1968540|1968540|0|441395|441395|0|915463|915463|0|1332324|1332324|0|1900726|1900726|0|446637|446637|0|915789|915789|0|1396815|1396815|0|1956269|1956269|0|430250|430250|0|885996|885996|0|1284641|1284641|0|1882430|1882430|
1000003528||||||||||||||||||||||||||||||||||||||||||||||||||||||||||0|12695|12695|
1000003610||||||||||||||||||||||0|9566|9566||||||||||0|9566|9566||||||||||0|12742|12742|||||||||||||
1000003629||||||||||0|4893|4893||||||||||0|5081|5081||||||||||||||||||||||0|9568|9568||||||||||0|13594|13594|
1000003635||||||||||||||||||||||||||||||||||||||||||||||0|4670|4670|||||||||||||
1000003684||||||||||||||||||||||||||||||||||0|27901|27901|||||||||||||||||||||||||
1000003745||||||||||0|8953|8953|||||||||||||||||||||||||||||||||||||||||||||||||
1000003821||||||||||||||||||||||||||||||||||||||||||||||0|4107|4107|||||||||||||
1000003884||||||||||||||||||||||0|5692|5692||||||||||0|6815|6815|||||||||||||||||||||||||
1000003914||||||||||||||||||||||||||||||||||||||||||||||0|53278|53278|||||||||||||
1000003990||||||||||||||||||||||0|103729|103729||||||||||||||||||||||0|98403|98403|||||||||||||
1000003993||||||||||||||||||||||||||||||||||||||||||||||0|11806|11806|||||||||||||
1000004116||||||||||0|5789|5789||||||||||0|6524|6524||||||||||0|8495|8495|||||||||||||||||||||||||
1000004161||||0|6254|6254|0|9573|9573|0|31953|31953|0|3094|3094|0|6352|6352|0|9431|9431|0|21642|21642|0|3203|3203|0|6593|6593|0|9890|9890|0|26892|26892|0|2296|2296|0|4594|4594|0|6992|6992|0|12091|12091|0|2081|2081|0|4189|4189|0|6277|6277|0|15086|15086|
1000004354||||||||||0|280630|280630|||||||||||||||||||||||||||||||||||||||||||||||||
1000004605||||||||||0|8047|8047|||||||||||||||||||||||||||||||||||||||||||||||||
1000005052||||||||||0|832026|832026||||||||||||||||||||||0|840556|840556||||||||||0|939655|939655||||||||||0|848894|848894|
1000005129|0|31853|31853|0|76459|76459|0|115895|115895|0|153426|153426|0|37775|37775|0|90825|90825|0|141490|141490|0|182649|182649|0|39591|39591|0|89441|89441|0|140321|140321|0|185491|185491|0|43030|43030|0|94353|94353|0|141470|141470|0|181957|181957|0|37883|37883|0|83894|83894|0|126606|126606|0|160876|160876|
1000005215||||||||||0|2426|2426||||||||||0|2261|2261||||||||||0|2882|2882||||||||||0|2041|2041|||||||||||||
1000005248||||||||||0|542|542|||||||||||||||||||||||||||||||||||||||||||20|11346|11366|40|13197|13237|
1000005617||||||||||0|2900|2900||||||||||||||||||||||0|4306|4306||||||||||0|4061|4061|||||||||||||
1000005771||||||||||||||||0|0|0|||||||||||||||||||||||||||||||||||||||||||
1000005837||||||||||||||||||||||||||||||||||||||||||||||0|1014|1014||||||||||0|2093|2093|
1000005863||||||||||||||||||||||0|6305|6305|||||||||||||||||||||||||||||||||||||
1000005958|27475|70490|97965|91251|149036|240287|138477|241682|380159|242342|370673|613015|99177|97835|197012|187860|198030|385890|235071|288038|523109|289596|382633|672229|22599|99601|122200|73343|216617|289960|96230|340881|437111|134577|474873|609450|9654|126448|136102|50771|298566|349337||||151744|633318|785062|55524|174719|230243|165178|366541|531719|274673|557913|832586|457135|721906|1179041|
1000005963|1924|37031|38955|3064|78295|81359|3420|127297|130717|5633|171978|177611|346|46791|47137|1286|86145|87431|2210|132694|134904|2704|180014|182718|1215|36314|37529|2195|76661|78856|3134|114761|117895|4155|158519|162674|704|44382|45086|1808|92968|94776|2727|141682|144409|3943|189993|193936|574|45239|45813|1244|93985|95229|2141|141969|144110|2865|193408|196273|
1000006181||||||||||0|4876|4876||||||||||0|5521|5521||||||||||0|3517|3517||||||||||0|8001|8001|||||||||||||
1000006351||||||||||||||||||||||||||||||||||||||||||||||0|31840|31840||||||||||0|29837|29837|
1000006640||||||||||||||||||||||0|4595|4595||||||||||0|5422|5422|||||||||||||||||||||||||
1000007042|1406|18973|20379|2302|44677|46979|3812|74596|78408|5838|107108|112946|827|43770|44597|1955|94582|96537|3033|148246|151279|5938|209113|215051|1726|52416|54142|3703|103011|106714|6243|157912|164155|7665|210746|218411|1295|68140|69435|2883|141927|144810|4319|210475|214794|7015|271000|278015|2224|45448|47672|4020|87736|91756|5969|129097|135066|7909|166021|173930|
1000007113||||||||||||||||||||||||||||||||||||||||||||||||||||||||||0|15177|15177|
1000007127||||||||||||||||||||||||||||||||||214017|2040|216057|46750|560|47310|102339|1129|103468|156009|1452|157461|224546|2145|226691|57071|551|57622|118674|1058|119732|172730|1679|174409|242097|2049|244146|
1000007260||||||||||0|6632|6632||||||||||0|7271|7271|||||||||||||||||||||||||||||||||||||
1000007357||||||||||0|15310|15310||||||||||||||||||||||||||||||||||0|18296|18296|||||||||||||
1000007644||||||||||0|15920|15920||||||||||0|14703|14703||||||||||0|16037|16037||||||||||0|17074|17074||||||||||0|18269|18269|
1000007777||||||||||0|836|836||||||||||0|367|367|||||||||||||||||||||||||||||||||||||
1000008057||||||||||0|8142|8142|||||||||||||||||||||||||||||||||||||||||||||||||
1000008061||||||||||0|6358|6358|||||||||||||||||||||||||||||||||||||||||||||||||
1000008081||||||||||0|5975|5975||||||||||0|5829|5829||||||||||0|4420|4420|||||||||||||||||||||||||
1000008089||||||||||0|4669|4669||||||||||0|4738|4738||||||||||0|4738|4738|||||||||||||||||||||||||
1000008180||||||||||0|117572|117572|||||||||||||||||||||||||||||||||||||||||||||||||
1000008212|8324|54895|63219|17511|121186|138697|46137|200069|246206|96957|284300|381257|59737|98851|158588|115539|192718|308257|168815|292669|461484|223702|386862|610564|28784|124454|153238|171471|121787|293258|247544|169586|417130|311571|211621|523192|64610|43961|108571|138311|82188|220499|206576|120797|327373|271211|166584|437795|63249|43868|107117|140890|90434|231324|211944|140367|352311|290725|180839|471564|
1000008230||||0|742|742||||0|1762|1762||||0|909|909||||0|909|909||||0|19|19||||0|180|180||||0|141|141||||0|1204|1204||||0|169|169|||||||
1000008397|0|553055|553055|1987|1119765|1121752|2997|1654512|1657509|2960|2228262|2231222|701|560507|561208|6140|1085655|1091795|17980|1582075|1600055|30399|1970506|2000905|7799|461456|469255|17379|966669|984048|24331|1440603|1464934|33017|1933930|1966947|5902|508135|514037|10693|1005916|1016609|15632|1478618|1494250|22269|1886121|1908390|5198|465167|470365|10659|942509|953168|14762|1401955|1416717|20157|1822761|1842918|
1000009002||||||||||0|7489|7489||||||||||0|7623|7623||||||||||0|10433|10433||||||||||0|8173|8173||||||||||0|9119|9119|
1000009049||||||||||0|2413|2413|||||||||||||||||||||||||||||||||||||||||||||||||
1000009203||||||||||0|547307|547307|80473|226269|306742|160026|471703|631729|266015|705720|971735|383630|982525|1366155|104145|260930|365075|214006|536185|750191|336226|807079|1143305|464774|1071960|1536734|0|356016|356016|0|754530|754530|0|1144950|1144950|675160|955461|1630621|214070|215852|429922|457507|449472|906979|688318|663311|1351629|953805|871151|1824956|
1000009434||||||||||0|2770|2770||||||||||0|2770|2770||||||||||0|3480|3480|||||||||||||||||||||||||
1000009524||||||||||0|0|0|||||||||||||||||||||||||||||||||||||||||||||||||
1000009529||||||||||0|3763|3763||||||||||0|3414|3414||||||||||0|3904|3904|||||||||||||||||||||||||
1000009843||||||||||0|4609|4609||||||||||0|2198|2198||||||||||0|2170|2170|||||||||||||||||||||||||
1000009908||||||||||0|5779|5779||||||||||0|3102|3102|||||||||||||||||||||||||||||||||||||
1000010044||||||||||||||||||||||||||||||||||||||||||||||||||||||||||0|257216|257216|
1000010087||||||||||0|24325|24325||||||||||0|26381|26381||||||||||0|29659|29659|||||||||||||||||||||||||
1000010119|1637|391998|393635|4018|746947|750965|5210|1152197|1157407|5380|1620496|1625876|4|650725|650729|4|1230008|1230012|4|1874029|1874033|4|2572649|2572653|0|601155|601155|0|1044525|1044525|0|1477851|1477851|0|1920060|1920060|0|420508|420508|0|757890|757890|0|1130198|1130198|0|1476365|1476365|0|366667|366667|0|702402|702402|0|1086386|1086386|0|1398221|1398221|
1000010163|19472|3206|22678|26911|3977|30888|27013|4493|31506|41803|19729|61532|18977|1364|20341|19214|4429|23643|41685|11594|53279|66152|13241|79393|56721|3411|60132|95605|5678|101283|141821|12561|154382|205949|30003|235952|51344|3871|55215|5405|82275|87680|115761|8036|123797|166732|33425|200157|67406|738|68144|88485|13488|101973|28852|2151|31003|128548|18532|147080|
1000010166||||||||||0|6877|6877||||||||||0|11175|11175|||||||||||||||||||||||||||||||||||||
1000010180|4788|9768|14556|13261|19455|32716|17592|30744|48336|24831|35670|60501|5183|3708|8891|8846|8508|17354|16542|13820|30362|20705|17539|38244|2001|1533|3534|6263|5341|11604|12860|9360|22220|10367|22676|33043|5926|1161|7087|1346|11059|12405|2062|18536|20598|2419|21974|24393|1422|4795|6217|3376|8645|12021|7136|10925|18061|12697|12591|25288|
1000010182||||||||||||||||||||||0|7361|7361|||||||||||||||||||||||||||||||||||||
1000010315||||||||||0|30763|30763||||||||||0|53311|53311||||||||||0|49262|49262||||||||||||||||||||||0|44734|44734|
1000010428||||||||||0|4634|4634||||||||||0|4185|4185||||||||||0|3689|3689||||||||||0|3672|3672||||||||||0|4849|4849|
1000010487||||||||||0|3222|3222||||||||||0|0|0|||||||||||||||||||||||||||||||||||||
1000010613|||||||||||||||||||||||||||||||||||||||||||||||||||||||0|1230|1230||||
1000010672|279633|53096|332729|533219|98570|631789|890617|104697|995314|1210612|102046|1312658|323745|36159|359904|564466|79512|643978|834406|110820|945226|1046290|175622|1221912|247765|60154|307919|440785|116897|557682|690681|175797|866478|936869|235536|1172405|298890|71887|370777|576778|163934|740712|898754|262125|1160879|1134013|352409|1486422|266318|61779|328097|469087|160475|629562|786201|224734|1010935|1032929|316600|1349529|
1000010945||||||||||||||||||||||0|27453|27453||||||||||0|87584|87584||||||||||0|164000|164000||||||||||0|197274|197274|
1000011073||||0|13557|13557||||||||||0|13322|13322||||||||||||||||||||||0|11502|11502|||||||||||||||||||
1000011199||||||||||||||||||||||0|0|0|||||||||||||||||||||||||||||||||||||
1000011275||||||||||||||||||||||||||||||||||0|4700|4700|||||||||||||||||||||||||
1000011330||||||||||||||||||||||0|6445|6445|||||||||||||||||||||||||||||||||||||
1000011584||||||||||0|153347|153347||||||||||0|242633|242633||||||||||0|208067|208067||||||||||0|303861|303861|||||||||||||
1000011761||||||||||0|5483|5483||||||||||0|5685|5685||||||||||0|8198|8198|||||||||||||||||||||||||
1000011955||||||||||||||||||||||0|1053|1053|||||||||||||||||||||||||||||||||||||
1000012036|719|14618|15337|973|22583|23556|1572|26075|27647|1593|31874|33467|865|19411|20276|994|20332|21326|1598|28231|29829|1598|32642|34240|1402|18814|20216|1640|23327|24967|1738|27736|29474|1877|32149|34026|599|15011|15610|846|23601|24447|1026|29462|30488|1134|34521|35655|8|13823|13831|409|21945|22354|584|25707|26291|1136|32816|33952|
1000012078||||||||||0|1404|1404||||||||||0|3274|3274||||||||||0|4235|4235|||||||||||||||||||||||||
1000012126||||||||||0|10384|10384||||||||||0|11778|11778||||||||||0|9073|9073|||||||||||||||||||||||||
1000012156|0|227512|227512|0|472860|472860|0|733516|733516|0|0|0|0|316150|316150|0|657953|657953|0|1026499|1026499|0|1426451|1426451|0|366047|366047|0|741336|741336|0|1108808|1108808|0|1500248|1500248|0|361518|361518|0|725958|725958|0|1071816|1071816|0|1453901|1453901|0|356387|356387|0|727895|727895|0|1089249|1089249|0|1455851|1455851|
1000012262||||||||||||||||||||||0|1281|1281||||||||||0|1588|1588|||||||||||||||||||||||||
1000012321||||||||||0|202528|202528||||||||||0|248130|248130||||||||||0|262868|262868||||||||||||||||||||||0|247443|247443|
1000012407||||||||||0|22431|22431||||||||||0|24031|24031||||||||||0|24699|24699||||||||||0|25330|25330|||||||||||||
1000012541|3681|6672|10353|7832|12550|20382|12701|17240|29941|18329|22586|40915|3285|7054|10339|8492|13003|21495|12392|17851|30243|15938|23361|39299|3359|6872|10231|7120|13109|20229|11079|18465|29544|15898|25971|41869|3024|8314|11338|7947|15688|23635|12444|21913|34357|17593|28001|45594|4602|8640|13242|9458|15830|25288|13107|23157|36264|18717|30352|49069|
1000012548||||||||||||||||||||||||||||||||||0|14417|14417|||||||||||||||||||||||||
1000012572||||||||||0|2284|2284||||||||||0|2799|2799||||||||||0|2588|2588|||||||||||||||||||||||||
1000012594||||||||||||||||||||||||||||||||||0|3223|3223|||||||||||||||||||||||||
1000012632||||||||||||||||||||||0|1125|1125||||||||||0|5049|5049|||||||||||||||||||||||||
1000012645||||||||||0|3511|3511||||||||||0|2603|2603||||||||||0|2603|2603|||||||||||||||||||||||||
1000012655||||||||||||||||||||||0|8414|8414|||||||||||||||||||||||||||||||||||||
1000012737||||||||||0|5003|5003||||||||||0|5003|5003||||||||||0|2156|2156|||||||||||||||||||||||||
1000012850|7165|2404|9569|13463|4593|18056|19924|6197|26121|27755|9036|36791|5741|4854|10595|14094|8595|22689|20521|13362|33883|27703|17563|45266|6143|5575|11718|27340|9451|36791|17190|19762|36952|26683|26918|53601|8006|8823|16829|13859|17190|31049|24492|20184|44676|35771|24891|60662|9556|4008|13564|17662|7840|25502|23927|12179|36106|32212|19437|51649|
1000012938||||||||||0|904726|904726|||||||||||||||||||||||||||||||||||||||||||||||||
1000013005||||||||||||||||||||||0|2903|2903||||||||||0|3211|3211||||||||||0|4822|4822|||||||||||||
1000013036||||||||||0|3049|3049||||||||||0|2524|2524|||||||||||||||||||||||||||||||||||||
1000013093||||||||||0|3100|3100||||||||||0|3483|3483||||||||||0|1348|1348||||||||||0|1776|1776||||||||||0|1994|1994|
1000013279||||||||||||||||||||||||||||||||||||||||||||||0|10310|10310||||||||||0|8744|8744|
1000013304||||||||||||||||||||||||||||||||||||||||||||||0|27192|27192||||||||||0|22933|22933|
1000013339||||||||||0|3039|3039||||||||||0|3573|3573||||||||||0|5593|5593||||||||||0|1677|1677||||||||||0|4003|4003|
1000013420||||||||||0|154484|154484||||||||||0|209905|209905||||||||||0|223447|223447||||||||||0|263720|263720||||||||||0|224046|224046|
1000013487|0|20331|20331|0|42379|42379|0|65856|65856|0|88574|88574|0|22117|22117|0|45279|45279|0|70429|70429|0|95704|95704|0|23480|23480|0|48841|48841|0|75079|75079|0|99558|99558|0|23792|23792|0|45423|45423|0|76935|76935|0|93015|93015|0|19658|19658|0|39356|39356|0|59944|59944|0|81044|81044|
1000013503||||||||||||||||0|10477|10477||||||||||0|11011|11011|||||||||||||||||||||||||||||||
1000013725||||||||||||||||||||||0|5021|5021|||||||||||||||||||||||||||||||||||||
1000013877||||0|11748|11748||||||||||0|2495|2495||||||||||0|2432|2432|||||||||||||||||||||||||||||||
1000013905|1875|27628|29503|4110|60688|64798|6211|93657|99868|9344|129824|139168|2794|37229|40023|5765|74434|80199|7302|111961|119263|9587|153826|163413|2166|40304|42470|6613|84541|91154|12015|128722|140737|22303|168992|191295|2650|40362|43012|6220|80430|86650|11315|120913|132228|18343|157917|176260|3014|36982|39996|6775|78563|85338|12196|121158|133354|17702|166074|183776|
1000014105||||||||||||||||||||||||||||||||||||||||||||||||||||||||||0|45789|45789|
1000014183||||||||||0|2893|2893||||||||||0|3853|3853||||||||||0|3762|3762|||||||||||||||||||||||||
1000014335||||||||||0|4120|4120||||||||||||||||||||||0|4120|4120|||||||||||||||||||||||||
1000014410|21684|38326|60010|40139|83681|123820|53714|128851|182565|63977|166367|230344|17489|39546|57035|36540|85860|122400|37744|125815|163559|70683|185059|255742|23118|48037|71155|56448|94060|150508|85651|142520|228171|126681|183818|310499|30576|42610|73186|71375|79952|151327|94387|117624|212011|134547|154990|289537|28639|35043|63682|67354|70031|137385|88645|101047|189692|123072|135848|258920|
1000014531||||||||||0|168842|168842||||||||||0|192457|192457||||||||||0|20685|20685|||||||||||||||||||||||||
1000014535||||||||||||||||||||||0|21711|21711||||||||||0|25616|25616|||||||||||||||||||||||||
1000014583||||||||||||||||||||||||||||||||||||||||||||||||||||||||||0|27482|27482|
1000014662||||||||||||||||||||||||||||||||||||||||||||||0|25990|25990||||||||||0|30683|30683|
1000014691|0|30925|30925|0|67162|67162|0|113580|113580|0|165441|165441|0|40975|40975|0|91450|91450|0|145063|145063|0|211978|211978|0|49992|49992|0|105066|105066|0|151876|151876|0|217819|217819|0|88482|88482|0|207273|207273|0|253689|253689|0|304777|304777|0|70590|70590|0|141851|141851|0|206074|206074|0|280737|280737|
1000014787||||||||||||||||||||||0|20000|20000||||||||||||||||||||||0|15000|15000|||||||||||||
1000014868||||||||||0|5713|5713||||||||||0|10169|10169||||||||||0|20444|20444|||||||||||||||||||||||||
1000014921||||||||||||||||||||||||||||||||||0|2341|2341|||||||||||||||||||||||||
1000014954||||||||||0|30817|30817||||||||||||||||||||||0|40677|40677|||||||||||||||||||||||||
1000014987||||||||||0|3239|3239||||||||||0|3885|3885||||||||||0|3759|3759|||||||||||||||||||||||||
1000015064||||||||||0|7199|7199||||||||||||||||||||||||||||||||||0|5566|5566||||||||||0|4270|4270|
1000015460||||||||||0|51527|51527||||||||||0|51527|51527|||||||||||||||||||||||||||||||||||||
1000015763|||||||0|9882|9882||||||||||0|16560|16560||||||||||0|7035|7035||||||||||||||||||||||||||||
1000015937||||||||||||||||||||||||||||||||||||||||||||||||||||||||||0|23586|23586|
1000015939||||||||||0|30059|30059||||||||||0|29604|29604||||||||||0|29593|29593||||||||||0|28702|28702|||||||||||||
1000015952||||||||||||||||||||||||||||||||||||||||||||||0|14325|14325||||||||||0|13568|13568|
1000015972|10355400|5713200|16068600|22076200|12284900|34361100|38830600|16167400|54998000|52731700|23600700|76332400|11117900|10220100|21338000|29847900|14500200|44348100|43671200|21831500|65502700|56773900|27976700|84750600|12395800|6985100|19380900|26352100|13150200|39502300|39646600|18640100|58286700|0|77127200|77127200|0|18052000|18052000|475000|36086600|36561600|38179100|16704100|54883200|52475700|20212500|72688200|12712200|4724600|17436800|25001700|9990600|34992300|37785300|14468100|52253400|49827600|19267300|69094900|
1000016027||||||||||||||||||||||0|21883|21883|||||||||||||||||||||||||||||||||||||
1000016030||||||||||0|9370|9370||||||||||0|9370|9370||||||||||0|11486|11486|||||||||||||||||||||||||
1000016165||||||||||0|645|645||||||||||0|690|690||||||||||0|1130|1130||||||||||0|354|354|||||||||||||
1000016460|1136|412|1548|2569|757|3326|3578|1470|5048|5123|2047|7170|1381|480|1861|1919|984|2903|2208|1528|3736|2489|1949|4438|5513|520670|526183|401|1418|1819|1510|4881|6391|1807|5016|6823|1200|3496|4696|2553|6566|9119|3684|8585|12269|3684|12060|15744|608|2200|2808|1221|5235|6456||||2227|11482|13709|
1000016772|66253|76338|142591|144950|157899|302849|223913|237605|461518|344833|279286|624119|74943|106787|181730|180339|193580|373919|292126|285732|577858|412421|370757|783178|132928|88992|221920|258436|166142|424578|368050|235674|603724|503898|302050|805948|135306|81048|216354|270781|178550|449331|408342|266105|674447|536919|354620|891539|132351|99022|231373|271621|192666|464287|409288|285268|694556|563742|379899|943641|
1000016894|0|6400|6400|0|13846|13846|0|21251|21251|0|29343|29343|0|7271|7271|0|16563|16563|0|26853|26853|0|37703|37703|0|10417|10417|0|21175|21175|0|32487|32487|0|43998|43998|0|10761|10761|0|21715|21715|0|32837|32837|0|44717|44717|0|10785|10785|0|22173|22173|0|33073|33073|0|45551|45551|
1000016962|487|17438|17925|1277|36764|38041|1914|55409|57323|3292|76283|79575|546|18086|18632|1195|37624|38819|2473|56783|59256|3426|77605|81031|624|19758|20382|2131|40817|42948|2603|60170|62773|3446|79794|83240|786|19495|20281|1589|38521|40110|2202|57129|59331|3301|77978|81279|564|20222|20786|1196|42977|44173|1725|66445|68170|2251|85350|87601|
1000017033||||||||||0|33173|33173||||||||||||||||||||||0|46302|46302||||||||||0|48977|48977|||||||||||||
1000017071||||||||||||||||||||||||||||||||||0|31169|31169||||||||||0|44525|44525||||||||||0|48520|48520|
1000017142||||||||||||||||||||||||||||||||||0|7150|7150|||||||||||||||||||||||||
1000017147||||||||||||||||||||||||||||||||||||||||||||||||||||||||||0|28697|28697|
1000017184||||||||||0|8268|8268||||||||||||||||||||||0|11894|11894|||||||||||||||||||||||||
1000017244|2240|7223|9463|4472|15313|19785|6077|24547|30624|8722|35105|43827|3939|9324|13263|7084|20632|27716|10784|33878|44662|16484|47185|63669|6077|12890|18967|13715|24918|38633|21817|36520|58337|30199|51428|81627|4465|16925|21390|12588|29364|41952|18002|42998|61000|27791|57474|85265|7645|14100|21745|17901|27513|45414|29155|40479|69634|40613|54920|95533|
1000017437||||||||||||||||||||||||||||||||||||||||||||||0|72658|72658||||0|36094|36094|0|55156|55156|0|70880|70880|
1000017501||||||||||||||||||||||0|82413|82413|||||||||||||||||||||||||||||||||||||
1000017599||||||||||||||||||||||0|13858|13858|||||||||||||||||||||||||||||||||||||
1000017630||||||||||0|247543|247543|||||||||||||||||||||||||||||||||||||||||||||||||
1000017738||||||||||||||||||||||||||||||||||||||||||||||||||||||||||0|20746|20746|
1000017747||||||||||0|106|106||||||||||0|114|114||||||||||0|150|150|||||||||||||||||||||||||
1000017837||||||||||0|6690|6690|||||||||||||||||||||||||||||||||||||||||||||||||
1000017867||||||||||||||||||||||||||||||||||0|22942|22942||||||||||0|31527|31527||||||||||0|28197|28197|
1000017885||||||||||0|10970|10970|||||||||||||||||||||||||||||||||||||||||||||||||
1000018267|0|17566|17566|0|33790|33790|0|52538|52538|0|74095|74095|0|21500|21500|0|43969|43969|0|66021|66021|0|90286|90286|0|22454|22454|0|42455|42455|0|59455|59455|0|78764|78764|0|21503|21503|0|41597|41597|0|61299|61299|0|80507|80507|0|19844|19844|0|38763|38763|0|55872|55872|0|75098|75098|
1000018349||||||||||||||||||||||||||||||||||||||||||||||||||||||||||0|50943|50943|
1000018586|168436|128739|297175|369305|265918|635223|542653|350578|893231|747558|431635|1179193|230913|125920|356833|507992|306179|814171|783681|353059|1136740|1113160|350578|1463738|278194|122659|400853|622777|212980|835757|797435|379506|1176941|966885|466507|1433392|213337|149105|362442|482960|291920|774880|705048|398227|1103275|925049|490533|1415582|237358|149437|386795|532962|268391|801353|887059|268390|1155449|1140755|343967|1484722|
1000018839||||||||||0|3580|3580||||||||||||||||||||||0|3580|3580|||||||||||||||||||||||||
1000018989||||||||||0|83653|83653||||||||||||||||86795|32592|119387|124403|44401|168804|160145|55879|216024|23316|11714|35030|55184|22742|77926|87694|31982|119676|113361|43502|156863|36807|13776|50583|73501|25569|99070|103170|40451|143621|122556|65269|187825|
1000018994||||||||||0|29588|29588||||||||||0|23793|23793||||||||||0|20913|20913||||||||||0|38779|38779||||||||||0|58418|58418|
1000019018||||||||||||||||||||||||||||||||||||||||||||||0|4755|4755||||||||||0|6621|6621|
1000019062||||||||||||||||||||||||||||||||||||||||||||||0|8766|8766||||||||||0|42540|42540|
1000019253||||||||||0|1619|1619||||||||||||||||||||||0|1562|1562||||||||||0|1938|1938|||||||||||||
1000019416||||||||||0|2194|2194||||||||||0|2240|2240||||||||||0|3199|3199||||||||||0|3967|3967||||||||||0|4509|4509|
1000019814||||||||||0|13635|13635||||||||||0|15145|15145||||||||||0|16220|16220||||||||||0|12810|12810||||||||||0|12660|12660|
1000019819||||||||||||||||||||||||||||||||||||||||||||||0|4042|4042|||||||||||||
1000019996||||||||||0|3365|3365||||||||||0|3896|3896||||||||||0|3219|3219|||||||||||||||||||||||||
1000020180||||||||||0|10923|10923||||||||||0|9468|9468||||||||||0|1661|1661|||||||||||||||||||||||||
1000020354||||||||||0|23817|23817||||||||||0|21127|21127||||||||||0|29011|29011||||||||||0|36424|36424|||||||||||||
1000020389||||||||||||||||||||||||||||||||||0|2546|2546|||||||||||||||||||||||||
1000020477||||||||||0|1680|1680||||||||||0|3008|3008||||||||||0|2144|2144|||||||||||||||||||||||||
1000020548||||||||||0|4270|4270||||||||||||||||||||||0|3521|3521|||||||||||||||||||||||||
1000021015|1392|20030|21422|2653|40397|43050|3493|59741|63234|4902|78847|83749|2021|18259|20280|4301|36575|40876|5605|61136|66741|6776|84083|90859|1477|20552|22029|3064|40529|43593|4712|65111|69823|5781|87304|93085|1724|20408|22132|2557|42812|45369|3569|62941|66510|4972|82651|87623|1072|19449|20521|2659|40532|43191|4254|63568|67822|5878|84001|89879|
1000021577|0|53183|53183|0|146594|146594|0|247700|247700|0|363601|363601|0|80286|80286|0|180826|180826|0|266826|266826|0|378480|378480|0|95468|95468|0|205281|205281|0|286105|286105|0|378094|378094|0|72657|72657|0|157253|157253|0|219738|219738|0|312012|312012|0|49959|49959|0|120010|120010|0|177483|177483|0|273193|273193|
1000021746||||||||||0|5600|5600||||||||||0|5420|5420||||||||||||||||||||||0|5053|5053|||||||||||||
1000021753||||||||||0|2609|2609||||||||||0|2609|2609||||||||||0|344|344|||||||||||||||||||||||||
1000021904||||||||||||||||||||||0|5700|5700|||||||||||||||||||||||||||||||||||||
1000021941||||||||||0|1992|1992||||||||||0|1946|1946||||||||||0|1441|1441|||||||||||||||||||||||||
1000022014||||||||||0|1923|1923||||||||||0|1971|1971||||||||||0|2141|2141|||||||||||||||||||||||||
1000022578||||||||||||||||||||||0|2555|2555|||||||||||||||||||||||||||||||||||||
1000022628||||||||||0|2576|2576||||||||||0|2760|2760||||||||||0|3389|3389||||||||||0|3931|3931|||||||||||||
1000023045||||||||||0|1593|1593||||||||||0|3526|3526||||||||||0|1731|1731|||||||||||||||||||||||||
1000023245||||||||||||||||||||||||||||||||||||||||||||||0|8647|8647|||||||||||||
1000023325||||||||||0|1321|1321|||||||||||||||||||||||||||||||||||||||||||||||||
1000023480||||||||||0|21322|21322|||||||||||||||||||||||||||||||||||||||||||||||||
1000023634|0|4867|4867|0|9856|9856|0|14824|14824|0|19877|19877|0|5147|5147|0|10916|10916|0|16716|16716|0|21963|21963|0|5014|5014|0|11442|11442|0|18476|18476|0|24383|24383|0|5971|5971|0|12497|12497|0|19284|19284|0|25505|25505|0|6278|6278|0|12253|12253|0|18537|18537||||
1000023910||||||||||0|35411|35411||||||||||0|44425|44425||||||||||0|41497|41497|||||||||||||||||||||||||
1000024373||||||||||||||||||||||||||||||||||||||||||||||0|12200|12200|||||||||||||
1000024483||||||||||0|11848|11848|||||||||||||||||||||||||||||||||||||||||||||||||
1000024608||||||||||0|32578|32578||||||||||0|42116|42116||||||||||0|44816|44816||||||||||0|54214|54214||||||||||0|61374|61374|
1000025052||||||||||0|3595|3595||||||||||0|4018|4018||||||||||0|6595|6595||||||||||||||||||||||0|6381|6381|
1000018729||||||||||0|2982|2982||||||||||0|2986|2986||||||||||0|2997|2997||||||||||0|2991|2991|||||||||||||
1000014070||||||||||||||||||||||||||||||||||0|43615|43615|||||||||||||||||||||||||
1000025810||||||||||0|2503|2503||||||||||0|3196|3196||||||||||0|3500|3500|||||||||||||||||||||||||
1000025564||||||||||||||||||||||0|3281|3281||||||||||0|6063|6063||||||||||0|5463|5463||||||||||0|4569|4569|
1000025947|4472|165986|170458|9990|335977|345967|13709|513964|527673|21320|679374|700694|6090|173910|180000|14039|360629|374668|19439|531349|550788|25462|699773|725235|3734|187315|191049|9629|359891|369520|15922|530802|546724|20597|705798|726395|5895|164524|170419|13465|330129|343594|18570|499405|517975|30393|674148|704541|6757|156108|162865|12180|288473|300653|17981|417434|435415|25404|541841|567245|
1000025703||||||||||0|17996|17996|||||||||||||||||||||||||||||||||||||||||||||||||
1000010563||||||||||||||||||||||0|56485|56485|||||||||||||||||||||||||||||||||||||
1000013116||||||||||||||||||||||||||||||||||||||||||||||0|123553|123553|||||||||||||
1000021479||||||||||||||||||||||0|1330|1330||||||||||0|2359|2359|||||||||||||||||||||||||
1000009926||||||||||||||||||||||||||||||||||||||||||||||0|32064|32064|||||||||||||
1000026284||||||||||0|7166|7166|||||||||||||||||||||||||||||||||||||||||||||||||
1000014274||||||||||0|20783|20783||||||||||0|25238|25238||||||||||0|24672|24672|||||||||||||||||||||||||
1000025115||||||||||0|6100|6100|||||||||||||||||||||||||||||||||||||||||||||||||
1000025721||||||||||||||||||||||||||||||||||||||||||||||0|15975|15975|||||||||||||
1000026451||||||||||||||||||||||||||||||||||0|811|811|||||||||||||||||||||||||
1000026247||||||||||0|126528|126528||||||||||0|140340|140340||||||||||0|161399|161399||||||||||0|210941|210941||||||||||0|212914|212914|
1000026601||||||||||||||||||||||||||||||||||||||||||||||0|3317|3317|||||||||||||
1000005347||||||||||0|4957|4957||||||||||0|7131|7131|||||||||||||||||||||||||||||||||||||
1000025000||||||||||||||||||||||0|6666|6666|||||||||||||||||||||||||||||||||||||
1000027703||||||||||||||||||||||||||||||||||0|1514|1514|||||||||||||||||||||||||
1000028007||||||||||0|12646|12646|||||||||||||||||||||||||||||||||||||||||||||||||
1000028009||||||||||||||||||||||||||||||||||0|96635|96635|||||||||||||||||||||||||
1000027043||||||||||||||||||||||0|7396|7396||||||||||0|8013|8013|||||||||||||||||||||||||
1000027858||||||||||0|2830|2830|||||||||||||||||||||||||||||||||||||||||||||||||
1000027007||||||||||0|900|900|||||||||||||||||||||||||||||||||||||||||||||||||
1000027842||||||||||||||||||||||||||||||||||||||||||||||||||||0|35692|35692|||||||
1000028631||||0|1827|1827|||||||||||||||||||||||||||||||||||||||||||||||||||||||
1000028413||||||||||||||||||||||||||||||||||||||||||||||11975|72882|84857|136|16215|16351|1279|25017|26296|1527|47681|49208|1882|73572|75454|
1000027636|||||||||||||0|705|705||||||||||0|338|338||||||||||||||||||||||||||||||||||
1000027461||||||||||||||||||||||||||||||||||0|4131|4131|||||||||||||||||||||||||
1000029595|||||||0|1523|1523||||||||||||||||||||||||||||||||||||||||||||||||||||
1000028511||||116382|178029|294411|157047|289462|446509|200012|403755|603767|35862|98385|134247|71584|201579|273163|88268|320146|408414|80237|505562|585799|17252|125778|143030|20306|274532|294838|54451|422623|477074|70524|579044|649568|9721|36433|46154|21762|86087|107849|30093|128518|158611|44575|173290|217865|9973|48262|58235|36410|104550|140960|63281|156765|220046|73646|188228|261874|
1000026184|49|7565|7614|114|19159|19273|235|29072|29307|329|42068|42397|143|9425|9568|293|18473|18766|379|27754|28133|429|36660|37089|48|8223|8271|100|18156|18256|197|28948|29145|366|40111|40477|121|7930|8051|188|16495|16683|248|25807|26055|407|35018|35425|127|8181|8308|310|17228|17538|470|28567|29037|593|37949|38542|
1000029032||||||||||||||||||||||||||||||||||0|9876|9876|||||||||||||||||||||||||
1000029264||||||||||0|4298|4298||||||||||0|4069|4069||||||||||0|4397|4397|||||||||||||||||||||||||
1000029586||||||||||||||||||||||0|2929|2929||||||||||0|5946|5946|||||||||||||||||||||||||
1000029643||||||||||0|3630|3630|||||||||||||||||||||||||||||||||||||||||||||||||
1000029151||||||||||||||||||||||||||||0|288|288|||||||||||||||||||||||||||||||
1000030952||||||||||||||||||||||||||||||||||0|0|0|||||||||||||||||||||||||
1000029671||||||||||0|3238|3238||||||||||||||||||||||0|5668|5668|||||||||||||||||||||||||
1000029505||||||||||0|5169|5169||||||||||||||||||||||||||||||||||0|7570|7570||||||||||0|3292|3292|
1000030205||||||||||||||||||||||||||||||||||0|1254|1254||||||||||0|1427|1427||||||||||0|2105|2105|
1000028385||||||||||||||||||||||||||||||||||0|6436|6436||||||||||0|6584|6584||||||||||0|7854|7854|
1000029763||||||||||||||||||||||||||||||||||0|9785|9785|||||||||||||||||||||||||
1000009682||||||||||0|14921|14921||||||||||0|17677|17677|||||||||||||||||||||||||||||||||||||
1000030547||||||||||0|36|36||||||||||0|289|289||||||||||0|1964|1964|||||||||||||||||||||||||
1000031626||||||||||||||||||||||||||||||||||0|4096|4096||||||||||0|6770|6770|||||||||||||
1000030778||||||||||||||||||||||||||||||||||||||||||||||0|100|100|0|26|26|0|38|38|0|132|132|0|251|251|
1000026477||||||||||||||||||||||||||||||||||||||||||||||0|3494|3494|||||||||||||
1000001281||||||||||0|26807|26807||||||||||0|42828|42828||||||||||||||||||||||0|40462|40462||||||||||0|0|0|
1000019333|39056|17772|56828|75703|42831|118534|101981|69658|171639|142992|91892|234884|63459|22397|85856|118350|37962|156312|173015|69245|242260|236962|93235|330197|45903|37735|83638|119499|84762|204261|166647|119681|286328|214772|152628|367400|23988|49105|73093|60310|99092|159402|109511|148124|257635|172588|232154|404742|77478|57796|135274|196397|108177|304574|342581|166689|509270|557069|217048|774117|
1000018428||||||||||0|41900|41900||||||||||0|48442|48442||||||||||0|63478|63478||||||||||0|66707|66707|||||||||||||
1000005667||||||||||||||||||||||0|2847|2847||||||||||0|2917|2917|||||||||||||||||||||||||
1000001913||||||||||||||||||||||||||||||||||||||||||||||0|35766|35766|||||||||||||
1000004465||||||||||||||||||||||||||||||||||||||||||||||0|20551|20551||||||||||0|20600|20600|
1000031551||||||||||||||||||||||0|5076|5076|||||||||||||||||||||||||||||||||||||
1000030717||||||||||||||||||||||||||||||||||0|22480|22480|||||||||||||||||||||||||
1000008742||||||||||0|52754|52754|||||||||||||||||||||||||||||||||||||||||||||||||
1000007593||||||||||0|112557|112557||||||||||0|116403|116403||||||||||0|136807|136807||||||||||0|146903|146903|||||||||||||
1000005934||||||||||||||||||||||0|1200|1200||||||||||0|1450|1450|||||||||||||||||||||||||
1000009645||||||||||0|38872|38872||||||||||0|61916|61916||||||||||0|42699|42699|||||||||||||||||||||||||
1000025717||||||||||||||||||||||||||||||||||0|1004|1004|||||||||||||||||||||||||
1000007829||||||||||||||||||||||||||||||||||0|13019|13019||||||||||0|8772|8772||||||||||0|4528|4528|
1000008087||||||||||0|9834|9834||||||||||0|6172|6172|||||||||||||||||||||||||||||||||||||
1000009256||||||||||||||||||||||||||||||||||0|16926|16926|||||||||||||||||||||||||
1000030227||||||||||0|98504|98504||||||||||0|97460|97460||||||||||0|202011|202011||||||||||0|291740|291740||||||||||0|602900|602900|
1000010028||||||||||0|104799|104799||||||||||0|123382|123382||||||||||0|150158|150158||||||||||0|165294|165294||||||||||0|168699|168699|
1000010074||||||||||||||||||||||||||||||||||||||||||||||0|34885|34885||||||||||0|45059|45059|
1000010141||||||||||||||||||||||||||||||||||||||||||||||0|15298|15298|||||||||||||
1000031606||||||||||||||||||||||||||||||||||0|3633|3633|||||||||||||||||||||||||
1000013062||||||||||||||||||||||||||||||||||0|8676|8676|||||||||||||||||||||||||
1000013063||||||||||||||||||||||0|13571|13571|||||||||||||||||||||||||||||||||||||
1000009531|526|40029|40555|1825|83011|84836|7031|123309|130340|8588|172668|181256|3034|42691|45725|10422|84798|95220|11555|130421|141976|13268|174085|187353|3859|37622|41481|7790|72432|80222|7888|113338|121226|9833|154550|164383|1115|39956|41071|1473|79284|80757|1473|121898|123371|2128|164136|166264|966|40998|41964|966|81636|82602|1671|124100|125771|2547|166291|168838|
1000030564||||||||||||||||||||||0|2500|2500||||||||||0|2500|2500|||||||||||||||||||||||||
1000000020||||||||||0|68318|68318||||||||||||||||||||||0|94326|94326||||||||||0|122685|122685||||||||||0|123058|123058|
1000000025|0|34844|34844|0|67085|67085|0|99547|99547|0|132236|132236|0|37364|37364|0|72750|72750|0|108878|108878|0|149532|149532|0|39718|39718|0|75454|75454|0|106853|106853|0|141452|141452|0|38560|38560|0|66561|66561|0|98796|98796|0|133080|133080|0|33487|33487|0|65332|65332|0|97933|97933|0|131025|131025|
1000000098|247|38644|38891|715|99396|100111|975|143877|144852|3695|184168|187863|552|43883|44435|677|114121|114798|1246|164259|165505|1551|211501|213052|709|47719|48428|1132|118718|119850|1411|168800|170211|1650|215649|217299|588|50332|50920|1105|123857|124962|1472|178846|180318|2039|239645|241684|376|56784|57160|721|136937|137658|1311|192363|193674|1720|220725|222445|
1000000101||||||||||||||||||||||||||||||||||||||||||||||0|393464|393464|||||||||||||
1000000126|62695|273921|336616|103583|649180|752763|200543|974785|1175328|298753|1362645|1661398|68916|307323|376239|119782|742774|862556|175672|1161627|1337299|296413|1668630|1965043|67065|424365|491430|116927|930173|1047100|184964|1133586|1318550|274503|1594903|1869406|41665|334517|376182|93142|760600|853742|130140|1096479|1226619|193039|1502689|1695728|40517|269396|309913|86267|631886|718153|128232|957298|1085530|172204|1316435|1488639|
1000000151|242|12914|13156|612|26777|27389|1189|39631|40820|2027|53270|55297|325|14486|14811|775|29484|30259|1401|45326|46727|1782|62568|64350|335|15023|15358|597|30987|31584|904|47385|48289|1206|63578|64784|122|14847|14969|416|29496|29912|774|42794|43568|982|57606|58588|89|16221|16310|403|34218|34621|826|50940|51766|883|67720|68603|
1000000164|0|209765|209765|0|410555|410555|0|608491|608491|0|833543|833543|0|197856|197856|0|485908|485908|0|754009|754009|0|1030414|1030414|0|235685|235685|0|542451|542451|0|801223|801223|132934|980348|1113282|54088|228653|282741|107797|495452|603249|162323|702749|865072|225567|937066|1162633|65398|163204|228602|173695|390269|563964|287892|594218|882110|398569|817696|1216265|
1000000216|8397|22250|30647|34578|27191|61769|41325|49101|90426|59313|63560|122873|20542|14221|34763|41287|29136|70423|62573|44912|107485|0|140620|140620|21820|19026|40846|44559|37383|81942|67790|57197|124987|91926|74365|166291|24450|18397|42847|49109|37594|86703|72646|54737|127383|99913|72289|172202|26128|17538|43666|52818|36870|89688|79028|55137|134165|104327|72819|177146|
1000000247|0|164338|164338|0|349921|349921|0|552681|552681|0|813282|813282|0|303907|303907|0|615018|615018|0|922620|922620|0|1204986|1204986|0|231492|231492|0|451018|451018|0|676434|676434|0|892537|892537|0|206828|206828|148587|191748|340335|230279|285853|516132|308867|378164|687031|74929|99198|174127|157751|194453|352204|202750|318925|521675|304743|369819|674562|
1000000366|0|88371|88371|0|195933|195933|0|333953|333953|0|473779|473779|0|142260|142260|0|250808|250808|0|406066|406066|0|548446|548446|0|170330|170330|0|372564|372564|0|611761|611761|0|522161|522161|0|113403|113403|0|250412|250412|0|546174|546174|0|750930|750930|0|188403|188403|0|614434|614434|0|1485743|1485743||||
1000000369|7590|10175|17765|14458|19601|34059|22299|29402|51701|30116|41409|71525|5406|9525|14931|13462|20601|34063|21121|28392|49513|34447|36974|71421|4008|8478|12486|15637|17585|33222|22414|25562|47976|33387|32636|66023|4200|7028|11228|11490|14992|26482|12365|25088|37453|16695|29813|46508|5101|7068|12169|10027|14965|24992|13539|22841|36380|18452|27310|45762|
1000000395|0|341922|341922|0|682635|682635|0|1032855|1032855|0|1450779|1450779|0|352183|352183|0|736113|736113|0|1123609|1123609|0|1553877|1553877|0|312202|312202|0|664007|664007|0|964824|964824|0|1354327|1354327|0|309449|309449|0|630341|630341|0|926376|926376|0|1308634|1308634|0|304192|304192|0|612793|612793|0|923224|923224|0|1109969|1109969|
1000000415|0|32671|32671|0|79087|79087|0|140848|140848|0|242589|242589|0|56444|56444|0|110240|110240|0|176507|176507|0|325214|325214|0|106930|106930|0|187062|187062|0|307174|307174|0|392451|392451|0|67940|67940|0|149222|149222|0|276205|276205|0|441776|441776|0|111851|111851|0|239681|239681|0|376918|376918|0|572027|572027|
1000000464|0|22255|22255|0|52345|52345|0|89972|89972|0|139061|139061|0|32453|32453|0|73879|73879|0|120101|120101|0|188210|188210|0|78543|78543|0|178732|178732|0|234670|234670|0|309755|309755|0|65393|65393|0|124299|124299|0|195383|195383|0|259810|259810|0|42221|42221|0|90102|90102|0|141493|141493|0|211311|211311|
1000000488|77065|4703396|4780461|154122|9444611|9598733|290627|14275602|14566229|282995|16465590|16748585|72803|4204405|4277208|161148|8405917|8567065|232367|12678145|12910512|324454|16980519|17304973|88157|4284070|4372227|172245|8506365|8678610|264041|12817179|13081220|348709|17259802|17608511|95365|4379246|4474611|220197|8676773|8896970|322871|13106217|13429088|426050|17514559|17940609|96325|4357393|4453718|182420|8610057|8792477|302763|12467778|12770541|401743|16697470|17099213|
1000000544||||||||||0|27021|27021||||||||||0|35489|35489|||||||||||||||||||||||||||||||||||||
1000000557|5189|39166|44355|9966|85299|95265|14763|128373|143136|19472|169710|189182|19688|73272|92960|84755|109058|193813|52299|234512|286811|76750|315072|391822|25392|85089|110481|100384|130771|231155|83539|263140|346679|104718|351445|456163|31490|87205|118695|66147|182610|248757|94751|273100|367851|122186|362125|484311|16334|95951|112285|46943|186111|233054|77751|280822|358573|95555|387220|482775|
1000000566||||||||||||||||||||||||||||||||||0|258456|258456||||||||||0|201655|201655|||||||||||||
1000000597||||||||||||||||||||||0|17587|17587||||||||||0|19472|19472||||||||||0|19774|19774|||||||||||||
1000000628|0|506973|506973|0|1009397|1009397|0|1480402|1480402|0|9029003|9029003|350005|142596|492601|704641|300903|1005544|1092956|455317|1548273|0|2255354|2255354|0|604262|604262|0|1258666|1258666|0|1258666|1258666|0|2519796|2519796|0|636270|636270|0|1293655|1293655|0|1950244|1950244|0|2643000|2643000|0|649617|649617|929616|369267|1298883|1411657|556884|1968541|1868252|765306|2633558|
1000000634|84039|165506|249545|160432|359892|520324|233346|516996|750342|252730|777085|1029815|72046|195165|267211|167705|394063|561768|205733|647195|852928|347667|852185|1199852|104783|237677|342460|223197|485287|708484|331286|729080|1060366|412607|1027952|1440559|115254|255231|370485|256679|530307|786986|376874|800633|1177507|508348|1062278|1570626|151905|260251|412156|268429|585069|853498|403266|858381|1261647|527717|1156865|1684582|
1000000686||||||||||0|91938|91938|||||||||||||||||||||||||||||||||||||||||||||||||
1000000770||||||||||0|7240|7240||||||||||0|7987|7987||||||||||0|10399|10399|||||||||||||||||||||||||
1000000868|0|988281|988281|0|2007634|2007634|0|2934700|2934700|0|3793959|3793959|0|1073562|1073562|0|2245466|2245466|0|3325010|3325010|0|4221751|4221751|0|1108599|1108599|0|2255605|2255605|0|3245797|3245797|0|4006628|4006628|0|1182622|1182622|0|2357912|2357912|0|3407369|3407369|0|4268743|4268743|0|1237499|1237499|0|2465213|2465213|0|3553414|3553414|0|4468647|4468647|
1000000879|71|41063|41134|120|80611|80731|268|123878|124146|1645|173078|174723|16|51567|51583|21|98313|98334|44|136528|136572|53|181313|181366|10|46248|46258|16|93030|93046|0|135648|135648|0|188354|188354|0|46734|46734|10|95552|95562|20|143382|143402|26|193998|194024|0|57174|57174|0|106180|106180|0|150625|150625|0|194059|194059|
1000000931||||||||||0|8374|8374||||||||||||||||||||||0|8501|8501||||||||||0|9556|9556|||||||||||||
1000001078||||||||||||||||||||||||||||0|3391|3391||||||||||0|2987|2987|||||||||||||||||||
1000001111||||||||||0|3825|3825||||||||||0|3809|3809|||||||||||||||||||||||||||||||||||||
1000001113|184831|290500|475331|377761|642164|1019925|632701|993901|1626602|878050|1372704|2250754|910501|540057|1450558|2439553|1222779|3662332|3948495|1599793|5548288|5376622|1942743|7319365|1283828|404550|1688378|2561098|750387|3311485|3919281|1093641|5012922|5132788|1497378|6630166|1362692|422337|1785029|2891586|850142|3741728|4355173|1247853|5603026|5696435|1591150|7287585|1318094|331222|1649316|2654263|684138|3338401|4068143|1078183|5146326||||
1000001134||||||||||||||||||||||0|5458|5458|||||||||||||||||||||||||||||||||||||
1000001177||||||||||0|6200|6200||||||||||0|5900|5900||||||||||0|14370|14370||||||||||0|14827|14827||||||||||0|15761|15761|
1000001179|0|257227|257227|0|529191|529191|0|796185|796185|0|1080133|1080133|0|285591|285591|0|559456|559456|0|885320|885320|0|1167868|1167868|0|277590|277590|0|564260|564260|0|852911|852911|0|1190257|1190257|0|267196|267196|0|550807|550807|0|874110|874110|0|1196436|1196436|0|313517|313517|0|667632|667632|0|966115|966115|0|1265652|1265652|
1000001212||||||||||0|16800|16800||||||||||0|24310|24310|||||||||||||||||||||||||||||||||||||
1000001224||||||||||0|3539|3539||||||||||0|3871|3871||||||||||0|3980|3980|||||||||||||||||||||||||
1000001415||||||||||0|27222|27222||||||||||0|28804|28804||||||||||0|37297|37297||||||||||0|35129|35129||||||||||0|34977|34977|
1000001423||||||||||||||||||||||||||||||||||0|2520000|2520000|||||||||||||||||||||||||
1000001425||||||||||||||||||||||0|23424|23424|||||||||||||||||||||||||||||||||||||
1000001635||||||||||||||||||||||||||||||||||||||||||||||0|73463|73463|||||||||||||
1000001661|3673|2058|5731|8395|5086|13481|14369|6830|21199|20404|8905|29309|3664|2346|6010|4193|4551|8744|4884|6688|11572|5128|8879|14007|413|1661|2074|806|3390|4196|1310|4557|5867|2817|6768|9585|340|1571|1911|671|3017|3688|969|3927|4896|1437|4980|6417|273|913|1186|527|1885|2412|897|3139|4036|1302|4438|5740|
1000001879||||||||||||||||||||||0|11768|11768||||||||||0|13081|13081|||||||||||||||||||||||||
1000001924||||||||||||||||||||||||||||||||||||||||||||||0|34968|34968|||||||||||||
1000001994||||||||||||||||||||||||||||||||||0|69513|69513||||||||||0|75477|75477||||||||||0|78864|78864|
1000002073||||||||||0|37237|37237||||||||||||||||||||||||||||||||||0|53694|53694|||||||||||||
1000002144||||||||||||||||||||||||||||||||||0|20000|20000|||||||||||||||||||||||||
1000002164||||||||||||||||||||||0|2681|2681|||||||||||||||||||||||||||||||||||||
1000002175|0|5064558|5064558|0|10531788|10531788|0|15935859|15935859|0|21779581|21779581|0|6293186|6293186|0|13156126|13156126|0|20170259|20170259|0|26981881|26981881|0|6300835|6300835|0|12835659|12835659|0|19165792|19165792|0|25683197|25683197|0|6586436|6586436|0|13650755|13650755|0|21119469|21119469|0|28407374|28407374|0|7223390|7223390|0|14739357|14739357|0|22094412|22094412|0|29566409|29566409|
1000002348|22564|10967|33531|46213|24803|71016|68702|40269|108971|88728|53512|142240|31906|14957|46863|57604|25933|83537|84704|36423|121127|110124|45920|156044|36206|7476|43682|65008|17670|82678|98756|26264|125020|119915|40437|160352|33521|12016|45537|67673|28776|96449|98580|41756|140336|119728|52027|171755|33584|8937|42521|63029|20706|83735|88132|29722|117854|118002|42071|160073|
1000002411||||||||||0|3650|3650|||||||||||||||||||||||||||||||||||||||||||||||||
1000002415||||||||||0|111925|111925||||||||||||||||||||||0|130590|130590||||||||||0|140293|140293||||||||||0|161153|161153|
1000002462||||||||||0|3606|3606||||||||||0|3332|3332||||||||||0|4260|4260|||||||||||||||||||||||||
1000002490||||||||||0|58774|58774|0|14017|14017|0|27798|27798|0|41663|41663|0|55077|55077|0|15417|15417|0|32085|32085|0|48193|48193|0|66485|66485|0|17952|17952|0|35571|35571|0|51798|51798|0|67849|67849|0|15571|15571|0|32582|32582|0|47818|47818|0|61572|61572|
1000002521||||||||||0|22970|22970|||||||||||||||||||||||||||||||||||||||||||||||||
1000002557||||||||||0|17775|17775||||||||||0|16249|16249||||||||||0|11939|11939||||||||||0|13854|13854||||||||||0|13810|13810|
1000002596||||||||||0|202348|202348||||||||||0|250150|250150||||||||||0|324110|324110||||||||||0|454315|454315||||||||||0|481712|481712|
1000002725||||||||||||||||||||||||||||||||||0|30518|30518|||||||||||||||||||||||||
1000002886||||||||||0|3197|3197||||||||||0|3338|3338|||||||||||||||||||||||||||||||||||||
1000002908||||||||||0|4146|4146||||||||||0|4293|4293||||||||||0|4015|4015||||||||||0|3458|3458|||||||||||||
1000002923||||||||||0|4954|4954||||||||||0|5347|5347||||||||||0|9161|9161|||||||||||||||||||||||||
1000002978||||||||||0|24710|24710||||||||||0|26254|26254||||||||||0|25734|25734||||||||||0|27939|27939||||||||||0|29236|29236|
1000003002||||||||||0|3366|3366||||||||||0|4426|4426|||||||||||||||||||||||||||||||||||||
1000003035||||||||||0|13060|13060||||||||||0|12620|12620||||||||||0|7934|7934|||||||||||||||||||||||||
1000003036||||||||||0|0|0||||||||||0|4473|4473||||||||||||||||||||||0|66773|66773||||||||||0|80426|80426|
1000003050||||||||||||||||||||||||||||||||||||||||||||||||||||||||||0|2840|2840|
1000003059||||||||||||||||||||||0|7373|7373|||||||||||||||||||||||||||||||||||||
1000003065|||||||||||||0|7451|7451||||||||||0|6435|6435||||||||||0|5737|5737||||||||||0|4713|4713||||||||||
1000003117||||||||||0|2530|2530|||||||||||||||||||||||||||||||||||||||||||||||||
1000003157||||||||||||||||||||||0|10229|10229|||||||||||||||||||||||||||||||||||||
1000003168||||||||||||||||||||||||||||||||||18|20168|20186|8|4724|4732|19|10393|10412|24|16975|16999|29|15399|15428|0|7677|7677|11|16231|16242|14|20280|20294|20|15335|15355|
1000003184||||||||||0|6612|6612||||||||||||||||||||||||||||||||||0|5024|5024|||||||||||||
1000003249||||||||||0|34008|34008||||||||||0|38296|38296||||||||||0|45173|45173||||||||||0|36971|36971|||||||||||||
1000003481||||||||||||||||||||||||||||||||||||||||||||||0|20898|20898|||||||||||||
1000003525||||||||||0|15000|15000||||||||||0|15000|15000||||||||||0|15000|15000|||||||||||||||||||||||||
1000003842||||||||||0|10815|10815||||||||||0|13631|13631||||||||||0|11816|11816||||||||||0|9567|9567|||||||||||||
1000004306||||||||||||||||||||||0|8672|8672||||||||||0|3779|3779||||||||||0|1481|1481||||||||||0|1611|1611|
1000004332||||||||||||||||||||||0|2204|2204||||||||||0|1810|1810|||||||||||||||||||||||||
1000004588||||||||||0|0|0|||||||||||||||||||||||||||||||||||||||||||||||||
1000004595||||||||||||||||||||||||||||||||||0|3446|3446||||||||||0|3679|3679||||||||||0|3134|3134|
1000004696||||||||||||||||||||||||||||||||||||||||||||||0|1400|1400|||||||||||||
1000004704||||||||||0|29311|29311||||||||||0|30032|30032|||||||||||||||||||||||||||||||||||||
1000004811||||||||||0|3939|3939||||||||||0|3573|3573||||||||||0|3920|3920|||||||||||||||||||||||||
1000004961|4905|211|5116|10848|603|11451|20328|5030|25358|25774|2726|28500|8833|179|9012|16428|720|17148|23416|1501|24917|29235|2404|31639|4508|330|4838|8692|1473|10165|10280|2563|12843|13559|3666|17225|5391|459|5850|9394|2156|11550|12496|3510|16006|15088|5280|20368|5281|1157|6438|10059|3278|13337|12838|5428|18266|17639|6853|24492|
1000005242||||||||||0|6864|6864|||||||||||||||||||||||||||||||||||||||||||||||||
1000005372||||0|0|0|0|1250|1250|0|1250|1250|||||||||||||||||||||||||||||||0|1250|1250||||||||||||||||
1000005465|||||||||||||||||||||||||||||||||||||0|29100|29100|23200|15310|38510|4400|5900|10300|7600|12900|20500|3600|5300|8900|6800|10600|17400|10200|32400|42600|13900|56500|70400|
1000005634||||||||||0|241|241||||||||||0|8851|8851|||||||||||||||||||||||||||||||||||||
1000005685||||||||||0|0|0||||||||||||||||||||||0|5934|5934|||||||||||||||||||||||||
1000005738||||||||||0|2017|2017||||||||||0|2450|2450||||||||||0|1954|1954|||||||||||||||||||||||||
1000005824|0|32420|32420|0|67061|67061|0|98806|98806|2|137183|137185|0|31000|31000|0|67592|67592|0|102704|102704|0|143130|143130|0|29673|29673|0|69838|69838|0|108413|108413|0|154623|154623|0|40904|40904|0|90832|90832|0|134414|134414|0|186550|186550|0|40861|40861|0|88938|88938|0|129255|129255|0|176940|176940|
1000005965|131178|120470|251648|272267|254045|526312|425145|399772|824917|598029|563255|1161284|186413|161681|348094|384002|322817|706819|608213|475694|1083907|832912|624303|1457215|200658|144377|345035|382760|293592|676352|563641|423761|987402|758562|551362|1309924|196099|136895|332994|400782|287627|688409|613564|434254|1047818|827211|580933|1408144|212300|155808|368108|432731|312218|744949|698884|429767|1128651|945915|248230|1194145|
1000006021|5913|107037|112950|12376|274294|286670|21345|388797|410142|27868|541166|569034|5005|169490|174495|35436|328834|364270|52817|484285|537102|89729|674892|764621|21533|205456|226989|65169|429204|494373|53895|635589|689484|60201|876762|936963|4215|224297|228512|5391|412173|417564|6879|644578|651457|10250|860000|870250|3389|176960|180349|14139|354909|369048|22422|500089|522511|35042|383519|418561|
1000006023||||||||||0|99307|99307||||||||||0|119012|119012||||||||||0|107500|107500||||||||||1568|83998|85566||||||||||0|60726|60726|
1000006082||||||||||0|6504|6504|||||||||||||||||||||||||||||||||||||||||||||||||
1000006114||||||||||||||||||||||0|35134|35134||||||||||0|31757|31757|||||||||||||||||||||||||
1000006116||||||||||||||||||||||||||||||||||0|34326|34326|||||||||||||||||||||||||
1000006176||||||||||||||||||||||||||||||||||||||||||||||0|9859|9859||||||||||0|16571|16571|
1000006403||||||||||0|61021|61021|||||||||||||||||||||||||||||||||||||||||||||||||
1000006575|0|3256|3256||||||||||||||||||||||||||||||||||||||||||||||||||||||||||
1000006628||||||||||0|12694|12694|||||||||||||||||||||||||||||||||||||||||||||||||
1000006783||||||||||0|25833|25833||||||||||0|20173|20173||||||||||0|24403|24403||||||||||0|32026|32026|||||||||||||
1000006891||||||||||0|2116|2116||||||||||||||||||||||||||||||||||0|536|536|||||||||||||
1000007081||||||||||0|422820|422820||||||||||0|554014|554014||||||||||0|504788|504788||||||||||0|529862|529862||||||||||0|468697|468697|
1000007114|0|20464|20464|0|42980|42980|0|64907|64907|0|93471|93471|0|24066|24066|0|48360|48360|0|73335|73335|0|101378|101378|0|23972|23972|0|48023|48023|0|73870|73870|0|103396|103396|0|4768|4768|2|56976|56978|2|91047|91049|22|129176|129198|0|34812|34812|0|68790|68790|0|13398|13398|0|142115|142115|
1000007361||||||||||0|3744|3744|||||||||||||||||||||||||||||||||||||||||||||||||
1000007403||||||||||0|38036|38036||||||||||0|48358|48358||||||||||0|51367|51367|||||||||||||||||||||||||
1000007416||||||||||0|90655|90655||||||||||||||||||||||0|158619|158619|||||||||||||||||||||||||
1000007418|2291326|80623|2371949|4655251|192203|4847454|7242616|293537|7536153|9273271|401765|9675036|2521571|95195|2616766|4904030|168342|5072372|7177544|278578|7456122|9050442|374110|9424552|1863005|158758|2021763|3986223|256063|4242286|6249339|353887|6603226|8462013|447435|8909448|2480571|143718|2624289|4953111|251310|5204421|7445227|356595|7801822|9848396|445707|10294103|2622116|116533|2738649|5310588|212690|5523278|8075329|336985|8412314|10888950|425509|11314459|
1000007435||||||||||||||||||||||||||||||||||||||||||||||0|20038|20038|||||||||||||
1000007690||||||||||0|140371|140371||||||||||0|125039|125039|||||||||||||||||||||||||||||||||||||
1000007747|878|13464|14342|1817|31275|33092|5847|45882|51729|6862|89570|96432|3075|14350|17425|3943|36465|40408|5806|53463|59269|8527|92897|101424|1710|16741|18451|3481|45496|48977|4296|64892|69188|5128|101727|106855|3135|20610|23745|4364|42335|46699|5740|62439|68179|6601|94858|101459|2605|15694|18299|4527|35298|39825|5133|53260|58393|5966|92631|98597|
1000007906||||||||||||||||||||||0|7944|7944||||||||||0|2363|2363|||||||||||||||||||||||||
1000008075||||||||||0|10975|10975||||||||||0|11461|11461||||||||||0|12047|12047||||||||||0|15528|15528|||||||||||||
1000008228||||||||||||||||||||||||||||||||||||||||0|0|0||||0|0|0|||||||||||||
1000008256||||||||||||||||||||||||||||||||||||||||||||||0|21200|21200||||||||||0|28440|28440|
1000008452||||||||||0|34060|34060||||||||||0|31241|31241||||||||||||||||||||||0|89418|89418||||||||||0|35922|35922|
1000008590||||||||||0|2094|2094||||||||||0|2950|2950||||||||||0|3349|3349|||||||||||||||||||||||||
1000008668||||||||||||||||||||||||||||||||||0|19178|19178||||||||||0|28750|28750||||||||||0|22128|22128|
1000008826||||||||||||||||||||||||||||||||||||||||||||||0|18667|18667||||||||||0|19860|19860|
1000008928||||||||||0|6733|6733||||||||||0|9681|9681||||||||||0|9707|9707|||||||||||||||||||||||||
1000009476|||||||||||||||||||0|1932|1932||||||||||||||||||||||||||||||||||||||||
1000009871|64475|280488|344963|138255|637065|775320|205588|964685|1170273|286259|1305229|1591488|65677|332175|397852|129000|673868|802868|192375|1007270|1199645|263612|1336514|1600126|68540|334721|403261|143369|739157|882526|234932|1105862|1340794|249516|1091278|1340794|92725|434077|526802|184730|893525|1078255|271551|1336536|1608087|374354|1791736|2166090|105311|483263|588574|239412|972723|1212135|336053|1461698|1797751|450529|1948229|2398758|
1000009991||||||||||0|2398|2398||||||||||0|4464|4464||||||||||||||||||||||||||||||||||0|2027|2027|
1000010192||||||||||0|7512|7512||||||||||0|6797|6797||||||||||0|9328|9328||||||||||0|11145|11145|||||||||||||
1000010218||||||||||0|870|870||||||||||0|593|593|||||||||||||||||||||||||||||||||||||
1000010256||||||||||0|34191|34191||||||||||0|23508|23508||||||||||0|37561|37561||||||||||0|30302|30302||||||||||0|48084|48084|
1000010385||||||||||||||||||||||||||||||||||0|16047|16047||||||||||0|16047|16047|||||||||||||
1000010785||||||||||||||||||||||||||||||||||||||||||||||0|23341|23341|0|7523|7523|0|15320|15320|0|24266|24266|0|39019|39019|
1000010859||||||||||||||||||||||0|3672|3672||||||||||0|5025|5025|||||||||||||||||||||||||
1000010870||||||||||||||||||||||||||||||||||||||||||||||0|11857|11857||||||||||0|18607|18607|
1000010882||||||||||||||||||||||0|1820|1820||||||||||0|226|226|||||||||||||||||||||||||
1000011020||||||||||0|4191|4191||||||||||0|4628|4628||||||||||0|4545|4545||||||||||0|4904|4904|||||||||||||
1000011057||||||||||0|102100|102100||||||||||0|129577|129577||||||||||0|135777|135777||||||||||0|130789|130789|||||||||||||
1000011085|6408|1529|7937|13218|3644|16862|21174|4609|25783|28671|6731|35402|8938|1419|10357|17147|4283|21430|29164|6265|35429|38063|8894|46957|8631|2926|11557|17036|6511|23547|23950|8257|32207|31093|10710|41803|7883|3122|11005|15896|5171|21067|21650|6693|28343|31912|8713|40625|7201|1608|8809|17409|3820|21229|27163|5337|32500|40003|8220|48223|
1000011090||||||||||0|40134|40134||||||||||0|45282|45282|||||||||||||||||||||||||||||||||||||
1000011162||||||||||0|10200|10200|||||||||||||||||||||||||||||||||||||||||||||||||
1000011291||||||||||0|4422|4422||||||||||0|4952|4952||||||||||0|3205|3205|||||||||||||||||||||||||
1000011341||||||||||||||||||||||0|3650|3650|||||||||||||||||||||||||||||||||||||
1000011455|11831|21556|33387|24659|43909|68568|39310|65679|104989|55178|88070|143248|15803|22307|38110|31946|46743|78689|45618|70413|116031|57762|93888|151650|8645|22631|31276|18364|45389|63753|26813|67310|94123|37082|90697|127779|8995|22190|31185|18920|44176|63096|31138|66197|97335|42398|88744|131142|10203|21075|31278|21613|43106|64719|33691|65554|99245|47295|88119|135414|
1000011731||||||||||0|47385|47385|||||||||||||||||||||||||||||||||||||||||||||||||
1000011751||||||||||0|2586|2586||||||||||0|2964|2964||||||||||0|522|522||||||||||0|632|632|||||||||||||
1000011783||||||||||||||||||||||||||||||||||||||||||||||||||||||||||0|15209|15209|
1000012076||||||||||0|4095|4095||||||||||0|4026|4026||||||||||0|3116|3116|||||||||||||||||||||||||
1000012176||||||||||0|8411|8411||||||||||0|6291|6291||||||||||0|6291|6291||||||||||0|5812|5812|||||||||||||
1000012551||||||||||||||||||||||||||||||||||||||||||||||0|7833|7833|||||||||||||
1000012578||||||||||0|17959|17959||||||||||0|16649|16649||||||||||0|22307|22307||||||||||||||||||||||0|25339|25339|
1000012705||||||||||||||||||||||0|6246|6246||||||||||0|5929|5929||||||||||0|8433|8433||||||||||0|7480|7480|
1000012830||||||||||||||||||||||0|25600|25600||||||||||||||||||||||0|21000|21000|||||||||||||
1000012871||||||||||||||||||||||||||||||||||0|83062|83062|||||||||||||||||||||||||
1000013191||||||||||0|13334|13334||||||||||0|13334|13334||||||||||0|20790|20790|||||||||||||||||||||||||
1000013323||||||||||0|11723|11723|||||||||||||||||||||||||||||||||||||||||||||||||
1000013343||||||||||||||||||||||0|5227|5227|||||||||||||||||||||||||||||||||||||
1000013539||||||||||0|5210|5210|||||||||||||||||||||||||||||||||||||||||||||||||
1000014044||||||||||0|2871|2871||||||||||0|6366|6366||||||||||0|5481|5481|||||||||||||||||||||||||
1000014062||||||||||0|210559|210559||||||||||0|286565|286565||||||||||||||||||||||0|294143|294143||||||||||0|299130|299130|
1000014093||||||||||0|184189|184189||||||||||||||||||||||0|175160|175160||||||||||0|51501|51501||||||||||0|26283|26283|
1000014135|0|17697|17697|0|36066|36066|0|52131|52131|0|69805|69805|0|16388|16388|0|31162|31162|0|48837|48837|0|64952|64952|0|20646|20646|0|42605|42605|0|63505|63505|0|86034|86034|0|20440|20440|0|43180|43180|0|60794|60794|0|89539|89539|0|20576|20576|0|43392|43392|0|58778|58778|0|80357|80357|
1000014244||||||||||0|13655|13655||||||||||0|17830|17830|||||||||||||||||||||||||||||||||||||
1000014296|0|272833|272833|0|521956|521956|0|842803|842803|0|1234328|1234328|0|577833|577833|0|1006594|1006594|0|1705523|1705523|0|2290070|2290070|0|684922|684922|0|1176304|1176304|0|1585511|1585511|0|1984279|1984279|0|405134|405134|0|737185|737185|0|1209816|1209816|0|1643265|1643265|0|361147|361147|0|605385|605385|0|1027639|1027639|0|1314719|1314719|
1000014401||||||||||||||||||||||||||||||||||0|281108|281108|||||||||||||||||||||||||
1000014450|0|17027|17027|0|34919|34919|0|50591|50591|0|71961|71961|0|17931|17931|0|42429|42429|0|60863|60863|0|85525|85525|0|23375|23375|0|44727|44727|0|67136|67136|0|91550|91550|0|22148|22148|0|46784|46784|0|65748|65748|0|91263|91263|0|18867|18867|0|40633|40633|0|58915|58915|0|81448|81448|
1000014452||||||||||0|40272|40272||||||||||0|34580|34580||||||||||0|30219|30219||||||||||0|30917|30917|||||||||||||
1000014524||||||||||||||||||||||0|228939|228939|||||||||||||||||||||||||||||||||||||
1000014843||||||||||||||||||||||||||||||||||||||||||||||||||||||||||0|2701|2701|
1000014915||||||||||0|4260|4260||||||||||0|9076|9076||||||||||||||||||||||0|8175|8175||||||||||0|11288|11288|
1000015404||||||||||||||||||||||0|1642|1642|||||||||||||||||||||||||||||||||||||
1000015452||||0|8395|8395|||||||||||||||||||||||||||||||||||||||||||||||||||||||
1000015468||||||||||0|43046|43046||||||||||0|40005|40005||||||||||0|43567|43567||||||||||0|48466|48466|||||||||||||
1000015469||||||||||0|19043|19043||||||||||0|34442|34442|||||||||||||||||||||||||||||||||||||
1000015520||||||||||0|10361|10361||||||||||0|13058|13058||||||||||0|14521|14521||||||||||0|15817|15817||||||||||0|14863|14863|
1000015784||||||||||0|3650|3650||||||||||0|3538|3538||||||||||0|5198|5198|||||||||||||||||||||||||
1000015905||||||||||0|1474|1474||||||||||0|1482|1482||||||||||0|1482|1482||||||||||0|915|915|||||||||||||
1000015914|0|46379|46379|0|97271|97271|0|146590|146590|0|204434|204434|0|57412|57412|0|117426|117426|0|174588|174588|0|227324|227324|0|49252|49252|0|96691|96691|143406|352430|495836|185183|641720|826903|43562|153516|197078|94144|302481|396625|138374|455113|593487|181668|610421|792089|49966|149113|199079|95370|295665|391035|134338|438334|572672|176127|577552|753679|
1000016012||||||||||0|1848|1848||||||||||0|2209|2209||||||||||0|1687|1687|||||||||||||||||||||||||
1000016388||||||||||||||||||||||||||||||||||||||||||||||||||||||||||0|48508|48508|
1000016422||||||||||||||||||||||0|14600|14600|||||||||||||||||||||||||||||||||||||
1000016561|217511|204652|422163|447841|413988|861829|713299|624651|1337950|1017487|832148|1849635|325546|229952|555498|680817|471841|1152658|1050518|732008|1782526|1369783|984898|2354681|317946|261928|579874|571975|499885|1071860|832434|708034|1540468|1104684|920907|2025591|250973|225234|476207|511993|466902|978895|838872|708416|1547288||||244825|217158|461983|532933|447279|980212|815522|681367|1496889|1136659|920827|2057486|
1000016649||||||||||0|275|275|||||||||||||||||||||||||||||||||||||||||||||||||
1000016752||||||||||||||||||||||||||||||||||||||||||||||0|35861|35861||||||||||0|34916|34916|
1000016753||||||||||0|9206|9206||||||||||||||||||||||||||||||||||0|9|9|||||||||||||
1000016768||||||||||0|1135|1135||||||||||0|7160|7160||||||||||0|8795|8795|||||||||||||||||||||||||
1000016769||||||||||0|13154|13154||||||||||0|11375|11375||||||||||0|10854|10854||||||||||0|12898|12898|||||||||||||
1000016770||||||||||||||||||||||||||||||||||||||||||||||0|56038|56038|||||||||||||
1000016884|15261|92772|108033|38825|235899|274724|61537|361634|423171|89390|501593|590983|28478|135420|163898|57905|289289|347194|79016|426594|505610|108225|564941|673166|22312|127055|149367|44826|275559|320385|70637|408651|479288|94691|544098|638789|26010|122950|148960|51799|274531|326330|75115|404835|479950|100856|542281|643137|25987|115035|141022|52077|250554|302631|68537|381537|450074|104946|493607|598553|
1000016932|0|337819|337819|0|504821|504821|0|647485|647485|0|950483|950483|||||||||||||||||||||||||||||||||||||||||||||||||
1000017037||||||||||0|163555|163555||||||||||0|172559|172559||||||||||0|198518|198518||||||||||0|100153|100153|||||||||||||
1000017150||||||||||0|103604|103604|||||||||||||||||||||||||||||||||||||||||||||||||
1000017309|||||||||||||||||||||||||||||||||||||||||||0|0|0||||||||||||||||
1000017627||||||||||0|6415|6415||||||||||0|5032|5032||||||||||0|6575|6575|||||||||||||||||||||||||
1000017746||||||||||0|3000|3000||||||||||0|3000|3000||||||||||||||||||||||0|3000|3000||||||||||0|3968|3968|
1000017769||||||||||||||||||||||||||||0|8271|8271||||0|12607|12607||||||||||0|17200|17200|||||||||||||
1000018137||||||||||||||||||||||0|2997|2997||||||||||0|3893|3893|||||||||||||||||||||||||
1000018169||||||||||0|7203|7203||||||||||0|11997|11997||||||||||0|7425|7425|||||||||||||||||||||||||
1000018215|21592|431|22023|45371|599|45970|61680|1067|62747|79439|2386|81825|22256|2855|25111|41078|3723|44801|69231|3839|73070|102547|4529|107076|32745|201|32946|64769|649|65418|95066|1379|96445|130588|6663|137251|31150|4014|35164|55352|8464|63816|83658|16107|99765|114574|22049|136623|35633|1515|37148|70549|2239|72788|103425|2703|106128|129541|3871|133412|
1000018235|23710|4807|28517|56399|14170|70569|84916|15110|100026|115011|15955|130966|34404|700|35104|45546|15447|60993|78816|3705|82521|99196|19318|118514|11360|15124|26484|20481|30852|51333|46589|41204|87793|65810|47088|112898|22112|12533|34645|42381|47027|89408|57659|94742|152401|67418|146809|214227|6888|29317|36205|9897|51759|61656|10794|59864|70658|13536|72456|85992|
1000018315|10680|32277|42957|22583|64527|87110|36609|94606|131215|53343|128867|182210|17009|36419|53428|33399|67182|100581|54124|95651|149775|76141|138783|214924|22196|40073|62269|47666|85713|133379|72372|130256|202628|95676|180358|276034|26217|47723|73940|51599|96487|148086|76399|147551|223950|95807|198451|294258|20338|45280|65618|43136|89894|133030|63693|138018|201711|81816|185136|266952|
1000018515||||||||||||||||||||||||||||||||||||||||||||||0|120386|120386||||||||||0|126684|126684|
1000018578||||||||||0|5522|5522||||||||||0|5710|5710||||||||||0|5766|5766||||||||||0|6197|6197||||||||||0|8235|8235|
1000018590|46839|32759|79598|89489|77038|166527|126887|118770|245657|163262|176922|340184|32649|46801|79450|67247|101381|168628|100118|149915|250033|0|344411|344411|21175|52543|73718|20700|139048|159748|97685|141136|238821|0|340758|340758|31345|41067|72412|62206|100702|162908|92883|161479|254362|123557|250867|374424|30264|51600|81864|61431|127252|188683|89622|203504|293126|112423|296091|408514|
1000018741||||||||||0|1080|1080|||||||||||||||||||||||||||||||||||||||||||||||||
1000019043||||||||||0|41250|41250||||||||||0|37084|37084|||||||||||||||||||||||||||||||||||||
1000019172||||||||||0|3421|3421||||||||||||||||||||||0|3926|3926|||||||||||||||||||||||||
1000019348||||||||||0|958|958||||||||||0|1231|1231|||||||||||||||||||||||||||||||||||||
1000019358||||||||||0|6426|6426||||||||||0|5713|5713||||||||||0|7394|7394||||||||||0|6995|6995|||||||||||||
1000019752||||||||||||||||||||||||||||||||||||||||||||||0|5596|5596|||||||||||||
1000019782||||||||||||||||||||||||||||||||||||||||||||||0|17093|17093||||||||||0|21468|21468|
1000019812||||||||||0|82435|82435|||||||||||||||||||||||||||||||||||||||||||||||||
1000019880||||||||||0|9730|9730||||||||||0|7961|7961||||||||||0|9435|9435||||||||||0|19356|19356|||||||||||||
1000020036||||||||||0|7848|7848|||||||||||||||||||||||||||||||||||||||||||||||||
1000020228||||||||||0|1906|1906||||||||||0|6154|6154||||||||||0|3756|3756|||||||||||||||||||||||||
1000020458||||||||||0|7784|7784||||||||||||||||||||||0|7173|7173|||||||||||||||||||||||||
1000020586||||||||||0|32503|32503||||||||||0|47544|47544||||||||||0|28972|28972||||||||||0|42960|42960||||||||||0|46400|46400|
1000020605||||||||||0|47658|47658||||||||||0|42843|42843||||||||||0|46195|46195|||||||||||||||||||||||||
1000020763||||||||||0|11699|11699||||||||||0|13812|13812||||||||||0|16106|16106||||||||||0|14129|14129|||||||||||||
1000021584||||||||||0|4691|4691|||||||||||||||||||||||||||||||||||||||||||||||||
1000021635||||||||||0|61595|61595||||||||||0|109868|109868||||||||||0|116738|116738||||||||||0|111349|111349|||||||||||||
1000022246||||||||||||||||||||||0|5863|5863|||||||||||||||||||||||||||||||||||||
1000022372||||||||||0|7127|7127|||||||||||||||||||||||||||||||||||||||||||||||||
1000022495||||||||||0|13430|13430||||||||||0|11711|11711||||||||||0|9059|9059|||||||||||||||||||||||||
1000022506||||||||||||||||||||||0|39580|39580|||||||||||||||||||||||||||||||||||||
1000022760||||0|1058|1058||||0|2107|2107||||||||||0|1897|1897|||||||||||||||||||||||||||||||||||||
1000022894||||||||||||||||||||||0|48513|48513||||||||||0|54661|54661||||||||||0|51734|51734|||||||||||||
1000022902||||||||||0|266463|266463|||||||||||||||||||||||||||||||||||||||||||||||||
1000022913||||||||||||||||||||||||||||||||||||||||||||||||||||||||||0|28149|28149|
1000022964||||||||||0|3570|3570||||||||||0|3570|3570||||||||||0|3570|3570|||||||||||||||||||||||||
1000023892||||||||||||||||||||||0|113126|113126|||||||||||||||||||||||||||||||||||||
1000024003||||||||||0|4691|4691||||||||||0|3048|3048||||||||||0|3228|3228|||||||||||||||||||||||||
1000024098|0|153200|153200|0|332400|332400|0|506400|506400|0|733600|733600|0|191800|191800|0|382300|382300|0|564700|564700|0|642600|642600|0|160000|160000|||||||||||||||||||0|701000|701000|0|166400|166400|0|328500|328500|0|483100|483100|0|646180|646180|
1000024152||||||||||0|4866|4866||||||||||0|5274|5274||||||||||0|5621|5621||||||||||||||||||||||0|5487|5487|
1000024356||||||||||0|16922|16922||||||||||0|17739|17739||||||||||0|18277|18277|||||||||||||||||||||||||
1000024388||||||||||0|13557|13557||||||||||0|14449|14449|||||||||||||||||||||||||||||||||||||
1000024477||||||||||0|3308|3308||||||||||0|3774|3774||||||||||0|3350|3350|||||||||||||||||||||||||
1000024481|0|176561|176561|0|362259|362259|0|581001|581001|0|813875|813875|0|232653|232653|0|468639|468639|0|701836|701836|0|933284|933284|0|224030|224030|0|446766|446766|0|664857|664857|0|890056|890056|0|216198|216198|0|437196|437196|0|646139|646139|0|867181|867181|0|196959|196959|0|402873|402873|0|602483|602483|0|797357|797357|
1000025981||||||||||0|11349|11349|||||||||||||||||||||||||||||||||||||||||||||||||
1000021242||||||||||0|6023|6023||||||||||||||||||||||0|5425|5425||||||||||0|4670|4670|||||||||||||
1000026387|8633|8050|16683|18339|17336|35675|29504|28253|57757|41663|40190|81853|15465|13393|28858|31363|30427|61790|48514|45533|94047|66904|64603|131507|19317|10916|30233|39924|19391|59315|59211|26961|86172|79931|37860|117791|20919|9913|30832|40603|20954|61557|61225|32777|94002|81187|57540|138727|18995|12986|31981|41182|22044|63226|64435|34961|99396|90908|50325|141233|
1000025865||||||||||||||||||||||||||||||||||||||||||||||722|28674|29396|335|6158|6493|1275|13257|14532|2499|20310|22809|3728|36978|40706|
1000025866||||||||||||||||||||||||||||||||||||||||||||||0|3433|3433|||||||||||||
1000019301|||||||||||||||||||0|34800|34800|||||||||||||0|47800|47800|||||||||||||||||||||||||
1000025595|77178|35541|112719|169147|89371|258518|221756|132800|354556|346284|182457|528741|44384|35807|80191|122705|79213|201918|229882|119824|349706|328033|158575|486608|57916|36059|93975|141519|74980|216499|245929|128315|374244|328587|204992|533579|67850|23937|91787|146575|74501|221076|225422|127512|352934|339690|177008|516698|81607|40316|121923|159729|72456|232185|226277|102223|328500|315061|145084|460145|
1000025798||||||||||0|5075|5075|||||||||||||||||||||||||||||||||||||||||||||||||
1000005556|0|16535|16535|0|33086|33086|0|49462|49462|0|65923|65923|0|15185|15185|0|29328|29328|0|42253|42253|0|53168|53168|0|9447|9447|0|19911|19911|0|33600|33600|0|44117|44117|0|10493|10493|0|24272|24272|0|36171|36171|0|43614|43614|0|10131|10131|0|19396|19396|0|28975|28975|0|37876|37876|
1000005426||||||||||||||||||||||||||||||||||||||||||||||0|12850|12850|||||||||||||
1000025293||||||||||0|1177|1177||||||||||0|1135|1135|||||||||||||||||||||||||||||||||||||
1000008678||||||||||0|3008|3008||||||||||0|2590|2590||||||||||0|3860|3860|||||||||||||||||||||||||
1000025181||||||||||||||||||||||||||||||||||0|1844|1844|||||||||||||||||||||||||
1000025879||||||||||0|800|800||||||||||0|940|940||||||||||0|1450|1450|||||||||||||||||||||||||
1000025539||||||||||||||||||||||||||||||||||0|61755|61755||||||||||||||||||||||0|80524|80524|
1000023963||||||||||||||||||||||0|3450|3450||||||||||0|3450|3450|||||||||||||||||||||||||
1000015965||||||||||0|54235|54235|||||||||||||||||||||||||||||||||||||||||||||||||
1000025738|||||||||||||||||||||||||||||||0|43043|43043|0|56281|56281|0|16257|16257|0|36184|36184|0|48125|48125|0|63905|63905|0|14617|14617|0|33216|33216|0|46705|46705|0|63676|63676|
1000026967||||||||||||||||||||||||||||||||||0|7334|7334|||||||||||||||||||||||||
1000025541||||||||||0|357|357||||||||||0|238|238|||||||||||||||||||||||||||||||||||||
1000024957||||||||||||||||||||||||||||||||||0|3923|3923||||||||||0|4678|4678|||||||||||||
1000026111||||||||||||||||||||||0|3850|3850||||||||||0|5277|5277|||||||||||||||||||||||||
1000025409||||||||||||||||||||||||||||||||||0|1231|1231|||||||||||||||||||||||||
1000026473||||||||||||||||||||||||||||||||||0|12461|12461|||||||||||||||||||||||||
1000025910||||||||||0|25091|25091||||||||||||||||||||||0|37775|37775||||||||||0|27692|27692||||||||||0|25023|25023|
1000027934||||||||||0|1878|1878||||||||||||||||||||||0|4047|4047||||||||||0|6842|6842||||||||||0|6136|6136|
1000025641|||||||||||||||||||80190|35294|115484|123729|35608|159337|43842|14916|58758|79559|27103|106662|116514|32096|148610|136367|42719|179086|28404|9350|37754|55300|9762|65062|100854|13929|114783|166640|14762|181402|35663|1232|36895|86354|1888|88242|117361|2927|120288|169093|3872|172965|
1000026015||||||||||||||||||||||||||||||||||0|8654|8654||||||||||0|5546|5546|||||||||||||
1000009348||||||||||0|6951|6951||||||||||0|6875|6875||||||||||0|5122|5122||||||||||0|4866|4866||||||||||0|5349|5349|
1000027512|345|260289|260634|1940|605389|607329|3979|915159|919138|5839|1266016|1271855|1837|282337|284174|3975|691313|695288|5646|1061786|1067432|5933|1481640|1487573|960|386156|387116|2412|878804|881216|3344|1302346|1305690|4167|1795333|1799500|219|411428|411647|586|909188|909774|1285|1297893|1299178|1292|1740380|1741672|13|298162|298175|15|705810|705825|37|1063580|1063617|403|1423457|1423860|
1000027306||||||||||0|2220|2220||||||||||0|3005|3005||||||||||0|3540|3540||||||||||0|3657|3657||||||||||0|2541|2541|
1000025760|0|456597|456597|0|694665|694665|0|939070|939070|0|1457154|1457154|0|630552|630552|0|1107987|1107987|0|1594617|1594617|0|2304945|2304945|0|681387|681387|0|1010559|1010559|0|1291892|1291892|0|1799454|1799454|0|624118|624118|0|998877|998877|0|1301398|1301398|0|1791908|1791908|0|687461|687461|0|1024198|1024198|0|1313021|1313021|0|1759465|1759465|
1000026877||||||||||0|7510|7510||||||||||0|9281|9281||||||||||0|9997|9997|||||||||||||||||||||||||
1000027508|0|112710|112710|0|257314|257314|0|478143|478143|0|929001|929001|0|87091|87091|0|225372|225372|0|316425|316425|0|456725|456725|0|20596|20596|0|47075|47075|0|278901|278901|0|369506|369506|0|22271|22271|0|49048|49048|0|110696|110696|0|267545|267545|0|154558|154558|0|316417|316417|0|467182|467182|0|651368|651368|
1000029649||||||||||0|1938|1938|||||||||||||||||||||||||||||||||||||||||||||||||
1000028732||||||||||0|1218|1218|||||||||||||||||||||||||||||||||||||||||||||||||
1000028721||||||||||||||||||||||||||||||||||0|6717|6717|||||||||||||||||||||||||
1000025707|220942|159795|380737|424343|379991|804334|655312|543077|1198389|978337|827655|1805992|174755|177056|351811|477719|414169|891888|793865|633124|1426989|1215673|888826|2104499|367988|200603|568591|794786|416287|1211073|1266458|639034|1905492|1792796|910003|2702799|536081|264897|800978|1201039|516848|1717887|1791071|715565|2506636|2368875|953474|3322349|811692|202976|1014668|1440863|480024|1920887|2200212|716107|2916319|3147338|932160|4079498|
1000025690||||||||||0|11393|11393|||||||||||||||||||||||||||||||||||||||||||||||||
1000030111||||||||||0|13088|13088|||||||||||||||||||||||||||||||||||||||||||||||||
1000027398|0|769465|769465|0|1641853|1641853|0|2608951|2608951|0|3597777|3597777|0|1003317|1003317|0|2028165|2028165|0|3003512|3003512|0|3841373|3841373|0|834471|834471|0|1650864|1650864|0|2434177|2434177|0|3202331|3202331|0|836824|836824|0|1677313|1677313|0|2506763|2506763|0|3311228|3311228|0|853558|853558|0|1696594|1696594|0|2497592|2497592|0|3283045|3283045|
1000009681||||||||||0|1294|1294|||||||||||||||||||||||||||||||||||||||||||||||||
1000030453||||||||||||||||||||||||||||||||||||||||||||||0|10745|10745|||||||||||||
1000029132||||||||||||||||||||||||||||||||||0|4826|4826||||||||||0|5439|5439||||||||||0|6231|6231|
1000030160||||||||||0|12000|12000|||||||||||||||||||||||||||||||||||||||||||||||||
1000030366||||||||||0|1524|1524||||||||||||||||||||||0|4405|4405|||||||||||||||||||||||||
1000025893||||||||||0|1428|1428||||||||||0|1404|1404||||||||||0|1623|1623|||||||||||||||||||||||||
1000029514||||||||||||||||||||||0|1803|1803|||||||||||||||||||||||||||||||||||||
1000026090||||||||||||||||||||||0|600|600|||||||||||||||||||||||||||||||||||||
1000019330||||||||||||||||||||||||||||||||||||||||||||||||||||||||||0|141003|141003|
1000004883|12283|299630|311913|22870|616579|639449|36517|945171|981688|57507|1286052|1343559|19372|322000|341372|33667|673731|707398|46526|1044761|1091287|65100|1423245|1488345|17372|347809|365181|34050|727137|761187|48834|1115959|1164793|169361|1500043|1669404|18164|343338|361502|39999|718306|758305|55708|1115359|1171067|74212|1512219|1586431|15370|385586|400956|45219|790586|835805|60202|1205422|1265624|69409|1622995|1692404|
1000015958||||||||||||||||||||||0|0|0|||||||||||||||||||||||||||||||||||||
1000031241||||||||||||||||||||||0|82918|82918||||||||||0|106907|106907||||||||||0|112708|112708|||||||||||||
1000004240|3462|83153|86615|7600|169567|177167|13598|255194|268792|3932|369213|373145|3942|87759|91701|7703|191223|198926|11431|281656|293087|14856|423268|438124|3188|84488|87676|6811|170663|177474|10949|274653|285602|15167|374265|389432|4525|79674|84199|10176|167464|177640|16442|258883|275325|22553|357533|380086|6821|79621|86442|12271|169947|182218|19945|246912|266857|24472|349277|373749|
1000004777||||||||||0|3626|3626||||||||||0|5691|5691||||||||||0|5874|5874|||||||||||||||||||||||||
1000008291||||||||||||||||0|261237|261237||||||||||||||||0|53181|53181|||||||||||||||||||||||||
1000029891||||||||||||||||||||||||||||||||||0|13632|13632||||||||||0|6398|6398|||||||||||||
1000031636||||||||||||||||||||||||||||||||||0|1500|1500|||||||||||||||||||||||||
1000011843||||||||||||||||||||||0|7683|7683||||||||||||||||||||||||||||||||||0|1062|1062|
1000031773||||||||||||||||||||||||||||||||||0|358|358|||||||||||||||||||||||||
1000031578||||||||||||||||||||||||||||||||||0|800|800|||||||||||||||||||||||||
1000028571|0|750|750|||||||||||||||||||0|1229|1229|||||||||||||||||||||||||||||||||||||
1000029448||||||||||0|2900|2900|||||||||||||||||||||||||||||||||||||||||||||||||
1000031364|||||||||||||1548600|2242000|3790600|6510600|9367200|15877800|11594500|15319500|26914000|15831600|19990400|35822000|5043100|5437900|10481000|10499800|11098800|21598600|15861800|16233700|32095500|22093700|21041500|43135200|6282000|4978100|11260100|12446400|9834200|22280600|19102600|14384900|33487500|26071400|18572700|44644100|7423100|3829300|11252400|14586900|7760000|22346900|21739900|11488100|33228000|28589500|14969600|43559100|
1000008444|1995|9232|11227|4478|21875|26353|7806|33842|41648|10568|48736|59304|2444|12294|14738|5825|27778|33603|8795|40301|49096|10983|53194|64177|3214|9066|12280|7946|16899|24845|11925|26276|38201|16520|40330|56850|6945|8638|15583|15235|16415|31650|22723|26054|48777|29479|37201|66680|5349|13533|18882|13063|32900|45963|21174|48106|69280|28344|66030|94374|
1000009109||||||||||0|28456|28456|||||||||||||||||||||||||||||||||||||||||||||||||
1000007092|0|1123|1123|0|2632|2632||||||||||||||||0|8040|8040|0|2926|2926|0|5766|5766|0|9873|9873|0|14763|14763|0|885|885|0|1228|1228|0|3825|3825|0|5074|5074|0|677|677|0|775|775|0|1997|1997|0|2891|2891|
1000024541||||||||||||||||||||||||||||||||||||||||||||||0|18291|18291|||||||||||||
1000006952||||||||||0|15400|15400|||||||||||||||||||||||||||||||||||||||||||||||||
1000009937||||||||||0|1894|1894||||||||||0|1830|1830||||||||||0|1830|1830||||||||||0|1830|1830|||||||||||||
1000010463||||||||||||||||||||||0|4600|4600||||||||||0|1120|1120|||||||||||||||||||||||||
1000028895||||||||||||||||||||||||||||||||||0|15649|15649|||||||||||||||||||||||||
1000006939||||||||||0|5937|5937||||||||||0|5570|5570||||||||||0|5944|5944||||||||||0|4480|4480||||||||||0|4580|4580|
1000030230||||||||||||||||||||||||||||||||||0|2500|2500|||||||||||||||||||||||||
1000010030||||||||||0|13742|13742||||||||||0|21288|21288||||||||||0|20588|20588||||||||||0|25535|25535||||||||||0|20646|20646|
1000010187||||||||||||||||||||||||||||||||||0|0|0|||||||||||||||||||||||||
1000010701|0|70642|70642|0|167013|167013|0|303001|303001|7936|343824|351760|0|74191|74191|0|206404|206404|0|379058|379058|0|511666|511666|0|91279|91279|0|189961|189961|0|343643|343643|0|439247|439247|0|70172|70172|0|149835|149835|0|284945|284945|0|367320|367320|0|78298|78298|0|170474|170474|0|281304|281304|0|367542|367542|
1000010175||||||||||||||||||||||||||||||||||||||||||||||0|6353|6353||||||||||0|6827|6827|
1000010070||||||||||0|59047|59047|||||||||||||||||||||||||||||||||||||||||||||||||
1000010134||||||||||0|11756|11756||||||||||||||||||||||0|10087|10087||||||||||0|10169|10169|||||||||||||
1000032122||||||||||||||||||||||||||||||||||||||||||||||||||||||||||0|13528|13528|
1000004986|6213|180625|186838|15442|356327|371769|23461|536943|560404|35348|734438|769786|6442|173771|180213|22297|409782|432079|40075|590170|630245|54965|791557|846522|6831|178061|184892|15102|374154|389256|24099|580749|604848|33061|795847|828908|6282|206333|212615|16758|415142|431900|30681|630689|661370|44169|852973|897142|15315|232044|247359|28561|481889|510450|44588|726683|771271|66392|996759|1063151|
1000005005||||||||||||||||||||||||||||||||||||||||||||||0|1634|1634||||||||||0|1780|1780|
1000009749|25134|245181|270315|58316|491308|549624|88599|764107|852706|153993|1049192|1203185|30158|290970|321128|64886|573340|638226|108744|871631|980375|147650|1183896|1331546|36130|90051|126181|0|703923|703923|135010|933527|1068537|202617|1288270|1490887|47485|356199|403684|107413|674404|781817|149262|994632|1143894|0|1495502|1495502|43006|347942|390948|111632|640593|752225|149541|965030|1114571|213509|1334022|1547531|
1000032087|||||||||||||||||||||||||||||||||||||||||||0|454089|454089|0|910389|910389|0|454530|454530|0|807459|807459|0|1216186|1216186|0|1409897|1409897|
