tree
version=v4
num_class=1
num_tree_per_iteration=1
label_index=0
max_feature_idx=229
objective=binary sigmoid:1
feature_names=COPR_OPNP_C STD_INDS_CFC OBV_LN_LMT_AM OBV_LN_BAC OBV_LN_LMT_BAC OBV_BZL_RZVL_ASP_ELGD OBV_LD_AM OBV_XPC_LSS_AM OBV_ELYWRN_OBV_GRD_DSC JEMU_112000 JEMU_114000 JEMU_115000 JEMU_116000 JEMU_117000 JEMU_118000 JEMU_118100 JEMU_118900 JEMU_121000 JEMU_123000 JEMU_125000 JEMU_125100 JEMU_126000 JEMU_128000 JEMU_129000 JEMU_191104 JEMU_191105 JEMU_191108 JEMU_191110 JEMU_191204 JEMU_191207 JEMU_191208 JEMU_191210 JEMU_191310 JEMU_191502 JEMU_191503 JEMU_191505 JEMU_191506 CG01_KIS_SCORE C302_CRI_ORD AC12_US_FC_AM AC12_US_KRW_AM AC12_JP_FC_AM AC12_JP_KRW_AM AC12_CN_FC_AM AC12_CN_KRW_AM AC12_EU_FC_AM AC12_EU_KRW_AM AC12_TOTAL_KRW_AM AC12_EXT_OTHER_KRW_AM AA17_LA_XPO_AM AA17_DME_AM AA17_EXT_PROD_RECORD_YN AA10_PERS_CNT CRIF_CRDBD_RSNC CRIF_SUM(CRDBD_RSN_AM) CRIF_SUM(CRDBD_OVD_AM) CRIF_MAX(CRDBD_RLS_RSNC) BUSINESS_AGE KOSPI_log_ret KOSDAQ_log_ret DowJones_log_ret NASDAQ_log_ret SP500_log_ret Nikkei225_log_ret Shanghai_Composite_log_ret USD_KRW_log_ret EUR_KRW_log_ret JPY_KRW_log_ret CNY_KRW_log_ret DXY_dollar_index_log_ret brent_crude_oil_log_ret WTI_crude_oil_log_ret natural_gas_log_ret gold_log_ret silver_log_ret copper_log_ret corn_log_ret soybean_log_ret VIX_log_ret CP_91d_log_ret MSB_91d_log_ret KOSPI_vol_m KOSDAQ_vol_m DowJones_vol_m NASDAQ_vol_m SP500_vol_m Nikkei225_vol_m Shanghai_Composite_vol_m USD_KRW_vol_m EUR_KRW_vol_m JPY_KRW_vol_m CNY_KRW_vol_m DXY_dollar_index_vol_m brent_crude_oil_vol_m WTI_crude_oil_vol_m natural_gas_vol_m gold_vol_m silver_vol_m copper_vol_m corn_vol_m soybean_vol_m VIX_vol_m CP_91d_vol_m MSB_91d_vol_m call_rate_overnight_diff12 call_rate_overnight_brokered_diff12 corporate_bond_3y_AA_diff12 KORIBOR_12m_diff12 KORIBOR_3m_diff12 KORIBOR_6m_diff12 treasury_bond_10y_diff12 treasury_bond_1y_diff12 treasury_bond_3y_diff12 treasury_bond_5y_diff12 US_10Y_treasury_diff12 US_2Y_treasury_diff12 base_rate_diff12 CD_rate_91d_diff12 treasury_bond_1y_monthly_diff12 credit_spread_diff12 liquidity_spread_diff12 CPI_core_yoy CPI_core_excl_food_energy_yoy CPI_food_nonalcohol_yoy PPI_total_yoy housing_price_index_yoy M1_narrow_money_yoy M2_broad_money_yoy Lf_liquidity_yoy monetary_base_sa_yoy export_index_yoy import_index_yoy trade_total_yoy current_account_yoy goods_balance_yoy household_credit_yoy household_loan_yoy current_account_quarterly_yoy BSI_mfg_biz_yoy BSI_mfg_export_yoy BSI_mfg_domestic_yoy BSI_nonmfg_biz_yoy CSI_composite_yoy CSI_living_prospect_yoy KOSPI_log_ret_ma3m KOSDAQ_log_ret_ma3m DowJones_log_ret_ma3m NASDAQ_log_ret_ma3m SP500_log_ret_ma3m Nikkei225_log_ret_ma3m Shanghai_Composite_log_ret_ma3m USD_KRW_log_ret_ma3m EUR_KRW_log_ret_ma3m JPY_KRW_log_ret_ma3m CNY_KRW_log_ret_ma3m DXY_dollar_index_log_ret_ma3m brent_crude_oil_log_ret_ma3m WTI_crude_oil_log_ret_ma3m natural_gas_log_ret_ma3m gold_log_ret_ma3m silver_log_ret_ma3m copper_log_ret_ma3m corn_log_ret_ma3m soybean_log_ret_ma3m VIX_log_ret_ma3m CP_91d_log_ret_ma3m MSB_91d_log_ret_ma3m KOSPI_vol_m_ma3m KOSDAQ_vol_m_ma3m DowJones_vol_m_ma3m NASDAQ_vol_m_ma3m SP500_vol_m_ma3m Nikkei225_vol_m_ma3m Shanghai_Composite_vol_m_ma3m USD_KRW_vol_m_ma3m EUR_KRW_vol_m_ma3m JPY_KRW_vol_m_ma3m CNY_KRW_vol_m_ma3m DXY_dollar_index_vol_m_ma3m brent_crude_oil_vol_m_ma3m WTI_crude_oil_vol_m_ma3m natural_gas_vol_m_ma3m gold_vol_m_ma3m silver_vol_m_ma3m copper_vol_m_ma3m corn_vol_m_ma3m soybean_vol_m_ma3m VIX_vol_m_ma3m CP_91d_vol_m_ma3m MSB_91d_vol_m_ma3m call_rate_overnight_diff12_ma3m call_rate_overnight_brokered_diff12_ma3m corporate_bond_3y_AA_diff12_ma3m KORIBOR_12m_diff12_ma3m KORIBOR_3m_diff12_ma3m KORIBOR_6m_diff12_ma3m treasury_bond_10y_diff12_ma3m treasury_bond_1y_diff12_ma3m treasury_bond_3y_diff12_ma3m treasury_bond_5y_diff12_ma3m US_10Y_treasury_diff12_ma3m US_2Y_treasury_diff12_ma3m base_rate_diff12_ma3m CD_rate_91d_diff12_ma3m treasury_bond_1y_monthly_diff12_ma3m credit_spread_diff12_ma3m liquidity_spread_diff12_ma3m CPI_core_yoy_ma3m CPI_core_excl_food_energy_yoy_ma3m CPI_food_nonalcohol_yoy_ma3m PPI_total_yoy_ma3m housing_price_index_yoy_ma3m M1_narrow_money_yoy_ma3m M2_broad_money_yoy_ma3m Lf_liquidity_yoy_ma3m monetary_base_sa_yoy_ma3m export_index_yoy_ma3m import_index_yoy_ma3m trade_total_yoy_ma3m current_account_yoy_ma3m goods_balance_yoy_ma3m household_credit_yoy_ma3m household_loan_yoy_ma3m current_account_quarterly_yoy_ma3m BSI_mfg_biz_yoy_ma3m BSI_mfg_export_yoy_ma3m BSI_mfg_domestic_yoy_ma3m BSI_nonmfg_biz_yoy_ma3m CSI_composite_yoy_ma3m CSI_living_prospect_yoy_ma3m
feature_infos=[10:92] [-1:96999] [0:17768370176] [0:89000001536] [0:15000000512] [0:75.550003051757812] [0:58146369536] [0:1389609600] -1:1:0:2 [0:829637888] [0:1164801664] [0:1223995392] [0:831007616] [-95079:641540928] [0:831007616] [-10350687:1143310080] [-322215232:873259008] [-14971533:561469568] [-25509652:198210672] [-143619520:164648848] [-77982584:325554432] [-77982584:198906288] [-199858560:321591616] [-199858560:243474496] [-105.09999847412109:10003] [-100:10003] [-100:10003] [-807.95001220703125:10000] [-9999.990234375:10000] [-9999.990234375:10000] [-9999.990234375:10000] [-1696.300048828125:10000] [-9999.990234375:10000] [-9999.990234375:10000] [-0.14000000059604645:10000] [-0.25999999046325684:10000] [-0.039999999105930328:432.01998901367188] [-1:10] [-3:22] [0:1502209536] [0:768348] [0:1479717248] [0:98458] [0:107725648] [0:19481] [0:23499998] [0:33524] [0:769357] [0:16370] [-10073:234077] [0:2022442] [0:1] [0:18644] [-1:205] [0:393683232] [0:9871681] [-1:99] [0:88.0191650390625] [-0.14101520180702209:0.26702320575714111] [-0.1821480393409729:0.12486235052347183] [-0.092533022165298462:0.13059662282466888] [-0.14227442443370819:0.14229947328567505] [-0.098049163818359375:0.099151328206062317] [-0.079789429903030396:0.14928077161312103] [-0.079553812742233276:0.085367865860462189] [-0.070126526057720184:0.068147994577884674] [-0.04519672691822052:0.04456305131316185] [-0.052351672202348709:0.028183039277791977] [-0.050451133400201797:0.044894006103277206] [-0.051326345652341843:0.04621482640504837] [-0.13113193213939667:0.1592802107334137] [-0.12011386454105377:0.15875573456287384] [-0.51119810342788696:0.41683098673820496] [-0.053546193987131119:0.073811091482639313] [-0.12644071877002716:0.13855192065238953] [-0.14520750939846039:0.10539989918470383] [-0.18805223703384399:0.10815214365720749] [-0.10541822016239166:0.18074950575828552] [-0.40210446715354919:0.48520854115486145] [-0.14441289007663727:0.34937563538551331] [-0.083430282771587372:0.2275426834821701] [2.3783512115478516:11.770684242248535] [3.6469783782958984:11.290719032287598] [2.3033959865570068:7.3023009300231934] [3.947777271270752:12.391244888305664] [2.2988433837890625:9.0589208602905273] [2.4125120639801025:8.7820396423339844] [2.1749045848846436:8.5012006759643555] [1.5768635272979736:5.1006007194519043] [1.3229588270187378:4.7142267227172852] [1.6928831338882446:5.5923876762390137] [0.9568672776222229:2.705641508102417] [1.2926995754241943:4.2305550575256348] [4.6096458435058594:28.683740615844727] [6.0908336639404297:29.364826202392578] [10.682514190673828:56.704673767089844] [2.469508171081543:6.629023551940918] [4.8462533950805664:12.54794979095459] [4.4422602653503418:11.050463676452637] [3.3706459999084473:24.471723556518555] [2.8351287841796875:14.413482666015625] [14.886695861816406:43.840797424316406] [0:14.562392234802246] [0.68011277914047241:19.845996856689453] [-0.22900000214576721:2.4300000667572021] [-0.22900000214576721:2.4300000667572021] [-0.071999996900558472:2.4330000877380371] [-0.87999999523162842:3.2300000190734863] [-0.090000003576278687:2.7799999713897705] [-0.61000001430511475:3.0899999141693115] [-0.1289999932050705:1.7200000286102295] [-0.70800000429153442:3.1319999694824219] [-0.065999999642372131:1.8589999675750732] [-0.23299999535083771:2.2460000514984131] [0.21299982070922852:2.5199999809265137] [-0.60500001907348633:4.4219999313354492] [-0.25:2.25] [-28:22.700000762939453] [-0.22699999809265137:2.2999999523162842] [-0.71399998664855957:1.315000057220459] [-1.4409999847412109:1.7400000095367432] [-7.4434747695922852:20.749256134033203] [-10.18405818939209:14.462621688842773] [1.939140796661377:4.2034096717834473] [2.1583971977233887:6.3270096778869629] [-0.17867539823055267:1.9579614400863647] [4.049656867980957:7.9022922515869141] [-9.0909090042114258:350] [0.1221519410610199:10.221649169921875] [-3.3627574443817139:14.891404151916504] [-73.70135498046875:2114.654052734375] [-39.252510070800781:61.188411712646484] [-25.64952278137207:37.481521606445312] [-5577.5:641.1580810546875] [-169.31494140625:187.31246948242188] [-12.153517723083496:72.641510009765625] [-13.404254913330078:79.153091430664062] [-874.64630126953125:38.049110412597656] [-30.769229888916016:11.764705657958984] [-26.923076629638672:24.137931823730469] [-25.490196228027344:15.909090995788574] [-14.457831382751465:18.571428298950195] [-20.332717895507812:20.6534423828125] [-17.708333969116211:18.987340927124023] [-0.055792734026908875:0.077855385839939117] [-0.080072484910488129:0.073755450546741486] [-0.039799660444259644:0.047724727541208267] [-0.08472711592912674:0.053286746144294739] [-0.059888742864131927:0.031954027712345123] [-0.02409639023244381:0.056178271770477295] [-0.039063833653926849:0.039312716573476791] [-0.047861747443675995:0.034975975751876831] [-0.019161706790328026:0.032896209508180618] [-0.036237675696611404:0.019632713869214058] [-0.035120170563459396:0.019864032045006752] [-0.029446963220834732:0.022855374962091446] [-0.088798806071281433:0.15932734310626984] [-0.095180399715900421:0.15900465846061707] [-0.3084501326084137:0.20511510968208313] [-0.027266494929790497:0.055022593587636948] [-0.071323461830615997:0.076651923358440399] [-0.081475265324115753:0.071369707584381104] [-0.094505064189434052:0.08927251398563385] [-0.068280637264251709:0.10023004561662674] [-0.14948047697544098:0.14111483097076416] [-0.10778924822807312:0.1987932026386261] [-0.025375626981258392:0.14705182611942291] [2.9006750583648682:15.54808521270752] [4.8509039878845215:15.111638069152832] [2.4746317863464355:6.5250110626220703] [4.3039584159851074:10.762414932250977] [2.9224867820739746:8.0634422302246094] [3.4110641479492188:8.9323101043701172] [2.9540786743164062:7.0181870460510254] [1.5616679191589355:4.3282709121704102] [1.7787973880767822:4.0337910652160645] [1.7687946557998657:4.1460456848144531] [1.0133702754974365:2.4998037815093994] [1.4330124855041504:3.6075053215026855] [5.2748723030090332:21.256622314453125] [6.4763531684875488:21.901809692382812] [14.026962280273438:35.369270324707031] [2.6846203804016113:8.8794660568237305] [6.3233375549316406:17.941074371337891] [4.7333822250366211:9.0130681991577148] [3.8508522510528564:15.279622077941895] [3.8867974281311035:12.145108222961426] [19.700151443481445:39.524272918701172] [0.083022043108940125:8.1350822448730469] [0.78318667411804199:11.342879295349121] [-0.1940000057220459:2.2239999771118164] [-0.1940000057220459:2.2239999771118164] [0.054666668176651001:2.4096667766571045] [-0.65333330631256104:3.126666784286499] [-0.01666666753590107:2.7166666984558105] [-0.23999999463558197:2.9566667079925537] [-0.054666668176651001:1.6690000295639038] [-0.54833334684371948:3.0169999599456787] [0.016333334147930145:1.778333306312561] [-0.12300000339746475:2.0780000686645508] [0.002999941585585475:2.3823332786560059] [-0.60433322191238403:4.3486666679382324] [-0.4166666567325592:2.25] [-20.966667175292969:17.700000762939453] [-0.39100000262260437:2.247333288192749] [-0.7096666693687439:1.1743333339691162] [-0.72399997711181641:1.3276666402816772] [-7.3596100807189941:20.58062744140625] [-10.078460693359375:13.39847469329834] [1.939140796661377:4.1508631706237793] [2.0540103912353516:6.0286312103271484] [-0.16564205288887024:1.8223696947097778] [4.1191520690917969:7.603574275970459] [-11.616161346435547:283.33334350585938] [0.78087574243545532:10.087581634521484] [-1.8871777057647705:14.156512260437012] [-49.156658172607422:744.31414794921875] [-27.440509796142578:58.248729705810547] [-21.912265777587891:37.481521606445312] [-1943.806884765625:258.35748291015625] [-123.83352661132812:164.61712646484375] [-12.153517723083496:72.641510009765625] [-13.404254913330078:79.153091430664062] [-307.50088500976562:38.049110412597656] [-27.566350936889648:13.18182373046875] [-24.847373962402344:23.56321907043457] [-23.876491546630859:15.151515007019043] [-10.992116928100586:18.571428298950195] [-17.225345611572266:21.557640075683594] [-14.120369911193848:13.473972320556641]
tree_sizes=1741 1762 1733 1750 1763 1770 1765 1770 1767 1768 1795 1777 1787 1796 1809 1800 1795 1784 1803 1783 1787 1794 1787 1785 1796 1782 1775 1781 1795 1791 1795 1788 1800 1783 1777 1792 1780 1790 1792 1801 1788 1784 1797 1776 1783 1783 1759 1779 1784 1784 1791 1774 1801 1786 1813 1797 1801 1805 1790 1794 1794 1786 1781 1810 1801 1794 1812 1802 1791 1786 1788 1804 1785 1782 1790 1787 1782 1795 1782 1795 1788 1794 1804 1803 1788 1812 1777 1764 1818 1805 1770 1802 1793 1788 1789 1799 1786 1785 1789 1787 1798 1820 1818 1777 1792 1777 1792 1813 1800 1766 1765 1784 1779 1783 1791 1801 1782 1780 1778 1805 1793 1783 1808 1781 1792 1790 1797 1801 1800 1791 1775 1790 1776 1786 1802 1798 1787 1783 1764 1777 1770 1795 1790 1779 1783 1779 1766 1788 1798 1775 1803 1765 1784 1782 1791 1793 1789 1775 1790 1782 1773 1780 1790 1765 1781 1782 1800 1786 1770 1794 1783 1778 1792 1775 1770 1779 1811 1799 1776 1785 1783 1771 1780 1794 1761 1784 1782 1775 1814 1787 1795 1763 1769 1774 1767 1775 1800 1788 1806 1779 1789 1776 1802 1804 1767 1767 1776 1785 1779 1795 1795 1788 1793 1789 1784 1740 1775 1807 1782 1769 1779 1796 1784 1796 1775 1777 1770 1789 1778 1782 1784 1774 1764 1805 1782 1775 1794 1793 1786 1818 1756 1786 1772 1798 1776 1773 1798 1793 1754 1792 1783 1779 1779 1751 1791 1777 1800 1804 1779 1789 1776 1791 1768 1791 1803 1806 1771 1782 1782 1799 1779 1782 1764 1782 1787 1783 1816 1792 1780 1779 1744 1793 1780 1762 1792 1784 1797 1779 1777 1774 1792 1791 1774 1781 1777 1754 1776 1775 1780 1792 1766 1776 1804 1779 1782 1800 1800 1791 1760 1779 1794 1788 1791 1767 1762 1783 1757 1776 1779 1781 1796 1775 1790 1739 1799 1785 1772 1775 1780 1781 1790 1800 1769 1789 1791 1780 1788 1793 1770 1792 1792 1763 1784 1784 1791 1793 1782 1781 1790 1805 1775 1775 1790 1781 1774 1773 1768 1783 1767 1779 1780 1803 1807 1776 1792 1792 1779 1798 1750 1774 1777 1781 1762 1797 1777 1804 1781 1794 1779 1753 1765 1771 1797 1785 1766 1785 1791 1787 1783 1794 1793 1782 1788 1754 1798 1777 1798 1762 1788 1800 1773 1775 1792 1798 1751 1807 1787 1796 1793 1781 1779 1759 1776 1792 1777 1789 1778 1764 1767 1774 1791 1790 1757 1775 1773 1770 1776 1792 1789 1795 1758 1781 1797 1790 1794 1775 1767 1771 1779 1788 1805 1771 1770 1769 1788 1790 1766 1812 1800 1782 1732 1793 1787 1787 1772 1777 1766 1777 1778 1797 1772 1769 1800 1774 1779 1771 1806 1801 1792 1758 1801 1789 1792 1779 1791 1786 1777 1802 1785 1784 1786 1782 1778 1751 1769 1782 1805 1794 1802 1777 1764 1793 1789 1788 1806 1783 1779 1773 1780 1793

Tree=0
num_leaves=15
num_cat=0
split_feature=53 0 37 37 21 89 32 38 37 37 186 20 34 181
split_gain=6.42829e+06 1.95962e+06 794775 297036 348868 224219 121261 90879.4 54748.1 73251.9 54127 68991.1 48973.5 44498
threshold=1.0000000180025095e-35 91.500000000000014 8.5000000000000018 1.0000000180025095e-35 62106.000000000007 3.5775058269500737 5.4149999618530282 20.500000000000004 5.5000000000000009 7.5000000000000009 7.1167645454406747 138.50000000000003 9.9650001525878924 26.547506332397464
decision_type=2 2 2 2 2 2 2 2 2 2 2 2 2 2
left_child=1 2 3 4 -1 7 12 10 -3 -10 -2 -12 -6 -4
right_child=5 8 13 -5 6 -7 -8 -9 9 -11 11 -13 -14 -15
leaf_value=-3.2361240557818194 -1.954814499916065 -2.0575908264511975 -2.3893873410271746 -3.3011406564310515 -2.2811018459630139 -2.9481371067866857 -3.2230804701233695 -2.6969432489872771 -3.1578803445649903 -2.2735935057137944 -3.2934742208437355 -2.1477416303666717 -3.2965506612344861 -2.9081196295986622
leaf_weight=3734.3311930075288 22880.997023209929 3508.175298999995 3238.6695822551847 26512.604193020612 2115.5210623666644 625.71674497425556 468.15547354891896 448.23943256214261 259.59781519323587 2437.4505942836404 141.7518041357398 1812.9678015746176 125.81273375079036 476.76319164782763
leaf_count=100439 51483 14808 34344 746258 18019 13356 12472 7395 6588 20412 3968 10786 3530 9807
internal_value=-2.63415 -3.00991 -3.14897 -3.22713 -2.92268 -2.01237 -2.49089 -1.98923 -2.18824 -2.35861 -1.97649 -2.23076 -2.33807 -2.45582
internal_weight=68786.8 42877.1 36671.9 32956.4 6443.82 25909.7 2709.49 25284 6205.22 2697.05 24835.7 1954.72 2241.33 3715.43
internal_count=1053665 966677 924869 880718 134460 86988 34021 73632 41808 27000 66237 14754 21549 44151
is_linear=0
shrinkage=1


Tree=1
num_leaves=15
num_cat=1
split_feature=53 0 37 37 21 32 38 89 37 9 37 29 35 8
split_gain=524938 341403 243573 153571 96170.5 40266.2 19362.2 21386.1 19041.4 24065.7 18669.5 17053.7 15764 13681.5
threshold=1.0000000180025095e-35 91.500000000000014 8.5000000000000018 1.0000000180025095e-35 17893.500000000004 8.5749998092651385 16.500000000000004 3.5775058269500737 7.5000000000000009 52058056.000000007 9.5000000000000018 8.4449996948242205 23.695000648498539 0
decision_type=2 2 2 2 2 2 2 2 2 2 2 2 2 1
left_child=1 2 3 4 -1 11 -2 -8 -5 -10 -4 12 -6 -3
right_child=6 13 10 8 5 -7 7 -9 9 -11 -12 -13 -14 -15
leaf_value=-0.025394179376734889 0.39531380184506293 0.24990957746227688 0.30356959001574768 -0.021398022526368118 0.39967845014826897 -0.014782332842497428 0.34546753299790312 0.0071473375526416947 0.080642272087808262 0.88985444674633318 0.46164593624838351 1.1848483891993775 0.2027698435521629 0.39574660269209172
leaf_weight=2707.1579034626484 60518.706637129188 1815.3340263962746 4874.9532426297665 22747.407979145646 4915.0811475254595 774.53516517207026 17938.096969462931 479.94820700585842 3559.0646535605192 93.345341973006725 3044.4698684290051 62.382810141891241 1287.1170534007251 14712.665144644678
leaf_count=72995 40818 9696 33120 650460 23532 20623 36585 9585 94783 1015 11031 207 17103 32112
internal_value=0.296662 0.185963 0.113271 0.0582407 0.227849 0.32524 0.381632 0.336655 -0.00437962 0.101575 0.364396 0.367283 0.358862 0.379748
internal_weight=139530 60593.5 44065.5 36146.1 9746.27 7039.12 78936.8 18418 26399.8 3652.41 7919.42 6264.58 6202.2 16528
internal_count=1053665 966677 924869 880718 134460 61465 86988 46170 746258 95798 44151 40842 40635 41808
cat_boundaries=0 1
cat_threshold=1
is_linear=0
shrinkage=0.05


Tree=2
num_leaves=15
num_cat=0
split_feature=53 0 37 37 14 13 37 10 1 31 69 24 1 15
split_gain=260042 180972 137982 106489 57070.5 15792.5 15757.5 14154.7 15105.7 13113.1 10758 10304.6 26030.1 17931.6
threshold=1.0000000180025095e-35 91.500000000000014 8.5000000000000018 1.0000000180025095e-35 2318593.5000000005 247312.00000000003 7.5000000000000009 2142089.0000000005 41050.000000000007 5.9849998950958261 -0.026638542301952835 -40.720001220703118 17902.500000000004 1399580.0000000002
decision_type=2 2 2 2 2 2 2 2 2 2 2 2 2 2
left_child=1 2 3 4 5 -1 11 -8 -9 -6 -2 12 13 -5
right_child=10 -3 -4 6 9 -7 7 8 -10 -11 -12 -13 -14 -15
leaf_value=-0.035296760959464116 -0.0067632703927700284 0.26883256719412746 0.25531657095389015 -0.049221329847596168 0.2818801120631122 0.15218955605596454 0.011915466559513943 0.059521350844142264 0.37059168155116579 0 0.27497972750395122 -0.026683968070436548 0.02551305626012065 1.2576411581971545
leaf_weight=2792.4411524124444 339.53726507723331 21990.267488799989 10640.295328482985 38.432180762290955 6743.1826813966036 1877.2992158643901 2470.8413278535008 842.17382778227329 727.78883078694344 439.38976318016648 103241.76462398097 21640.347376286983 539.76949076354504 80.817769810557365
leaf_count=74336 6060 41808 44151 1144 25490 25735 63264 20765 11769 8899 80928 633708 15263 345
internal_value=0.22357 0.149729 0.0960891 0.0517221 0.176178 0.040081 -0.0042823 0.0865512 0.2039 0.264637 0.274056 -0.0207474 0.173863 0.83914
internal_weight=174404 70823 48832.8 38192.5 11852.3 4669.74 26340.2 4040.8 1569.96 7182.57 103581 22299.4 659.019 119.25
internal_count=1053665 966677 924869 880718 134460 100071 746258 95798 32534 34389 86988 650460 16752 1489
is_linear=0
shrinkage=0.05


Tree=3
num_leaves=15
num_cat=0
split_feature=53 0 37 37 14 32 37 28 28 7 1 1 25 34
split_gain=162576 115482 90923.7 80423.8 38492.6 18210.5 13284.7 10402.1 10994.1 8685.05 16664.2 26576 8850.33 26723.8
threshold=1.0000000180025095e-35 91.500000000000014 8.5000000000000018 1.0000000180025095e-35 756514.50000000012 8.5749998092651385 7.5000000000000009 3.7050000429153447 3.7949999570846562 5067868.7500000009 62021.500000000007 63995.000000000007 -94.805000305175767 9999.9951171875018
decision_type=2 2 2 2 2 2 2 2 2 2 2 2 2 2
left_child=1 2 3 4 -1 -6 9 -8 -9 12 -11 -12 13 -5
right_child=-2 -3 -4 6 5 -7 7 8 -10 10 11 -13 -14 -15
leaf_value=-0.033828375209782095 0.21848425562627596 0.21205775229958204 0.19941498469411553 0.026042366380709631 0.20542311673096403 -0.017171507160949086 0.014472710066380789 0.73395350410654558 0.14343410158199027 0.032474128251730537 1.4173967821977276 0.13586262070002925 -0.032488902776467904 1.3978891671320346
leaf_weight=2448.777361869812 122829.0029947646 26347.721627980471 12872.125666826963 198.53577238321304 10088.559163037688 1010.2654701285064 2718.7475834935904 82.054666291922331 1598.058380227536 1348.4901596866548 57.694773003458977 131.31787929311395 20160.634527608752 42.261852983385324
leaf_count=68088 86988 41808 44151 5028 41236 25136 64489 522 30787 38946 102 3526 602775 83
internal_value=0.18248 0.126572 0.0838746 0.0465813 0.145572 0.185157 -0.00433898 0.0749523 0.172724 -0.0202422 0.0943088 0.532706 -0.0288817 0.271804
internal_weight=201934 79105.2 52757.5 39885.4 13547.6 11098.8 26337.8 4398.86 1680.11 21938.9 1537.5 189.013 20401.4 240.798
internal_count=1053665 966677 924869 880718 134460 66372 746258 95798 31309 650460 42574 3628 607886 5111
is_linear=0
shrinkage=0.05


Tree=4
num_leaves=15
num_cat=0
split_feature=53 0 37 37 14 32 37 16 24 9 7 1 38 89
split_gain=115420 81601.9 64935.1 63618 28083.4 12615.1 11400.2 8106.84 7608.71 11431.2 7191.68 8633.32 7128.53 8665.32
threshold=1.0000000180025095e-35 91.500000000000014 8.5000000000000018 1.0000000180025095e-35 756514.50000000012 8.5749998092651385 7.5000000000000009 1923480.0000000002 -40.720001220703118 7179886.0000000009 5067868.7500000009 46740.000000000007 16.500000000000004 3.4735221862792973
decision_type=2 2 2 2 2 2 2 2 2 2 2 2 2 2
left_child=1 2 3 4 -1 -6 8 -8 9 -5 -10 -12 -2 -14
right_child=12 -3 -4 6 5 -7 7 -9 10 -11 11 -13 13 -15
leaf_value=-0.033185233304398758 0.18997131539136833 0.17666934722655167 0.16440392008523286 -0.015918153803285495 0.16891114184663278 -0.016579568490215989 0.017587281123370158 0.15472784769893425 -0.034505399687658984 0.37071555551917695 0.00063118449389287833 0.24773052510383298 0.16782524616112482 0.023267933820530176
leaf_weight=2373.3739832006395 106537.65937958658 29936.925410062075 14775.77191029489 505.00050025060773 11610.287063557655 994.46391519159079 3062.5522942915559 1662.7136658318341 19108.76718968153 306.3322880230844 1219.7314185500145 496.97365592420101 30659.102760843933 1074.1541669555008
leaf_count=68088 40818 41808 44151 13741 41236 25136 69751 26047 591399 3011 34881 7428 34873 11297
internal_value=0.155473 0.110007 0.0744402 0.0422811 0.124565 0.154273 -0.00447124 0.065877 -0.0198393 0.130277 -0.025696 0.0722963 0.183768 0.162935
internal_weight=224324 86052.9 56116 41340.2 14978.1 12604.8 26362.1 4725.27 21636.8 811.333 20825.5 1716.71 138271 31733.3
internal_count=1053665 966677 924869 880718 134460 66372 746258 95798 650460 16752 633708 42309 86988 46170
is_linear=0
shrinkage=0.05


Tree=5
num_leaves=15
num_cat=0
split_feature=53 0 37 37 11 32 37 10 7 24 21 89 121 57
split_gain=88380.5 61147.6 48538.3 51574.1 21567.4 11114 9898.59 6837.63 6312.34 5983.95 6583.18 5945.4 5788.99 9844.36
threshold=1.0000000180025095e-35 91.500000000000014 8.5000000000000018 1.0000000180025095e-35 2011389.5000000002 8.5749998092651385 7.5000000000000009 944116.50000000012 10264507.500000002 -40.720001220703118 260027.50000000003 3.4735221862792973 -1.0747670978307722 9.90417528152466
decision_type=2 2 2 2 2 2 2 2 2 2 2 2 2 2
left_child=1 2 3 4 -1 12 8 -8 9 10 -5 -4 -6 -14
right_child=-2 -3 11 6 5 -7 7 -9 -10 -11 -12 -13 13 -15
leaf_value=-0.032794020944809654 0.15989483408026678 0.15222633150694842 0.12063166862152555 -0.020679659806769474 0.16873695246648518 -0.019921114031296219 -0.012934225570063502 0.10631097501853899 0.092964577871344711 -0.031817049707976171 0.25182370952629157 0.18666230306403597 0.15699483990257898 -0.0025408060976886645
leaf_weight=2298.691376298666 150608.96154426038 32920.023403719068 11573.218278288841 498.40117556974292 8694.4864709414542 1100.409020844847 1996.9345300905406 3016.1936681754887 1181.4155674390495 19169.574507279322 397.47228093072772 4846.8395839780569 2554.3039842396975 1554.6179481260478
leaf_count=65154 86988 41808 36756 13421 20799 28919 48313 47485 26439 607436 3164 7395 7792 11796
internal_value=0.136323 0.0976502 0.0671349 0.0389021 0.109051 0.132506 -0.00438072 0.0588076 -0.0192942 -0.0259106 0.100312 0.140136 0.145611 0.0966361
internal_weight=242412 91802.6 58882.6 42462.5 16202.5 13903.8 26260 5013.13 21246.9 20065.4 895.873 16420.1 12803.4 4108.92
internal_count=1053665 966677 924869 880718 134460 69306 746258 95798 650460 624021 16585 44151 40387 19588
is_linear=0
shrinkage=0.05


Tree=6
num_leaves=15
num_cat=0
split_feature=53 0 37 37 14 37 32 163 7 57 0 25 28 38
split_gain=71270.4 47883.6 37574.1 42693.3 17247 8647.31 7129.06 5876.32 5705.31 6359.35 7804.89 5895.74 5843.89 5691.62
threshold=1.0000000180025095e-35 91.500000000000014 8.5000000000000018 1.0000000180025095e-35 756514.50000000012 7.5000000000000009 8.5749998092651385 0.02238930901512504 5067868.7500000009 13.033538341522219 35.000000000000007 -94.805000305175767 14.305000305175783 16.500000000000004
decision_type=2 2 2 2 2 2 2 2 2 2 2 2 2 2
left_child=1 2 3 4 -1 8 -6 -7 11 -10 -11 12 -5 -2
right_child=13 -3 -4 5 6 7 -8 -9 9 10 -12 -13 -14 -15
leaf_value=-0.032045098195809134 0.14742314733888795 0.13420518594595446 0.12222296449399746 -0.051157178848171718 0.12549305732451863 0.097773670288186509 -0.015247638713863119 -0.009063777915267985 -0.05196912520251299 -0.026481827086957135 0.2357466787914495 -0.030822307733147699 0.3699574183046071 0.12502331634368866
leaf_weight=2246.9451017864048 123600.20263811946 35402.679736167192 17842.979577749968 148.456646990031 14029.459231179208 3062.3967524804175 960.53992338478565 2217.9564663283527 741.00588352233171 461.9298880584538 732.5945751927793 18593.972250394523 182.9870201908052 36917.377128623426
leaf_count=68088 40818 41808 44151 4521 41236 47257 25136 48541 19699 12052 10823 602775 590 46170
internal_value=0.121849 0.0879177 0.0611483 0.0360227 0.0971072 -0.00425514 0.116471 0.052895 -0.0187253 0.0630106 0.134362 -0.0270901 0.181599 0.142273
internal_weight=257141 96623.9 61221.2 43378.2 17236.9 26141.3 14990 5280.35 20860.9 1935.53 1194.52 18925.4 331.444 160518
internal_count=1053665 966677 924869 880718 134460 746258 66372 95798 650460 42574 22875 607886 5111 86988
is_linear=0
shrinkage=0.05


Tree=7
num_leaves=15
num_cat=0
split_feature=53 0 37 37 11 24 38 37 28 5 1 60 11 110
split_gain=59992.3 38817.9 29878.9 35903.2 14227.9 7877.6 6928.1 6689.89 6082.1 5621.81 6042.65 5483.79 5196.93 5141.27
threshold=1.0000000180025095e-35 91.500000000000014 8.5000000000000018 1.0000000180025095e-35 2011389.5000000002 -40.720001220703118 11.500000000000002 7.5000000000000009 3.7050000429153447 67.005001068115249 46740.000000000007 0.076524395495653166 2100722.5000000005 1.0659999847412112
decision_type=2 2 2 2 2 2 2 2 2 2 2 2 2 2
left_child=1 2 3 4 -1 -5 -6 9 -9 -7 -11 -2 13 -3
right_child=11 12 -4 5 6 7 -8 8 -10 10 -12 -13 -14 -15
leaf_value=-0.031872525202946062 0.12945820900875479 -0.039272013032064651 0.10834540361010292 0.11346548742437637 -0.019985453904409204 -0.030484429293703187 0.11265310754094027 -0.0087107678936547851 0.10045049699774751 -0.015764735146561452 0.22263168712264636 0.01317666254311484 0.13383089896830533 0.10204094582516628
leaf_weight=2194.3691470883787 167263.31778348237 678.28344786912203 19086.993816927075 1348.6105861142278 1053.1885235756636 18435.703523077071 14896.189924050122 2856.2782019674778 2304.058920558542 617.63754507340491 464.99427088163793 1021.2985488474369 24526.712962545455 12257.920070379972
leaf_count=65154 80928 3089 44151 21151 15269 611286 54037 61560 29839 18161 4261 6060 19942 18777
internal_value=0.110485 0.0799609 0.0560706 0.0334787 0.0874674 -0.00415704 0.103891 -0.0105911 0.0400294 -0.0239783 0.0866922 0.128753 0.120297 0.0946252
internal_weight=269006 100721 63258 44171 18143.7 26027.3 15949.4 24678.7 5160.34 19518.3 1082.63 168285 37462.9 12936.2
internal_count=1053665 966677 924869 880718 134460 746258 69306 725107 91399 633708 22422 86988 41808 21866
is_linear=0
shrinkage=0.05


Tree=8
num_leaves=15
num_cat=0
split_feature=53 0 37 37 14 37 13 38 89 38 7 57 37 21
split_gain=52026.7 32317.4 24249 30481.3 12196.2 6759.06 6007.27 5255.42 6418.05 5113.34 4854.72 4769.67 4588.95 4439.36
threshold=1.0000000180025095e-35 91.500000000000014 8.5000000000000018 1.0000000180025095e-35 2532986.0000000005 7.5000000000000009 247312.00000000003 16.500000000000004 3.4735221862792973 17.500000000000004 5067868.7500000009 1.556468188762665 5.5000000000000009 194235.00000000003
decision_type=2 2 2 2 2 2 2 2 2 2 2 2 2 2
left_child=1 2 3 4 6 9 -1 -2 -9 10 -5 -4 -11 -7
right_child=7 -3 11 5 -6 13 -8 8 -10 12 -12 -13 -14 -15
leaf_value=-0.034992159302772198 0.12276846504066392 0.10921867853089173 -0.038445116890860748 -0.03022596968594949 0.10774314124807781 0.012490449477029458 0.063918756227748938 0.10602158514999727 -0.0009561988223354247 0.25796750313906841 0.051483702232521258 0.10159540344922491 -0.044931671333143103 0.10551781538102994
leaf_weight=2634.1316112224013 133890.39172171801 39150.447585381567 626.52964337170124 17598.980714181438 12643.764330968261 3815.7025432288647 3675.1570286042988 38931.646589934826 1453.4218537136912 311.84764260984957 2025.9151203669608 19546.344910144806 207.44964259490371 1932.0704225152731
leaf_count=75210 40818 41808 3223 597688 31045 74857 28205 34873 11297 4409 41539 40928 6824 20941
internal_value=0.101286 0.073328 0.0517143 0.0312316 0.0794106 -0.00403543 0.0226165 0.117996 0.10217 -0.0176834 -0.0217862 0.0972419 0.137015 0.0437825
internal_weight=278444 104168 65017.9 44845 18953.1 25892 6309.29 174275 40385.1 20144.2 19624.9 20172.9 519.297 5747.77
internal_count=1053665 966677 924869 880718 134460 746258 103415 86988 46170 650460 639227 44151 11233 95798
is_linear=0
shrinkage=0.05


Tree=9
num_leaves=15
num_cat=2
split_feature=53 8 0 38 225 37 14 0 38 8 225 33 37 37
split_gain=46293.1 28100.6 15567.9 14939 9065.72 6969.23 6364.09 6888.9 4772.94 5542.8 16889.8 4708.2 4512 5998.97
threshold=1.0000000180025095e-35 0 91.500000000000014 11.500000000000002 -12.040515422821043 9.5000000000000018 8707805.0000000019 91.500000000000014 16.500000000000004 1 -12.040515422821043 4.4149999618530282 5.5000000000000009 8.5000000000000018
decision_type=2 1 2 2 2 2 2 2 2 1 2 2 2 2
left_child=1 6 3 -3 11 12 7 -1 -2 -10 -11 -5 -6 -14
right_child=8 2 -4 4 5 -7 -8 -9 9 10 -12 -13 13 -15
leaf_value=-0.016481555917058858 0.11377047914009573 -0.018693834146507125 0.10526793017791508 0.1181625757498463 0.061023760333913525 0.1162936231213227 0.07022171346794244 0.057946546668833365 0.10985072210339086 -0.018989162705999013 0.099372128873919607 0.073876018377474054 -0.028720160149554141 0.054318202518629732
leaf_weight=12590.165427122265 137163.41370096803 5120.0742172244936 36260.38216175139 9892.2446863856167 7717.6724748406559 2973.3304332494736 4279.8182978983968 4127.2567414939404 24202.726932018995 3887.1127963140607 13402.869767226279 15312.331853669137 4834.9385557305068 3951.4208159297705
leaf_count=299111 40818 137163 32112 43440 118710 4187 42127 9229 15768 18440 11962 134790 133413 12395
internal_value=0.0936915 0.0676901 0.080343 0.0621927 0.0714628 0.0458338 0.0158253 0.0018929 0.109272 0.0943983 0.0727598 0.0912635 0.0331306 0.00862028
internal_weight=285716 107060 86062.4 49802 44681.9 19477.4 20997.2 16717.4 178656 41492.7 17290 25204.6 16504 8786.36
internal_count=1053665 966677 616210 584098 446935 268705 350467 308340 86988 46170 30402 178230 264518 145808
cat_boundaries=0 1 2
cat_threshold=1 2
is_linear=0
shrinkage=0.05


Tree=10
num_leaves=15
num_cat=1
split_feature=53 0 37 37 14 24 37 1 8 5 69 28 9 1
split_gain=42383.9 23896.8 17906.8 24091.7 9346.51 6156.84 5215.75 5198.44 4809.88 4614.49 4537.98 4279.73 4173.26 4014.67
threshold=1.0000000180025095e-35 91.500000000000014 8.5000000000000018 1.0000000180025095e-35 2532986.0000000005 -40.720001220703118 7.5000000000000009 10355.000000000002 0 67.005001068115249 -0.026638542301952835 3.7050000429153447 7179886.0000000009 46740.000000000007
decision_type=2 2 2 2 2 2 2 2 1 2 2 2 2 2
left_child=1 2 3 4 7 12 9 -1 -9 -7 -2 -8 -5 -11
right_child=10 -3 -4 5 -6 6 11 8 -10 13 -12 -13 -14 -15
leaf_value=0.14353365771299678 -0.032158674299439985 0.09250508614119278 0.081803708257123631 0.016215574790896595 0.091562181087645869 -0.029747437307346566 -0.010259359995337813 0.07643897572820843 -0.025379516828973655 -0.016124249660104721 0.10248771037038303 0.076882935234607624 0.1818767542388928 0.1670777002553494
leaf_weight=739.30183257162571 626.94888587296009 41642.11750510335 21785.286423251033 827.3807111363858 13602.273249831051 17814.360856324434 2947.4880233518779 1603.1572786364704 4186.9343296922743 623.08931181207299 181067.95272301137 2696.3866872452199 703.83383078873158 572.93067333102226
leaf_count=6162 6060 41808 44151 17266 31045 611286 61560 13867 83386 18161 80928 29839 3885 4261
internal_value=0.0872031 0.0626664 0.0444194 0.0268332 0.0679585 -0.00478393 -0.0108293 0.0187723 0.00281163 -0.0233614 0.102023 0.0313707 0.0924646 0.0716597
internal_weight=291439 109745 68102.4 46317.1 20131.7 26185.5 24654.3 6529.39 5790.09 19010.4 181695 5643.87 1531.21 1196.02
internal_count=1053665 966677 924869 880718 134460 746258 725107 103415 97253 633708 86988 91399 21151 22422
cat_boundaries=0 1
cat_threshold=4
is_linear=0
shrinkage=0.05


Tree=11
num_leaves=15
num_cat=0
split_feature=53 6 0 38 24 37 37 21 0 38 89 50 0 57
split_gain=38870.7 21904.3 11718.4 11400.4 7349.57 5286.11 11295.8 4979.66 6361.58 4803.38 4842.03 4255.78 4647.97 4228.28
threshold=1.0000000180025095e-35 1.0000000180025095e-35 91.500000000000014 11.500000000000002 -9.9349999427795392 8.5000000000000018 1.0000000180025095e-35 266078.00000000006 91.500000000000014 16.500000000000004 3.5775058269500737 71335.500000000015 35.000000000000007 10.588637828826906
decision_type=2 2 2 2 2 2 2 2 2 2 2 2 2 2
left_child=1 7 3 -3 -5 6 13 8 11 -2 -11 -1 -13 -6
right_child=9 2 -4 4 5 -7 -8 -9 -10 10 -12 12 -14 -15
leaf_value=-0.018900929677602984 0.10031279603724089 -0.017985968120957218 0.090623591643633331 0.092453621183496343 0.099009095715918469 0.074452304011873818 3.7681903493122745e-05 0.058131737061899169 0.051106369758973084 0.083798235029404561 -0.027671744390995151 -0.042747888675999136 1.4334064155792907 0.028811443990951487
leaf_weight=12426.937172386795 140584.99547286332 4972.2823758292943 37662.245012357831 13700.927935456857 6049.4752263519913 12649.432326108217 11413.270482899621 4884.9223782867193 4600.9615837037563 42120.244288235903 996.1452806442976 10.531446760520339 9.5593030080199242 3328.7592261638492
leaf_count=300338 40818 135442 31912 68277 21376 24332 307278 45472 9304 36585 9585 370 35 22541
internal_value=0.0816884 0.0584279 0.0693715 0.0540105 0.0616056 0.0489631 0.0334504 0.01363 0.000872944 0.0958325 0.0812211 -0.0176941 0.691907 0.0741038
internal_weight=295411 111709 89776.4 52114.1 47141.9 33440.9 20791.5 21932.9 17048 183701 43116.4 12447 20.0907 9378.23
internal_count=1053665 966677 611158 579246 443804 375527 351195 355519 310047 86988 46170 300743 405 43917
is_linear=0
shrinkage=0.05


Tree=12
num_leaves=15
num_cat=2
split_feature=53 8 0 38 182 38 8 140 21 0 17 0 30 24
split_gain=36354.7 18994.9 11035.9 9947.34 6249.32 4588.24 4727.76 14201.3 4568.46 4769.56 4490.64 4281.82 4120.53 3763.95
threshold=1.0000000180025095e-35 0 91.500000000000014 11.500000000000002 3.7635266780853276 16.500000000000004 1 -6.0185184478759757 266078.00000000006 91.500000000000014 3322069.0000000005 35.000000000000007 5.9249999523162851 -9.9349999427795392
decision_type=2 1 2 2 2 2 1 2 2 2 2 2 2 2
left_child=1 8 3 -3 -5 -2 -7 10 9 -1 -8 -6 -12 -13
right_child=5 2 -4 4 11 6 7 -9 -10 -11 12 13 -14 -15
leaf_value=-0.016564370624525693 0.094933691466794479 -0.017751190670518509 0.084813210177645704 0.079227923078209639 -0.012256469010850101 0.090294414904369458 -0.065735713076008381 0.087813490531695459 0.054519965398249028 0.044469382390223272 0.069209519592413643 0.07988500987591507 -0.034784764056789715 0.037491463332365714
leaf_weight=12136.576070245355 141106.45375430584 4953.1843094844371 38629.178658306599 18760.763719623908 3199.5659258123487 25390.137197099626 2072.8025772497058 12192.067726552486 4899.0543670821935 4346.4434404224157 2255.3549317494035 7179.7132251355797 1646.8635810464621 19385.444410417229
leaf_count=297650 40818 137163 32112 110748 58393 15768 11918 8028 43686 9131 3538 38197 6918 239597
internal_value=0.0768644 0.0545913 0.064447 0.0497337 0.0566234 0.0905523 0.0763555 0.056868 0.0121324 -0.000465492 -0.0062721 0.0423719 0.0253101 0.0489535
internal_weight=298154 113490 92107.9 53478.7 48525.5 184664 43557.2 18167.1 21382.1 16483 5975.02 29764.7 3902.22 26565.2
internal_count=1053665 966677 616210 584098 446935 86988 46170 30402 350467 306781 22374 336187 10456 277794
cat_boundaries=0 1 2
cat_threshold=1 2
is_linear=0
shrinkage=0.05


Tree=13
num_leaves=15
num_cat=1
split_feature=53 0 37 37 9 37 22 19 1 32 38 8 225 57
split_gain=34587 16772 12875.4 17992.5 7516.77 4728.4 4505 7319.66 6061.79 4404.82 4384.65 4171.76 12848.9 3772.79
threshold=1.0000000180025095e-35 91.500000000000014 8.5000000000000018 1.0000000180025095e-35 989733.00000000012 7.5000000000000009 20090.500000000004 61127.500000000007 20423.500000000004 8.5749998092651385 16.500000000000004 0 -12.70690870285034 12.16837787628174
decision_type=2 2 2 2 2 2 2 2 2 2 2 1 2 2
left_child=1 2 3 4 -1 6 7 13 -9 -6 -2 -12 -13 -5
right_child=10 -3 -4 5 9 -7 -8 8 -10 -11 11 12 -14 -15
leaf_value=-0.0068260727808828921 0.090285006349560104 0.07548362173360515 0.06654787416802975 -0.04381073490739161 0.076616219284835682 0.030893314941763596 -0.039755045451215935 0.21635185189640938 -0.051533449345678217 -0.020323106982869685 0.085191513359614529 -0.030471449459544171 0.074766126574136199 0.024104866519139012
leaf_weight=3943.5195766296238 140954.57609988749 43686.579721137881 23428.539734050632 3860.6363393869251 16179.536206029356 6534.4216192997992 10930.481088632718 697.4319829121232 301.83472099527717 1262.0718811806291 25560.544401980937 3618.2167400345206 14597.657837033272 4344.7278258893639
leaf_count=71849 40818 41808 44151 134145 33078 95798 380731 2409 9588 29533 15768 17096 13306 123587
internal_value=0.072582 0.0510752 0.0361566 0.0213375 0.0555031 -0.00605754 -0.0180526 0.00771517 0.135415 0.0695981 0.0859897 0.0721566 0.0538595 -0.00784488
internal_weight=299901 115170 71483.2 48054.7 21385.1 26669.5 20135.1 9204.63 999.267 17441.6 184731 43776.4 18215.9 8205.36
internal_count=1053665 966677 924869 880718 134460 746258 650460 269729 11997 62611 86988 46170 30402 257732
cat_boundaries=0 1
cat_threshold=2
is_linear=0
shrinkage=0.05


Tree=14
num_leaves=15
num_cat=1
split_feature=55 6 0 38 225 37 38 163 8 37 37 14 0 37
split_gain=32718.5 15306.3 8729.24 7807 5111.05 4261.04 4159.91 3904.52 7712.38 3584.3 3536.75 3498.99 5042.86 3478.65
threshold=1.0000000180025095e-35 1.0000000180025095e-35 91.500000000000014 11.500000000000002 -12.040515422821043 9.5000000000000018 16.500000000000004 0.0025379150174558167 0 5.5000000000000009 8.5000000000000018 8707805.0000000019 91.500000000000014 7.5000000000000009
decision_type=2 2 2 2 2 2 2 2 1 2 2 2 2 2
left_child=1 11 3 13 -5 9 -2 8 -8 -6 -11 12 -1 -3
right_child=6 2 -4 4 5 -7 7 -9 -10 10 -12 -13 -14 -15
leaf_value=-0.016803700118723616 0.086257862552221842 -0.036014066893173539 0.075102043492063966 0.063736742914335731 0.044882683197272233 0.083058156974523803 -0.020096941267963568 0.076833656293426367 0.072067491663622862 -0.029067952501616021 0.032277991378807214 0.048264420546848166 0.042129871577211715 0.077688664846748412
leaf_weight=12337.722346106544 139579.48598717153 3978.5966440234333 39051.381860740483 28976.959294764325 8852.4803888145834 3394.4211398363113 3391.9795627743006 33574.413483157754 6853.8474699854851 4864.0781348049641 4542.7808749079704 4919.4849966391921 5141.7837289571762 808.35724905505776
leaf_count=302497 40543 130573 32092 177226 117742 4176 15976 22281 7576 132578 12322 43610 9604 4869
internal_value=0.0688604 0.0481828 0.0569939 0.0442315 0.0500021 0.0316181 0.0820363 0.0685865 0.0415517 0.0220486 0.000552332 0.0110184 0.000530799 -0.0167908
internal_weight=300268 116868 94469.1 55417.7 50630.7 21653.8 183400 43820.2 10245.8 18259.3 9406.86 22399 17479.5 4786.95
internal_count=1053665 967289 611578 579486 444044 266818 86376 45833 23552 262642 144900 355711 312101 135442
cat_boundaries=0 1
cat_threshold=4
is_linear=0
shrinkage=0.05


Tree=15
num_leaves=15
num_cat=1
split_feature=53 0 37 140 37 37 38 116 182 8 32 11 110 37
split_gain=31391.2 13717.4 10487.4 9517.66 6635.46 14345.5 4177.57 4147.58 3791.15 4280.76 3782.24 3773.6 4065.54 2990.65
threshold=1.0000000180025095e-35 91.500000000000014 9.5000000000000018 -6.0185184478759757 1.0000000180025095e-35 7.5000000000000009 16.500000000000004 2.1250000000000004 3.7635266780853276 0 9.4049997329711932 2143431.0000000005 1.0659999847412112 5.5000000000000009
decision_type=2 2 2 2 2 2 2 2 2 1 2 2 2 2
left_child=1 2 3 4 10 -6 -2 -7 9 -8 -1 12 -3 -14
right_child=6 11 -4 -5 5 7 8 -9 -10 -11 -12 -13 13 -15
leaf_value=0.06863283210687561 0.082646764260825512 -0.059475437875729231 0.080408959301486477 -0.001366520428684838 -0.027111221921541868 0.068207587320353313 -0.024206459736335312 0.0055108543797334009 0.071142252574114967 0.059795603014200505 -0.033377734723391637 0.07794589611338186 0.072801329866911887 0.027112293778918047
leaf_weight=16026.871440075338 139025.21140378714 841.36778776347637 9672.4463343918324 22757.13056779094 9145.0494022965431 10877.507317159325 2344.7173020020127 3484.7710058167577 37252.674115300179 4287.6044558212161 962.01177143678069 28731.976208209991 8466.6418608278036 6217.9334860444069
leaf_count=36639 40818 3263 11031 486275 300929 42283 11735 24468 28224 6211 23244 19610 6101 12834
internal_value=0.0654549 0.0452496 0.0319207 0.0245041 0.0390432 0.0218325 0.0783992 0.0530002 0.0649403 0.0300917 0.0628518 0.0672098 0.0473348 0.0534617
internal_weight=300094 117184 72925.8 63253.3 40496.2 23507.3 182910 14362.3 43885 6632.32 16988.9 44257.9 15525.9 14684.6
internal_count=1053665 966677 924869 913838 427563 367680 86988 66751 46170 17946 59883 41808 22198 18935
cat_boundaries=0 1
cat_threshold=4
is_linear=0
shrinkage=0.05


Tree=16
num_leaves=15
num_cat=1
split_feature=55 6 0 38 24 38 163 8 34 3 19 37 0 14
split_gain=30009.3 12803 7437.15 6376.01 4348.02 4037.86 3448.81 6571.54 3186.02 3183.47 3126.94 3055.24 3128.6 4121.12
threshold=1.0000000180025095e-35 1.0000000180025095e-35 91.500000000000014 11.500000000000002 -9.9349999427795392 16.500000000000004 0.0025379150174558167 0 1.4750000238418581 564913120.00000012 -614800.49999999988 9.5000000000000018 91.500000000000014 4091513.5000000005
decision_type=2 2 2 2 2 2 2 1 2 2 2 2 2 2
left_child=1 11 3 10 8 -2 7 -7 -5 -6 -3 12 13 -1
right_child=5 2 -4 4 9 6 -8 -9 -10 -11 -12 -13 -14 -15
leaf_value=-0.028640404919067077 0.079487884658023422 0.21848953424799952 0.067568862301210966 0.087031366735477858 0.037490960181412313 -0.020377266920319437 0.069806579590159859 0.064686187467610234 0.041177634204789967 -0.049463861745747219 -0.023671602997213135 0.065786420123555275 0.0371331319813403 0.024673880362134352
leaf_weight=9477.5892551541328 136770.61070822179 136.3006035387516 39237.474452167749 8518.131626252085 35552.569511838257 3383.8314020782709 33462.066144302487 6892.7599798068404 6837.857368433848 1083.3688761461526 4553.6687342133373 2138.4937534183264 5044.6008330732584 5867.3156571891159
leaf_count=269857 40543 1749 32092 20238 351733 15976 22281 7576 48056 24017 133693 3438 9189 73227
internal_value=0.062424 0.0428664 0.050833 0.0392459 0.0442828 0.0752569 0.0620238 0.0366727 0.0666205 0.034917 -0.0165781 0.00894323 0.00297601 -0.00825149
internal_weight=298957 118447 95919.4 56681.9 51991.9 180509 43738.7 10276.6 15356 36635.9 4689.97 22528 20389.5 15344.9
internal_count=1053665 967289 611578 579486 444044 86376 45833 23552 68294 375750 135442 355711 352273 343084
cat_boundaries=0 1
cat_threshold=4
is_linear=0
shrinkage=0.05


Tree=17
num_leaves=15
num_cat=2
split_feature=53 0 37 37 14 38 1 8 32 35 11 110 225 8
split_gain=29086.1 11524 8728.74 12940.3 5865.06 4101.82 4013.11 5271.09 3859.42 3611.1 3406.75 3639.49 3383.21 9577.15
threshold=1.0000000180025095e-35 91.500000000000014 8.5000000000000018 1.0000000180025095e-35 2937194.0000000005 16.500000000000004 10355.000000000002 0 4.0450000762939462 280.52999877929693 2143431.0000000005 1.0659999847412112 -12.040515422821043 1
decision_type=2 2 2 2 2 2 2 1 2 2 2 2 2 1
left_child=1 2 3 4 6 -2 -1 -8 -5 -6 11 -3 13 -7
right_child=5 10 -4 8 9 12 7 -9 -10 -11 -12 -13 -14 -15
leaf_value=0.098374553265290168 0.076608329356091964 -0.05944082387145766 0.052515832793095456 0.0068653693225161298 0.071323697236458358 0.065431633135056733 0.056792410901248591 -0.03241388687226434 -0.03264987034265434 -0.029957604032232906 0.070753358509476949 0.047475636556312234 0.068341616925548507 -0.026543764102714126
leaf_weight=1152.068624233827 135462.31557041407 840.14908792078495 24789.077449992299 17419.58080146648 12878.357177380472 9579.2758874520659 2513.9248308800161 4847.1855952627957 9573.7877139616758 943.36845153570175 28738.953341215849 14742.07087340951 30021.053190693259 4015.5030302330852
leaf_count=6565 40818 3263 44151 437268 19269 8317 14624 87283 308990 6719 19610 18935 19413 18440
internal_value=0.0595981 0.0403731 0.0283105 0.0161447 0.0442975 0.0723125 0.0116409 -0.00193829 -0.00714841 0.0644057 0.0605428 0.0417044 0.058968 0.0382611
internal_weight=297517 118439 74117.4 49328.3 22334.9 179078 8513.18 7361.11 26993.4 13821.7 44321.2 15582.2 43615.8 13594.8
internal_count=1053665 966677 924869 880718 134460 86988 108472 101907 746258 25988 41808 22198 46170 26757
cat_boundaries=0 1 2
cat_threshold=4 2
is_linear=0
shrinkage=0.05


Tree=18
num_leaves=15
num_cat=1
split_feature=53 6 0 38 37 38 24 28 182 8 28 27 11 71
split_gain=27970.9 10876.6 6620.72 5187.91 4717.5 4060.91 3234.23 3899.19 3221.19 3233.19 3077.08 2833.86 2736.27 3582.77
threshold=1.0000000180025095e-35 1.0000000180025095e-35 91.500000000000014 12.500000000000002 7.5000000000000009 16.500000000000004 55.104999542236335 2.9550000429153447 3.7635266780853276 0 1.9750000238418581 -52.914999008178704 2581223.0000000005 -0.020709603093564507
decision_type=2 2 2 2 2 2 2 2 2 1 2 2 2 2
left_child=1 11 3 4 -3 -2 7 10 9 -7 -5 -1 13 -10
right_child=5 2 -4 6 -6 8 -8 -9 12 -11 -12 -13 -14 -15
leaf_value=0.061256195311207601 0.074028917151861315 -0.022057128445582101 0.061480129339617176 0.036355659936010004 0.057545984633972071 -0.023461326281715548 0.0032917817858192401 0.060333694252853301 -0.05106210671452132 0.049808894622958032 -0.029958983444761174 0.00095828394040229573 0.073000540112211076 0.051524866297184516
leaf_weight=2156.884709097445 133229.51542796195 6607.8044550381601 38993.29170063138 18946.336588772014 2589.8220153003931 2307.3193229809403 5005.8821271955967 22236.478839447722 908.3884736225009 4325.8949379920959 1925.6299750003964 20107.439865857363 22571.084437131882 13217.486885339022
leaf_count=17600 40818 189447 31912 182323 10914 11735 50598 119954 3950 6211 26010 337919 10955 13319
internal_value=0.0570881 0.0383031 0.0455845 0.0347678 0.000355505 0.0697026 0.0413449 0.0457624 0.0563978 0.0243151 0.030234 0.00680446 0.0621947 0.0449211
internal_weight=295129 118570 96305.2 57312 9197.63 176560 48114.3 43108.4 43330.2 6633.21 20872 22264.3 36697 14125.9
internal_count=1053665 966677 611158 579246 200361 86988 378885 328287 46170 17946 208333 355519 28224 17269
cat_boundaries=0 1
cat_threshold=4
is_linear=0
shrinkage=0.05


Tree=19
num_leaves=15
num_cat=0
split_feature=55 0 37 140 37 37 38 185 34 25 36 11 110 89
split_gain=27319 9850.5 7858.85 7226.36 5137.35 10850.8 3940.32 3437.56 3173.96 4641.91 3490.99 3073.92 3462.42 2995.93
threshold=1.0000000180025095e-35 91.500000000000014 9.5000000000000018 -6.0185184478759757 1.0000000180025095e-35 7.5000000000000009 16.500000000000004 5.1219298839569101 3.0849999189376835 97.715000152587905 1.3849999904632571 2143431.0000000005 1.0659999847412112 3.5775058269500737
decision_type=2 2 2 2 2 2 2 2 2 2 2 2 2 2
left_child=1 2 3 4 8 -6 -2 -7 -1 10 -10 12 -3 -8
right_child=6 11 -4 -5 5 7 13 -9 9 -11 -12 -13 -14 -15
leaf_value=0.068458883712273794 0.071710281277830551 -0.059992772112904741 0.066487547794851776 -0.0033426582785150826 -0.026981645638533787 -0.0073350519172677014 0.056300177035107327 0.053574690006156889 -0.020028023175661245 -0.051080650066180011 0.071747906328746724 0.06482792505394952 0.042955170000255984 -0.030052198909411621
leaf_weight=10952.362604491413 130150.36729204655 862.57493019104004 10045.463179931045 23312.186002340168 9043.3841514568776 2848.2546828612685 41893.891407005489 12366.90305538103 1411.0085890889168 1548.2556183338165 3887.6518786195666 28506.474723920226 14984.604308143258 1027.7608118057251
leaf_count=21557 40543 3399 11043 486311 300929 20395 36337 46368 10916 15077 12525 19670 19099 9496
internal_value=0.0546714 0.0363119 0.0253135 0.0189845 0.0313612 0.0163884 0.067376 0.0421695 0.0517627 0.0250421 0.0472998 0.0550107 0.037345 0.0542306
internal_weight=292841 119769 75415.5 65370 42057.8 24258.5 173072 15215.2 17799.3 6846.92 5298.66 44353.7 15847.2 42921.7
internal_count=1053665 967289 925121 914078 427767 367692 86376 66763 60075 38518 23441 42168 22498 45833
is_linear=0
shrinkage=0.05


Tree=20
num_leaves=15
num_cat=0
split_feature=53 6 0 24 38 37 37 57 34 17 36 57 17 38
split_gain=26360.3 9347.92 5811.98 4483.21 4070.98 4063.9 6193.11 3925.61 3394.41 3326.4 3175.87 3109.53 5841.52 3069.36
threshold=1.0000000180025095e-35 1.0000000180025095e-35 91.500000000000014 -9.9349999427795392 16.500000000000004 8.5000000000000018 1.0000000180025095e-35 10.588637828826906 1.4750000238418581 3274457.0000000005 0.6850000023841859 8.5516772270202654 12180065.000000002 20.500000000000004
decision_type=2 2 2 2 2 2 2 2 2 2 2 2 2 2
left_child=1 -1 3 8 -2 6 7 10 -3 -8 -5 13 -13 -6
right_child=4 2 -4 5 11 -7 9 -9 -10 -11 -12 12 -14 -15
leaf_value=0.005303933142696178 0.069547860944695769 0.073741804959196508 0.056223159721909756 -0.0043543175959589306 0.066268404267416245 0.043357669072234511 0.010878308434393625 0.0010186854940304705 0.028600625907378059 -0.036177429994010211 0.078721618183040382 0.043213815571374117 -0.072997443430904599 -0.030276339735130033
leaf_weight=22366.665292235091 128125.66648060083 9056.0437557082623 38572.045450791717 1447.575773825869 24261.793777823448 14743.992384716868 8348.5911415498704 4318.1483724024147 7721.8063082545996 6823.7370951883495 5579.8910110481083 16393.564103554934 1156.5254985839128 850.89394917711616
leaf_count=355519 40818 21593 31912 12759 15032 25185 207313 31877 63125 205213 12181 22777 5260 3101
internal_value=0.0525042 0.0344346 0.041178 0.0311777 0.0650917 0.0223134 0.0106097 0.0385515 0.052972 -0.0102826 0.0616037 0.0517064 0.0355491 0.0629941
internal_weight=289767 118978 96611.8 58039.8 170788 41261.9 26517.9 11345.6 16777.9 15172.3 7027.47 42662.8 17550.1 25112.7
internal_count=1053665 966677 611158 579246 86988 494528 469343 56817 84718 412526 24940 46170 28037 18133
is_linear=0
shrinkage=0.05


Tree=21
num_leaves=15
num_cat=1
split_feature=55 0 37 140 37 37 38 37 121 11 8 140 17 30
split_gain=25595 8536.01 6736.34 6264.3 4243.21 9226.6 3999.14 3201.46 5178.34 3872.36 3018.13 8604.2 3834.92 3341.86
threshold=1.0000000180025095e-35 91.500000000000014 9.5000000000000018 -6.0185184478759757 1.0000000180025095e-35 7.5000000000000009 16.500000000000004 5.5000000000000009 9.9612293243408221 2011389.5000000002 0 -6.0185184478759757 3322069.0000000005 5.9249999523162851
decision_type=2 2 2 2 2 2 2 2 2 2 1 2 2 2
left_child=1 2 3 4 -1 -6 -2 -3 9 -9 -8 12 -12 -14
right_child=6 7 -4 -5 5 -7 10 8 -10 -11 11 -13 13 -15
leaf_value=0.046702820559803383 0.067602300225104259 0.062205595307425671 0.060577971147918852 -0.0039747924038439691 -0.026273429668444162 0.037837296234876916 0.061200874347347195 0.010824126643116111 -0.059194321266180842 0.05962176441826892 -0.070097572822188647 0.058708478679677614 0.053132712351801351 -0.041271293165514422
leaf_weight=17957.689168987796 124736.42601411045 24790.930814020336 10134.910291947424 23397.453495008871 8790.3381598256528 15514.964009903371 24427.565004043281 6336.2626619040966 1355.7610112279654 11359.940034762025 2062.3538212925196 11856.394497916102 2278.1147698648274 1591.0667851865292
leaf_count=60075 40543 15156 11043 486311 300929 66763 15730 13071 4626 9315 11824 7997 3514 6768
internal_value=0.0504494 0.0327967 0.0226374 0.0167796 0.0282705 0.0146486 0.0630987 0.050358 0.0349364 0.0421538 0.0497894 0.0341129 -0.0150437 0.0142988
internal_weight=286590 119638 75795.4 65660.4 42263 24305.3 166952 43842.9 19052 17696.2 42215.5 17787.9 5931.54 3869.18
internal_count=1053665 967289 925121 914078 427767 367692 86376 42168 27012 22386 45833 30103 22106 10282
cat_boundaries=0 1
cat_threshold=2
is_linear=0
shrinkage=0.05


Tree=22
num_leaves=15
num_cat=1
split_feature=55 6 0 38 38 182 225 8 9 0 11 21 0 37
split_gain=24857 8107.01 4976.36 3968.52 3963.4 2939.95 2839.06 7458.89 4027.35 2657.53 2577.93 2471.8 2834.18 2374.49
threshold=1.0000000180025095e-35 1.0000000180025095e-35 91.500000000000014 16.500000000000004 11.500000000000002 3.7635266780853276 -12.040515422821043 0 1593103.5000000002 35.000000000000007 2581223.0000000005 266078.00000000006 91.500000000000014 5.5000000000000009
decision_type=2 2 2 2 2 2 2 1 2 2 2 2 2 2
left_child=1 11 4 -2 -3 -6 7 -5 -9 -7 -8 12 -1 -4
right_child=3 2 13 6 5 9 10 8 -10 -11 -12 -13 -14 -15
leaf_value=-0.018382342298401726 0.065784801189205752 -0.016536200789294683 0.06278801861782965 -0.031452651143173992 0.046756706031204701 -0.019291112408392 0.039968562394183414 -0.056685272032871874 0.062042511315213135 0.027617652052137856 0.07022055012966176 0.03345673733158594 0.02587044638889793 0.037622834391163533
leaf_weight=11994.959379976615 121847.0253572464 4527.1021120566875 21145.710889138281 3703.8677135892212 21067.260315140709 3358.4223572518677 12706.72926825285 777.21737208217382 8663.3212848231196 29745.936870150268 15843.206675976515 5507.5879763904959 5179.2117003127933 16875.893299043179
leaf_count=300743 40543 135442 10903 17419 110120 57592 13787 3084 5986 276332 5557 45484 9484 21189
internal_value=0.0485637 0.0312182 0.0375275 0.061227 0.0283969 0.0321531 0.047905 0.0286651 0.0522577 0.0228568 0.0567599 0.00431164 -0.0050334 0.051621
internal_weight=282943 119402 96720.3 163541 58698.7 54171.6 41694.3 13144.4 9440.54 33104.4 28549.9 22681.8 17174.2 38021.6
internal_count=1053665 967289 611578 86376 579486 444044 45833 26489 9070 333924 19344 355711 310227 32092
cat_boundaries=0 1
cat_threshold=4
is_linear=0
shrinkage=0.05


Tree=23
num_leaves=15
num_cat=0
split_feature=53 0 37 225 38 33 20 57 36 37 121 11 57 17
split_gain=24313.5 7522.16 6029.33 5411.01 4042.22 3020.74 3352.26 3177.64 3114.28 2951.53 4696.29 3567.19 2830.17 5128.36
threshold=1.0000000180025095e-35 91.500000000000014 9.5000000000000018 -12.040515422821043 16.500000000000004 3.2250000238418584 8841.0000000000018 10.950034618377687 0.34499999880790716 5.5000000000000009 9.9612293243408221 2011389.5000000002 8.5516772270202654 12180065.000000002
decision_type=2 2 2 2 2 2 2 2 2 2 2 2 2 2
left_child=1 2 3 5 -2 6 -1 -7 -9 -3 11 -11 -6 -14
right_child=4 9 -4 -5 12 7 -8 8 -10 10 -12 -13 13 -15
leaf_value=-0.033100894098312579 0.064080125123881962 0.058028310355949887 0.055969343676738149 -0.00070585191704535194 0.056954648575433364 0.034532374298294248 0.064051142534947092 0.048901720640520313 -0.014849032238965776 0.0085094616875608878 -0.058082090320285863 0.055413894627201747 0.037651038365146036 -0.072289873258226126
leaf_weight=998.71322545222938 119462.42462524772 23884.209583461285 10160.826696202159 30774.62367271632 24102.033778123558 14904.244214206934 7918.1599277090281 2457.471335330978 8675.6828381400555 6343.7507899403572 1354.4177174717188 11242.850735098124 15977.086682498455 1134.9419065751135
leaf_count=14396 40818 14808 11031 587205 18133 124491 28731 16805 142210 13071 4626 9303 22777 5260
internal_value=0.0467418 0.0295808 0.0201245 0.0145818 0.0594205 0.0280426 0.0531618 0.0194365 -0.000769422 0.0463361 0.0315875 0.0384991 0.0459117 0.0303526
internal_weight=279391 118715 75889.7 65728.9 160676 34954.3 8916.87 26037.4 11133.2 42825.2 18941 17586.6 41214.1 17112
internal_count=1053665 966677 924869 913838 86988 326633 43127 283506 159015 41808 27000 22374 46170 28037
is_linear=0
shrinkage=0.05


Tree=24
num_leaves=15
num_cat=0
split_feature=55 6 163 0 38 37 24 37 37 163 9 36 22 36
split_gain=23625.7 7116.48 4534.68 4172.46 3991.36 3354.05 3351.51 3024.69 3883.19 2725.87 4717.11 4016.33 2680.15 2438.34
threshold=1.0000000180025095e-35 1.0000000180025095e-35 0.035363854840397842 91.500000000000014 16.500000000000004 1.0000000180025095e-35 -9.9349999427795392 8.5000000000000018 1.0000000180025095e-35 0.0025379150174558167 1447877.5000000002 1.3849999904632571 64609.000000000007 0.66500002145767223
decision_type=2 2 2 2 2 2 2 2 2 2 2 2 2 2
left_child=1 -1 3 6 -2 -4 -3 8 -8 10 -6 -12 -7 -10
right_child=4 2 5 -5 9 12 7 -9 13 -11 11 -13 -14 -15
leaf_value=0.0030207096945442948 0.062524344470989854 0.048902618938621877 0.035914343751968884 0.051451720870440656 -0.059793650471847731 0.014370633764652542 0.033328955182242929 0.039510342018990952 0.010579612068564608 0.051647083210569981 0.051040465957635131 -0.04422991497442462 -0.054094110342563777 -0.032696954039206659
leaf_weight=22656.180865637958 115853.6518574059 15036.848453683779 4263.4295059572905 34141.890766911209 1511.5443281047046 2645.0947397165 10137.505193006247 13797.527418583632 7691.4769913610071 30819.545926734805 7069.4069585949183 1310.0825880467892 3106.0917595569044 5639.9589392002672
leaf_count=355711 40543 66649 12257 26885 8571 24845 48525 21289 179337 22281 8898 6083 62648 169143
internal_value=0.0450228 0.0282405 0.0341635 0.0378534 0.0577904 0.00230689 0.0289751 0.020932 0.0100063 0.0443163 0.0214665 0.0361361 -0.0226 -0.00772618
internal_weight=275680 119116 96459.8 86445.2 156564 10014.6 52303.3 37266.5 23468.9 40710.6 9891.03 8379.49 5751.19 13331.4
internal_count=1053665 967289 611578 511828 86376 99750 484943 418294 397005 45833 23552 14981 87493 348480
is_linear=0
shrinkage=0.05


Tree=25
num_leaves=15
num_cat=0
split_feature=53 0 37 0 14 38 6 15 6 37 121 37 182 9
split_gain=23023.1 6627.87 5299.38 4944.26 6575.77 4097.41 3649.97 2999.17 3702.19 2861.23 4037.75 3447.9 2711.78 2648.11
threshold=1.0000000180025095e-35 91.500000000000014 9.5000000000000018 35.000000000000007 4091513.5000000005 16.500000000000004 48186.425781250007 115020.00000000001 229743688.00000003 5.5000000000000009 9.9612293243408221 7.5000000000000009 3.7635266780853276 950557.50000000012
decision_type=2 2 2 2 2 2 2 2 2 2 2 2 2 2
left_child=1 2 3 -1 6 -2 -5 -8 -9 -3 11 -11 -7 -14
right_child=5 9 -4 4 -6 12 7 8 -10 10 -12 -13 13 -15
leaf_value=-0.018567589728081143 0.061034881514342443 0.054486337518304298 0.051664727276245319 -0.023183277713443695 0.044247401398444963 0.012760128505676649 -0.0034838100790323479 0.035308804477956687 -0.048114375325147132 -0.040279627358838319 -0.055018061539155332 0.041296352641433692 0.028969167397331758 0.058368071579182515
leaf_weight=10524.325722780079 113365.00314234197 23243.945523768663 10145.594512596726 7859.9203028623015 17427.464640202001 6459.7066011019051 12667.228947520256 16123.117585148662 1448.1260410919785 1408.0725980848074 1350.5383304655552 15989.259648665786 11764.993881292641 22014.927369244397
leaf_count=218714 40818 14808 11031 222614 98444 17946 208558 141357 24151 5526 4626 16848 15615 12609
internal_value=0.043403 0.0268117 0.0180202 0.0128508 0.0188069 0.0561682 0.00716741 0.0150587 0.0284283 0.0427622 0.0282216 0.0346891 0.042455 0.0481316
internal_weight=271792 118188 76195.8 66050.2 55525.9 153605 38098.4 30238.5 17571.2 41991.8 18747.9 17397.3 40239.6 33779.9
internal_count=1053665 966677 924869 913838 695124 86988 596680 374066 165508 41808 27000 22374 46170 28224
is_linear=0
shrinkage=0.05


Tree=26
num_leaves=15
num_cat=0
split_feature=55 0 37 0 21 89 38 57 38 11 60 35 11 163
split_gain=22321.8 6097.05 4739.76 4517.86 6018.7 4170.8 3318.53 3250.84 3416.82 2790.09 3182.98 2679.17 2625.2 3505.85
threshold=1.0000000180025095e-35 91.500000000000014 9.5000000000000018 35.000000000000007 242287.00000000003 3.4735221862792973 16.500000000000004 1.9644079804420473 12.500000000000002 2100722.5000000005 0.067045092582702651 6.7550001144409189 2558661.5000000005 0.032326781190931804
decision_type=2 2 2 2 2 2 2 2 2 2 2 2 2 2
left_child=1 2 3 -1 7 6 -2 -5 -9 10 -3 -6 13 -8
right_child=5 9 -4 4 11 -7 12 8 -10 -11 -12 -13 -14 -15
leaf_value=-0.017865349404384206 0.060676931005962401 -0.050377080787785494 0.049120281910191028 -0.050959180988803456 0.070676465848425352 0.0063542929052380894 -0.017566006390295243 -0.017909192919393635 0.019561612123055308 0.050716099855798391 0.030917449904570422 0.011899375001241632 0.053448267615197359 0.040568306436755845
leaf_weight=10394.526360088959 107028.60562860966 1318.4399386495352 10132.380392171443 2050.1002782080323 6878.5383598972112 4330.3695742413402 3445.3455221280456 7273.9382388424128 37125.906787717715 26722.927932046354 13733.549175783992 2703.2053541895002 24146.47141610086 10468.223181039095
leaf_count=218714 36090 4406 11043 51121 15247 15659 9495 184237 420259 20002 17760 24500 15489 9643
internal_value=0.0418749 0.0256513 0.0172661 0.0124058 0.0180225 0.0547227 0.056166 0.0105779 0.0134215 0.0410165 0.0237905 0.0541024 0.0434781 0.026169
internal_weight=267753 118334 76558.6 66426.2 56031.7 149419 145089 46449.9 44399.8 41774.9 15052 9581.74 38060 13913.6
internal_count=1053665 967289 925121 914078 695364 86376 70717 655617 604496 42168 22166 39747 34627 19138
is_linear=0
shrinkage=0.05


Tree=27
num_leaves=15
num_cat=0
split_feature=53 6 38 163 0 38 37 57 17 38 14 226 37 22
split_gain=21734.7 5820.15 4186.69 4091.35 3682.94 2777.4 2748.2 2719.51 4599.98 2768.15 2764.68 4555.44 2477.49 2426.89
threshold=1.0000000180025095e-35 1.0000000180025095e-35 16.500000000000004 0.035363854840397842 91.500000000000014 11.500000000000002 1.0000000180025095e-35 8.5516772270202654 12180065.000000002 20.500000000000004 3135352.5000000005 -8.9165372848510724 7.5000000000000009 64609.000000000007
decision_type=2 2 2 2 2 2 2 2 2 2 2 2 2 2
left_child=1 -1 -2 4 5 12 -5 9 10 -4 11 -9 -3 -8
right_child=2 3 7 6 -6 -7 13 8 -10 -11 -12 -13 -14 -15
leaf_value=0.001382983537231385 0.058378455646977717 -0.037635496468061719 0.053973663745714766 0.030300710334098847 0.046425607309083128 0.028288988608419705 0.011475312054695638 -0.05720800632444796 -0.073997525146342058 -0.037423231440984424 0.055036067789512304 0.031172612638008652 0.059164475235430392 -0.053734905963604668
leaf_weight=22297.498751498759 107170.80804374814 2961.2082797735929 21851.311362121254 4145.010754879564 32848.924870148301 48480.158161593601 2685.016462193802 1852.3495320230722 1118.8190822415054 859.77408744767308 6717.9895890913904 6830.7613607496023 849.62795725092292 3040.5295294355601
leaf_count=355519 40818 109964 15032 12238 26728 370722 24825 9382 5260 3101 5212 8183 4034 62647
internal_value=0.040412 0.024375 0.0532614 0.0297703 0.0333031 0.0250579 -0.000697596 0.0392803 0.0238371 0.05051 0.0309519 0.0123084 -0.0160309 -0.0231489
internal_weight=263710 117308 146402 95010.5 85139.9 52291 9870.56 39231 16519.9 22711.1 15401.1 8683.11 3810.84 5725.55
internal_count=1053665 966677 86988 611158 511448 484720 99710 46170 28037 18133 22777 17565 113998 87472
is_linear=0
shrinkage=0.05


Tree=28
num_leaves=15
num_cat=1
split_feature=53 0 37 13 32 38 37 10 33 18 37 121 37 8
split_gain=21252.2 5461.86 4349.31 4191.45 4169.95 4156.54 3117.69 3181.95 3061.26 2868.36 2857.59 3490.13 3184.06 2655.5
threshold=1.0000000180025095e-35 91.500000000000014 9.5000000000000018 330380.50000000006 5.4149999618530282 16.500000000000004 8.5000000000000018 14765.500000000002 3.2250000238418584 2089716.5000000002 5.5000000000000009 9.9612293243408221 8.5000000000000018 0
decision_type=2 2 2 2 2 2 2 2 2 2 2 2 2 1
left_child=1 2 3 -1 8 -2 7 -6 -5 -10 -3 12 -12 -7
right_child=5 10 -4 4 6 13 -8 -9 9 -11 11 -13 -14 -15
leaf_value=-0.0076858480526196607 0.057132856107142943 0.050061719788005624 0.04593810681599958 0.051006598395237926 0.10593561353793933 0.049368878094495916 0.041210869335824185 -0.034016491079157544 0.024664154046418325 -0.024362520582112801 -0.0026174504523275898 -0.054164265623100644 0.044074956493844034 0.022896519477772027
leaf_weight=21162.459474084899 104109.98431742191 22256.046913906932 10074.293477058411 9765.7857109978795 430.37984330020845 21916.718880556524 2272.3439299166203 6911.6408785544336 22439.070298068225 3439.0081020947546 5300.3184134364128 1342.6594882309437 11718.672806963325 16706.959035351872
leaf_count=464072 40818 14808 11031 36144 640 15768 3945 192635 162793 53609 11880 4626 10494 30402
internal_value=0.0389819 0.0231947 0.015325 0.0106804 0.0192694 0.0519346 -0.00994854 -0.0257926 0.027152 0.0181462 0.0380137 0.0234057 0.029531 0.0379202
internal_weight=259846 117113 76495 66420.7 45258.2 142734 9614.36 7342.02 35643.9 25878.1 40617.7 18361.7 17019 38623.7
internal_count=1053665 966677 924869 913838 449766 86988 197220 193275 252546 216402 41808 27000 22374 46170
cat_boundaries=0 1
cat_threshold=2
is_linear=0
shrinkage=0.05


Tree=29
num_leaves=15
num_cat=0
split_feature=55 6 89 163 186 16 0 24 37 22 37 37 36 57
split_gain=20526.4 5036.38 4278.94 3592.81 3470.49 3480.47 3204.16 2466.35 2393.95 2220.21 2182.96 3001.72 2205.32 2162.5
threshold=1.0000000180025095e-35 48186.425781250007 3.4735221862792973 0.035363854840397842 7.1167645454406747 1.0000000180025095e-35 91.500000000000014 -9.9349999427795392 1.0000000180025095e-35 64609.000000000007 8.5000000000000018 1.0000000180025095e-35 0.66500002145767223 10.588637828826906
decision_type=2 2 2 2 2 2 2 2 2 2 2 2 2 2
left_child=1 -1 4 6 -2 -6 7 -3 -5 -10 11 13 -13 -9
right_child=2 3 -4 8 5 -7 -8 10 9 -11 -12 12 -14 -15
leaf_value=0.0011475468312471622 0.054632320943426342 0.040103195054792783 0.0017196818522748703 0.027487495782477278 -0.059149562577179488 0.034644233031857347 0.04317822081675849 0.045987314845418563 0.010072107326096763 -0.052694034636981683 0.031996750636240703 0.0084947881054805545 -0.032570946960590146 -0.0011817297239476441
leaf_weight=22804.648551281542 123456.53926946223 15148.584527660161 4327.1614773012698 4149.161424074322 1099.1978889554739 9770.7524230629206 31850.396761201322 6181.1909265629947 2709.254648802802 2931.3403331562877 13793.028447329998 7886.7393005006015 5581.1567404977977 3999.911873742938
leaf_count=358457 56271 66328 15659 12175 4834 9612 26722 20987 24718 62475 21245 178648 168348 27186
internal_value=0.0376548 0.022234 0.0506707 0.0273365 0.0522472 0.0251504 0.0306608 0.0230783 -0.001332 -0.0225413 0.016188 0.00696461 -0.00852048 0.0274525
internal_weight=255689 117035 138654 94230.8 134326 10870 84441 52590.6 9789.76 5640.59 37442 23649 13467.9 10181.1
internal_count=1053665 967289 86376 608832 70717 14446 509464 482742 99368 87193 416414 395169 346996 48173
is_linear=0
shrinkage=0.05


Tree=30
num_leaves=15
num_cat=1
split_feature=53 0 38 106 57 38 0 9 37 163 3 8 122 18
split_gain=19910.3 4797.95 4450.05 3983.16 4365.11 3480.9 3712.11 3426.19 2755.08 3180.55 2740.3 3115.99 7402.9 3134.67
threshold=1.0000000180025095e-35 91.500000000000014 16.500000000000004 0.63350000977516185 3.1279945373535161 12.500000000000002 35.000000000000007 6830982.0000000009 5.5000000000000009 0.0025379150174558167 216035400.00000003 0 4.106852889060975 771318.00000000012
decision_type=2 2 2 2 2 2 2 2 2 2 2 1 2 2
left_child=1 3 -2 -1 -5 -6 -7 -8 -3 -10 11 -4 13 -13
right_child=2 8 10 4 5 6 7 -9 9 -11 -12 12 -14 -15
leaf_value=0.031389585668042327 0.054953613821964391 0.047325233218476377 0.049912051275448573 -0.042701190997641116 -0.017586311137906322 -0.024535858897989066 0.01679703236785747 0.065708665502174135 0.045464500795609181 0.0029899461915502668 -0.048148093002257031 -0.078959527242757843 0.041565964067925731 0.0046364507758833986
leaf_weight=22649.516128811054 98246.995897263288 21563.664546281099 20368.199976310134 4175.6872424250469 9002.8664531353861 4789.2221252340823 31619.08567317389 4037.9916492309421 7607.5708265453577 10482.597608074546 970.90947195515037 2077.9471050910652 11642.481294095516 2432.1821625456214
leaf_count=152883 40818 14808 13628 90497 243929 82208 342674 12678 6585 20415 2757 11965 11173 6647
internal_value=0.0363628 0.021144 0.04936 0.0138083 0.00638114 0.0105276 0.016787 0.0223391 0.0352521 0.0208563 0.0346994 0.0369045 0.020497 -0.0338765
internal_weight=251667 115928 135739 76274.4 53624.9 49449.2 40446.3 35657.1 39653.8 18090.2 37491.7 36520.8 16152.6 4510.13
internal_count=1053665 966677 86988 924869 771986 681489 437560 355352 41808 27000 46170 43413 29785 18612
cat_boundaries=0 1
cat_threshold=2
is_linear=0
shrinkage=0.05


Tree=31
num_leaves=15
num_cat=0
split_feature=55 57 163 38 0 37 37 13 11 37 36 20 23 116
split_gain=19361.9 4505.63 4310.83 4299.74 3557.61 3466.96 4771.56 2943.08 2911.14 2630.68 2599.86 2522.42 3279.03 2558.63
threshold=1.0000000180025095e-35 1.6988363862037661 0.035363854840397842 16.500000000000004 91.500000000000014 8.5000000000000018 1.0000000180025095e-35 1071800.0000000002 2248755.0000000005 4.5000000000000009 0.30500000715255743 20736.500000000004 141714.00000000003 0.87500000000000011
decision_type=2 2 2 2 2 2 2 2 2 2 2 2 2 2
left_child=1 -1 4 -2 5 6 7 -3 -6 -8 -11 13 -13 -5
right_child=3 2 -4 11 8 -7 9 -9 -10 10 -12 12 -14 -15
leaf_value=-0.04376177241389196 0.053878355794328009 0.0005898759793193408 -0.0058662294811803834 0.035211919572467824 0.020636188636171646 0.034028608127946391 -0.04410402273195739 0.041796635792792178 0.049753330923832599 0.021866038523995726 -0.014939718554223389 0.052416337185728204 -0.027379852165541674 -0.0035600468525517994
leaf_weight=2685.6703311540186 94792.108079329133 6507.8685051556677 12565.31424284447 11094.864369824529 14485.848559744656 22699.970758996904 3713.8510140934959 12981.11378410086 21105.112179972231 8815.121909905225 10525.530127995647 17449.552552588284 1388.5114640966058 6898.0587131008506
leaf_count=54625 40543 73823 151452 10289 20544 33830 146611 24654 13861 196755 251134 12156 4425 18963
internal_value=0.035116 0.0202299 0.0217462 0.0482441 0.0251876 0.0182491 0.0098278 0.0280399 0.0379047 -0.00556612 0.00183336 0.0337409 0.0465309 0.0203455
internal_weight=247708 116085 113400 131623 100834 65243.5 42543.5 19489 35591 23054.5 19340.7 36831 18838.1 17992.9
internal_count=1053665 967289 912664 86376 761212 726807 692977 98477 34405 594500 447889 45833 16581 29252
is_linear=0
shrinkage=0.05


Tree=32
num_leaves=15
num_cat=1
split_feature=55 89 6 38 163 37 37 84 9 162 7 38 8 225
split_gain=18694.3 4320.97 4199.86 3665.12 3127.03 4295.36 5428.02 3168.29 2544.65 5761.92 2501.13 2475.12 2452.1 3751.21
threshold=1.0000000180025095e-35 3.4735221862792973 48186.425781250007 16.500000000000004 -0.0036427788436412807 5.5000000000000009 7.5000000000000009 5.5719099044799814 1447877.5000000002 1.0000000180025095e-35 5353639.2500000009 17.500000000000004 0 -14.407148838043211
decision_type=2 2 2 2 2 2 2 2 2 2 2 2 1 2
left_child=2 3 -1 -2 -4 10 -7 -8 9 -5 -6 -11 -10 -14
right_child=1 -3 4 8 5 6 7 -9 12 11 -12 -13 13 -15
leaf_value=4.9354567677500116e-05 0.054141639467727369 -0.0022392176558230881 0.035257587921601309 -0.062190664642191966 0.022848605798978093 -0.044988875842071591 0.025491157085490431 -0.014421917067754234 0.056085634481972929 -0.0085188168079978251 0.060095781941235243 0.045834982751609896 -0.04137071642080406 0.043227999038830116
leaf_weight=22684.522106241435 89288.645201444626 4291.1966054141521 37258.025799138471 1937.6672302335501 21836.385481489822 4913.7653840109706 15753.871395274997 7262.1627412047237 15486.321397513151 2846.248328268528 5682.6925577465445 7910.6426802426577 1821.5623785406351 4658.6058870255947
leaf_count=358457 36090 15659 186642 7387 186956 130956 44068 36158 6704 5039 24052 6112 5765 3620
internal_value=0.0339374 0.0470757 0.0193354 0.0487834 0.0240539 0.0165243 0.00270853 0.0128953 0.0349777 0.0171483 0.0305439 0.031449 0.0452779 0.019437
internal_weight=243632 128241 115391 123950 92706.9 55448.9 27929.8 23016 34661 12694.6 27519.1 10756.9 21966.5 6480.17
internal_count=1053665 86376 967289 70717 608832 422190 211182 80226 34627 18538 211008 11151 16089 9385
cat_boundaries=0 1
cat_threshold=2
is_linear=0
shrinkage=0.05


Tree=33
num_leaves=15
num_cat=0
split_feature=53 38 0 37 57 0 14 38 15 37 37 57 17 121
split_gain=18252.7 4368.77 4142.2 3654.09 3299.43 3179.71 4678.71 3259.79 2669.51 2631.32 2979.01 2588.27 4011.68 2577.89
threshold=1.0000000180025095e-35 16.500000000000004 91.500000000000014 9.5000000000000018 2.0903490781784062 35.000000000000007 8499577.0000000019 12.500000000000002 349999.50000000006 5.5000000000000009 7.5000000000000009 8.5516772270202654 12180065.000000002 9.9612293243408221
decision_type=2 2 2 2 2 2 2 2 2 2 2 2 2 2
left_child=2 -2 3 4 -1 -6 7 -7 -9 -4 -11 -3 -13 -12
right_child=1 11 9 -5 5 6 -8 8 -10 10 13 12 -14 -15
leaf_value=-0.049144167201427683 0.051847970626042086 0.042837384778330261 0.043894178828710891 0.039995397563560513 -0.016664869958473476 -0.020535773247131996 0.059320790573117288 0.0053052958288194989 0.031627764054552865 -0.046835816568844911 0.029667223093472236 0.022750895073088685 -0.076418278621622801 -0.048244980707553183
leaf_weight=2484.104009507224 89549.678652837873 20415.680944919586 20610.140406310558 9861.7192153334618 9776.8069427283481 7618.1069223769009 5217.4151746667922 26013.832721339539 15300.354518406093 1627.0819368511438 14943.024465993047 14260.907464638352 1097.1740036718547 1141.5257690995932
leaf_count=64191 40818 18133 14808 11031 209373 192475 14426 334845 98528 6588 16848 22777 5260 3564
internal_value=0.0327586 0.0459465 0.0183353 0.0115958 0.00737726 0.00957513 0.0143139 0.00951295 0.0150553 0.031747 0.0176074 0.0311714 0.0156585 0.024132
internal_weight=239918 125323 114594 76272.3 66410.6 63926.5 54149.7 48932.3 41314.2 38321.8 17711.6 35773.8 15358.1 16084.6
internal_count=1053665 86988 966677 924869 913838 849647 640274 625848 433373 41808 27000 46170 28037 20412
is_linear=0
shrinkage=0.05


Tree=34
num_leaves=15
num_cat=0
split_feature=55 89 0 38 37 57 0 14 38 11 104 37 37 9
split_gain=17577 4263.78 3792.44 3659 3284.76 3089.73 2929.53 4150.67 2984.46 2665.09 2871.04 3265.58 2977.13 2482.36
threshold=1.0000000180025095e-35 3.4735221862792973 91.500000000000014 16.500000000000004 9.5000000000000018 1.9644079804420473 35.000000000000007 8499577.0000000019 12.500000000000002 2100722.5000000005 0.53350001573562633 4.5000000000000009 5.5000000000000009 1447877.5000000002
decision_type=2 2 2 2 2 2 2 2 2 2 2 2 2 2
left_child=2 3 4 -2 5 -1 -7 8 -8 10 11 -4 -13 -5
right_child=1 -3 9 13 -6 6 7 -9 -10 -11 -12 12 -14 -15
leaf_value=-0.051289326228811355 0.052281073268561275 -0.0041162083960489051 -0.1421862258541072 0.014995274430541739 0.038187094938813552 -0.016145233573882468 -0.019823072892323611 0.055996810637914667 0.014381224737387672 0.040642620724228029 -0.056705793260778473 0.047826692424920915 -0.0010986324301127666 0.043161906093384841
leaf_weight=2183.356347088702 83699.286134243011 4278.8365097418427 300.05933451652527 12429.857905954123 9805.8318647891283 9701.3522927686572 7518.3618424106389 5235.7122942190617 41961.458102343604 23953.596399694681 1327.8610652089119 6505.1737189739943 5951.7587884813547 21138.405706197023
leaf_count=60223 36090 15659 1333 18538 11043 209970 192735 14526 436624 20002 4489 4285 12059 16089
internal_value=0.0316564 0.0448977 0.0175928 0.0466865 0.0111694 0.00719015 0.00917381 0.0136641 0.00918264 0.0304932 0.0132273 0.0205144 0.0244486 0.0327344
internal_weight=235991 121546 114445 117268 76406.1 66600.2 64416.9 54715.5 49479.8 38038.4 14084.9 12757 12456.9 33568.3
internal_count=1053665 86376 967289 70717 925121 914078 853855 643885 629359 42168 22166 17677 16344 34627
is_linear=0
shrinkage=0.05


Tree=35
num_leaves=15
num_cat=1
split_feature=55 38 163 15 7 0 33 225 8 9 18 70 38 57
split_gain=16957.4 4280.11 3737.65 3671.33 3890.33 3249.3 2958.42 2465.46 5096.96 3160.79 2471.91 3205.79 2447.23 3006.02
threshold=1.0000000180025095e-35 16.500000000000004 0.035363854840397842 99999.500000000015 5067868.7500000009 91.500000000000014 4.4149999618530282 -12.040515422821043 0 1593103.5000000002 11175.000000000002 -0.040033707395195954 17.500000000000004 5.7125256061553964
decision_type=2 2 2 2 2 2 2 2 1 2 2 2 2 2
left_child=2 -2 3 4 -1 6 -5 8 -3 -10 11 -9 13 -13
right_child=1 7 -4 5 -6 -7 -8 10 9 -11 -12 12 -14 -15
leaf_value=-0.0056770968416408121 0.049971058150615193 -0.038432653189203997 -0.00855666249446492 0.036482764670629379 0.029815549192198448 0.043863316841844732 0.010356503366030216 -0.090588565126886289 -0.06398989461806355 0.043437500536063774 0.054427535934444618 0.050378730993919464 0.041700447116686877 -0.057158066235918875
leaf_weight=22192.909265466034 83573.319960728288 3673.9132413379848 12879.910611703061 16877.790515456349 11836.834378991276 19760.749592646956 30288.614153856412 599.55719104409218 757.24115353822708 7039.1825485751033 11863.752794086933 1096.308361530304 8162.6458518058062 1592.0844344645739
leaf_count=326753 40543 17419 160897 79772 63622 14811 321434 2812 3084 5986 5335 578 6432 4187
internal_value=0.0305841 0.0438358 0.0168053 0.0200415 0.00666763 0.0268407 0.019707 0.0290929 0.0101079 0.0329901 0.0384303 0.0218483 0.0280732 -0.0132843
internal_weight=232195 118358 113837 100957 34029.7 66927.2 47166.4 34784.7 11470.3 7796.42 23314.3 11450.6 10851 2688.39
internal_count=1053665 86376 967289 806392 390375 416017 401206 45833 26489 9070 19344 14009 11197 4765
cat_boundaries=0 1
cat_threshold=4
is_linear=0
shrinkage=0.05


Tree=36
num_leaves=15
num_cat=0
split_feature=53 182 92 21 225 7 14 0 21 0 33 37 38 9
split_gain=16473.6 4338.13 4084.79 3637.12 3534.58 3559.91 3408.25 2616.77 3272.07 2574.66 2475.32 2349.79 2183.06 2428.67
threshold=1.0000000180025095e-35 3.7635266780853276 3.2959804534912114 33571.500000000007 -12.040515422821043 5067868.7500000009 353754.50000000006 35.000000000000007 122673.50000000001 91.500000000000014 4.4149999618530282 5.5000000000000009 16.500000000000004 950557.50000000012
decision_type=2 2 2 2 2 2 2 2 2 2 2 2 2 2
left_child=4 3 12 -2 6 7 -1 -6 -9 10 -8 -7 -3 -14
right_child=1 2 -4 -5 5 11 9 8 -10 -11 -12 -13 13 -15
leaf_value=-0.055319543824113797 -0.0625879177441971 0.052136675996226289 -0.053167915178229809 0.025248822693709268 -0.035716950311442723 0.05550534945294721 0.036984464163407595 -0.0040227589857605812 0.028092896647200369 0.045205348850577753 0.011052042269681031 0.012188190435883284 0.01636335369618434 0.047010296875311434
leaf_weight=1290.0075389025733 1288.067590713501 71961.132169514894 1015.8286724165082 13718.856512282044 4462.4886671304703 5418.4658404178917 14376.729934175499 29423.140591285191 10855.786676133052 14151.347434997559 25590.036437900737 7424.2344482447952 10305.716824874282 17376.975137978792
leaf_count=23181 6409 30801 4824 20303 122051 24613 60932 385901 49048 9858 249120 41973 14017 10634
internal_value=0.0295232 0.042788 0.0465271 0.0177027 0.0159439 0.00726784 0.0249594 0.000605916 0.00463214 0.0268749 0.0203823 0.0304709 0.0475445 0.0356039
internal_weight=228659 115667 100660 15006.9 112992 57584.1 55408.1 44741.4 40278.9 54118.1 39966.8 12842.7 99643.8 27682.7
internal_count=1053665 86988 60276 26712 966677 623586 343091 557000 434949 319910 310052 66586 55452 24651
is_linear=0
shrinkage=0.05


Tree=37
num_leaves=15
num_cat=0
split_feature=55 38 57 163 0 37 37 13 69 11 116 16 23 1
split_gain=15925.5 4196.29 3284.57 3126.59 2736.6 2793.12 3666.05 2531 2455.47 2453.83 2378.65 6833.35 3067.63 2821.73
threshold=1.0000000180025095e-35 16.500000000000004 1.6988363862037661 0.035363854840397842 91.500000000000014 8.5000000000000018 1.0000000180025095e-35 1071800.0000000002 -0.026638542301952835 2248755.0000000005 0.87500000000000011 1.0000000180025095e-35 131594.50000000003 41227.500000000007
decision_type=2 2 2 2 2 2 2 2 2 2 2 2 2 2
left_child=2 8 -1 4 5 6 7 -4 -2 -6 -3 -12 -13 -14
right_child=1 10 3 -5 9 -7 -8 -9 -10 -11 11 12 13 -15
leaf_value=-0.041827010993457085 -0.066058930400942462 0.040679384106329763 -0.0028587189951021709 -0.007120255160625243 0.015170153663996011 0.027904721833591595 -0.0071435402697101677 0.03525913309517778 0.048881741314133996 0.042821215174680224 -0.071828864271507961 0.036322089335432753 -0.087633041018226249 0.016609224557179562
leaf_weight=2463.0929287802428 466.24626308679581 16442.53978304565 6612.5961645208299 12400.067512672395 13801.241225391626 22379.810190036893 23532.613218330778 12740.004807917401 77950.067117512226 19193.007465824485 2039.1614512428641 12367.945434581488 1025.3872153833508 1764.2997756153345
leaf_count=54625 1621 11999 73823 151452 20544 33830 594500 24654 38922 13861 11239 14298 5013 3284
internal_value=0.0284982 0.0418586 0.0152632 0.0165348 0.0195205 0.0135859 0.00611192 0.0222326 0.0481969 0.0312573 0.0270809 0.0140744 0.0256382 -0.0217062
internal_weight=225178 112056 113122 110659 98259.3 65265 42885.2 19352.6 78416.3 32994.2 33639.3 17196.8 15157.6 2789.69
internal_count=1053665 86376 967289 912664 761212 726807 692977 98477 40543 34405 45833 33834 22595 8297
is_linear=0
shrinkage=0.05


Tree=38
num_leaves=15
num_cat=0
split_feature=55 182 92 21 182 37 37 32 60 6 38 36 15 38
split_gain=15322.9 4159.33 3697.02 3180.72 3113.45 2832.64 5870.43 3608.05 3257.03 2981.52 2516.82 2213.93 2210.57 2189.72
threshold=1.0000000180025095e-35 3.7635266780853276 3.2959804534912114 33571.500000000007 3.7635266780853276 5.5000000000000009 7.5000000000000009 8.7249999046325701 0.049864651635289199 10229745.000000002 14.500000000000002 0.40500000119209295 49999.500000000007 16.500000000000004
decision_type=2 2 2 2 2 2 2 2 2 2 2 2 2 2
left_child=4 3 13 -2 12 7 -7 9 11 10 -6 -8 -1 -3
right_child=1 2 -4 -5 5 6 8 -9 -10 -11 -12 -13 -14 -15
leaf_value=-0.045791102216283644 -0.06065069062147134 0.050600519321818895 -0.05109857675028398 0.023136650343763887 -0.022643510989901056 -0.041540465904930039 0.017374030238464424 -0.02410720908723045 0.021497912550434678 0.034731276170370515 0.024889750589934177 -0.02768161247196926 0.028721428171577197 0.033646230591445662
leaf_weight=1022.8210940724239 1237.0308534987271 66801.067627266049 994.35882073640823 13283.771228883415 5139.1577883055434 7170.1334283463657 4207.7840150557458 4383.7574730012566 19044.728226447478 22226.500186585821 6075.8004119955003 7736.4956020973623 35372.649187253788 26683.295213103294
leaf_count=13717 6345 30568 4808 20165 112786 212868 17206 125113 62141 132353 50308 43073 197724 24490
internal_value=0.0275553 0.0409123 0.0447417 0.0159917 0.0145993 0.00883831 -0.000772053 0.0185346 0.00866023 0.0241265 0.00310351 -0.0118049 0.0266248 0.0457622
internal_weight=221379 109000 94478.7 14520.8 112380 75984.4 38159.1 37825.2 30989 33441.5 11215 11944.3 36395.5 93484.4
internal_count=1053665 86376 59866 26510 967289 755848 335288 420560 122420 295447 163094 60279 211441 55058
is_linear=0
shrinkage=0.05


Tree=39
num_leaves=15
num_cat=1
split_feature=55 38 0 37 57 37 37 0 14 38 3 8 122 18
split_gain=14759.9 4138.68 2958.34 2766.58 2528.08 2472.1 2653.73 2371.22 3510.08 2469.74 2335.72 2565.23 5693.33 2609.64
threshold=1.0000000180025095e-35 16.500000000000004 91.500000000000014 9.5000000000000018 1.9644079804420473 5.5000000000000009 8.5000000000000018 35.000000000000007 8499577.0000000019 12.500000000000002 216035400.00000003 0 4.106852889060975 771318.00000000012
decision_type=2 2 2 2 2 2 2 2 2 2 2 1 2 2
left_child=2 -2 3 4 -1 -4 -7 -6 9 -9 11 -3 13 -13
right_child=1 10 5 -5 7 6 -8 8 -10 -11 -12 12 -14 -15
leaf_value=-0.05035437104762807 0.046525439945259373 0.040489535029741813 0.038067113807877202 0.03349029616510827 -0.016506807445607653 -0.016376710857818721 0.025749385263809901 -0.020160602495725793 0.049729447598406779 0.011058012819113854 -0.053953066914393971 -0.079233669041274837 0.031989190189570117 -0.00053195760283275149
leaf_weight=2019.8254110496491 73519.861128732562 17145.778766557574 19082.989146202803 9551.1377732306719 9581.9469726169482 5589.1698776781559 11279.891249641776 7451.7248223945498 5152.291653579101 42223.398776603863 906.63230330124497 1954.0313432924449 10318.263594843447 2286.4672038815916
leaf_count=60223 40543 13590 15156 11043 209970 14052 12960 192735 14526 436624 2693 11873 11172 6505
internal_value=0.0265892 0.0399485 0.0139217 0.00832901 0.00471014 0.0257391 0.0117888 0.00643845 0.0104496 0.00637362 0.0251188 0.0273832 0.0119428 -0.0368198
internal_weight=218063 106131 111932 75980.3 66429.2 35952.1 16869.1 64409.4 54827.4 49675.1 32611.2 31704.5 14558.8 4240.5
internal_count=1053665 86376 967289 925121 914078 42168 27012 853855 643885 629359 45833 43140 29550 18378
cat_boundaries=0 1
cat_threshold=2
is_linear=0
shrinkage=0.05


Tree=40
num_leaves=15
num_cat=0
split_feature=55 182 92 163 21 14 37 37 6 84 9 104 6 38
split_gain=14171.3 4128.39 3399.36 2884.95 2860.54 2717.06 2479.68 5061.65 3231.87 2632.93 2304.01 4347.08 6446.74 2500.91
threshold=1.0000000180025095e-35 3.7635266780853276 3.2959804534912114 -0.0036427788436412807 33571.500000000007 353754.50000000006 5.5000000000000009 7.5000000000000009 33800628.000000007 5.5719099044799814 1447877.5000000002 0.83200001716613781 54943770.000000007 19.500000000000004
decision_type=2 2 2 2 2 2 2 2 2 2 2 2 2 2
left_child=3 4 10 5 -2 -1 8 -8 -5 -9 11 -3 13 -13
right_child=1 2 -4 6 -6 -7 7 9 -10 -11 -12 12 -14 -15
leaf_value=-0.057141906100279694 -0.059524994479490459 0.041899482101673768 -0.049856127229362585 -0.00029719510344721216 0.020786150921446419 0.025620811160426887 -0.042504461240416097 0.017391647301479598 0.030410264710109127 -0.015107374038891369 0.050190498338530565 0.036735604289504058 -0.097836697208683127 -0.094585281893202339
leaf_weight=1014.9245403464884 1211.8009134195745 26743.264575958252 973.69777951389551 15664.189066847786 12898.378754872829 41087.749536600895 6419.1077231857926 18916.187433229759 18906.015732659958 9291.7025517597795 55743.201186671853 3903.1604991704226 1434.10309163481 398.53631526231766
leaf_count=20043 6345 17563 4808 249486 20165 245902 197650 63287 140326 50595 27088 3148 5614 1645
internal_value=0.0256822 0.0390188 0.0429945 0.0133028 0.0138817 0.0236232 0.00702245 -0.00243359 0.0164953 0.00668451 0.0440204 0.0334281 -0.00606162 0.0245384
internal_weight=214606 103306 89196 111300 14110.2 42102.7 69197.2 34627 34570.2 28207.9 88222.3 32479.1 5735.8 4301.7
internal_count=1053665 86376 59866 967289 26510 265945 701344 311532 389812 113882 55058 27970 10407 4793
is_linear=0
shrinkage=0.05


Tree=41
num_leaves=15
num_cat=0
split_feature=55 38 0 37 15 10 13 89 37 37 57 17 38 12
split_gain=13657.4 4124.66 2741.9 2524.49 2376.36 2816.64 2451.47 2346.73 2294.39 2354.02 2253.09 3433.29 2356.45 2217.55
threshold=1.0000000180025095e-35 16.500000000000004 91.500000000000014 9.5000000000000018 349999.50000000006 4245921.5000000009 16266.500000000002 3.7108550071716313 5.5000000000000009 8.5000000000000018 8.5516772270202654 12180065.000000002 20.500000000000004 1440748.5000000002
decision_type=2 2 2 2 2 2 2 2 2 2 2 2 2 2
left_child=2 7 3 4 -1 6 -6 -2 -4 -10 12 13 -3 -12
right_child=1 10 8 -5 5 -7 -8 -9 9 -11 11 -13 -14 -15
leaf_value=-0.0039405026685807379 0.046102931512935451 0.038994657483233053 0.036305199718748092 0.031511344367272709 -0.057940174869469119 -0.0056245413782366194 0.032061382705687154 -0.028260762820084065 -0.015810634725472974 0.024036773312437469 -0.001389475462897215 -0.079683800629077761 -0.048124738841325142 0.041324002021395904
leaf_weight=39454.714779322036 68030.308613359928 16792.498278383166 18538.493586286902 9436.1224857866764 792.73050640709698 10042.851084829308 16060.911855736747 1076.2612007856369 5561.7976477965713 11099.884566441178 7879.1477623656392 1031.8052026629448 812.47701491042972 4942.9796031787992
leaf_count=641859 37879 15032 15156 11043 17659 130808 123752 2664 14052 12960 17787 5112 3101 4801
internal_value=0.0247644 0.0381108 0.0126706 0.00731362 0.00387117 0.0153318 0.0278219 0.0449437 0.0242025 0.0107323 0.0230982 0.00800855 0.0349687 0.0150748
internal_weight=211553 100565 110988 75787.3 66351.2 26896.5 16853.6 69106.6 35200.2 16661.7 31458.9 13853.9 17605 12822.1
internal_count=1053665 86376 967289 925121 914078 272219 141411 40543 42168 27012 45833 27700 18133 22588
is_linear=0
shrinkage=0.05


Tree=42
num_leaves=15
num_cat=0
split_feature=55 38 89 37 9 159 37 37 37 31 89 18 10 121
split_gain=13099.6 4053.56 2651.56 2568.82 4927.67 4727.41 4101.73 2806.66 5620.99 2315.39 2236.05 2233.36 2189.92 2144.78
threshold=1.0000000180025095e-35 16.500000000000004 3.4735221862792973 1.0000000180025095e-35 710627.50000000012 1.0000000180025095e-35 4.5000000000000009 5.5000000000000009 7.5000000000000009 0.59499999880790722 3.4735221862792973 1134472.0000000002 744288.50000000012 9.9612293243408221
decision_type=2 2 2 2 2 2 2 2 2 2 2 2 2 2
left_child=2 10 3 4 -1 6 -5 11 -9 12 -2 -8 -7 -3
right_child=1 13 -4 5 -6 9 7 8 -10 -11 -12 -13 -14 -15
leaf_value=-0.034224832878083505 0.045924383185249766 0.013163997543820466 0.026914682647804274 -0.049336315077918268 0.029861892930895417 -0.059327870047881898 0.041484496313980185 -0.040631219920820971 0.016200070022912558 -0.035970620447757957 -0.0026558393979771583 -0.051840747659866876 0.018602062634146481 0.041266894831747045
leaf_weight=3462.7268985835835 64447.958304516971 20973.930706463754 23706.609363015741 2679.8339683189988 22355.188073180616 1112.6481840312481 10580.693537315354 5220.1130525087938 26096.1897638347 9859.8022550456226 2456.9087765812874 681.10509023722261 4729.3825595704839 10045.07595051825
leaf_count=64215 36090 39140 132643 104266 58983 15187 95356 151800 85592 195421 4453 23936 39890 6693
internal_value=0.0238967 0.037212 0.0120944 0.0080448 0.0212636 0.00244525 0.0106474 0.014425 0.00672427 -0.021192 0.0441396 0.0358317 0.00374369 0.0222674
internal_weight=208408 97923.9 110484 86777.7 25817.9 60959.8 45257.9 42578.1 31316.3 15701.8 66904.9 11261.8 5842.03 31019
internal_count=1053665 86376 967289 834646 123198 711448 460950 356684 237392 250498 40543 119292 55077 45833
is_linear=0
shrinkage=0.05


Tree=43
num_leaves=15
num_cat=0
split_feature=55 182 92 12 57 181 9 104 6 38 0 11 37 37
split_gain=12495.4 4047.9 3177.35 2621.23 2570.19 2381.76 2355.4 4196.06 5806.05 2231.34 2222.66 2422.66 2241.11 4393.07
threshold=1.0000000180025095e-35 3.7635266780853276 3.2959804534912114 54294.000000000007 1.6988363862037661 27.274749755859379 1447877.5000000002 0.83200001716613781 54943770.000000007 19.500000000000004 91.500000000000014 2100722.5000000005 7.5000000000000009 5.5000000000000009
decision_type=2 2 2 2 2 2 2 2 2 2 2 2 2 2
left_child=4 3 6 -2 -1 10 7 -3 9 -9 12 -12 13 -6
right_child=1 2 -4 -5 5 -7 -8 8 -10 -11 11 -13 -14 -15
leaf_value=-0.040775796375682127 -0.067693078188691844 0.039279084433109346 -0.049886622918399119 0.017128328516564737 0.0097796961541071394 -0.0079489006482886208 0.0481293267565528 0.033748638216722908 -0.095534941949901364 -0.090914553512485868 0.0093209806162833381 0.037806252345778051 0.020252195547596857 -0.036477682152327967
leaf_weight=2295.5878190221265 980.74530870094895 24651.639342099428 959.93197230249643 12581.501893877983 28587.171512321569 12380.75446179416 50796.22148296237 3657.3272678852081 1433.0513801127672 396.86392587423325 12499.871192365885 18551.185670748353 29214.609807094559 6254.7810550006106
leaf_count=54625 5648 17563 4808 20862 406358 151342 27088 3148 5614 1645 19872 14942 108032 212118
internal_value=0.0230629 0.0362937 0.0404839 0.0109863 0.0115581 0.0126766 0.041557 0.030477 -0.00905756 0.0215136 0.0153622 0.0263415 0.0100389 0.00147339
internal_weight=205241 95457.3 81895 13562.2 109784 107488 80935.1 30138.9 5487.24 4054.19 95107.6 31051.1 64056.6 34842
internal_count=1053665 86376 59866 26510 967289 912664 55058 27970 10407 4793 761322 34814 726508 618476
is_linear=0
shrinkage=0.05


Tree=44
num_leaves=15
num_cat=0
split_feature=55 38 21 121 0 1 89 26 6 19 10 3 15 37
split_gain=11958.6 4068.08 2479.71 2429.24 2342.61 2488.76 2120.68 2117.85 2460.92 2261.32 2057 1868.21 1755.63 3177.05
threshold=1.0000000180025095e-35 16.500000000000004 114135.50000000001 8.9190998077392596 35.000000000000007 29704.500000000004 3.7108550071716313 50.444999694824226 402619008.00000006 -1775522.9999999998 3629891.0000000005 216035400.00000003 101749.00000000001 4.5000000000000009
decision_type=2 2 2 2 2 2 2 2 2 2 2 2 2 2
left_child=2 6 3 12 5 -4 -2 8 10 -9 11 -3 13 -1
right_child=1 7 4 -5 -6 -7 -8 9 -10 -11 -12 -13 -14 -15
leaf_value=-0.028489930766162592 0.043876891165367291 0.019393765907257259 -0.040979732470297084 -0.01987902819181557 0.026613259479573534 0.016609624935217112 -0.026856185984046283 -0.07858657152752567 -0.077680671978367838 0.039169106954953778 -0.098733572107078352 -0.064175248807089677 0.018814419862209872 0.0091296726902315075
leaf_weight=7066.7426351346076 61814.511977136135 15076.062198974192 2845.0249470639974 8487.6300722481683 33170.156435712241 5502.559144471772 1076.6428999304771 420.04226630181074 786.35787677392364 12699.597534909844 401.74325017631054 698.60254618525505 24939.965605189092 27248.692447097972
leaf_count=151319 37879 24040 59517 125944 128924 64761 2664 1759 3711 12089 1997 2237 178038 258786
internal_value=0.0222498 0.0354306 0.0110331 0.00513514 0.0206551 -0.00301456 0.0426648 0.0203039 0.00863176 0.0353895 0.0128352 0.0156858 0.00871924 0.00138043
internal_weight=202234 92973.6 109261 67743 41517.7 8347.58 62891.2 30082.4 16962.8 13119.6 16176.4 15774.7 59255.4 34315.4
internal_count=1053665 86376 967289 714087 253202 124278 40543 45833 31985 13848 28274 26277 588143 410105
is_linear=0
shrinkage=0.05


Tree=45
num_leaves=15
num_cat=0
split_feature=55 38 57 37 37 9 89 57 12 32 12 89 57 57
split_gain=11448.1 3991.66 2363.08 2161.35 5485.06 4060.33 3941.05 2926.73 3059.19 2089.21 3167.33 2088.68 2069.28 3110.74
threshold=1.0000000180025095e-35 16.500000000000004 1.0718685984611513 1.0000000180025095e-35 4.5000000000000009 989733.00000000012 3.030795812606812 10.588637828826906 514226.00000000006 2.7350000143051152 8173728.5000000009 3.4735221862792973 8.5516772270202654 10.772074222564699
decision_type=2 2 2 2 2 2 2 2 2 2 2 2 2 2
left_child=2 11 -1 5 -5 -4 -6 -7 -9 -10 -11 -2 -3 -14
right_child=1 12 3 4 6 7 -8 8 9 10 -12 -13 13 -15
leaf_value=-0.058658405145046548 0.043770705756512041 0.031412103603498366 -0.020453014353826699 -0.048033612532302872 -0.0049464264639537759 0.043352344573886273 0.019298013987749874 -0.062222875442998843 0.034019387592041386 -0.038110660886839121 0.087531705527650647 -0.0035505984037625228 -0.057195388282781826 0.014289044850894257
leaf_weight=1219.9697575913742 58484.877753548324 16412.008342295885 4799.1028358368203 4325.6750811608508 27262.94730167184 15942.310985227115 43504.648814939894 1285.0996055658907 7427.2345251329243 2622.1866124775261 619.07992332801223 2426.487719103694 1751.3779540061951 11563.909747194499
leaf_count=37745 36090 18133 58810 178962 296382 27477 327355 12189 9347 18573 449 4453 6966 20734
internal_value=0.0214232 0.0345537 0.0105047 0.0112885 0.00661552 0.0220191 0.00995729 0.0293281 0.010618 0.019402 -0.014078 0.0418847 0.0195299 0.00487926
internal_weight=199647 90638.7 109008 107788 75093.3 32695 70767.6 27895.9 11953.6 10668.5 3241.27 60911.4 29727.3 13315.3
internal_count=1053665 86376 967289 929544 802699 126845 623737 68035 40558 28369 19022 40543 45833 27700
is_linear=0
shrinkage=0.05


Tree=46
num_leaves=15
num_cat=0
split_feature=55 182 92 21 9 104 37 1 15 37 37 10 1 22
split_gain=10893.3 3963.95 2974.49 2429.24 2389.31 4013.82 5388.72 4049.55 2290.67 2362.54 2419.39 2380.04 2207.28 2160.5
threshold=1.0000000180025095e-35 3.7635266780853276 3.2959804534912114 33571.500000000007 1447877.5000000002 0.83200001716613781 4.5000000000000009 46331.500000000007 349999.50000000006 1.0000000180025095e-35 7.5000000000000009 3728512.5000000005 38316.500000000007 -171333.99999999997
decision_type=2 2 2 2 2 2 2 2 2 2 2 2 2 2
left_child=8 3 4 -2 5 -3 -7 -8 -1 -10 11 13 -12 -11
right_child=1 2 -4 -5 -6 6 7 -9 9 10 12 -13 -14 -15
leaf_value=0.0042948456555840864 -0.060581140307852326 0.036777822725592872 -0.049947739997195782 0.014997151815355936 0.046180540525632821 0.033678295707008969 -0.13137879103434533 0 0.035419858847249151 0.081404320080295578 0.0027244950936950972 -0.049202316500921661 0.035769892617265868 -0.0093424689837971475
leaf_weight=66814.451354457065 1166.4771805033088 22796.764533787966 946.16025404632092 11886.067024216056 46346.830462470651 2921.4763174727559 1215.3238901048899 1132.4404210746288 14630.998908581212 839.69326161965728 10187.869747009128 2943.3676956733689 10032.920635968447 2980.3820193493739
leaf_count=680039 6345 17563 4808 20165 27088 2584 5837 1986 29117 4737 34560 110470 23701 84665
internal_value=0.0206534 0.0336795 0.0380858 0.00823493 0.0392065 0.0276869 -0.0116338 -0.0680303 0.0100314 0.01924 0.0104644 -0.015417 0.019124 0.0106076
internal_weight=196841 88411.5 75359 13052.5 74412.8 28066 5269.24 2347.76 108430 41615.2 26984.2 6763.44 20220.8 3820.08
internal_count=1053665 86376 59866 26510 55058 27970 10407 7823 967289 287250 258133 199872 58261 89402
is_linear=0
shrinkage=0.05


Tree=47
num_leaves=15
num_cat=0
split_feature=55 38 57 47 21 121 121 5 31 23 1 9 183 57
split_gain=10422.2 3951.64 2179.3 2077.29 2253.89 2081.34 2001.55 2313.42 2122.51 2159.97 2251.05 1999.73 3115.14 2405.09
threshold=1.0000000180025095e-35 16.500000000000004 1.0718685984611513 1.0000000180025095e-35 114135.50000000001 8.9190998077392596 9.9612293243408221 3.3850001096725468 -26.154999732971188 131594.50000000003 41227.500000000007 1608879.0000000002 8.0625510215759295 12.80903482437134
decision_type=2 2 2 2 2 2 2 2 2 2 2 2 2 2
left_child=2 -2 -1 4 5 -4 8 -8 -3 11 -11 12 -10 -14
right_child=1 6 3 -5 -6 -7 7 -9 9 10 -12 -13 13 -15
leaf_value=-0.05810132338893087 0.04045483410133497 -0.10969757385473955 0.0088704941527794675 -0.043230007722680208 0.020643992893025903 -0.018158607231363807 0.04059660748603957 -0.15428702315684878 -0.069546384104854891 -0.089538717987522456 0.0059412153759141155 0.033364744878448781 0.027642572989104011 -0.054787937414450087
leaf_weight=1176.2858078125864 57316.706250026822 369.38257416337729 57627.58265224658 1781.2035288671032 39485.920518117025 8124.7395937563851 8886.1423071622849 153.87117736041546 1368.9451664686203 1012.1488586515188 1577.4394703693688 9199.0992134921253 5218.4707312695682 1064.3034947998822
leaf_count=37745 40543 2041 547947 37293 226347 117957 5979 714 7130 5071 3287 10803 6674 4134
internal_value=0.0198832 0.0328575 0.00954985 0.0102944 0.0112012 0.00552964 0.0177611 0.0372572 0.00886031 0.0111211 -0.0313783 0.0176567 -0.00122321 0.0136644
internal_weight=194362 86166.5 108196 107019 105238 65752.3 28849.8 9040.01 19809.8 19440.4 2589.59 16850.8 7651.72 6282.77
internal_count=1053665 86376 967289 929544 892251 665904 45833 6693 39140 37099 8358 28741 17938 10808
is_linear=0
shrinkage=0.05


Tree=48
num_leaves=15
num_cat=0
split_feature=53 38 0 37 37 89 37 26 6 16 57 13 0 9
split_gain=9970.69 3927.06 2191.09 2179.69 2140.37 2078.68 2038.67 1953.94 2154.58 2076.13 1853.55 1788.46 2618.1 2145.18
threshold=1.0000000180025095e-35 16.500000000000004 91.500000000000014 9.5000000000000018 5.5000000000000009 3.4735221862792973 8.5000000000000018 50.444999694824226 402619008.00000006 -898009.49999999988 2.0903490781784062 8072127.0000000009 35.000000000000007 65768712.000000007
decision_type=2 2 2 2 2 2 2 2 2 2 2 2 2 2
left_child=2 5 3 10 -4 -2 -6 8 -3 -9 -1 12 13 -12
right_child=1 7 4 -5 6 -7 -8 9 -10 -11 11 -13 -14 -15
leaf_value=-0.046353556698132466 0.041703880503037909 0.0096373083329914719 0.032192061531009557 0.027174025561232076 -0.018066834385561181 -0.0058752220541438069 0.019519372653094696 -0.10886196035526337 -0.074835455045333718 0.03501526588524486 -0.034390903593906681 0.032102125331795808 0.0039926473317941757 0.12450351938881661
leaf_weight=1994.1699926480651 53612.274262532592 15488.505200723186 16894.793409645557 9131.0773135572672 5475.6797583326697 2396.1317504793406 10566.806276142597 255.0017958804965 792.45539417117834 11937.106403980404 6490.5651497216895 4748.6648785751313 52074.405818668194 218.51349227968603
leaf_count=64191 36347 28465 14808 11031 14040 4471 12960 1414 3821 12470 175834 35926 635975 1912
internal_value=0.0191242 0.0319805 0.00902904 0.00428879 0.0197716 0.0396674 0.00668687 0.0168573 0.00551829 0.0319932 0.00109861 0.00258955 0.000204104 -0.0291905
internal_weight=192076 84481.5 107595 74657.4 32937.3 56008.4 16042.5 28473.1 16281 12192.1 65526.3 63532.1 58783.5 6709.08
internal_count=1053665 86988 966677 924869 41808 40818 27000 46170 32286 13884 913838 849647 813721 177746
is_linear=0
shrinkage=0.05


Tree=49
num_leaves=15
num_cat=1
split_feature=55 107 124 18 38 20 1 38 1 6 28 8 6 23
split_gain=9454.4 3835.23 3072.26 5857.12 2162.21 2136.58 2072.48 3589.98 2618.92 2069.14 2058.69 2125.92 1970.17 1868.34
threshold=1.0000000180025095e-35 0.36999998986721044 5.1789102554321298 11175.000000000002 16.500000000000004 20736.500000000004 46320.000000000007 19.500000000000004 10111.500000000002 48186.425781250007 5.8750000000000009 0 980675264.00000012 141714.00000000003
decision_type=2 2 2 2 2 2 2 2 2 2 2 1 2 2
left_child=9 10 4 -4 -3 6 8 -8 -6 -1 11 -2 -11 -7
right_child=1 2 3 -5 5 13 7 -9 -10 12 -12 -13 -14 -15
leaf_value=-0.0051369257798963633 -0.06724802719299601 0.043747606906762583 -0.094285533126751864 0.02468374514976869 0.053125771394018431 0.047215937160812599 0.043788326645163217 -0.129886888266004 -0.02606859660041988 0.013207452220363845 0.031024359727126041 0.0039851904106887673 -0.042335870298086824 -0.034447024093868316
leaf_weight=21662.185621690005 1792.8117490634322 46577.866582542658 1271.6598369255662 5528.2532764486969 1319.8013771921396 9524.4486982002854 4880.4643553048372 315.77800539880991 4976.0530210360885 84228.068907191046 2548.0427482947707 2514.1263633556664 1626.0313588883728 754.56515212357044
leaf_count=358457 9603 30211 7541 6883 824 5451 3030 1530 10927 578227 3572 4910 30605 1894
internal_value=0.0184239 0.0312114 0.0344772 0.00241721 0.037666 0.0246511 0.00983022 0.0332014 -0.00945332 0.00867012 -0.00458353 -0.0256636 0.0121544 0.0412136
internal_weight=189520 82003.9 75148.9 6799.91 68349 21771.1 11492.1 5196.24 6295.85 107516 6854.98 4306.94 85854.1 10279
internal_count=1053665 86376 68291 14424 53867 23656 16311 4560 11751 967289 18085 14513 608832 7345
cat_boundaries=0 1
cat_threshold=4
is_linear=0
shrinkage=0.05


Tree=50
num_leaves=15
num_cat=0
split_feature=55 182 92 16 71 30 12 182 37 37 32 60 6 36
split_gain=9048.54 3662.32 2683.01 2392.29 5196.61 3131.1 2071.82 2053.9 1969.29 3906.28 2664.44 2217.51 2216.8 2030.39
threshold=1.0000000180025095e-35 3.7635266780853276 3.2959804534912114 289908.50000000006 0.028937989845871929 -1.0000000180025095e-35 54294.000000000007 3.7635266780853276 5.5000000000000009 7.5000000000000009 8.7249999046325701 0.049864651635289199 54943770.000000007 0.40500000119209295
decision_type=2 2 2 2 2 2 2 2 2 2 2 2 2 2
left_child=7 6 3 4 5 -3 -2 -1 10 -10 12 13 -9 -11
right_child=1 2 -4 -5 -6 -7 -8 8 9 11 -12 -13 -14 -15
leaf_value=0.018208241636723566 -0.067197645328699387 0.022764669966630832 -0.049780712892823133 0.043869320972424103 0.030749124353897147 -0.10667756101255146 0.011233201086179626 0.0036906766071615805 -0.039797717062282606 0.013916178888516623 -0.02585937591290309 0.013654350946267069 0.030224542188180572 -0.029412564880249754
leaf_weight=34903.803567508236 907.44805219396949 783.23592969030142 918.04568027332425 40334.621091514826 24303.092444218695 1153.6698222085834 11497.042636852711 15956.973837247118 6509.7792450292036 4185.8553167954087 4142.8923522988334 18567.856660732999 15544.13954371959 7626.6896236967295
leaf_count=211441 5648 856 4808 26433 22023 5746 20862 198939 212868 17206 125113 62141 96508 43073
internal_value=0.0177192 0.0304621 0.0350514 0.0362227 0.0244657 -0.0543238 0.00548662 0.0082422 0.00344562 -0.00465161 0.0118272 0.00287876 0.0167859 -0.0140546
internal_weight=187335 79897.2 67492.7 66574.6 26240 1936.91 12404.5 107438 72534.2 36890.2 35644 30380.4 31501.1 11812.5
internal_count=1053665 86376 59866 55058 28625 6602 26510 967289 755848 335288 420560 122420 295447 60279
is_linear=0
shrinkage=0.05


Tree=51
num_leaves=15
num_cat=0
split_feature=55 38 15 10 12 33 13 38 57 34 3 27 69 57
split_gain=8597.21 3617.73 2028.17 2075.75 1863.65 2049.67 1828.46 1811.33 1764.64 2661.92 2121.1 1793.71 1741 1674.81
threshold=1.0000000180025095e-35 16.500000000000004 349999.50000000006 4531882.0000000009 17374233.000000004 3.3549998998641972 8072127.0000000009 12.500000000000002 8.5516772270202654 3.054999947547913 220078880.00000003 41.504999160766609 -0.026638542301952835 1.0718685984611513
decision_type=2 2 2 2 2 2 2 2 2 2 2 2 2 2
left_child=2 4 7 -4 12 -6 -5 -1 10 11 -3 -10 -2 -9
right_child=1 8 3 6 5 -7 -8 13 9 -11 -12 -13 -14 -15
leaf_value=-0.019381437629962254 -0.06003767545680027 0.029588193467675356 0.02423884665845473 -0.012707876177785047 -0.012038004223383695 -0.35956944557666143 0.028039540785047664 -0.058275842881035933 0.011069122800631145 -0.077771188829931531 -0.096463291870995505 -0.11433953934947888 0.039046776461688332 0.0067145008438529623
leaf_weight=8309.2450723145157 446.03786386549473 14368.106324058026 28032.482594492845 8849.67939993646 148.95979455858469 58.544051840901375 3995.1754206344485 1007.7636333499104 11150.644448935986 984.72313002310693 340.54521511867642 291.55870325118303 50162.195758759975 56865.756130655296
leaf_count=195078 1574 16799 157454 101757 264 508 28039 35459 20970 5097 1334 1633 38197 449502
internal_value=0.0170532 0.0296847 0.0078554 0.0166121 0.0375567 -0.111583 -2.8991e-05 0.00244593 0.0149406 0.0010643 0.02666 0.0078595 0.0381713 0.00558096
internal_weight=185011 77951.3 107060 40877.3 50815.7 207.504 12844.9 66182.8 27135.6 12426.9 14708.7 11442.2 50608.2 57873.5
internal_count=1053665 86376 967289 287250 40543 772 129796 680039 45833 27700 18133 22603 39771 484961
is_linear=0
shrinkage=0.05


Tree=52
num_leaves=15
num_cat=1
split_feature=55 8 163 16 1 38 0 11 104 37 37 37 57 57
split_gain=8159.28 3626.83 4759.32 5496.33 4142.34 2412.45 1951.27 1996.62 2353.22 2679.31 2281.21 1938.08 1646.47 1583.09
threshold=1.0000000180025095e-35 0 0.02238930901512504 829744.00000000012 12155.000000000002 15.500000000000002 91.500000000000014 2100722.5000000005 0.53350001573562633 4.5000000000000009 5.5000000000000009 9.5000000000000018 1.9644079804420473 10.676249027252199
decision_type=2 1 2 2 2 2 2 2 2 2 2 2 2 2
left_child=6 -2 3 5 -5 -3 11 8 9 -8 -11 12 -1 -14
right_child=1 2 -4 4 -6 -7 7 -9 -10 10 -12 -13 13 -15
leaf_value=-0.048662741879359671 0.038309655279071701 -0.15644503661504425 0.032369640259030059 -0.099555770703512167 0.019905261954371298 -0.043606552593814844 -0.13738888363464372 0.027745998350100772 -0.062535382332589137 0.036709522883659855 -0.0086764925900024124 0.02483827041942839 0.0091006384433408565 -0.0066239623721535863
leaf_weight=1688.5012599867769 43630.50483994931 584.49627782404423 19014.507231101394 783.63535162992775 9641.4039908833802 2502.545009246096 301.39112953841686 19596.776140525937 1260.4784937798977 5401.3302508667111 5675.6305582374334 8965.8733215481043 32446.741643475369 31585.243897349574
leaf_count=60223 35546 2900 17018 4015 14383 12514 1333 20002 4489 4285 12059 11043 361516 492339
internal_value=0.0163805 0.0288877 0.016247 -0.00643816 0.0109121 -0.0650312 0.00747142 0.0177528 0.00225331 0.00943978 0.0134514 0.00303298 5.71093e-05 0.00134336
internal_weight=183079 76157.1 32526.6 13512.1 10425 3087.04 106922 32235.6 12638.8 11378.4 11077 74686.4 65720.5 64032
internal_count=1053665 86376 50830 33812 18398 15414 967289 42168 22166 17677 16344 925121 914078 853855
cat_boundaries=0 1
cat_threshold=2
is_linear=0
shrinkage=0.05


Tree=53
num_leaves=15
num_cat=0
split_feature=53 38 181 19 37 37 22 1 89 121 37 23 1 31
split_gain=7705.62 3688.44 1933.17 2122.56 2204.24 4840.44 3219.97 2161.43 1792.98 1772.58 2102.55 1727.4 1949.03 1903.33
threshold=1.0000000180025095e-35 16.500000000000004 27.274749755859379 116267.00000000001 1.0000000180025095e-35 7.5000000000000009 20090.500000000004 29191.500000000004 3.4735221862792973 9.9612293243408221 4.5000000000000009 131594.50000000003 41227.500000000007 -26.154999732971188
decision_type=2 2 2 2 2 2 2 2 2 2 2 2 2 2
left_child=2 8 3 -1 -5 6 -6 -7 -2 11 -11 13 -13 -3
right_child=1 9 -4 4 5 7 -8 -9 -10 10 -12 12 -14 -15
leaf_value=0.0025423800404209933 0.038404360326083922 -0.10513896148364513 -0.011501993750566647 0.031712545147710221 0.066512458127463134 0.0014806201828488094 -0.037056283308493108 0.035944715283412233 -0.0065025012989216027 0.05140487138844007 -0.002373723835333361 -0.087829094358578316 0.0020265348041293469 0.01314396465022185
leaf_weight=50236.756179973483 46105.747316539288 346.61641838215292 12353.225929852575 16955.699623940513 844.61663057096303 7614.6987709421664 6655.1254869801924 11311.765521118417 2333.0609900951385 5215.1143105626106 2786.5943600982428 1007.3876918461174 1500.2322155833244 15591.94896880351
leaf_count=483742 36347 2045 160144 40471 6037 23630 230065 22588 4471 2417 4288 5205 3287 28928
internal_value=0.015763 0.0280403 0.00708642 0.00953984 0.0176416 0.00861055 -0.0253785 0.0220822 0.0362403 0.0130194 0.0326723 0.00449021 -0.0340719 0.0105621
internal_weight=180859 74886.7 105972 93618.7 43381.9 26426.2 7499.74 18926.5 48438.8 26447.9 8001.71 18446.2 2507.62 15938.6
internal_count=1053665 86988 966677 806533 322791 282320 236102 46218 40818 46170 6705 39465 8492 30973
is_linear=0
shrinkage=0.05


Tree=54
num_leaves=15
num_cat=1
split_feature=55 38 8 116 18 15 9 32 89 37 37 32 6 38
split_gain=7282.24 3596.29 4015.2 4429.1 3115.01 2991.53 2608.15 1950.78 1798.52 1900.2 4139.77 2874.14 1898.39 1882.88
threshold=1.0000000180025095e-35 14.500000000000002 0 0.87500000000000011 400419.00000000006 530040.00000000012 1447877.5000000002 3.8449999094009404 3.4735221862792973 5.5000000000000009 7.5000000000000009 8.7249999046325701 33800628.000000007 14.500000000000002
decision_type=2 2 1 2 2 2 2 2 2 2 2 2 2 2
left_child=8 -2 6 -4 -5 7 -3 -6 9 11 -11 12 13 -1
right_child=1 2 3 4 5 -7 -8 -9 -10 10 -12 -13 -14 -15
leaf_value=-0.016865537080686329 0.040449986160520139 0.00033988201382477158 0.023234505565391136 -0.076209418852606098 0.021882446567126606 -0.094402081878708466 0.039527433845711085 -0.056752713648984432 0.019257544837115975 -0.039058487723209807 0.0029466855864973053 -0.024920940599886438 0.026203590537421131 0.017847921438991412
leaf_weight=6789.4382283659652 30443.056742444634 5448.6493345052004 9323.7753992006183 2317.4267000909895 4095.6563345398754 853.17859742604196 19276.425985395908 975.60015325993299 22755.878503403626 7032.6532380818389 35310.828917004168 4880.8019797457382 20051.374553154223 9194.7315819431096
leaf_count=134671 23447 9194 9796 14189 6555 3888 15290 4017 132643 235821 136949 145299 118950 62956
internal_value=0.0151603 0.0273446 0.0179088 -0.000366916 -0.0270722 -0.00783336 0.0308941 0.00673668 0.0068004 0.00339493 -0.00402936 0.0110793 0.0159573 0.00309977
internal_weight=178749 72733.8 42290.7 17565.6 8241.86 5924.44 24725.1 5071.26 106016 83259.8 42343.5 40916.3 36035.5 15984.2
internal_count=1053665 86376 62929 38445 28649 14460 24484 10572 967289 834646 372770 461876 316577 197627
cat_boundaries=0 1
cat_threshold=2
is_linear=0
shrinkage=0.05


Tree=55
num_leaves=15
num_cat=1
split_feature=55 107 9 163 10 38 28 0 37 121 13 37 8 6
split_gain=6888.84 3469.09 2747.55 5356.66 2311.19 1815.92 1801.83 1772.24 1822.09 1823.22 1865.35 1735.18 1683.21 1668.88
threshold=1.0000000180025095e-35 0.36999998986721044 1447877.5000000002 0.02238930901512504 1441753.5000000002 14.500000000000002 5.8750000000000009 91.500000000000014 5.5000000000000009 8.9190998077392596 210000.50000000003 9.5000000000000018 0 364059104.00000006
decision_type=2 2 2 2 2 2 2 2 2 2 2 2 1 2
left_child=7 6 3 4 -3 -5 12 11 -9 10 -10 -1 -2 -7
right_child=1 2 -4 5 -6 13 -8 8 9 -11 -12 -13 -14 -15
leaf_value=-0.00055546697584390136 -0.06616843075072916 -0.076931133854699962 0.037992506294984851 0.041152301339802112 0.012295577333604675 0.015233911630161471 0.026450979317620579 0.028294204453164686 -0.010378840248594583 -0.045843390289122495 0.02644167935704568 0.023050568723115682 -0.0011478865901493683 -0.092911958237109182
leaf_weight=65266.210748371668 1713.7265119273216 1986.2980123907328 40784.963161524385 9996.6700572744012 1141.4881279356778 10306.611309036613 2358.1221156083047 15946.721681877971 6184.3544834107161 1625.9209046065807 7744.4533010050654 8837.371256634593 2376.4834645502269 368.42901547253132
leaf_count=914078 9603 10255 34909 7573 1708 12592 3572 15156 13410 5397 8205 11043 4910 1254
internal_value=0.0145822 0.026622 0.0301136 0.0166085 -0.0443583 0.0258373 -0.00834021 0.00648331 0.0164178 0.00423782 0.0100903 0.00225932 -0.0284121 0.0114884
internal_weight=176638 71032.8 64584.5 23799.5 3127.79 20671.7 6448.33 105605 31501.5 15554.7 13928.8 74103.6 4090.21 10675
internal_count=1053665 86376 68291 33382 11963 21419 18085 967289 42168 27012 21615 925121 14513 13846
cat_boundaries=0 1
cat_threshold=4
is_linear=0
shrinkage=0.05


Tree=56
num_leaves=15
num_cat=1
split_feature=55 38 8 116 18 15 13 185 32 15 37 36 37 18
split_gain=6500.58 3412.42 3615.19 4026.39 2743.68 2635.57 2418 2002.21 1782.22 1744.97 1870.46 1818.97 1706.77 2081.58
threshold=1.0000000180025095e-35 14.500000000000002 0 0.87500000000000011 400419.00000000006 530040.00000000012 1.0000000180025095e-35 5.4277658462524423 3.8449999094009404 349999.50000000006 1.0000000180025095e-35 0.085000000894069686 7.5000000000000009 932933.50000000012
decision_type=2 2 1 2 2 2 2 2 2 2 2 2 2 2
left_child=9 -2 6 -4 -5 8 7 -3 -6 -1 11 -11 13 -12
right_child=1 2 3 4 5 -7 -8 -9 -10 10 12 -13 -14 -15
leaf_value=0.0011327131662127951 0.039144169668247658 0.0061501432043019125 0.021977995264191863 -0.073577161864425852 0.02028711535929649 -0.089154357076659516 0.036630494017317904 -0.10960485311816144 -0.05515447348964822 -0.068175810578582866 0.013896523706496007 0.032690745181094154 0.01387411457592597 -0.042714780716656096
leaf_weight=65106.505256210454 28602.924647025764 3709.3008540719748 9082.1531160101295 2239.9365586563945 3999.2621681112796 861.60332477092743 19538.395607233047 414.3432127982378 972.19522877596319 461.25185905024409 3109.1670629223809 13328.828064601868 19784.882124816999 3394.8288584677503
leaf_count=680039 23447 5377 9796 14189 6555 3888 16959 2148 4017 2881 64435 26236 58261 135437
internal_value=0.0140247 0.0259003 0.0166177 -0.000855634 -0.0265493 -0.00847217 0.0292876 -0.00549253 0.00551593 0.0061864 0.0143944 0.0293086 0.00656831 -0.0156467
internal_weight=174606 69420.1 40817.2 17155.2 8073 5833.06 23662 4123.64 4971.46 105185 40079 13790.1 26288.9 6504
internal_count=1053665 86376 62929 38445 28649 14460 24484 7525 10572 967289 287250 29117 258133 199872
cat_boundaries=0 1
cat_threshold=2
is_linear=0
shrinkage=0.05


Tree=57
num_leaves=15
num_cat=1
split_feature=55 38 8 116 18 15 9 101 13 33 7 6 0 37
split_gain=6148.52 3269.58 3361.25 3671.46 2538.95 2327.02 2325.69 1718.45 1725.41 2376.63 2092.64 2019.19 1885.36 1740.51
threshold=1.0000000180025095e-35 14.500000000000002 0 0.87500000000000011 400419.00000000006 530040.00000000012 1447877.5000000002 32.908287048339851 351073.50000000006 4.5350000858306894 5067868.7500000009 528533008.00000006 91.500000000000014 5.5000000000000009
decision_type=2 2 1 2 2 2 2 2 2 2 2 2 2 2
left_child=7 -2 6 -4 -5 -6 -3 8 10 -10 -1 13 -11 -12
right_child=1 2 3 4 5 -7 -8 -9 9 12 11 -13 -14 -15
leaf_value=-0.0080183551088709986 0.038414922804250309 -0.00043595963154475218 0.021190860469533376 -0.07108203924936117 0.0052794487065232348 -0.082955358229281628 0.037164410947574618 -0.011084753278089606 0.027645556372251454 -0.0004062523901080386 0.050037944846917905 -0.050534730201334935 0.026592189492582671 0.0076119047521508131
leaf_weight=25469.432843758725 27711.433794021606 5345.460365138948 8951.9511247053742 2203.605632873252 4938.8056578505784 879.2884140368551 17790.78305298835 13052.959458763711 19989.14969078172 26908.583646858577 4052.8121995553374 976.55763077177107 8509.2772056981921 5998.129546280019
leaf_count=382803 23447 9194 9796 14189 10572 3888 15290 160897 75547 275210 15348 16185 8671 32628
internal_value=0.0134722 0.025206 0.0160781 -0.000817826 -0.0253846 -0.00805885 0.0284753 0.00588942 0.00830087 0.0138611 -0.000138976 0.018054 0.00607938 0.0247275
internal_weight=172778 67821.3 40109.9 16973.7 8021.7 5818.09 23136.2 104957 91903.9 55407 36496.9 11027.5 35417.9 10050.9
internal_count=1053665 86376 62929 38445 28649 14460 24484 967289 806392 359428 446964 64161 283881 47976
cat_boundaries=0 1
cat_threshold=2
is_linear=0
shrinkage=0.05


Tree=58
num_leaves=15
num_cat=0
split_feature=55 107 9 104 37 1 52 47 21 16 50 15 7 23
split_gain=5790.79 3289.5 2578.77 4679.38 4438.63 2711.08 2607.74 1664.31 1951.63 1783.04 2267.48 1712.83 2080.59 1661.37
threshold=1.0000000180025095e-35 0.36999998986721044 1447877.5000000002 0.83200001716613781 4.5000000000000009 46712.500000000007 11.500000000000002 1.0000000180025095e-35 114135.50000000001 2391463.5000000005 71335.500000000015 310002.50000000006 5067868.7500000009 172947.00000000003
decision_type=2 2 2 2 2 2 2 2 2 2 2 2 2 2
left_child=7 -2 3 -3 -5 -6 -4 8 9 11 -11 12 13 -1
right_child=1 2 6 4 5 -7 -8 -9 -10 10 -12 -13 -14 -15
leaf_value=-0.011560056111814465 -0.010089676930274426 0.027296410888027808 0.036805183509459556 0.02050283619384425 -0.10752101651010766 -0.0018266443700742355 -0.20267979967485517 -0.043677236495384318 0.015453797852893879 -0.029378798965173078 0.36039190224462464 0.020115449042508317 0.018504571676900932 0.015792676196093463
leaf_weight=29615.043873631861 6225.2466674204916 17184.591893620789 37552.865548748523 2563.1650525908917 1773.4206361267716 923.46092773787677 112.97510108724236 1683.5782155143097 37831.877452303655 5265.2433200227097 36.566691460087895 12478.191481638234 10854.765533402562 6829.8599818143994
leaf_count=395963 18085 17563 34250 3457 9766 2596 659 37344 226744 95132 118 78968 60124 72896
internal_value=0.0129454 0.0245016 0.028085 0.0146644 -0.0265923 -0.071362 0.0360802 0.00561567 0.00642298 0.00117228 -0.0266137 0.00363791 -0.000708326 -0.00643243
internal_weight=170931 66335.7 60110.5 22444.6 5260.05 2696.88 37665.8 104595 102912 65079.7 5301.81 59777.9 47299.7 36444.9
internal_count=1053665 86376 68291 33382 15819 12362 34909 967289 929945 703201 95250 607951 528983 468859
is_linear=0
shrinkage=0.05


Tree=59
num_leaves=15
num_cat=1
split_feature=55 38 8 225 9 31 6 9 181 19 57 9 0 32
split_gain=5453.03 3165.46 3100.6 3357.4 2176.69 1780.25 2146.67 1815.91 1657.47 1782.78 2032.05 2074.03 2028.52 2757.49
threshold=1.0000000180025095e-35 14.500000000000002 0 -12.70690870285034 1447877.5000000002 0.51499998569488536 156678000.00000003 4452324.5000000009 26.547506332397464 116267.00000000001 10.588637828826906 6830982.0000000009 91.500000000000014 1.6250000000000002
decision_type=2 2 1 2 2 2 2 2 2 2 2 2 2 2
left_child=8 -2 4 5 -3 -4 -7 -8 9 -1 -11 12 13 -12
right_child=1 2 3 -5 -6 6 7 -9 -10 10 11 -13 -14 -15
leaf_value=0.001506728461367607 0.037215904106227028 -0.0011329874100481211 -0.085550337381653518 0.012508252238448351 0.03568709694968597 -0.067254440920967509 0.038969382109131194 -0.078261026541077666 -0.0099544709761193 0.025302114137037202 0.033017846479678169 0.02623090899228708 0.026885668190681517 -0.03744637842998793
leaf_weight=48835.396351730451 26211.542346738279 5260.6422694772482 1363.3609809949994 11870.511888302863 16899.592342995107 1319.8623782247305 1598.6708917124197 415.15706788375974 15136.217652724124 23325.89901916543 1759.2546975500882 6022.4138026721776 2763.4883368760347 6563.5335602397099
leaf_count=475033 23447 9194 10234 17656 15290 6303 2007 2245 186503 127936 5810 57835 2812 111360
internal_value=0.0124198 0.0237965 0.014712 -0.00164735 0.0269444 -0.0374275 -0.0177122 0.0147503 0.00534299 0.0079374 0.0157027 0.00261118 -0.0102165 -0.0225436
internal_weight=169346 64939.3 38727.8 16567.6 22160.2 4697.05 3333.69 2013.83 104406 89270 40434.6 17108.7 11086.3 8322.79
internal_count=1053665 86376 62929 38445 24484 20789 10555 4252 967289 780786 305753 177817 119982 117170
cat_boundaries=0 1
cat_threshold=2
is_linear=0
shrinkage=0.05


Tree=60
num_leaves=15
num_cat=0
split_feature=37 89 37 7 58 38 22 34 25 25 9 17 36 37
split_gain=5151.51 5236.08 3654.32 3255.41 3131.69 3075.57 3160.41 2462.31 1806.23 2050.11 1672.25 1626.98 1592.07 1551.23
threshold=1.0000000180025095e-35 3.030795812606812 4.5000000000000009 18397.696289062504 0.18701888993382457 16.500000000000004 180295.00000000003 6.3949999809265146 1.110000014305115 -70.924999237060533 65768712.000000007 870066.50000000012 0.11499999836087228 5.5000000000000009
decision_type=2 2 2 2 2 2 2 2 2 2 2 2 2 2
left_child=4 3 10 8 5 12 7 -7 9 11 -3 -2 -1 -4
right_child=1 2 13 -5 -6 6 -8 -9 -10 -11 -12 -13 -14 -15
leaf_value=-0.045229217974616161 0.076783119697138968 -0.051641120235799476 0.02551195120454551 -0.09010699960471874 -0.040806699630094118 0.021171186516054184 -0.036567170844258867 -0.051904222254702481 0.00093098434516385045 -0.032541235011831364 0.41000608812502493 -0.0083982367380463132 0.032590118875033623 0.0089509504337792287
leaf_weight=665.60376117192209 786.72470097988844 2315.4434615783393 24789.416019137949 1234.4065100410953 1916.4136981116608 18347.915208917111 3262.1405020570382 1228.7478411775082 22834.580396441743 10344.59295620909 18.772151994518936 1940.7554461387917 45075.845347896218 32947.477858813945
leaf_count=7973 2493 98194 132638 14247 51432 30882 17723 8203 247377 119904 328 21724 73831 226716
internal_value=0.0119206 0.00445736 0.0135821 -0.0102994 0.0222111 0.0239734 0.00898499 0.0165796 -0.00755193 -0.0223728 -0.0477331 0.0161726 0.0314557 0.0160626
internal_weight=167709 97212.2 60071.1 37141.1 70496.7 68580.3 22838.8 19576.7 35906.7 13072.1 2334.22 2727.48 45741.4 57736.9
internal_count=1053665 863621 457876 405745 190044 138612 56808 39085 391498 144121 98522 24217 81804 359354
is_linear=0
shrinkage=0.05


Tree=61
num_leaves=15
num_cat=0
split_feature=53 182 16 104 37 1 52 99 24 57 47 21 37 37
split_gain=4941.67 3262.97 2326.43 4641.62 2957.95 1759.76 1741.04 1679.85 1666.75 1548.52 1528.18 1595.06 1652.96 3317.75
threshold=1.0000000180025095e-35 3.7635266780853276 289908.50000000006 0.83200001716613781 4.5000000000000009 46712.500000000007 11.500000000000002 4.1468379497528085 -12.215000152587889 1.0718685984611513 1.0000000180025095e-35 254401.00000000003 8.5000000000000018 5.5000000000000009
decision_type=2 2 2 2 2 2 2 2 2 2 2 2 2 2
left_child=9 -2 3 -3 -5 8 7 -4 -6 -1 11 12 13 -11
right_child=1 2 6 4 5 -7 -8 -9 -10 10 -12 -13 -14 -15
leaf_value=-0.057124855877867767 -0.0026875178315863384 0.026645429444384212 -0.053042249784488418 0.014161758475854436 0.021066381456410044 -0.0068462098810434628 -0.16014507638752576 0.038713484976313252 -0.12048585511903741 0.0061905880738087182 -0.042444925466736026 0.019326359785502498 0.013531940417511518 -0.020377945941791532
leaf_weight=1002.0774635113776 10701.684933771379 17297.383800234646 505.95280952937901 1963.4413423584774 244.71237044781446 774.45984930545092 111.12324850261211 30048.206248395145 1352.189216338098 39396.856709135696 1647.694033192005 18544.625679435674 25922.432360082865 16742.697627738118
leaf_count=37745 26712 18219 2186 3191 353 2040 546 25980 7761 436299 37281 114110 42148 299094
internal_value=0.0114269 0.022463 0.0276104 0.0150496 -0.031206 -0.0687808 0.0364688 0.0371908 -0.0987632 0.00469292 0.00529976 0.00608262 0.00308895 -0.00173237
internal_weight=166256 62999.2 52297.5 21632.2 4334.8 2371.36 30665.3 30554.2 1596.9 103256 102254 100607 82062 56139.6
internal_count=1053665 86988 60276 31564 13345 10154 28712 28166 8114 966677 928932 891651 777541 735393
is_linear=0
shrinkage=0.05


Tree=62
num_leaves=15
num_cat=0
split_feature=55 182 10 104 1 52 18 99 101 37 0 3 28 10
split_gain=4634.71 3014.15 2233.05 4967.83 3315.13 1567.22 1560.84 1546.97 1509.53 1450.61 1705.63 1820.32 1536.39 1517.17
threshold=1.0000000180025095e-35 3.7635266780853276 40682.500000000007 0.83200001716613781 46331.500000000007 11.500000000000002 521285.50000000006 4.1468379497528085 32.908287048339851 9.5000000000000018 35.000000000000007 95017500.000000015 54.594999313354499 10290769.500000002
decision_type=2 2 2 2 2 2 2 2 2 2 2 2 2 2
left_child=8 -2 3 -3 6 7 -5 -4 9 10 13 12 -12 -1
right_child=1 2 5 4 -6 -7 -8 -9 -10 -11 11 -13 -14 -15
leaf_value=-0.037146069824004618 -0.0022989452163782531 0.024176711670506071 -0.044381619400568229 -0.12360758700761594 0.0082180825112442794 -0.13787198914395363 0.0098559567546109318 0.037126926629208988 -0.011503418437662821 0.023478968628327743 0.010940843072916326 -0.013260391001906124 -0.06100423575762285 0.0061808149615781658
leaf_weight=4408.9435700303875 10661.309535937384 15639.476756714284 591.75356450118124 1211.3017034009099 1378.6934798341244 129.62898495513946 266.37741643935442 31424.440026644617 12884.825065910816 11379.209786981344 60499.166927185375 9691.3959243902937 750.09736976167187 3725.4450210803188
leaf_count=124682 26510 17298 2690 7432 2815 586 405 28640 160897 13118 504719 97389 8988 57496
internal_value=0.0109681 0.0218601 0.0269471 0.0131 -0.0475178 0.0349121 -0.0995242 0.0356175 0.00450612 0.00678726 0.00438436 0.00687153 0.010058 -0.0172984
internal_weight=164642 61303 50641.7 18495.8 2856.37 32145.8 1477.68 32016.2 103339 90454.3 79075 70940.7 61249.3 8134.39
internal_count=1053665 86376 59866 27950 10652 31916 7837 31330 967289 806392 793274 611096 513707 182178
is_linear=0
shrinkage=0.05


Tree=63
num_leaves=15
num_cat=1
split_feature=37 89 37 38 36 7 22 34 121 8 21 34 25 25
split_gain=4384.41 4660.88 3318.04 2941.24 2853.88 2838.5 2756.04 2171.65 1795.04 2168.64 2706.89 1625.05 1525.78 1801.09
threshold=1.0000000180025095e-35 3.030795812606812 4.5000000000000009 16.500000000000004 0.11499999836087228 18397.696289062504 180295.00000000003 6.3949999809265146 8.9190998077392596 0 527823.50000000012 3.0249999761581425 1.110000014305115 -70.924999237060533
decision_type=2 2 2 2 2 2 2 2 2 1 2 2 2 2
left_child=3 5 -3 4 -1 12 7 8 9 10 -5 -11 13 -2
right_child=1 2 -4 6 -6 -7 -8 -9 -10 11 -12 -13 -14 -15
leaf_value=-0.038014310453038498 0.014692022799437427 -0.047389698625691944 0.014704034181460641 0.025707251712978291 0.030128996936024034 -0.085965968895286418 -0.036788781287889365 -0.051198075420238021 0.040679831691173257 -0.0091709064940763124 -0.19455153138479397 -0.096195747059360681 4.8676338985910027e-05 -0.031099864112617344
leaf_weight=1591.6843907665461 2715.7658018711954 2235.1150125814602 56609.440174557734 8105.8490379396826 43203.028502817266 1199.9678076915443 3274.6864134334028 1241.4817463969812 5603.4066423419863 3849.6273898659274 140.89608706533909 622.72944690473378 22554.786934087053 10225.635663321242
leaf_count=40240 24217 98522 359354 13151 76089 14247 18328 8617 6224 22679 834 3882 247377 119904
internal_value=0.0105191 0.00362257 0.0123439 0.0202604 0.0277058 -0.0103612 0.00565463 0.012763 0.0171021 0.00670866 0.0219149 -0.0213182 -0.00780158 -0.0214861
internal_weight=163174 95540.7 58844.6 67633.4 44794.7 36696.2 22838.7 19564 18322.5 12719.1 8246.75 4472.36 35496.2 12941.4
internal_count=1053665 863621 457876 190044 116329 405745 73715 55387 46770 40546 13985 26561 391498 144121
cat_boundaries=0 1
cat_threshold=2
is_linear=0
shrinkage=0.05


Tree=64
num_leaves=15
num_cat=1
split_feature=55 38 8 225 9 6 9 12 155 181 0 11 37 37
split_gain=4258.68 2981.26 2636.31 3055.87 2043.53 1507.28 3022.43 1467.89 1492.99 1443.8 1538.21 1883.62 1556.24 2631.84
threshold=1.0000000180025095e-35 14.500000000000002 0 -14.407148838043211 1447877.5000000002 156678000.00000003 4452324.5000000009 18276212.000000004 -0.003341694013215601 26.547506332397464 91.500000000000014 2100722.5000000005 7.5000000000000009 5.5000000000000009
decision_type=2 2 1 2 2 2 2 2 2 2 2 2 2 2
left_child=9 7 4 5 -3 -4 -7 -2 -9 10 12 -12 13 -1
right_child=1 2 3 -5 -6 6 -8 8 -10 -11 11 -13 -14 -15
leaf_value=0.0011406982269375734 0.035650418135133803 -0.0042133507137338535 -0.078453052642935506 0.008637781274414778 0.032772802980260189 0.018440651877917963 -0.12602452037833675 0.0028049649451702078 -0.3222233764750001 -0.010462391387720395 0.0014672693339128652 0.028229442425761711 0.010487106415356913 -0.035991807089301983
leaf_weight=26661.329574533273 23227.535884708166 4950.2013188153505 1671.2785962969065 11984.853962222114 15175.516340792179 1586.8753180457279 467.88545677624643 91.526717662811279 56.220493406057358 14917.16501003271 11802.267175447196 14855.847209446132 28628.940715971403 5810.5603760844097
leaf_count=419828 22860 9194 10560 20788 15290 4063 3034 141 446 186503 20700 14411 110927 214920
internal_value=0.010076 0.0207551 0.0116914 -0.0036548 0.0236733 -0.0431992 -0.0144762 0.0346475 -0.121873 0.00391694 0.00636178 0.0163835 0.00198833 -0.0055032
internal_weight=161888 59211.9 35836.6 15710.9 20125.7 3726.04 2054.76 23375.3 147.747 102676 87758.9 26658.1 61100.8 32471.9
internal_count=1053665 86376 62929 38445 24484 17657 7097 23447 587 967289 780786 35111 745675 634748
cat_boundaries=0 1
cat_threshold=2
is_linear=0
shrinkage=0.05


Tree=65
num_leaves=15
num_cat=1
split_feature=53 107 38 9 66 8 121 13 6 28 35 6 21 16
split_gain=3975.54 2912.64 2290.7 2490.94 1877.61 1877.19 2126.48 2310.23 1711.52 1532.58 1460.21 1421.31 1522.53 1499.58
threshold=1.0000000180025095e-35 0.36999998986721044 14.500000000000002 1447877.5000000002 0.0047044878592714676 0 8.9190998077392596 234104.00000000003 364059104.00000006 5.8750000000000009 47.055000305175788 980675264.00000012 114135.50000000001 2391463.5000000005
decision_type=2 2 2 2 2 1 2 2 2 2 2 2 2 2
left_child=11 9 -3 4 8 -5 7 -7 -4 -2 -9 12 13 -1
right_child=1 2 3 5 -6 6 -8 10 -10 -11 -12 -13 -14 -15
leaf_value=0.0020037041085605527 -0.032155162096448406 0.036569873708115451 0.0082157384872824923 0.038000138356212548 -0.060540698829803799 0.035736571629451604 0.040865981037036793 -0.064817228635113064 -0.09299238678375113 0.02080550359232082 0.01401590412943622 -0.043982799069125944 0.012500346837355264 -0.026290207256864158
leaf_weight=58223.1302576093 3804.1635899916291 21071.469862934202 10447.066941253841 12448.720112927258 1248.8185738958418 1426.773569341749 2634.1367644369602 2038.0094843823463 434.07893347088248 2129.0607505496591 823.33090886753052 1537.8383077834733 36948.702940081246 5091.5377689446323
leaf_count=608840 14659 20818 15954 10994 6800 1375 2062 7619 1779 3581 1347 30605 233009 94223
internal_value=0.00967244 0.020059 0.0238072 0.0152676 -0.00249653 0.0263934 0.0055107 -0.0162004 0.0041655 -0.0131422 -0.0421191 0.00370259 0.00443492 -0.00027118
internal_weight=160307 58505.6 52572.4 31500.9 12130 19371 6922.25 4288.11 10881.1 5933.22 2861.34 101801 100263 63314.7
internal_count=1053665 86988 68748 47930 24533 23397 12403 10341 17733 18240 8966 966677 936072 703063
cat_boundaries=0 1
cat_threshold=2
is_linear=0
shrinkage=0.05


Tree=66
num_leaves=15
num_cat=1
split_feature=37 89 37 38 7 15 22 34 121 8 35 24 6 36
split_gain=3850.37 4199.85 3013.81 2626.7 2617.31 2585.07 2450.41 1954.03 1656.87 1597.04 1445.66 1945.71 1872.94 1762.16
threshold=1.0000000180025095e-35 3.030795812606812 4.5000000000000009 16.500000000000004 18397.696289062504 49999.500000000007 180295.00000000003 6.3949999809265146 9.9612293243408221 0 43.614999771118171 -11.175000190734862 275122384.00000006 0.42499999701976782
decision_type=2 2 2 2 2 2 2 2 2 1 2 2 2 2
left_child=3 4 -3 5 10 -1 7 8 9 -5 11 13 -13 -2
right_child=1 2 -4 6 -6 -7 -8 -9 -10 -11 -12 12 -14 -15
leaf_value=-0.044857840808000989 0.030688015392347709 -0.047011494405857446 0.01340877021995455 0.019797784580830705 -0.084177093909088535 0.028008919222641065 -0.035681962359782451 -0.049753658711981931 0.041429724654913853 -0.016638039475996309 0.0086628005013337506 -0.016807970269419843 -0.063801883914212973 -0.017090078882740802
leaf_weight=1252.5488304803148 3855.2038088962436 2141.9509165338241 55755.103192433715 8303.0577111784369 1166.4922605142929 41525.501366052777 3217.8230835823342 1215.9664664594457 4630.6631567571312 4712.9559564171359 9433.7549808071926 15517.117283826694 2456.4753696094267 3861.1555021898821
leaf_count=40007 13786 98522 359354 14528 14247 76322 18328 8617 5199 27043 132562 173775 39943 31432
internal_value=0.00926888 0.00281243 0.0111718 0.018644 -0.0105227 0.0258732 0.00463543 0.0115174 0.0157448 0.00660067 -0.00807277 -0.0142204 -0.0232367 0.00677495
internal_weight=159046 94187.3 57897.1 64858.5 36290.2 42778.1 22080.5 18862.6 17646.7 13016 35123.7 25690 17973.6 7716.36
internal_count=1053665 863621 457876 190044 405745 116329 73715 55387 46770 41571 391498 258936 213718 45218
cat_boundaries=0 1
cat_threshold=2
is_linear=0
shrinkage=0.05


Tree=67
num_leaves=15
num_cat=1
split_feature=53 107 38 9 52 66 8 121 32 6 28 29 17 38
split_gain=3636.33 2732.59 2171.39 2282.55 1774.49 1673.29 1542.77 1746.45 1969.24 1445.01 1392.85 2048.75 2602.52 1932.11
threshold=1.0000000180025095e-35 0.36999998986721044 14.500000000000002 1447877.5000000002 10.500000000000002 0.0047044878592714676 0 8.9190998077392596 6.8849999904632577 364059104.00000006 2.7949999570846562 1.2450000047683718 220253.00000000003 16.500000000000004
decision_type=2 2 2 2 2 2 1 2 2 2 2 2 2 2
left_child=10 -2 -3 5 6 9 -5 8 -8 -4 -1 12 -12 -13
right_child=1 2 3 4 -6 -7 7 -9 -10 -11 11 13 -14 -15
leaf_value=-0.0022915659604846729 -0.013241615960442607 0.035544520626224971 0.0075186901106289771 0.037360734241625067 -0.18324038247713825 -0.057865034063320359 -0.0051245469140562038 0.040252610753792183 -0.17353376297089951 -0.083920987796067117 -0.04949690941098582 0.0091487334727408578 0.036764117618758849 -0.02106922573398037
leaf_weight=53940.160091022495 5876.8257768526673 20085.496507238597 10316.48246620968 11811.195432774723 100.36806932650506 1229.2828412875533 4012.9838936012238 2516.4333301372826 180.48256615363061 449.89575934968889 960.85710515547544 30409.632802159991 9581.0447023296729 6402.139877722133
leaf_count=561765 18240 20818 15954 10862 582 6800 8890 2048 1015 1779 8341 301853 29435 65283
internal_value=0.00887321 0.0190266 0.0227679 0.0143837 0.0253408 -0.00262206 0.0264836 0.0073269 -0.0124243 0.00368561 0.00320121 0.00945896 0.028893 0.00389157
internal_weight=157873 56579.4 50702.6 30617.1 18621.5 11995.7 18521.1 6709.9 4193.47 10766.4 101294 47353.7 10541.9 36811.8
internal_count=1053665 86988 68748 47930 23397 24533 22815 11953 9905 17733 966677 404912 37776 367136
cat_boundaries=0 1
cat_threshold=2
is_linear=0
shrinkage=0.05


Tree=68
num_leaves=15
num_cat=0
split_feature=37 89 37 60 7 38 22 17 36 1 25 6 35 38
split_gain=3439.56 3837.72 2775.33 2463.69 2405.69 1878.85 2060.22 1864.73 1414.7 1387.07 1744.27 1706.78 1555.35 1348.98
threshold=1.0000000180025095e-35 3.030795812606812 4.5000000000000009 0.049864651635289199 18397.696289062504 16.500000000000004 180295.00000000003 14713916.000000002 0.11499999836087228 35114.500000000007 -88.424999237060533 170067000.00000003 9999.9951171875018 14.500000000000002
decision_type=2 2 2 2 2 2 2 2 2 2 2 2 2 2
left_child=3 4 -3 5 9 8 7 -7 -1 10 -2 -11 -13 -4
right_child=1 2 13 -5 -6 6 -8 -9 -10 11 -12 12 -14 -15
leaf_value=-0.055385380781584087 0.046238605050227921 -0.046604203402242979 0.019951666609762456 -0.0085405723179164377 -0.08176239688794032 0.017840486366093169 -0.030781968132887413 -0.10366779516301031 0.029081180524455841 0.0089763652485472627 -0.02234584675189711 -0.053779649017997325 0.018293134880130475 0.0043196798393414209
leaf_weight=501.38840632047504 983.14574711117893 2054.6125100222416 29183.648160122335 7932.6138919717632 1141.5526196723804 15777.937217441853 2838.5154381655157 321.10608670860529 35808.091836993583 14696.182874984108 15884.510104991961 2296.5993482233025 1108.3993935640901 26202.580166509375
leaf_count=6531 4723 98522 220314 72723 14247 30437 14917 1802 63634 155786 185974 33984 11031 139040
internal_value=0.00849755 0.00240981 0.0104397 0.0175108 -0.0103618 0.0212524 0.00848037 0.0154075 0.0279119 -0.00802726 -0.0183429 0.0015831 -0.0303053 0.0125575
internal_weight=156731 93551.2 57440.8 63179.7 36110.4 55247 18937.6 16099 36309.5 34968.8 16867.7 18101.2 3405 55386.2
internal_count=1053665 863621 457876 190044 405745 117321 47156 32239 70165 391498 190697 200801 45015 359354
is_linear=0
shrinkage=0.05


Tree=69
num_leaves=15
num_cat=0
split_feature=53 182 16 104 6 24 99 57 163 0 11 37 21 16
split_gain=3305.29 2614.5 1922.76 3661.42 2149.34 2180.51 1384.83 1344.55 1296.85 1268.1 1700.51 1385.9 1975.42 2162.62
threshold=1.0000000180025095e-35 3.7635266780853276 289908.50000000006 0.83200001716613781 44632524.000000007 42.114999771118171 4.1468379497528085 1.0718685984611513 0.035363854840397842 91.500000000000014 3167631.0000000005 8.5000000000000018 272112.50000000006 2261704.5000000005
decision_type=2 2 2 2 2 2 2 2 2 2 2 2 2 2
left_child=7 -2 3 -3 -5 -6 -4 -1 9 11 -11 12 13 -9
right_child=1 2 6 4 5 -7 -8 8 -10 10 -12 -13 -14 -15
leaf_value=-0.056649563023880245 -0.0050525370865888751 0.022448238964013264 -0.051070283752839118 0.0034883788672570165 -0.10007640646825905 0.023907171110691836 0.033874561376325996 -0.003208784490168909 -0.012546458853628631 0.0033715887659021998 0.029191165007974185 0.011959400213504669 0.017600978719582321 -0.036076131648751696
leaf_weight=942.52483454439789 10038.897055528127 15389.535039093345 487.92013940680772 2127.5422709686682 1438.96224860847 469.25506304949522 24888.861687976867 26842.855527944397 11410.761739981826 14593.260902389884 11332.99743489176 21062.719788998365 8570.2288440433331 6152.2249797363766
leaf_count=37745 26712 18219 2204 4582 8105 658 26508 486738 154370 24066 10493 34773 92994 125498
internal_value=0.00812568 0.0180061 0.023174 0.0113301 -0.0310493 -0.0695645 0.0322374 0.00275528 0.00331645 0.00536116 0.0146606 0.00151049 -0.00378332 -0.00933962
internal_weight=155749 54841 44802.1 19425.3 4035.76 1908.22 25376.8 100908 99965 88554.3 25926.3 62628 41565.3 32995.1
internal_count=1053665 86988 60276 31564 13345 8763 28712 966677 928932 774562 34559 740003 705230 612236
is_linear=0
shrinkage=0.05


Tree=70
num_leaves=15
num_cat=0
split_feature=37 37 89 9 7 26 10 57 38 16 34 35 35 24
split_gain=3109.68 3552.29 3340.93 2339.06 2274.09 1900.39 4188.7 1737.14 2192.15 2891.58 1627.32 1592.48 1555.63 1666.86
threshold=1.0000000180025095e-35 4.5000000000000009 3.030795812606812 950557.50000000012 18397.696289062504 -91.04000091552733 137684.50000000003 8.6913075447082537 16.500000000000004 1660381.5000000002 0.89499998092651378 69.279998779296889 43.614999771118171 -11.175000190734862
decision_type=2 2 2 2 2 2 2 2 2 2 2 2 2 2
left_child=3 5 4 11 12 6 -2 -5 -9 -10 -11 -1 13 -3
right_child=1 2 -4 7 -6 -7 -8 8 9 10 -12 -13 -14 -15
leaf_value=9.7435973108010016e-05 1.0154901517554202 0.0073255268526881637 0.01161417843165361 0.029141274801992714 -0.080071985978341254 -0.050664132275524035 -0.048512845528697321 0.019881503671358627 0.0094929290663960542 0.013826722331122216 -0.079306464933720802 -0.063084911512231653 0.012474815846725419 -0.020954441379738144
leaf_weight=5530.6573985954747 12.446588791906832 7486.1595623907633 54880.296002724208 26430.482275605202 1068.3073111982085 3556.9877865081653 29.110168032348156 20664.192017400637 5356.3568243253976 626.15374574251473 1854.8770230505615 1215.2630719779991 8485.7897400725633 17120.213290174492
leaf_count=64405 67 40274 359354 42102 11578 180687 1178 44437 12279 1210 13879 11732 90089 180394
internal_value=0.00779573 0.0020036 0.00397266 0.0164944 -0.00830229 -0.0466915 0.285364 0.0199069 0.0113411 -0.01117 -0.0557856 -0.011285 -0.00598151 -0.0123487
internal_weight=154317 92639.3 89040.8 61678 34160.5 3598.54 41.5568 54932.1 28501.6 7837.39 2481.03 6745.92 33092.2 24606.4
internal_count=1053665 863621 681689 190044 322335 181932 1245 113907 71805 27368 15089 76137 310757 220668
is_linear=0
shrinkage=0.05


Tree=71
num_leaves=15
num_cat=1
split_feature=54 38 8 225 13 12 15 10 1 37 28 13 2 38
split_gain=2965.12 2497.81 1928.13 2753.11 1708.39 1355.68 1319.85 1626.22 1554.55 1675.35 1475.59 1434.74 1372.09 1325.13
threshold=473.50000000000006 14.500000000000002 0 -14.407148838043211 1.0000000180025095e-35 18276212.000000004 349999.50000000006 4450178.5000000009 38316.500000000007 7.5000000000000009 1.1349999904632571 10674.500000000002 788426080.00000012 12.500000000000002
decision_type=2 2 1 2 2 2 2 2 2 2 2 2 2 2
left_child=6 5 4 -4 -3 -2 13 11 10 12 -9 -8 -10 -1
right_child=1 2 3 -5 -6 -7 7 8 9 -11 -12 -13 -14 -15
leaf_value=-0.021352849986207945 0.032053565783378604 -0.011097098904144419 -0.043184191388793029 0.007233565131907144 0.027430567265785223 -0.12377719388280189 -0.036346578874082408 -0.06415310184117827 -0.024583286267689519 0.034831919206889425 -0.0085359016900246193 0.019556075795959429 0.44333352550229455 0.0006824435191295626
leaf_weight=7796.2589500048198 19876.209316197783 3601.5145958401263 3540.0608249297366 11500.828924286179 14265.044313725084 139.46699569374323 1202.8142572795041 1558.0227057798766 2117.7897118111141 3586.5359269566834 5088.1292267129757 24439.2277349215 14.776020253077148 54562.526732327417
leaf_count=195078 22800 7487 17754 20889 16902 568 18108 16984 41712 7641 64925 137708 172 484937
internal_value=0.00745405 0.0170306 0.00855645 -0.00463164 0.0196612 0.0309591 0.00240372 0.00974819 -0.0051421 0.0139627 -0.0215892 0.0169305 -0.0211115 -0.00207196
internal_weight=153289 52923.1 32907.4 15040.9 17866.6 20015.7 100366 38007.3 12365.3 5719.1 6646.15 25642 2132.57 62358.8
internal_count=1053665 86400 63032 38643 24389 23368 967265 287250 131434 49525 81909 155816 41884 680015
cat_boundaries=0 1
cat_threshold=2
is_linear=0
shrinkage=0.05


Tree=72
num_leaves=15
num_cat=0
split_feature=37 37 89 58 25 38 34 1 7 57 25 26 38 17
split_gain=2776.34 3287.63 3063.78 2209.02 2154.56 2074.36 2039.78 2631.32 1858.52 1566.03 1494.66 1413.63 1391.1 1362.85
threshold=1.0000000180025095e-35 4.5000000000000009 3.030795812606812 0.18701888993382457 1.110000014305115 16.500000000000004 2.5649999380111699 46103.500000000007 1255993.0000000002 5.9206023216247567 -70.924999237060533 34.215000152587898 20.500000000000004 870066.50000000012
decision_type=2 2 2 2 2 2 2 2 2 2 2 2 2 2
left_child=3 -2 4 5 8 -1 -7 9 10 -8 13 -9 -5 -3
right_child=1 2 -4 12 -6 6 7 11 -10 -11 -12 -13 -14 -15
leaf_value=0.023979128502504433 -0.046318520339820313 0.068296161773447592 0.010870208031482512 -0.042280455294508766 0.001567203460448684 0.016035218295066347 0.00064153063267683233 -0.04390034697164779 -0.11156347369300197 -0.082833546999184715 -0.029262641980319155 0.021133022152899521 0.63679132812360273 -0.01043536317599455
leaf_weight=38300.490094420966 3435.300820724573 787.60604403726757 54554.4309371626 1772.8462484530173 21139.73786875885 12986.854050175287 811.89054269948974 1094.9981984449551 582.83680993784219 1814.7347109504044 9688.5272307675332 3513.894468662329 6.5686243250966063 1810.9734126329422
leaf_count=81804 181932 2210 359354 51326 199610 24460 2975 6478 5001 13158 97271 9737 106 18243
internal_value=0.00713102 0.00166489 0.00352718 0.0154694 -0.00825017 0.0171389 0.00418063 -0.0170892 -0.0243786 -0.0570219 -0.0202302 0.00566513 -0.0393894 0.0134253
internal_weight=152302 91999.4 88564.1 60302.3 34009.7 58522.9 20222.4 7235.52 12869.9 2626.63 12287.1 4608.89 1779.41 2598.58
internal_count=1053665 863621 681689 190044 322335 138612 56808 32348 122725 16133 117724 16215 51432 20453
is_linear=0
shrinkage=0.05


Tree=73
num_leaves=15
num_cat=0
split_feature=54 182 98 21 81 6 18 21 28 32 17 15 57 33
split_gain=2712.64 2504.63 1686.45 1600.72 1793.61 2629.84 1593.13 1348.04 1251.52 1768.91 2393.74 2210.69 2450.69 1817.6
threshold=473.50000000000006 3.7635266780853276 8.5118618011474627 30089.000000000004 5.837698459625245 45637938.000000007 11175.000000000002 890782.50000000012 2.7949999570846562 1.575000047683716 220253.00000000003 1050029.0000000002 9.4962353706359881 4.5950000286102304
decision_type=2 2 2 2 2 2 2 2 2 2 2 2 2 2
left_child=8 -2 3 4 5 -3 -4 -5 -1 10 -10 12 -11 -14
right_child=1 2 6 7 -6 -7 -8 -9 9 11 -12 -13 13 -15
leaf_value=-0.0032146442470251235 -0.0068786810246033135 0.014832264667774942 -0.083084250555942818 0.033883317097403207 0.020653805302427403 -0.076161075789426727 0.0048040731016873893 -0.12063932282264452 -0.048692401893610161 0.0099200357025467818 0.035114995326944953 0.031001113441776043 0.00059301442051964059 -0.036366950209896325
leaf_weight=53389.230752306525 9616.9317276375368 2055.3143400922418 665.46660642232746 22217.684856269509 13287.195436477661 1292.0527924988419 2273.8236321723089 140.95101038366556 942.29496112139896 17484.793798760977 8774.909793519415 5907.8187390794046 6419.2724724658765 6897.1045013372786
leaf_count=562150 26510 3196 5027 24989 16429 5096 4565 588 8329 140967 23260 49414 46686 136459
internal_value=0.00681643 0.0161305 0.0214088 0.0241623 0.0124114 -0.0202876 -0.0150987 0.0329016 0.00200556 0.00800972 0.0269787 0.00298649 -0.00238607 -0.0185476
internal_weight=151365 51549.4 41932.5 38993.2 16634.6 3347.37 2939.29 22358.6 99815.4 46426.2 9717.2 36709 30801.2 13316.4
internal_count=1053665 86400 59890 50298 24721 8292 9592 25577 967265 405115 31589 373526 324112 183145
is_linear=0
shrinkage=0.05


Tree=74
num_leaves=15
num_cat=1
split_feature=54 107 38 9 8 121 13 21 28 162 38 6 57 57
split_gain=2513.59 2366.32 1910.49 1694.49 1558.88 1743.58 2088.8 1811.92 1389.82 1323.32 1537.35 2145.59 1846.81 1432.31
threshold=473.50000000000006 0.36999998986721044 14.500000000000002 1447877.5000000002 0 8.9190998077392596 806087.50000000012 120716.50000000001 5.8750000000000009 1.0000000180025095e-35 17.500000000000004 292746000.00000006 6.4380559921264657 6.2327172756195077
decision_type=2 2 2 2 1 2 2 2 2 2 2 2 2 2
left_child=-1 8 -3 9 -5 6 -6 -8 -2 13 11 -11 -12 -4
right_child=1 2 3 4 5 -7 7 -9 -10 10 12 -13 -14 -15
leaf_value=0.0019082152292717763 -0.033499390357581975 0.032457960287078993 0.018352679573554593 0.033615114651343203 0.016394502024886536 0.037702652447217044 -0.13728932704459615 -0.026487507287326042 0.018499462921628851 -0.0084269411438691235 -0.10070271610479709 -0.1465659150108882 0.029526645260934167 -0.078548793999568933
leaf_weight=99625.183335482609 3618.9565831022337 17265.270028796047 585.75273820012808 10197.007052063942 2130.4476270666346 2198.52097376436 500.05658067855984 1408.7590746991336 1990.0876977555454 4297.6214076951146 287.19943501055241 299.88571705296636 4880.5156656224281 1086.1590244881809
leaf_count=967265 14573 20687 1353 10955 3280 2041 2708 4275 3522 7664 1118 1479 4993 7752
internal_value=0.00652257 0.0155803 0.0193869 0.0112873 0.0215717 0.00187393 -0.0176193 -0.0555974 -0.0150413 -0.00348729 0.00354677 -0.0174782 0.0222613 -0.0445789
internal_weight=150371 50746.2 45137.2 27871.9 16434.8 6237.78 4039.26 1908.82 5609.04 11437.1 9765.22 4597.51 5167.72 1671.91
internal_count=1053665 86400 68305 47618 23259 12304 10263 6983 18095 24359 15254 9143 6111 9105
cat_boundaries=0 1
cat_threshold=2
is_linear=0
shrinkage=0.05


Tree=75
num_leaves=15
num_cat=0
split_feature=37 37 89 58 28 25 38 34 1 1 7 26 57 6
split_gain=2378.49 3025.76 2756.54 1966.53 1930.27 2777.38 1879.53 1847.58 2378.61 1669.42 1432.93 1397.4 1381.13 1325.33
threshold=1.0000000180025095e-35 4.5000000000000009 3.030795812606812 0.18701888993382457 3.5149999856948857 129.96500396728518 16.500000000000004 2.5649999380111699 46103.500000000007 26304.500000000004 3860.129760742188 -91.04000091552733 5.9206023216247567 132631756.00000001
decision_type=2 2 2 2 2 2 2 2 2 2 2 2 2 2
left_child=3 11 4 6 5 9 -1 13 12 -3 -11 -2 -9 -8
right_child=1 2 -4 -5 -6 -7 7 8 -10 10 -12 -13 -14 -15
leaf_value=0.022367712766496666 0.2009139738502492 -0.070881230399693504 0.009957003062259032 -0.038281855391061631 0.0043499288209326121 0.0020336459918718435 0.020721383521819597 -0.00078072616123497614 0.0046680248491391884 -0.019231271379043915 -0.1193774638625627 -0.050217411398142703 -0.080294919282893479 -0.02864054960852816
leaf_weight=36973.434879775625 55.319054211024195 2718.1815408770926 54028.200414400548 1735.9611043757759 15994.733459851239 8092.4001221777871 11097.286360697821 791.90678545180708 4483.5565329063684 6598.2676159879193 376.96838933974504 3230.0777048664168 1767.8315577730536 1548.0208686618134
leaf_count=81804 1245 36246 359354 51432 155744 62490 19674 2975 16215 63878 3977 180687 13158 4786
internal_value=0.0062386 0.00118826 0.00295168 0.0141155 -0.00825103 -0.0195855 0.0157224 0.00323998 -0.0172783 -0.0376373 -0.0246671 -0.0459138 -0.055725 0.0146728
internal_weight=149492 91094.1 87808.8 58398 33780.6 17785.8 56662 19688.6 7043.29 9693.42 6975.24 3285.4 2559.74 12645.3
internal_count=1053665 863621 681689 190044 322335 166591 138612 56808 32348 104101 67855 181932 16133 24460
is_linear=0
shrinkage=0.05


Tree=76
num_leaves=15
num_cat=1
split_feature=54 163 10 8 1 30 14 38 13 38 31 38 6 6
split_gain=2309.31 2269.12 3246.87 1927.75 1781.08 1718.18 1512.35 1404.22 1537.61 1344.18 1277.52 1269.92 1266.08 1493.59
threshold=473.50000000000006 0.02238930901512504 40682.500000000007 0 12155.000000000002 41.274999618530281 1214689.5000000002 17.500000000000004 7432939.5000000009 16.500000000000004 -1.4450000524520872 14.500000000000002 674946.00000000012 32350050.000000004
decision_type=2 2 2 1 2 2 2 2 2 2 2 2 2 2
left_child=-1 2 9 7 10 -6 11 8 -4 -2 -5 -3 -9 -14
right_child=1 6 3 4 5 -7 -8 12 -10 -11 -12 -13 13 -15
leaf_value=0.0015647638742268364 -0.1125579667012534 0.031260463909287307 0.031452509133712815 0.017463571890542522 0.0035705111669371622 -0.11448635239493539 0.037927336951030344 -0.095625139716065732 -0.15040937123258891 -0.02633459592434258 -0.11317677340674447 0.0015742499627327486 0.024840671339389525 -0.095262420429598482
leaf_weight=99261.919856127817 726.52129307761788 6192.9945794716477 10020.763914719224 261.8057173974812 7195.8240658575669 320.97175782825798 11914.843447744846 397.25299908220768 116.52531231939793 1201.4064253764227 647.61571059934795 8619.8822046630085 1433.0042103081942 314.84941767528653
leaf_count=967265 3347 7409 11774 463 16044 2301 12701 1631 619 9446 4409 13314 1716 1226
internal_value=0.00596058 0.0147985 0.00314724 0.00892817 -0.00948519 -0.0014785 0.0246639 0.0215643 0.0293425 -0.0588945 -0.075535 0.0139902 -0.015167 0.00313522
internal_weight=148626 49364.3 22636.5 20708.6 8426.22 7516.8 26727.7 12282.4 10137.3 1927.93 909.421 14812.9 2145.11 1747.85
internal_count=1053665 86400 52976 40183 23217 18345 33424 16966 12393 12793 4872 20723 4573 2942
cat_boundaries=0 1
cat_threshold=2
is_linear=0
shrinkage=0.05


Tree=77
num_leaves=15
num_cat=0
split_feature=53 107 38 9 52 6 6 28 13 18 35 15 7 57
split_gain=2146.29 2145.01 1721.67 1472.79 1461.28 1214.58 1203.82 1372.97 1558.98 1707.68 1699.74 1463.94 1906.57 1653.73
threshold=1.0000000180025095e-35 0.36999998986721044 14.500000000000002 1447877.5000000002 10.500000000000002 980675264.00000012 48186.425781250007 21.954999923706058 8072127.0000000009 2089716.5000000002 102.51499938964845 101749.00000000001 5067868.7500000009 10.950034618377687
decision_type=2 2 2 2 2 2 2 2 2 2 2 2 2 2
left_child=5 -2 -3 -4 -5 6 -1 8 9 11 -11 12 -8 -13
right_child=1 2 3 4 -6 -7 7 -9 -10 10 -12 13 -14 -15
leaf_value=-0.0086802855708001583 -0.014885174283095326 0.030900179477146045 -0.0034205883229516581 0.021466535714438587 -0.16772711282613922 -0.043665894296201789 -0.012809164938946056 -0.034564228504896356 0.040110338113479679 -0.045595634321128967 0.011576037758662141 0.021613295624883243 0.014696679394238122 0.00096370840728450752
leaf_weight=20322.699974710587 5583.7937592826784 16248.813271380961 11342.60988331493 15583.704462986439 101.68820352805778 1467.6145464149304 16445.585427875631 2131.0872430540621 3228.0888160690665 3211.2175980708562 2181.4393135416321 22911.438369423151 10209.953381864354 16817.824176210444
leaf_count=358265 18240 20818 24533 22815 582 30605 184770 26380 14317 57395 25025 92898 56797 120225
internal_value=0.0056995 0.0142733 0.0180369 0.0103009 0.0202262 0.00146424 0.0021448 0.00499754 0.0061227 0.00459292 -0.0224614 0.00679169 -0.00227148 0.0128736
internal_weight=147788 48860.6 43276.8 27028 15685.4 98926.9 97459.3 77136.6 75005.5 71777.5 5392.66 66384.8 26655.5 39729.3
internal_count=1053665 86988 68748 47930 23397 966677 936072 577807 551427 537110 82420 454690 241567 213123
is_linear=0
shrinkage=0.05


Tree=78
num_leaves=15
num_cat=0
split_feature=37 37 89 9 7 15 6 57 0 5 25 35 6 16
split_gain=2023.63 2776.68 2482.27 1870.2 1755.9 1544.64 2009.16 1893.76 2264.18 3535.55 1373.52 1321.32 1551.12 1453.75
threshold=1.0000000180025095e-35 4.5000000000000009 3.030795812606812 1945685.5000000002 18397.696289062504 135722.50000000003 213755000.00000003 18.257357597351078 35.000000000000007 67.08499908447267 -91.834999084472642 83.630001068115249 275122384.00000006 1525364.0000000002
decision_type=2 2 2 2 2 2 2 2 2 2 2 2 2 2
left_child=3 -2 4 5 11 7 -7 -1 9 -9 -5 12 -3 -14
right_child=1 2 -4 10 -6 6 -8 8 -10 -11 -12 -13 13 -15
leaf_value=-0.042444033591586709 -0.045455371369567593 -0.0063988300780002299 0.0091467333870823946 -0.11328671795898188 -0.07294761533184678 0.014227046947426998 -0.089133654471921078 -0.045185325672901462 0.013466145666025796 1.0866087156770787 0.019314667234858071 0.013859014437910723 -0.089314569890936724 -0.020209018914607527
leaf_weight=3820.7464876919985 3130.6947985370643 22435.672843496315 53533.848682290409 195.16064021922648 1014.5740627828054 10417.804561065976 491.28873171284795 14.872963253408672 1681.156650303863 11.624347588047383 40015.558941783849 6564.4546799166128 1113.7099038986489 2410.0955341877416
leaf_count=62302 181932 193969 359354 1270 11578 28774 2924 771 12282 47 81674 73075 11315 32398
internal_value=0.00545205 0.000800069 0.00246427 0.0128585 -0.00820069 -0.00134795 0.00955989 -0.0228791 0.0208659 0.470973 0.018667 -0.00617721 -0.0112461 -0.0420834
internal_weight=146851 90203.1 87072.4 56648.2 33538.5 16437.5 10909.1 5528.4 1707.65 26.4973 40210.7 32523.9 25959.5 3523.81
internal_count=1053665 863621 681689 190044 322335 107100 31698 75402 13100 818 82944 310757 237682 43713
is_linear=0
shrinkage=0.05


Tree=79
num_leaves=15
num_cat=1
split_feature=54 163 10 8 1 30 14 38 11 38 11 35 47 21
split_gain=1898.96 2158.99 2792.07 1803.18 1625.22 1571.1 1412.23 1316.2 1408.06 1222.85 1196.55 1229.25 1174.73 1338.47
threshold=473.50000000000006 0.02238930901512504 40682.500000000007 0 12155.000000000002 41.274999618530281 1214689.5000000002 17.500000000000004 20007468.000000004 17.500000000000004 2207066.0000000005 4.0950000286102304 1.0000000180025095e-35 254401.00000000003
decision_type=2 2 2 1 2 2 2 2 2 2 2 2 2 2
left_child=12 2 9 7 -5 10 -3 8 -4 -2 -6 -12 13 -1
right_child=1 6 3 4 5 -7 -8 -9 -10 -11 11 -13 -14 -15
leaf_value=-0.00083429988292179507 -0.091310116352760012 0.012943618042185466 0.030116156577437138 -0.074166842136276376 -0.1625501177758526 -0.11178204195460786 0.036643006859337565 -0.015770766474801752 -0.13199304871790449 -0.010625518461970462 -0.038072529206559159 0.015067043878743483 -0.042231920824575386 0.014385504288242375
leaf_weight=79459.378101427108 1069.1068249037489 14422.491536051035 9501.6073428653181 892.67272334545851 107.58505574241281 315.24660678580403 11156.655254073441 2107.5815187729895 134.78734993934631 840.10187979973853 1350.1636452581733 5588.4485045429319 1528.3743966259062 17652.826782431919
leaf_count=815465 6702 20723 11731 4872 848 2301 12701 4573 662 6091 4503 10693 37332 114468
internal_value=0.00520207 0.013417 0.00189419 0.0074127 -0.0104914 -0.00275411 0.0232834 0.0200005 0.02783 -0.0558571 0.00213187 0.00471557 0.00124671 0.00193192
internal_weight=146127 47486.4 21907.3 19998.1 8254.12 7361.44 25579.1 11744 9636.39 1909.21 7046.2 6938.61 98640.6 97112.2
internal_count=1053665 86400 52976 40183 23217 18345 33424 16966 12393 12793 16044 15196 967265 929933
cat_boundaries=0 1
cat_threshold=2
is_linear=0
shrinkage=0.05


Tree=80
num_leaves=15
num_cat=0
split_feature=37 37 89 28 25 60 1 9 6 25 28 7 9 25
split_gain=1763.73 2593.46 2253.57 1700.26 2361.65 1698.52 1500.02 1361.82 2312.78 1354.66 1283.42 1239.15 1219.82 1404.89
threshold=1.0000000180025095e-35 4.5000000000000009 3.030795812606812 3.5149999856948857 129.96500396728518 0.049864651635289199 26304.500000000004 2085505.5000000002 213755000.00000003 -91.834999084472642 19.365000724792484 3860.129760742188 1044404.0000000001 97.715000152587905
decision_type=2 2 2 2 2 2 2 2 2 2 2 2 2 2
left_child=5 -2 3 4 6 7 -3 8 10 -9 -1 -8 13 -5
right_child=1 2 -4 12 -6 -7 11 9 -10 -11 -12 -13 -14 -15
leaf_value=0.0099549944977456971 -0.045036971849672924 -0.067333754301727874 0.0086007881312005329 0.053080068412491625 0.0013820682942767967 -0.010215908036146859 -0.018127556604203468 -0.13363296183373083 -0.085288148760911731 0.021465964654918013 -0.074800112189677734 -0.11313897338349913 -0.0034934992013059157 -0.013132311950794394
leaf_weight=12902.427034216933 3002.9405498905107 2662.2640595557168 53314.097412154544 2284.2662603589706 7983.932167859748 7464.6728895697743 6537.670272892341 140.30127074755728 713.8581489128992 33907.709829123691 461.57688429066911 361.53354901773855 12368.769300250802 1231.451833256986
leaf_count=42163 181932 36246 359354 18493 62490 72723 63878 999 4580 64357 5222 3977 119540 17711
internal_value=0.00497215 0.000636541 0.00221876 -0.00795777 -0.0186869 0.0119706 -0.0354484 0.0154131 0.00232858 0.0208215 0.00701853 -0.0231293 0.00389056 0.0298765
internal_weight=145337 89746.9 86744 33429.9 17545.4 55590.5 9561.47 48125.9 14077.9 34048 13364 6899.2 15884.5 3515.72
internal_count=1053665 863621 681689 322335 166591 190044 104101 117321 51965 65356 47385 67855 155744 36204
is_linear=0
shrinkage=0.05


Tree=81
num_leaves=15
num_cat=1
split_feature=54 163 11 8 1 30 14 31 57 21 181 19 18 38
split_gain=1689.92 2056.85 2430.69 1628.55 1564.42 1554.67 1317.89 1204.33 1152.16 1117.07 1108.11 1156.35 1970.39 1087
threshold=473.50000000000006 0.02238930901512504 2207066.0000000005 0 12155.000000000002 41.274999618530281 1214689.5000000002 -1.4450000524520872 1.0718685984611513 30596.000000000004 26.547506332397464 434605.00000000006 1945106.0000000002 14.500000000000002
decision_type=2 2 2 1 2 2 2 2 2 2 2 2 2 2
left_child=8 2 -2 -4 7 9 13 -5 -1 -6 11 12 -10 -3
right_child=1 6 3 4 5 -7 -8 -9 10 -11 -12 -13 -14 -15
leaf_value=-0.05588391295459573 -0.047843252880365505 0.029285412837832897 0.019680711918270227 0.017804994717543963 -0.15539457185039215 -0.1104594934979528 0.035692897947987905 -0.10974150707736104 0.0029803206162695439 0.0052332984081731567 -0.011400196571242567 0.017001195414729223 -0.03709060591438388 0.0011128812746557049
leaf_weight=880.08533886866644 2253.9306977828965 5725.6144700497389 10940.023395504802 260.80980526655912 108.94455566443503 316.08958580484614 10655.016964368522 629.02926355227828 66343.67461449746 6927.1322990972549 14121.859975215979 13738.521144722123 3215.5002915728837 8524.5420352853835
leaf_count=37745 13956 7409 16073 461 685 2345 12701 4342 567794 15114 180035 137363 44328 13314
internal_value=0.00474568 0.012617 0.00126005 0.0070346 -0.0097455 -0.00215599 0.0223896 -0.0723238 0.00103431 0.00271735 0.00154958 0.00374573 0.00112674 0.0124372
internal_weight=144641 46341.1 21436 19182 8242.01 7352.17 24905.2 889.839 98299.6 7036.08 97419.6 83297.7 69559.2 14250.2
internal_count=1053665 86400 52976 39020 22947 18144 33424 4803 967265 15799 929520 749485 612122 20723
cat_boundaries=0 1
cat_threshold=2
is_linear=0
shrinkage=0.05


Tree=82
num_leaves=15
num_cat=1
split_feature=8 27 38 3 38 34 3 50 28 1 36 17 1 27
split_gain=1577.67 1608.43 1604.66 1975.16 1788.01 1771.3 1721.86 1622.8 1655.83 1436.44 1371.15 1348.2 1170.58 12373.7
threshold=0 -52.914999008178704 14.500000000000002 95017500.000000015 13.500000000000002 3.185000061988831 250224152.00000003 7842.0000000000009 22.864999771118168 42455.500000000007 0.67500001192092907 67500384.000000015 1235.0000000000002 1048.529968261719
decision_type=1 2 2 2 2 2 2 2 2 2 2 2 2 2
left_child=1 -1 4 7 6 -6 -2 8 -4 -5 -3 12 13 -12
right_child=2 10 3 9 5 -7 -8 -9 -10 -11 11 -13 -14 -15
leaf_value=0.029966055546109722 0.0062246157954616247 -0.0045180637564476416 0.0066587585488080796 -0.0079223995392335173 0.026654693493891018 -0.0035356567541140922 -0.048225708029751693 -0.10138046291212229 -0.049922595012387959 -0.053417113844452538 -0.063966293796887175 0.056577532816771553 -0.044470506280089285 2.1230447779640191
leaf_weight=2427.169723094441 21940.551370704547 12882.631299038418 58222.186608436983 6023.6134583484381 25337.342482030392 6007.2132401722483 1553.6825812575407 356.90099685592577 1321.2320912331343 2438.2226607874036 61.862430932931602 375.05124283675104 4892.0211207596585 6.2118352837860575
leaf_count=17801 250660 210715 208403 30424 91426 46345 35947 3654 12218 20998 1391 4123 119527 33
internal_value=0.00453569 -0.00825467 0.00667944 0.00156773 0.0130506 0.0208672 0.00261977 0.00476285 0.0054016 -0.0210421 -0.013351 -0.0346653 -0.0415846 0.162723
internal_weight=143846 20644.9 123201 68362.2 54838.8 31344.6 23494.2 59900.3 59543.4 8461.84 18217.8 5335.15 4960.1 68.0743
internal_count=1053665 353590 700075 275697 424378 137771 286607 224275 220621 51422 335789 125074 120951 1424
cat_boundaries=0 1
cat_threshold=1
is_linear=0
shrinkage=0.05


Tree=83
num_leaves=15
num_cat=0
split_feature=37 37 109 7 38 14 22 35 6 20 15 17 6 38
split_gain=1542.62 2380.94 2028.03 2251 1585.62 1838.95 1645.53 1432.97 1482.73 1423.33 1330.67 1319.58 1312.44 1328.99
threshold=1.0000000180025095e-35 4.5000000000000009 0.60999998450279247 18397.696289062504 16.500000000000004 1214689.5000000002 185153.00000000003 74.665000915527358 304953040.00000006 68694.000000000015 505075.00000000006 14713916.000000002 562909408.00000012 14.500000000000002
decision_type=2 2 2 2 2 2 2 2 2 2 2 2 2 2
left_child=4 -2 12 7 5 -1 11 8 10 -10 -4 -6 13 -3
right_child=1 2 3 -5 6 -7 -8 -9 9 -11 -12 -13 -14 -15
leaf_value=-0.020044620381089343 -0.044549515538735263 0.018734875018843921 -0.0128404640343569 -0.075808840380701681 0.0075474403240054742 0.020787701550893666 -0.035921021665063224 0.014412774281335451 -0.076643079497997327 -0.013290871321413392 0.010698603808490416 -0.091430268748706245 -0.034541879795768067 0.001331166844438526
leaf_weight=3014.6566487951204 2867.4165242244489 23506.656447293703 18657.641476742458 1134.7350951316766 16059.82380467793 32081.852393269539 2811.9873174075037 8042.5461151939817 1495.0569907538593 2183.4891860242933 8849.4068581210449 342.90025143697858 1668.7842235919088 20578.571106729563
leaf_count=55097 181932 172105 168329 13691 53459 61232 17909 88195 19636 27228 63108 2347 19854 109543
internal_value=0.00431686 0.000263302 0.00175651 -0.00641201 0.0109572 0.0172785 -0.000586508 -0.00440145 -0.00925541 -0.0390663 -0.00526568 0.00546981 0.00896362 0.0106123
internal_weight=143296 88984.3 86116.9 40362.9 54311.2 35096.5 19214.7 39228.1 31185.6 3678.55 27507 16402.7 45754 44085.2
internal_count=1053665 863621 681689 380187 190044 116329 73715 366496 278301 46864 231437 55806 301502 281648
is_linear=0
shrinkage=0.05


Tree=84
num_leaves=15
num_cat=1
split_feature=54 163 11 8 30 18 57 57 1 18 38 11 28 32
split_gain=1485.91 1950.76 2107.95 1303.79 1355.07 1187.19 1144 2097.18 1383.94 1140.84 1093.1 1269.71 1080.63 1514.53
threshold=4787.5000000000009 0.02238930901512504 2207066.0000000005 0 20.664999961853031 336364.50000000006 11.314168453216555 8.6913075447082537 46314.500000000007 558558.50000000012 17.500000000000004 20007468.000000004 2.7949999570846562 1.575000047683716
decision_type=2 2 2 1 2 2 2 2 2 2 2 2 2 2
left_child=12 2 -2 10 6 -3 7 9 -9 -5 11 -4 -1 -14
right_child=1 5 3 4 -6 -7 -8 8 -10 -11 -12 -13 13 -15
leaf_value=-0.0040319317808430082 -0.047542911614431943 0.013727338138545568 0.028042077546571117 -0.081908571818366083 -0.066560929221642792 0.037800845364466956 0.014767067470329201 -0.16600571169298459 -0.012679939947957681 0.015028681389722074 -0.01924028578132007 -0.12468041679126135 0.023927295155672931 0.0017289424661749255
leaf_weight=53737.319135684753 2054.3741560494527 15201.937168803066 8073.267593331635 370.26282781735063 914.0293297264725 7732.3570805676281 4117.9371899068356 384.80283820535988 239.42195977643132 1661.5224267635494 1638.343502163887 137.34254354611039 9724.0125204394571 36639.184666200075
leaf_count=565238 12979 22310 10690 2003 4497 9287 8245 3010 908 2877 3664 662 32105 375190
internal_value=0.00411989 0.0119498 0.00036045 0.00597736 -0.00944842 0.0218473 -0.00172599 -0.0273119 -0.107392 -0.00264371 0.0180234 0.0254665 0.000792923 0.00638622
internal_weight=142626 42525.6 19591.3 17536.9 7687.98 22934.3 6773.95 2656.01 624.225 2031.79 9848.95 8210.61 100101 46363.2
internal_count=1053665 81132 49535 36556 21540 31597 17043 8798 3918 4880 15016 11352 972533 407295
cat_boundaries=0 1
cat_threshold=2
is_linear=0
shrinkage=0.05


Tree=85
num_leaves=15
num_cat=1
split_feature=8 27 38 3 38 34 3 18 28 50 1 36 17 6
split_gain=1416.54 1445.6 1365.54 1730.55 1610.58 1632.48 1553.21 1528.84 1489.09 1519.06 1280.13 1259.99 1234.8 1118
threshold=0 -52.914999008178704 14.500000000000002 95017500.000000015 13.500000000000002 6.0850000381469735 250224152.00000003 1134472.0000000002 22.864999771118168 7842.0000000000009 42455.500000000007 0.67500001192092907 67500384.000000015 32350050.000000004
decision_type=1 2 2 2 2 2 2 2 2 2 2 2 2 2
left_child=1 -1 4 8 6 -6 -2 -7 9 13 -5 -3 -13 -4
right_child=2 11 3 10 5 7 -8 -9 -10 -11 -12 12 -14 -15
leaf_value=0.02816784658615375 0.0054060705779448012 -0.0046400833791888736 0.014203644782097619 -0.0075424886058646215 0.022782069548793894 -0.073207791851731735 -0.047004997647307929 0.01023622494940951 -0.048438778928566406 -0.098581918903586793 -0.050596135237754504 -0.040522502442936807 0.053208943230421281 0.00010245282629752564
leaf_weight=2405.7881238590926 21727.724003966665 12836.391330709681 24452.368444519117 6000.87661906844 28289.258065368049 868.3356188419275 1510.8685846296139 1486.5904759652913 1309.0355370556936 347.62664828216657 2425.3135162810795 4858.7741414289922 377.46037469990551 33076.703645330854
leaf_count=17801 250660 210715 77427 30424 113848 12882 35947 11041 12235 3637 20998 120951 4123 130976
internal_value=0.00393517 -0.00822852 0.00598587 0.00125287 0.0119238 0.0194515 0.00199451 -0.020529 0.00427192 0.00546579 -0.0199451 -0.0130776 -0.0337473 0.00609709
internal_weight=141973 20478.4 121495 67611.9 53882.8 30644.2 23238.6 2354.93 59185.7 57876.7 8426.19 18072.6 5236.23 57529.1
internal_count=1053665 353590 700075 275697 424378 137771 286607 23923 224275 212040 51422 335789 125074 208403
cat_boundaries=0 1
cat_threshold=1
is_linear=0
shrinkage=0.05


Tree=86
num_leaves=15
num_cat=0
split_feature=54 107 38 28 22 13 29 18 6 104 21 57 57 47
split_gain=1321.6 1866.59 1273.51 1085.79 1084.68 1102.17 1375.29 1057.22 1358.07 1191.85 1591.78 1070.82 1050.87 1069.46
threshold=4787.5000000000009 0.36999998986721044 14.500000000000002 5.4249999523162851 94070.500000000015 5903777.0000000009 3.5449999570846562 420014.00000000006 356189008.00000006 1.391499996185303 570482.50000000012 7.5852155685424814 1.0718685984611513 1.0000000180025095e-35
decision_type=2 2 2 2 2 2 2 2 2 2 2 2 2 2
left_child=12 3 -3 4 -2 6 -6 8 -4 -9 -11 -12 -1 -14
right_child=1 2 7 -5 5 -7 -8 9 -10 10 11 -13 13 -15
leaf_value=-0.055182416788651212 -0.012153885460978252 0.027455254460671121 0.0024090246081167554 0.010904869839557282 -0.1403509088299591 0.046692681968470491 -0.020594987908868479 0.048246433593513466 -0.070993786651382923 0.015443071609162856 -0.012464323441970175 -0.17195626188148069 0.0017428335235770639 -0.041068927747436236
leaf_weight=835.30611118441448 1753.5010777898133 13303.812842162326 12522.90151410969 1970.4041064921767 615.79734632372856 161.08954174164683 394.56402733456343 2754.4909572340548 662.49750372767448 7086.198541067075 236.3265096321702 190.05030995607376 97440.633033606457 1479.8455333099701
leaf_count=37745 6933 19750 25063 4024 3743 202 1868 2562 3604 11733 563 1087 897483 37305
internal_value=0.0037531 0.0112336 0.0150972 -0.0177627 -0.0370889 -0.0743283 -0.0937001 0.00808394 -0.0012804 0.0201138 0.00978731 -0.0839082 0.000629114 0.00110146
internal_weight=141407 41651.6 36756.3 4895.36 2924.95 1171.45 1010.36 23452.5 13185.4 10267.1 7512.58 426.377 99755.8 98920.5
internal_count=1053665 81132 64362 16770 12746 5813 5611 44612 28667 15945 13383 1650 972533 934788
is_linear=0
shrinkage=0.05


Tree=87
num_leaves=15
num_cat=0
split_feature=37 37 89 25 58 57 34 17 38 25 26 2 4 33
split_gain=1278.51 2177.06 1888.22 1457.1 1446.57 1378.72 1879.81 1820.24 1731.76 1337.53 1336.39 1357.62 1641.58 1263.45
threshold=1.0000000180025095e-35 4.5000000000000009 3.030795812606812 1.110000014305115 0.18701888993382457 8.6913075447082537 3.7649999856948857 12375225.000000002 16.500000000000004 -70.924999237060533 -91.04000091552733 788426080.00000012 18629818.000000004 2.5749999284744267
decision_type=2 2 2 2 2 2 2 2 2 2 2 2 2 2
left_child=4 10 3 9 5 -1 -7 -8 -9 -3 13 -12 -13 -2
right_child=1 2 -4 -5 -6 6 7 8 -10 -11 11 12 -14 -15
leaf_value=0.019913328079230672 0.41600711383098093 0.010783240930237286 0.0072028515749458615 0.00011923698310273994 -0.036520761134157836 0.010869772060674193 -0.046843534855884272 0.02243676744643253 -0.074856262148556452 -0.029856106841788878 -0.053577743139114981 0.66217350291290988 0 -0.048365921454861918
leaf_weight=24103.605756467674 29.393257670104504 2541.5222439370118 52373.354546663817 20503.246996582951 1636.1882013753057 20545.702764398884 3199.3831282379106 2732.1291448436677 548.19501192634925 9914.6150367036462 2636.5160688713659 13.592852431349455 25.890973526984453 27.581054418347776
leaf_count=57523 88 20816 359354 199610 51432 44507 25615 6045 4922 101909 179084 86 1517 1157
internal_value=0.00358261 -0.000104443 0.00130212 -0.00807273 0.00973718 0.0112192 0.00346264 -0.0200141 0.00614444 -0.0215599 -0.0440247 -0.0491685 0.238076 0.193387
internal_weight=140831 88065.7 85332.7 32959.4 52765.2 51129 27025.4 6479.71 3280.32 12456.1 2732.97 2676 39.4838 56.9743
internal_count=1053665 863621 681689 322335 190044 138612 81089 36582 10967 122725 181932 180687 1603 1245
is_linear=0
shrinkage=0.05


Tree=88
num_leaves=15
num_cat=1
split_feature=8 27 38 3 38 34 3 28 50 36 1 17 7 6
split_gain=1207.13 1291.95 1217.5 1537.81 1434.35 1522.7 1443.64 1351.84 1345.58 1169.01 1140.73 1139.45 1060.09 1016.37
threshold=0 -52.914999008178704 14.500000000000002 95017500.000000015 13.500000000000002 3.185000061988831 250224152.00000003 22.864999771118168 7842.0000000000009 0.67500001192092907 42455.500000000007 67500384.000000015 4692894.2500000009 356189008.00000006
decision_type=1 2 2 2 2 2 2 2 2 2 2 2 2 2
left_child=1 -1 4 7 6 -6 13 8 -4 -3 12 -11 -5 -2
right_child=2 9 3 10 5 -7 -8 -9 -10 11 -12 -13 -14 -15
leaf_value=0.026675024815229667 0.0091959423637841126 -0.0043926184952119453 0.0054487039268827598 -0.058966072118408791 0.023741567058085521 -0.0046630512955508933 -0.046124982535893144 -0.046886960923203935 -0.094388602739426911 -0.039385974594725592 -0.048076805025859953 0.050733854816342176 0.0011525983555038209 -0.02248567556854764
leaf_weight=2385.0953650819138 18584.898013916565 12753.952888720902 56920.445380296558 854.09285339061171 24131.194243900944 5861.0141853746027 1481.9005931045394 1289.6109815877862 338.45867017097771 4729.6393494538497 2424.4220875306055 377.51862160116434 5136.6232188390568 2929.0356094015297
leaf_count=17801 197545 210715 208403 11983 91426 46345 35947 12235 3637 120951 20998 4123 18441 53115
internal_value=0.00341676 -0.00787494 0.00532311 0.000841307 0.0109859 0.0181892 0.00158858 0.00371471 0.00485605 -0.0124926 -0.0191426 -0.0327059 -0.00741855 0.00487945
internal_weight=140198 20246.2 119952 66963.7 52988 29992.2 22995.8 58548.5 57258.9 17861.1 8415.14 5107.16 5990.72 21513.9
internal_count=1053665 353590 700075 275697 424378 137771 286607 224275 212040 335789 51422 125074 30424 250660
cat_boundaries=0 1
cat_threshold=1
is_linear=0
shrinkage=0.05


Tree=89
num_leaves=15
num_cat=0
split_feature=37 37 6 109 7 37 37 58 37 1 38 9 35 30
split_gain=1148.66 2021.72 1742.44 1704.04 2159.48 1415.32 2070.89 3234.29 2916.32 2425.25 2074.06 1369.77 1303.72 1396.85
threshold=1.0000000180025095e-35 4.5000000000000009 926614464.00000012 0.7749999761581422 18397.696289062504 9.5000000000000018 5.5000000000000009 0.18701888993382457 7.5000000000000009 75315.000000000015 14.500000000000002 1945685.5000000002 74.665000915527358 -6.0850000381469718
decision_type=2 2 2 2 2 2 2 2 2 2 2 2 2 2
left_child=11 -2 3 5 12 6 7 -3 9 -8 -10 -1 13 -5
right_child=1 2 -4 4 -6 -7 8 -9 10 -11 -12 -13 -14 -15
leaf_value=-0.003277782902115492 -0.043573202665870066 -0.059181923307056156 -0.059755651015093558 0.016544808885304213 -0.078333820128853801 0.029135623679218788 -0.05223488145147618 0.022404104086531641 0.019374422397494789 0.11112003531496908 -0.015723235132781371 0.014439181613223448 0.014795257054588172 -0.013671437853105274
leaf_weight=15557.149675898254 2610.0071115836035 1304.2005715100095 1159.3510588039644 4543.9305797414854 1005.403461918002 6922.4115498829633 4024.2046928363852 17484.255945891142 9156.2452834127471 239.70230155158788 7788.207961213775 36482.280969328713 7296.3911080411635 24102.635139518883
leaf_count=107100 181932 28642 23732 20969 12740 6955 121876 84755 29629 2562 35613 82944 81276 232940
internal_value=0.00325773 -0.000235763 0.00109444 0.00193691 -0.00609361 0.00826191 0.00464732 0.0167353 -0.00605933 -0.043016 0.0032395 0.00914179 -0.00406938 -0.00887637
internal_weight=139676 87636.9 85026.9 83867.6 36948.4 46919.2 39996.8 18788.5 21208.4 4263.91 16944.5 52039.4 35943 28646.6
internal_count=1053665 863621 681689 657957 347925 310032 303077 113397 189680 124438 65242 190044 335185 253909
is_linear=0
shrinkage=0.05


Tree=90
num_leaves=15
num_cat=0
split_feature=6 1 1 1 57 14 57 3 3 6 5 6 57 34
split_gain=1096.95 1074.94 1314.01 3761.09 26672.7 1951.34 1408.41 1048.92 1217.87 1290.57 4799.25 1215.36 1183.28 1918.81
threshold=48186.425781250007 10602.500000000002 26470.000000000004 26564.500000000004 17.249829292297367 3745070.0000000005 11.497604370117189 220078880.00000003 210050000.00000003 29996700.000000004 13.444999694824221 43865000.000000007 9.0855574607849139 3.185000061988831
decision_type=2 2 2 2 2 2 2 2 2 2 2 2 2 2
left_child=1 -1 -3 4 -4 6 -5 8 12 10 -10 -9 -2 -14
right_child=7 2 3 5 -6 -7 -8 11 9 -11 -12 -13 13 -15
leaf_value=0.028015821402001113 0.011700562063678199 -0.035604579925459803 0.027673211941314963 -0.011187497876234045 1.3194424084252585 0.012026096049691577 -0.055176304176083803 -0.053271946464315892 0.024311307823110029 0.029617846086974226 0.63909120053515123 -0.0033408152392419769 0.0062690091609931709 -0.015266808479774166
leaf_weight=1966.7183207857888 49910.808374110144 4183.5817186359782 589.33391876146197 5976.8261426351964 41.879628281109035 6301.537296615541 2618.1814662674442 1436.0146142996382 108.20265053957701 329.09607498673722 44.084026316180825 8042.5556602508295 43640.453610863769 13554.358141737524
leaf_count=26001 214751 78928 1499 116646 241 57202 82697 24387 398 1068 57 66336 208541 174913
internal_value=0.0031137 -0.00721656 -0.0107357 -0.00403027 0.11541 -0.00910209 -0.0245979 0.00502712 0.00643224 0.0857087 0.205613 -0.0109155 0.00607467 0.00116427
internal_weight=138744 21678.1 19711.3 15527.8 631.214 14896.5 8595.01 117066 107587 481.383 152.287 9478.57 107106 57194.8
internal_count=1053665 363214 337213 258285 1740 256545 199343 690451 599728 1523 455 90723 598205 383454
is_linear=0
shrinkage=0.05


Tree=91
num_leaves=15
num_cat=0
split_feature=57 37 37 116 38 16 10 36 6 38 38 14 26 37
split_gain=1056.43 998.126 1868.77 1657.35 1378.33 1388.75 1362.54 1604.13 1337.56 1344.82 1669.58 1270.81 1175.7 1171.73
threshold=1.0718685984611513 1.0000000180025095e-35 4.5000000000000009 2.1250000000000004 16.500000000000004 2261704.5000000005 343831.00000000006 0.36500000953674322 926614464.00000012 14.500000000000002 15.500000000000002 1214689.5000000002 -91.04000091552733 8.5000000000000018
decision_type=2 2 2 2 2 2 2 2 2 2 2 2 2 2
left_child=-1 4 12 8 11 -6 -5 -8 9 13 -11 -2 -3 -4
right_child=1 2 3 6 5 -7 7 -9 -10 10 -12 -13 -14 -15
leaf_value=-0.05462381067853498 -0.017348482496064299 0.16879575167741889 0.004585938051593086 -0.065447868549128763 0.0033408957084141546 -0.036447513548296076 0.021507018580864998 -0.025669772584174612 -0.055765223894663998 -0.022180187177438998 0.0034647214268539619 0.017923463675108841 -0.048522565181266221 0.023395255267891019
leaf_weight=791.2871810591314 2788.1308879898861 62.835521152708679 22500.914796740515 1318.7845941153355 15926.203403836582 2542.0766638875939 2633.1672919178382 5697.419560039416 929.84451789129525 8082.0394972553477 29536.79723561462 30103.619178719819 2403.3371592082549 13108.298311065882
leaf_count=37745 41494 1244 300516 17636 58806 13443 15145 76512 18706 58357 158021 60946 177718 17376
internal_value=0.00294368 0.00327541 -9.32669e-06 0.00125268 0.00879391 -0.00213477 -0.0182378 -0.0107511 0.00378965 0.0045473 -0.00204395 0.0149316 -0.0428991 0.0115118
internal_weight=138425 137633 86273.4 83807.3 51360 18468.3 9649.37 8330.59 74157.9 73228 37618.8 32891.8 2466.17 35609.2
internal_count=1053665 1015920 841231 662269 174689 72249 109293 91657 552976 534270 216378 102440 178962 317892
is_linear=0
shrinkage=0.05


Tree=92
num_leaves=15
num_cat=0
split_feature=5 11 178 37 6 37 37 0 12 33 16 38 1 36
split_gain=1014.02 1432.88 2603.96 2235.75 1983.95 1531.64 1336.72 1325.03 1921.57 1475.3 1455.4 1430.38 1404.17 1399.86
threshold=67.965000152587905 2011389.5000000002 1.7017678618431094 5.5000000000000009 44632524.000000007 4.5000000000000009 7.5000000000000009 91.500000000000014 19291440.000000004 4.4149999618530282 2759884.5000000005 16.500000000000004 68115.500000000015 1.8350000381469729
decision_type=2 2 2 2 2 2 2 2 2 2 2 2 2 2
left_child=1 2 3 5 -4 -1 -5 9 -9 13 11 -11 -12 -3
right_child=-2 7 4 6 -6 -7 -8 8 -10 10 12 -13 -14 -15
leaf_value=-0.025526887492313816 0.032540804784916687 0.0078244540700611424 -0.014618216559583751 -0.048331452676217024 -0.071713962416907515 0.015848958604241587 -0.0081238970292693263 0.013905141979402905 -0.18363343912333918 0.0078722208254170187 -0.030610760106705229 -0.01618998700824335 0.026467634399952825 0.05714261692897972
leaf_weight=2564.2907432517968 2808.4183870288543 20435.787762990454 4501.6696300753392 2576.0643874183297 2300.1400537614245 17425.975289097056 10474.944054137915 35139.170540362131 122.51295027509332 20054.473830212373 7688.791071140673 8923.3406570476945 1251.3497863681987 1547.3995982848573
leaf_count=116650 4719 109292 64392 87852 26286 89363 47335 57243 764 185678 169317 70244 16264 8266
internal_value=0.00280825 0.00218914 -0.00577095 2.74426e-05 -0.0339411 0.0105379 -0.0160672 0.00552244 0.0132122 0.00099477 -0.00497897 0.000460549 -0.0226138 0.0113007
internal_weight=137814 135006 39843.1 33041.3 6801.81 19990.3 13051 95162.8 35261.7 59901.1 37918 28977.8 8940.14 21983.2
internal_count=1053665 1048946 431878 341200 90678 206013 135187 617068 58007 559061 441503 255922 185581 117558
is_linear=0
shrinkage=0.05


Tree=93
num_leaves=15
num_cat=0
split_feature=19 18 57 21 38 57 1 5 15 20 13 12 34 31
split_gain=1005.75 1755.71 1640.53 1486.8 1230.65 1203.72 1183.24 1153.88 1205.72 1024.05 1183.08 1283.06 1023.97 2055.26
threshold=2744212.5000000005 2197664.0000000005 9.6550307273864764 114135.50000000001 18.500000000000004 9.0006842613220233 46203.500000000007 67.915000915527358 349999.50000000006 124011.50000000001 4000000.5000000005 13908922.500000002 3.9150000810623173 12.275000095367433
decision_type=2 2 2 2 2 2 2 2 2 2 2 2 2 2
left_child=1 3 -3 7 -5 -2 -6 8 12 10 11 -10 -1 -14
right_child=5 2 -4 4 6 -7 -8 -9 9 -11 -12 -13 13 -15
leaf_value=-0.0019289638665633492 -0.067266631407936039 0.0039849440060786495 -0.036272300823286717 0.013987315512870644 -0.052671416034956065 0.047436438924356686 0.012367807755437629 0.030600548089885861 0.013934025036865128 -0.036230584063571672 -0.089005058701564915 0.22557516814819698 -0.036854384424521762 0.016449579189568457
leaf_weight=54174.546700563515 255.31589529360645 4665.1635765591636 5524.3782782729249 37721.115641740151 1407.7279996220022 2108.9971196348779 1386.0911453720182 2961.5765069816262 16812.072170185857 1116.8291904190555 277.69220803445205 70.957017958629876 5919.7988576230127 2601.3857448922936
leaf_count=463657 5978 39069 108209 150893 5911 23885 2939 5337 97486 14637 3829 177 94048 37610
internal_value=0.00268288 0.00211466 -0.0178375 0.00374881 0.0116149 0.0350056 -0.0203929 -4.7591e-05 -0.00116952 0.0101294 0.0131514 0.0148398 -0.00446438 -0.0205756
internal_weight=137004 134639 10189.5 124450 40514.9 2364.31 2793.82 83934.9 80973.3 18277.6 17160.7 16883 62695.7 8521.18
internal_count=1053665 1023802 147278 876524 159743 29863 8850 716781 711444 116129 101492 97663 595315 131658
is_linear=0
shrinkage=0.05


Tree=94
num_leaves=15
num_cat=0
split_feature=57 23 21 16 0 24 15 13 5 14 20 50 20 57
split_gain=956.38 932.264 1055.24 1393.88 1684.22 1548.94 1231.88 1402.28 1100.56 1095.66 1037.02 1021.94 1011.32 960.076
threshold=1.0718685984611513 -5174573.4999999991 248496.00000000003 2391463.5000000005 91.500000000000014 -28.414999961853024 310002.50000000006 4712521.0000000009 67.915000915527358 2318593.5000000005 261045.00000000003 71335.500000000015 124011.50000000001 26.591376304626468
decision_type=2 2 2 2 2 2 2 2 2 2 2 2 2 2
left_child=-1 -2 3 6 5 -5 8 12 13 -4 -6 -7 -8 -3
right_child=1 2 9 4 10 11 7 -9 -10 -11 -12 -13 -14 -15
leaf_value=-0.053666654839016531 -0.048951150350049752 -0.00059683828468946659 -0.069662958017652696 0.011629529138918668 0.014336111974693443 -0.040827775532691096 0.017255979108415195 -0.060822675502672036 0.029681996817293239 0.013947722078218001 -0.17641448876131127 0.25564703996987065 -0.022972241622118247 -0.041958056536986331
leaf_weight=751.15325038530864 861.3613038090989 68269.387684590649 397.13983253343031 1927.9725380155724 4170.7966566523537 6366.592141646659 22981.059338164283 632.21941705560312 2958.8090947978199 24099.536867843708 71.461950816214085 28.172094230540097 1674.3825198141858 1431.5314441567753
leaf_count=37745 5708 549230 6163 13581 7056 139114 98597 5952 5363 143527 390 280 11415 29544
internal_value=0.00255558 0.00286716 0.0031985 0.00111676 -0.0145599 -0.0276299 0.00312845 0.0126332 -0.000178908 0.0125874 0.0110703 -0.0394741 0.0145212 -0.00144763
internal_weight=136622 135870 135009 110512 12565 8322.74 97947.4 25287.7 72659.7 24496.7 4242.26 6394.76 24655.4 69700.9
internal_count=1053665 1015920 1010212 860522 160421 152975 700101 115964 584137 149690 7446 139394 110012 578774
is_linear=0
shrinkage=0.05


Tree=95
num_leaves=15
num_cat=0
split_feature=6 38 14 38 6 50 25 38 34 18 3 27 19 14
split_gain=903.847 1034.2 1475.57 2051.91 1740.83 1226.94 1164.88 1098.79 1292.35 1379.79 1289.34 1004.15 1365.86 1132.63
threshold=48186.425781250007 14.500000000000002 2318593.5000000005 17.500000000000004 8702000.0000000019 6691.0000000000009 -74.235000610351548 13.500000000000002 6.0850000381469735 1134472.0000000002 160040000.00000003 -52.914999008178704 -1241771.4999999998 43563180.000000007
decision_type=2 2 2 2 2 2 2 2 2 2 2 2 2 2
left_child=11 7 3 4 -3 -4 -6 10 -9 -10 -2 -1 -13 -14
right_child=1 2 5 -5 6 -7 -8 8 9 -11 -12 12 13 -15
leaf_value=0.023468809683098057 0.0050389565890052385 0.0096571507662111498 0.0079958569806042323 0.011922317183017556 0.025027857533465554 -0.087359492549681728 -0.028139146281300487 0.019221561036535457 -0.072448562071927597 0.0091967686042223416 -0.036829965086188611 -0.08115267216631708 -0.011294231924938955 0.043717814831668061
leaf_weight=2395.0117616606876 20128.778431662824 4838.9807626004331 34117.062495918246 8957.3771373475902 1103.943568456918 339.63872006209567 15094.132892345311 26033.825635044603 810.0271435007453 1426.8389838710427 2022.5227967214305 666.32891982281581 17264.682556693442 987.97670076228678
leaf_count=18427 236270 23751 114412 25045 3357 3615 102021 112258 12675 10906 46141 6877 333315 4595
internal_value=0.00243487 0.00418972 -5.73483e-06 -0.00811506 -0.0166493 0.00705198 -0.0245113 0.00955339 0.0160869 -0.0203659 0.00121237 -0.00702044 -0.0108838 -0.00831158
internal_weight=136187 114873 64451.1 29994.4 21037.1 34456.7 16198.1 50422 28270.7 2236.87 22151.3 21314 18919 18252.7
internal_count=1053665 690451 272201 154174 129129 118027 105378 418250 135839 23581 282411 363214 344787 337910
is_linear=0
shrinkage=0.05


Tree=96
num_leaves=15
num_cat=0
split_feature=57 19 18 57 21 57 38 23 24 1 26 132 20 21
split_gain=882.913 820.557 1656.05 1482.67 1244.92 1122.88 1093.81 1008.72 979.852 1432.88 985.803 1698.92 1583.51 961.086
threshold=1.0718685984611513 2744212.5000000005 2197664.0000000005 9.6550307273864764 248496.00000000003 9.0006842613220233 9.5000000000000018 105923.00000000001 714.98498535156261 91137.500000000015 3.435000061988831 -11.296313285827635 138078.00000000003 436.50000000000006
decision_type=2 2 2 2 2 2 2 2 2 2 2 2 2 2
left_child=-1 2 4 13 6 -3 -2 -5 10 -10 11 -8 -12 -4
right_child=1 5 3 7 -6 -7 8 -9 9 -11 12 -13 -14 -15
leaf_value=-0.052923832723719311 -0.052326128412536893 -0.069436126260524908 0.25389328057040811 -0.073426566670401969 0.016057760447892078 0.04392611265089999 -0.028210641288405648 -0.022966405135191516 -0.050578248877559642 0.19817984017217002 0.010812799146685348 0.0011228718365973904 -0.025114853217678708 0.0013417716936793981
leaf_weight=718.32261816388927 929.35926603968255 242.79974421090446 36.98791142180562 1303.091328345472 17475.988070034655 2083.5814911625348 5452.6200586378109 4148.7467332093511 1321.5700727603398 59.496475431602448 42109.64758072258 51994.981821923517 3306.1647235443816 4589.2904033125378
leaf_count=37745 47968 5924 687 20831 63268 23885 39009 87378 19922 256 236449 402993 29176 38174
internal_value=0.00232062 0.00261521 0.00209871 -0.017383 0.00370006 0.0320485 0.00164605 -0.0350478 0.0021282 -0.0396899 0.00269053 -0.00166088 0.00819575 0.0034262
internal_weight=135773 135054 132728 10078.1 122650 2326.38 105174 5451.84 104244 1381.07 102863 57447.6 45415.8 4626.28
internal_count=1053665 1015920 986111 147070 839041 29809 775773 108209 727805 20178 707627 442002 265625 38861
is_linear=0
shrinkage=0.05


Tree=97
num_leaves=15
num_cat=0
split_feature=37 37 32 107 1 7 27 21 50 6 38 10 20 54
split_gain=835.551 4271.15 1856.44 1786.28 1501.84 2595.28 1575.55 1449.24 1247.35 1160.18 1224.04 1167.32 1130 1553.48
threshold=5.5000000000000009 7.5000000000000009 7.3949999809265146 0.36999998986721044 75315.000000000015 37468300.000000007 529.09500122070324 1.0000000180025095e-35 58151.000000000007 233124216.00000003 14.500000000000002 1673731.5000000002 17364.000000000004 199988.00000000003
decision_type=2 2 2 2 2 2 2 2 2 2 2 2 2 2
left_child=2 4 -1 -3 6 -6 8 -8 -2 10 -5 -12 -4 -14
right_child=1 3 12 9 5 -7 7 -9 -10 -11 11 -13 13 -15
leaf_value=0.0078307892485071553 -0.048564859960377377 0.020442753007216787 0.0020169322054593842 0.012439914850584514 0.0034709115434813902 0.36925390535710262 0.38138261617584535 0.030476316522044539 0.14824343928684589 -0.024807573045382253 -0.019962383978212768 0.0071319636961043658 -0.032682939973035306 -0.31319695914718587
leaf_weight=73998.455154055264 7092.1525998343714 11309.770396337844 3713.5767467734404 13452.687536625192 291.78261119360104 57.232308320701122 31.806095267180353 292.9658290236257 80.366928009781986 4967.1460287976079 8994.2422766881064 7119.1804408896714 3991.646077951882 49.037443870678544
leaf_count=419413 261937 24738 59894 49260 5202 126 86 5363 1306 23234 42784 22925 136982 415
internal_value=0.00220853 -0.00263686 0.00539123 0.00319677 -0.036723 0.0644793 -0.0414488 0.0660605 -0.0463323 -0.00245034 0.00130473 -0.00798884 -0.0178809 -0.0361763
internal_weight=135442 53689.3 81752.7 45843 7846.31 349.015 7497.29 324.772 7172.52 34533.3 29566.1 16113.4 7754.26 4040.68
internal_count=1053665 436961 616704 162941 274020 5328 268692 5449 263243 138203 114969 65709 197291 137397
is_linear=0
shrinkage=0.05


Tree=98
num_leaves=15
num_cat=0
split_feature=57 23 9 38 1 37 37 89 1 7 27 163 15 33
split_gain=825.54 817.142 934.787 982.889 873.048 855.151 4208.26 1550.8 1439.77 1668.01 1525.81 1373.56 2785.58 1846.38
threshold=1.0718685984611513 -5174573.4999999991 65768712.000000007 9.5000000000000018 47316.000000000007 5.5000000000000009 7.5000000000000009 3.4735221862792973 75315.000000000015 37468300.000000007 529.09500122070324 0.02238930901512504 29999.500000000004 3.7549999952316289
decision_type=2 2 2 2 2 2 2 2 2 2 2 2 2 2
left_child=-1 -2 3 -3 -4 11 8 -8 10 -10 -7 12 -5 -14
right_child=1 2 4 5 -6 6 7 -9 9 -11 -12 -13 13 -15
leaf_value=-0.052325322932533974 -0.046535702250872647 -0.036074316361197366 0.068257095148545027 -0.054432626907799757 -0.078517211888967167 -0.047740862085744129 -0.001674449437024345 0.020285525863922339 0.0045130524920107178 0.26909043997549803 0.061678997072168285 0.012951679517279624 0.018277930107485275 -0.0047376739709649408
leaf_weight=692.00950046139769 847.10386954434216 1643.7602921449579 870.7900127125904 2239.8931068354286 113.49042082438245 6598.9844615361653 33337.871079463512 10592.084729273804 285.79213826963678 74.40583499148488 333.53625602647662 37888.902660529129 13023.477481781505 26324.095789948246
leaf_count=37745 5708 84907 2681 23824 1652 245944 129448 22245 4746 126 5139 266543 38352 184605
internal_value=0.00210316 0.00238464 0.00269618 0.00233452 0.0512203 0.00281823 -0.00221885 0.00361959 -0.037391 0.0598987 -0.0424611 0.00606526 -0.000207676 0.00287916
internal_weight=134866 134174 133327 132343 984.28 130699 51222.7 43930 7292.72 360.198 6932.52 79476.4 41587.5 39347.6
internal_count=1053665 1015920 1010212 1005879 4333 920972 407648 151693 255955 4872 251083 513324 246781 222957
is_linear=0
shrinkage=0.05


Tree=99
num_leaves=15
num_cat=0
split_feature=24 1 19 18 57 12 20 1 12 27 57 7 57 6
split_gain=782.337 905.689 877.734 1423.02 1398.8 1125.25 1425.39 1135.55 1113.97 1178.23 1124.91 1584.37 1077.81 1008.73
threshold=1098.3549804687502 91137.500000000015 2744212.5000000005 2197664.0000000005 9.6550307273864764 1440748.5000000002 392.00000000000006 3111.5000000000005 1240757.0000000002 -39.745000839233391 22.585900306701664 5448511.5000000009 5.7125256061553964 480231440.00000006
decision_type=2 2 2 2 2 2 2 2 2 2 2 2 2 2
left_child=2 -2 3 5 -5 8 -7 -8 9 -1 13 -12 -10 -11
right_child=1 -3 -4 4 -6 6 7 -9 12 10 11 -13 -14 -15
leaf_value=0.020213700732357294 -0.033644588447219972 0.14087472608496177 0.033807373021445659 0.0040782872283125406 -0.033697099745722402 -0.082200246366670532 -0.084134511172755277 0.012744607153670724 0.012314852166274329 0.002130041860711797 -0.041148073203030461 0.022308561853977029 -0.054411600895824169 -0.033554332163613552
leaf_weight=7502.9889889350161 2126.3721226926427 75.963215929921716 2200.467554677045 4540.9736549616791 5316.777150556678 405.7785697998479 303.96683894493617 35363.58664472471 921.08725996804424 66715.185638175812 3568.7499457690865 1355.9426966765895 1755.799333460629 2039.9178055846132
leaf_count=42038 31382 357 28635 37927 107739 4577 3894 154978 4593 525032 62434 9619 17304 23156
internal_value=0.00200525 -0.0275411 0.00249883 0.00196738 -0.0162921 0.00346874 0.0108529 0.0119152 0.000291653 0.00133885 -0.000582788 -0.0236651 -0.0314371 0.00107011
internal_weight=134194 2202.34 131991 129791 9857.75 119933 36073.3 35667.6 83859.7 81182.8 73679.8 4924.69 2676.89 68755.1
internal_count=1053665 31739 1021926 993291 145666 847625 163449 158872 684176 662279 620241 72053 21897 548188
is_linear=0
shrinkage=0.05


Tree=100
num_leaves=15
num_cat=0
split_feature=6 1 1 1 57 14 57 38 14 38 6 50 25 38
split_gain=765.576 1017.34 1131.47 2813.54 5450.95 1556.69 1335.86 980.759 1216.73 1816.44 1543.08 1100.04 1040.19 1008.83
threshold=48186.425781250007 10602.500000000002 26470.000000000004 26564.500000000004 17.249829292297367 3745070.0000000005 11.497604370117189 14.500000000000002 2318593.5000000005 17.500000000000004 8702000.0000000019 6691.0000000000009 -74.235000610351548 19.500000000000004
decision_type=2 2 2 2 2 2 2 2 2 2 2 2 2 2
left_child=1 -1 -3 4 -4 6 -5 -2 9 10 -9 -10 -12 -11
right_child=7 2 3 5 -6 -7 -8 8 11 13 12 -13 -14 -15
leaf_value=0.027765427664032623 0.0088191652047724754 -0.033931272923803525 0.024902827697367631 -0.0099669405014821688 0.38023770881944091 0.010263022917944729 -0.054259604684939212 0.0089684971705607849 0.0068047344903309328 0.023834963163557474 0.023950446059870314 -0.084919647453766012 -0.026843034174447812 -0.011251764047426898
leaf_weight=1923.4307221872732 49426.371952347457 4020.4881906870287 547.17747947201133 5768.1583406724967 133.61553654819727 6127.7355351778679 2416.7574668603484 4761.8715386828408 33496.166338995332 5612.1049242764711 1078.785882262513 329.02704741526395 14992.569372606231 3223.1718436731026
leaf_count=26001 418250 78928 1499 116646 241 57202 82697 23751 114412 13125 3357 3615 102021 11920
internal_value=0.00190921 -0.00687124 -0.010379 -0.00405824 0.0951712 -0.00878798 -0.0230564 0.00353775 -0.00057283 -0.00796391 -0.0160215 0.00590854 -0.0234291 0.0110296
internal_weight=133857 20937.4 19013.9 14993.4 680.793 14312.7 8184.92 112920 63493.7 29668.5 20833.2 33825.2 16071.4 8835.28
internal_count=1053665 363214 337213 258285 1740 256545 199343 690451 272201 154174 129129 118027 105378 25045
is_linear=0
shrinkage=0.05


Tree=101
num_leaves=15
num_cat=1
split_feature=5 11 178 6 37 57 38 37 57 1 6 6 57 8
split_gain=759.031 910.863 2294.77 1813.37 1718.24 1524.4 1347.5 1187.14 1156.32 1486.15 1946.25 2064.99 1447.98 1418.34
threshold=67.965000152587905 2011389.5000000002 1.7017678618431094 44632524.000000007 5.5000000000000009 12.390143871307375 12.500000000000002 7.5000000000000009 10.772074222564699 29191.500000000004 229743688.00000003 18807300.000000004 19.681040763854984 0
decision_type=2 2 2 2 2 2 2 2 2 2 2 2 2 1
left_child=1 2 4 -4 5 -1 -7 -6 13 10 11 -10 -11 -3
right_child=-2 8 3 -5 7 6 -8 -9 9 12 -12 -13 -14 -15
leaf_value=-0.0026376634469889252 0.028382615490131879 0.01498595337032713 -0.01343736998850689 -0.069137352130896015 -0.046779336429849827 -0.032871998298142593 0.032227112483979074 -0.0068528569311175616 -0.038494972520256632 -0.0062479965093360729 -0.053874437441206104 0.005176590163803188 0.018169203845200519 -0.0024940743494546846
leaf_weight=11052.357694393722 2634.4023829656653 33727.686259627109 4372.8238384227734 2196.3893371205777 2266.9898576752748 885.34538461267948 7662.9219469148666 10424.089337539859 3694.1736209355295 12578.337827121606 2572.3032391984016 10114.60521227587 11732.429618715076 17684.700148538454
leaf_count=118472 4719 141682 64392 26286 87852 40505 47036 47335 53112 113428 36160 55728 102067 114891
internal_value=0.00181426 0.00127923 -0.00513963 -0.0320757 0.000339346 0.0096214 0.0254759 -0.0139919 0.00398807 -0.00230815 -0.0139492 -0.0065049 0.005534 0.00897231
internal_weight=133600 130965 38860.9 6569.21 32291.7 19600.6 8548.27 12691.1 92104.2 40691.8 16381.1 13808.8 24310.8 51412.4
internal_count=1053665 1048946 431878 90678 341200 206013 87541 135187 617068 360495 145000 108840 215495 256573
cat_boundaries=0 1
cat_threshold=2
is_linear=0
shrinkage=0.05


Tree=102
num_leaves=15
num_cat=1
split_feature=57 23 9 38 1 3 6 38 8 54 36 15 9 57
split_gain=742.352 740.108 823.492 867.114 797.851 736.766 1040.47 883.272 868.709 1505.98 1180.92 1901.84 1325.01 1102.85
threshold=1.0718685984611513 -5174573.4999999991 65768712.000000007 9.5000000000000018 47316.000000000007 265048096.00000003 43865000.000000007 13.500000000000002 0 473.50000000000006 0.82499998807907116 349999.50000000006 6830982.0000000009 9.329226493835451
decision_type=2 2 2 2 2 2 2 2 1 2 2 2 2 2
left_child=-1 -2 3 -3 -4 8 -7 -8 9 13 12 -12 -10 -5
right_child=1 2 4 5 -6 6 7 -9 10 -11 11 -13 -14 -15
leaf_value=-0.051334901338203578 -0.044771595235025469 -0.034727892475322868 0.064669974326540217 0.0094732540062304801 -0.077439223265524354 -0.059731271892373955 -0.046890377091896224 0.0024431438577204203 -6.0983449979369103e-05 0.019268956614767196 -0.027584541804421599 0.0033282265152166229 0.025227167174493033 -0.0062336615790082109
leaf_weight=654.77655163547024 839.61026382702403 1590.5353289395571 854.65385690098628 24884.271944080479 110.49877053312957 1013.6948816871736 1078.2661241157912 5684.8855907863472 31117.751553879585 18776.411869909614 9219.0415171356872 10802.181561743142 6212.457618014887 20281.631957506528
leaf_count=37745 5708 84907 2681 143554 1652 19222 22177 34281 252036 30846 118706 80814 24574 194762
internal_value=0.00172933 0.00199239 0.0022914 0.00195091 0.0482851 0.00240356 -0.0125131 -0.0054206 0.00336046 0.00736794 -0.00110675 -0.0109041 0.00414667 0.00241902
internal_weight=133121 132466 131626 130661 965.153 129071 7776.85 6763.15 121294 63942.3 57351.4 20021.2 37330.2 45165.9
internal_count=1053665 1015920 1010212 1005879 4333 920972 75680 56458 845292 369162 476130 199520 276610 338316
cat_boundaries=0 1
cat_threshold=2
is_linear=0
shrinkage=0.05


Tree=103
num_leaves=15
num_cat=0
split_feature=24 1 19 18 1 19 12 20 15 36 57 6 12 27
split_gain=701.893 770.207 750.315 1300.33 1297.08 1245.88 1023.67 1359.02 1268.81 1579.32 2065.21 1588.15 946.139 957.909
threshold=1098.3549804687502 91137.500000000015 2744212.5000000005 1808676.5000000002 29292.500000000004 518701.00000000006 1440748.5000000002 470.50000000000006 1500010.0000000002 3.2050000429153447 18.257357597351078 1248922.0000000002 1240757.0000000002 -39.745000839233391
decision_type=2 2 2 2 2 2 2 2 2 2 2 2 2 2
left_child=2 -2 3 6 -5 -6 12 -8 -9 11 -11 -10 13 -1
right_child=1 -3 -4 4 5 -7 7 8 9 10 -12 -13 -14 -15
leaf_value=0.018730010222956152 -0.032541053218978801 0.12178108836958715 0.0313129682011462 -0.038386414909413122 -0.023535653155086437 0.012405884031804898 -0.072948717644011105 0.014574366148380067 0.0072484011311308274 -0.076347966786092694 0.99144463130755978 -0.080376548841799705 -0.029475701787686177 -0.00042931851423767988
leaf_weight=7173.4647222473286 2085.3766404965427 83.022924467455596 2163.5030116175767 3678.823065723991 4334.8517899881117 5429.2912610354833 476.90172090381384 30607.749465132365 1243.5741913157981 8.9368771635927278 7.7596955355256787 882.87984672305174 2576.2919980573934 71895.148502410622
leaf_count=40256 31382 357 28635 62912 56946 60166 4979 125059 5541 191 24 8427 20601 608189
internal_value=0.00164925 -0.026556 0.00211857 0.0016257 -0.0130865 -0.00354624 0.00334793 0.0107465 0.011969 -0.0252062 0.445063 -0.0291297 0.000336134 0.00130849
internal_weight=132648 2168.4 130479 128316 13443 9764.14 114873 33227.8 32750.9 2143.15 16.6966 2126.45 81644.9 79068.6
internal_count=1053665 31739 1021926 993291 180024 117112 813267 144221 139242 14183 215 13968 669046 648445
is_linear=0
shrinkage=0.05


Tree=104
num_leaves=15
num_cat=0
split_feature=5 37 37 6 116 38 121 6 26 16 0 13 12 19
split_gain=703.001 778.19 1469.09 1325.64 1254.43 1220.17 1408.17 1639.64 1476.07 1869.16 1277.29 1237.89 1217.48 1205.01
threshold=67.965000152587905 1.0000000180025095e-35 4.5000000000000009 926614464.00000012 2.1250000000000004 16.500000000000004 8.9190998077392596 132631756.00000001 65.825000762939467 5649386.0000000009 91.500000000000014 222590.00000000003 2491538.0000000005 120625.00000000001
decision_type=2 2 2 2 2 2 2 2 2 2 2 2 2 2
left_child=1 5 -3 4 -4 13 7 8 12 -10 -8 -9 -7 -1
right_child=-2 2 3 -5 -6 6 10 11 9 -11 -12 -13 -14 -15
leaf_value=-0.002124821611037457 0.0273581187828939 -0.041845447511951683 0.0022598966287222639 -0.056536004042888534 -0.017445995245053462 -0.041362642521407811 -0.013660176568381087 0.0018572263921374918 0.015801652447260794 -0.16893030231513073 0.041927374026044149 -0.074284730125171811 0.016121912310517596 0.018898656472791105
leaf_weight=10115.662643271731 2589.837152976077 2241.9345895850565 68753.835763860494 1051.905242061941 9149.801850534277 3358.5518039953895 1690.4389193495736 788.10421714466065 6105.1782817300409 139.04083418287337 2651.8940085917711 1644.7207895028405 1266.9156698314473 20866.448589849751
leaf_count=65922 4719 181915 547131 23708 106642 28983 9745 4037 15117 1063 2353 9466 2684 50180
internal_value=0.00156818 0.00105311 -0.00194215 -0.000807952 -5.41178e-05 0.00605556 -0.00443736 -0.0125098 -0.00419828 0.0116538 0.0202779 -0.0496077 -0.0256067 0.012033
internal_weight=132414 129824 81197.5 78955.5 77903.6 48627 17644.8 13302.5 10869.7 6244.22 4342.33 2432.83 4625.47 30982.1
internal_count=1053665 1048946 859396 677481 653773 189550 73448 61350 47847 16180 12098 13503 31667 116102
is_linear=0
shrinkage=0.05


Tree=105
num_leaves=15
num_cat=0
split_feature=57 38 54 37 7 6 12 1 6 37 1 20 36 17
split_gain=688.461 685.396 1206.07 1507.53 1833.38 1810.32 1622.52 1733.1 1497.86 1389.44 2039.74 1293.95 1524.29 1255.65
threshold=0.89117044210433971 14.500000000000002 2265.5000000000005 8.5000000000000018 5353639.2500000009 29996700.000000004 1460835.0000000002 1115.0000000000002 28319960.000000004 5.5000000000000009 75315.000000000015 74531.500000000015 0.66500002145767223 10813217.000000002
decision_type=2 2 2 2 2 2 2 2 2 2 2 2 2 2
left_child=-1 2 3 4 6 8 7 -2 -6 -7 -11 13 -13 -8
right_child=1 -3 -4 -5 5 9 11 -9 -10 10 -12 12 -14 -15
leaf_value=-0.056233391130850775 0.075544824082726725 -0.0015082058704177725 0.019228545563003539 0.015591759156175425 -0.048935824640284453 0.042519602286327771 -0.0029668819841388843 -0.02110927650173957 0.3494091727172991 -0.042739799734158153 0.1995727878193802 0.018597570623017007 -0.039985033932581543 0.041803083985093803
leaf_weight=513.37364054797217 476.16112171881832 72952.670632440131 12938.128065465018 13976.598620139062 33.432756623253226 2601.1715965480544 2909.9495750789065 16348.691313221818 75.869087923318148 1072.6634395644069 93.456286678090692 1992.7972645882983 2503.2204062000383 3385.2133761283476
leaf_count=33566 3132 395836 22804 21724 385 17058 30585 367398 118 19001 221 29678 84622 27537
internal_value=0.00149646 0.00172288 0.00575943 0.0019254 -0.00413852 0.0280534 -0.00866012 -0.0183666 0.227773 0.0221867 -0.023123 0.00646914 -0.0140096 0.021103
internal_weight=131873 131360 58407.4 45469.2 31492.6 3876.59 27616 16824.9 109.302 3767.29 1166.12 10791.2 4496.02 6295.16
internal_count=1053665 1020099 624263 601459 579735 36783 542952 370530 503 36280 19222 172422 114300 58122
is_linear=0
shrinkage=0.05


Tree=106
num_leaves=15
num_cat=0
split_feature=47 39 19 18 19 21 24 1 21 57 26 20 7 61
split_gain=662.782 762.622 720.254 1056.85 1197.5 1138.56 1034.03 1004.2 993.504 982.43 941.738 1471.17 1438.72 1333.02
threshold=34.500000000000007 1478906.5000000002 2744212.5000000005 1808676.5000000002 434605.00000000006 248496.00000000003 211.06499481201175 58121.500000000007 436.50000000000006 9.0006842613220233 3.435000061988831 138078.00000000003 4836753.2500000009 0.10904360190033914
decision_type=2 2 2 2 2 2 2 2 2 2 2 2 2 2
left_child=2 -2 3 5 7 6 10 -5 -9 -4 12 -12 -1 -14
right_child=1 -3 9 4 -6 -7 -8 8 -10 -11 11 -13 13 -15
leaf_value=-0.0079203930769048136 -0.072035955439073249 0.0049203600329702207 -0.065014001808061717 -0.049096073225014969 -9.8003119211021049e-05 0.015742057154255071 -0.031764016396006581 0.2489161248611699 -0.008129905936725506 0.043459487308440466 0.0099799974942298766 -0.025777523069456656 -0.062780259696584975 0.012112489709333523
leaf_weight=38626.206649774686 654.89786242321134 629.78810130269267 234.38924544607289 3081.6026960504241 7832.1068738503382 14852.373418304836 2363.333118728362 37.35445063514635 1877.3673581304029 1828.2498995480128 39020.781483021798 3103.81662020972 614.96797394985333 16654.721340306103
leaf_count=410599 23304 11316 5494 45472 100510 51375 37676 569 20350 17539 225874 28459 4636 70492
internal_value=0.00142504 -0.0342965 0.00177835 0.00130572 -0.0123065 0.0028216 0.000909311 -0.0314303 -0.00296176 0.0310833 0.00169791 0.00734358 -0.00255597 0.00943921
internal_weight=131412 1284.69 130127 128065 12828.4 115236 100384 4996.32 1914.72 2062.64 98020.5 42124.6 55895.9 17269.7
internal_count=1053665 34620 1019045 996012 166901 829111 777736 66391 20919 23033 740060 254333 485727 75128
is_linear=0
shrinkage=0.05


Tree=107
num_leaves=15
num_cat=1
split_feature=23 9 38 1 18 3 6 8 54 182 185 34 33 16
split_gain=638.763 717.98 759.516 723.594 698.192 687.982 924.368 825.48 1305.05 1009.61 993.423 985.801 1274.69 902.868
threshold=-5174573.4999999991 65768712.000000007 9.5000000000000018 47316.000000000007 15717291.000000002 265048096.00000003 43865000.000000007 0 473.50000000000006 3.7635266780853276 5.1219298839569101 3.185000061988831 8.4449996948242205 9692123.5000000019
decision_type=2 2 2 2 2 2 2 1 2 2 2 2 2 2
left_child=-1 2 -2 -3 5 7 -7 8 10 -10 -4 13 -13 -9
right_child=1 3 4 -5 -6 6 -8 11 9 -11 -12 12 -14 -15
leaf_value=-0.042420796119909343 -0.033775627997990228 0.06117454731476514 -0.0081840916626753982 -0.076388102561224941 -0.088352514772319854 -0.057606055186968153 -0.0059187232936797687 0.00054500088526997009 -0.0040244001252135652 0.024362495559964725 0.007524021885449571 -0.041742554482482444 -0.0051495863660183175 0.033364368371982304
leaf_weight=826.92119154403917 1522.3857913422398 826.68728674342856 15246.566156310495 106.90992081025615 213.67617385042831 992.89219898893498 6700.8147992375307 40539.976703428663 4019.9771878831089 14133.560544287786 29606.12862639525 3027.2233827358577 11137.912414842052 2209.0411087004468
leaf_count=5730 85053 2693 142646 1661 6290 19413 57055 308892 8202 22619 197599 56658 126367 12787
internal_value=0.00135641 0.00163498 0.00131906 0.0453033 0.00173768 0.00188961 -0.0126022 0.00281987 0.00676269 0.0180738 0.00218326 -0.00154414 -0.0129758 0.00224284
internal_weight=131111 130284 129350 933.597 127828 127614 7693.71 119920 63006.2 18153.5 44852.7 56914.2 14165.1 42749
internal_count=1053665 1047935 1043581 4354 958528 952238 76468 875770 371066 30821 340245 504704 183025 321679
cat_boundaries=0 1
cat_threshold=2
is_linear=0
shrinkage=0.05


Tree=108
num_leaves=15
num_cat=0
split_feature=57 38 18 14 38 6 20 54 37 7 6 38 12 1
split_gain=636.185 635.064 1086.71 1144.29 1779.68 1303.2 1120.94 1050.3 1327.1 1604.84 1542.52 1666.75 1399.29 1582.42
threshold=0.89117044210433971 14.500000000000002 1971680.5000000002 2318593.5000000005 17.500000000000004 8702000.0000000019 1429.0000000000002 4171.5000000000009 8.5000000000000018 5353639.2500000009 382683200.00000006 8.5000000000000018 1460835.0000000002 1115.0000000000002
decision_type=2 2 2 2 2 2 2 2 2 2 2 2 2 2
left_child=-1 7 3 4 5 -3 -5 8 9 12 -11 -12 13 -2
right_child=1 2 -4 6 -6 -7 -8 -9 -10 10 11 -13 -14 -15
leaf_value=-0.055689736950757879 0.070158565404678186 0.0020780786516680439 -0.025376929389785158 -0.030271301283201314 0.011342000073821024 -0.02244925961066855 0.0086139451697940517 0.018353736215255125 0.014778121867429064 0.039833512453071832 0.30185970647224319 -0.065234747656829212 0.0060937797459175609 -0.019758604175956724
leaf_weight=486.93840588198509 503.26720352005213 8288.1091206627898 4507.0691192920785 1964.2617465853691 9820.0101444332395 15605.015813301783 32415.646907489281 12346.980654956773 13871.456818763167 3287.8915742160752 31.609654294326901 589.32245685113594 10671.021941310028 16291.136407523882
leaf_count=33566 3160 95367 41192 12782 33180 100897 112418 22350 21724 20727 398 15728 172489 367687
internal_value=0.00129343 0.00150736 -0.00160239 -2.76675e-05 -0.00657375 -0.0139393 0.00639001 0.00542827 0.00189965 -0.00379299 0.0261756 -0.0460114 -0.00806069 -0.0170571
internal_weight=130680 130193 72600.1 68093 33713.1 23893.1 34379.9 57592.7 45245.7 31374.2 3908.82 620.932 27465.4 16794.4
internal_count=1053665 1020099 395836 354644 229444 196264 125200 624263 601913 580189 36853 16126 543336 370847
is_linear=0
shrinkage=0.05


Tree=109
num_leaves=15
num_cat=0
split_feature=24 6 36 55 57 176 38 57 34 37 33 17 36 19
split_gain=602.45 948.19 2084.98 1213.95 1262.01 1043.28 870.957 854.199 1466.16 1300.35 1272.32 1368.03 1177.07 1240.04
threshold=55.104999542236335 13860560.000000002 2.745000004768372 1.5000000000000002 5.6358656883239755 3.6777343750000004 16.500000000000004 8.7570157051086444 3.185000061988831 8.5000000000000018 4.1250000000000009 15461800.000000002 1.8350000381469729 1190750.0000000002
decision_type=2 2 2 2 2 2 2 2 2 2 2 2 2 2
left_child=7 -2 3 -3 -5 -6 -7 -1 12 10 -10 -12 13 -9
right_child=1 2 -4 4 5 6 -8 8 9 -11 11 -13 -14 -15
leaf_value=0.0072364664561621371 0.0035325079893082085 -0.037488429984475165 0.018225301330521994 -0.020733346471572 -0.18596725097973621 -0.955620974729257 -0.23939660164284035 -0.0012585761548437903 0.034348069351161414 0.012167125582350462 -0.042043365332648269 -0.0030413152230797957 0.031233349350653174 0.035502620137151407
leaf_weight=50694.843169431668 6692.0626716852421 3512.9705898168031 1922.955608117627 121.68957487493753 149.07879273500293 7.8251709416508701 10.436597280204294 47195.309282862814 862.01802681176923 3238.0383274378255 6670.1281839644071 3395.8460926804692 3329.8234551502392 2410.1703443902079
leaf_count=325716 72984 39646 12426 342 953 178 70 344828 7633 5571 147908 70013 10539 14858
internal_value=0.00123327 -0.00924062 -0.0241782 -0.0456372 -0.144036 -0.232749 -0.582574 0.00233783 -0.00136239 -0.0156493 -0.0238965 -0.0288923 0.00246023 0.000527204
internal_weight=130213 12417 5724.96 3802 289.03 167.341 18.2618 117796 67101.3 14166 10928 10066 52935.3 49605.5
internal_count=1053665 126599 53615 41189 1543 1201 248 927066 601350 231125 225554 217921 370225 359686
is_linear=0
shrinkage=0.05


Tree=110
num_leaves=15
num_cat=0
split_feature=47 39 5 12 1 27 12 57 7 6 50 10 6 19
split_gain=602.975 725.052 612.069 689.095 1179.57 1113 1083.82 1036.61 1304.87 1259.25 999.259 916.931 820.15 1277.47
threshold=34.500000000000007 1478906.5000000002 67.965000152587905 1440748.5000000002 3111.5000000000005 -39.745000839233391 1240757.0000000002 22.585900306701664 17670393.000000004 103081876.00000001 4752.0000000000009 35025.500000000007 480231440.00000006 726492.50000000012
decision_type=2 2 2 2 2 2 2 2 2 2 2 2 2 2
left_child=2 -2 3 5 -5 -1 7 12 10 -10 -9 -6 -7 -14
right_child=1 -3 -4 4 11 6 -8 8 9 -11 -12 -13 13 -15
leaf_value=0.015745431561125005 -0.071459785195870346 0.0045672411210619136 0.026032250565977962 -0.079443154086560774 -0.073417518982236724 0 -0.038192940979145551 -0.045321502943077484 0.17965288519220202 0.0054626760334832792 0.037135595925928189 0.0075627687329268937 -0.053412191697755379 0.040529370111700665
leaf_weight=8263.3402233475354 624.16452727443539 626.69316620728932 2494.772525771521 398.11730790673755 351.33171373582445 65431.701951477677 2196.0846781688742 3496.7166780282278 127.10283469222486 549.75024447031319 409.11900261975825 42860.756247964804 1590.341913336888 466.99808840896003
leaf_count=49602 23304 11316 4557 5902 3618 563409 24015 66899 239 3375 2750 271379 21878 1422
internal_value=0.0011754 -0.0333563 0.00151183 0.00102628 0.00611034 -0.00165962 -0.00359703 -0.00254166 -0.0255513 0.0384635 -0.0366644 0.00690153 -0.000978145 -0.0320547
internal_weight=129887 1250.86 128636 126141 43610.2 82531.2 74267.8 72071.7 4582.69 676.853 3905.84 43212.1 67489 2057.34
internal_count=1053665 34620 1019045 1014488 280899 733589 683987 659972 73263 3614 69649 274997 586709 23300
is_linear=0
shrinkage=0.05


Tree=111
num_leaves=15
num_cat=0
split_feature=57 37 37 37 38 6 32 1 1 50 109 10 1 34
split_gain=597.449 591.2 1201.63 2623.14 1499.72 2108.53 1380.05 1149.16 1303.46 1114.06 1086.91 1118.89 1086.2 1079.74
threshold=0.89117044210433971 9.5000000000000018 5.5000000000000009 7.5000000000000009 14.500000000000002 213755000.00000003 7.3949999809265146 75315.000000000015 10111.500000000002 58151.000000000007 0.7749999761581422 744288.50000000012 71155.000000000015 4.0750000476837167
decision_type=2 2 2 2 2 2 2 2 2 2 2 2 2 2
left_child=-1 2 6 7 5 12 -2 8 -4 -10 -3 -12 -5 -6
right_child=1 10 3 4 13 -7 -8 -9 9 -11 11 -13 -14 -15
leaf_value=-0.05524847621102455 0.0060063427677959922 0.025656368542228948 0.036875991045129668 0.014114392145670871 -0.01883566450481244 -0.032225829613047229 -0.016834606992187303 0.049136133424998167 -0.048622539152708991 0.1302860672872154 -0.057718273950146837 0.0050411875273131557 0.071323500232711765 0.010350039414081701
leaf_weight=467.36756939685438 70239.37900579581 6537.9392461413518 512.76997252902947 12550.674994200934 12404.404168253765 2484.043180548586 7298.5947630560258 385.15439919219352 5996.2397657395341 87.214905627071857 836.11976014683023 4677.5687276534736 888.1659098630771 4253.1146170301363
leaf_count=33566 399929 6976 11506 45500 60960 14187 195084 5127 249476 1326 2613 7650 1825 17940
internal_value=0.00111814 0.00132293 0.000237192 -0.00685307 -0.000891265 0.0100789 0.00385551 -0.0346641 -0.0395715 -0.0460284 0.0118674 -0.0044756 0.0179041 -0.0113806
internal_weight=129619 129151 117100 39561.8 32580.4 15922.9 77538 6981.38 6596.22 6083.45 12051.6 5513.69 13438.8 16657.5
internal_count=1053665 1020099 1002860 407847 140412 61512 595013 267435 262308 250802 17239 10263 47325 78900
is_linear=0
shrinkage=0.05


Tree=112
num_leaves=15
num_cat=0
split_feature=23 9 16 52 11 0 37 28 21 1 18 1 25 106
split_gain=578.269 624.084 730.433 669.401 735.688 950.639 992.771 946.119 908.964 789.955 703.267 648.066 606.546 556.462
threshold=-5174573.4999999991 65768712.000000007 21305318.000000004 78.500000000000014 37425748.000000007 35.000000000000007 9.5000000000000018 54.594999313354499 248496.00000000003 85557.500000000015 543500.50000000012 47316.000000000007 10001.500000000002 0.71950000524520885
decision_type=2 2 2 2 2 2 2 2 2 2 2 2 2 2
left_child=12 2 3 4 5 6 9 8 -7 -2 -6 -3 -1 -8
right_child=1 11 -4 -5 10 7 13 -9 -10 -11 -12 -13 -14 -15
leaf_value=-0.0012507690339016266 -0.031223267181569578 0.057767484967885044 -0.054746961233110118 -0.08169258546546164 -0.094018984292780203 0.00060928885509233931 0.0382699295315235 -0.051289335969314301 0.013545519156408191 0.063142201011552448 0.035026739165980834 -0.075226157928047072 -0.087607176651664453 -0.037552141268081742
leaf_weight=446.56026777811348 5103.132067088387 804.22088082553819 583.06441428593826 241.5088087618351 109.5998956898693 100944.67703789787 1045.0062840115279 826.85356589150615 15690.585218349006 230.60813437192701 2265.6167300818488 102.18226769380271 374.21631116652861 313.32691142940894
leaf_count=2188 167242 2693 23757 8326 1123 762442 922 12075 51103 3182 12498 1661 3542 911
internal_value=0.0010645 0.00133274 0.00103793 0.00129533 0.00145477 0.000926898 -0.017401 0.00197165 0.00235009 -0.0271229 0.0290141 0.0426531 -0.0407427 0.0207285
internal_weight=129081 128260 127354 126771 126529 124154 6692.07 117462 116635 5333.74 2375.22 906.403 820.777 1358.33
internal_count=1053665 1047935 1043581 1019824 1011498 997877 172257 825620 813545 170424 13621 4354 5730 1833
is_linear=0
shrinkage=0.05


Tree=113
num_leaves=15
num_cat=0
split_feature=57 38 22 3 1 1 1 54 1 28 7 6 22 58
split_gain=557.467 567.613 1218.66 1089.66 2040.61 1181.68 1607.25 1181.65 1286.79 1034.17 1298.49 1449.04 1430.86 1199.54
threshold=0.89117044210433971 16.500000000000004 180295.00000000003 95017500.000000015 42202.500000000007 23221.500000000004 23322.500000000004 1355.5000000000002 46699.500000000007 2.7649999856948857 4836753.2500000009 382683200.00000006 -209840.49999999997 0.094005867838859572
decision_type=2 2 2 2 2 2 2 2 2 2 2 2 2 2
left_child=-1 9 3 -3 5 -5 -7 -6 -9 10 12 13 -2 -12
right_child=1 2 -4 4 7 6 -8 8 -10 -11 11 -13 -14 -15
leaf_value=-0.054778980669217603 0.014040110443397433 0.0026447253156737251 -0.027066503898323137 -0.037739895562907758 -0.043419706732755789 0.32743968446259231 0.019385124405814733 -0.20322462693324184 -0.010362569986731865 0.0092045093056641655 -0.10419734617340806 -0.040440487032451448 -0.011665332973791742 0.020396390180728051
leaf_weight=445.14882395567838 6732.6199457540642 31606.398423522478 4899.2128921409603 1217.5367311979644 838.14566873153672 42.613144082948565 1497.4471566569991 294.05487369233742 123.29966339142993 41451.361631127656 195.63849472813308 1167.5813317340799 27590.221018124488 10683.979659834877
leaf_count=33566 31758 160157 52557 7678 10414 254 5554 2104 300 340335 1995 20246 347004 39743
internal_value=0.00101248 0.0012068 -0.00368793 -0.000470298 -0.0250106 -0.000927714 0.0281483 -0.0778241 -0.146528 0.0034657 -0.00166337 0.0124573 -0.00662135 0.018142
internal_weight=128785 128340 40518.7 35619.5 4013.1 2757.6 1540.06 1255.5 417.355 87821.4 46370 12047.2 34322.8 10879.6
internal_count=1053665 1020099 239018 186461 26304 13486 5808 12818 2404 781081 440746 61984 378762 41738
is_linear=0
shrinkage=0.05


Tree=114
num_leaves=15
num_cat=1
split_feature=5 109 24 32 8 9 57 36 11 33 6 31 87 28
split_gain=541 656.468 604.643 1085.26 1035.2 1050.99 847.425 804.229 943.34 884.725 801.186 766.203 833.491 682.181
threshold=67.965000152587905 0.60999998450279247 -9.9349999427795392 4.3150000572204599 0 65768712.000000007 14.709103107452394 1.8650000095367434 2011389.5000000002 2.6950000524520878 884993632.00000012 -26.154999732971188 2.2057127952575688 2.7949999570846562
decision_type=2 2 2 2 1 2 2 2 2 2 2 2 2 2
left_child=2 -2 3 7 6 -6 -5 8 -1 -9 11 12 -10 -4
right_child=1 -3 13 4 5 -7 -8 9 10 -11 -12 -13 -14 -15
leaf_value=-0.069541421270083878 0.029296583687379536 -0.10776915054110028 -0.0050768577669403105 0.010168788335715058 -0.066745373473602057 0.16515495781184478 -0.072527943535749304 0.12872497614669057 0.038081114231661231 0.026543057197910891 -0.097926474775655428 0.010506780474530505 -0.083665574972522194 0.0035329289321076244
leaf_weight=395.02445764187723 2361.6537790000439 89.605104968417436 55164.755034689675 2304.9579678971786 1147.838650054764 49.978253826498985 356.84614445874467 228.77183901332319 205.39302862808108 2787.1715806659777 175.32279827445745 23412.698456719518 438.23882511118427 39458.998629530077
leaf_count=5304 3999 720 542133 14390 25344 215 9276 246 230 8280 2413 77744 2302 361069
internal_value=0.000963762 0.0242239 0.000511116 0.00651123 -0.0183171 -0.0568981 -0.000921978 0.00998025 0.00699239 0.0343507 0.00824493 0.00902482 -0.0447379 -0.00148597
internal_weight=128577 2451.26 126126 31502.2 3859.62 1197.82 2661.8 27642.6 24626.7 3015.94 24231.7 24056.3 643.632 94623.8
internal_count=1053665 4719 1048946 145744 49225 25559 23666 96519 87993 8526 82689 80276 2532 903202
cat_boundaries=0 1
cat_threshold=2
is_linear=0
shrinkage=0.05


Tree=115
num_leaves=15
num_cat=0
split_feature=47 39 15 12 1 16 13 18 35 37 24 15 115 6
split_gain=530.428 680.896 551.091 624.809 1205.9 1422.86 1070.81 1068.22 1370.07 1425.1 970.079 1026.64 2134.73 1722.14
threshold=34.500000000000007 1478906.5000000002 4869267.5000000009 2457476.5000000005 17222.500000000004 3491951.0000000005 234104.00000000003 1595884.5000000002 11.284999847412111 8.5000000000000018 211.06499481201175 101749.00000000001 0.36649999022483831 54943770.000000007
decision_type=2 2 2 2 2 2 2 2 2 2 2 2 2 2
left_child=2 -2 3 7 5 6 -5 10 -9 -10 11 12 -1 -14
right_child=1 -3 -4 4 -6 -7 -8 8 9 -11 -12 -13 13 -15
leaf_value=0.0029219243057046619 -0.070929878439049548 0.0044474589886261025 -0.041816241632422542 -0.1065165696332 0.01185830377776453 -0.099415961501984035 0.0036235831703338439 -0.065352894777771495 -0.026532619372348382 0.030604328543037358 -0.033998146076571235 0.0070495398994299338 -0.007629654625228223 -0.04727977632719204
leaf_weight=33232.884396093898 581.77526563557331 613.94489422836341 738.15695090626832 242.11808448354714 24495.642328890623 488.69339630519971 2383.9386118175462 1328.720323341433 3409.4931903490797 1603.3520875349641 1939.0254155133152 45353.951845927862 7722.1770388882142 4246.1217451355187
leaf_count=328989 23304 11316 11576 2855 152835 12952 10640 19896 77114 1817 33052 247340 75805 44174
internal_value=0.000916833 -0.0322141 0.00122896 0.00148097 0.00813075 -0.0211626 -0.0065488 -0.000376249 -0.0202269 -0.00824501 0.000984409 0.0017344 -0.00359764 -0.0217037
internal_weight=128380 1195.72 127184 126446 27610.4 3114.75 2626.06 98835.7 6341.57 5012.85 92494.2 90555.1 45201.2 11968.3
internal_count=1053665 34620 1019045 1007469 179282 26447 13495 828187 98827 78931 729360 696308 448968 119979
is_linear=0
shrinkage=0.05


Tree=116
num_leaves=15
num_cat=0
split_feature=23 25 9 52 16 16 19 38 18 13 36 1 30 13
split_gain=526.434 550.854 545.662 680.66 609.388 685.255 782.441 772.594 756.234 970.225 870.189 587.865 561.259 465.372
threshold=-5174573.4999999991 10001.500000000002 65768712.000000007 78.500000000000014 21305318.000000004 16089778.000000002 1389704.0000000002 9.5000000000000018 2027586.5000000002 8434604.5000000019 1.2649999856948855 47316.000000000007 72.090000152587905 1337512.0000000002
decision_type=2 2 2 2 2 2 2 2 2 2 2 2 2 2
left_child=1 13 3 4 5 7 -7 12 10 -10 -9 -4 -2 -1
right_child=2 -3 11 -5 -6 6 -8 8 9 -11 -12 -13 -14 -15
leaf_value=-0.1452112696427367 -0.050248889430279713 -0.08539364042982496 0.054421569733045794 -0.078092371276176853 -0.053210900721499726 -0.068310156090945262 0.060025703896260232 -0.00016922248395140796 -0.02012601680337215 0.019097574225229813 0.0097573602704190254 -0.074133561141137519 0.060106778592760736 0.016308786636114663
leaf_weight=49.300804233644158 1093.640722717857 359.30794556764886 794.01624137395993 271.44329487287905 514.81543529359624 136.45677811186761 864.52594853797927 83679.984651470557 7707.2117964572972 1979.8717655402143 29984.564590218244 98.944000385003164 127.52687436807901 391.56503923772834
leaf_count=593 68641 3542 2693 10388 21695 4311 5619 608635 113099 11566 198311 1661 1316 1595
internal_value=0.000871995 -0.0395295 0.00112674 0.00085094 0.0010219 0.00124506 0.04243 0.000913389 0.00130572 -0.0121031 0.00244902 0.0400542 -0.0386438 -0.00192815
internal_weight=128053 800.174 127253 126360 126089 125574 1000.98 124573 123352 9687.08 113665 892.96 1221.17 440.866
internal_count=1053665 5730 1047935 1043581 1033193 1011498 9930 1001568 931611 124665 806946 4354 69957 2188
is_linear=0
shrinkage=0.05


Tree=117
num_leaves=15
num_cat=0
split_feature=57 38 37 37 33 19 20 38 26 15 16 1 6 37
split_gain=515.037 549.517 895.961 1381.98 998.907 1047 964.53 889.824 1102.85 1082.24 1457.97 991.416 915.015 868.543
threshold=0.89117044210433971 14.500000000000002 5.5000000000000009 7.5000000000000009 9999.9951171875018 284316.00000000006 1862565.0000000002 12.500000000000002 57.300001144409187 2556450.0000000005 3540322.5000000005 71155.000000000015 8340750.0000000009 7.5000000000000009
decision_type=2 2 2 2 2 2 2 2 2 2 2 2 2 2
left_child=-1 7 6 -4 -5 -6 -3 8 9 12 -11 -10 -2 -13
right_child=1 2 3 4 5 -7 -8 -9 11 10 -12 13 -14 -15
leaf_value=-0.054225359656616047 -0.051782767950971642 0.0028297672617915385 -0.043337200955280201 -0.0084503997180639216 0.014182348821001115 0.12038659311155467 -0.12010835769991371 0.0083929056946820003 0.0041293950231827423 0.4313501456821926 0.033428261456875295 -0.010983496074009027 -0.012278420729059328 0.11287657828164013
leaf_weight=422.36976249201689 1888.4613365180558 44872.011180492584 2666.1304827798158 21766.394381863996 1689.480549255386 268.42905092611909 159.09841408883221 41810.463251376525 4544.6408175554825 23.107508886605501 533.72243973589502 212.62346359319054 6569.196319725248 417.25572283565998
leaf_count=33566 94378 205860 98383 82419 7150 513 1511 309233 77944 152 10055 7510 124680 311
internal_value=0.000829062 0.00101237 -0.0018946 -0.00921013 -0.00537117 0.0288225 0.00239165 0.00472078 -0.00609611 -0.0166591 0.0507746 0.0122955 -0.0211101 0.0710357
internal_weight=127843 127421 71421.5 26390.4 23724.3 1957.91 45031.1 55999.5 14189 9014.49 556.83 5174.52 8457.66 629.879
internal_count=1053665 1020099 395836 188465 90082 7663 207371 624263 315030 229265 10207 85765 219058 7821
is_linear=0
shrinkage=0.05


Tree=118
num_leaves=15
num_cat=0
split_feature=28 1 34 10 21 24 36 6 32 121 28 32 28 37
split_gain=514.82 1186.02 715.712 834.28 1174.85 750.203 1004.03 1234.9 886.026 923.023 869.25 792.099 773.563 1072.96
threshold=45.805000305175788 91137.500000000015 9999.9951171875018 14765.500000000002 90906.000000000015 51.284999847412116 1.5850000381469729 14502200.000000002 0.66500002145767223 2.0326928496360783 1.1749999523162844 85.670001983642592 5.4249999523162851 5.5000000000000009
decision_type=2 2 2 2 2 2 2 2 2 2 2 2 2 2
left_child=2 -2 5 -4 -5 12 7 8 9 -7 -8 -12 13 -1
right_child=1 -3 3 4 -6 6 10 -9 -10 -11 11 -13 -14 -15
leaf_value=0.0040203113949953241 -0.044236220085651645 0.096453548092501451 0.24088746403131905 -0.066009459898894063 0.068257691330174605 0.041084204283371867 -0.063878742974109323 -0.054873815729842824 -0.027914410427663201 -0.07725558121995256 0.014108595057239735 -0.061779724727781163 0.0096733087145246081 -0.0074305282058419048
leaf_weight=55691.317734241369 1327.4969829410547 167.70541130471975 50.645120049826801 218.45117093017325 629.62925920961425 1156.5408672215417 443.83093621977605 2270.8549389265245 2054.6622169177281 190.94527989439666 4976.5818925861968 368.2042939690873 25704.817785429885 32333.344372841297
leaf_count=416509 20951 326 187 5424 2030 3037 8336 26440 26338 2740 37780 14253 192335 296979
internal_value=0.000786811 -0.0283688 0.00113316 0.0455696 0.0335768 0.000813402 -0.0113777 -0.0263254 -0.0072447 0.024233 0.00326483 0.00886069 0.00204254 -0.000185296
internal_weight=127585 1495.2 126090 898.726 848.08 125191 11461.6 5673 3402.15 1347.49 5788.62 5344.79 113729 88024.7
internal_count=1053665 21277 1032388 7641 7454 1024747 118924 58555 32115 5777 60369 52033 905823 713488
is_linear=0
shrinkage=0.05


Tree=119
num_leaves=15
num_cat=0
split_feature=37 109 10 37 37 35 9 3 3 163 14 33 19 1
split_gain=504.024 1027.57 999.926 961.611 2307.25 1300.12 1374.79 1280.88 1575.98 1278.94 2106.18 1718.93 1338.19 1159.86
threshold=9.5000000000000018 0.7749999761581422 744288.50000000012 5.5000000000000009 7.5000000000000009 74.665000915527358 305933.50000000006 220078880.00000003 219897616.00000003 0.02238930901512504 378161.50000000006 3.7549999952316289 -1043543.9999999999 41121.500000000007
decision_type=2 2 2 2 2 2 2 2 2 2 2 2 2 2
left_child=3 -2 -3 9 -5 7 -7 8 -6 10 -1 13 -13 -12
right_child=1 2 -4 4 5 6 -8 -9 -10 -11 11 12 -14 -15
leaf_value=-0.051080121096724988 0.024105811173577591 -0.054177295881435675 0.0039698151004980932 -0.033557097072549426 -0.0031547509306625505 -0.05297306928119714 0.030580122848675735 -0.044284317673538194 0.23473058056617974 0.0098039355714438364 -0.00057735379710008978 -0.09230081641661754 -0.0062510327208049532 0.030107352304715812
leaf_weight=2167.4554890386062 6427.7690284689888 879.23573937220499 4612.6377162104473 6613.6721740680514 25215.618214354385 549.24615713488311 4654.0446440079249 1976.5279828999192 68.811964428052306 36273.510049973847 6086.6632819999941 459.20656405598857 25119.018384071183 6226.080765053397
leaf_count=36792 7081 2902 7684 274020 111273 4720 16391 12761 129 323702 21276 4352 212333 18249
internal_value=0.000747846 0.0105361 -0.00533846 -0.000262744 -0.0066418 -0.00115616 0.0217424 -0.00552927 -0.00249611 0.00300238 -0.00315537 -0.000411362 -0.00780139 0.0149358
internal_weight=127329 11919.6 5491.87 115410 39077.9 32464.2 5203.29 27261 25284.4 76331.9 40058.4 37891 25578.2 12312.7
internal_count=1053665 17667 10586 1035998 419294 145274 21111 124163 111402 616704 293002 256210 216685 39525
is_linear=0
shrinkage=0.05


Tree=120
num_leaves=15
num_cat=0
split_feature=5 109 38 3 3 32 27 6 28 20 28 25 22 7
split_gain=492.395 593.854 572.359 1198.81 1382.84 1361.76 993.974 1263.67 974.432 1117.75 1411.14 1263.8 927.935 1338.42
threshold=67.965000152587905 0.60999998450279247 16.500000000000004 89557988.000000015 140047752.00000003 1.435000002384186 -65.014999389648423 35415500.000000007 2.7649999856948857 321046.50000000006 -46.260000228881829 -49.879999160766594 -209840.49999999997 1963406.2500000002
decision_type=2 2 2 2 2 2 2 2 2 2 2 2 2 2
left_child=2 -2 8 5 -5 6 7 -4 9 12 11 -11 -1 -14
right_child=1 -3 3 4 -6 -7 -8 -9 -10 10 -12 -13 13 -15
leaf_value=0.018383488629758037 0.028126878428182508 -0.10416131268637084 0.0004165509698571125 -0.12786302333451158 -0.022313116569208653 -0.014551222883299166 0.0081193003936189442 -0.11306439962879321 0.0081583495771217329 0.18306659889773558 -0.055938409578849151 -0.0020373612889666511 -0.010794527432306989 0.0088903293466883419
leaf_weight=5615.6315137797501 2293.9355949265882 86.982093307189643 658.14868902624585 344.16274615516886 3110.9467846925836 13397.301292033517 20700.285856305738 389.25985848950222 40757.345019296161 108.55711902608164 1941.5547690532403 579.12589038931765 23088.373334128759 13790.593329247902
leaf_count=22992 3999 720 2113 4339 22751 108801 101031 2945 343379 195 34536 3181 316165 86518
internal_value=0.00071211 0.0232313 0.000280807 -0.00477583 -0.0328753 -0.00201109 0.00571207 -0.0417775 0.00255417 -0.00250667 -0.0341373 0.0273338 -0.000547675 -0.00343214
internal_weight=126862 2380.92 124481 38600.1 3455.11 35145 21747.7 1047.41 85881.2 45123.8 2629.24 687.683 42494.6 36879
internal_count=1053665 4719 1048946 241980 27090 214890 106089 5058 806966 463587 37912 3376 425675 402683
is_linear=0
shrinkage=0.05


Tree=121
num_leaves=15
num_cat=1
split_feature=57 8 28 1 55 16 5 22 0 1 37 9 25 6
split_gain=482.883 1156.27 1076.38 1069.92 1295.51 1875.71 1435.51 1291.97 1190.47 2448.81 1154.87 1275.13 1012.8 977.591
threshold=8.7570157051086444 0 25.865000724792484 46314.500000000007 398.00000000000006 883726.50000000012 6.7449998855590829 391006.50000000006 85.500000000000014 10355.000000000002 8.5000000000000018 931987.00000000012 369.21000671386724 29105750.000000004
decision_type=2 1 2 2 2 2 2 2 2 2 2 2 2 2
left_child=1 2 -1 4 8 6 -6 -7 9 10 11 -3 -10 -5
right_child=-2 3 -4 13 5 7 -8 -9 12 -11 -12 -13 -14 -15
leaf_value=0.010915088907691682 -0.0021093729716293074 0.1377104755038476 -0.045893273455032406 -0.010235614216713854 -0.12870953210778935 -0.0040296696405233163 -0.015969741274132917 -0.24017736122200539 0.021571824554586921 -0.041697436678731735 -0.033507227008545228 0.0050464154755880709 -0.10062124036931888 0.022026232343881583
leaf_weight=34984.944137633778 69788.781718640821 411.3386776370462 852.9105509177316 4322.9118283005664 824.73439581785351 1855.7672872776166 431.184731581714 58.808781608939171 3586.002055027755 3599.9258547313511 325.97785868123174 324.60373975906987 176.89419688703492 5134.5905479220673
leaf_count=172029 650060 10888 12197 71807 5636 4779 1073 466 5513 94697 1350 4123 903 18144
internal_value=0.000677324 0.00409667 0.00956046 -0.00520191 -0.0153825 -0.042623 -0.0900868 -0.011431 -0.0051213 -0.02201 0.0446603 0.0793501 0.015789 0.00727492
internal_weight=126679 56890.6 35837.9 21052.7 11595.2 3170.5 1255.92 1914.58 8424.74 4661.85 1061.92 735.942 3762.9 9457.5
internal_count=1053665 403605 184226 219379 129428 11954 6709 5245 117474 111058 16361 15011 6416 89951
cat_boundaries=0 1
cat_threshold=2
is_linear=0
shrinkage=0.05


Tree=122
num_leaves=15
num_cat=1
split_feature=57 57 8 25 26 21 32 0 1 1 28 34 37 17
split_gain=465.714 496.668 947.368 996.121 1661.77 1379.34 1357.86 1101.27 1358.03 1037.1 956.167 909.706 1908.8 2249.2
threshold=0.89117044210433971 8.7570157051086444 0 104.9650001525879 63.215000152587898 436.50000000000006 7.5150001049041757 91.500000000000014 10511.500000000002 10170.000000000002 25.865000724792484 3.7649999856948857 7.5000000000000009 2691718.5000000005
decision_type=2 2 1 2 2 2 2 2 2 2 2 2 2 2
left_child=-1 2 10 4 6 -6 7 9 -9 -4 -2 -3 -13 -14
right_child=1 11 3 -5 5 -7 -8 8 -10 -11 -12 12 13 -15
leaf_value=-0.05360398090283594 0.010508431655701828 0.00077089259367201239 0.039259178340988299 -0.02599395266341167 0.21927876084094222 0.028400880205868506 -0.066490682490309372 -0.062993456073853191 0.014588553750602834 -0.031941663553378838 -0.04418491321578203 -0.027372059803075444 0.061287467672775868 -0.012748557285125476
leaf_weight=393.37988474208396 34789.715735565638 56464.348862508195 589.95635887351818 4183.1605594578432 96.894831613637507 2970.9031413937919 874.07992554199882 608.46763339079916 7546.7769181644544 3780.9707033906598 816.59903969988227 8783.5487017220585 1555.1875895978883 3007.4448894346133
leaf_count=33566 169622 419387 5148 49108 606 12557 24973 2846 13177 80641 11361 212024 3862 14787
internal_value=0.000643425 0.000813518 0.00430975 -0.00420826 0.00132388 0.0345154 -0.00627314 -0.00206218 0.00878697 -0.0223133 0.00925148 -0.00200327 -0.013743 0.0124838
internal_weight=126461 126068 56257.5 20651.2 16468 3067.8 13400.3 12526.2 8155.24 4370.93 35606.3 69810.5 13346.2 4562.63
internal_count=1053665 1020099 370039 189056 139948 13163 126785 101812 16023 85789 180983 650060 230673 18649
cat_boundaries=0 1
cat_threshold=2
is_linear=0
shrinkage=0.05


Tree=123
num_leaves=15
num_cat=0
split_feature=36 36 14 25 35 12 33 34 110 13 57 50 9 23
split_gain=452.093 1609.98 1274.77 1140.69 1040.07 1020.39 956.784 1331.17 1043.41 887.435 1037.66 812.23 730.78 1194.56
threshold=1.2649999856948855 0.80500000715255748 1835221.5000000002 10002.500000000002 2.7350000143051152 29360.000000000004 2.6950000524520878 2.5149999856948857 1.4159999489784243 3300162.5000000005 9.0855574607849139 5900.5000000000009 6729177.5000000009 148136.00000000003
decision_type=2 2 2 2 2 2 2 2 2 2 2 2 2 2
left_child=1 12 5 4 -2 -3 7 -6 -9 -4 -11 -5 13 -1
right_child=3 2 9 11 6 -7 -8 8 -10 10 -12 -13 -14 -15
leaf_value=0.0014003279794999974 -0.084701377331207944 0.04580412921318594 -0.0035118179742517201 -0.0758976423954143 0.018960630666418839 -0.067499872991424487 0.0060203291728664707 0.093473567787128412 0.32558332297939402 -0.0045166627867350333 -0.072731222502059364 0.037810937648798226 0.01447540748031932 -0.024891883676443488
leaf_weight=64279.839392201509 306.12488204543479 222.8248160041403 8402.7839050759794 694.08992848056369 971.00255917909089 1754.4831685011741 32632.734267376713 296.820009236224 57.629291199147701 1106.1110586479772 1126.7159519094275 201.56606988748536 9427.3986021153396 4630.3105780720944
leaf_count=499360 3651 1561 63103 16427 4555 39402 282253 573 92 7042 23687 1239 52547 58173
internal_value=0.000611748 -0.00124917 -0.0178276 0.00542682 0.00688477 -0.0546896 0.00771434 0.0493473 0.132162 -0.0109653 -0.0389782 -0.0502383 0.00141963 -0.000365946
internal_weight=126110 90950.5 12612.9 35160 34264.3 1977.31 33958.2 1325.45 354.449 10635.6 2232.83 895.656 78337.5 68910.1
internal_count=1053665 744875 134795 308790 291124 40963 287473 5220 665 93832 30729 17666 610080 557533
is_linear=0
shrinkage=0.05


Tree=124
num_leaves=15
num_cat=0
split_feature=23 12 1 16 18 13 30 31 29 38 6 33 54 9
split_gain=450.551 533.063 1246.2 1509.88 1003.38 963.383 813.505 802.058 1227.33 805.514 795.704 728.089 728.051 667.616
threshold=-5174573.4999999991 2457476.5000000005 17222.500000000004 3491951.0000000005 5738265.0000000009 630000.50000000012 85.290000915527358 22.755000114440922 67.329998016357436 9.5000000000000018 562909408.00000012 5.7950000762939462 1544.0000000000002 2143568.0000000005
decision_type=2 2 2 2 2 2 2 2 2 2 2 2 2 2
left_child=-1 4 3 5 6 13 7 8 9 -2 -11 -7 -13 -3
right_child=1 2 -4 -5 -6 11 -8 -9 -10 10 -12 12 -14 -15
leaf_value=-0.0373259072016911 -0.056177740164177675 0.0073003583421303283 0.010740171703500253 -0.095345359044313835 -0.088026706338750871 0.03282027355880477 -0.039171927869202768 0.036023966376995578 -0.062675563415763663 0.0009998357234594754 -0.028145883947321045 -0.016111055449524722 -0.2387537157788848 -0.12972604449480371
leaf_weight=777.99745069607161 635.93905224907212 139.08247234486043 24603.078536306159 580.1781021754723 328.5406889411388 1199.2470643173438 1349.0840971188154 1512.3874735784484 790.28780873585492 90307.347560360562 2403.068281288608 998.40720895305276 37.184834169223905 241.59915717551485
leaf_count=5730 44032 1141 176359 17377 12074 2397 21240 20121 36882 677553 28300 7274 324 2861
internal_value=0.000580322 0.000816709 0.00692325 -0.022441 -0.000927001 -0.00621995 -0.000630568 -8.60334e-05 -0.00066708 -0.000140903 0.000243539 0.0062948 -0.0243763 -0.0796443
internal_weight=125903 125125 27798.8 3195.7 97326.7 2615.52 96998.1 95649 94136.6 93346.4 92710.4 2234.84 1035.59 380.682
internal_count=1053665 1047935 207733 31374 840202 13997 828128 806888 786767 749885 705853 9995 7598 4002
is_linear=0
shrinkage=0.05


Tree=125
num_leaves=15
num_cat=0
split_feature=38 3 18 6 7 54 12 37 6 33 15 6 30 16
split_gain=452.003 857.51 896.053 894.218 1198.89 836.166 1089.2 875.051 2030.7 1862.16 1705.65 1522.89 1444.09 1393.82
threshold=14.500000000000002 84157636.000000015 1945106.0000000002 20158500.000000004 5448511.5000000009 4171.5000000000009 18276212.000000004 7.5000000000000009 67460224.000000015 3.2849999666213994 310002.50000000006 233124216.00000003 14.984999656677248 2161388.0000000005
decision_type=2 2 2 2 2 2 2 2 2 2 2 2 2 2
left_child=5 2 -2 4 -3 7 -7 8 12 -10 -11 -9 -1 -12
right_child=1 3 -4 -5 -6 6 -8 11 9 10 13 -13 -14 -15
leaf_value=-0.031597359849670534 0.0015640921444247888 -0.036137937575940429 -0.021733554973897198 -0.011100475862438312 -0.1796311251745471 0.01754811977214964 -0.12998501194495279 0.014243004019508235 0.029037363297229803 -0.042662203543985887 0.037561382409720151 -0.025256978357045025 0.0062052420414616082 -0.024307457962258899
leaf_weight=8375.0199540933827 57699.948233767878 834.45883430214599 4444.0639571693027 7196.1198119362816 175.98205494880676 11384.016868568957 125.43007227778435 16963.780836217105 5867.3664127474185 2452.4181467978051 2123.6836779345758 2848.3959979086649 3614.0832266361685 1590.9999290625565
leaf_count=265164 306644 10478 41164 41613 1294 21794 556 56718 69480 67120 13821 14304 87890 55625
internal_value=0.000550503 -0.00210844 -0.000101496 -0.017298 -0.0613316 0.00393123 0.0159248 0.000780781 -0.00563321 0.00887313 -0.0103046 0.00856058 -0.0201981 0.0110501
internal_weight=125696 70350.6 62144 8206.56 1010.44 55345.2 11509.4 43835.7 24023.6 12034.5 6167.1 19812.2 11989.1 3714.68
internal_count=1053665 401193 347808 53385 11772 652472 22350 630122 559100 206046 136566 71022 353054 69446
is_linear=0
shrinkage=0.05


Tree=126
num_leaves=15
num_cat=0
split_feature=5 109 38 3 3 32 35 15 34 37 109 25 17 17
split_gain=446.614 542.21 495.925 1018.06 1253.73 1234.7 1079.64 1098.67 1041.65 980.817 1135.13 1975.73 1000.82 1056.17
threshold=67.965000152587905 0.60999998450279247 16.500000000000004 89557988.000000015 140047752.00000003 3.1750000715255742 120.189998626709 225087.50000000003 2.4550000429153447 1.0000000180025095e-35 0.7749999761581422 1.9550000429153445 3274457.0000000005 3230730.5000000005
decision_type=2 2 2 2 2 2 2 2 2 2 2 2 2 2
left_child=2 -2 9 5 -5 -4 8 -8 -7 -1 -11 -12 13 -13
right_child=1 -3 3 4 -6 6 7 -9 -10 10 11 12 -14 -15
leaf_value=0.0097394880584548166 0.026954238103589587 -0.10074742952262575 0.0028116505612715489 -0.12159784037507265 -0.020504110009076586 -0.011442831101131735 -0.051091885799363981 0.031761196053921727 -0.056292757526273329 0.0045483235682022777 -0.028936486761143299 0.015125986871440768 -0.008816950977145235 0.20193930772710358
leaf_weight=28821.083465903881 2242.5048284223303 85.205536544788629 27482.726634093793 339.52957232133485 3124.6759326418396 2762.7511908118613 540.02890135406051 1533.3036311634351 2441.9991990550188 32000.490848390036 8653.9449404835468 5569.2951264462899 9666.0559901191154 75.761536491801962
leaf_count=116102 3999 720 132213 4339 22751 15644 16266 10966 39801 331019 138893 62078 158110 764
internal_value=0.000524578 0.022217 0.000113515 -0.00461417 -0.030459 -0.00203627 -0.0203472 0.0101426 -0.0325022 0.00224555 -0.00161288 -0.00984185 0.000948492 0.0176774
internal_weight=125339 2327.71 123012 38225 3464.21 34760.8 7278.08 2073.33 5204.75 84786.6 55965.5 23965.1 15311.1 5645.06
internal_count=1053665 4719 1048946 241980 27090 214890 82677 27232 55445 806966 690864 359845 220952 62842
is_linear=0
shrinkage=0.05


Tree=127
num_leaves=15
num_cat=0
split_feature=37 109 10 1 13 37 37 116 14 33 19 35 9 3
split_gain=447.177 921.397 867.181 870.274 892.461 862.511 2043.28 1157.33 3070.59 1690.63 1766.55 1142.52 1221.32 1151.86
threshold=9.5000000000000018 0.7749999761581422 744288.50000000012 29215.000000000004 3591750.5000000005 5.5000000000000009 7.5000000000000009 0.87500000000000011 378161.50000000006 3.7549999952316289 -792675.49999999988 74.665000915527358 249531.00000000003 220078880.00000003
decision_type=2 2 2 2 2 2 2 2 2 2 2 2 2 2
left_child=5 -2 -3 4 -4 7 -7 -1 -9 -10 -11 13 -13 -8
right_child=1 2 3 -5 -6 6 11 8 9 10 -12 12 -14 -15
leaf_value=0.0098175661193205671 0.022809121728947331 -0.050670002942787999 -0.0075310331592260919 0.02114125935374854 -0.10112899541687891 -0.032536465359778763 -0.002668269009285274 -0.067511212704198964 0.014561082351317532 -0.085259429902921055 -0.0050261640608425528 -0.056490705718784888 0.027818622702367454 -0.042448173634666554
leaf_weight=32217.775820944691 6297.8992965212092 880.6306521021761 1497.2969464650378 2760.9806341007352 306.31765401363373 6318.0812426186167 25106.336244829698 1753.5345264376374 13441.43181902403 703.30454512685537 26646.066505303374 471.53849653876387 4694.1607481259853 1961.3837445843965
leaf_count=306300 7081 2902 2872 3572 1240 274020 111402 37230 42737 6188 224249 4320 16791 12761
internal_value=0.000498725 0.00978612 -0.00526841 0.00348899 -0.0235022 -0.0004634 -0.00653847 0.00266862 -0.00274403 4.05774e-05 -0.00709428 -0.0014402 0.0201035 -0.00555411
internal_weight=125057 11743.1 5445.23 4564.6 1803.61 113314 38551.5 74762.1 42544.3 40790.8 27349.4 32233.4 5165.7 27067.7
internal_count=1053665 17667 10586 7684 4112 1035998 419294 616704 310404 273174 230437 145274 21111 124163
is_linear=0
shrinkage=0.05


Tree=128
num_leaves=15
num_cat=1
split_feature=36 36 14 25 12 35 33 14 13 25 15 25 8 6
split_gain=433.993 1420.12 1191.07 1018.82 956.227 917.895 829.93 1104.76 858.746 1102.93 833.9 1271.99 1517.63 3210.82
threshold=1.2649999856948855 0.80500000715255748 1835221.5000000002 10002.500000000002 29360.000000000004 2.7350000143051152 3.4750000238418584 962453.00000000012 373406.50000000006 -36.004999160766594 350000.50000000006 -19.17500019073486 0 179288992.00000003
decision_type=2 2 2 2 2 2 2 2 2 2 2 2 1 2
left_child=1 -1 4 5 -3 -2 7 8 -7 -10 11 -8 -13 -14
right_child=3 2 -4 -5 -6 6 10 -9 9 -11 -12 12 13 -15
leaf_value=0.0011574042723206778 -0.080560308470958172 0.044830602742179204 -0.010458041341939624 -0.048537915361839434 -0.066201255796613442 -0.071192064615824599 -0.038667153626254246 0.018506297760442783 0.33648693253921402 0.092537101795652513 0.013698424639781888 0.014542083974834844 -0.064979571885814116 0.016483019843747389
leaf_weight=77505.662339675822 298.3139738679165 217.84979787154589 10512.043183621834 858.00302324793302 1685.3564872879069 65.802034798078239 2172.3747224229155 3150.0230567851104 51.745532438158989 412.47293624747545 13667.516360647161 9082.5273249278544 2189.8791867204709 2698.4103844859637
leaf_count=610080 3651 1561 93832 17666 39402 2287 36703 12475 122 741 95634 67347 55871 16293
internal_value=0.000474581 -0.00135692 -0.0170562 0.0052293 -0.0534489 0.00659748 0.0073777 0.029779 0.0965198 0.120502 0.00460975 -0.00308239 0.00244961 -0.0200066
internal_weight=124568 89920.9 12415.2 34647.1 1903.21 33789.1 33490.8 3680.04 530.021 464.218 29810.7 16143.2 13970.8 4888.29
internal_count=1053665 744875 134795 308790 40963 291124 287473 15625 3150 863 271848 176214 139511 72164
cat_boundaries=0 1
cat_threshold=2
is_linear=0
shrinkage=0.05


Tree=129
num_leaves=15
num_cat=0
split_feature=57 38 38 19 38 16 27 57 1 55 57 57 21 1
split_gain=426.16 441.251 735.677 1910.57 996.227 1083.58 978.968 974.805 938.96 2253.12 909.99 1189.37 2030.07 1101.08
threshold=0.89117044210433971 14.500000000000002 15.500000000000002 116267.00000000001 16.500000000000004 2261704.5000000005 -92.225002288818345 5.4140999317169198 10125.500000000002 15.000000000000002 16.959616661071781 7.9493498802185067 188196.50000000003 49235.500000000007
decision_type=2 2 2 2 2 2 2 2 2 2 2 2 2 2
left_child=-1 -2 3 6 -4 10 -3 -8 9 -9 11 -6 -13 -12
right_child=1 2 4 -5 5 -7 7 8 -10 -11 13 12 -14 -15
leaf_value=-0.053090546913958453 0.003993889489423994 0.045564958829239999 0.011307810145343341 0.0040954500035675235 0.0040084909919135469 -0.028311511510634147 -0.0025448901654694218 -0.063209310746945566 -0.042672544352905767 -0.41169669865880421 0.021379532739222652 -0.029668939849102179 0.015680344685755371 -0.055791428796887893
leaf_weight=369.52973066753475 54219.39514350961 380.80428813118488 15658.089975417126 8236.491337608546 16473.105551762972 3987.0794995321194 1548.7626904328354 220.06363592739217 4335.3018379698042 58.127033680677414 6260.397890656488 8598.4954131918494 3458.6696498007514 497.80610369378701
leaf_count=33566 624263 715 66359 38802 95188 35505 10016 2578 37722 626 30226 61418 9621 7060
internal_value=0.000450161 0.000610634 -0.00201999 -0.0119223 0.000643407 -0.00360711 -0.0320908 -0.0369043 -0.048425 -0.137418 -0.000813731 -0.00472299 -0.0166559 0.0156803
internal_weight=124302 123933 69713.2 14779.6 54933.6 39275.6 6543.06 6162.26 4613.49 278.191 35288.5 28530.3 12057.2 6758.2
internal_count=1053665 1020099 395836 90459 305377 239018 51657 50942 40926 3204 203513 166227 71039 37286
is_linear=0
shrinkage=0.05


Tree=130
num_leaves=15
num_cat=0
split_feature=7 57 57 38 57 0 1 33 57 154 24 23 6 28
split_gain=437.502 882.254 814.191 775.252 1635.5 916.849 1389.23 1153.65 980.584 932.493 667.146 606.864 1427.57 764.954
threshold=101626072.00000001 12.80903482437134 17.540040969848636 19.500000000000004 4.0835044384002694 85.500000000000014 26304.500000000004 5.3450000286102304 16.691307067871097 0.011422138195484878 211.06499481201175 -103775.99999999999 746201568.00000012 6.3949999809265146
decision_type=2 2 2 2 2 2 2 2 2 2 2 2 2 2
left_child=3 -2 -3 11 10 7 9 -6 -8 -7 -5 12 -1 -13
right_child=1 2 -4 4 5 6 8 -9 -10 -11 -12 13 -14 -15
leaf_value=0.012342456105152638 0.043557587339206123 -0.18271797792710295 -0.005265414341684046 0.047458157917378757 0.012734829440254723 -0.079818013481284547 -0.13448010096301166 -0.092036443920052433 -0.026200562872678936 0.020351838967720345 -0.065265572994826285 -0.0029801678626255081 -0.082335805178370691 0.0072210201943856862
leaf_weight=15572.621093197027 1420.8307714264374 78.370628418400884 352.16909619304352 986.4142093968112 1297.4830619664863 370.67116662347689 681.25350761134177 328.28210484865122 304.10378244426101 617.71788041293621 150.15349662536755 77515.737166276667 407.48055449686944 24085.481807571312
leaf_count=64210 2580 1020 2125 2044 4203 2754 4857 2623 1666 1123 1399 737451 5724 219886
internal_value=0.000429074 0.0245467 -0.0380313 6.34293e-05 -0.0197678 -0.036283 -0.059181 -0.00843391 -0.101174 -0.0172066 0.0324778 0.000862802 0.0099201 -0.000561345
internal_weight=124169 1851.37 430.54 122317 4736.08 3599.51 1973.75 1625.77 985.357 988.389 1136.57 117581 15980.1 101601
internal_count=1053665 5725 3145 1047940 20669 17226 10400 6826 6523 3877 3443 1027271 69934 957337
is_linear=0
shrinkage=0.05


Tree=131
num_leaves=15
num_cat=0
split_feature=15 9 57 18 1 57 25 54 38 36 36 14 12 6
split_gain=419.917 477.161 880.228 818.729 973.866 881.288 1606.13 1474.21 870.276 753.055 1116.9 1013.5 1137.09 969.422
threshold=4869267.5000000009 19750816.000000004 8.0862421989440936 1887639.0000000002 29704.500000000004 10.161532878875734 1.110000014305115 183202.50000000003 9.5000000000000018 1.2649999856948855 0.80500000715255748 1674736.5000000002 29360.000000000004 850624000.00000012
decision_type=2 2 2 2 2 2 2 2 2 2 2 2 2 2
left_child=1 3 -3 8 -5 -6 -7 -8 -1 10 13 12 -12 -10
right_child=-2 2 -4 4 5 6 7 -9 9 -11 11 -13 -14 -15
leaf_value=-0.056618247531752743 -0.034411750676518187 -0.05154538670256717 0.029120907695922238 -0.03929061758710814 0.010613876137347805 0.0080473726043753472 -0.050523764317635701 -0.33421426281501687 0.0020184001278569772 0.0088186657850053765 0.051377397465882761 -0.010114963545794782 -0.076570455968395956 -0.06484435878598345
leaf_weight=640.75686986837536 858.80943405325525 382.22490282612853 2858.8474073247053 2657.865595908137 4418.4433535279823 1963.1209507262101 1627.4591601563152 46.241203226614743 70175.414529217989 28132.599417205784 203.84977052442264 8403.1034863587702 1132.6168257292593 545.29310900683049
leaf_count=45878 15355 4287 25897 57170 37564 26463 45080 438 506399 192581 1391 55472 28160 11530
internal_value=0.000408088 0.000651519 0.0195794 0.000139494 -0.01305 -0.00438182 -0.022612 -0.0585863 0.00143363 0.00177714 -0.000684355 -0.016558 -0.0569935 0.00150124
internal_weight=124047 123188 3241.07 119947 10713.1 8055.26 3636.82 1673.7 109234 108593 80460.3 9739.57 1336.47 70720.7
internal_count=1053665 1038310 30184 1008126 166715 109545 71981 45518 841411 795533 602952 85023 29551 517929
is_linear=0
shrinkage=0.05


Tree=132
num_leaves=15
num_cat=0
split_feature=7 109 38 57 169 0 1 10 7 1 16 9 6 1
split_gain=408.545 724.638 700.514 1533.36 771.14 784.015 1527.42 800.293 1010.63 685.005 1369.17 1241.04 1096.64 941.063
threshold=54540446.000000007 0.60999998450279247 19.500000000000004 4.0835044384002694 4.3393774032592782 85.500000000000014 28112.500000000004 1156417.5000000002 10842323.000000002 29170.000000000004 3649227.0000000005 6830982.0000000009 814129.46875000012 27205.000000000004
decision_type=2 2 2 2 2 2 2 2 2 2 2 2 2 2
left_child=2 -2 9 -4 5 -5 7 8 -7 10 13 -12 -13 -1
right_child=1 -3 3 4 -6 6 -8 -9 -10 -11 11 12 -14 -15
leaf_value=0.00059975077885032833 0.022488807028640229 -0.089876747783126321 0.031685882157135213 0.010443715846381835 -0.075684442818843775 0.0249114614160727 -0.12191367831978268 -0.12167237953452557 -0.1527921806730024 0.0039360846471175413 -0.069349232709521841 -0.076539619948891066 0.00074147803391752239 -0.031584324118908963
leaf_weight=41738.45459670329 3239.2457433510572 149.00359394354746 1111.2215768411988 1083.8399751656689 897.25176042178646 778.79019668698311 451.99502910440788 140.24131096154451 88.132030324544758 67151.891149671341 1387.1469348083483 554.45676570676733 2637.6838914856198 2400.897120849113
leaf_count=293317 10488 1752 3425 3914 6155 1746 3562 757 615 619791 32403 15099 30745 29896
internal_value=0.000387173 0.0175075 -9.42597e-05 -0.0193338 -0.0358324 -0.0217275 -0.0456488 -0.011286 0.00663312 0.000661212 -0.00385171 -0.0298725 -0.0126859 -0.0011504
internal_weight=123810 3388.25 120422 4551.47 3440.25 2543 1459.16 1007.16 866.922 115871 48718.6 4579.29 3192.14 44139.4
internal_count=1053665 12240 1041425 20174 16749 10594 6680 3118 2361 1021251 401460 78247 45844 323213
is_linear=0
shrinkage=0.05


Tree=133
num_leaves=15
num_cat=0
split_feature=57 3 3 0 6 0 1 15 28 28 37 21 16 50
split_gain=401.372 405.822 844.071 857.328 834.886 655.082 1315.17 1391.54 773.982 770.048 716.199 627.081 928.888 1616.8
threshold=0.89117044210433971 220078880.00000003 210050000.00000003 35.000000000000007 43865000.000000007 35.000000000000007 22291.500000000004 505075.00000000006 -57.874999999999993 54.594999313354499 9.5000000000000018 248496.00000000003 2261704.5000000005 3625.5000000000005
decision_type=2 2 2 2 2 2 2 2 2 2 2 2 2 2
left_child=-1 2 5 -4 -3 6 -2 10 -9 11 -8 12 -7 -14
right_child=1 4 3 -5 -6 9 7 8 -10 -11 -12 -13 13 -15
leaf_value=-0.052675466724677572 -0.065420156667938462 -0.047379724236639872 0.2259815570889363 0.039032967239702294 -0.0034609152957567734 0.0027457437869062231 -0.045469221719103864 -0.074538515531463956 0.017325739500966161 -0.049933231486220316 0.015413719448272965 0.011489637737652547 -0.019866438677575218 0.036232309829965274
leaf_weight=354.59682306839386 1026.8853896609508 1269.2782323164865 71.244706400670111 419.06678947433829 7329.3549178453395 77604.253802730818 2235.5250993217342 241.25169234536588 4238.6934929299168 705.49882910656743 614.14389077806845 16192.137695003534 9873.591410329449 1474.9417406464927
leaf_count=33566 41470 24301 200 1318 65766 538217 84806 2389 64093 10137 905 54394 121313 10790
internal_value=0.000367504 0.000520886 0.00130672 0.066704 -0.00995451 0.00102494 -0.0124507 -0.00501495 0.012352 0.00208938 -0.0323297 0.00243938 0.000791287 -0.0125685
internal_weight=123650 123296 114697 490.311 8598.63 114207 8356.5 7329.61 4479.95 105850 2849.67 105145 88952.8 11348.5
internal_count=1053665 1020099 930032 1518 90067 928514 193663 152193 66482 734851 85711 724714 670320 132103
is_linear=0
shrinkage=0.05


Tree=134
num_leaves=15
num_cat=0
split_feature=23 25 12 1 16 18 10 33 54 30 31 29 38 6
split_gain=389.352 481.932 472.95 1008.92 1369.3 925.844 869.329 820.288 893.378 715.102 702.171 1096.98 695.917 712.862
threshold=-5174573.4999999991 10001.500000000002 2457476.5000000005 17222.500000000004 3491951.0000000005 5738265.0000000009 1156417.5000000002 5.7950000762939462 1544.0000000000002 85.290000915527358 22.755000114440922 67.329998016357436 9.5000000000000018 562909408.00000012
decision_type=2 2 2 2 2 2 2 2 2 2 2 2 2 2
left_child=1 -1 5 4 6 9 -4 -8 -9 10 11 12 -2 -14
right_child=2 -3 3 -5 -6 -7 7 8 -10 -11 -12 -13 13 -15
leaf_value=-7.7021395336039966e-05 -0.055174202171019641 -0.080793369637360904 -0.11922639428247794 0.0098799410653265946 -0.093796557463704022 -0.088360494840466527 0.031117202145691449 -0.0168702813777994 -0.20872423607048304 -0.037436535043207923 0.033888887685023829 -0.062221874390478188 0.00070787388838540021 -0.027249223991289331
leaf_weight=423.64359214995056 574.31556233845185 328.90792839229107 156.35679402365349 23951.286633186159 526.84478201495949 301.90451770660002 1210.4807056365535 1139.9831761138048 63.190999004989862 1312.9084959567408 1477.8029799934011 721.17791978735477 88860.39880445227 2339.184310171986
leaf_count=2188 44032 3542 1666 176359 17377 12074 2734 9115 482 21240 20121 36882 677553 28300
internal_value=0.000348155 -0.0354814 0.000568717 0.00640601 -0.02044 -0.00108257 -0.00535202 0.00205038 -0.027153 -0.000804588 -0.000291873 -0.000838883 -0.000355305 -8.9423e-06
internal_weight=123388 752.552 122636 27048.1 3096.86 95587.7 2570.01 2413.65 1203.17 95285.8 93972.9 92495.1 91773.9 91199.6
internal_count=1053665 5730 1047935 207733 31374 840202 13997 12331 9597 828128 806888 786767 749885 705853
is_linear=0
shrinkage=0.05


Tree=135
num_leaves=15
num_cat=1
split_feature=5 109 24 32 8 9 36 11 57 22 27 57 36 6
split_gain=389.908 471.735 442.473 848.753 1139.15 843.515 725.553 805.756 725.435 656.993 719.317 596.497 581.804 568.032
threshold=67.965000152587905 0.60999998450279247 -9.9349999427795392 3.9850000143051152 0 65768712.000000007 1.8650000095367434 2011389.5000000002 15.916495800018312 -3138404.9999999995 -99.994998931884751 6.8843257427215585 1.6950000524520876 884993632.00000012
decision_type=2 2 2 2 1 2 2 2 2 2 2 2 2 2
left_child=2 -2 3 6 8 -6 7 -1 -5 10 -9 -8 13 -11
right_child=1 -3 -4 4 5 -7 11 9 -10 12 -12 -13 -14 -15
leaf_value=-0.068152129477460452 0.025410878302006248 -0.096922889795826153 -0.0017950187662968927 0.0094775452204874499 -0.066672346319477299 0.12716230516340429 -0.040724699285389382 0.049895019392011956 -0.073477984856328823 0.0093391826514709984 -0.080105044278094908 0.040185351277216959 -0.10440397569676341 -0.097408489746063587
leaf_weight=362.96160307247192 2167.2311888849363 80.656335994368419 90843.750725783233 2581.188590192236 1134.2804978921777 57.973743663169444 249.22856748662889 141.83120927959681 292.47716466069687 22137.343018376734 414.01110137230717 2498.550105010625 113.15009671216831 124.25705256545916
leaf_count=5168 3999 720 903202 16517 26517 215 1516 148 8557 74468 3132 6429 1130 1947
internal_value=0.000329527 0.020958 -5.36127e-05 0.00519902 -0.0160401 -0.0571065 0.00851757 0.00564778 0.000994446 0.00682104 -0.0468138 0.0328163 0.00815772 0.00873676
internal_weight=123199 2247.89 120951 30107.3 4065.92 1192.25 26041.3 23293.6 2873.67 22930.6 555.842 2747.78 22374.8 22261.6
internal_count=1053665 4719 1048946 145744 51806 26732 93938 85993 25074 80825 3280 7945 77545 76415
cat_boundaries=0 1
cat_threshold=2
is_linear=0
shrinkage=0.05


Tree=136
num_leaves=15
num_cat=0
split_feature=47 39 19 18 1 16 12 20 53 24 21 54 13 15
split_gain=379.11 649.052 448.393 1335.15 1067.02 944.518 891.953 966.906 997.943 885.664 795.492 747.528 710.186 706.578
threshold=34.500000000000007 1478906.5000000002 518701.00000000006 1781376.5000000002 22291.500000000004 2479026.0000000005 2663287.5000000005 167860.00000000003 1.0000000180025095e-35 4.6749999523162851 436.50000000000006 10228.000000000002 20000.500000000004 1500010.0000000002
decision_type=2 2 2 2 2 2 2 2 2 2 2 2 2 2
left_child=2 -2 3 13 9 6 7 8 -5 11 -8 -4 -6 -1
right_child=1 -3 4 5 12 -7 10 -9 -10 -11 -12 -13 -14 -15
leaf_value=0.0014346562415046751 -0.070285389430181144 0.0067096084325799325 -0.085174005881656953 -0.053130549354223372 -0.062348902382725759 -0.055097214253568463 0.23376919959458237 0.016787036609809385 -0.27480208310949411 -0.010542067778432512 0.0074114846079954659 -0.4353887360603178 0.017491911748879894 -0.025589201412164642
leaf_weight=100415.1893102926 508.16671577515081 589.27929664717522 254.46409331890754 1084.2103326952783 284.54879332066048 1731.3750885522459 38.607192669063807 554.58606974664144 52.497274026274681 2018.074332179327 2002.8258347311057 15.406616742257027 10990.875481398194 2477.4231364409206
leaf_count=768166 23304 11316 8728 25724 13698 36326 49 3780 430 25799 10583 213 104656 20893
internal_value=0.000313141 -0.0289285 0.000577001 -0.000495389 0.00914734 -0.024578 -0.0103977 -0.0372467 -0.0636446 -0.0219697 0.0118292 -0.106886 0.0154672 0.000783254
internal_weight=123018 1097.45 121920 108357 13563.4 5464.1 3732.73 1691.29 1136.71 2287.95 2041.43 269.871 11275.4 102893
internal_count=1053665 34620 1019045 865951 153094 76892 40566 29934 26154 34740 10632 8941 118354 789059
is_linear=0
shrinkage=0.05


Tree=137
num_leaves=15
num_cat=0
split_feature=37 109 13 52 53 37 37 1 1 33 16 3 6 182
split_gain=376.27 850.017 830.381 791.283 684.623 674.616 2173.16 1182.19 1357.78 1094.23 1838.89 1159.18 1144.11 1086.28
threshold=9.5000000000000018 0.7749999761581422 257191.50000000003 17.500000000000004 1.0000000180025095e-35 5.5000000000000009 7.5000000000000009 68121.500000000015 10111.500000000002 30.954999923706058 839874.50000000012 220078880.00000003 213755000.00000003 3.7635266780853276
decision_type=2 2 2 2 2 2 2 2 2 2 2 2 2 2
left_child=3 -2 -3 5 -5 13 7 8 -7 11 -11 -8 -12 -1
right_child=1 2 -4 4 -6 6 9 -9 -10 10 12 -13 -14 -15
leaf_value=-0.0078758656933204038 0.021547667864974487 -0.073968783664830423 0 -0.022108597841724156 -0.12868466349609739 0.037367646427487071 -0.0014133425369089099 0.03281157171157726 -0.049749956081506536 -0.020540959707504837 0.052282960964254943 -0.042519815854814839 -0.062790352735973276 0.0063343288578539382
leaf_weight=17860.14085023338 6170.0634441291913 409.8814659290947 4946.8671876578592 2118.7513887899695 161.61047562165186 493.24075627670391 24304.293073459761 597.20323613611981 4668.6059770054417 1697.0230142199434 2952.5384224900045 1844.5373368863948 231.8292662105523 54415.599025114265
leaf_count=129955 7081 1781 8805 48294 1042 11734 106139 14545 232989 11925 7470 12344 1733 457828
internal_value=0.000296772 0.00889616 -0.00566819 -0.000593086 -0.0297367 1.60661e-05 -0.00549516 -0.0337004 -0.0414101 -0.00025788 0.0214693 -0.00431642 0.0438726 0.00282208
internal_weight=122872 11526.8 5356.75 111345 2280.36 109065 36789.3 5759.05 5161.85 31030.2 4881.39 26148.8 3184.37 72275.7
internal_count=1053665 17667 10586 1035998 49336 986662 398879 259268 244723 139611 21128 118483 9203 587783
is_linear=0
shrinkage=0.05


Tree=138
num_leaves=15
num_cat=0
split_feature=7 57 57 38 57 0 1 33 10 38 57 24 35 23
split_gain=376.703 807.604 737.335 663.492 1361.2 785.94 1152.2 1034.27 893.964 971.129 630.99 599.396 593.065 569.628
threshold=101626072.00000001 12.80903482437134 17.540040969848636 19.500000000000004 4.0835044384002694 85.500000000000014 28112.500000000004 5.3450000286102304 1156417.5000000002 20.500000000000004 23.889117240905765 211.06499481201175 280.52999877929693 -103775.99999999999
decision_type=2 2 2 2 2 2 2 2 2 2 2 2 2 2
left_child=3 -2 -3 13 11 7 8 12 9 -7 -11 -5 -6 -1
right_child=1 2 -4 4 5 6 -8 -9 -10 10 -12 -13 -14 -15
leaf_value=0.0095503393972253964 0.041928038190582217 -0.17624909999625382 -0.0056200662917695841 0.044836856297386048 -0.0058524712255910855 0.030837475825932215 -0.10667973587323738 -0.088537693928219738 -0.12364242359564091 -0.10685044285122665 0.029343311253785743 -0.064083482427231872 0.075805546108347388 -0.00069858856829193043
leaf_weight=15671.170474528219 1354.8911337102763 76.87034577364102 342.78313585929573 942.53363463841379 995.45369270350784 637.37809306196868 693.74367507128045 315.92939020623453 197.10733106546104 293.1736606718041 118.39576942846179 144.59467725013383 284.95407887664624 100431.12479072396
leaf_count=69934 2580 1020 2125 2044 3810 856 5502 2623 1073 2704 265 1399 393 957337
internal_value=0.000280929 0.023144 -0.0373387 -5.49094e-05 -0.0186284 -0.0336763 -0.055056 -0.00764711 -0.0262119 -0.00775577 -0.0675744 0.0302583 0.0123264 0.000684423
internal_weight=122500 1774.54 419.653 120726 4623.26 3536.14 1939.8 1596.34 1246.05 1048.95 411.569 1087.13 1280.41 116102
internal_count=1053665 5725 3145 1047940 20669 17226 10400 6826 4898 3825 2969 3443 4203 1027271
is_linear=0
shrinkage=0.05


Tree=139
num_leaves=15
num_cat=0
split_feature=38 7 6 38 12 6 1 15 55 20 182 12 57 12
split_gain=372.3 713.04 1064.03 923.739 760.032 1297.69 1186.77 1121.36 1024.1 1204.42 1416.1 983.722 858.719 771.052
threshold=14.500000000000002 4836753.2500000009 382683200.00000006 8.5000000000000018 870425.00000000012 220963648.00000003 46605.000000000007 3372409.5000000005 10001.000000000002 8523.0000000000018 3.7635266780853276 1080243.5000000002 24.683094024658207 1440748.5000000002
decision_type=2 2 2 2 2 2 2 2 2 2 2 2 2 2
left_child=1 4 -3 -4 5 6 7 12 -7 -10 -11 -6 -1 -13
right_child=-2 2 3 -5 11 8 -8 -9 9 10 -12 13 -14 -15
leaf_value=0.0042937321876871052 -0.0021692710806294787 0.023735449526987328 0.18381429414294567 -0.046042852378909871 0.030278004704536822 -0.037523224533802163 -0.030421140818207289 0.29196528029199664 -0.045967438145035469 -0.17955345930334127 -0.75027432070174327 -0.023192673387576645 -0.051764660887599984 0.0068043451398170016
leaf_weight=18015.858895156649 68727.231674341019 7047.4275454420713 45.037829644745216 846.80520974064711 3940.3887508716434 1495.7494204806862 3162.2115613267524 32.443095434224233 63.28436204046011 33.798293009400368 15.964426090940831 2477.4635310575832 708.99086256709415 15774.214488136
leaf_count=226232 401193 29090 449 17097 23599 31316 84170 394 217 189 274 31479 21932 186034
internal_value=0.000267008 0.00338831 0.0172191 -0.0341863 0.000985186 -0.00527432 -0.00208969 0.00268528 -0.0486049 -0.193176 -0.374805 0.00762379 0.00216584 0.00272879
internal_weight=122387 53659.6 7939.27 891.843 45720.4 23528.3 21919.5 18757.3 1608.8 113.047 49.7627 22192.1 18724.8 18251.7
internal_count=1053665 652472 46636 17546 605836 364724 332728 248558 31996 680 463 241112 248164 217513
is_linear=0
shrinkage=0.05


Tree=140
num_leaves=15
num_cat=0
split_feature=35 9 37 29 17 1 36 26 26 56 17 52 33 24
split_gain=372.019 1203.36 1121.59 893.801 783.524 1536.93 1167.52 947.903 927.645 871.57 784.702 2432.75 745.879 768.619
threshold=53.664999008178718 596711.00000000012 8.5000000000000018 -4.1549999713897696 5707662.5000000009 38316.500000000007 1.294999957084656 497.27500915527349 21.464999198913578 15.000000000000002 3274457.0000000005 7.5000000000000009 33.555000305175788 31.545000076293949
decision_type=2 2 2 2 2 2 2 2 2 2 2 2 2 2
left_child=-1 2 -2 -3 6 -6 8 10 -5 -7 11 -8 13 -10
right_child=1 3 -4 4 5 9 7 -9 12 -11 -12 -13 -14 -15
leaf_value=-0.0009501882565225129 -0.047966710177399861 -0.034660218673527657 0.019077940049095202 -0.014047057210246941 -0.062903743452424804 0.011534016511452513 0.097216422255333071 -0.065997130701270001 0.022247930557902005 -0.29180195076089976 0.049835269101296847 0.62861455821443712 0.056574506191872334 -0.04916912183714834
leaf_weight=102660.83511979121 1762.2068660596851 984.24041746521834 963.34633693657815 2069.9573205782799 813.1037327372469 5956.0805093666422 359.26643151766621 147.09953632077668 3043.585334109026 22.765070555731654 1637.0784977654694 22.025908340234309 1407.9706895889249 428.65122109546792
leaf_count=823712 39941 12636 2150 26303 25461 66883 5323 5751 14449 201 12884 631 10306 7034
internal_value=0.000254984 0.00656412 -0.0242531 0.0115407 0.0144044 0.00154045 0.0239825 0.0560396 0.0139806 0.0103221 0.0649867 0.129608 0.0258792 0.0134054
internal_weight=122278 19617.4 2725.55 16891.8 15907.6 6791.95 9115.63 2165.47 6950.16 5978.85 2018.37 381.292 4880.21 3472.24
internal_count=1053665 229953 42091 187862 175226 92545 82681 24589 58092 67084 18838 5954 31789 21483
is_linear=0
shrinkage=0.05


Tree=141
num_leaves=15
num_cat=1
split_feature=57 57 8 1 55 16 3 1 0 22 37 37 19 1
split_gain=368.693 370.694 803.461 888.28 1366.77 1510.94 1135.49 1017.73 1826.57 997.202 926.906 859.294 808.307 787.226
threshold=0.89117044210433971 8.7570157051086444 0 46314.500000000007 398.00000000000006 883726.50000000012 43465028.000000007 10519.500000000002 85.500000000000014 391006.50000000006 8.5000000000000018 5.5000000000000009 -936939.49999999988 1216.0000000000002
decision_type=2 2 1 2 2 2 2 2 2 2 2 2 2 2
left_child=-1 2 -2 4 7 6 -6 10 -9 -7 13 -10 -5 -4
right_child=1 -3 3 12 5 9 -8 8 11 -11 -12 -13 -14 -15
leaf_value=-0.052167671415235699 0.0080691324104468966 -0.0020914951876343318 -0.084945035294714699 -0.086445498945156088 -0.11738172171818761 -0.006566826807937182 -0.01309440471356068 -0.038524940354346636 0.036273487852872335 -0.2075395410994928 -0.027178903667058153 -0.020160668397957049 0.009599158345322583 0.064745643107849735
leaf_weight=333.66886068711756 34506.692506779684 67481.264704812667 93.890976258786395 223.65298029687256 850.02547631645575 1767.9479582798667 378.50960255321115 3237.9084035211708 1873.6974207176827 62.99587813578546 496.48050299659371 1051.5949928220361 8688.5811432028422 1159.830874102423
leaf_count=33566 180983 650060 1845 2328 5781 4779 928 80803 1896 466 1497 2863 74429 11441
internal_value=0.000239418 0.000383738 0.00345554 -0.00454793 -0.0140728 -0.0424484 -0.0853284 -0.00309192 -0.0126534 -0.0136183 0.0305374 0.0159693 0.00717387 0.0534367
internal_weight=122207 121873 54391.8 19885.1 10972.9 3059.48 1228.54 7913.4 6163.2 1830.94 1750.2 2925.29 8912.23 1253.72
internal_count=1053665 1020099 370039 189056 112299 11954 6709 100345 85562 5245 14783 4759 76757 13286
cat_boundaries=0 1
cat_threshold=2
is_linear=0
shrinkage=0.05


Tree=142
num_leaves=15
num_cat=0
split_feature=50 52 15 18 21 14 16 52 36 15 13 57 1 37
split_gain=363.233 623.953 557.867 614.71 716.027 934.948 833.308 1166.4 850.063 659.085 1040.53 758.834 638.272 529.55
threshold=58151.000000000007 17.500000000000004 4316052.5000000009 15717291.000000002 248496.00000000003 2318593.5000000005 2391463.5000000005 10.500000000000002 2.185000061988831 349999.50000000006 4712521.0000000009 30.084873199462894 71465.500000000015 9.5000000000000018
decision_type=2 2 2 2 2 2 2 2 2 2 2 2 2 2
left_child=1 2 3 4 6 -6 9 8 -8 11 -11 -1 -9 -3
right_child=-2 13 -4 -5 5 -7 7 12 -10 10 -12 -13 -14 -15
leaf_value=-0.0010097341658918421 0.045022804541502398 -0.0359580933608891 -0.03900635861191417 -0.085006093932529628 -0.075320015698345788 0.011197496724473021 -0.027098281110997616 0.025214987341876178 0.011197761430143623 0.010226537675311117 -0.059095554052290312 -0.051345091484555808 0.17760384407193247 0.015533274724884045
leaf_weight=65416.440268230333 449.87138565315399 2073.6275512556313 881.2450106437318 206.85529882938135 316.29354393982794 19233.238657228183 7513.0434753313311 961.25916299805976 1792.6010561094154 21159.993226509658 554.35694437660277 756.49032274202909 73.243048979900777 655.40788618591614
leaf_count=589884 4854 46281 15651 8116 5509 112354 113581 5712 23316 103804 5696 17860 45 1002
internal_value=0.000227321 6.08079e-05 0.00060402 0.000900629 0.00105266 0.00979138 -0.000686127 -0.014112 -0.0197153 0.000893031 0.00845184 -0.00158669 0.0362135 -0.0235724
internal_weight=122044 121594 118865 117984 117777 19549.5 98227.4 10340.1 9305.64 87887.3 21714.4 66172.9 1034.5 2729.04
internal_count=1053665 1048811 1001528 985877 977761 117863 859898 142654 136897 717244 109500 607744 5757 47283
is_linear=0
shrinkage=0.05


Tree=143
num_leaves=15
num_cat=0
split_feature=24 1 6 31 55 121 26 132 26 26 21 33 33 57
split_gain=360.468 787.557 1531.02 1296.3 717.349 621.309 589.177 1492.6 1521.1 889.625 872.551 967.815 1123.21 1134.85
threshold=55.104999542236335 41105.000000000007 17089692.000000004 9.6549997329711932 15.000000000000002 6.1526658535003671 2.995000004768372 -11.296313285827635 -5.0250000953674308 0.48499999940395361 409706.50000000006 3.5849999189376835 3.7949999570846562 6.5065023899078378
decision_type=2 2 2 2 2 2 2 2 2 2 2 2 2 2
left_child=6 2 -2 4 -4 -6 7 8 10 -9 11 -1 13 -13
right_child=1 -3 3 -5 5 -7 -8 9 -10 -11 -12 12 -14 -15
leaf_value=0.001229690218399055 -0.0010231813815390078 0.0027762673815183696 -0.073020678045226176 0.0010896593468452177 -0.1500610352779248 -0.46965111476995003 0.0050658155034212166 0.0011149445729968391 -0.087714286870595251 -0.081382579177903674 0.025024713584498145 -0.60464832078291586 -0.037302250788182202 -0.13326985710394063
leaf_weight=2135.0730332329404 2919.4573496925877 6788.3749127730262 1104.7576573843253 606.83040010940749 146.62948436895385 16.597088743001223 50612.184592648759 52394.703381456668 826.29331584414467 327.82924622064456 1091.843546724529 14.519290288910268 2786.1589649006492 81.4060113504529
leaf_count=8073 32536 70204 15904 6907 860 188 358776 501491 13515 6956 6369 250 30818 818
internal_value=0.000215773 -0.00817427 -0.0236873 -0.0589337 -0.0876773 -0.185524 0.00109757 -0.00226817 -0.0240725 0.000599492 -0.0154433 -0.0242632 -0.0431598 -0.210636
internal_weight=121853 11582.6 4794.27 1874.81 1267.98 163.227 110270 59657.8 6935.29 52722.5 6109 5017.16 2882.08 95.9253
internal_count=1053665 126599 56395 23859 16952 1048 927066 568290 59843 508447 46328 39959 31886 1068
is_linear=0
shrinkage=0.05


Tree=144
num_leaves=15
num_cat=0
split_feature=7 109 38 57 169 0 1 10 7 57 37 37 89 33
split_gain=356.624 642.161 585.853 1259.44 676.889 659.88 1272.51 667.213 840.346 576.689 551.542 2251.55 1406.96 1178.82
threshold=54540446.000000007 0.60999998450279247 19.500000000000004 4.0835044384002694 4.3393774032592782 85.500000000000014 28112.500000000004 1156417.5000000002 10842323.000000002 16.420260429382328 5.5000000000000009 7.5000000000000009 3.1611628532409672 3.7549999952316289
decision_type=2 2 2 2 2 2 2 2 2 2 2 2 2 2
left_child=2 9 10 -4 5 -5 7 8 -7 -2 13 -12 -13 -1
right_child=1 -3 3 4 -6 6 -8 -9 -10 -11 11 12 -14 -15
leaf_value=0.0098927848011154534 0.032619336035141631 -0.087490930502508585 0.029401993693837187 0.0099215882479149423 -0.07126040851208397 0.023978320363353411 -0.11238595762473043 -0.11152481733023144 -0.1360399922630178 -0.01873470989943312 -0.033287811319776102 -0.0058456127183749472 0.014299743689586211 -0.0033014216326201539
leaf_weight=33993.549171882332 2445.0286360518076 141.04447644564789 1057.2823929444421 1062.4100239537656 864.48800342390314 750.88830004865304 442.63017923873849 138.56322514545172 91.065910494886339 701.977955784183 5664.5460413225228 28151.386178984074 12521.017639619065 33712.65240980871
leaf_count=261952 6055 1752 3425 3914 6155 1746 3562 757 615 4433 269324 123632 32305 334038
internal_value=0.000205037 0.0164455 -0.000245493 -0.0181309 -0.0331516 -0.0198537 -0.0421081 -0.0102498 0.00647054 0.021146 0.000445423 -0.00375718 0.000355114 0.00332236
internal_weight=121739 3288.05 118450 4407.33 3350.05 2485.56 1423.15 980.517 841.954 3147.01 114043 46336.9 40672.4 67706.2
internal_count=1053665 12240 1041425 20174 16749 10594 6680 3118 2361 10488 1021251 425261 155937 595990
is_linear=0
shrinkage=0.05


Tree=145
num_leaves=15
num_cat=0
split_feature=3 5 57 57 53 3 0 6 0 15 1 28 28 37
split_gain=350.821 791.377 1423.75 4266.53 1659.56 733.488 603.15 596.888 570.181 1178.57 1117.66 708.424 660.178 638.607
threshold=220078880.00000003 1.0149999856948855 10.418891429901125 10.859685420989992 1.0000000180025095e-35 210050000.00000003 35.000000000000007 43865000.000000007 35.000000000000007 505075.00000000006 22291.500000000004 49.584999084472663 -57.874999999999993 9.5000000000000018
decision_type=2 2 2 2 2 2 2 2 2 2 2 2 2 2
left_child=5 2 -2 4 -4 8 -7 -3 9 13 -11 -10 -12 -1
right_child=1 7 3 -5 -6 6 -8 -9 11 10 12 -13 -14 -15
leaf_value=-0.046919842088843859 -0.0079817168257543814 -0.040857060944334098 -0.056505186824582165 -0.088922270784877799 -1.0423673571779213 0.18503300361060329 0.036661426228512754 0.00043216613348319948 0.0020165512534981648 -0.066991939139870157 -0.071688550585202876 -0.045530963165516247 0.015914697641575725 0.0093212240947675995
leaf_weight=2554.2677087437478 472.57135233539157 1004.7066283500753 5.9442512157838818 231.4577354893554 16.540738105773926 82.155735937878489 402.72348354244605 6733.3554515065043 103578.25462399534 506.36321363277966 225.6246761304792 788.28574423503596 4163.6396113322116 626.85173582145944
leaf_count=110606 5719 16217 234 7248 384 200 1324 61036 749242 20045 2411 13640 64322 1037
internal_value=0.000194572 -0.00962211 -0.0594859 -0.154729 -0.797372 0.000930907 0.0622328 -0.00492694 0.000665564 -0.0121317 0.00325598 0.00165651 0.0113849 -0.0358222
internal_weight=121393 8464.58 726.514 253.943 22.485 112928 484.879 7738.06 112443 8076.75 4895.63 104367 4389.26 3181.12
internal_count=1053665 90838 13585 7866 618 962827 1524 77253 961303 198421 86778 762882 66733 111643
is_linear=0
shrinkage=0.05


Tree=146
num_leaves=15
num_cat=0
split_feature=1 6 28 34 18 34 10 7 26 38 57 21 57 15
split_gain=349.18 705.635 618.553 700.752 738.46 549.786 522.012 499.577 628.864 909.588 599.517 542.808 785.206 491.015
threshold=71155.000000000015 528533008.00000006 49.584999084472663 9999.9951171875018 247605.50000000003 153.55999755859378 14765.500000000002 37468300.000000007 8.2550001144409197 18.500000000000004 8.6201233863830584 436.50000000000006 5.1759068965911874 349999.50000000006
decision_type=2 2 2 2 2 2 2 2 2 2 2 2 2 2
left_child=2 5 3 13 -5 7 -6 8 10 11 -2 -10 -13 -1
right_child=1 -3 -4 4 6 -7 -8 -9 9 -11 -12 12 -14 -15
leaf_value=-0.0029088004198982581 0.014325964990125879 -0.10139383189569584 -0.039946360566296815 -0.071043800280391159 0.2106413570483528 -0.062196798294733159 0.051943090702699937 0.084868081096658832 0.13421351824693192 -0.093575388506851626 -0.040828537025686638 -0.073403611569354918 0.035969601508253485 0.0039222371537116305
leaf_weight=72096.606367411965 1265.3520161960041 132.93087796482723 980.3930853062775 115.38229846372269 55.733157813549042 222.47148439777084 658.54763392312452 263.42869828874245 128.68333167303354 145.32426668377593 804.88456730614416 173.17223909776658 2784.7801151765743 41415.870842340053
leaf_count=677297 13303 2681 16773 2323 25 6466 3943 383 1317 952 18463 3666 17509 288564
internal_value=0.000187224 0.0120284 -0.000420407 -8.07194e-05 0.0456756 0.014659 0.0646729 0.0177507 0.0143913 0.0281728 -0.0071027 0.0339495 0.0295268 -0.000415993
internal_weight=121244 5921.03 115323 114342 829.663 5788.1 714.281 5565.63 5302.2 3231.96 2070.24 3086.64 2957.95 113512
internal_count=1053665 64740 988925 972152 6291 62059 3968 55593 55210 23444 31766 22492 21175 965861
is_linear=0
shrinkage=0.05


Tree=147
num_leaves=15
num_cat=0
split_feature=18 22 1 25 37 170 1 13 19 53 57 38 53 26
split_gain=352.842 1150.02 851.42 682.533 887.405 718.853 665.921 772.382 667.487 606.435 585.606 585.436 759.547 582.614
threshold=2027586.5000000002 461751.00000000006 22205.000000000004 2.3950001001358037 7.5000000000000009 6.3595187664031991 58121.500000000007 2410197.5000000005 212674.50000000003 1.0000000180025095e-35 10.161532878875734 12.500000000000002 1.0000000180025095e-35 -86.904998779296861
decision_type=2 2 2 2 2 2 2 2 2 2 2 2 2 2
left_child=-1 6 -3 -4 5 -5 7 9 10 -2 -8 12 -7 -12
right_child=1 2 3 4 -6 11 8 -9 -10 -11 13 -13 -14 -15
leaf_value=0.0010532745823752486 -0.061380156104500573 -0.066660363104935741 0.030981350569597988 -0.066262740513821264 0.02233297162050478 -0.05779586200232803 0.041235846068787642 -0.020340448110919784 -0.054437571411984291 -0.21176223589715171 0.031406282676572202 0.019341245196515835 -0.9111456992157223 -0.070411938648428485
leaf_weight=109627.98560575489 1172.7507012090646 376.22556754382094 2457.7921814621659 727.29710996552603 1712.4893173337914 257.98690696200356 856.74066744465381 2096.1451529649203 453.18873497389723 70.693874780787155 255.34927373961546 803.01267452881439 1.649689259007572 309.01880612003151
leaf_count=863288 28054 21257 29553 29110 4484 20853 4263 24818 8297 497 754 11229 51 7157
internal_value=0.000177086 -0.00813414 0.00617078 0.0107869 -0.00337488 -0.0279969 -0.0255264 -0.0389105 -0.00164417 -0.0701333 0.0151828 -0.00172239 -0.0668848 -0.0242816
internal_weight=121178 11550.3 6336.45 5960.23 3502.44 1789.95 5213.89 3339.59 1874.3 1243.44 1421.11 1062.65 259.637 564.368
internal_count=1053665 190377 116537 95280 65727 61243 73840 53369 20471 28551 12174 32133 20904 7911
is_linear=0
shrinkage=0.05


Tree=148
num_leaves=15
num_cat=0
split_feature=54 101 6 24 47 57 9 16 6 32 23 34 12 25
split_gain=344.429 415.137 408.801 692.617 404.173 492.582 471.787 864.732 1381.17 1181.46 845.195 826.632 776.802 584.33
threshold=411125.50000000006 19.704090118408207 37163112.000000007 -44.090000152587884 34.500000000000007 10.772074222564699 6830982.0000000009 2839672.0000000005 111498248.00000001 3.4750000238418584 -3553399.4999999995 9.9650001525878924 514226.00000000006 -69.444999694824205
decision_type=2 2 2 2 2 2 2 2 2 2 2 2 2 2
left_child=4 -2 -3 -4 6 -6 7 13 9 -9 -8 -11 -12 -1
right_child=1 2 3 -5 5 -7 10 8 -10 11 12 -13 -14 -15
leaf_value=0.015281102824432858 -0.039341615599945735 0.026220630413769069 -0.18402300836165572 0.0053004541016370074 0.0084441444314612962 -0.062451022842813231 -0.053914974517995186 0.009897058527519785 -0.048500712707209702 -0.063177381716667966 -0.10052356927020101 0.01439026029639906 0.012913550600556746 -0.0010978267996831046
leaf_weight=5820.7266112643993 412.26930985460058 3164.2398997563869 47.73725675791502 5369.2396665113047 424.96140109770931 573.35686986870132 513.97385530371685 4312.3457944176625 2439.3055600906955 1147.2594935122179 151.76814434141852 488.24878695688676 11941.119388242601 84226.606931830698
leaf_count=30119 2498 4991 341 11994 5064 29460 4743 25110 44269 40082 2990 15468 98122 738414
internal_value=0.000167535 0.00958163 0.0119422 0.00358915 -0.000587772 -0.0322443 -0.000302426 -0.00146924 -0.0168238 -0.00381824 0.00880352 -0.0399959 0.0114776 -3.83674e-05
internal_weight=121033 8993.49 8581.22 5416.98 112040 998.318 111041 98434.5 8387.16 5947.85 12606.9 1635.51 12092.9 90047.3
internal_count=1053665 19824 17326 12335 1033841 34524 999317 893462 124929 80660 105855 55550 101112 768533
is_linear=0
shrinkage=0.05


Tree=149
num_leaves=15
num_cat=0
split_feature=38 32 35 34 37 31 175 15 3 1 1 1 1 17
split_gain=349.416 896.479 941.456 903.787 1018.91 813.035 1053.92 794.62 794.186 1368.09 1006.83 1026.52 879.207 797.666
threshold=16.500000000000004 3.1750000715255742 120.189998626709 2.4550000429153447 8.5000000000000018 3.5049999952316289 2.1884661912918095 225087.50000000003 95017500.000000015 42202.500000000007 23221.500000000004 23322.500000000004 10355.000000000002 16979732.000000004
decision_type=2 2 2 2 2 2 2 2 2 2 2 2 2 2
left_child=-1 8 3 5 -5 6 -3 -4 13 10 12 -12 -10 -2
right_child=1 2 7 4 -6 -7 -8 -9 9 -11 11 -13 -14 -15
leaf_value=0.0019854738090416477 0.0040798123665632966 0.012235455842218189 -0.042908030935235764 -0.072844345362363991 0.0042846222581065544 0.012133516404209017 -0.084120986000869979 0.02839283888127387 -0.0074243062535122714 -0.064136122988553659 0.2385411269347921 0.019207330340212939 -0.10345768533461086 -0.055937115012113105
leaf_weight=82675.735064589418 26724.161797697423 490.8646531709237 533.32236339431256 1771.3027100406471 562.88130270596594 1535.8868686005007 668.33467519422993 1451.0869354613824 839.06070982082747 1259.8261297917925 54.614866994321346 1352.3735329248011 332.7260140099097 564.25373384624254
leaf_count=809385 128388 1896 16502 39091 1404 7617 6417 11168 3997 12894 272 5505 3726 5403
internal_value=0.000158732 -0.00379964 -0.0199472 -0.0314546 -0.0542297 -0.0116981 -0.0433002 0.00919314 -0.000159078 -0.0214519 -0.000562942 0.0279201 -0.0348004 0.00283498
internal_weight=120816 38140.7 7013.68 5029.27 2334.18 2695.09 1159.2 1984.41 31127 3838.6 2578.78 1406.99 1171.79 27288.4
internal_count=1053665 244280 84095 56425 40495 15930 8313 27670 160185 26394 13500 5777 7723 133791
is_linear=0
shrinkage=0.05


Tree=150
num_leaves=15
num_cat=0
split_feature=57 38 26 24 6 132 37 53 29 25 11 21 6 57
split_gain=338.998 360.038 677.998 1152.87 1169.26 1077.94 1130.31 963.915 856.385 948.71 836.905 798.34 974.971 1517.42
threshold=0.89117044210433971 14.500000000000002 61.760000228881843 45.305000305175788 10040488.000000002 -11.296313285827635 5.5000000000000009 104.50000000000001 -1.9049999713897703 10000.500000000002 15583683.000000002 116776.50000000001 302497.50000000006 17.249829292297367
decision_type=2 2 2 2 2 2 2 2 2 2 2 2 2 2
left_child=-1 -2 5 8 -5 7 11 -3 9 -4 -11 12 13 -7
right_child=1 2 3 4 -6 6 -8 -9 -10 10 -12 -13 -14 -15
leaf_value=-0.051634954418310675 0.0033913731141640606 -0.019595522814391253 -0.09815270808131546 0.0030363115426166425 -0.042060520391123249 0.0048647756785005448 -0.01563463678609061 -0.098982465323351254 0.016282374706364875 0.0031282775063041835 -0.071398312582093365 0.020203615631745681 -0.0072983119051253861 0.087304941758535926
leaf_weight=314.20053879561601 52564.776818495709 6413.6416736093815 263.28623252268881 3495.5939942983678 2437.7431903325487 2514.5821541068144 11090.944100730005 406.14742406876758 14497.418400767958 6064.6953512469772 400.6115422216244 5609.7570527242497 13864.060193140991 717.03344623849262
leaf_count=33566 624263 34558 3348 31838 23980 32346 98903 2915 57574 22657 4030 13851 61701 8135
internal_value=0.000149518 0.000285568 -0.00212248 0.00399189 -0.0154875 -0.00621229 -0.00255129 -0.0243445 0.00943982 -0.00529595 -0.00149223 0.00383775 -0.00153047 0.0231935
internal_weight=120654 120340 67775.5 27159.3 5933.34 40616.2 33796.4 6819.79 21226 6728.59 6465.31 22705.4 17095.7 3231.62
internal_count=1053665 1020099 395836 143427 55818 252409 214936 37473 87609 30035 26687 116033 102182 40481
is_linear=0
shrinkage=0.05


Tree=151
num_leaves=15
num_cat=0
split_feature=7 6 57 57 38 57 0 1 33 10 38 24 57 23
split_gain=342.395 728.088 808.076 659.066 531.827 1115.15 676.614 919.428 906.784 759.67 834.891 520.847 516.805 508.016
threshold=101626072.00000001 212101248.00000003 12.80903482437134 17.540040969848636 19.500000000000004 4.0835044384002694 85.500000000000014 28112.500000000004 5.3450000286102304 1156417.5000000002 20.500000000000004 211.06499481201175 23.889117240905765 -103775.99999999999
decision_type=2 2 2 2 2 2 2 2 2 2 2 2 2 2
left_child=4 -2 -3 -4 13 11 8 9 -7 10 -8 -6 -12 -1
right_child=1 2 3 -5 5 6 7 -9 -10 -11 12 -13 -14 -15
leaf_value=0.0089526046164436022 -0.20981891194833577 0.046572469132940449 -0.16627002731230048 -0.0036286859459060657 0.042181824875516138 0.011968670018615792 0.029207362537417309 -0.098279434002586666 -0.084335030618509582 -0.11489814728012744 -0.10039649524633099 -0.061961187376212694 0.02576659614579993 -0.00082845315901580784
leaf_weight=15329.556993899867 32.110327289206907 1275.2033384698443 75.412632220424712 340.97620680683758 899.70585799007677 1266.3721322934143 611.22103702137247 665.68630607239902 301.73698730487376 195.33911304268986 280.23799543804489 137.27257272670977 112.81856163218617 98996.541964601493
leaf_count=69934 331 2260 1012 2122 2044 4203 856 5502 2623 1073 2704 1399 265 957337
internal_value=0.000142198 0.0222605 0.0268168 -0.0335324 -0.000178496 -0.017095 -0.0308246 -0.0511716 -0.00657225 -0.024929 -0.00728279 0.0283011 -0.0640837 0.000482682
internal_weight=120520 1723.7 1691.59 416.389 118796 4470.39 3433.41 1865.3 1568.11 1199.62 1004.28 1036.98 393.057 114326
internal_count=1053665 5725 5394 3134 1047940 20669 17226 10400 6826 4898 3825 3443 2969 1027271
is_linear=0
shrinkage=0.05


Tree=152
num_leaves=15
num_cat=1
split_feature=5 4 27 9 12 8 6 55 12 38 6 9 34 9
split_gain=334.199 430.674 379.527 1173.23 1594.98 1069.69 1099.42 951.094 1087.67 1182.77 900.455 970.916 845.917 768.392
threshold=67.975002288818374 1363646.5000000002 11.295000076293947 407266.50000000006 15971.500000000002 0 111498248.00000001 1608.0000000000002 1646303.0000000002 13.500000000000002 96884040.000000015 2013215.0000000002 6.2850000858306894 622481.50000000012
decision_type=2 2 2 2 2 1 2 2 2 2 2 2 2 2
left_child=2 -2 -1 4 -4 10 7 13 9 -9 -5 -12 -6 -7
right_child=1 -3 3 5 12 6 -8 8 -10 -11 11 -13 -14 -15
leaf_value=-0.0020734467313707227 0.024729345662398369 -0.11855525104973769 0.47677622165224598 0.01477551216213195 0.062934673414854911 0.087812788056488691 0.0054563592814809939 -0.51251287766301801 -0.020611813660174356 -0.10390940233762878 -0.061520404434459101 3.3617915476424631e-06 -0.070553885640440919 -0.017984108371569295
leaf_weight=82422.70547879237 1883.6697805242147 52.859636073932052 20.99257096007932 16847.368808522122 944.96315865102224 176.31237124861218 6774.8510122794542 17.538532184436917 627.6586671252735 491.93469038233161 762.03322237404063 4008.0595756403636 134.52395084570162 5242.6634572728071
leaf_count=796226 3890 344 187 80709 2334 2333 43902 215 2078 2871 11935 32395 2665 71581
internal_value=0.000134974 0.0207333 -0.000201475 0.00407718 0.0548877 0.00247427 -0.00866267 -0.023259 -0.0648252 -0.11905 0.00934454 -0.00982556 0.0462034 -0.0145171
internal_weight=120408 1936.53 118472 36048.9 1100.48 34948.4 13331 6556.11 1137.13 509.473 21617.5 4770.09 1079.49 5418.98
internal_count=1053665 4234 1049431 253205 5186 248019 122980 79078 5164 3086 125039 44330 4999 73914
cat_boundaries=0 1
cat_threshold=2
is_linear=0
shrinkage=0.05


Tree=153
num_leaves=15
num_cat=0
split_feature=35 10 37 52 1 25 18 54 6 107 32 25 57 33
split_gain=336.711 1048.33 1754.9 1026.22 892.358 811.315 736.385 728.947 1200.5 800.053 674.175 737.622 668.352 905.664
threshold=53.664999008178718 1291400.0000000002 7.5000000000000009 6.5000000000000009 26564.500000000004 -94.805000305175767 42188.500000000007 6865.0000000000009 253266088.00000003 0.36999998986721044 50.635000228881843 -77.240001678466783 15.073237895965578 3.4750000238418584
decision_type=2 2 2 2 2 2 2 2 2 2 2 2 2 2
left_child=-1 4 3 5 12 -3 -6 -7 9 -9 -8 -12 13 -2
right_child=1 2 -4 -5 6 7 10 8 -10 -11 11 -13 -14 -15
leaf_value=-0.0010226290210026494 0.029262212507712371 0.037242414944169931 0.019105781199878567 0.028413377928708818 -0.069786161572020625 -0.049146755226705974 0.030415343761301741 -0.13016326171114084 -0.23753289086785323 0.02757528721322406 0.13910281976201144 -0.052038211722987907 -0.12110063747568561 -0.066020675224860201
leaf_weight=101148.41965232074 638.03861949959537 384.87560474977363 4250.1895036310889 813.65353654453065 201.87106969376327 3443.0523328756099 7398.4043629772495 87.77728030923754 49.589549465337768 844.59831887576729 55.992876359610818 435.91312130232109 148.12755822774488 407.79110592824873
leaf_count=823712 2377 1648 14490 13222 4432 102598 49638 670 395 1464 677 24659 2672 11011
internal_value=0.000128207 0.00620602 -0.00513212 -0.0234598 0.0182662 -0.0322492 0.0242228 -0.0383118 -0.000259018 0.0125481 0.0266429 -0.0299414 -0.0220497 -0.00787041
internal_weight=120308 19159.9 9873.74 5623.55 9286.14 4809.89 8092.18 4425.02 981.965 932.376 7890.31 491.906 1193.96 1045.83
internal_count=1053665 229953 134487 119997 95466 106775 79406 105127 2529 2134 74974 25336 16060 13388
is_linear=0
shrinkage=0.05


Tree=154
num_leaves=15
num_cat=0
split_feature=18 22 1 15 20 1 13 19 14 36 36 14 12 27
split_gain=323.039 1040.12 768.423 638.373 687.655 594.942 715.347 600.589 568.68 554.122 1041.89 932.852 1063.63 923.12
threshold=2027586.5000000002 461751.00000000006 22205.000000000004 1050029.0000000002 45945.500000000007 58121.500000000007 2410197.5000000005 212674.50000000003 6885272.5000000009 1.2649999856948855 0.80500000715255748 1674736.5000000002 29360.000000000004 23.625000000000004
decision_type=2 2 2 2 2 2 2 2 2 2 2 2 2 2
left_child=9 5 -3 4 -4 6 -2 -7 -8 10 -1 12 -12 -13
right_child=1 2 3 -5 -6 7 8 -9 -10 -11 11 13 -14 -15
leaf_value=0.00095824832096963344 -0.067799266156105126 -0.065036903329882476 0.019257220152136701 0.027815208202572352 -0.028152372703631176 0.014410269651221356 -0.06941349448491535 -0.052198588623471348 -0.0057057278117043607 0.0069993729378318888 0.050501684074601927 -0.027283572254708441 -0.075176130130844732 0.0057262901329314195
leaf_weight=70919.595570184931 1213.0112288099481 358.26579177146778 1469.5674278323422 2744.2040874289814 1591.818060642574 1391.9715002734447 445.85921651101671 445.95249006937956 1632.1403161993367 28131.35927772295 197.56811237533111 4140.4173405739712 1098.5340083957417 4330.1143626924604
leaf_count=559717 28551 21257 15568 27838 51874 12174 6579 8297 18239 210248 1426 38011 31742 22144
internal_value=0.000120838 -0.00792757 0.00590773 0.0103048 -0.005379 -0.0245622 -0.0372858 -0.00174406 -0.0194258 0.000956604 -0.00114966 -0.0164597 -0.055956 -0.0104044
internal_weight=120110 11292.8 6163.86 5805.59 3061.39 5128.93 3291.01 1837.92 2078 108818 80686.2 9766.63 1296.1 8470.53
internal_count=1053665 190377 116537 95280 67442 73840 53369 20471 24818 863288 653040 93323 33168 60155
is_linear=0
shrinkage=0.05


Tree=155
num_leaves=15
num_cat=0
split_feature=57 38 5 37 37 106 5 1 57 12 34 167 30 7
split_gain=316.895 334.55 660.5 772.128 751.427 860.271 868.626 849.111 1612.64 1148.46 1405.29 1145.96 1069.5 793.693
threshold=0.89117044210433971 14.500000000000002 67.08499908447267 5.5000000000000009 8.5000000000000018 0.71950000524520885 10.074999809265138 10519.500000000002 9.4141001701354998 870425.00000000012 1.7150000333786013 4.3426055908203134 -15.335000038146971 61812864.000000007
decision_type=2 2 2 2 2 2 2 2 2 2 2 2 2 2
left_child=-1 2 4 -4 7 6 -6 8 -2 11 12 -9 -11 -13
right_child=1 -3 3 -5 5 -7 -8 9 -10 10 -12 13 -14 -15
leaf_value=-0.051181913097681012 0.03161035311387228 -0.0020863639444726745 0.037486171241143722 -0.0088775350460701691 0.029119265438341146 -0.0035750868017780432 -0.021640913148741284 -0.049559158284366349 -0.02823889972069369 -0.09669275697456077 -0.0059216040393772849 -0.0085700469765374668 0.032481805157031259 -0.14456970991808646
leaf_weight=299.32335812598467 4173.8300573908491 67337.677116527571 2776.9317339874106 1324.167425416992 6650.105062071234 5274.4951174426824 963.20480958744884 2100.2837632467272 1539.3010453525931 165.28251520264894 10138.610385352862 12749.444092051941 4318.8021184800891 107.24848235049285
leaf_count=33566 26010 395836 10227 10618 7518 11630 2019 43650 34127 1615 191511 262758 20586 1994
internal_value=0.000113914 0.000243116 0.00324437 0.0225055 0.00160341 0.0119366 0.0226887 -0.00216876 0.0154742 -0.00557848 0.00438288 -0.0153202 0.0276888 -0.00971958
internal_weight=119919 119619 52281.7 4101.1 48180.6 12887.8 7613.31 35292.8 5713.13 29579.7 14622.7 14957 4484.08 12856.7
internal_count=1053665 1020099 624263 20845 603418 21167 9537 582251 60137 522114 213712 308402 22201 264752
is_linear=0
shrinkage=0.05


Tree=156
num_leaves=15
num_cat=1
split_feature=7 109 57 8 57 53 38 57 169 0 1 6 1 16
split_gain=318.926 557.942 503.895 499.82 991.532 3147.88 480.287 1045.25 591.239 568.155 1012.14 703.316 547.696 1058.4
threshold=54540446.000000007 0.60999998450279247 16.420260429382328 0 20.381930351257328 1.0000000180025095e-35 19.500000000000004 4.0835044384002694 4.3393774032592782 85.500000000000014 26304.500000000004 203540136.00000003 29170.000000000004 3649227.0000000005
decision_type=2 2 2 1 2 2 2 2 2 2 2 2 2 2
left_child=6 2 -2 4 -4 -6 12 -8 9 -9 -11 -12 13 -1
right_child=1 -3 3 -5 5 -7 7 8 -10 10 11 -13 -14 -15
leaf_value=-0.0014294050880410661 0.031071859802424745 -0.084007541229322122 0.0026243815129095923 -0.00051432952555916032 -0.075405667245219854 -1.2068914324360689 0.027512678497731986 0.0097487036456627985 -0.066787313647081972 0.0038469626678136249 -0.11161982836941522 0.0034356230034859043 0.003288093906183627 -0.027550371236110201
leaf_weight=43005.443988967454 2368.0971984441858 133.3304962113034 57.645147586707026 607.63783130724914 27.801473458996043 6.9912968669086686 1013.9832996073528 1044.6761907010805 837.52598133147694 685.33663122309372 511.23350006295368 178.118411233183 64950.652413964795 4262.0663348179369
leaf_count=323213 6055 1752 376 3248 589 220 3425 3914 6155 2280 3752 648 619791 78247
internal_value=0.000109387 0.0156758 0.0200499 -0.017153 -0.124816 -0.331531 -0.000318133 -0.0167734 -0.0305807 -0.0180038 -0.039122 -0.0818568 0.00030783 -0.0037863
internal_weight=119691 3201.5 3068.17 700.076 92.4379 34.7928 116489 4270.87 3256.89 2419.36 1374.69 689.352 112218 47267.5
internal_count=1053665 12240 10488 4433 1185 809 1041425 20174 16749 10594 6680 4400 1021251 401460
cat_boundaries=0 1
cat_threshold=2
is_linear=0
shrinkage=0.05


Tree=157
num_leaves=15
num_cat=0
split_feature=54 6 24 54 7 3 57 54 35 9 37 29 17 1
split_gain=321.023 382.273 628.511 423.882 383.883 428.106 414.501 647.71 369.536 1166.55 867.909 714.843 707.387 1271.41
threshold=411125.50000000006 37163112.000000007 -44.090000152587884 450446.50000000006 15356674.000000002 352387408.00000006 5.4140999317169198 700288.00000000012 53.664999008178718 596711.00000000012 8.5000000000000018 -4.1549999713897696 5707662.5000000009 38316.500000000007
decision_type=2 2 2 2 2 2 2 2 2 2 2 2 2 2
left_child=8 -2 -3 -4 -5 6 -6 -8 -1 10 -10 -11 -13 -14
right_child=1 2 3 4 5 -7 7 -9 9 11 -12 12 13 -15
leaf_value=-0.0018960038997623029 0.023034133220639366 -0.15995585305074606 0.034472510233733426 0.0025144969039962578 0.051228539433238462 0.020809903752225453 -0.25488310070347259 -0.0617219172358777 -0.048011170682569673 -0.031548271616106238 0.013736179953068653 0.023155673800957399 -0.060098898795818236 0.0093158755908471832
leaf_weight=92820.296459760633 3213.2677283165976 58.699197642039508 902.99182895524427 4060.8359216193203 58.722985029220581 189.76023021526635 50.718486685305834 287.94985005585477 1590.2470710367197 925.57194021868054 883.70119454991072 8416.7828285305877 750.08289858617354 5417.425926300115
leaf_count=805890 5665 426 1191 10687 46 349 422 1038 39881 12552 2138 81684 25449 66247
internal_value=0.000105899 0.00928468 0.00139727 0.00314102 -0.00294129 -0.0406995 -0.0701752 -0.0914619 -0.000624601 0.00593449 -0.025938 0.011023 0.0137301 0.000857278
internal_weight=119627 8822.95 5609.68 5550.98 4647.99 587.152 397.391 338.668 110804 17983.8 2473.95 15509.9 14584.3 6167.51
internal_count=1053665 19824 14159 13733 12542 1855 1506 1460 1033841 227951 42019 185932 173380 91696
is_linear=0
shrinkage=0.05


Tree=158
num_leaves=15
num_cat=0
split_feature=50 52 15 18 21 14 16 50 0 12 6 30 38 21
split_gain=312.404 573.151 466.765 544.581 611.914 823.633 722.915 1175.66 818.3 532.792 1400.81 1164.11 491.646 465.253
threshold=58151.000000000007 17.500000000000004 4316052.5000000009 15717291.000000002 248496.00000000003 2318593.5000000005 2261704.5000000005 3625.5000000000005 91.500000000000014 2457476.5000000005 528533008.00000006 -78.310001373291001 16.500000000000004 6250247.5000000009
decision_type=2 2 2 2 2 2 2 2 2 2 2 2 2 2
left_child=1 2 3 4 6 -6 9 8 -8 10 -1 -11 -9 -7
right_child=-2 -3 -4 -5 5 13 7 12 -10 11 -12 -13 -14 -15
leaf_value=0.00051045676441588406 0.042645741223966346 -0.02307719590627156 -0.036525186151723253 -0.083801655746837289 -0.072580627496891675 0.011079709931595046 -0.028084770559783524 0.045361042469890339 0.002363705610688013 -0.1027565232992564 -0.048642125825940352 0.016485615914877488 -0.089764797070529229 -0.08445476888844422
leaf_weight=76030.02686380496 428.93153679056559 2641.9095888861339 845.36007719030022 189.15405679686228 302.61998141102958 18536.66809694632 6734.0083438638831 1021.8593958792044 3277.2657453906722 209.25518975383602 1476.6775658383849 7603.0503173733596 70.91241651843302 127.21937151276506
leaf_count=642738 4854 47283 15651 8116 5509 110699 141551 5231 6701 1897 26204 34942 634 1655
internal_value=0.000100819 -5.23849e-05 0.000469861 0.000741195 0.000880941 0.00909062 -0.000733469 -0.0127338 -0.018113 0.000827889 -0.000425981 0.0132725 0.0364727 0.0104213
internal_weight=119495 119066 116424 115579 115390 18966.5 96423.1 11104 10011.3 85319 77506.7 7812.31 1092.77 18663.9
internal_count=1053665 1048811 1001528 985877 977761 117863 859898 154117 148252 705781 668942 36839 5865 112354
is_linear=0
shrinkage=0.05


Tree=159
num_leaves=15
num_cat=0
split_feature=7 109 57 38 57 57 15 1 38 23 6 10 28 37
split_gain=312.612 506.484 440.138 439.073 946.715 556.987 687.475 615.014 659.549 525.979 1180.5 703.187 634.545 1002.57
threshold=54540446.000000007 0.60999998450279247 16.420260429382328 19.500000000000004 4.0835044384002694 15.664613246917726 1031000.0000000001 26304.500000000004 20.500000000000004 -103775.99999999999 746201568.00000012 61848.000000000007 6.3949999809265146 5.5000000000000009
decision_type=2 2 2 2 2 2 2 2 2 2 2 2 2 2
left_child=3 2 -2 9 -5 6 7 8 -6 10 11 -1 13 -11
right_child=1 -3 -4 4 5 -7 -8 -9 -10 12 -12 -13 -14 -15
leaf_value=-0.083889029302639126 0.030194401663191147 -0.081407734200584059 -0.014525367292734823 0.0263532770466278 0.0072438907295280606 0.0035517834664300753 0.041392830937834774 -0.074697364048887369 -0.087002517825777476 0.0012704895243875077 -0.079804678007217286 0.012380338421162325 0.00618855469132261 -0.010701579061545815
leaf_weight=191.07296990090981 2335.1742399430368 128.04561064188601 717.36596496868879 1000.3899066596059 642.28543040645309 922.59607702051289 220.44964934047312 1195.0579541457118 259.57656235992908 45378.359682832554 364.64208504150156 14598.999850831053 22875.597630415316 28443.651476909232
leaf_count=1849 6055 1752 4433 3425 1594 4236 444 7766 2709 424282 5679 62237 219682 307522
internal_value=9.5306e-05 0.0155581 0.0196673 -0.000328028 -0.016119 -0.0292525 -0.0423301 -0.0511713 -0.0198933 0.000270305 0.0089313 0.0111277 -0.00108663 -0.00334176
internal_weight=119273 3180.59 3052.54 116093 4240.36 3239.97 2317.37 2096.92 901.862 111852 15154.7 14790.1 96697.6 73822
internal_count=1053665 12240 10488 1041425 20174 16749 12513 12069 4303 1021251 69765 64086 951486 731804
is_linear=0
shrinkage=0.05


Tree=160
num_leaves=15
num_cat=0
split_feature=18 22 25 37 170 16 13 6 9 38 30 38 6 6
split_gain=311.485 907.933 694.333 689.308 635.438 533.853 748.258 554 518.321 517.358 509.195 504.672 532.626 1112.88
threshold=2027586.5000000002 461751.00000000006 2.3950001001358037 7.5000000000000009 6.3595187664031991 2797794.0000000005 11118674.000000002 4400500.0000000009 5775434.5000000009 12.500000000000002 18.48499965667725 9.5000000000000018 1306298048.0000002 1410273408.0000002
decision_type=2 2 2 2 2 2 2 2 2 2 2 2 2 2
left_child=11 5 8 4 -4 7 -7 -2 -3 -6 -5 12 -1 -14
right_child=1 2 3 10 9 6 -8 -9 -10 -11 -12 -13 13 -15
leaf_value=-0.05039645598825352 -0.047163491998482444 -0.058568207711103673 -0.064916024249100202 -0.054037760009942107 -0.064909367050832931 -0.065111085150959147 0.0014876535548515278 0.0015257277204896872 0.032441117047795405 0.014903099707438193 0.02408611423770125 0.0011699221690346961 1.006824972760421 -0.03933736649631539
leaf_weight=608.33137967484072 777.47718485526275 166.95461254462134 764.03400617704028 239.88199118012562 270.55727055546595 1331.2271981046651 614.93280584592139 2333.9745359196095 2233.7257377797505 802.55165087274509 1543.3919796086848 107403.42195725843 2.7062150817364437 7.6043895977782086
leaf_count=46840 15287 9287 35708 1754 25902 31849 5002 21702 26708 13279 3899 815513 133 802
internal_value=9.05762e-05 -0.00789298 0.00521873 -0.00859677 -0.0300924 -0.0235103 -0.0440521 -0.0106357 0.0260693 -0.00521474 0.0135246 0.000909896 -0.0440821 0.295567
internal_weight=119101 11078.7 6021.1 3620.42 1837.14 5057.61 1946.16 3111.45 2400.68 1073.11 1783.27 108022 618.642 10.3106
internal_count=1053665 190377 116537 80542 74889 73840 36851 36989 35995 39181 5653 863288 47775 935
is_linear=0
shrinkage=0.05


Tree=161
num_leaves=15
num_cat=0
split_feature=56 121 19 54 101 7 52 6 38 183 35 7 3 7
split_gain=303.142 805.622 418.794 335.298 605.212 439.618 622.361 480.324 478.475 441.933 434.319 399.794 921.816 1242.94
threshold=12.500000000000002 2.0326928496360783 -202167.49999999997 300169.00000000006 19.704090118408207 24216112.000000004 18.500000000000004 286192320.00000006 20.500000000000004 7.1254849433898935 4.5150001049041757 5067868.7500000009 12490000.000000002 619233.28125000012
decision_type=2 2 2 2 2 2 2 2 2 2 2 2 2 2
left_child=3 -2 -3 11 -5 6 8 -7 9 10 -6 12 -1 -14
right_child=1 2 -4 4 5 7 -8 -9 -10 -11 -12 -13 13 -15
leaf_value=-0.00026660236597191559 -0.097290148148472491 0.03352832291640935 -0.025202620293346391 -0.048003156865789161 0.021004226943179105 -0.062989725062535487 -0.11104499642190398 0.024343872548349896 -0.064712701662514596 0.023198756926237931 -0.027403760878044262 0.0071795700049167022 -0.066702312938506259 -0.0096898984577012542
leaf_weight=85536.403393676039 286.53035681694746 460.76429761759937 883.61857785098255 443.68922768952325 886.83135354146361 391.3732514702715 96.647187915630639 261.20820910576731 179.5687254499644 7011.3056720234454 967.39829180110246 14816.472643056884 1154.2299084338592 5566.1330688496819
leaf_count=844450 2020 814 2554 2885 1679 1313 490 358 1254 12083 2942 79798 36771 64254
internal_value=8.46695e-05 -0.0213163 -0.00502647 0.000382801 0.00902724 0.0116205 0.014455 -0.0279725 0.0158137 0.0174575 -0.00422565 -0.000443364 -0.00166822 -0.0194978
internal_weight=118942 1630.91 1344.38 117311 10238 9794.33 9141.75 652.581 9045.1 8865.54 1854.23 107073 92256.8 6720.36
internal_count=1053665 5388 3368 1048277 23004 20119 18448 1671 17958 16704 4621 1025273 945475 101025
is_linear=0
shrinkage=0.05


Tree=162
num_leaves=15
num_cat=0
split_feature=38 22 6 1 18 57 57 36 37 1 30 55 158 37
split_gain=307.3 831.536 681.027 924.952 977.339 890.198 802.16 940.295 841.724 745.242 729.018 1309.91 958.583 689.245
threshold=16.500000000000004 180295.00000000003 200048.00000000003 10519.500000000002 808841.00000000012 15.415468692779543 9.0855574607849139 0.12499999627470972 7.5000000000000009 23221.500000000004 -78.310001373291001 10191.500000000002 -0.024448733776807782 5.5000000000000009
decision_type=2 2 2 2 2 2 2 2 2 2 2 2 2 2
left_child=2 -2 3 -1 5 6 -5 8 -8 -6 -7 -12 -13 -4
right_child=1 -3 13 4 9 10 7 -9 -10 -11 11 12 -14 -15
leaf_value=0.030714950335909388 -0.00096342871323000674 -0.024221625807132576 0.0081624859958472403 -0.035325479756118119 -0.070627704177866721 0.061622862286156099 -0.0088814077240858998 -0.056560219092815667 0.068534393036051994 0.0064548799533808883 -0.06473482471899826 -0.68896276499804343 -0.16283291742329073 -0.0019034499462344517
leaf_weight=1309.7598331449553 33016.981615610071 4349.0968461206357 38718.96997394861 2520.0515567305265 333.39788630325347 106.34163388656452 736.36149761022534 428.8684940636158 668.07472522370517 5024.7114958709572 1216.0929642074043 13.239796407520769 25.270466946065426 30312.923726222187
leaf_count=18895 191405 52875 284181 81571 12445 235 19479 9102 1760 83139 50151 213 131 248083
internal_value=8.10637e-05 -0.0036724 0.0018044 -0.00899159 -0.0136954 -0.0280785 -0.0170209 0.00811881 0.0279314 0.00163695 -0.0633741 -0.0740494 -0.357841 0.0037417
internal_weight=118780 37366.1 81414.1 12382.2 11072.4 5714.3 4353.36 1833.3 1404.44 5358.11 1360.94 1254.6 38.5103 69031.9
internal_count=1053665 244280 809385 277121 258226 162642 111912 30341 21239 95584 50730 50495 344 532264
is_linear=0
shrinkage=0.05


Tree=163
num_leaves=15
num_cat=0
split_feature=1 6 32 27 7 5 35 10 37 52 6 6 1 33
split_gain=310.551 601.244 531.396 954.732 487.022 591.74 480.636 1065.11 1114 1020.47 905.558 820.077 826.494 684.159
threshold=71155.000000000015 528533008.00000006 541.94500732421886 1048.529968261719 37468300.000000007 3.3950001001358037 53.664999008178718 1291400.0000000002 7.5000000000000009 6.5000000000000009 716482208.00000012 292746000.00000006 26564.500000000004 33.555000305175788
decision_type=2 2 2 2 2 2 2 2 2 2 2 2 2 2
left_child=2 4 6 -4 5 -2 -1 11 9 10 -9 12 -8 -10
right_child=1 -3 3 -5 -6 -7 7 8 13 -11 -12 -13 -14 -15
leaf_value=-0.0015477461751844004 0.015356210747047121 -0.096967339466544761 -0.05998656440244754 0.11682048397905445 0.080567083540698678 -0.048105807041961601 -0.017770538474207894 -0.041601997134049273 -0.0029149807742762084 0.03147364576266494 0.030736320324111562 -0.07404703169830891 0.029599518016537426 0.04220783565660173
leaf_weight=96006.778736787237 4917.2233413929353 123.93698251037858 714.10741910693469 84.381921118823811 260.37846439611167 395.69149555661716 1062.2266974375234 3282.0078322578338 1969.260332451202 756.92984262877144 496.74584597267676 221.65729947038926 6829.5891231063288 1461.3941090553999
leaf_count=775520 56105 2681 38696 842 384 5570 11949 78964 7330 10469 4878 4222 51291 4764
internal_value=7.694e-05 0.011466 -0.00049751 -0.0411168 0.0139032 0.0106122 -0.000207334 0.00779228 -0.00518928 -0.0214531 -0.0320737 0.0205437 0.0232158 0.0162986
internal_weight=118582 5697.23 112885 798.489 5573.29 5312.91 112087 16079.8 7966.34 4535.68 3778.75 8113.47 7891.82 3430.65
internal_count=1053665 64740 988925 39538 62059 61675 949387 173867 106405 94311 83842 67462 63240 12094
is_linear=0
shrinkage=0.05


Tree=164
num_leaves=15
num_cat=1
split_feature=27 9 1 21 8 6 55 12 9 140 1 1 10 20
split_gain=295.691 1057.12 1065.84 1365.23 1006.29 990.655 843.915 928.404 833.777 792.646 663.198 985.011 781.073 690.88
threshold=11.295000076293947 330077.50000000006 10355.000000000002 65548.000000000015 0 111498248.00000001 1608.0000000000002 1646303.0000000002 1681052.5000000002 -6.0185184478759757 41050.000000000007 25967.500000000004 929929.50000000012 70.500000000000014
decision_type=2 2 2 2 1 2 2 2 2 2 2 2 2 2
left_child=-1 2 3 -2 -3 6 10 8 -8 -10 11 13 -12 -6
right_child=1 4 -4 -5 5 -7 7 -9 9 -11 12 -13 -14 -15
leaf_value=-0.0015617582770478576 0.062995483708192232 0.0092235239394109613 0.016365751837864522 0.29189111089854353 0.13586555779012724 0.0052176131917164624 -0.034707558032278749 -0.020070491787073739 -0.14412827597071337 -0.50598294537266986 -0.038524834140282349 -0.080356604632111028 0.019462583507051569 -0.018724885651456476
leaf_weight=82956.595277224726 216.42950167600065 21460.256228547194 539.80215878796298 93.213072722777724 74.355519958538935 6685.2367238200386 213.35625332733616 623.5302433562465 286.38934459490702 15.343868162482975 813.81305539968889 752.46106672316091 2019.3089312578086 1739.3413646406261
leaf_count=800348 503 125890 3010 152 199 43983 888 2078 2014 184 13780 17520 17863 25253
internal_value=7.25152e-05 0.00388931 0.0589664 0.13278 0.00253729 -0.00831011 -0.022149 -0.0612617 -0.110892 -0.164305 -0.0138817 -0.0322906 0.00278036 -0.0122883
internal_weight=118489 35532.8 849.445 309.643 34683.4 13223.1 6537.9 1138.62 515.089 301.733 5399.28 2566.16 2833.12 1813.7
internal_count=1053665 253317 3665 655 249652 123762 79779 5164 3086 2198 74615 42972 31643 25452
cat_boundaries=0 1
cat_threshold=2
is_linear=0
shrinkage=0.05


Tree=165
num_leaves=15
num_cat=0
split_feature=24 1 6 31 55 11 38 52 52 15 19 18 57 18
split_gain=291.835 661.176 1352.4 1164.62 538.324 524.714 581.531 804.824 889.628 507.253 498.288 633.744 866.118 712.187
threshold=55.104999542236335 41105.000000000007 17089692.000000004 9.6549997329711932 15.000000000000002 2975950.0000000005 13.500000000000002 7.5000000000000009 8.5000000000000018 55277.500000000007 2744212.5000000005 2304376.5000000005 9.6550307273864764 2997577.0000000005
decision_type=2 2 2 2 2 2 2 2 2 2 2 2 2 2
left_child=10 2 9 4 -4 6 7 -3 -9 -2 11 -1 -13 -14
right_child=1 5 3 -5 -6 -7 -8 8 -10 -11 -12 12 13 -15
leaf_value=0.0014495831257986974 -0.080991237273123934 0.0034668894546515286 -0.070235229409371755 0.0018383984427166149 -0.16660211148982884 0.0096834853476135234 -0.047563245523054784 0.47379882857750355 -0.054470101135194765 0.0049618798656916666 0.030280734927721306 0.0051763913875422403 -0.078970090242364843 -0.020825233286766547
leaf_weight=99506.24928890774 182.45605955383508 359.03906093188561 1045.2496526019531 586.82349447754677 169.45948729524389 5244.4386393127497 913.98141593474429 18.776901120319966 12.772895675036123 2664.22441051848 1420.1668808810646 2899.2322664294625 651.98764750099508 2754.374149728159
leaf_count=783418 6093 6075 15904 6907 1048 40564 22555 80 930 26443 22996 27268 23091 70293
internal_value=6.79743e-05 -0.00761217 -0.0220329 -0.0559223 -0.0838461 0.00261724 -0.0257368 0.0252006 0.263291 -0.000556175 0.000870468 0.00047498 -0.0148947 -0.0319889
internal_weight=118429 11197.2 4648.21 1801.53 1214.71 6549.01 1304.57 390.589 31.5498 2846.68 107232 105812 6305.59 3406.36
internal_count=1053665 126599 56395 23859 16952 70204 29640 7085 1010 32536 927066 904070 120652 93384
is_linear=0
shrinkage=0.05


Tree=166
num_leaves=15
num_cat=0
split_feature=57 38 34 57 55 22 24 36 36 38 1 0 37 3
split_gain=289.595 307.931 624.485 1094.83 993.149 878.339 1120.02 832.388 707.066 695.044 922.079 927.575 1079.59 1014.49
threshold=0.89117044210433971 14.500000000000002 3.185000061988831 10.079397678375246 246613.50000000003 -370898.99999999994 18.345000267028812 0.65500000119209301 1.8550000190734866 13.500000000000002 58666.000000000007 91.500000000000014 8.5000000000000018 206651080.00000003
decision_type=2 2 2 2 2 2 2 2 2 2 2 2 2 2
left_child=-1 2 8 7 5 -5 -7 -4 9 10 11 12 -2 -13
right_child=1 -3 3 4 -6 6 -8 -9 -10 -11 -12 13 -14 -15
leaf_value=-0.050640238837368991 -0.036634805639572596 -0.0020598034480713086 -0.043562048340199083 0.031058128301364663 -0.23280258587985536 -0.04622859964265346 -0.0021410875317046849 0.010246216787302424 0.031131309649192349 0.010240754299867833 0.030551650216697802 0.017705846817700689 0.010085159431201349 -0.052770058455133634
leaf_weight=279.94126360025257 4260.1935040308163 66596.849361540226 782.06021957332268 774.38133284903597 53.770535230636597 3077.7351145023713 2712.2072557992069 8720.3238657463808 2755.5946886705933 20814.833209821256 1579.4614001569571 3570.2576477043331 1739.3663739785552 594.63284110277891
leaf_count=33566 161416 395836 14858 7026 353 107153 66009 93121 9972 133664 19592 5724 3473 1902
internal_value=6.3021e-05 0.000184128 0.00309048 -0.00506187 -0.0206756 -0.0188952 -0.0255891 0.00580834 0.00681337 0.0047528 -0.0049698 -0.0104969 -0.0230822 0.00762155
internal_weight=118312 118032 51434.8 16120.5 6618.09 6564.32 5789.94 9502.38 35314.3 32558.7 11743.9 10164.5 5999.56 4164.89
internal_count=1053665 1020099 624263 288520 180541 180188 173162 107979 335743 325771 192107 172515 164889 7626
is_linear=0
shrinkage=0.05


Tree=167
num_leaves=15
num_cat=1
split_feature=5 4 3 8 57 1 6 55 17 36 1 6 22 23
split_gain=282.399 388.366 362.102 321.855 901.754 981.378 1131.53 1082.02 1502.38 2007.67 1023.69 1191.78 951.93 1621.6
threshold=67.975002288818374 1363646.5000000002 1001889984.0000001 0 17.249829292297367 46699.500000000007 512367008.00000006 398.00000000000006 9783167.0000000019 2.3149999380111699 46799.500000000007 43865000.000000007 20090.500000000004 96742.000000000015
decision_type=2 2 2 1 2 2 2 2 2 2 2 2 2 2
left_child=2 -2 3 -1 5 7 10 12 9 -9 11 -7 -5 -14
right_child=1 -3 -4 4 -6 6 -8 8 -10 -11 -12 -13 13 -15
leaf_value=0.0024356560356204818 0.023190787144875734 -0.11279761349388627 -0.031680308920257236 0.0050727075954995187 0.007173590135353256 -0.083508946494735781 -0.10100127347487081 -0.036574388118154187 0.0040605571958210636 -0.21364685419553725 0 0.049044729103956346 -0.058547136011360329 -0.0061314556090807859
leaf_weight=62220.280015420925 1827.4685331457295 52.965081526897848 908.28268241370097 9936.4675599692855 15724.724001579103 183.55911768856458 240.8799280062085 5469.4819001851138 2615.0830338564701 164.10362146608531 7982.7220408288413 2066.9555977839045 1889.6819262789213 6735.413362400257
leaf_count=451517 3890 344 17747 125884 186727 6027 4812 21438 7476 1255 95073 5461 29673 96341
internal_value=5.94544e-05 0.019276 -0.000251421 -2.98001e-06 -0.0028663 -0.00710206 0.00587257 -0.0121728 -0.0272412 -0.0417783 0.00840278 0.0381787 -0.00547274 -0.0176265
internal_weight=118018 1880.43 116138 115229 53009.1 37284.3 10474.1 26810.2 8248.67 5633.59 10233.2 2250.51 18561.6 8625.1
internal_count=1053665 4234 1049431 1031684 580167 393440 111373 282067 30169 22693 106561 11488 251898 126014
cat_boundaries=0 1
cat_threshold=2
is_linear=0
shrinkage=0.05


Tree=168
num_leaves=15
num_cat=0
split_feature=7 6 57 57 38 55 6 18 9 38 36 38 7 54
split_gain=282.345 639.391 687.885 591.64 391.411 833.288 748.138 727.22 541.801 441.857 1606.1 813.006 1237.7 1518.41
threshold=101626072.00000001 212101248.00000003 12.80903482437134 17.540040969848636 19.500000000000004 2470.5000000000005 10040488.000000002 452567.50000000006 2363294.5000000005 17.500000000000004 0.32500000298023229 16.500000000000004 10010901.000000002 20020.500000000004
decision_type=2 2 2 2 2 2 2 2 2 2 2 2 2 2
left_child=4 -2 -3 -4 9 6 8 -7 -6 11 -11 -1 -13 -14
right_child=1 2 3 -5 5 7 -8 -9 -10 10 -12 12 13 -15
leaf_value=0.0016080590794507119 -0.1970708682699352 0.044376417874093597 -0.15557575232688392 -0.0016853738368120313 0.043951542985040747 -0.054685598786598538 -0.033965972738539373 0.006072274042512405 -0.042499324313537395 0.024093403082997115 -0.016698775680657401 -0.006540931375423613 -0.021863869382777009 -0.14785105158074516
leaf_weight=80301.399995938002 32.005479926476255 1195.0260948457289 75.811867030337453 337.98623828758718 1126.5862695525866 1573.1544759136159 689.7153503902955 714.4158639870584 214.54345758282579 6989.8860342764528 3682.6404442092171 19883.410151490039 786.55406036274508 343.70152282807976
leaf_count=806047 331 2260 1012 2122 3583 9881 3746 2037 1422 18872 16427 177750 6266 1909
internal_value=5.7271e-05 0.0206474 0.0251294 -0.0303072 -0.000232957 -0.0150024 0.00828699 -0.0356945 0.0300632 0.000336257 0.0100128 -0.000682666 -0.00943846 -0.0603166
internal_weight=117947 1640.83 1608.82 413.798 116306 4318.42 2030.85 2287.57 1341.13 111988 10672.5 101315 21013.7 1130.26
internal_count=1053665 5725 5394 3134 1047940 20669 8751 11918 5005 1027271 35299 991972 185925 8175
is_linear=0
shrinkage=0.05


Tree=169
num_leaves=15
num_cat=1
split_feature=27 9 1 8 16 10 33 31 6 36 21 6 9 19
split_gain=283.881 945.772 1011.84 834.608 887.894 1064.6 967.605 1351.4 983.546 792.666 784.776 761.308 892.448 750.546
threshold=11.295000076293947 407266.50000000006 10355.000000000002 0 7172906.0000000009 19569948.000000004 11.135000228881838 1.5149999856948855 176523536.00000003 1.3849999904632571 65548.000000000015 96884040.000000015 2013215.0000000002 150206.50000000003
decision_type=2 2 2 1 2 2 2 2 2 2 2 2 2 2
left_child=-1 2 10 11 6 -6 7 9 -9 -5 -2 -3 -13 -8
right_child=1 3 -4 4 5 -7 13 8 -10 -11 -12 12 -14 -15
leaf_value=-0.0015487662070227495 0.065727860086876685 0.013533179489308792 0.0055863435020041749 0.00032124918167877458 0.041608234390125239 -0.07225289048109261 -0.039881720216601087 -0.074125693788569133 -0.015459583301426941 -0.098866020326945095 0.21171211334277118 -0.059761711903786569 0.00012801397038017786 0.014474641456442804
leaf_weight=82558.762673823279 378.97777207009494 16465.599736473872 603.22904374683276 3668.3056292472174 1483.6054374965606 237.03779082559049 763.02366501966026 1738.8370798965334 1217.4792656328063 212.0717402669834 122.17659512907267 737.66070876980666 3929.4641470089555 3755.4686648399802
leaf_count=800348 821 80710 4168 16321 15189 9636 11376 31420 9682 3675 197 11935 32395 25792
internal_value=5.55937e-05 0.00380781 0.04933 0.00233532 -0.00759089 0.0258607 -0.012666 -0.0245318 -0.0499959 -0.00511076 0.101768 0.00847957 -0.0093379 0.0052778
internal_weight=117872 35312.9 1104.38 34208.6 13075.8 1720.64 11355.2 6836.69 2956.32 3880.38 501.154 21132.7 4667.12 4518.49
internal_count=1053665 253317 5186 248131 123091 24825 98266 61098 41102 19996 1018 125040 44330 37168
cat_boundaries=0 1
cat_threshold=2
is_linear=0
shrinkage=0.05


Tree=170
num_leaves=15
num_cat=0
split_feature=27 6 21 16 19 21 12 33 6 20 6 115 15 9
split_gain=286.533 1035.83 506.429 500.311 1067.03 753.436 955.937 1044.12 1659.58 917.648 835.417 824.903 747.941 653.556
threshold=-86.93999862670897 229743688.00000003 13432.500000000002 2759884.5000000005 1190750.0000000002 138161.00000000003 4173634.5000000005 45.954999923706062 814129.46875000012 11888.500000000002 115898924.00000001 0.64249999821186077 1759827.5000000002 3423339.5000000005
decision_type=2 2 2 2 2 2 2 2 2 2 2 2 2 2
left_child=1 2 -1 13 5 -5 9 -8 -9 -7 -10 -11 -13 -2
right_child=3 -3 -4 4 -6 6 7 8 10 11 -12 12 -14 -15
leaf_value=-0.075557084668003191 -0.00099292498069307412 -0.062243165928099732 0.021714624177214804 -0.038062503829041847 0.015387502927632572 -0.082380906468715903 -0.044211046831210979 -0.11087228119466788 0.070916172335521749 -0.068102550002867898 -0.090699666157927239 0.014142753099928095 -0.090726177882148304 0.0097935348249017819
leaf_weight=136.80570485116914 78789.140868428338 430.65772237314377 4428.5767004534137 2803.195855459373 3678.4542177967378 302.04183281620499 2816.2552490367088 199.83618158474565 650.95967973861843 347.19645959965419 90.01398461102508 5789.8430648552021 174.07345172762871 17086.841006915667
leaf_count=5097 711388 4863 20284 71951 68382 3724 47906 2698 1706 6628 1821 31328 3518 72371
internal_value=5.18377e-05 0.0117683 0.0187729 -0.000467086 -0.00841232 -0.0150625 -0.0088374 -0.0289754 0.016577 0.00259849 0.0511198 0.00668582 0.0110588 0.000928979
internal_weight=117724 4996.04 4565.38 112728 16851.9 13173.4 10370.2 3757.07 940.81 6613.15 740.974 6311.11 5963.92 95876
internal_count=1053665 30244 25381 1023421 239662 171280 99329 54131 6225 45198 3527 41474 34846 783759
is_linear=0
shrinkage=0.05


Tree=171
num_leaves=15
num_cat=0
split_feature=35 9 37 24 17 1 36 13 17 16 34 24 30 22
split_gain=291.325 845.375 895.372 676.853 688.726 1043.49 982.858 739.906 947.667 784.242 673.975 567.727 555.656 760.216
threshold=53.664999008178718 596711.00000000012 8.5000000000000018 -59.870000839233391 5707662.5000000009 29292.500000000004 1.294999957084656 351073.50000000006 3274457.0000000005 605494.50000000012 534.52999877929699 11.744999885559084 -6.0850000381469718 -54009.499999999993
decision_type=2 2 2 2 2 2 2 2 2 2 2 2 2 2
left_child=12 2 -2 -3 6 -6 10 -8 9 -9 -5 -10 13 -1
right_child=1 3 -4 4 5 -7 7 8 11 -11 -12 -13 -14 -15
leaf_value=0.010660533065127726 -0.044635137203005104 -0.057087981503797951 0.017489740565078408 0.0053474698907403908 -0.065661260295972371 0.0054564682565889228 -0.0010685189458218489 -0.069762382583264684 0.064266011723736777 0.16348964912521821 0.055163668994249161 -0.011484866487498651 -0.0023884068613642361 -0.10386721024411659
leaf_weight=11538.432355983357 1545.5765413942863 365.09739437280223 925.86644977331161 5957.4777593808831 563.90424891741714 5929.471457883541 552.545348092739 39.712218213127926 1026.4966190615669 320.05277242639568 765.90133745130152 324.01581625873223 87507.092185883434 145.67290358216269
leaf_count=42960 39941 3733 2150 56412 20106 76758 14603 977 3497 1853 5301 4622 778757 1995
internal_value=4.89223e-05 0.00584272 -0.0213437 0.0100875 0.0116787 -0.000721069 0.0206433 0.0491459 0.0653891 0.137482 0.0110371 0.0460598 -0.00102047 0.0092196
internal_weight=117507 18316.1 2471.44 15844.7 15479.6 6493.38 8986.2 2262.82 1710.28 359.765 6723.38 1350.51 99191.2 11684.1
internal_count=1053665 229953 42091 187862 184129 96864 87265 25552 10949 2830 61713 8119 823712 44955
is_linear=0
shrinkage=0.05


Tree=172
num_leaves=15
num_cat=0
split_feature=30 6 31 12 31 32 19 22 13 13 22 18 13 14
split_gain=285.442 910.734 739.434 832.921 562.224 870.738 685.936 706.473 650.333 559.97 518.898 840.737 574.695 533.459
threshold=44.129999160766609 247393800.00000003 -11.414999961853026 2790410.5000000005 16.425000190734867 2.0049999952316289 156183.00000000003 197028.00000000003 1464070.0000000002 388584.00000000006 541996.00000000012 1781376.5000000002 16266.500000000002 4258053.0000000009
decision_type=2 2 2 2 2 2 2 2 2 2 2 2 2 2
left_child=10 2 3 -2 5 8 -6 -8 -4 -9 11 -1 -12 -13
right_child=1 -3 4 -5 6 -7 7 9 -10 -11 12 13 -14 -15
leaf_value=0.00094907552116339918 -0.078133192478484229 -0.061867659220599891 -0.059253898048566081 0.037426683287210188 -0.075809024189144147 -0.06241113366084107 0.079299553958240135 -0.056338734109026317 0.015147387778433425 0.016278369078470873 -0.075175971189370805 -0.041390668046095952 0.015821993898406092 -0.0090296741151515234
leaf_weight=96343.575396478147 173.08131758298259 745.97642073425232 396.53951383172534 1481.5561298513785 231.28422155010048 1119.6124523536419 349.99111983430339 335.66769893918536 1122.4276370131411 1254.0843039499014 176.71063552604755 1724.0735802317504 7087.1091340006969 4892.58353744325
leaf_count=763207 1782 11123 3304 2962 6705 21873 1469 14700 3941 14062 10946 37488 106182 53921
internal_value=4.52955e-05 -0.00959172 -0.00354269 0.0252686 -0.0134681 -0.0289734 0.00535789 0.0150956 -0.00426902 0.000888444 0.000676228 -0.000234565 0.0135913 -0.0174744
internal_weight=117434 7210.22 6464.24 1654.64 4809.61 2638.58 2171.03 1939.74 1518.97 1589.75 110224 102960 7263.82 6616.66
internal_count=1053665 81921 70798 4744 66054 29118 36936 30231 7245 28762 971744 854616 117128 91409
is_linear=0
shrinkage=0.05


Tree=173
num_leaves=15
num_cat=0
split_feature=1 6 28 35 32 10 37 52 6 6 33 1 54 57
split_gain=293.061 530.197 484.058 523.067 799.355 864.734 1025.15 882.79 799.806 741.232 721.276 712.099 671.747 647.438
threshold=71155.000000000015 528533008.00000006 49.584999084472663 53.664999008178718 50.635000228881843 1291400.0000000002 7.5000000000000009 6.5000000000000009 716482208.00000012 292746000.00000006 33.555000305175788 26564.500000000004 1138.5000000000002 15.073237895965578
decision_type=2 2 2 2 2 2 2 2 2 2 2 2 2 2
left_child=2 -2 3 -1 5 9 7 8 -7 11 -8 13 -9 -5
right_child=1 -3 -4 4 -6 6 10 12 -10 -11 -12 -13 -14 -15
leaf_value=-0.0016104011863487069 0.013423935356421432 -0.093531468485964719 -0.036996589816959635 0.0010953445304657692 -0.048420705499124153 -0.038764471466988165 -0.00027240394131630312 0.038520438294700379 0.031366731668568182 -0.072122582447118319 0.047942718558415851 0.030955860054404701 -0.31093987293952646 -0.11860926781944564
leaf_weight=95195.917410018126 5513.3656243701698 117.26665917632636 901.1179904557066 864.81599764479324 596.42313144594664 2915.0115943596466 1891.7171997781843 711.59874608652899 470.83374428888783 201.0970951692434 1311.3443124261685 6445.4616355100879 13.003633618354796 128.79163140023593
leaf_count=788859 62059 2681 16773 7834 39517 66472 6912 8833 4226 3535 3362 40596 108 1898
internal_value=4.2189e-05 0.0111713 -0.000518728 -0.000221132 0.00828016 0.0105481 -0.001735 -0.0182642 -0.0289909 0.0223112 0.0194602 0.0248801 0.0317603 -0.0144742
internal_weight=117278 5630.63 111647 110746 15550.1 14953.7 7313.51 4110.45 3385.85 7640.17 3203.06 7439.07 724.602 993.608
internal_count=1053665 64740 988925 972152 183293 143776 89913 79639 70698 53863 10274 50328 8941 9732
is_linear=0
shrinkage=0.05


Tree=174
num_leaves=15
num_cat=0
split_feature=7 3 7 6 61 20 6 7 37 7 6 57 55 57
split_gain=279.695 804.744 1180.45 810.035 689.166 834.292 648.63 757.986 585.517 869.46 880.52 854.573 984.697 698.556
threshold=4836753.2500000009 12490000.000000002 619233.28125000012 121529948.00000001 0.10904360190033914 46755.500000000007 120000200.00000001 3536529.7500000005 5.5000000000000009 54540446.000000007 318764240.00000006 12.390143871307375 15.000000000000002 12.80903482437134
decision_type=2 2 2 2 2 2 2 2 2 2 2 2 2 2
left_child=1 -1 -3 6 5 -2 -4 -8 11 10 -10 -6 -13 -14
right_child=4 2 3 -5 8 -7 7 -9 9 -11 -12 12 13 -15
leaf_value=0.00025432139052471007 -0.082499123916746311 -0.064511615151314317 -0.0023163062871315193 -0.056140699601491775 0.0023829602625874535 0.0027491157097703622 -0.044810020881203498 0.490563949027983 -0.0063344747107544012 0.031046261562406148 -0.07855900983968811 0.052311327261619682 0.055515798073148805 -0.013370136096044156
leaf_weight=93377.820468771999 468.71212665119674 1115.6781426828238 4991.6907514160848 767.6321911092964 5020.5542545305798 734.91275938245235 11.636415823246352 13.416943437419832 4289.1212778846966 1425.3336550547392 467.39526697562542 2607.7435354606714 499.59158775396645 1387.3594400354195
leaf_count=867586 5624 36786 41204 21884 16719 4338 466 110 26284 5839 9631 13716 328 3150
internal_value=3.96231e-05 -0.000962819 -0.0174392 -0.00834171 0.00599013 -0.0304474 -0.0010081 0.247807 0.00878904 -0.00318462 -0.0134571 0.0165728 0.0324077 0.00486145
internal_weight=117179 100278 6900.05 5784.38 16900.7 1203.62 5016.74 25.0534 15697.1 6181.85 4756.52 9515.25 4494.69 1886.95
internal_count=1053665 968036 100450 63664 85629 9962 41780 576 75667 41754 35915 33913 17194 3478
is_linear=0
shrinkage=0.05


Tree=175
num_leaves=15
num_cat=0
split_feature=33 20 135 6 13 37 57 57 1 6 1 5 57 7
split_gain=276.777 843.423 1624.95 951.904 1146.98 922.292 1039.3 1591.58 1946.53 1335.85 1105.92 1078.91 995.163 944.481
threshold=3.7549999952316289 8291.0000000000018 36.431598663330085 47791890.000000007 524999.50000000012 5.5000000000000009 17.249829292297367 17.975358963012699 26564.500000000004 480231440.00000006 23321.500000000004 10.074999809265138 15.415468692779543 54540446.000000007
decision_type=2 2 2 2 2 2 2 2 2 2 2 2 2 2
left_child=1 2 5 4 -4 6 9 8 10 11 -8 12 -1 -7
right_child=-2 -3 3 -5 -6 13 7 -9 -10 -11 -12 -13 -14 -15
leaf_value=-0.006305176335883198 -0.002392278982617675 0.01034054794429925 -0.079023120481040737 -0.090328579520577379 0.014876603897873328 -0.01494031224156513 -0.080571769850120364 0.017951313239203178 -0.023153473972587581 -0.10648569877115532 0.24454728272961593 0.016073118583166065 -0.093228468937614814 0.029100508187653858
leaf_weight=8356.6061189934844 58579.497550717701 21517.532067202614 516.66426668514032 739.27530051453505 872.45056454034057 11383.24788373668 28.923418076010421 5151.3521244429285 145.20559563476127 286.3372765998356 220.60922133480199 7570.7824305209797 341.93576016835868 1361.5415307602379
leaf_count=106841 584787 94504 10568 9035 3089 131822 621 57241 2725 6261 408 32355 7657 5751
internal_value=3.65928e-05 0.00246993 -0.00210917 -0.0445111 -0.020044 0.000480464 0.00665874 0.0253898 0.122045 0.000379744 0.206492 0.00227006 -0.00973816 -0.0102295
internal_weight=117072 58492.5 36974.9 2128.39 1389.11 34846.5 22101.8 5546.09 394.738 16555.7 249.533 16269.3 8698.54 12744.8
internal_count=1053665 468878 374374 22692 13657 351682 214109 60995 3754 153114 1029 146853 114498 137573
is_linear=0
shrinkage=0.05


Tree=176
num_leaves=15
num_cat=0
split_feature=37 109 13 52 37 37 6 163 1 52 1 116 15 33
split_gain=274.442 786.602 714.559 542.905 499.358 1408.12 951.596 958.899 930.077 1044.9 1152.31 885.677 2319.49 1207.53
threshold=9.5000000000000018 0.7749999761581422 257191.50000000003 78.500000000000014 5.5000000000000009 7.5000000000000009 10040488.000000002 -0.0036427788436412807 68121.500000000015 42.500000000000007 10111.500000000002 0.87500000000000011 19999.500000000004 3.7549999952316289
decision_type=2 2 2 2 2 2 2 2 2 2 2 2 2 2
left_child=3 -2 -3 4 11 8 -7 -8 9 10 -6 -1 -13 -14
right_child=1 2 -4 -5 5 6 7 -9 -10 -11 -12 12 13 -15
leaf_value=0.0083269565131313047 0.019920667285602815 -0.071773906536969453 -0.0014256737621422442 -0.075879566176372676 0.032380040326881847 0.010827722973182012 0.0053213884437118006 -0.016781101663086911 0.029944780615335106 0.11857659129540626 -0.048721965511598408 -0.06705407503764739 0.012074369845892136 -0.0069847695251186882
leaf_weight=30256.101138812926 5938.4186764280312 389.70275519485585 4767.7180066935252 238.93509945477126 488.56141644471791 10668.246202034061 8370.8853593515232 11847.87697157939 590.38745716802077 105.02430558390915 4122.5189945848542 1365.7204045507242 12351.370384232345 25395.324873801961
leaf_count=303259 7081 1781 8805 10898 11895 55843 26441 62033 15147 3144 241754 26310 43891 235383
internal_value=3.24954e-05 0.00751352 -0.00676387 -0.000751665 -0.000580426 -0.0053416 -0.00125173 -0.00762804 -0.029133 -0.036544 -0.0401129 0.00190307 -0.00306505 -0.000746811
internal_weight=116897 11095.8 5157.42 105801 105562 36193.5 30887 20218.8 5306.49 4716.1 4611.08 69368.5 39112.4 37746.7
internal_count=1053665 17667 10586 1035998 1025100 416257 144317 88474 271940 256793 253649 608843 305584 279274
is_linear=0
shrinkage=0.05


Tree=177
num_leaves=15
num_cat=0
split_feature=0 50 52 29 57 50 156 7 30 22 6 10 19 20
split_gain=270.968 285.065 472.482 447.797 341.861 1008.37 555.655 500.773 386.444 349.762 899.847 684.021 615.972 1067.36
threshold=29.500000000000004 58151.000000000007 50.500000000000007 -84.209999084472642 32.269678115844734 433.00000000000006 0.022489799186587337 17670393.000000004 27.175000190734867 -171333.99999999997 746201568.00000012 35025.500000000007 -106639.49999999999 1047870.5000000001
decision_type=2 2 2 2 2 2 2 2 2 2 2 2 2 2
left_child=-1 2 3 -2 9 7 -7 8 -6 10 11 -5 13 -11
right_child=1 -3 -4 4 5 6 -8 -9 -10 12 -12 -13 -14 -15
leaf_value=-0.060443243714935216 -0.066392477500789734 0.042165410386042552 -0.05413612511850794 -0.11651913237486694 -0.076808323454542332 0.046376249869885526 -0.072882211156376345 0.019401588178127999 0.0031940307458035232 -0.076244387737019859 -0.078451789753879841 0.010944528790595763 0.00012197019534639707 0.0076845388811310651
leaf_weight=183.94888989906758 251.13299143040786 400.84159403841477 400.94791429507313 105.02137829730054 837.55005727487151 598.47327780188061 115.48466093046591 227.13472442794591 182.53757595457137 716.85246349638328 292.94753899995703 13551.201347603113 97855.857171158656 799.68966346583329
leaf_count=9612 5245 3663 14976 1247 27448 1712 1161 1418 2178 11118 4280 49380 914706 5521
internal_value=2.87182e-05 0.000125284 -1.99993e-05 0.000167839 0.000313843 -0.0203771 0.026941 -0.0475037 -0.0624544 0.000672545 0.00808651 0.00995217 -0.000367741 -0.0319789
internal_weight=116520 116336 115935 115534 115283 1961.18 713.958 1247.22 1020.09 113322 13949.2 13656.2 99372.4 1516.54
internal_count=1053665 1044053 1040390 1025414 1020169 33917 2873 31044 29626 986252 54907 50627 931345 16639
is_linear=0
shrinkage=0.05


Tree=178
num_leaves=15
num_cat=0
split_feature=38 16 57 57 21 7 15 13 57 58 1 33 3 6
split_gain=272.088 782.206 759.586 971.448 1600.65 1083.11 1604.38 962.405 928.974 1585.81 1284.64 808.917 721.902 818.745
threshold=16.500000000000004 2261704.5000000005 16.959616661071781 7.9493498802185067 188196.50000000003 31355411.000000004 399999.50000000006 1166176.5000000002 18.114989280700687 0.18701888993382457 26564.500000000004 4.5350000858306894 200096560.00000003 92448752.000000015
decision_type=2 2 2 2 2 2 2 2 2 2 2 2 2 2
left_child=-1 2 3 12 5 6 7 -5 9 -4 -11 -8 -2 -14
right_child=1 -3 8 4 -6 -7 11 -9 -10 10 -12 -13 13 -15
leaf_value=0.0016647982345694588 0.0057811256682634132 -0.025642927381804955 0.01094036974237219 -0.066364388230647969 0.013835505500283974 0.022541036560632943 0.022837444407375798 -0.020469717739483029 0.0059344062644848417 0.19717463470526084 -0.0075609250262792665 -0.043440197040209509 -0.10624307568453524 0.00030429110724618637
leaf_weight=79742.367158700712 14601.016704424546 3608.0108645691653 663.46655682194978 3214.6295643086778 3213.1876700125868 938.74925706919748 1452.0602025310509 1779.1916434788145 5358.413885760121 270.11354937986471 106.05601173755713 672.79026714456268 312.17277046176605 422.76377452421002
leaf_count=809385 92001 35694 3116 40190 9621 2220 3239 9806 32586 451 1133 5963 4523 3737
internal_value=2.60361e-05 -0.00354177 -0.00112349 -0.00484461 -0.0159894 -0.0278896 -0.0345492 -0.0500305 0.0143415 0.0575771 0.139453 0.00181791 0.00334308 -0.0449679
internal_weight=116355 36612.6 33004.6 26606.6 11270.6 8057.42 7118.67 4993.82 6398.05 1039.64 376.17 2124.85 15336 734.937
internal_count=1053665 244280 208586 171300 71039 61418 59198 49996 37286 4700 1584 9202 100261 8260
is_linear=0
shrinkage=0.05


Tree=179
num_leaves=15
num_cat=0
split_feature=30 6 31 24 36 24 33 22 18 19 15 140 55 15
split_gain=271.885 814.958 667.417 633.074 595.166 575.76 533.359 469.084 750.941 529.115 549.6 1243.99 1175.14 1081.98
threshold=44.129999160766609 247393800.00000003 -48.959999084472649 17.329999923706058 6.1549999713897714 330.97000122070318 13.234999656677248 541996.00000000012 1781376.5000000002 769140.00000000012 1500010.0000000002 -6.0185184478759757 1.5000000000000002 2033467.5000000002
decision_type=2 2 2 2 2 2 2 2 2 2 2 2 2 2
left_child=7 2 -2 -4 5 -5 -6 8 9 10 -1 12 -12 -13
right_child=1 -3 3 4 6 -7 -8 -9 -10 -11 11 13 -14 -15
leaf_value=0.0012234990435335876 0.039857518485663275 -0.059553056408202978 0.008080678582805036 -0.056270583583630331 0.085295162759981211 -0.0064285843830398787 -0.018297695979612571 0.012995267161224292 -0.016595198631742657 0.054394890527138563 -0.038371109392025732 -0.096258315533048713 -0.2022384183112429 0.052286043282671335
leaf_weight=92814.767197111389 770.32292143651284 728.10173106228467 2616.5771738378098 1438.3625358733116 205.23376207391266 974.38126320394804 310.52188689989271 7174.4165486250713 6558.7663212061743 458.91770678083412 1290.9174415417365 148.91456530545838 118.88406455656514 668.94275238603586
leaf_count=741369 1852 11123 16766 31109 922 13579 6570 117128 91409 1235 13087 2633 815 4068
internal_value=2.3605e-05 -0.00949661 -0.00370918 -0.00977658 -0.0257462 -0.0361737 0.0229134 0.000638013 -0.000230282 0.000893254 0.000633823 -0.023902 -0.0523585 0.0250937
internal_weight=116278 7043.5 6315.4 5545.08 2928.5 2412.74 515.756 109235 102060 95501.3 95042.4 2227.66 1409.8 817.857
internal_count=1053665 81921 70798 68946 52180 44688 7492 971744 854616 763207 761972 20603 13902 6701
is_linear=0
shrinkage=0.05


Tree=180
num_leaves=15
num_cat=0
split_feature=1 6 32 27 34 35 36 3 33 15 34 14 26 14
split_gain=269.543 482.075 446.187 709.387 442.887 403.552 872.952 613.045 545.267 865.114 848.877 1008.59 959.031 557.455
threshold=71155.000000000015 528533008.00000006 541.94500732421886 1048.529968261719 153.55999755859378 53.664999008178718 0.074999999254941954 400295072.00000006 9999.9951171875018 200002.50000000003 4.7049999237060556 6172128.5000000009 25.255000114440922 962453.00000000012
decision_type=2 2 2 2 2 2 2 2 2 2 2 2 2 2
left_child=2 4 5 -4 -2 -1 7 -7 10 -10 13 12 -12 -8
right_child=1 -3 3 -5 -6 6 8 -9 9 -11 11 -13 -14 -15
leaf_value=-0.0014877227991470716 0.015599289212454133 -0.091357696504902303 -0.058557890263393399 0.086840345667263258 -0.06090659516292149 -0.045246639889724771 0.04804671245093018 0.093497547011923143 0.060800704461497074 -0.036003164744285984 -0.03709927290551706 -0.074036996114969708 0.01279743544711868 0.011997507575199601
leaf_weight=94337.344195861311 5279.5540389842354 112.17658564535668 635.86908253032016 95.465463595464826 194.9883230276173 1057.7329494835576 1294.0941416480928 84.952562679187395 1093.0497317101108 291.0879842909053 1319.995980570151 518.15970517898677 3552.1292360152584 6291.9924712518114
leaf_count=775520 55593 2681 38696 842 6466 15595 9193 296 6174 6768 32985 20017 47379 35460
internal_value=2.25272e-05 0.0107372 -0.000518478 -0.0394173 0.0128546 -0.000258673 0.00721652 -0.0348153 0.0105667 0.0403952 0.00737832 -0.00778554 -0.000715567 0.0181592
internal_weight=116159 5586.72 110572 731.335 5474.54 109841 15503.2 1142.69 14360.5 1384.14 12976.4 5390.28 4872.13 7586.09
internal_count=1053665 64740 988925 39538 62059 949387 173867 15891 157976 12942 145034 100381 80364 44653
is_linear=0
shrinkage=0.05


Tree=181
num_leaves=15
num_cat=0
split_feature=56 121 19 28 79 54 101 7 52 38 183 35 6 7
split_gain=266.744 684.052 351.675 296.283 515.344 294.502 501.754 401.645 489.219 420.263 408.107 384.599 383.999 313.578
threshold=12.500000000000002 2.0326928496360783 -202167.49999999997 6.3250000476837167 0.057880900800228126 300169.00000000006 19.704090118408207 24216112.000000004 18.500000000000004 20.500000000000004 7.1254849433898935 4.5150001049041757 286192320.00000006 4836753.2500000009
decision_type=2 2 2 2 2 2 2 2 2 2 2 2 2 2
left_child=5 -2 -3 4 -4 13 -7 8 9 10 11 -8 -9 -1
right_child=1 2 3 -5 -6 6 7 12 -10 -11 -12 -13 -14 -15
leaf_value=-0.0015844301607945048 -0.090789206429077382 0.0323442301520456 -0.017471763967736982 0.027770312882287086 -0.12748370323545982 -0.043857481964084066 0.02002555444561575 -0.056697169252948411 -0.094586524817070972 -0.062602429532068557 0.022257005692561446 -0.026104022686617878 0.022251366021969379 0.0062937327173556729
leaf_weight=89855.902915271494 282.0506422619801 423.91310092806816 541.25367836840451 216.2232712097466 132.15538655919954 435.42571275040973 849.37704040273093 406.13677666150033 101.86468880949542 169.64357287273742 6741.6171216433868 962.22073594573885 245.93023298168555 14694.80233972508
leaf_count=943842 2020 814 1236 352 966 2885 1679 1313 490 1254 12083 2942 358 81431
internal_value=2.03524e-05 -0.0202752 -0.00503857 -0.0229241 -0.0392926 0.000303881 0.00854052 0.0109577 0.0137602 0.0150419 0.0165948 -0.00444923 -0.0268563 -0.000476611
internal_weight=116059 1595.6 1313.55 889.632 673.409 114463 9912.22 9476.79 8824.72 8722.86 8553.21 1811.6 652.067 104551
internal_count=1053665 5388 3368 2554 2202 1048277 23004 20119 18448 17958 16704 4621 1671 1025273
is_linear=0
shrinkage=0.05


Tree=182
num_leaves=15
num_cat=1
split_feature=27 9 11 12 8 6 55 12 9 6 27 17 9 14
split_gain=262.211 880.586 897.8 779.894 732.586 820.258 665.948 764.406 703.002 660.711 833.678 675.794 631.037 613.878
threshold=11.295000076293947 407266.50000000006 2705210.5000000005 21815.000000000004 0 111498248.00000001 1608.0000000000002 1646303.0000000002 1681052.5000000002 120000200.00000001 18.454999923706058 3462204.5000000005 2645700.0000000005 3101333.5000000005
decision_type=2 2 2 2 1 2 2 2 2 2 2 2 2 2
left_child=-1 2 -2 -4 9 6 -6 8 -8 -3 -11 -12 -9 -5
right_child=1 4 3 13 5 -7 7 12 -10 10 11 -13 -14 -15
leaf_value=-0.0015336163408845608 -0.06248475609306238 0.012227243278882017 0.26441287193240537 0.067487908852910491 -0.012335366438107526 0.0052804342525578155 -0.029365081205870197 0.027500430493558312 -0.14795410767777181 -0.10570530160869096 -0.057258191719646183 0.0040199395370425972 -0.073039285351676975 -0.083585067862194315
leaf_weight=81233.534451390238 157.94507745059673 16978.58073460625 46.18921659514308 833.57030679658055 5186.7212050684029 6513.9791398317902 214.218199623283 349.11725325044245 305.13367139501497 217.46258709207177 527.07797209511045 3033.4527312389691 280.13585284352303 72.007929028943181
leaf_count=800348 3147 86403 48 1267 73950 43977 888 564 2198 4834 6809 26994 1514 724
internal_value=2.03261e-05 0.00365789 0.0474622 0.0658067 0.00220855 -0.00717179 -0.0199819 -0.0544267 -0.099286 0.00801791 -0.0108841 -0.00505077 -0.0172242 0.0553411
internal_weight=115949 34715.6 1109.71 951.767 33605.9 12849.3 6335.33 1148.6 519.352 20756.6 3777.99 3560.53 629.253 905.578
internal_count=1053665 253317 5186 2039 248131 123091 79114 5164 3086 125040 38637 33803 2078 1991
cat_boundaries=0 1
cat_threshold=2
is_linear=0
shrinkage=0.05


Tree=183
num_leaves=15
num_cat=0
split_feature=57 38 38 19 27 57 1 55 38 24 25 33 1 37
split_gain=260.493 272.554 588.756 1658.92 765.372 860.876 762.042 1415.13 729.599 731.513 794.642 883.661 726.849 692.925
threshold=0.89117044210433971 14.500000000000002 15.500000000000002 116267.00000000001 -92.225002288818345 5.4140999317169198 10125.500000000002 15.000000000000002 16.500000000000004 9.805000305175783 -55.204999923706048 1.8350000381469729 46955.500000000007 6.5000000000000009
decision_type=2 2 2 2 2 2 2 2 2 2 2 2 2 2
left_child=-1 -2 3 4 -3 -6 7 -7 13 -10 -11 -12 -13 -4
right_child=1 2 8 -5 5 6 -8 -9 9 10 11 12 -14 -15
leaf_value=-0.049950132166061395 0.0028995385798568762 0.042667296145468672 0.019023414801450617 0.004219831113285148 -0.001410508245273963 -0.059676435803650035 -0.040095310357670007 -0.31983135047907041 0.0007478995216332841 0.029309123856998409 0.018720262976781244 -0.038881536172973991 -0.0043541729140600732 -0.0028269840670416598
leaf_weight=259.22510465051164 50273.763489105913 338.62391110823955 8612.9328840822564 7875.0603092510719 1478.8171373585938 209.07761789043434 4149.4085235017701 69.327764764428139 27313.482195748773 883.26342946931254 1213.8729654250201 4628.8551935703726 2277.9109007567749 6262.3760839279275
leaf_count=33566 624263 715 37595 38802 10016 2578 37722 626 154558 4024 3408 54523 22505 28764
internal_value=1.88387e-05 0.000131767 -0.00199793 -0.0110367 -0.0302802 -0.0344773 -0.0455069 -0.125551 0.000494387 -0.00332477 -0.0156836 -0.0205865 -0.0275036 0.00982165
internal_weight=115846 115587 65313 14120.3 6245.25 5906.63 4427.81 278.405 51192.7 36317.4 9003.9 8120.64 6906.77 14875.3
internal_count=1053665 1020099 395836 90459 51657 50942 40926 3204 305377 239018 84460 80436 77028 66359
is_linear=0
shrinkage=0.05


Tree=184
num_leaves=15
num_cat=0
split_feature=4 2 2 0 5 53 3 57 7 57 5 5 7 1
split_gain=254.386 754.237 780.988 524.116 410.18 449.131 347.152 304.801 355.516 336.45 294.185 327.566 924.882 860.068
threshold=22708260.000000004 151000000.00000003 55395000.000000007 91.500000000000014 67.405002593994155 1.0000000180025095e-35 1601000000.0000002 22.449007987976078 2310021.8750000005 22.728268623352054 67.915000915527358 67.384998321533217 41872856.000000007 46314.500000000007
decision_type=2 2 2 2 2 2 2 2 2 2 2 2 2 2
left_child=1 2 6 -2 -4 -6 10 8 -5 -9 11 -1 13 -13
right_child=3 -3 4 7 5 -7 -8 9 -10 -11 -12 12 -14 -15
leaf_value=0.00021549330660666029 -0.056552292707755615 0.045898811683690054 -0.037596384203993305 -0.089179458207238493 -0.12961870782297019 -0.4561290886071947 -0.045160446951477473 0.020117462969260543 0.031117152111575331 -0.18507827106736491 0.018870828892381054 -0.060677806753102873 -0.11168098533369671 0.028039600233809234
leaf_weight=109371.0584581978 594.53219397657085 897.57671804225538 123.21180728869513 67.633101016283035 72.263712993357331 11.950211385730652 421.31355173198972 37.781629074364901 573.99280680716038 40.074151825159788 2082.5069209713256 436.67353261308745 247.11109902523458 725.43601083219983
leaf_count=1002685 21299 3617 1593 260 627 155 9973 73 692 278 5126 3445 1789 2053
internal_value=1.86561e-05 0.000270457 -9.03675e-05 -0.0218469 -0.0967886 -0.181347 8.71005e-05 0.00680063 0.01824 -0.0858751 0.00025685 -9.27814e-05 -0.0240369 -0.00527731
internal_weight=115703 114389 113492 1314.01 207.426 84.2139 113284 719.482 641.626 77.8558 112863 110780 1409.22 1162.11
internal_count=1053665 1031063 1027446 22602 2375 782 1025071 1303 952 351 1015098 1009972 7287 5498
is_linear=0
shrinkage=0.05


Tree=185
num_leaves=15
num_cat=0
split_feature=0 9 28 19 18 1 22 38 54 18 2 36 2 36
split_gain=250.777 277.114 663.609 517.665 515.171 754.178 941.872 631.879 497.976 472.264 464.679 459.211 457.874 409.296
threshold=29.500000000000004 19750816.000000004 15.284999847412111 -1241771.4999999998 2089716.5000000002 58121.500000000007 578695.50000000012 9.5000000000000018 16135.000000000002 3781632.5000000005 788426080.00000012 0.30500000715255743 800415616.00000012 1.2749999761581423
decision_type=2 2 2 2 2 2 2 2 2 2 2 2 2 2
left_child=-1 4 3 -3 7 6 8 10 -6 -8 -2 -7 -12 -9
right_child=1 2 -4 -5 5 11 9 13 -10 -11 12 -13 -14 -15
leaf_value=-0.059849373140443529 -0.061827544646641967 -0.038478730470715268 -0.070197583061335056 0.028619126990161378 -0.04221762749831328 -0.070505627943881946 0.0079724946791536432 -0.00094893045882980635 -0.15012758909190749 -0.041619758439755197 0.52632626222296286 0.01332902723511189 -0.038253089099359913 0.0062160655371643553
leaf_weight=173.657411630149 510.72300501045538 322.14767972700065 212.45070073468378 2571.5676552438526 2229.1152013482933 173.10415497038048 2006.6119579653896 77193.181964297662 111.95815805415623 629.66877261930495 5.766659311950205 2614.7585730172577 7.0662082047201693 26865.399385560915
leaf_count=9612 46498 3227 5129 23820 51013 4038 30794 612776 724 33963 50 31287 848 199886
internal_value=1.78025e-05 0.000108801 0.0148388 0.0211214 -0.000298135 -0.0127231 -0.0243858 0.000624056 -0.0474615 -0.00386482 -0.0541137 0.00808222 0.231544 0.000900459
internal_weight=115627 115454 3106.17 2893.72 112347 7765.22 4977.35 104582 2341.07 2636.28 523.556 2787.86 12.8329 104059
internal_count=1053665 1044053 32176 27047 1011877 151819 116494 860058 51737 64757 47396 35325 898 812662
is_linear=0
shrinkage=0.05


Tree=186
num_leaves=15
num_cat=0
split_feature=12 12 1 57 28 202 10 30 6 6 0 1 6 169
split_gain=249.047 785.036 778.532 692.842 646.735 695.589 609.473 608.923 594.917 581.563 893.396 630.428 604.036 721.897
threshold=1440748.5000000002 1240757.0000000002 3111.5000000000005 30.084873199462894 -57.874999999999993 1.8750000000000002 35025.500000000007 22.795000076293949 85280460.000000015 356189008.00000006 91.500000000000014 46260.000000000007 351729248.00000006 4.0631468296051034
decision_type=2 2 2 2 2 2 2 2 2 2 2 2 2 2
left_child=1 3 -2 9 -3 7 -4 8 -6 12 -11 -12 -1 -14
right_child=2 4 6 -5 5 -7 -8 -9 -10 10 11 -13 13 -15
leaf_value=0.00049166634912116371 -0.074538477942040549 0.036573954184783035 -0.065645984268815363 -0.044353989909443947 -0.087431893221244117 -0.088065987956659389 0.0045127610064175424 0.013599578667841486 -0.011964019063285591 -0.042851199552693862 0.014974699489536079 -0.05725016859350808 -0.090597982514267927 0.068353825814796043
leaf_weight=68504.360236082139 317.59546408447204 331.06362604815513 311.01429904578254 896.1751592104556 483.59381086251233 532.66556504106848 37996.348805081914 692.77085894515039 570.99397622625111 1960.3082294804626 1879.477862853324 358.88387002923992 80.408678973908536 575.27021461573895
leaf_count=646881 6030 730 3654 22895 8297 8700 296479 5463 4519 43248 3615 1414 816 924
internal_value=1.58253e-05 -0.00162964 0.00329164 -0.000681225 -0.0285711 -0.0380641 0.00394014 -0.0227512 -0.0466681 -0.000146424 -0.0182129 0.00335193 0.000949908 0.0486765
internal_weight=115491 76866 38625 74254.9 2611.09 2280.02 38307.4 1747.36 1054.59 73358.7 4198.67 2238.36 69160 655.679
internal_count=1053665 747502 306163 719793 27709 26979 300133 18279 12816 696898 48277 5029 648621 1740
is_linear=0
shrinkage=0.05


Tree=187
num_leaves=15
num_cat=0
split_feature=37 109 10 35 35 25 34 35 30 22 52 35 18 24
split_gain=252.829 728.429 641.445 527.777 866.881 704.544 560.951 1005.59 544.527 864.383 513.47 560.753 504.001 493.621
threshold=9.5000000000000018 0.7749999761581422 744288.50000000012 1.1649999618530276 4.0450000762939462 -82.740001678466783 3.2250000238418584 22.765000343322757 9.8150000572204608 39156.500000000007 17.500000000000004 11.284999847412111 15717291.000000002 -35.104999542236321
decision_type=2 2 2 2 2 2 2 2 2 2 2 2 2 2
left_child=10 -2 -3 -4 5 -5 8 13 9 -6 12 -12 -1 -8
right_child=1 2 3 4 6 -7 7 -9 -10 -11 11 -13 -14 -15
leaf_value=-7.3973301800970193e-05 0.019261954909337527 -0.046444284726291564 0.034572356976777817 0.032857891975243893 0.030832983113299229 -0.091854017666773285 0.031985336818491077 0.010508015490761554 0.039646905001761198 -0.094515747779395892 -0.051614282779738396 -8.0608124648052159e-05 -0.074890718998509145 -0.12590212358696315
leaf_weight=102006.59766229949 5863.9100286257453 840.74664577678777 931.43676339462399 148.31528514064848 340.47282891348004 465.247356465552 59.525212712585926 622.77011202275753 1210.4257422313094 229.0009344376158 1026.6016804323299 1089.485549537756 224.60138117260067 270.52622990123928
leaf_count=975756 7081 2902 1020 143 389 1769 57 1042 1100 910 23736 25600 10906 1254
internal_value=1.42824e-05 0.0072305 -0.00654449 0.00129478 -0.00796064 -0.0616219 0.00408746 -0.0268344 0.0206745 -0.0195628 -0.000744795 -0.0251179 -0.000239565 -0.0972653
internal_weight=115330 10982.4 5118.47 4277.72 3346.28 613.563 2732.72 952.822 1779.9 569.474 104347 2116.09 102231 330.051
internal_count=1053665 17667 10586 7684 6664 1912 4752 2353 2399 1299 1035998 49336 986662 1311
is_linear=0
shrinkage=0.05


Tree=188
num_leaves=15
num_cat=1
split_feature=57 57 36 9 27 57 10 108 6 37 57 8 1 24
split_gain=246.572 258.129 658.856 1126 946.654 878.809 791.776 824.51 1416.3 913.399 1298.03 862.21 1189.55 735.244
threshold=0.69952088594436657 8.7570157051086444 0.32500000298023229 1500751.5000000002 3534.960083007813 21.436002731323246 2336804.5000000005 0.77500000596046459 38141800.000000007 5.5000000000000009 9.90417528152466 0 75315.000000000015 2.7949999570846562
decision_type=2 2 2 2 2 2 2 2 2 2 2 1 2 2
left_child=-1 -2 6 4 -4 13 7 9 -9 10 -3 12 -11 -5
right_child=1 2 3 5 -6 -7 -8 8 -10 11 -12 -13 -14 -15
leaf_value=-0.054460778629571542 0.0027499200373585146 -0.053329192208752256 -0.035777452116511406 -0.019169712343482099 0.1902590281872962 0.0097008411404831043 0.019858032612642879 0.0026810386208312035 -0.057812996493529195 -0.046742021109751543 0.016494913806898461 0.0025142438268055032 0.096214786530007965 -0.0011252457765935828
leaf_weight=206.34760191256646 51366.648230565683 707.64824488735758 3590.6045904443599 9698.1506016833009 45.881473623216152 9050.696756853722 5995.3517457104754 2470.0887185615138 1587.9456867113477 2052.967197183636 10896.198024197714 3873.7216844429495 155.48075229022652 13522.098062558915
leaf_count=29508 374097 10334 64578 86134 282 110258 35070 14878 12321 29460 106809 40720 581 138635
internal_value=1.41912e-05 0.000112833 -0.00201467 -0.0064864 -0.0328603 -0.00351196 0.00377201 -0.000661702 -0.0209869 0.00399999 0.0122282 -0.0116894 -0.0366159 -0.00866434
internal_weight=115220 115013 63646.8 35907.4 3636.49 32270.9 27739.4 21744.1 4058.03 17686 11603.8 6082.17 2208.45 23220.2
internal_count=1053665 1024157 650060 399887 64860 335027 250173 215103 27199 187904 117143 70761 30041 224769
cat_boundaries=0 1
cat_threshold=2
is_linear=0
shrinkage=0.05


Tree=189
num_leaves=15
num_cat=0
split_feature=29 50 23 6 29 36 55 126 31 16 35 9 1 17
split_gain=240.671 284.852 283.954 887.934 573.036 1024.35 1385.64 1016.7 703.757 764.065 515.674 712.959 573.761 940.688
threshold=-52.735000610351555 71335.500000000015 -68173.999999999985 746201568.00000012 -0.38499999046325678 0.31499999761581426 15.000000000000002 5.9494335651397714 3.0049999952316289 791959.00000000012 53.664999008178718 407266.50000000006 41111.500000000007 5567773.5000000009
decision_type=2 2 2 2 2 2 2 2 2 2 2 2 2 2
left_child=1 -1 3 -2 5 8 -7 -8 9 -4 -6 -12 13 -13
right_child=2 -3 4 -5 10 6 7 -9 -10 -11 11 12 -14 -15
leaf_value=-0.038201483908237986 0.0079917407015508094 0.10736951833892749 -0.065845137356812578 -0.073954741157396808 -0.0017491985778522422 -0.04923893080733753 -0.18860953968714639 -0.71520156278189617 -0.085398693336820819 0.038974690737115653 -0.032143616373617567 0.0078041859912348277 0.018172347027536333 -0.056513469220954932
leaf_weight=616.69918274029624 15979.250744725636 34.42750378139317 214.55236380384304 336.45830500498414 82004.394116433308 909.94993738213088 46.945164320990443 10.989246279001234 189.56627334177028 894.02025767602026 991.58886629529297 2700.1521773859567 9456.9071779705992 718.82420438763802
leaf_count=8307 69197 60 2581 5912 750036 15636 338 188 2856 3510 23634 28326 116392 26692
internal_value=1.32755e-05 -0.0302751 0.000186286 0.00629437 -0.000828745 -0.025675 -0.0645813 -0.299785 0.00332216 0.0186018 -0.000240696 0.00867561 0.0118253 -0.00571626
internal_weight=115105 651.127 114454 16315.7 98137.9 2266.02 967.884 57.9344 1298.14 1108.57 95871.9 13867.5 12875.9 3418.98
internal_count=1053665 8367 1045298 75109 970189 25109 16162 526 8947 6091 945080 195044 171410 55018
is_linear=0
shrinkage=0.05


Tree=190
num_leaves=15
num_cat=0
split_feature=16 11 1 20 34 20 27 25 28 37 19 84 0 15
split_gain=241.803 765.766 724.192 892.294 947.178 602.599 568.314 873.286 768.904 728.413 724.236 718.484 729.646 710.327
threshold=2759884.5000000005 5677443.5000000009 20412.000000000004 104267.50000000001 19.425000190734867 9108.5000000000018 -89.504997253417955 42.524999618530281 -46.260000228881829 7.5000000000000009 1190750.0000000002 8.2219872474670428 91.500000000000014 2702505.0000000005
decision_type=2 2 2 2 2 2 2 2 2 2 2 2 2 2
left_child=-1 -2 3 4 5 -3 -4 8 -8 11 -10 -9 -13 -11
right_child=1 2 6 -5 -6 -7 7 9 10 13 -12 12 -14 -15
leaf_value=0.00099519187664901952 -0.05165173958533479 -0.10052884356706521 0.031523570180308498 -0.078187429742365575 0.22996743126309405 -0.0035596424711993599 0.12717526024418896 -0.059009539122678971 -0.0024828867092908553 0.0062622236395500162 0.032624779816152638 -0.053872727854119118 0.033228293094866267 -0.080569013617921917
leaf_weight=97172.085984353354 849.10379137779819 181.36097492917906 1379.5669176875381 663.04985687549924 39.407178814348299 1331.0243371824035 133.368991012685 1511.8712279302417 5733.9840703760856 2810.8657314251177 1972.9275865178206 419.15846231739852 560.83710830658674 256.04670662921853
leaf_count=805110 27231 2306 6124 23593 430 15690 290 43504 64160 9380 27913 24602 1023 2309
internal_value=1.23582e-05 -0.00533719 -0.00301717 -0.0296736 -0.00887545 -0.0152797 0.000976138 -0.00216741 0.00857616 -0.0173283 0.00650107 -0.0374027 -0.00399206 -0.00099464
internal_weight=115015 17842.6 16993.5 2214.84 1551.79 1512.39 14778.6 13399.1 7840.28 5558.78 7706.91 2491.87 979.996 3066.91
internal_count=1053665 248555 221324 42019 18426 17996 179305 173181 92363 80818 92073 69129 25625 11689
is_linear=0
shrinkage=0.05


Tree=191
num_leaves=15
num_cat=0
split_feature=56 121 57 6 57 38 57 54 101 7 52 38 183 35
split_gain=241.573 595.287 323.607 413.466 619.301 324.77 275.902 254.32 451.524 350.624 406.488 385.426 376.416 346.563
threshold=12.500000000000002 2.0326928496360783 14.484599590301515 91099208.000000015 10.334017753601076 16.500000000000004 9.2498288154602069 300169.00000000006 19.704090118408207 24216112.000000004 18.500000000000004 20.500000000000004 7.1254849433898935 4.5150001049041757
decision_type=2 2 2 2 2 2 2 2 2 2 2 2 2 2
left_child=7 6 3 -3 -5 -6 -2 -1 -9 10 11 12 13 -10
right_child=1 2 -4 4 5 -7 -8 8 9 -11 -12 -13 -14 -15
leaf_value=-0.00044337970992365311 -0.031944839785513816 -0.0077323670599984034 0.018522546885707862 -0.059643631636261296 -0.52611726979507534 -0.12469181750436449 -0.13181007865072869 -0.041896737969215905 0.019172357357262734 -0.024582562972796249 -0.084338574326971283 -0.060753307481446389 0.021338620816495148 -0.024862580809961236
leaf_weight=103586.64797294425 132.9777640143875 459.51716468855739 684.57271733693779 128.95413774764165 11.021437468007207 10.767073571681976 148.85467763850465 431.53225913934875 829.4246616025921 664.95590423629619 104.69539464311674 166.60279791546054 6548.8926730398089 965.21254987828434
leaf_count=1025273 644 1163 1466 514 144 81 1376 2885 1679 1671 490 1254 12083 2942
internal_value=1.05243e-05 -0.0194195 -0.0050201 -0.0314985 -0.103088 -0.344118 -0.0851467 0.000281525 0.00801818 0.010349 0.0130536 0.0142674 0.0157785 -0.00448383
internal_weight=114875 1576.66 1294.83 610.26 150.743 21.7885 281.832 113298 9711.32 9279.78 8614.83 8510.13 8343.53 1794.64
internal_count=1053665 5388 3368 1902 739 225 2020 1048277 23004 20119 18448 17958 16704 4621
is_linear=0
shrinkage=0.05


Tree=192
num_leaves=15
num_cat=0
split_feature=4 2 2 0 57 5 7 3 6 57 57 38 54 33
split_gain=236.839 679.084 686.206 490.669 485.283 338.421 325.183 319.02 886.135 581.173 1549.81 768.965 628.728 441.833
threshold=22708260.000000004 151000000.00000003 55395000.000000007 91.500000000000014 22.585900306701664 67.405002593994155 2310021.8750000005 220078880.00000003 47791890.000000007 10.418891429901125 11.130732059478762 16.500000000000004 11695.500000000002 3.7549999952316289
decision_type=2 2 2 2 2 2 2 2 2 2 2 2 2 2
left_child=1 2 7 -2 6 -4 -5 13 9 11 -11 12 -9 -1
right_child=3 -3 5 4 -6 -7 -8 8 -10 10 -12 -13 -14 -15
leaf_value=0.0043326744772926229 -0.056311910291189905 0.043936389266090281 -0.035485500692355135 -0.083086927389390053 -0.13779546170869886 -0.1646939434630442 0.03059326561027614 -0.041209428840195551 -0.0010923732954070094 -0.32412341385256932 -0.054801020228573728 -0.10244531711264955 0.04568195678389908 -0.0021841416647549504
leaf_weight=47958.508739482408 561.5592876241426 881.67151152214501 122.93357841065153 69.389160461723804 52.905707703670487 87.694720923318528 580.70890183723532 432.10814294900047 6078.8734404425486 59.754256856860593 456.96808587666601 230.6575727276504 399.85108197852969 56818.085451483465
leaf_count=364517 21299 3617 1593 262 315 782 726 8839 60506 956 11560 3822 445 574426
internal_value=1.05415e-05 0.000250765 -9.11038e-05 -0.0214994 0.00627837 -0.0900415 0.0182737 7.77582e-05 -0.00977244 -0.0431285 -0.0866082 -0.021877 0.00049645 0.000798281
internal_weight=114792 113527 112645 1264.56 703.004 210.628 650.098 112435 7658.21 1579.34 516.722 1062.62 831.959 104777
internal_count=1053665 1031063 1027446 22602 1303 2375 988 1025071 86128 25622 12516 13106 9284 938943
is_linear=0
shrinkage=0.05


Tree=193
num_leaves=15
num_cat=0
split_feature=38 16 57 57 21 15 7 26 1 57 58 1 15 3
split_gain=235.968 667.827 682.907 883.332 1481.72 976.996 1304.55 920.454 851.144 734.984 1229.17 788.935 655.872 654.008
threshold=16.500000000000004 2261704.5000000005 16.830937385559086 7.9493498802185067 188196.50000000003 520500.00000000006 31355411.000000004 158.17499542236331 49235.500000000007 18.114989280700687 0.18701888993382457 26564.500000000004 1300150.0000000002 200096560.00000003
decision_type=2 2 2 2 2 2 2 2 2 2 2 2 2 2
left_child=-1 2 3 12 5 6 7 -5 9 10 -4 -12 13 -2
right_child=1 -3 8 4 -6 -7 -8 -9 -10 -11 11 -13 -14 -15
leaf_value=0.0015444700023133627 0.0066824450620285433 -0.024046886250352478 0.013090541820526616 -0.057254174591839527 0.01351882313571905 0.011818101765522221 0.020720862688589484 -0.012918950550576465 -0.052513578728110716 0.010274851331224221 0.16248925689154806 0.0046218382309720007 -0.090940228200535128 -0.042038961943729164
leaf_weight=78693.742849714938 14179.5778827467 3513.7608575970517 657.64972493983805 3938.9535860734759 3142.4004786782898 1335.6565621292684 900.3297306279419 1671.1486152274301 452.18621461768635 4878.9382991439197 313.43505807733163 106.71821183362044 181.89928116498049 722.75575541215949
leaf_count=809385 90089 35694 2881 43328 9543 4305 2197 11143 7141 26372 508 907 1913 8259
internal_value=1.01676e-05 -0.00334271 -0.00110079 -0.00469672 -0.0154796 -0.0271003 -0.0350929 -0.0440611 0.0135188 0.0185478 0.0559066 0.122616 0.00315554 0.00431346
internal_weight=114689 35995.4 32481.6 26072.7 10988.5 7846.09 6510.43 5610.1 6408.93 5956.74 1077.8 420.153 15084.2 14902.3
internal_count=1053665 244280 208586 170777 70516 60973 56668 54471 37809 30668 4296 1415 100261 98348
is_linear=0
shrinkage=0.05


Tree=194
num_leaves=15
num_cat=0
split_feature=1 6 1 1 5 10 38 3 37 17 34 1 54 0
split_gain=234.206 425.975 417.849 774.938 673.643 1551.13 706.938 644.531 638.167 1093.72 682.152 1124.7 626.324 720.372
threshold=71155.000000000015 528533008.00000006 46799.500000000007 46740.000000000007 67.005001068115249 96890.000000000015 18.500000000000004 183325000.00000003 1.0000000180025095e-35 4038773.0000000005 1.235000014305115 46955.500000000007 4853912.5000000009 91.500000000000014
decision_type=2 2 2 2 2 2 2 2 2 2 2 2 2 2
left_child=2 -2 3 -1 5 12 7 -6 10 -10 -7 -12 13 -4
right_child=1 -3 4 -5 6 8 -8 -9 9 -11 11 -13 -14 -15
leaf_value=0.00010307993519559377 0.012016028217577409 -0.088644755281769794 -0.03333075897413084 0.036881977283504813 0.042508603587484629 0.03466945686416658 -0.12144548162915358 -0.05067286895753758 1.0125750815410126e-05 -0.050290951217424607 -0.12969492035775995 0.0025036298279961229 0.16223445088678956 -0.093439195105776945
leaf_weight=94134.50844433211 5413.6860324790468 106.087598650367 1577.4225003901229 1453.3976655331207 1310.5362204120029 1693.334300056973 80.835321113932878 214.8395369052887 3291.1950086833094 1606.5218983764935 169.712094613933 2786.2725567304878 33.427294075489044 732.24823414464481
leaf_count=820253 62059 2681 55614 8376 3404 2408 595 1712 39060 39220 1435 13146 24 3678
internal_value=8.90695e-06 0.0100566 -0.000499146 0.0006632 -0.00873461 -0.0128432 0.0216374 0.0293272 -0.00388886 -0.016486 0.00937128 -0.00511068 -0.0492893 -0.0524411
internal_weight=114604 5519.77 109084 95587.9 13496.3 11890.1 1606.21 1525.38 9547.04 4897.72 4649.32 2955.98 2343.1 2309.67
internal_count=1053665 64740 988925 828629 160296 154585 5711 5116 95269 78280 16989 14581 59316 59292
is_linear=0
shrinkage=0.05


Tree=195
num_leaves=15
num_cat=0
split_feature=37 109 15 52 34 35 15 35 26 21 24 4 2 2
split_gain=238.607 667.301 625.596 474.32 470.173 973.318 622.819 704.675 594.197 474.292 472.951 417.708 718.491 602.83
threshold=9.5000000000000018 0.7749999761581422 115020.00000000001 78.500000000000014 3.2849999666213994 22.765000343322757 600002.50000000012 1.1649999618530276 -25.744999885559078 126837.00000000001 -35.104999542236321 22708260.000000004 151000000.00000003 55395000.000000007
decision_type=2 2 2 2 2 2 2 2 2 2 2 2 2 2
left_child=3 -2 -3 11 6 10 -4 -8 -9 -7 -6 12 13 -1
right_child=1 2 4 -5 5 9 7 8 -10 -11 -12 -13 -14 -15
leaf_value=-0.00046182644131676967 0.01863464373214058 -0.064323220130230105 0.02092618021650898 -0.075019318680895675 0.039445739657495073 -0.049760063847931968 0.031625108953769104 0.0032255854578467622 -0.09412342009577096 0.037260906631819697 -0.1150723023803632 -0.032367572558401315 0.04694106601141166 -0.089218087472346663
leaf_weight=101385.49077606757 5802.1408658483997 423.12911698187236 2564.7365671992302 213.42947911174269 57.021668240427971 241.95809089764953 350.28412016108632 255.93830637633801 399.28831011732109 438.80894124507904 335.68956745928153 1021.9988658431103 798.98092455824371 190.67949977831449
leaf_count=997102 7081 1829 3570 10898 46 707 380 409 1612 473 1560 22199 3486 2313
internal_value=8.58971e-06 0.00705649 -0.00619305 -0.00073033 -0.000872846 -0.0298814 0.00784116 -0.0254725 -0.0560747 0.00623097 -0.0924661 -0.000575777 -0.000257602 -0.000629809
internal_weight=114480 10869 5066.85 103611 4643.73 1073.48 3570.25 1005.51 655.227 680.767 392.711 103397 102375 101576
internal_count=1053665 17667 10586 1035998 8757 2786 5971 2401 2021 1180 1606 1025100 1002901 999415
is_linear=0
shrinkage=0.05


Tree=196
num_leaves=15
num_cat=1
split_feature=27 9 11 14 8 16 10 33 31 6 20 36 36 19
split_gain=232.734 811.306 805.963 691.087 653.505 735.56 885.695 851.919 1156.57 867.333 712.495 677.689 663.672 624.201
threshold=11.295000076293947 407266.50000000006 2705210.5000000005 2422907.0000000005 0 7172906.0000000009 19569948.000000004 11.135000228881838 1.5149999856948855 176523536.00000003 8523.0000000000018 1.3849999904632571 1.6250000000000002 150206.50000000003
decision_type=2 2 2 2 1 2 2 2 2 2 2 2 2 2
left_child=-1 2 -2 -4 -3 7 -7 8 10 -10 -6 -12 -11 -9
right_child=1 4 3 -5 5 6 -8 13 9 12 11 -13 -14 -15
leaf_value=-0.0014630968225210431 -0.060903323826426284 0.0075936412494720419 0.093642725012227201 0.003159034961374923 -0.089415130803018605 0.039367674338610131 -0.069950072269603022 -0.036513431857263627 -0.070030602443605997 -0.065970332762048917 0.0058679160757695711 -0.095668088976165799 0.012410294586063006 0.014050305301717789
leaf_weight=80208.031844059791 151.24299699254334 20421.348617336014 623.10040874150582 320.69487462681718 231.41693668800872 1388.5148337741848 212.58718586270697 731.06179537423304 1666.7021517804824 407.97931059339317 3387.5387132646283 171.70111745537724 792.42336130724289 3662.9461168080452
leaf_count=800348 3147 125040 686 1353 2638 15189 9636 11376 31420 5154 14180 3178 4528 25792
internal_value=8.56831e-06 0.00346452 0.0457891 0.0629858 0.00206036 -0.00686612 0.0247871 -0.0114582 -0.0227361 -0.0466943 -0.00459428 0.000930183 -0.0142199 0.00561989
internal_weight=114377 34169.3 1095.04 943.795 33074.2 12652.9 1601.1 11051.8 6657.76 2867.1 3790.66 3559.24 1200.4 4394.01
internal_count=1053665 253317 5186 2039 248131 123091 24825 98266 61098 41102 19996 17358 9682 37168
cat_boundaries=0 1
cat_threshold=2
is_linear=0
shrinkage=0.05


Tree=197
num_leaves=15
num_cat=0
split_feature=57 0 50 29 52 57 50 156 7 22 6 19 57 25
split_gain=230.527 227.1 239.844 396.724 381.446 314.296 810.664 509.465 454.038 286.647 713.758 536.878 280.27 207.278
threshold=0.69952088594436657 29.500000000000004 58151.000000000007 -84.209999084472642 50.500000000000007 32.269678115844734 433.00000000000006 0.022489799186587337 9333719.0000000019 -171333.99999999997 746201568.00000012 -106639.49999999999 28.93223857879639 -82.740001678466783
decision_type=2 2 2 2 2 2 2 2 2 2 2 2 2 2
left_child=-1 -2 3 -3 5 9 8 -8 -7 10 -5 -11 13 -4
right_child=1 2 12 4 -6 6 7 -9 -10 11 -12 -13 -14 -15
leaf_value=-0.05421055753338664 -0.059517558762527192 -0.0650754539232377 0.04915014575913796 0.0091311029734778282 -0.05102254320656207 -0.061089226223008768 0.044057095574698113 -0.071988556756482677 0.014031390802031011 -0.030270604618182363 -0.073609983014851485 0.00020262338633748224 0.069265211216428396 -0.079024980433355804
leaf_weight=194.71396695426665 158.50463415891863 232.35356627157307 55.919038725085557 13284.454500440625 361.48477170057595 929.3752291224082 549.61924325290602 112.99650018720422 254.91745116771199 1466.4244226866285 264.75477722339565 96043.89394093171 258.70873960334575 69.229695224552415
leaf_count=29508 9600 5294 55 50514 14870 28986 1712 1161 2058 16571 4257 885471 1007 2601
internal_value=7.43942e-06 0.000100923 0.000184861 5.08056e-05 0.000185418 0.00035026 -0.0200999 0.0241137 -0.0448792 0.000690972 0.00750532 -0.000255446 0.0395899 -0.0214217
internal_weight=114237 114043 113884 113500 113268 112906 1846.91 662.616 1184.29 111060 13549.2 97510.3 383.857 125.149
internal_count=1053665 1024157 1014557 1010894 1005600 990730 33917 2873 31044 956813 54771 902042 3663 2656
is_linear=0
shrinkage=0.05


Tree=198
num_leaves=15
num_cat=1
split_feature=36 20 29 12 8 28 17 28 16 21 10 57 6 37
split_gain=229.922 921.245 848.362 1026.84 1252.45 1677.9 1001.55 851.761 889.054 983.244 821.754 1329.54 804.42 761.641
threshold=1.3550000190734866 270025.50000000006 1.2450000047683718 2491538.0000000005 0 7.7750000953674325 3104081.5000000005 2.995000004768372 559299.00000000012 150874.00000000003 1441753.5000000002 11.40451765060425 103081876.00000001 9.5000000000000018
decision_type=2 2 2 2 1 2 2 2 2 2 2 2 2 2
left_child=2 -2 7 4 10 -6 -7 -1 9 -9 12 -12 -4 -3
right_child=1 13 3 -5 5 6 -8 8 -10 -11 11 -13 -14 -15
leaf_value=-0.00075191885128132979 0.0056088279066562677 -0.063914937935714733 0.013487385212721529 0.0059968325623390517 -0.071368635931478436 0.0013635330624745901 -0.072824249597084265 -0.061915737314764886 0.022265910679993672 0.014864688396543708 -0.0069253657712786097 -0.061695753034133841 -0.059660502649598039 0.031732735959867073
leaf_weight=50837.320802097267 28102.207188531786 849.6918776181119 4760.4434818087611 7604.3548670264136 2082.178033898148 2390.7721251494368 560.4823629038292 718.2414533465053 8092.6223806876224 989.75758963811677 5005.8189979106537 1423.1700527960784 406.90876165230293 274.0886747634504
leaf_count=456745 256585 30586 29948 79151 43491 25589 15336 8017 28671 3273 36099 32796 7053 325
internal_value=6.25989e-06 0.00383151 -0.00131042 -0.00921801 -0.0161783 -0.0370055 -0.0127287 0.00184915 0.0153451 -0.0174108 -0.00713145 -0.0190652 0.00770717 -0.0405347
internal_weight=114098 29226 84872.1 24234.1 16629.8 5033.43 2951.25 60637.9 9800.62 1708 11596.3 6428.99 5167.35 1123.78
internal_count=1053665 287496 766169 269463 190312 84416 40925 496706 39961 11290 105896 68895 37001 30911
cat_boundaries=0 1
cat_threshold=2
is_linear=0
shrinkage=0.05


Tree=199
num_leaves=15
num_cat=0
split_feature=7 3 7 6 6 61 20 6 38 38 6 109 6 38
split_gain=230.743 677.626 1084.83 742.101 631.982 568.625 652.692 484.164 547.77 461.155 625.846 511.126 509.493 458.597
threshold=4836753.2500000009 12490000.000000002 619233.28125000012 121529948.00000001 8340750.0000000009 0.10904360190033914 46755.500000000007 528533008.00000006 8.5000000000000018 14.500000000000002 10040488.000000002 0.7749999761581422 69267000.000000015 14.500000000000002
decision_type=2 2 2 2 2 2 2 2 2 2 2 2 2 2
left_child=1 -1 -3 9 -2 6 -6 13 -9 11 -11 -4 -12 -7
right_child=4 2 3 -5 5 7 -8 8 -10 10 12 -13 -14 -15
leaf_value=0.0002114644516301733 -0.25024816587045279 -0.062949216088677859 0.014794178679399882 -0.054492677978132301 -0.077227219631380975 0.020156995428664511 0.0014027340154915482 0.12359567331705357 -0.039223781885117201 0.012198095140374433 -0.069814359421050312 -0.07829541880244914 0.019758410800075336 0.0022747115568396703
leaf_weight=90756.313924899499 23.113927878439426 1049.1691313364718 3099.0788212494226 732.06976449981448 425.17746085824911 6666.0180837544613 689.92449009578559 54.204591255169362 784.52902921027271 733.19811802764889 707.79733813332859 153.70300208672415 203.05739515589084 7772.5349733190378
leaf_count=867586 191 36786 23564 21884 5601 30187 4338 413 16362 3326 10262 2058 2570 28537
internal_value=4.34916e-06 -0.000919156 -0.0162897 -0.00757436 0.00548859 0.00586748 -0.0285756 0.00838649 -0.0285071 -0.000540235 -0.0221249 0.0103574 -0.0497912 0.0105349
internal_weight=113850 97434.4 6678.07 5628.9 16415.5 16392.4 1115.1 15277.3 838.734 4896.83 1644.05 3252.78 910.855 14438.6
internal_count=1053665 968036 100450 63664 85629 85438 9939 75499 16775 41780 16158 25622 12832 58724
is_linear=0
shrinkage=0.05


Tree=200
num_leaves=15
num_cat=0
split_feature=35 36 1 36 33 34 36 25 12 33 16 16 167 15
split_gain=223.537 642.225 588.307 667.17 611.281 864.693 655.011 603.394 576.086 581.189 558.574 888.814 625.96 605.792
threshold=53.664999008178718 0.074999999254941954 75121.500000000015 0.085000000894069686 38.649999618530281 4.7049999237060556 3.2050000429153447 25.829999923706058 11069111.000000002 9999.9951171875018 1612851.0000000002 574868.00000000012 4.3426055908203134 299999.50000000006
decision_type=2 2 2 2 2 2 2 2 2 2 2 2 2 2
left_child=-1 8 4 -4 5 10 7 -7 -2 -10 11 -3 13 -12
right_child=1 2 3 -5 -6 6 -8 -9 9 -11 12 -13 -14 -15
leaf_value=-0.00093861656220819208 -0.047294686966609954 -0.02824820762174779 0.099601129175161396 -0.065017518555851639 0.029991105150510899 -0.064387809816459002 0.0086804202872056476 -0.012360686063406741 -0.079851305992255928 0.056199171844259134 -0.10469505963590089 0.038735122120123019 0.014466780000215266 -0.011568915629364974
leaf_weight=96304.909885710484 1010.9482634076558 581.37701122081489 69.769483424490318 466.0989982324536 3036.3989697755023 816.78877019695938 2107.2739049931115 1762.1256348370225 103.28906848363113 314.88176469225436 217.64137730712537 3288.7602060998906 2755.7328259589267 877.83229506388307
leaf_count=823712 19533 4848 228 12999 40388 34009 27989 40535 1452 1438 3583 14806 21962 6183
internal_value=3.49699e-06 0.00521783 0.00809265 -0.0433456 0.00988337 0.00495651 -0.0119791 -0.0288766 -0.0268755 0.0223648 0.0152417 0.0286552 0.0017453 -0.0301948
internal_weight=113714 17408.9 15979.8 535.868 15443.9 12407.5 4686.19 2578.91 1429.12 418.171 7721.34 3870.14 3851.21 1095.47
internal_count=1053665 229953 207530 13227 194303 153915 102533 74544 22423 2890 51382 19654 31728 9766
is_linear=0
shrinkage=0.05


Tree=201
num_leaves=15
num_cat=0
split_feature=1 6 34 1 1 5 10 11 38 6 33 33 3 18
split_gain=226.391 384.432 378.497 370.135 687.43 609.803 1391.98 736.928 642.196 604.217 831.839 894.658 581.597 544.373
threshold=71155.000000000015 528533008.00000006 153.55999755859378 46799.500000000007 46740.000000000007 67.005001068115249 396372.00000000006 2396090.0000000005 18.500000000000004 126140000.00000001 3.4750000238418584 2.6450001001358037 183325000.00000003 1738995.0000000002
decision_type=2 2 2 2 2 2 2 2 2 2 2 2 2 2
left_child=3 2 -2 4 -1 6 -5 -8 12 13 11 -11 -7 -9
right_child=1 -3 -4 5 -6 8 7 9 -10 10 -12 -13 -14 -15
leaf_value=6.9083845651869848e-05 0.014259717315501054 -0.08650193108709342 -0.059456781829894327 -0.040549055149356535 0.035055574536548013 0.041184426304237229 -0.05842237684908437 0.018246478479845583 -0.11541458151527942 -0.078385963836949818 -0.050199218631151468 0.036462357489385609 -0.047608781592236381 -0.019153942942942901
leaf_weight=93460.434426916006 5173.5701266773976 100.29675979341846 178.98883425584063 3167.8834962895489 1424.466185451136 1277.7722769037355 536.30631398857804 4626.6706264431705 80.814593742834404 213.91251688078046 1127.1677832266432 800.89264773484319 214.14349487167783 1229.8734553485701
leaf_count=820253 55593 2681 6466 69721 8376 3404 10956 28531 595 1390 18854 1529 1712 23604
internal_value=2.35606e-06 0.00994232 0.0117747 -0.000498388 0.000595212 -0.00831801 -0.0122494 -0.00173603 0.0208932 0.00206541 -0.0206444 0.0121507 0.0283826 0.0103819
internal_weight=113613 5452.86 5352.56 108160 94884.9 13275.4 11702.7 8534.82 1572.73 7998.52 2141.97 1014.81 1491.92 5856.54
internal_count=1053665 64740 62059 988925 828629 160296 154585 84864 5711 73908 21773 2919 5116 52135
is_linear=0
shrinkage=0.05


Tree=202
num_leaves=15
num_cat=1
split_feature=27 25 18 57 25 26 32 36 12 8 15 28 25 32
split_gain=221.56 571.79 725.274 649.266 303.923 330.128 289.272 995.327 1003.16 1164.38 1002.8 946.725 909.375 821.894
threshold=1048.529968261719 1206.850036621094 306640.50000000006 15.073237895965578 37.440000534057624 -18.654999732971188 1.6250000000000002 1.3550000190734866 2491538.0000000005 0 400010.00000000006 7.7750000953674325 10001.500000000002 1.8350000381469729
decision_type=2 2 2 2 2 2 2 2 2 1 2 2 2 2
left_child=6 2 -2 4 5 -4 -1 8 9 -8 11 -11 13 -9
right_child=1 -3 3 -5 -6 -7 7 12 -10 10 -12 -13 -14 -15
leaf_value=0.0019704879466982956 0.078761744615822027 -0.080968995936944441 -0.082289335619428625 -0.11475881019553831 -0.063688592923128659 0.034525751376458851 -0.0087047285045914677 -0.10226875877583735 0.003635810612944235 -0.055015206377969805 -0.075040708845979937 -0.0025224322611837754 -0.06495629812995872 0.0063974896865686762
leaf_weight=62916.146745371021 464.24474136531353 133.52325022534933 64.037818695884198 102.70713205478387 104.15971416328102 834.46778450137936 11561.503062192962 174.28348871116759 8699.4362913223158 1453.2282617735618 1321.2847710301285 2103.7795051506546 465.06171574915061 23077.361437980289
leaf_count=497281 997 2124 1667 2378 1463 2881 111201 2742 91526 30693 29747 27543 15579 235843
internal_value=1.87518e-06 0.0178951 0.0263832 0.0042883 0.0166348 0.0260624 -0.000270485 -0.00315739 -0.0100896 -0.0173555 -0.0378414 -0.023992 0.0041886 0.00557646
internal_weight=113475 1703.14 1569.62 1105.37 1002.67 898.506 111772 48855.9 25139.2 16439.8 4878.29 3557.01 23716.7 23251.6
internal_count=1053665 11510 9386 8389 6011 4548 1042155 544874 290710 199184 87983 58236 254164 238585
cat_boundaries=0 1
cat_threshold=2
is_linear=0
shrinkage=0.05


Tree=203
num_leaves=15
num_cat=0
split_feature=57 38 50 26 24 132 6 53 37 1 29 25 21 38
split_gain=215.746 217.256 519.23 497.89 883.498 857.146 848.496 843.516 779.116 773.22 742.671 732.309 653.963 879.584
threshold=0.69952088594436657 14.500000000000002 6691.0000000000009 61.760000228881843 35.07500076293946 -11.296313285827635 25152000.000000004 104.50000000000001 5.5000000000000009 29204.500000000004 -1.9049999713897703 10000.500000000002 116776.50000000001 17.500000000000004
decision_type=2 2 2 2 2 2 2 2 2 2 2 2 2 2
left_child=-1 -2 3 5 10 7 -6 -3 12 -8 11 -5 13 -7
right_child=1 2 -4 4 6 8 9 -9 -10 -11 -12 -13 -14 -15
leaf_value=-0.05398363705703392 0.0025909850326113612 -0.017179303662127856 -0.052739178285297172 -0.09208438164325998 0.0014522531871765246 -0.0093027474000954621 -0.081232442270496155 -0.094458299679742036 -0.012780494318941791 -0.017323643602371951 0.016344713723765402 -0.0015339005245091815 0.019149928110406746 0.015376782305898335
leaf_weight=183.77152382850181 49112.096823977248 6001.4729435154004 496.01414750644471 231.51933899288997 4111.182040619402 10932.36367439694 680.42113715835148 374.68170042394195 10588.571202489897 1561.7492318705772 12741.870180645259 5660.9798962829518 5238.3358655115589 5388.7816546031972
leaf_count=29508 626432 33634 6582 3211 38977 86268 9118 2863 97995 14090 51037 24389 13555 16006
internal_value=4.26094e-07 8.90455e-05 -0.00182988 -0.00143067 0.00406496 -0.00499658 -0.0120318 -0.0217424 -0.00167314 -0.0367676 0.00955614 -0.00511518 0.00378007 -0.00115076
internal_weight=113304 113120 64007.9 63511.9 24987.7 38524.2 6353.35 6376.15 32148.1 2242.17 18634.4 5892.5 21559.5 16321.1
internal_count=1053665 1024157 397725 391143 140822 250321 62185 36497 213824 23208 78637 27600 115829 102274
is_linear=0
shrinkage=0.05


Tree=204
num_leaves=15
num_cat=0
split_feature=56 121 19 57 28 79 57 57 38 7 3 7 6 61
split_gain=214.903 542.149 286.214 249.904 243.56 426.246 252.584 398.777 296.443 222.746 641.351 1003.8 680.617 538.841
threshold=12.500000000000002 2.0326928496360783 -202167.49999999997 9.1676936149597186 6.3250000476837167 0.057880900800228126 13.466119289398195 10.334017753601076 15.500000000000002 4836753.2500000009 12490000.000000002 619233.28125000012 121529948.00000001 0.10904360190033914
decision_type=2 2 2 2 2 2 2 2 2 2 2 2 2 2
left_child=9 3 -3 -2 5 6 7 8 -4 10 -1 -12 -13 -11
right_child=1 2 4 -5 -6 -7 -8 -9 -10 13 11 12 -14 -15
leaf_value=0.00045027799736244265 -0.03003136885698128 0.030598188270989441 0.011383180288258335 -0.12586310707279533 0.026776393826993507 -0.11461682717574968 0.017325436930128429 -0.19685783551119088 -0.11492173781948783 -0.028809952582505433 -0.061472811977314225 -0.00051484990984231504 -0.052698283677166641 0.0081264044046115754
leaf_weight=88968.660779029757 129.55365355289541 396.28285303898156 162.51424430683255 148.24021702131722 207.76953268609941 133.6956557338126 285.17227666825056 38.616046242415905 63.667319931089878 1055.3124124899914 1014.9013578058511 4776.8960396784823 718.24945924099302 15041.683281556296
leaf_count=863141 625 814 332 1395 352 966 412 223 269 9707 36786 41616 21884 75143
internal_value=4.4665e-07 -0.0183897 -0.00465827 -0.0816178 -0.0204041 -0.0348337 -0.0151751 -0.050298 -0.0242994 0.000259089 -0.000657756 -0.015806 -0.00735299 0.00570013
internal_weight=113141 1565.51 1287.72 277.794 891.435 683.666 549.97 264.798 226.182 111576 95478.7 6510.05 5495.15 16097
internal_count=1053665 5388 3368 2020 2554 2202 1236 824 601 1048277 963427 100286 63500 84850
is_linear=0
shrinkage=0.05


Tree=205
num_leaves=15
num_cat=0
split_feature=21 18 9 19 28 18 1 28 36 54 0 35 38 6
split_gain=214.733 273.182 261.948 583.414 498.475 451.217 682.632 771.082 538.623 484.12 514.449 556.57 403.952 402.727
threshold=6250247.5000000009 36790434.000000007 20787718.000000004 -1241771.4999999998 15.284999847412111 2089716.5000000002 58121.500000000007 6.0650000572204599 0.6850000023841859 16135.000000000002 91.500000000000014 6.055000066757203 9.5000000000000018 1564203072.0000002
decision_type=2 2 2 2 2 2 2 2 2 2 2 2 2 2
left_child=2 -2 5 -4 13 12 7 9 -9 10 -7 -12 -1 -5
right_child=1 -3 3 4 -6 6 -8 8 -10 -11 11 -13 -14 -15
leaf_value=-0.04365991320792692 -0.06666944785731653 0.033928561485573168 -0.059503924435215953 0.032577108429553248 -0.068369874719188567 -0.05184695928505853 0.007973966912248236 -0.070532449523534088 0.0068922302566460959 -0.13951331657829519 -0.13781670582064748 0.013554201424378437 0.0008321598908600826 -0.078553094526471523
leaf_weight=511.69034639123129 249.24487221747404 90.963411928387359 234.51188883319264 2211.1014713590848 139.80549634250929 1735.7247172873467 2698.1755268671113 252.48460092354799 1969.8706244896748 121.22537200246006 66.177724426612258 630.85716144740582 102047.76290374741 83.465892381500453
leaf_count=48162 4487 461 3287 19421 4480 70452 35750 9352 36628 769 393 989 815260 3774
internal_value=0 -0.0396048 0.000120342 0.0155955 0.022872 -0.000254692 -0.0121145 -0.0234723 -0.00190936 -0.0422076 -0.037283 -0.000922437 0.000609269 0.0284805
internal_weight=113043 340.208 112703 2668.88 2434.37 110034 7474.52 4776.34 2222.36 2553.98 2432.76 697.035 102559 2294.57
internal_count=1053665 4948 1048717 30962 27675 1017755 154333 118583 45980 72603 71834 1382 863422 23195
is_linear=0
shrinkage=0.05


Tree=206
num_leaves=15
num_cat=0
split_feature=37 121 24 34 52 9 50 4 2 2 3 103 30 6
split_gain=210.098 645.03 572.982 829.926 418.171 388.914 433.726 375.699 638.567 537.475 382.059 366.874 344.353 820.26
threshold=9.5000000000000018 7.6399292945861825 10.335000038146974 3.8449999094009404 78.500000000000014 7592342.5000000009 2083.5000000000005 22708260.000000004 151000000.00000003 55395000.000000007 1001889984.0000001 1.0007903575897219 44.129999160766609 247393800.00000003
decision_type=2 2 2 2 2 2 2 2 2 2 2 2 2 2
left_child=4 11 5 -4 7 6 -3 8 9 10 12 -2 -1 -14
right_child=1 2 3 -5 -6 -7 -8 -9 -10 -11 -12 -13 13 -15
leaf_value=0.00053933933444175392 0.027987185209976846 -0.104206635529234 0.029452433214074071 -0.097390055399312642 -0.07369981894073796 0.0079435397372649222 0.01275573562438018 -0.030950108888006103 0.044875990324994099 -0.08453244979742125 -0.037567509252025649 0.0054990434080979351 -0.0059236087723839106 -0.070290097616920177
leaf_weight=93637.557040308471 2482.4348606495187 395.4439621171914 643.9510752055794 160.15038761310279 194.80590947560268 162.43019665777683 97.892089635133743 1005.8505886573694 776.73290903808083 189.4066809504875 687.34762031055288 6758.5629583153641 5167.6002737695235 546.78114631795324
leaf_count=901317 2552 1923 944 776 10898 280 157 22199 3486 2313 16729 11035 68544 10512
internal_value=-3.5365e-07 0.00666463 -0.024199 0.00403792 -0.000698718 -0.0588527 -0.0809179 -0.0005581 -0.000254646 -0.000605334 -0.00044509 0.0115479 -0.000187386 -0.0121025
internal_weight=112907 10700.9 1459.87 804.101 102206 655.766 493.336 102011 101005 100229 100039 9241 99351.9 5714.38
internal_count=1053665 17667 4080 1720 1035998 2360 2080 1025100 1002901 999415 997102 13587 980373 79056
is_linear=0
shrinkage=0.05


Tree=207
num_leaves=15
num_cat=0
split_feature=27 6 21 30 69 16 11 25 28 25 12 57 6 6
split_gain=211.434 807.308 429.125 425.224 398.433 382.596 784.666 776.445 684.646 703.803 706.982 677.402 756.946 740.535
threshold=-86.93999862670897 229743688.00000003 13432.500000000002 -97.735000610351548 -0.026638542301952835 2759884.5000000005 5677443.5000000009 7.6549999713897714 -46.260000228881829 -47.215000152587884 524128.50000000006 11.40451765060425 814129.46875000012 606467.00000000012
decision_type=2 2 2 2 2 2 2 2 2 2 2 2 2 2
left_child=1 2 -1 -4 -3 -2 -7 8 -8 -10 -11 12 13 -9
right_child=5 4 3 -5 -6 6 7 11 9 10 -12 -13 -14 -15
leaf_value=-0.075586241103721155 0.00077581788146452327 0.03072054153815626 -0.11235676639993458 0.021317536890022366 -0.08616740292697217 -0.060324493115460898 0.11685944049596955 -0.027950828721208444 -0.020025783096728735 -0.084075732144548707 0.018705846526920446 -0.029691349069158275 0.0095129824376274097 -0.1815303206752974
leaf_weight=121.26664279552642 92338.36739479439 94.912418978638016 59.273693193681538 4120.6721303699305 299.84158053126885 675.94499586799066 137.7379310085671 577.25816311301605 2032.7604991628905 172.3944552653993 4669.4393594943685 4221.715944085794 3172.6501090509846 90.232433199882507
leaf_count=5097 783759 448 414 19870 4415 25461 265 12678 30972 5341 49633 94255 20456 601
internal_value=-5.68156e-07 0.0103841 0.0166775 0.0193836 -0.0579306 -0.000452291 -0.00765509 -0.00528617 0.00687568 0.00464812 0.0150194 -0.0158705 -0.000659536 -0.0490272
internal_weight=112784 4695.97 4301.21 4179.95 394.754 108089 15750.1 15074.2 7012.33 6874.59 4841.83 8061.86 3840.14 667.491
internal_count=1053665 30244 25381 20284 4863 1023421 239662 214201 86211 85946 54974 127990 33735 13279
is_linear=0
shrinkage=0.05


Tree=208
num_leaves=15
num_cat=0
split_feature=35 36 1 3 1 36 33 34 1 15 26 36 27 84
split_gain=212.84 566.534 544.551 540.227 528.359 616.61 552.572 766.868 622.682 845.459 536.178 530.689 696.601 516.819
threshold=53.664999008178718 0.074999999254941954 91137.500000000015 400295072.00000006 75121.500000000015 0.085000000894069686 38.649999618530281 4.7049999237060556 41111.500000000007 115020.00000000001 -16.074999809265133 1.6749999523162844 -1.2549999952316282 6.7888174057006845
decision_type=2 2 2 2 2 2 2 2 2 2 2 2 2 2
left_child=-1 2 3 -2 6 -6 7 11 -9 -10 -8 -3 13 -13
right_child=1 4 -4 -5 5 -7 10 8 9 -11 -12 12 -14 -15
leaf_value=-0.00092116787537050479 -0.045337558108507224 0.0067463433899113898 0.064231776127415041 0.085655580657743147 0.09335981835047806 -0.063823941415612956 -0.049486710588259181 -0.04375990487316006 -0.060876415008974727 0.0092320266473692666 0.034421676125569976 0.045974106128333664 0.0075482601250036214 0.13091451945087082
leaf_weight=95544.685507047674 1153.6525940537977 5635.4960455986438 149.53218717756681 83.31036521930946 71.414053776301444 444.76663634931901 202.91372343743569 1117.9511534900521 501.49535570111766 2979.7720708978595 2804.4341457626724 724.67826520162635 995.08645179896848 239.50489606650081
leaf_count=823712 21614 39905 437 372 228 12999 7618 35783 20184 46566 32770 2050 8239 1188
internal_value=-1.15164e-06 0.00513498 -0.0254837 -0.0364126 0.00784059 -0.0418423 0.00953357 0.00479342 -0.0113118 -0.000867696 0.028729 0.0145532 0.0369677 0.067239
internal_weight=112649 17104 1386.5 1236.96 15717.5 516.181 15201.3 12194 4599.22 3481.27 3007.35 7594.77 1959.27 964.183
internal_count=1053665 229953 22423 21986 207530 13227 194303 153915 102533 66750 40388 51382 11477 3238
is_linear=0
shrinkage=0.05


Tree=209
num_leaves=15
num_cat=1
split_feature=27 9 34 1 8 6 19 32 57 15 27 10 15 21
split_gain=212.023 734.84 740.141 638.286 558.168 646.283 828.823 641.973 796.459 549.761 1660.7 606.476 743.91 726.827
threshold=11.295000076293947 407266.50000000006 6.2850000858306894 10355.000000000002 0 46786800.000000007 167772.50000000003 101.67499923706056 6.2327172756195077 99999.500000000015 12.775000095367433 1780009.0000000002 2999999.5000000005 115517.50000000001
decision_type=2 2 2 2 1 2 2 2 2 2 2 2 2 2
left_child=-1 2 3 -2 9 6 -6 8 -8 10 -3 12 -11 -13
right_child=1 4 -4 -5 5 -7 7 -9 -10 11 -12 13 -14 -15
leaf_value=-0.001416723857862959 0.099638489604433278 0.099265856383882994 -0.070000457315902986 0.01760733911710426 -0.053482132327967613 0.0016586461480275459 -0.082299659287974669 0.079796122388082258 -0.0015096703495260403 0.016869180621010362 -0.059287186786102654 -0.025455164564660918 0.27987827262925669 0.007625886521386219
leaf_weight=79006.73442840208 478.91399957425892 204.33583634160459 124.72728361608461 473.23048581386684 1420.901812027616 8248.9655057575437 355.77361204411136 199.59704231499927 2114.6562295166077 9920.0493232673034 840.78545071912231 2177.6333983775694 25.988653948064893 6978.8380150059238
leaf_count=800348 499 427 2839 1848 26176 54872 7682 5749 28612 47450 14912 23497 79 38675
internal_value=-1.93671e-06 0.00332676 0.0439448 0.0589814 0.00197754 -0.00639435 -0.0226411 -0.0061959 -0.0131933 0.00710764 -0.0281748 0.00904198 0.0175895 -0.000238059
internal_weight=112571 33564.4 1076.87 952.144 32487.5 12339.9 4090.93 2670.03 2470.43 20147.6 1045.12 19102.5 9946.04 9156.47
internal_count=1053665 253317 5186 2347 248131 123091 68219 42043 36294 125040 15339 109701 47529 62172
cat_boundaries=0 1
cat_threshold=2
is_linear=0
shrinkage=0.05


Tree=210
num_leaves=15
num_cat=1
split_feature=21 9 1 19 18 1 37 1 1 38 35 116 32 8
split_gain=205.498 253.886 1321.97 601.129 463.421 837.202 778.11 509.845 570.067 497.546 448.084 432.078 428.082 383.004
threshold=6250247.5000000009 9256944.0000000019 22205.000000000004 -1508428.9999999998 2089716.5000000002 58121.500000000007 9.5000000000000018 74155.500000000015 73901.500000000015 9.5000000000000018 38.635000228881843 2.1250000000000004 -27.374999999999996 0
decision_type=2 2 2 2 2 2 2 2 2 2 2 2 2 1
left_child=1 4 -3 -4 9 6 -6 8 10 -1 -7 -8 -9 -11
right_child=-2 2 3 -5 5 7 11 12 -10 13 -12 -13 -14 -15
leaf_value=-0.051575740549502272 -0.039755464794626209 -0.085640909914521765 -0.044749619366085389 0.01842619133929059 -0.044613797877865402 -0.072334841262683081 0.028115501060197765 0.034730813991106162 0.09702883894163139 0.0032350889334880986 0.017504160729858161 -0.10361675781720925 -0.083045748626297405 -0.0030249095241721181
leaf_weight=459.49835500059999 323.1636820420099 345.89501719208783 399.95532738199108 6098.5883518415503 2455.2116688198294 151.62172089982778 631.10124057531357 111.09741064393893 207.51216347637819 56264.090720828302 1518.2405112493725 67.95535734295845 244.65752850921126 43184.745404312474
leaf_count=47317 4948 15300 5206 64212 81526 3160 762 208 1176 375393 18294 312 7810 428041
internal_value=-2.52333e-06 0.000111944 0.00944296 0.014524 -0.0004942 -0.0147774 -0.0313615 0.00862854 0.019051 0.00027564 0.00927854 0.0151087 -0.0461313 0.000516236
internal_weight=112463 112140 6844.44 6498.54 105296 5387.4 3154.27 2233.13 1877.37 99908.3 1669.86 699.057 355.755 99448.8
internal_count=1053665 1048717 84718 69418 963999 113248 82600 30648 22630 850751 21454 1074 8018 803434
cat_boundaries=0 1
cat_threshold=2
is_linear=0
shrinkage=0.05


Tree=211
num_leaves=15
num_cat=0
split_feature=57 32 10 19 6 57 25 13 25 1 20 15 32 18
split_gain=203.024 207.5 869.795 961.43 979.228 786.69 735.857 679.346 654.9 759.25 641.031 624.992 657.891 659.734
threshold=0.69952088594436657 1.6250000000000002 1463806.0000000002 438849.50000000006 351729248.00000006 16.047912597656254 -40.56500053405761 4806772.5000000009 -23.894999504089352 31117.000000000004 8291.0000000000018 317750.00000000006 1.794999957084656 689106.50000000012
decision_type=2 2 2 2 2 2 2 2 2 2 2 2 2 2
left_child=-1 6 11 4 5 7 10 -4 9 -8 -2 12 -3 -14
right_child=1 2 3 -5 -6 -7 8 -9 -10 -11 -12 -13 13 -15
leaf_value=-0.053781323070156019 -0.041296291123309098 -0.10633020386577985 -0.0059807395510218745 0.0028711375025835292 -0.0705092392157642 -0.040988707180893785 -0.13651459882685166 -0.064242965069593094 0.00074262783178922435 -0.013336524193969735 0.022631639615577296 0.013295748870201914 0.0076442059382547225 -0.013756690566444518
leaf_weight=174.229777008979 419.12605860899203 150.15092806512257 10625.134383283672 9828.4909839794127 819.15920889400877 2277.0587121436838 183.40630583686288 524.35995780536905 55686.686340661021 393.15812250750605 5803.6419367175258 10709.799342154176 8447.327724872157 6274.7051445257093
leaf_count=29508 2831 2116 89783 150186 16102 49289 2073 8022 445183 2569 20268 66197 77278 92260
internal_value=-3.39461e-06 8.01905e-05 -0.002332 -0.009154 -0.0174536 -0.0142079 0.00199791 -0.00873081 0.000192385 -0.0527748 0.0183119 0.00408608 -0.00254311 -0.00147403
internal_weight=112316 112142 49656.2 24074.2 14245.7 13426.6 62486 11149.5 56263.3 576.564 6222.77 25582 14872.2 14722
internal_count=1053665 1024157 551233 313382 163196 147094 472924 97805 449825 4642 23099 237851 171654 169538
is_linear=0
shrinkage=0.05


Tree=212
num_leaves=15
num_cat=0
split_feature=12 1 12 57 28 202 30 6 20 33 57 34 21 124
split_gain=205.694 681.492 651.031 598.336 522.753 618.951 526.973 566.947 512.489 546.48 693.128 755.862 742.431 930.738
threshold=1440748.5000000002 3111.5000000000005 1240757.0000000002 30.084873199462894 -57.874999999999993 1.8750000000000002 22.795000076293949 85280460.000000015 235.50000000000003 14.194999694824221 23.889117240905765 3.4150000810623173 15029.000000000002 5.1789102554321298
decision_type=2 2 2 2 2 2 2 2 2 2 2 2 2 2
left_child=2 -2 3 -1 -4 6 7 -6 -3 10 11 -10 13 -12
right_child=1 8 4 -5 5 -7 -8 -9 9 -11 12 -13 -14 -15
leaf_value=-0.00015177886383580937 -0.072973922764478769 -0.052228101873998151 0.034568375756642705 -0.042685376708325812 -0.084531626145160702 -0.083167084090978047 0.013575046543306841 -0.0093919375885200187 0.0012556009361151543 0.013381055782878713 0.089916566703796538 -0.022220977991808791 0.014838732296267022 0.53473802525062941
leaf_weight=71587.807641110601 291.52543461132154 404.87562954745954 306.03857805288862 835.53766708250623 456.24480610090541 512.07790916840895 680.73964326106943 561.0723936802242 16598.568615479773 11326.753755174461 114.01966517139226 4319.0675200181431 4145.7342412885337 12.302289056882726
leaf_count=696898 6030 5471 730 22895 8297 8700 5463 4519 85351 89766 938 74548 43740 319
internal_value=-3.92718e-06 0.00303426 -0.00151329 -0.000643756 -0.0265112 -0.0350034 -0.0204089 -0.0431895 0.00363772 0.00425992 0.000156169 -0.00359028 0.0185085 0.137489
internal_weight=112152 37212.8 74939.5 72423.3 2516.17 2210.13 1698.06 1017.32 36921.3 36516.4 25189.7 20917.6 4272.06 126.322
internal_count=1053665 306163 747502 719793 27709 26979 18279 12816 300133 294662 204896 159899 44997 1257
is_linear=0
shrinkage=0.05


Tree=213
num_leaves=15
num_cat=0
split_feature=0 21 14 13 15 6 24 9 53 57 28 6 10 1
split_gain=200.314 209.984 621.43 574.068 831.348 834.708 785.148 696.761 1067.74 658.832 607.339 645.13 644.681 598.475
threshold=29.500000000000004 248496.00000000003 2318593.5000000005 3248795.0000000005 979637.00000000012 360444.00000000006 10.335000038146974 912964.50000000012 1.0000000180025095e-35 30.78850078582764 1.685000002384186 170067000.00000003 3912984.0000000005 10125.500000000002
decision_type=2 2 2 2 2 2 2 2 2 2 2 2 2 2
left_child=-1 3 -3 9 5 7 10 -5 -9 -2 11 -7 -12 -8
right_child=1 2 -4 4 -6 6 13 8 -10 -11 12 -13 -14 -15
leaf_value=-0.058862236521424888 0.0007911721098052024 -0.06915456530093704 0.0059209793215800654 0.012123699299830041 -0.064544939707643051 -0.065319281154650896 -0.097171252404829406 -0.051586013802781987 -0.22126381851960156 -0.035858122517093007 -0.099005598590570162 0.026512805433779929 -0.023559907340122952 0.018111393059668978
leaf_weight=143.37591295241145 83912.680294593607 278.62093483479111 18945.248945785788 285.12443384464132 737.26430236879969 247.02094504621346 115.52550670693745 529.49008645332651 112.10797079280019 1243.427871040738 389.68307597428793 833.33990312856622 1042.6319316547015 3245.5142251063371
leaf_count=9612 798564 6208 143049 2290 12850 2313 1926 11523 698 27978 4246 3080 9934 19394
internal_value=-4.76676e-06 7.07131e-05 0.00482673 -0.000915145 -0.0141399 -0.00865924 -0.00168886 -0.0527353 -0.0816102 0.000255026 -0.0228341 0.00542848 -0.0441757 0.0141063
internal_weight=112061 111918 19223.9 92693.8 7537.7 6800.44 5873.72 926.722 641.598 85156.1 2512.68 1080.36 1432.32 3361.04
internal_count=1053665 1044053 149257 894796 68254 55404 40893 14511 12221 826542 19573 5393 14180 21320
is_linear=0
shrinkage=0.05


Tree=214
num_leaves=15
num_cat=0
split_feature=6 1 28 15 10 9 15 12 6 20 31 57 57 9
split_gain=203.307 990.427 764.496 542.201 772.427 796.131 1000.71 774.955 781.155 748.722 718.322 888.197 622.513 587.684
threshold=126140000.00000001 1225.0000000000002 -57.874999999999993 503937.50000000006 4092358.0000000005 950557.50000000012 505075.00000000006 723777.50000000012 32350050.000000004 13692.500000000002 -21.185000419616696 4.3408622741699228 11.314168453216555 691377.50000000012
decision_type=2 2 2 2 2 2 2 2 2 2 2 2 2 2
left_child=3 -2 -3 10 5 6 -5 8 9 -7 11 -1 -11 -6
right_child=1 2 -4 4 13 7 -8 -9 -10 12 -12 -13 -14 -15
leaf_value=0.018759313474077603 -0.084475654360664232 -0.077785510850078621 -0.0016183240547496859 0.27363214859497736 -0.074952724721799757 0.031202680982421321 0.039860320975632441 0.019155688927697229 -0.067011569880731633 0.0038612480127503839 -0.00034272817774711167 -0.10069888452262904 -0.066872701952499627 -0.0022003819536141026
leaf_weight=256.83346211884054 371.23644180764677 332.02013313269708 31040.591759945368 46.046378082595766 290.78796077473089 1091.5901840756997 1882.7754493210814 7420.3121501727146 516.53745753795374 756.92232358345063 61295.690156698198 390.33370496123098 525.48398590204306 5748.6681503657019
leaf_count=1921 7106 2919 275190 100 4589 4936 8954 35596 6637 3986 624421 3457 10721 63132
internal_value=-4.75914e-06 -0.00339219 -0.00242846 0.00133505 0.008902 0.0161226 0.0456059 0.0105985 -0.0113504 0.000762469 -0.000897235 -0.053258 -0.0251135 -0.00572337
internal_weight=111966 31743.8 31372.6 80222 18279.1 12239.7 1928.82 10310.8 2890.53 2374 61942.9 647.167 1282.41 6039.46
internal_count=1053665 285215 278109 768450 138651 70930 9054 61876 26280 19643 629799 5378 14707 67721
is_linear=0
shrinkage=0.05


Tree=215
num_leaves=15
num_cat=0
split_feature=7 1 57 57 38 54 18 6 9 7 57 1 200 1
split_gain=202.467 479.369 461.396 420.388 371.204 790.249 664.806 478.737 442.75 414.59 823.15 371.233 604.638 367.942
threshold=92831288.000000015 10355.000000000002 12.80903482437134 22.449007987976078 19.500000000000004 2419.0000000000005 452567.50000000006 10040488.000000002 2363294.5000000005 88574860.000000015 20.381930351257328 10260.500000000002 0.61933323740959179 42455.500000000007
decision_type=2 2 2 2 2 2 2 2 2 2 2 2 2 2
left_child=4 2 -2 -4 9 7 13 8 11 -1 -11 12 -6 -7
right_child=1 -3 3 -5 5 6 -8 -9 -10 10 -12 -13 -14 -15
leaf_value=0.00039000931338988053 0.058193047072624821 -0.0095675559319935537 -0.15030506687272421 0.060276119099776884 0.28288719928746325 -0.037443811009108603 0.0058120853395250598 -0.025700358195334057 -0.039569636772505329 0.012849158100093497 -0.30985945526228514 0.029952917859267639 0.048908663527964462 -0.091401481160851283
leaf_weight=106103.31189325171 721.47194506134838 816.13965310514322 53.350399600574747 40.854618914891034 39.062128663994372 1124.8426731324289 697.56297998898663 622.92497776588425 197.20387020660564 50.556641544681042 31.072832106612623 843.390744837292 92.99692762689665 443.56522951798979
leaf_count=1026156 729 5089 484 94 122 6326 2100 3428 1409 216 324 3106 207 3875
internal_value=-5.36956e-06 0.017472 0.0445666 -0.0587816 -0.00026467 -0.0150977 -0.034729 0.0096541 0.0284832 0.000302357 -0.11165 0.0423189 0.1201 -0.0527841
internal_weight=111878 1631.82 815.677 94.205 110246 4061.55 2265.97 1795.58 1172.65 106185 81.6295 975.45 132.059 1568.41
internal_count=1053665 6396 1307 578 1047269 20573 12301 8272 4844 1026696 540 3435 329 10201
is_linear=0
shrinkage=0.05


Tree=216
num_leaves=15
num_cat=0
split_feature=1 57 10 21 32 27 7 5 57 38 35 29 57 32
split_gain=204.13 345.25 406.872 479.265 339.043 589.808 331.18 607.395 327.874 394.619 314.315 672.419 626.74 707.449
threshold=71155.000000000015 14.591375827789308 6549009.5000000009 337133.00000000006 541.94500732421886 1048.529968261719 37468300.000000007 3.3950001001358037 22.873373985290531 14.500000000000002 83.630001068115249 -10.085000038146971 19.681040763854984 13.065000057220461
decision_type=2 2 2 2 2 2 2 2 2 2 2 2 2 2
left_child=4 6 8 -4 10 -6 7 -2 -3 -10 -1 -12 -13 -14
right_child=1 2 3 -5 5 -7 -8 -9 9 -11 11 12 13 -15
leaf_value=-0.0012630015586504286 0.017175566706648427 -0.06870891731900694 0.070744934778222079 -0.077606259421043267 -0.056023754484044688 0.076826661594222939 0.07352148034477822 -0.068469330640269221 0.025203622537993395 -0.087408194080681262 -0.05169556296306245 0.0022455933186059812 0.033246152728384937 -0.060412489867882939
leaf_weight=93244.712995521244 3812.9373301838641 370.77541217365069 220.73013411415741 70.979521557106636 560.23797249623749 96.976855807763059 235.05485832015984 217.73281641746871 302.21614090018556 103.59246698860079 466.31424287066329 8694.6808315460512 3241.8331243967405 213.73167155648116
leaf_count=799311 37628 12184 1955 2373 38696 842 445 3764 4726 1665 8326 104959 22439 14352
internal_value=-4.78995e-06 0.00953905 -0.0158461 0.0343351 -0.000483261 -0.0362578 0.0159104 0.0125209 -0.03478 -0.00356456 -0.000260351 0.00714545 0.00941189 0.027423
internal_weight=111853 5334.02 1068.29 291.71 106518 657.215 4265.73 4030.67 776.584 405.809 105861 12616.6 12150.2 3455.56
internal_count=1053665 64740 22903 4328 988925 39538 41837 41392 18575 6391 949387 150076 141750 36791
is_linear=0
shrinkage=0.05


Tree=217
num_leaves=15
num_cat=0
split_feature=202 21 25 6 12 38 19 32 27 12 20 23 36 37
split_gain=198.303 958.576 948.978 610.65 821.453 783.206 743.267 620.531 554.546 553.402 809.348 653.087 548.892 797.026
threshold=1.7916666865348818 1.0000000180025095e-35 -90.075000762939439 121529948.00000001 412718.50000000006 16.500000000000004 191113.50000000003 -0.92500001192092884 -56.229999542236321 4173634.5000000005 321046.50000000006 508076.50000000006 0.34499999880790716 1.0000000180025095e-35
decision_type=2 2 2 2 2 2 2 2 2 2 2 2 2 2
left_child=-1 -2 -3 12 8 9 7 -7 -5 10 -6 -11 -4 -14
right_child=1 2 3 4 5 6 -8 -9 -10 11 -12 -13 13 -15
leaf_value=0.0013698536645317708 -0.073016382659962006 -0.06955652186332921 0.016638956892764775 0.011967005557934014 0.01345619492106527 -0.079100966803670902 -0.079134227978770899 0.0035981949606796407 -0.079872035037739209 -0.053251257785589548 -0.12359761395943523 0.015544606772728564 0.0064612000700718271 -0.015799763046295226
leaf_weight=78355.175137301907 483.97179992921883 513.78949312670738 5679.2451571332058 215.32604500185698 4518.2963612167514 285.1276143649593 631.42363989545265 1089.5420214469777 678.39141904667486 850.86645062727621 109.29835839179577 577.62142678984674 11661.221072998131 6135.1824611687334
leaf_count=784724 12643 6511 25395 1319 28887 2099 6239 4530 10896 11102 2672 10972 34469 111207
internal_value=-5.2407e-06 -0.00322977 -0.0022009 -0.00113018 -0.0122386 -0.00718624 -0.0342562 -0.0135636 -0.0577004 0.00177666 0.0101823 -0.0254067 0.00310586 -0.00121075
internal_weight=111784 33429.3 32945.3 32431.5 8955.89 8062.18 2006.09 1374.67 893.717 6056.08 4627.59 1428.49 23475.6 17796.4
internal_count=1053665 268941 256298 249787 78716 66501 12868 6629 12215 53633 31559 22074 171071 145676
is_linear=0
shrinkage=0.05


Tree=218
num_leaves=15
num_cat=0
split_feature=23 6 30 13 30 24 221 19 29 36 55 31 16 57
split_gain=195.139 655.296 546.559 444.682 524.6 447.229 418.347 404.939 393.631 955.396 889.379 642.295 460.881 464.852
threshold=-68173.999999999985 746201568.00000012 -7.7249999046325675 210000.50000000003 -53.640001296997063 211.06499481201175 34.367395401000984 -377008.99999999994 -0.38499999046325678 0.31499999761581426 15.000000000000002 3.0049999952316289 791959.00000000012 22.323066711425785
decision_type=2 2 2 2 2 2 2 2 2 2 2 2 2 2
left_child=1 3 -2 4 -1 -5 7 -6 9 11 -11 12 -4 -14
right_child=2 -3 8 5 6 -7 -8 -9 -10 10 -12 -13 13 -15
leaf_value=-0.089835015574349308 -0.076746018838171837 -0.069151361584559354 -0.058186210353029323 0.010820366289428127 0.04181496785521456 -0.034697427046779077 -0.040757307920227435 -0.042619726329183177 -0.00018914058097798292 -0.046362899272424922 -0.23405264725779512 -0.080240386356105309 0.045780447577867589 -0.084679456110715465
leaf_weight=225.71421734351316 235.75756629533134 291.04208716080757 153.46133040555287 13955.391279946343 506.76112356683007 559.91890126629733 524.44085956507479 195.7259255227109 92967.031016633235 849.26449139558827 67.498996436130255 180.13770339242183 836.62361283379141 73.182402357459068
leaf_count=2632 5229 6033 1512 56133 2017 5467 5861 3345 942060 16070 526 2944 2691 1145
internal_value=-5.76451e-06 0.00505664 -0.000869452 0.00641658 -0.0199394 0.00905883 -0.00697756 0.0181917 -0.000680073 -0.0217753 -0.0604765 0.00674457 0.02159 0.0351502
internal_weight=111622 16259 95363 15968 1452.64 14515.3 1226.93 702.487 95127.2 2160.17 916.763 1243.41 1063.27 909.806
internal_count=1053665 81488 972177 75455 13855 61600 11223 5362 966948 24888 16596 8292 5348 3836
is_linear=0
shrinkage=0.05


Tree=219
num_leaves=15
num_cat=0
split_feature=7 3 7 6 37 7 38 6 167 20 5 57 57 37
split_gain=194.183 556.183 925.461 614.799 787.082 1266.2 2312.34 481.942 458.649 481.638 449.993 1253.96 498.446 449.808
threshold=4836753.2500000009 12490000.000000002 690054.75000000012 13461225.000000002 5.5000000000000009 712176.37500000012 11.500000000000002 8340750.0000000009 5.1966750621795663 46755.500000000007 6.7349998950958261 10.418891429901125 21.917864799499515 5.5000000000000009
decision_type=2 2 2 2 2 2 2 2 2 2 2 2 2 2
left_child=1 -1 -3 -4 5 6 -5 -2 9 -9 11 -7 -12 -10
right_child=7 2 3 4 -6 10 -8 8 13 -11 12 -13 -14 -15
leaf_value=0.0001667716332413912 -0.19956524320504299 -0.057832362611979486 0.017231404295062484 1.4139422086661773 -0.047837839661937852 0.015914701273720546 -0.039921980134188406 -0.076141945550454115 0.014423251873309504 -0.0010940578042622599 0.015337271076476398 -0.14747975144887501 -0.10729408267573821 -0.0031302168990663976
leaf_weight=88788.818084244907 27.714002180844545 1054.5784291163436 1800.0616887224605 3.4599278282839787 1402.8871045654814 316.22655683022458 6.7705520882736892 338.69302356860135 9233.9370679985732 580.62515082559548 1657.1493028198602 185.19454734824831 86.159059964615153 6027.1095005577954
leaf_count=867586 191 38969 7469 89 23997 3473 213 4879 34614 3774 18180 4178 3882 42171
internal_value=-6.29305e-06 -0.000867227 -0.0149699 -0.00666979 -0.018447 -0.000126625 0.52944 0.00505254 0.00541841 -0.02885 -0.0027971 -0.0445072 0.00918979 0.00748776
internal_weight=111509 95301.3 6512.49 5457.91 3657.85 2254.96 10.2305 16208.1 16180.4 919.318 2244.73 501.421 1743.31 15261
internal_count=1053665 968036 100450 61481 54012 30015 302 85629 85438 8653 29713 7651 22062 76785
is_linear=0
shrinkage=0.05


Tree=220
num_leaves=15
num_cat=0
split_feature=38 32 35 31 17 34 37 31 153 10 6 57 57 57
split_gain=196.429 614.803 650.187 640.592 672.473 635.223 1027.79 704.244 724.715 615.894 531.8 547.459 833.101 980.741
threshold=16.500000000000004 3.1750000715255742 120.189998626709 0.36500000953674322 18645070.000000004 2.4550000429153447 8.5000000000000018 3.5049999952316289 -0.0050392497796565286 2206655.5000000005 1920322.5000000002 27.25119781494141 17.249829292297367 17.975358963012699
decision_type=2 2 2 2 2 2 2 2 2 2 2 2 2 2
left_child=-1 10 5 -4 -5 7 -7 8 -3 -9 11 12 -2 -14
right_child=1 2 3 4 -6 6 -8 9 -10 -11 -12 -13 13 -15
leaf_value=0.001407959506700232 0.0060388761499820288 -0.010178034210533947 0.062655938127123625 -0.042966951172050065 0.029673712596015395 -0.06982647302520241 0.010621090805916009 0.024479047367435613 -0.09913404713317224 -0.08266616257029924 -0.0041142391630990226 -0.081466996297790847 0.13201487519062327 0.025622172087841719
leaf_weight=76531.386503632821 6217.4240173706785 638.88629680759914 415.29155359737342 675.63613194301433 600.59199600521242 1480.2767200297239 540.68942768033594 1237.8234268627129 357.36815600789851 149.28299103979953 21216.511479988549 154.4587516321335 288.30025411397219 872.23325899080373
leaf_count=809385 52669 3757 2880 22334 2456 39091 1404 6052 4556 1565 95708 2696 917 8195
internal_value=-8.44486e-06 -0.00312075 -0.0175426 0.00878076 -0.00874669 -0.0276634 -0.0482842 -0.0101442 -0.0422051 0.0128606 -6.05327e-05 0.0113499 0.0133106 0.0521862
internal_weight=111376 34844.8 6095.85 1691.52 1276.23 4404.33 2020.97 2383.36 996.254 1387.11 28748.9 7532.42 7377.96 1160.53
internal_count=1053665 244280 84095 27670 24790 56425 40495 15930 8313 7617 160185 64477 61781 9112
is_linear=0
shrinkage=0.05


Tree=221
num_leaves=15
num_cat=1
split_feature=27 9 11 14 8 6 9 12 35 31 6 15 15 27
split_gain=198.85 641.656 659.078 561.871 489.023 611.399 583.233 927.202 560.3 868.21 540.759 534.993 506.711 1404.21
threshold=11.295000076293947 407266.50000000006 2705210.5000000005 3101333.5000000005 0 111498248.00000001 1099515.0000000002 753952.50000000012 7.0350000858306894 3.745000004768372 176523536.00000003 700010.00000000012 99999.500000000015 12.775000095367433
decision_type=2 2 2 2 1 2 2 2 2 2 2 2 2 2
left_child=-1 2 -2 -4 12 6 -6 -8 -7 -10 -11 -9 13 -3
right_child=1 4 3 -5 5 8 7 11 9 10 -12 -13 -14 -15
leaf_value=-0.0013839529840188566 -0.059041123911075868 0.088868222625373028 0.067945054021161425 -0.079108980208258017 0.025782858282439793 0.017498755629566452 -0.068343972269603454 -0.026261021617994419 -0.061252039640297566 -0.10002099396126299 0.01222689625070701 0.010213673415741663 0.0086715167184250094 -0.056939169247137336
leaf_weight=78233.081805175505 140.34932668192778 205.81603734567761 854.17889606370591 69.163125230697915 693.47002617502585 3684.0371195707121 926.69665849156445 2824.9037204488413 681.51295712718274 113.59656924003502 1674.1765943561622 1557.3717718172993 18821.768449595635 815.82967774177087
leaf_count=800348 3147 427 1303 736 9793 18131 17411 36861 11132 2345 12369 15049 109701 14912
internal_value=-9.56378e-06 0.00324094 0.0414291 0.0568022 0.0019687 -0.00592617 -0.0172803 -0.0229186 0.00514247 -0.0132718 0.00501469 -0.0132879 0.00680754 -0.0274584
internal_weight=111296 33062.9 1063.69 923.342 31999.2 12155.8 6002.44 5308.97 6153.32 2469.29 1787.77 4382.28 19843.4 1021.65
internal_count=1053665 253317 5186 2039 248131 123091 79114 69321 43977 25846 14714 51910 125040 15339
cat_boundaries=0 1
cat_threshold=2
is_linear=0
shrinkage=0.05


Tree=222
num_leaves=15
num_cat=0
split_feature=50 52 29 15 15 18 13 36 20 38 1 37 28 35
split_gain=191.177 329.273 325.552 284.33 274.803 531.298 493.068 594.717 383.375 342.803 626.708 671.182 528.125 273.19
threshold=58151.000000000007 73.500000000000014 -84.209999084472642 4316052.5000000009 2556450.0000000005 299463.00000000006 2878638.0000000005 0.73500001430511486 2617.5000000000005 11.500000000000002 96516.000000000015 7.5000000000000009 -13.184999942779539 114.15499877929689
decision_type=2 2 2 2 2 2 2 2 2 2 2 2 2 2
left_child=1 2 -1 4 9 -6 8 -8 -7 10 12 -12 -4 -11
right_child=-2 -3 3 -5 5 6 7 -9 -10 13 11 -13 -14 -15
leaf_value=-0.062708924700777754 0.035629825288309734 -0.07189473390267824 0.039105461555039606 -0.030755561630855272 -0.080135011448891902 0.19808130450453421 0.022709231419724047 -0.097738386996696999 0.046962333627748029 -0.00028964621268478066 -0.030815469958765936 0.85068645680299704 -0.019011464330454968 0.0079365169327878255
leaf_weight=205.75684964115499 374.00880749308271 158.60807767926599 427.88891168974806 741.02420279450598 117.127591166005 43.832077256403863 442.49245879537193 132.22658607945777 762.55131881107809 92053.871996059403 3.9529243410797781 3.3439140692353249 4368.33629712736 11333.450236925259
leaf_count=5450 4854 10002 2411 15934 1543 97 4196 3313 6074 684088 536 11 194894 120262
internal_value=-9.33825e-06 -0.000130417 -2.64346e-05 9.04714e-05 0.000299592 0.0215593 0.0302717 -0.00503714 0.0554737 4.52725e-06 -0.0130508 0.420965 -0.0138091 0.000611701
internal_weight=111168 110794 110636 110430 109689 1498.23 1381.1 574.719 806.383 108191 4803.52 7.29684 4796.23 103387
internal_count=1053665 1048811 1038809 1033359 1017425 15223 13680 7509 6171 1002202 197852 547 197305 804350
is_linear=0
shrinkage=0.05


Tree=223
num_leaves=15
num_cat=0
split_feature=57 38 26 126 24 6 1 38 21 6 25 29 1 17
split_gain=189.857 200.612 467.864 830.356 719.772 747.796 789.911 708.587 991.358 721.028 697.511 761.429 661.772 648.203
threshold=0.69952088594436657 14.500000000000002 61.760000228881843 4.3290429115295419 35.07500076293946 10040488.000000002 10511.500000000002 17.500000000000004 115517.50000000001 9566094.0000000019 565.97998046875011 -1.9049999713897703 46317.000000000007 1931371.5000000002
decision_type=2 2 2 2 2 2 2 2 2 2 2 2 2 2
left_child=-1 -2 3 -3 10 -6 -7 8 9 13 11 -4 -11 -5
right_child=1 2 4 7 5 6 -8 -9 -10 12 -12 -13 -14 -15
leaf_value=-0.053562089639696046 0.0024951042113329925 -0.023544988401760281 -0.08255445937090776 0.009227487858501646 0.0045994323824290204 -0.1052820834931863 -0.020740398510364681 0.011213504069989904 0.0093981354444162089 -0.014197833079365233 0.00098772585154003364 0.023770198254861281 -0.045070010157610557 -0.033565376426731651
leaf_weight=164.26048451842507 48219.208201012225 5340.9219173989841 171.53885705885477 4951.6549549053889 3455.7409564818372 309.8775151756563 2527.7322922201129 7496.6075947320787 7199.5276524887013 9947.4495837480645 11406.90197146128 6746.3486892831279 2105.3664429378114 1076.3176519203698
leaf_count=29508 626432 31166 2698 59725 35242 4662 23512 27020 30824 61533 52382 25864 24856 18241
internal_value=-9.67423e-06 6.96373e-05 -0.0017938 -0.00526432 0.00357779 -0.0110063 -0.0300241 -0.00228338 -0.006288 -0.0125369 0.00858953 0.0211149 -0.019598 0.00157406
internal_weight=111119 110955 62736 38117.8 24618.1 6293.35 2837.61 32776.9 25280.3 18080.8 18324.8 6917.89 12052.8 6027.97
internal_count=1053665 1024157 397725 253365 144360 63416 28174 222199 195179 164355 80944 28562 86389 77966
is_linear=0
shrinkage=0.05


Tree=224
num_leaves=15
num_cat=0
split_feature=7 3 7 6 6 6 38 6 38 2 208 37 7 7
split_gain=198.381 499.752 873.32 595.712 446.75 430.929 463.544 450.7 556.226 414.858 408.457 441.447 806.793 767.902
threshold=4836753.2500000009 12490000.000000002 619233.28125000012 121529948.00000001 120000200.00000001 528533008.00000006 8.5000000000000018 16485700.000000002 14.500000000000002 61229970.000000007 9.5842051506042498 5.5000000000000009 54540446.000000007 7037426.7500000009
decision_type=2 2 2 2 2 2 2 2 2 2 2 2 2 2
left_child=1 9 -3 4 -4 7 -7 8 -2 -1 -9 -12 13 -13
right_child=5 2 3 -5 -6 6 -8 10 -10 -11 11 12 -14 -15
leaf_value=0.0003026757887520935 0.0087872978581398069 -0.058610172059547452 -0.001678209092229278 -0.050050300139676956 0.18300490957799792 0.11211564866888363 -0.038562212221013276 -0.025216220831389136 -0.12173311234491957 -0.057202079112675275 0.017424361174481314 0.023180764647902499 0.038378667003709628 -0.023184624687475845
leaf_weight=88111.96482718717 177.00341438595206 948.57215841827565 4768.6892510617326 690.4602751818602 31.97058562876191 53.346492661396042 814.62866944426787 853.42168360028882 149.26259347423911 313.75816490952275 8621.6348370454507 1240.6288361179177 1061.9460579316365 3174.1844000179553
leaf_count=858514 424 36786 41204 21884 576 422 17893 7164 914 9072 24937 6954 2659 24262
internal_value=-8.97105e-06 -0.000881432 -0.0143281 -0.00666019 -0.000400019 0.00511377 -0.0291255 0.00706402 -0.0509609 9.74235e-05 0.00833686 0.0103731 -0.000719108 -0.0101416
internal_weight=111011 94865.4 6439.69 5491.12 4800.66 16146.1 867.975 15278.1 326.266 88425.7 14951.8 14098.4 5476.76 4414.81
internal_count=1053665 968036 100450 63664 41780 85629 18315 67314 1338 867586 65976 58812 33875 31216
is_linear=0
shrinkage=0.05


Tree=225
num_leaves=15
num_cat=0
split_feature=27 25 18 57 57 1 32 36 36 12 0 54 34 37
split_gain=190.15 494.114 616.122 577.259 268.778 268.485 257.284 842.726 907.342 808.445 955.19 993.911 864.325 832.134
threshold=1048.529968261719 1206.850036621094 306640.50000000006 15.073237895965578 15.174538135528566 46413.500000000007 1.6250000000000002 1.3550000190734866 1.294999957084656 2491538.0000000005 91.500000000000014 6261.5000000000009 4.6050000190734872 7.5000000000000009
decision_type=2 2 2 2 2 2 2 2 2 2 2 2 2 2
left_child=6 2 -2 5 -5 -4 -1 8 9 10 11 13 -12 -8
right_child=1 -3 3 4 -6 -7 7 -9 -10 -11 12 -13 -14 -15
leaf_value=0.0018669759826637226 0.073908163808035096 -0.07948347138951288 0.022240276886524649 -0.45770789450802785 -0.089914201348878522 -0.095332660103822728 -0.044475805945636042 0.0038331888806350601 -0.084035014976020436 0.0043093486900603354 0.0056985696153215547 0.017649837175720062 -0.11621885083448927 -0.014219894691212912
leaf_weight=61758.957461672777 448.63345664634835 121.29345876240404 891.36117553556687 4.4401679446455082 92.311292703379877 50.242507880844641 4610.4889762628591 23042.660705647635 400.65818855573889 8362.7742834790115 5179.2400401639752 1269.1202462380752 148.55522622587159 4495.8639572052052
leaf_count=497281 997 2124 4873 78 2300 1138 152012 254164 11641 87943 10421 2982 742 24969
internal_value=-8.76392e-06 0.0170527 0.0250088 0.0037824 -0.111814 0.0158192 -0.000260496 -0.0030271 -0.00949003 -0.00824347 -0.0149315 -0.0237679 0.00226858 -0.029547
internal_weight=110877 1608.28 1486.99 1038.36 96.7515 941.604 109268 47509.4 24466.7 24066 15703.3 10375.5 5327.8 9106.35
internal_count=1053665 11510 9386 8389 2378 6011 1042155 544874 290710 279069 191126 179963 11163 176981
is_linear=0
shrinkage=0.05


Tree=226
num_leaves=15
num_cat=0
split_feature=56 121 19 57 28 79 57 57 38 1 16 9 23 21
split_gain=189.194 463.817 262.736 216.854 213.615 377.204 229.754 284.81 248.338 195.616 742.694 786.995 705.046 774.317
threshold=12.500000000000002 2.0326928496360783 -202167.49999999997 9.1676936149597186 6.3250000476837167 0.057880900800228126 13.466119289398195 10.334017753601076 15.500000000000002 29170.000000000004 3649227.0000000005 6830982.0000000009 -425451.49999999994 466937.00000000006
decision_type=2 2 2 2 2 2 2 2 2 2 2 2 2 2
left_child=9 3 -3 -2 5 6 7 8 -4 10 12 -12 -1 -14
right_child=1 2 4 -5 -6 -7 -8 -9 -10 -11 11 -13 13 -15
leaf_value=-0.031240850260439729 -0.02822560492289344 0.030230215390954641 0.0099088796187256044 -0.11857233414128701 0.025690657437790809 -0.10827382782172545 0.016989623246962116 -0.16328222428367967 -0.10483495500791916 0.0020784580744951263 -0.05950300398248648 -0.008863317174871219 -0.00052369240410804995 0.03229407259649527
leaf_weight=1771.1823740967666 127.22843180061318 376.65030352026224 156.68025072105229 144.08795771643054 199.18407948687673 132.85890613310039 280.5705326795578 43.571053948253393 65.989235118031502 62056.78293359415 1083.1321369279467 2637.1820046895882 39684.188734356881 1881.5542004311574
leaf_count=8984 625 814 332 1395 352 966 412 223 269 635427 32503 46099 320206 5058
internal_value=-9.6776e-06 -0.0174831 -0.00460672 -0.0766489 -0.019611 -0.0329788 -0.0144288 -0.0476651 -0.0241892 0.000234526 -0.00219609 -0.023632 -0.000354239 0.000961406
internal_weight=110641 1526.82 1255.5 271.316 878.854 679.67 546.811 266.241 222.669 109114 47057.2 3720.31 43336.9 41565.7
internal_count=1053665 5388 3368 2020 2554 2202 1236 824 601 1048277 412850 78602 334248 325264
is_linear=0
shrinkage=0.05


Tree=227
num_leaves=15
num_cat=0
split_feature=27 6 21 69 30 16 11 25 57 37 6 6 30 17
split_gain=190.636 683.789 383.913 368.139 354.653 331.115 684.175 641.553 600.223 700.406 656.791 598.906 553.464 653.483
threshold=-86.93999862670897 229743688.00000003 13432.500000000002 -0.026638542301952835 -97.735000610351548 2759884.5000000005 5556813.0000000009 7.6549999713897714 11.40451765060425 6.5000000000000009 814129.46875000012 606467.00000000012 12.234999656677248 2614174.5000000005
decision_type=2 2 2 2 2 2 2 2 2 2 2 2 2 2
left_child=1 2 -1 -3 -4 -2 -7 -8 10 -10 11 -9 13 -11
right_child=5 3 4 -5 -6 6 7 8 9 12 -12 -13 -14 -15
leaf_value=-0.075438511273371922 0.00070437625076986575 0.030735536391686927 -0.10413282052182266 -0.082442302968215281 0.020143877165686039 -0.060669595218156395 0.0060790579883678742 -0.025888402920649312 -0.051481036587729484 0.012070259670017701 0.0092654929819350595 -0.16137434529718037 0.019447726784310782 -0.058167879675189008
leaf_weight=110.92685161344707 90773.798545972764 94.585796188563108 57.139690508134663 285.23448785280925 4013.8095625556307 576.07114064946654 6806.3178745991318 557.69273451823392 1797.058547961642 549.15381031052675 3086.2259012145078 95.009718786692247 948.93016014707973 828.20135127022513
leaf_count=5097 783759 448 414 4415 19870 24162 86788 12813 77663 1875 20554 601 4194 11012
internal_value=-9.13142e-06 0.0099976 0.0158446 -0.0541199 0.0183621 -0.000440257 -0.00725881 -0.00515384 -0.014884 -0.028037 -0.000361637 -0.0459034 -0.00989067 -0.0301391
internal_weight=110580 4561.7 4181.88 379.82 4070.95 106018 15244.7 14668.6 7862.27 4123.34 3738.93 652.702 2326.29 1377.36
internal_count=1053665 30244 25381 4863 20284 1023421 239662 215500 128712 94744 33968 13414 17081 12887
is_linear=0
shrinkage=0.05


Tree=228
num_leaves=15
num_cat=0
split_feature=23 6 30 13 30 24 115 31 1 11 121 38 12 10
split_gain=187.151 582.703 506.057 401.275 474.695 399.655 374.561 662.722 1580.56 885.053 581.632 508.178 1027.51 594.234
threshold=-68173.999999999985 746201568.00000012 -7.7249999046325675 210000.50000000003 -53.640001296997063 211.06499481201175 1.1835001111030581 -19.14999961853027 46103.500000000007 10773881.500000002 6.1526658535003671 19.500000000000004 945900.50000000012 7395760.5000000009
decision_type=2 2 2 2 2 2 2 2 2 2 2 2 2 2
left_child=1 3 -2 4 -1 6 -5 8 9 -8 -10 13 -13 -9
right_child=2 -3 -4 5 -6 -7 7 11 10 -11 -12 12 -14 -15
leaf_value=-0.086849119085717769 -0.075497349989377141 -0.067287737837446501 -0.00067867871006722967 0.022412130157757611 -0.0067118393039601529 -0.033000670044853596 -0.13580970561558134 0.021915246518581736 0.02316328914177157 -0.0064110233082545877 -0.12904362400971928 -0.12390839666523781 0.0078669191278431094 -0.015026766623941005
leaf_weight=217.97478593021515 225.56520759117848 273.05006159679033 94160.747364549316 4422.4318887423433 1197.5202546616783 549.81262404413428 375.7079340966884 5719.5913098445744 946.98036236106418 204.98702012916328 66.159289947594516 203.83122288808227 529.98789206315996 1341.978810564382
leaf_count=2632 5229 6033 966948 17923 11223 5467 2900 18133 2541 1134 508 1253 1186 10555
internal_value=-9.56559e-06 0.00498126 -0.000858809 0.00623936 -0.0191402 0.00874547 0.0104132 0.00475443 -0.024604 -0.0903071 0.0130572 0.0107658 -0.0287868 0.0148866
internal_weight=110436 16050 94386.3 15777 1415.5 14361.5 13811.7 9389.22 1593.83 580.695 1013.14 7795.39 733.819 7061.57
internal_count=1053665 81488 972177 75455 13855 61600 56133 38210 7083 4034 3049 31127 2439 28688
is_linear=0
shrinkage=0.05


Tree=229
num_leaves=15
num_cat=0
split_feature=35 10 37 52 1 54 25 24 20 57 33 16 15 12
split_gain=188.898 508.919 1172.93 728.686 542.758 527.646 514.023 621.175 492.619 471.347 468.646 517.001 623.279 520.741
threshold=53.664999008178718 1291400.0000000002 7.5000000000000009 6.5000000000000009 26564.500000000004 1138.5000000000002 16.654999732971195 6.8550000190734872 300716.00000000006 10.161532878875734 33.555000305175788 998507.50000000012 642110.00000000012 6230210.0000000009
decision_type=2 2 2 2 2 2 2 2 2 2 2 2 2 2
left_child=-1 4 3 6 -2 -5 7 8 -3 -9 -4 13 -13 -12
right_child=1 2 10 5 -6 -7 -8 9 -10 -11 11 12 -14 -15
leaf_value=-0.00087929796063221464 -0.020035609508938682 -0.067793079507477622 0.00071539622165786359 0.033029271058185594 0.018796467833869793 -0.25757350547731578 -0.046394218319059356 0.035460158322855297 0.012512582678381002 -0.047482326002528906 -0.037593687241795619 0.073601001714333716 -0.034740418137698237 0.049190605781455954
leaf_weight=93763.312622099445 1028.7999024380115 572.93254942368367 2103.1029445825843 680.26828625285998 7079.9050664995011 14.962549120187758 2050.8767451002204 769.13045340543613 284.35147925998899 218.94208203494782 375.91283550718799 903.56719678011723 154.29657238582149 318.17883962485939
leaf_count=823712 16060 21275 8294 13114 79406 108 63650 7072 4576 10202 3263 1069 1042 822
internal_value=-9.45129e-06 0.00491381 -0.00367081 -0.0207465 0.0138616 0.0263422 -0.0291663 -0.0099778 -0.0411148 0.0170014 0.0166539 0.0357471 0.0577336 0.00213074
internal_weight=110319 16555.2 8446.52 4591.46 8108.7 695.231 3896.23 1845.36 857.284 988.073 3855.06 1751.96 1057.86 694.092
internal_count=1053665 229953 134487 119997 95466 13222 106775 43125 25851 17274 14490 6196 2111 4085
is_linear=0
shrinkage=0.05


Tree=230
num_leaves=15
num_cat=0
split_feature=38 50 25 38 19 57 1 55 27 58 15 25 38 37
split_gain=182.686 460.787 441.7 426.406 1406.53 583.359 743.591 1031.01 608.483 542.085 520.635 531.101 517.213 566.186
threshold=14.500000000000002 6691.0000000000009 -96.29000091552733 15.500000000000002 116267.00000000001 5.4140999317169198 10125.500000000002 15.000000000000002 -92.225002288818345 0.18701888993382457 550010.00000000012 412.70999145507818 16.500000000000004 6.5000000000000009
decision_type=2 2 2 2 2 2 2 2 2 2 2 2 2 2
left_child=2 3 -1 4 5 -2 7 -7 -8 -9 -6 -12 13 -5
right_child=1 -3 -4 12 10 6 8 9 -10 -11 11 -13 -14 -15
leaf_value=-0.082752920675031649 0.0002045136220974758 -0.051510115971514718 0.0025787306163307373 0.017536378280685765 0.01119317157178672 -0.055031415410691877 0.039374695580023406 -0.11413324025814571 -0.036040979548187829 -0.38812135100872808 -0.047232500601294136 0.018561432821929163 -0.002541471253839727 -0.0027530488635973973
leaf_weight=151.10267939095502 1452.2045703066397 461.72637546138139 47858.548003000047 8033.8136551577481 6202.5399630390457 200.74508238281123 285.3073890870437 33.822565335780382 3977.7299569675233 42.65826328098774 843.18473815330071 479.74524988624034 34208.684237507056 6003.6221651850501
leaf_count=3475 10048 6589 648997 36939 27971 2582 582 237 36788 389 6839 2635 241308 28286
internal_value=-9.41798e-06 -0.00179775 0.0023074 -0.00142448 -0.00927297 -0.0273462 -0.0361674 -0.115451 -0.0309739 -0.270636 0.00511364 -0.0233393 0.000773675 0.00885572
internal_weight=110235 62225.8 48009.7 61764.1 13517.9 5992.47 4540.26 277.226 4263.04 76.4808 7525.47 1322.93 48246.1 14037.4
internal_count=1053665 401193 652472 394604 88071 50626 40578 3208 37370 626 37445 9474 306533 65225
is_linear=0
shrinkage=0.05


Tree=231
num_leaves=15
num_cat=0
split_feature=7 3 7 6 6 7 6 38 6 38 6 38 2 59
split_gain=183.063 456.299 829.398 505.551 398.82 430.772 400.503 529.407 391.68 412.067 409.528 491.457 380.876 380.146
threshold=4836753.2500000009 12490000.000000002 353542.84375000006 121529948.00000001 104358000.00000001 3536529.7500000005 13461225.000000002 14.500000000000002 528533008.00000006 8.5000000000000018 16485700.000000002 14.500000000000002 61229970.000000007 0.075133547186851515
decision_type=2 2 2 2 2 2 2 2 2 2 2 2 2 2
left_child=1 12 -3 4 6 -6 -4 -8 10 -10 11 -2 -1 -12
right_child=8 2 3 -5 5 -7 7 -9 9 -11 13 -13 -14 -15
leaf_value=0.00028736679563195133 0.0081778759988654394 -0.06956560637278443 0.011235630545265539 -0.048269292277169973 0.034441701704274456 0.24937176566083474 -0.0060763355114113026 -0.057004306974316993 0.10484502025253756 -0.036761303047007185 -0.02366875745434582 -0.11455676660800534 -0.055226263696031119 0.010040479769635379
leaf_weight=87405.80984609673 175.00373431527987 601.83119706486468 1970.6737241729861 683.88034719364077 283.87461025113589 24.595401498489082 2169.6652906984091 667.5268491373281 53.733172208536416 810.22759687021608 887.93718203302706 150.42830723710358 309.06865049910266 13955.822087190754
leaf_count=858514 424 27168 10919 22143 3024 116 25206 11874 422 17893 7491 914 9072 58485
internal_value=-7.71961e-06 -0.000849492 -0.0137351 -0.00792247 -0.00251132 0.0524908 -0.00606081 -0.018092 0.00493023 -0.0277854 0.00679855 -0.0485792 9.05638e-05 0.0080192
internal_weight=110150 94116.9 6402.05 5800.22 5116.34 308.47 4807.87 2837.19 16033.2 863.961 15169.2 325.432 87714.9 14843.8
internal_count=1053665 968036 100450 73282 51139 3140 47999 37080 85629 18315 67314 1338 867586 65976
is_linear=0
shrinkage=0.05


Tree=232
num_leaves=15
num_cat=0
split_feature=7 1 38 54 18 6 9 38 33 185 19 57 1 27
split_gain=186.303 446.711 327.154 704.663 600.813 403.265 384.276 370.185 1291.44 886.8 677.204 656.313 800.531 694.029
threshold=92831288.000000015 46317.000000000007 19.500000000000004 2419.0000000000005 452567.50000000006 10040488.000000002 2363294.5000000005 17.500000000000004 3.7549999952316289 5.1219298839569101 167772.50000000003 7.5852155685424814 20412.000000000004 45.965000152587898
decision_type=2 2 2 2 2 2 2 2 2 2 2 2 2 2
left_child=2 -2 7 5 -5 6 -4 -1 10 -10 -9 12 -11 -13
right_child=1 -3 3 4 -6 -7 -8 8 9 11 -12 13 -14 -15
leaf_value=-0.00068578215732653755 0.023959341024394575 -0.083820060282494946 0.039609806001623123 -0.050283767291979378 0.0059329395804190756 -0.023463238926509575 -0.037485392374690785 0.02560622701973916 -0.07711409613422722 -0.080300394379795345 -0.046763797690587944 -0.01600715891639538 0.033395449222717616 -0.12210985997727429
leaf_weight=94523.166092658052 1487.0618086527975 101.6393681296031 961.54135557284462 1543.4515255732113 684.0951497721253 612.68264224362792 192.77661667810753 6379.3894975545118 508.16109301603865 176.35356152383611 339.14108448033221 1149.2996913737152 1210.2752635188517 177.43419855483808
leaf_count=991451 4841 1555 3435 10201 2100 3428 1409 16902 4482 1711 1840 5407 3680 1223
internal_value=-8.09037e-06 0.0169842 -0.00025761 -0.0142991 -0.0330019 0.00925526 0.02667 0.000278974 0.00945733 -0.0165571 0.0219392 -0.00517325 0.018852 -0.030316
internal_weight=110046 1588.7 108458 3994.55 2227.55 1767 1154.32 104463 9940.05 3221.52 6718.53 2713.36 1386.63 1326.73
internal_count=1053665 6396 1047269 20573 12301 8272 4844 1026696 35245 16503 18742 12021 5391 6630
is_linear=0
shrinkage=0.05


Tree=233
num_leaves=15
num_cat=0
split_feature=0 50 52 29 57 23 6 30 115 31 35 9 18 36
split_gain=180.713 191.658 303.033 291.727 239.348 230.935 503.078 468.038 375.662 666.759 356.923 875.249 477.635 342.721
threshold=29.500000000000004 58151.000000000007 73.500000000000014 -84.209999084472642 28.93223857879639 -68173.999999999985 746201568.00000012 -7.7249999046325675 1.1835001111030581 -19.14999961853027 83.630001068115249 407266.50000000006 1781376.5000000002 0.67500001192092907
decision_type=2 2 2 2 2 2 2 2 2 2 2 2 2 2
left_child=-1 2 3 -2 -3 6 8 -7 13 -10 12 -12 -9 -5
right_child=1 4 -4 5 -6 7 -8 10 9 -11 11 -13 -14 -15
leaf_value=-0.058446328050338885 -0.061572701617931852 -0.022117112706938367 -0.071700496371752506 0.0050944629260602798 0.064810136776977431 -0.074750105993242527 -0.066367710455158491 -0.0006624804930983766 -0.026784449023794954 0.007203346579427442 -0.042252217852838461 0.011556651181725512 -0.014931889220940393 0.031855045835620092
leaf_weight=131.13130623206962 190.78251288579486 115.80546143418178 146.39628046457074 2394.0832853909815 241.94622493651696 212.42326877871528 236.72477659813012 75665.950275193085 1725.2207816539158 8788.4883891521313 812.86369404310244 10530.288411162954 6357.1478966609575 2401.9262807272025
leaf_count=9612 5255 2656 9637 11888 1007 5088 5106 654021 8187 38210 22493 150188 120477 9840
internal_value=-7.19891e-06 6.2657e-05 -5.64657e-05 3.96779e-05 0.0365489 0.000148416 0.00579179 -0.00078865 0.00691508 0.00161943 -0.000619041 0.00769285 -0.0017692 0.0185109
internal_weight=109951 109820 109462 109316 357.752 109125 15546.4 93578.7 15309.7 10513.7 93366.3 11343.2 82023.1 4796.01
internal_count=1053665 1044053 1040390 1030753 3663 1025498 73231 952267 68125 46397 947179 172681 774498 21728
is_linear=0
shrinkage=0.05


Tree=234
num_leaves=15
num_cat=0
split_feature=27 27 9 28 26 35 9 35 20 26 57 30 11 17
split_gain=186.42 591.257 545.76 630.095 438.676 408.971 628.78 540.261 722.077 854.601 659.3 873.475 519.15 517.07
threshold=5.1449999809265146 3.4750000238418584 330077.50000000006 6.9149999618530282 -97.139999389648423 89.849998474121108 1389897.5000000002 14.694999694824221 14019.500000000002 27.98499965667725 25.715263366699222 36.085000991821296 3732905.0000000005 9783167.0000000019
decision_type=2 2 2 2 2 2 2 2 2 2 2 2 2 2
left_child=1 4 3 -2 -1 7 -7 13 10 -10 -9 -12 -11 -4
right_child=2 -3 5 -5 -6 6 -8 8 9 12 11 -13 -14 -15
leaf_value=-0.10891629404199077 -0.045484672753837684 -0.056530626372120835 -0.00044694558699459201 0.064339525175754753 -0.00095614506541659818 0.063444347734345499 -0.0010408829819555051 0.0050002868124947655 -0.06294624346671672 -0.071251861770077529 -0.042250864603930745 0.64335473687839151 -0.0022373586420009793 0.014636747367084436
leaf_weight=93.224334480124526 160.89832899649628 483.27058609062806 19818.444665830059 669.21359666797798 72672.897817637451 671.90640107641229 859.14747090883611 2777.0788665110595 1128.0682907859155 309.51861091371393 8.7260361437802203 8.3773560952395201 2240.6431473018893 7960.7480908567377
leaf_count=1783 2257 8316 120242 1806 757759 4445 15190 19881 29804 7583 466 9 22962 61162
internal_value=-7.22023e-06 -0.00146382 0.00290553 0.0429633 -0.00109664 0.00197366 0.0272489 0.000841633 -0.0121648 -0.0267205 0.00698102 0.307789 -0.010658 0.00387419
internal_weight=109862 73249.4 36612.8 830.112 72766.1 35782.7 1531.05 34251.6 6472.41 3678.23 2794.18 17.1034 2550.16 27779.2
internal_count=1053665 767858 285807 4063 759542 281744 19635 262109 80705 60349 20356 475 30545 181404
is_linear=0
shrinkage=0.05


Tree=235
num_leaves=15
num_cat=0
split_feature=27 25 18 57 25 26 32 29 29 115 54 35 34 32
split_gain=180.491 449.807 552.695 529.162 256.326 278.328 250.871 736.672 834.072 850.969 914.702 861.696 1050.32 983.654
threshold=1048.529968261719 1206.850036621094 306640.50000000006 15.073237895965578 37.440000534057624 -18.654999732971188 1.6250000000000002 2.0849999189376835 2.054999947547913 2.1890001296997075 7097.0000000000009 3.8349999189376835 1.235000014305115 1.7549999952316286
decision_type=2 2 2 2 2 2 2 2 2 2 2 2 2 2
left_child=6 2 -2 4 5 -4 -1 8 9 10 -8 12 -11 -13
right_child=1 -3 3 -5 -6 -7 7 -9 -10 11 -12 13 -14 -15
leaf_value=0.0018540067413396512 0.071391873529883118 -0.077876125092979823 -0.080827710966614619 -0.10778067018789145 -0.058753185106208 0.032745224184385198 -0.0094511105781709282 0.00073270715908818726 -0.12062210670507097 -0.017375149241452042 0.037219461740074934 -0.10840272611198716 -0.093886959153218888 -0.0077305679078753216
leaf_weight=61250.027751977759 436.00978393177502 115.1876179119572 56.787262923025992 94.573339426904568 101.65320040800725 778.62949639989529 3962.396659280872 34625.114522270218 178.1777455919073 958.66236939677037 1426.9340171947842 254.9936104711669 846.09655499656219 4704.2890979162767
leaf_count=497281 997 2124 1667 2378 1463 2881 45507 428550 2616 4989 3056 3613 10141 46402
internal_value=-7.71856e-06 0.0167484 0.024257 0.00423783 0.0156994 0.0248779 -0.000253441 -0.00300343 -0.0134972 -0.0119128 0.0029012 -0.023722 -0.0533048 -0.0129378
internal_weight=109790 1582.84 1467.65 1031.64 937.07 835.417 108207 46956.7 12331.6 12153.4 5389.33 6764.04 1804.76 4959.28
internal_count=1053665 11510 9386 8389 6011 4548 1042155 544874 116324 113708 48563 65145 15130 50015
is_linear=0
shrinkage=0.05


Tree=236
num_leaves=15
num_cat=0
split_feature=57 38 34 57 20 33 22 24 53 30 19 38 18 26
split_gain=179.227 180.321 436.061 724.974 765.491 862.654 824.135 869.697 956.6 679.484 637.833 613.934 598.337 1005.57
threshold=0.69952088594436657 14.500000000000002 3.185000061988831 10.079397678375246 8007.5000000000009 5.055000066757203 -370898.99999999994 18.345000267028812 1.0000000180025095e-35 11.055000305175783 434605.00000000006 13.500000000000002 558558.50000000012 22.015000343322757
decision_type=2 2 2 2 2 2 2 2 2 2 2 2 2 2
left_child=-1 2 -2 10 5 -5 11 8 -8 -9 12 -6 -4 -14
right_child=1 -3 3 4 6 -7 7 9 -10 -11 -12 -13 13 -15
leaf_value=-0.053358523616640618 0.005590912194439232 -0.0017123358406978149 0.009990842471730467 0.11607865445254845 0.05827973801437665 -0.00071553356430556101 -0.047756873225828 0.015068040153121909 -0.19007020303033914 -0.044564964435989105 0.020359556051562998 -0.065626869373689167 -0.067342802947552474 -0.001530570191983507
leaf_weight=156.19785221133498 32857.869688810693 61846.360499680726 2604.5405491917045 187.11329985928023 433.02883931406541 985.72265516396146 2152.3017492126964 1128.0774404154799 124.4100387096405 826.23065616522217 3649.5569206434011 128.6582966465503 879.63185928104213 1707.444194421696
leaf_count=29508 337252 397725 27333 1756 4036 14174 97460 23707 701 36236 36149 2471 22350 22807
internal_value=-7.77214e-06 6.83532e-05 0.00237989 -0.00474226 -0.0182113 0.0179581 -0.0270747 -0.0346346 -0.0556355 -0.0101276 0.00434126 0.029743 -0.00691127 -0.0239441
internal_weight=109667 109511 47664.6 14806.7 5965.54 1172.84 4792.71 4231.02 2276.71 1954.31 8841.17 561.687 5191.62 2587.08
internal_count=1053665 1024157 626432 289180 180541 15930 164611 158104 98161 59943 108639 6507 72490 45157
is_linear=0
shrinkage=0.05


Tree=237
num_leaves=15
num_cat=0
split_feature=21 14 13 15 6 24 9 53 57 10 23 20 15 57
split_gain=174.525 514.486 487.092 708.574 698.354 688.97 605.549 716.067 569.927 567.032 792.217 565.99 759.643 555.848
threshold=248496.00000000003 2318593.5000000005 3248795.0000000005 979637.00000000012 360444.00000000006 10.335000038146974 912964.50000000012 1.0000000180025095e-35 30.78850078582764 3522608.5000000005 150212.50000000003 3474.0000000000005 599999.50000000012 5.6358656883239755
decision_type=2 2 2 2 2 2 2 2 2 2 2 2 2 2
left_child=2 -2 8 4 6 -6 -4 -8 9 -1 11 12 -11 -12
right_child=1 -3 3 -5 5 -7 7 -9 -10 10 13 -13 -14 -15
leaf_value=-0.00041661109010752284 -0.063978100352516512 0.0053933369050422576 0.012506104454811266 -0.060841302500483058 -0.021765740490723412 0.013359946853577241 -0.049241171249809118 -0.18331498886290698 -0.034039240013354358 -0.064576708755217815 0.025049067279832943 0.018364466838131373 0.084815218378294477 -0.042128171784717887
leaf_weight=77047.750146644976 270.10903747961856 18453.681436591185 277.19146636640653 706.90162217867328 2441.5188494537142 3256.5483328165137 506.11671111657051 124.07529612258077 1199.0894534501422 96.177439372928347 489.47161236469401 3176.1195332597854 676.8547409325256 824.1139549916843
leaf_count=743745 6258 148963 2290 12961 19585 21332 11523 698 28559 2378 3812 18607 1529 31425
internal_value=-8.27159e-06 0.00438655 -0.000914895 -0.0132883 -0.00818331 -0.00168318 -0.0489002 -0.0759661 0.00016811 0.000667453 0.016545 0.0277364 0.0661045 -0.0170584
internal_weight=109546 18723.8 90821.9 7312.35 6605.45 5698.07 907.383 630.192 83509.6 82310.5 5262.74 3949.15 773.032 1313.59
internal_count=1053665 155221 898444 68389 55428 40917 14511 12221 830055 801496 57751 22514 3907 35237
is_linear=0
shrinkage=0.05


Tree=238
num_leaves=15
num_cat=0
split_feature=27 6 21 12 30 16 11 25 15 37 9 125 24 19
split_gain=172.442 614.139 356.815 329.547 301.573 275.059 617.996 585.543 546.247 609.074 1001.33 634.23 503.864 588.97
threshold=-86.93999862670897 229743688.00000003 13432.500000000002 5004506.5000000009 -97.735000610351548 2759884.5000000005 5556813.0000000009 7.6549999713897714 2702505.0000000005 7.5000000000000009 5851865.0000000009 0.78564161062240612 -46.645000457763665 559808.50000000012
decision_type=2 2 2 2 2 2 2 2 2 2 2 2 2 2
left_child=1 2 -1 -3 -4 -2 -7 12 9 10 -9 -12 -8 -14
right_child=5 3 4 -5 -6 6 7 8 -10 -11 11 -13 13 -15
leaf_value=-0.075547624382208967 0.00062511125301005477 -0.085358350333056915 -0.09729530807355781 0.016184856575153148 0.019163613715023384 -0.058598804641298567 0.04458215410426869 -0.074301085169749842 -0.05932557145491324 0.0036203790267955618 -0.041331201720113675 0.009894069953878341 -0.015060076321928052 0.016375897679275952
leaf_weight=104.5482752911048 90035.477373132919 246.18755487343878 55.272292681504041 116.53850748087279 3950.1634028713452 551.4757299128396 753.43427709548268 804.31523540761555 614.1997008517792 3753.9576204911573 994.58463188620226 1534.0026215450343 2877.4588711314718 3087.3443779182562
leaf_count=5097 783759 3977 414 886 19870 24162 2960 38140 19785 14471 24535 31781 38987 44841
internal_value=-7.8557e-06 0.00960555 0.0151228 -0.0526418 0.0175202 -0.0004179 -0.00669362 -0.00470107 -0.0141131 -0.0101798 -0.0257347 -0.0102433 0.00608088 0.00120262
internal_weight=109479 4472.71 4109.98 362.726 4005.44 105006 14970.8 14419.3 7701.06 7086.86 3332.9 2528.59 6718.24 5964.8
internal_count=1053665 30244 25381 4863 20284 1023421 239662 215500 128712 108927 94456 56316 86788 83828
is_linear=0
shrinkage=0.05


Tree=239
num_leaves=15
num_cat=1
split_feature=27 27 9 11 14 26 35 9 35 8 20 25 17 19
split_gain=174.265 522.197 478.194 654.78 504.938 411.326 381.386 551.387 425.132 637.583 861.565 547.854 468.342 487.616
threshold=5.1449999809265146 3.4750000238418584 407266.50000000006 2705210.5000000005 2422907.0000000005 -97.139999389648423 89.849998474121108 1389897.5000000002 14.694999694824221 0 30468.500000000004 -24.935000419616696 9783167.0000000019 527805.50000000012
decision_type=2 2 2 2 2 2 2 2 2 1 2 2 2 2
left_child=1 5 3 -2 -5 -1 8 -8 12 10 -10 -11 13 -4
right_child=2 -3 6 4 -6 -7 7 -9 9 11 -12 -13 -14 -15
leaf_value=-0.10823861356952919 -0.059319025307405564 -0.053547633014041557 0.00039253660016759213 0.07891534620171041 -0.00080859629601488553 -0.00094054770569365208 0.060483799570845737 -0.00011819848331873391 -0.013311170779282894 -0.048839771747986302 -0.092142974134323763 0.0043788033723746646 0.013780179124839909 -0.057898033006121577
leaf_weight=88.438451375463046 152.10450696607586 476.28993095221813 19203.350077769253 597.38190965238027 295.40215276158415 72429.508400951483 663.92398194025736 858.04260821887874 1108.5707879135152 544.90028598031495 504.83444680963294 4231.3096693206753 7819.0442142454267 364.58328543097014
leaf_count=1783 3590 8316 113321 724 1394 757759 4223 15190 6496 14621 12479 46555 61162 6052
internal_value=-8.43127e-06 -0.00141739 0.00281999 0.0361414 0.0525092 -0.00107358 0.00183122 0.0263076 0.000726088 -0.0108844 -0.0380504 -0.00169119 0.00343704 -0.000693862
internal_weight=109338 72994.2 36343.4 1044.89 892.784 72517.9 35298.6 1521.97 33776.6 6389.62 1613.41 4776.21 27387 19567.9
internal_count=1053665 767858 285807 5708 2118 759542 280099 19413 260686 80151 18975 61176 180535 119373
cat_boundaries=0 1
cat_threshold=4
is_linear=0
shrinkage=0.05


Tree=240
num_leaves=15
num_cat=0
split_feature=7 1 57 57 38 54 18 6 7 57 12 57 178 38
split_gain=171.89 405.51 433.958 376.895 293.607 636.959 538.932 369.587 364.396 660.002 349.42 346.71 384.976 334.844
threshold=92831288.000000015 10355.000000000002 12.80903482437134 22.449007987976078 19.500000000000004 2419.0000000000005 452567.50000000006 10040488.000000002 88574860.000000015 20.381930351257328 6412226.0000000009 15.530458927154543 1.7347803115844729 17.500000000000004
decision_type=2 2 2 2 2 2 2 2 2 2 2 2 2 2
left_child=4 2 -2 -4 8 7 11 10 13 -10 -6 -7 -13 -1
right_child=1 -3 3 -5 5 6 -8 -9 9 -11 -12 12 -14 -15
leaf_value=-0.0005708342229059953 0.056649582180457174 -0.008261260783964948 -0.14340883401423085 0.057468113415021262 0.034882372398825974 -0.060674265270010699 0.0058622281980720975 -0.022502911553925295 0.013081125177312672 -0.26932751976929542 -0.057072631035497125 0.032772432241485169 -0.075064345067085869 0.0091390668816144632
leaf_weight=93825.487684236999 669.48849981836975 805.86202913915622 53.609218247467652 39.610026806592941 1031.2940309286641 1185.7838505358086 675.06802003830671 608.02263538795523 49.38603696692735 34.11295268102549 113.51845590933226 236.65189724741504 125.89756354159908 9805.3443841356784
leaf_count=990918 729 5089 484 94 4012 7825 2100 3428 216 324 832 583 1793 35238
internal_value=-8.50805e-06 0.0164182 0.0425362 -0.057819 -0.000248386 -0.0135805 -0.0313482 0.00893369 0.000262388 -0.103525 0.0256787 -0.0475974 -0.0046405 0.000347494
internal_weight=109259 1568.57 762.708 93.2192 107691 3976.24 2223.4 1752.84 103714 83.499 1144.81 1548.33 362.549 103631
internal_count=1053665 6396 1307 578 1047269 20573 12301 8272 1026696 540 4844 10201 2376 1026156
is_linear=0
shrinkage=0.05


Tree=241
num_leaves=15
num_cat=0
split_feature=38 22 23 6 1 18 57 57 1 1 18 30 53 1
split_gain=171.823 552.136 658.5 479.118 739.936 696.02 843.575 726.89 850.771 898.835 563.681 542.619 683.043 477.98
threshold=16.500000000000004 278642.50000000006 367043.00000000006 200048.00000000003 10519.500000000002 808841.00000000012 15.415468692779543 8.7570157051086444 29175.500000000004 29170.000000000004 932933.50000000012 -78.310001373291001 1.0000000180025095e-35 29704.500000000004
decision_type=2 2 2 2 2 2 2 2 2 2 2 2 2 2
left_child=3 -2 -3 4 -1 6 7 13 9 -9 -7 -8 -13 -6
right_child=1 2 -4 -5 5 10 11 8 -10 -11 -12 12 -14 -15
leaf_value=0.02810733992693808 -0.0012045249348894699 -0.071411206108353345 -0.010864104214493998 0.0030001710768734627 -0.065332268369086774 0.035239421721120927 0.051173090732337639 0.003027740925734667 -0.033766731752536992 0.096359640874641661 -0.0075614903819708063 -0.059694657199514847 -0.20303227362440257 -0.016525607739541318
leaf_weight=1245.6650262234034 31669.032527728341 600.41532990324777 1785.8064827852068 63935.36660953032 768.72067301248899 968.73713200114435 97.014033490791917 733.70503300178098 711.8662698197295 397.88100893679075 3718.1513928994827 1035.8396941293322 90.058912470936775 1454.855791471753
leaf_count=18895 207097 11280 25903 532264 29002 6922 235 11138 20817 475 88662 49954 541 50480
internal_value=-7.50095e-06 -0.00295415 -0.0261433 0.00132703 -0.00819995 -0.0127405 -0.02517 -0.0141978 0.00899419 0.0359448 0.00128003 -0.0615779 -0.0713744 -0.033443
internal_weight=109213 34055.3 2386.22 75157.9 11222.5 9976.83 5289.94 4067.03 1843.45 1131.59 4686.89 1222.91 1125.9 2223.58
internal_count=1053665 244280 37183 809385 277121 258226 162642 111912 32430 11613 95584 50730 50495 79482
is_linear=0
shrinkage=0.05


Tree=242
num_leaves=15
num_cat=0
split_feature=1 1 5 10 54 38 1 0 121 9 15 55 10 3
split_gain=170.168 316.603 568.393 1163.72 574.055 550.718 545.929 531.634 510.189 593.371 635.963 503.049 588.706 498.183
threshold=71155.000000000015 46799.500000000007 67.005001068115249 96890.000000000015 4853912.5000000009 18.500000000000004 46740.000000000007 91.500000000000014 -1.0747670978307722 5123324.5000000009 700010.00000000012 118607.00000000001 824364.00000000012 183325000.00000003
decision_type=2 2 2 2 2 2 2 2 2 2 2 2 2 2
left_child=1 6 3 4 7 13 -1 -3 11 -10 -11 -5 -13 -4
right_child=-2 2 5 8 -6 -7 -8 -9 9 10 -12 12 -14 -15
leaf_value=0.0001044200635452183 0.0088755395490739252 -0.029716191695702276 0.039921740207817601 0.0083943679064771778 0.16090676972214868 -0.10641992252390263 0.032271112517573905 -0.08207710028660338 -0.035873852236129926 0.017085654387783554 -0.081045933643863186 -0.26707580170508927 -0.015026534272288505 -0.043181395984202675
leaf_weight=90020.57858420386 5135.4542275487038 1441.3763300149876 1235.9744599196129 5153.9652137887315 32.508625203743577 79.572931530303322 1337.7295002788014 734.98510381451342 2049.3780148815131 1357.5440361075453 186.87765886896523 34.787385582923889 67.384013538248837 209.72192850068677
leaf_count=820253 64740 55614 3404 42512 24 595 8376 3678 38135 8632 5506 275 209 1712
internal_value=-7.89435e-06 -0.000447358 -0.00788253 -0.0118321 -0.0442912 0.0207095 0.000576322 -0.0474517 -0.00372084 -0.0182403 0.00513445 0.00619865 -0.103086 0.0278102
internal_weight=109078 103942 12584.1 11058.8 2208.87 1525.27 91358.3 2176.36 8849.94 3593.8 1544.42 5256.14 102.171 1445.7
internal_count=1053665 988925 160296 154585 59316 5711 828629 59292 95269 52273 14138 42996 484 5116
is_linear=0
shrinkage=0.05


Tree=243
num_leaves=15
num_cat=0
split_feature=202 21 25 6 12 38 31 20 13 1 32 6 29 27
split_gain=171.122 852.259 816.997 517.695 716.434 630.271 693.006 511.618 511.198 536.241 521.35 1101.08 812.158 507.086
threshold=1.7916666865348818 1.0000000180025095e-35 -90.075000762939439 121529948.00000001 412718.50000000006 16.500000000000004 1.8949999809265139 42286.000000000007 10674.500000000002 73901.500000000015 5.9449999332427987 96884040.000000015 5.7049999237060556 -56.229999542236321
decision_type=2 2 2 2 2 2 2 2 2 2 2 2 2 2
left_child=-1 -2 -3 8 13 -6 7 -7 9 -4 -10 12 -12 -5
right_child=1 2 3 4 5 6 -8 -9 10 -11 11 -13 -14 -15
leaf_value=0.001281436692955963 -0.071804904348034063 -0.065662973860520266 -0.043487433633148685 0.012880519279506428 0.0014576056318285442 -0.062088954858283307 -0.080797255983941274 0.0052989664684733769 0.007815041922606172 0.063455751394949689 -0.077905382681107846 -0.15788019431237124 0.0011605508662427507 -0.076328205073952896
leaf_weight=76560.56698775597 443.61178760968323 496.61619662333396 961.92146497193608 208.88125015492551 5852.3789456312952 387.23411537887296 519.70177844233694 1021.6676061426406 18438.676175315224 132.22470022900961 366.00151845422806 126.42649389454164 2813.9525173861621 654.61699380562641
leaf_count=784724 12643 6511 19572 1319 53633 3331 6264 3273 90762 887 10656 2971 46223 10896
internal_value=-7.45388e-06 -0.00305232 -0.00209484 -0.00108849 -0.0115105 -0.00670463 -0.0314869 -0.0132179 0.00285431 -0.0304718 0.00453481 -0.0137398 -0.00794557 -0.0547007
internal_weight=108984 32423.9 31980.3 31483.7 8644.48 7780.98 1928.6 1408.9 22839.2 1094.15 21745.1 3306.38 3179.95 863.498
internal_count=1053665 268941 256298 249787 78716 66501 12868 6604 171071 20459 150612 59850 56879 12215
is_linear=0
shrinkage=0.05


Tree=244
num_leaves=15
num_cat=0
split_feature=37 121 24 34 52 35 18 15 57 35 30 9 50 103
split_gain=168.033 587.123 469.35 706.475 367.02 505.38 383.814 374.911 368.823 482.516 358.918 327.488 372.345 326.676
threshold=9.5000000000000018 7.6399292945861825 10.335000038146974 3.8449999094009404 17.500000000000004 11.284999847412111 15717291.000000002 505075.00000000006 20.513346672058109 2.995000004768372 17.335000038146976 7592342.5000000009 2083.5000000000005 1.0007903575897219
decision_type=2 2 2 2 2 2 2 2 2 2 2 2 2 2
left_child=4 13 11 -4 6 7 -1 -6 9 -9 -7 12 -3 -2
right_child=1 2 3 -5 5 10 -8 8 -10 -11 -12 -13 -14 -15
leaf_value=-7.5733061122249109e-05 0.026616262283721933 -0.097655473035234197 0.026482885898431077 -0.092304883687373246 -0.085591916635319898 0.015803953102737644 -0.071513372450862339 0.040829419356004863 -0.099910513715813984 -0.07298376808246447 -0.064009361108348262 0.006805423249290044 0.012094697844618543 0.0050089777855296712
leaf_weight=96342.983687672895 2384.3610902680084 387.55784143181518 615.1915036868304 156.04942627996206 397.41595169561333 832.41968357237056 187.39277917648724 267.04310579196317 114.46125544823008 141.68219249867252 168.45736269195913 157.28511249646544 95.231712751090527 6594.8270253409864
leaf_count=975756 2552 1923 944 776 14694 16311 10906 896 4523 3623 9289 280 157 11035
internal_value=-8.31322e-06 0.00603822 -0.0239193 0.00229475 -0.00064702 -0.0222795 -0.000215671 -0.0489977 -0.0209949 0.00117288 0.00227021 -0.0555375 -0.0759233 0.0107545
internal_weight=108842 10390.5 1411.32 771.241 98451.9 1921.48 96530.4 920.603 523.187 408.725 1000.88 640.075 482.79 8979.19
internal_count=1053665 17667 4080 1720 1035998 49336 986662 23736 9042 4519 25600 2360 2080 13587
is_linear=0
shrinkage=0.05


Tree=245
num_leaves=15
num_cat=0
split_feature=33 36 38 6 6 3 6 13 57 54 6 1 33 20
split_gain=166.475 636.411 550.637 578.542 1103.35 1036.57 772.737 621.937 790.378 724.037 593.323 756.542 437.941 702.949
threshold=4.0750000476837167 1.8350000381469729 12.500000000000002 80619800.000000015 85280460.000000015 249950448.00000003 145648768.00000003 11118674.000000002 10.418891429901125 10228.000000000002 33800628.000000007 96516.000000000015 14.194999694824221 104.50000000000001
decision_type=2 2 2 2 2 2 2 2 2 2 2 2 2 2
left_child=1 2 3 7 5 -5 -6 8 10 -10 11 -1 13 -2
right_child=12 -3 -4 4 6 -7 -8 -9 9 -11 -12 -13 -14 -15
leaf_value=-0.07400785715650976 0.033743778500251349 0.03213685016648786 0.0022431258144557163 -0.062971443553519441 0.026386400699807806 0.55339001086595385 -0.037440240255409894 0.043902950279935904 -0.065409362511710742 -0.20354617221313492 0.029454878460032426 0.39991952743617498 0.0033655505495901309 -0.0074519293122671934
leaf_weight=322.33740945294267 1072.612678858568 1682.3631136927579 51888.939303930994 10.761158796260135 999.31491744576488 16.228672184515744 900.30468959390419 196.4900186646264 657.56620672630379 110.95998641103506 385.61783182332874 7.6347963041625908 21555.21793504637 28926.669549250175
leaf_count=17582 4934 9061 369004 405 8915 243 29542 572 47484 682 2655 64 241513 321009
internal_value=-8.62045e-06 0.00184862 0.000928973 -0.0179563 0.000722763 0.312383 -0.00384104 -0.0393871 -0.0504701 -0.0856572 -0.0125434 -0.061716 -0.00206943 -0.00597625
internal_weight=108733 57178.5 55496.2 3607.22 1926.61 26.9898 1899.62 1680.61 1484.12 768.526 715.59 329.972 51554.5 29999.3
internal_count=1053665 486209 477148 108144 39105 648 38457 69039 68467 48166 20301 17646 567456 325943
is_linear=0
shrinkage=0.05


Tree=246
num_leaves=15
num_cat=0
split_feature=57 38 26 132 53 24 6 1 37 25 29 18 55 32
split_gain=166.479 165.918 417.561 726.492 673.664 650.269 648.514 717.702 631.639 623.871 667.008 615.275 555.847 532.368
threshold=0.69952088594436657 14.500000000000002 61.760000228881843 -11.296313285827635 104.50000000000001 35.07500076293946 10040488.000000002 10511.500000000002 5.5000000000000009 565.97998046875011 -1.9049999713897703 102099.50000000001 19979.000000000004 3.435000061988831
decision_type=2 2 2 2 2 2 2 2 2 2 2 2 2 2
left_child=-1 -2 3 4 -3 9 -7 -8 12 10 -4 -12 -5 -11
right_child=1 2 5 8 -6 6 7 -9 -10 13 11 -13 -14 -15
leaf_value=-0.053216250244790521 0.0022955387874025583 -0.016284127576231447 -0.079392303971971792 0.0094489734547853685 -0.084923893166252332 0.0041558265787615435 -0.10211221741203697 -0.019637570082785605 -0.011890990214575934 0.0030702345252899663 -0.16966227388003985 0.024033519270208536 -0.0075065839137733771 -0.058182820857835799
leaf_weight=145.81818732111424 47092.521276297717 5903.4322481203417 162.43132461892674 13138.208944087179 380.09231289313175 3375.1764804757549 295.04679183835106 2465.3253804193519 10381.016555461858 10724.522378980211 40.209771553694736 6536.4072014523845 7642.9119288575021 365.83258916356135
leaf_count=29508 626432 34573 2698 94501 2915 35242 4662 23512 99316 44016 511 25353 22060 8366
internal_value=-9.16624e-06 6.23681e-05 -0.00164933 -0.00494817 -0.020457 0.00350308 -0.0105323 -0.0285049 -0.00181882 0.00833613 0.0203337 0.022816 0.00321057 0.00104014
internal_weight=108649 108503 61410.6 37445.7 6283.52 23965 6135.55 2760.37 31162.1 17829.4 6739.05 6576.62 20781.1 11090.4
internal_count=1053665 1024157 397725 253365 37488 144360 63416 28174 215877 80944 28562 25864 116561 52382
is_linear=0
shrinkage=0.05


Tree=247
num_leaves=15
num_cat=1
split_feature=54 6 24 54 55 163 21 38 8 6 35 20 6 6
split_gain=166.151 304.212 435.074 300.22 282.179 963.472 752.404 878.774 737.903 850.773 759.023 1522.39 799.944 594.424
threshold=411125.50000000006 37163112.000000007 -44.090000152587884 450446.50000000006 17575.500000000004 0.02238930901512504 49906.500000000007 14.500000000000002 0 814129.46875000012 3.4050000905990605 167860.00000000003 113710848.00000001 182220216.00000003
decision_type=2 2 2 2 2 2 2 2 1 2 2 2 2 2
left_child=4 -2 -3 -4 -1 8 7 -7 9 -6 11 -10 -12 -11
right_child=1 2 3 -5 5 6 -8 -9 10 13 12 -13 -14 -15
leaf_value=0.00052377566934818287 0.020259225820723221 -0.1369030649857704 0.030417573551250077 -0.0040207413789499005 -0.063865450061564064 0.018007045335592279 0.025975449521904722 -0.024201343652226572 -0.047866246664718753 0.01274300192316577 -0.058456572127293521 -0.22379992264112347 -0.00033469005933699203 -0.10307717546491169
leaf_weight=86506.218749138716 2787.6487395029981 56.682559573790058 745.56132076028734 4149.2221617476316 493.47898223809898 2113.7893605474383 2726.1774435862899 2955.0291840946302 755.4431440581684 2510.6914403826231 973.13291745749302 146.45266720699146 1513.5966435571318 114.83577458187938
leaf_count=991073 5665 426 1191 12542 1960 4175 5514 6957 7131 5754 4545 1025 5102 605
internal_value=-8.85512e-06 0.00705036 -0.000378661 0.00121975 -0.000551353 -0.0070571 0.00479488 -0.00658974 -0.0212599 -0.00369027 -0.037411 -0.0767065 -0.023114 0.00762089
internal_weight=108548 7739.11 4951.47 4894.78 100809 14302.6 7795 5068.82 6507.63 3119.01 3388.63 901.896 2486.73 2625.53
internal_count=1053665 19824 14159 13733 1033841 42768 16646 11132 26122 8319 17803 8156 9647 6359
cat_boundaries=0 1
cat_threshold=2
is_linear=0
shrinkage=0.05


Tree=248
num_leaves=15
num_cat=0
split_feature=5 5 57 54 2 1 5 37 57 0 54 57 121 38
split_gain=165.657 330.987 710.193 597.899 634.212 502.653 441.531 723.438 578.378 498.066 488.265 462.737 434.205 348.175
threshold=67.975002288818374 67.384998321533217 12.16837787628174 25968.000000000004 169843136.00000003 46740.000000000007 67.08499908447267 5.5000000000000009 21.917864799499515 91.500000000000014 46306.000000000007 10.418891429901125 -2.6097031831741329 16.500000000000004
decision_type=2 2 2 2 2 2 2 2 2 2 2 2 2 2
left_child=1 6 3 -3 13 -4 -1 8 12 -9 -10 -11 -8 -5
right_child=-2 2 5 4 -6 -7 7 9 10 11 -12 -13 -14 -15
leaf_value=-0.00046352302041812848 0.015568430633162746 -0.045042132602955871 -0.021505167050859069 -0.39284665169192534 0.047506477365374063 0.043029221157913335 -0.075306289063698989 -0.070934652533791262 -0.048770146534050179 -0.070403118698584885 -0.45575071723045912 0.034342049816405672 0.04072961748442374 -0.1564964256918753
leaf_weight=101414.58628052693 1679.6371464619297 471.27667273755651 977.05322982813232 28.31756330281496 21.641988486051559 435.27461725380272 82.33444088086253 319.58369443414267 107.14525286311982 140.75484754890203 7.0040953257121137 409.63574577122927 2322.3264479410718 40.707790532382205
leaf_count=1018626 4234 3596 5281 282 35 958 837 8887 1851 546 103 440 7644 345
internal_value=-6.76109e-06 -0.000252374 -0.0205297 -0.0680194 -0.185113 -0.00156414 0.000129323 0.0178808 0.0314629 -0.0213765 -0.0779173 0.00738513 0.0367062 -0.258398
internal_weight=108457 106778 1974.27 561.944 90.6673 1412.33 104803 3388.78 2518.81 869.974 114.149 550.391 2404.66 69.0254
internal_count=1053665 1049431 10497 4258 662 6239 1038934 20308 10435 9873 1954 986 8481 627
is_linear=0
shrinkage=0.05


Tree=249
num_leaves=15
num_cat=0
split_feature=12 1 6 5 6 36 57 33 23 28 29 14 18 20
split_gain=166.824 565.402 556.725 812.232 1279.96 910.537 465.023 584.156 696.086 699.014 685.414 675.045 647.869 583.165
threshold=1440748.5000000002 3111.5000000000005 304953040.00000006 13.434999942779543 344516000.00000006 1.3750000000000002 23.889117240905765 30.954999923706058 150212.50000000003 -111.93999862670897 2.1550000905990605 9968573.0000000019 4050871.0000000005 3265.0000000000005
decision_type=2 2 2 2 2 2 2 2 2 2 2 2 2 2
left_child=2 -2 -1 4 -4 -6 7 8 9 -3 11 12 -10 -11
right_child=1 6 3 -5 5 -7 -8 -9 10 13 -12 -13 -14 -15
leaf_value=-8.7440236674660653e-05 -0.070641817584576785 -0.068851170797102151 -0.1145892648271619 0.0046268185310028376 -0.047328952895312595 0.0095780054531329328 0.017555872503559802 0.014780403702706333 -0.099814993949238609 -0.037695264446874141 -0.0071972578060950495 -0.016533988539776955 0.06144870958221299 0.0072395157896901017
leaf_weight=66876.063768164066 259.14201702314313 325.27170289657079 416.94493159290869 2595.471585501713 1504.5026674212713 1315.7714006110618 4944.9183976759086 6158.7948617345246 584.94342578388751 757.21709454210941 6615.4662095050153 942.51223675854271 68.619181068555918 15031.231970379493
leaf_count=678836 6030 2045 7719 26258 24513 10176 58067 46054 8843 6610 93382 13255 584 71293
internal_value=-5.70648e-06 0.00279356 -0.00138039 -0.0161939 -0.0328989 -0.0207679 0.00333408 0.00102498 -0.0024561 0.00357938 -0.0143048 -0.0437099 -0.0827391 0.00507902
internal_weight=108397 35688.1 72708.8 5832.69 3237.22 2820.27 35429 30484.1 24325.3 16113.7 8211.54 1596.07 653.563 15788.4
internal_count=1053665 306163 747502 68666 42408 34689 300133 242066 196012 79948 116064 22682 9427 77903
is_linear=0
shrinkage=0.05


Tree=250
num_leaves=15
num_cat=0
split_feature=27 24 11 135 47 39 14 19 18 33 57 6 21 1
split_gain=167.242 506.724 459.889 296.781 213.902 619.702 315.758 191.421 565.331 761.157 872.468 586.546 578.019 640.875
threshold=3534.960083007813 51.284999847412116 2161774.5000000005 36.431598663330085 1.0000000180025095e-35 1478906.5000000002 24572888.000000004 518701.00000000006 1398971.0000000002 31.814999580383304 10.334017753601076 351729248.00000006 466937.00000000006 33925.500000000007
decision_type=2 2 2 2 2 2 2 2 2 2 2 2 2 2
left_child=4 2 -2 -4 7 -6 -7 8 -1 11 -11 12 13 -10
right_child=1 -3 3 -5 5 6 -8 -9 9 10 -12 -13 -14 -15
leaf_value=0.00049258253502647851 0.16459199760458557 -0.10208836299549279 -0.10442754321084613 0.043844520539808973 -0.069537248219783729 -0.025600220981632463 0.054470995201126061 0.0064025324531409092 -0.063432674539895692 0.025638144675188435 -0.068411702415771103 -0.080215346606390653 0.012448067208707348 -0.016441894119869432
leaf_weight=88535.355490440605 72.884913495974615 60.482750206108904 37.531847619393375 265.42656357437954 411.64954845166358 250.03702842694474 239.93377856363077 10742.16757689479 950.13402099628001 1758.1639240826771 285.62242231165874 416.7798230999615 1162.7117451470986 3087.2222779886215
leaf_count=752331 342 1369 889 1232 26189 7767 3550 150382 21516 12370 12800 11285 7317 44326
internal_value=-6.49021e-06 0.0308506 0.0525906 0.0250283 -0.000132088 -0.0243704 0.0135391 7.2029e-05 -0.000634435 -0.0136645 0.012443 -0.0231736 -0.0185776 -0.0275259
internal_weight=108276 436.326 375.843 302.958 107840 901.62 489.971 106938 96196 7660.63 2043.79 5616.85 5200.07 4037.36
internal_count=1053665 3832 2463 2121 1049833 37506 11317 1012327 861945 109614 25170 84444 73159 65842
is_linear=0
shrinkage=0.05


Tree=251
num_leaves=15
num_cat=0
split_feature=21 18 9 1 19 18 1 37 1 1 38 24 30 116
split_gain=165.189 207.745 204.653 1087.46 493.581 371.127 630.939 623.775 406.444 440.565 395.257 383.556 402.591 364.635
threshold=6250247.5000000009 36790434.000000007 9256944.0000000019 22205.000000000004 -1508428.9999999998 2089716.5000000002 58121.500000000007 9.5000000000000018 74155.500000000015 73901.500000000015 9.5000000000000018 3.9450000524520878 8.6750001907348651 2.1250000000000004
decision_type=2 2 2 2 2 2 2 2 2 2 2 2 2 2
left_child=2 -2 5 -4 -5 10 7 11 9 -8 -1 12 -7 -9
right_child=1 -3 3 4 -6 6 8 13 -10 -11 -12 -13 -14 -15
leaf_value=-0.049254465275190021 -0.06302395604467366 0.030553336495808953 -0.08233288515709157 -0.042178204135116193 0.016962439861621305 -0.063364642345315664 0.0076881289031954644 0.026718373425760222 -0.043850995820658524 0.085379338450828915 0.00044248330031631926 -0.061378154937403964 0.0002777255221058092 -0.096245635877234059
leaf_weight=400.75735503286705 214.36685122351628 80.343298164370935 310.93641154028592 374.37286046799272 5775.1276031206944 365.52362566904048 1546.4221392429317 592.17303828569129 325.27574319543783 206.29127262282418 96008.706311710674 1148.084062299662 766.80421142597334 66.01068914309144
leaf_count=47317 4487 461 15300 5206 64212 12161 21454 762 8018 1176 803434 55052 14313 312
internal_value=-7.25485e-06 -0.037327 9.45718e-05 0.00872283 0.0133476 -0.000454602 -0.0137124 -0.0286233 0.00735341 0.0169042 0.000234874 -0.041001 -0.0202602 0.0141829
internal_weight=108181 294.71 107886 6460.44 6149.5 101426 5016.58 2938.6 2077.99 1752.71 96409.5 2280.41 1132.33 658.184
internal_count=1053665 4948 1048717 84718 69418 963999 113248 82600 30648 22630 850751 81526 26474 1074
is_linear=0
shrinkage=0.05


Tree=252
num_leaves=15
num_cat=0
split_feature=25 32 34 33 20 55 32 57 95 25 15 34 31 30
split_gain=163.792 452.165 582.812 442.226 550.793 393.357 564.444 331.725 330.289 323.973 659.738 1198.23 828.193 703.626
threshold=-81.00500106811522 1.1050000190734866 0.74500000476837169 4.5950000286102304 74531.500000000015 2189.5000000000005 0.90500000119209301 4.6913073062896737 22.965725898742679 -20.039999961853024 349999.50000000006 1.3049999475479128 0.44499999284744268 2.1550000905990605
decision_type=2 2 2 2 2 2 2 2 2 2 2 2 2 2
left_child=1 5 -3 -4 -5 7 8 -1 -7 10 11 -2 -13 -12
right_child=9 2 3 4 -6 6 -8 -9 -10 -11 13 12 -14 -15
leaf_value=-0.10220259149178308 0.010409938651926215 -0.12564266338654595 0.019503628890655444 -0.065298352208295468 0.0097267579162322575 -0.10562359676175528 -0.15440660875362322 0.039400888580257129 0.036582969887813829 0.00067602307163988845 -0.037685341063212509 0.013814100636577745 -0.046482913014807163 0.0082382433956322502
leaf_weight=41.272047485457733 2132.0501320902258 96.061720800120384 1229.2550497232587 460.04054928934784 518.64268639143847 49.503464648732916 65.041443862952292 1695.1949382227031 211.08917812630534 90120.096225999558 955.45999161311192 686.98416233275202 3283.9713538941724 6511.3848282377294
leaf_count=518 7681 1147 6514 10229 5957 331 456 4978 235 887388 10342 3298 62979 51612
internal_value=-8.04274e-06 0.00947703 -0.00572729 -0.000432928 -0.0255192 0.0264837 -0.0237965 0.0359496 0.00907707 -0.000408003 -0.00761044 -0.0198044 -0.036038 0.00235089
internal_weight=108056 4366.1 2304 2207.94 978.683 2062.1 325.634 1736.47 260.593 103690 13569.9 6103.01 3970.96 7466.84
internal_count=1053665 30365 23847 22700 16186 6518 1022 5496 566 1023300 135912 73958 66277 61954
is_linear=0
shrinkage=0.05


Tree=253
num_leaves=15
num_cat=0
split_feature=7 1 57 57 6 4 38 54 18 55 33 6 1 6
split_gain=161.89 392.07 289.534 585.686 461.088 262.903 262.173 559.901 490.546 337.194 332.525 335.307 328.571 350.375
threshold=92831288.000000015 46317.000000000007 12.80903482437134 17.540040969848636 212101248.00000003 114849260.00000001 19.500000000000004 2419.0000000000005 452567.50000000006 1035972.0000000001 38.649999618530281 6351724.0000000009 10260.500000000002 360444.00000000006
decision_type=2 2 2 2 2 2 2 2 2 2 2 2 2 2
left_child=5 2 4 -4 -2 6 -1 10 9 -9 11 12 13 -8
right_child=1 -3 3 -5 -6 -7 7 8 -10 -11 -12 -13 -14 -15
leaf_value=0.00040570071797215129 -0.11174190022431037 -0.079842989953042343 -0.14024758542084559 0.014365135027768129 0.045781953533091432 -0.038974715130797276 0.20013512068585904 -0.05182782781841231 0.0061799312077706788 0.036262929876397836 -0.05664667878753598 -0.013504301296561147 0.022525301264895142 0.03372112945366975
leaf_weight=102049.62467104064 47.770904797362164 98.459044015442487 71.767249941534828 384.51547547610244 936.80682080314728 435.30093042703811 56.884493267629296 1414.6165205357247 668.42787934013177 116.28734755760524 174.37774575164076 592.91717162448913 825.97461091517471 72.772403133567423
leaf_count=1012618 387 1555 925 1795 1734 14142 143 9863 2100 326 1981 2869 3121 106
internal_value=-7.95984e-06 0.0160852 0.0227258 -0.0100976 0.0379827 -0.000241387 -8.1444e-05 -0.0127656 -0.0294856 -0.0450845 0.0085533 0.0159594 0.0342872 0.108088
internal_weight=107947 1539.32 1440.86 456.283 984.578 106407 105972 3922.26 2199.33 1530.9 1722.93 1548.55 955.632 129.657
internal_count=1053665 6396 4841 2720 2121 1047269 1033127 20509 12289 10189 8220 6239 3370 249
is_linear=0
shrinkage=0.05


Tree=254
num_leaves=15
num_cat=0
split_feature=57 33 36 38 29 31 18 23 12 26 19 38 6 55
split_gain=157.89 160.911 573.303 591.449 504.165 645.003 607.84 555.955 516.729 511.3 482.505 518.578 713.818 522.256
threshold=0.69952088594436657 4.0750000476837167 1.3550000190734866 17.500000000000004 4.5350000858306894 3.6450001001358037 195763.50000000003 165562.50000000003 27552150.000000004 -53.914999008178704 201875.50000000003 19.500000000000004 75765212.000000015 1230.0000000000002
decision_type=2 2 2 2 2 2 2 2 2 2 2 2 2 2
left_child=-1 2 3 4 5 7 -7 9 -9 -2 11 12 -5 -13
right_child=1 -3 -4 10 -6 6 -8 8 -10 -11 -12 13 -14 -15
leaf_value=-0.053024661037202048 0.020437702913713135 -0.0019724573190802556 0.019979723189546703 0.029199311866082534 -0.033994252973738898 -0.11252780746956337 0.023366349678471149 -0.076012947428227243 0.027899285418173034 -0.0036721652608697991 -0.049922930738399748 0.022287376032958967 -0.015526238700392679 -0.020095587566803838
leaf_weight=139.2494277744845 2343.5527146749664 51112.143487671638 4067.5037731610355 5326.0605977668893 1198.2779190372385 83.323259343043901 3263.3587115969858 468.52937184233451 159.12907436536625 35326.92904946857 307.14166897872929 1199.2526287877699 1069.3297450050013 1840.6267938200617
leaf_count=29508 7850 563756 22425 13230 24045 1081 12064 7646 1105 350411 1829 4339 4646 9730
internal_value=-7.38961e-06 6.11444e-05 0.00189674 0.000496709 -0.00203101 -0.00110931 0.0199354 -0.00295008 -0.0495863 -0.00217041 0.0116168 0.0136304 0.021712 -0.00335695
internal_weight=107904 107765 56653 52585.5 42843.1 41644.8 3346.68 38298.1 627.658 37670.5 9742.41 9435.27 6395.39 3039.88
internal_count=1053665 1024157 460401 437976 404202 380157 13145 367012 8751 358261 33774 31945 17876 14069
is_linear=0
shrinkage=0.05


Tree=255
num_leaves=15
num_cat=0
split_feature=38 24 57 57 115 57 37 21 38 0 57 1 57 18
split_gain=161.8 505.405 510.879 796.119 918.506 761.993 987.584 894.712 848.663 1069.69 797.705 731.306 631.848 618.055
threshold=16.500000000000004 9.805000305175783 16.959616661071781 18.257357597351078 0.36649999022483831 7.8781657218933114 8.5000000000000018 145659.50000000003 17.500000000000004 91.500000000000014 9.2498288154602069 28121.500000000004 7.0184805393219003 1214633.0000000002
decision_type=2 2 2 2 2 2 2 2 2 2 2 2 2 2
left_child=-1 2 5 4 11 12 7 8 9 -7 -10 -4 -2 -9
right_child=1 -3 3 -5 -6 6 -8 13 10 -11 -12 -13 -14 -15
leaf_value=0.0012963998017468052 -0.002632387656233099 -0.013713893743010963 0.095129151854243504 0.0041884684198090346 -0.012135915517063675 -0.029833466184365068 0.013505854852046157 0.012927291837826042 -0.077633278711030138 -0.10034221933401018 -0.0024983129471323755 -0.0779173734895688 0.023750477499480574 -0.075740286000953741
leaf_weight=74191.721868679509 6806.2049122239114 8158.4892576546117 733.30127690557856 4656.2238263409818 396.68846426089294 1375.0490232408338 2470.6674084572005 1896.2830024741124 424.77709093870362 887.06122345785843 2084.0174516776169 65.52889738092199 3401.4564010471804 218.18770162761211
leaf_count=809385 51377 86636 709 32178 2775 29360 4411 5520 3274 5049 8804 1436 9818 2933
internal_value=-6.42708e-06 -0.00288686 0.000587112 0.0135492 0.049931 -0.00328795 -0.013596 -0.0233287 -0.0353267 -0.0575369 -0.0152656 0.0807918 0.00615563 0.00372276
internal_weight=107766 33573.9 25415.4 5851.74 1195.52 19563.7 9356.04 6885.38 4770.9 2262.11 2508.79 798.83 10207.7 2114.47
internal_count=1053665 244280 157644 37098 4920 120546 59351 54940 46487 34409 12078 2145 61195 8453
is_linear=0
shrinkage=0.05


Tree=256
num_leaves=15
num_cat=0
split_feature=28 15 29 13 16 18 35 24 118 13 30 25 57 34
split_gain=162.586 613.247 551.997 985.93 672.983 629.692 625.807 839.277 614.495 573.439 1251.19 609.725 589.282 573.476
threshold=3.5649999380111699 49999.500000000007 1.2450000047683718 1574700.5000000002 559299.00000000012 365480.00000000006 3.685000061988831 -20.634999275207516 1.7919999957084658 1.0000000180025095e-35 3.8549998998641972 -20.039999961853024 8.4038329124450701 2.1049998998641972
decision_type=2 2 2 2 2 2 2 2 2 2 2 2 2 2
left_child=-1 -2 4 9 5 -3 7 -5 -9 10 -4 12 13 -11
right_child=1 2 3 6 -6 -7 -8 8 -10 11 -12 -13 -14 -15
leaf_value=-0.0014560832798402052 -0.050306501916718149 -0.057289251819257384 0.035808198329172591 0.0069691828896296486 0.021490828313876085 0.011611434398068223 -0.0046221745347375309 -0.034078269997106551 -0.10212895295209386 0.026489015065672451 -0.072788519968809168 0.015245851220478708 -0.039839622723703415 -0.051536542007522661
leaf_weight=69156.327865680971 538.97763578469312 566.57495432932046 459.32006987187197 885.16865844163112 6692.6739479424432 794.88381100259721 10928.332872950712 1179.8003736008832 463.77105058642337 1085.3771594825084 623.91333800315624 12927.387359713044 1067.5856232559308 299.44018719741143
leaf_count=676244 16517 6696 3350 3398 24181 2706 120569 12287 7196 3333 27960 121212 21124 6892
internal_value=-5.66995e-06 0.00259744 0.00335094 0.000221406 0.0149691 -0.0170461 -0.00981549 -0.0322287 -0.0533611 0.00842882 -0.0267039 0.0109081 -0.0119339 0.00955639
internal_weight=107670 38513.2 37974.2 29920.1 8054.13 1361.46 13457.1 2528.74 1643.57 16463 1083.23 15379.8 2452.4 1384.82
internal_count=1053665 377421 360904 327321 33583 9402 143450 22881 19483 183871 31310 152561 31349 10225
is_linear=0
shrinkage=0.05


Tree=257
num_leaves=15
num_cat=0
split_feature=89 37 37 33 7 31 16 6 6 162 54 9 18 19
split_gain=167.444 1035.06 650.845 646.733 629.65 614.648 777.488 711.671 825.394 681.251 768.08 768.564 565.26 563.19
threshold=3.030795812606812 1.0000000180025095e-35 4.5000000000000009 9999.9951171875018 18397.696289062504 0.59499999880790722 353032.50000000006 292746000.00000006 217269784.00000003 -0.026636987924575802 10011.500000000002 1118846.0000000002 940683.50000000012 116267.00000000001
decision_type=2 2 2 2 2 2 2 2 2 2 2 2 2 2
left_child=1 -1 13 4 5 6 7 8 -3 -7 11 -11 -8 -2
right_child=2 3 -4 -5 -6 9 12 -9 -10 10 -12 -13 -14 -15
leaf_value=0.0048321282142183841 -0.020589366549180706 -0.021256105047698412 0.0048533327460754637 0.01903354743963968 -0.064427517413954277 -0.0037668629951086575 0.018646924601059274 -0.080437432303187867 0.041461818477526523 0.0010920408229169512 0.015220646592160237 -0.040952363925176913 -0.017025473578336264 0.0013232418463401984
leaf_weight=27188.848749569152 5265.9444550935586 3151.3413034594996 42324.059664175147 1892.1608834914805 544.58122614244348 5535.1413292634534 4744.2093542861694 406.02203175195609 627.95984420221066 1353.4600929184817 955.06078344304115 5470.3554623581877 1447.5719014205679 6606.0618529754429
leaf_count=97278 134294 23465 359354 28628 13560 82847 29598 3656 935 34632 1976 163330 23118 56994
internal_value=-6.04701e-06 -0.00199591 0.00195061 -0.00910305 -0.0113025 -0.0100766 -0.000948877 -0.0175974 -0.0108136 -0.0171864 -0.0267272 -0.0326069 0.0102976 -0.00839301
internal_weight=107513 53316.7 54196.1 26127.9 24235.7 23691.1 10377.1 4185.32 3779.3 13314 7778.88 6823.82 6191.78 11872
internal_count=1053665 503023 550642 405745 377117 363557 80772 28056 24400 282785 199938 197962 52716 191288
is_linear=0
shrinkage=0.05


Tree=258
num_leaves=15
num_cat=0
split_feature=56 131 31 38 17 1 33 20 34 1 17 57 6 18
split_gain=161.272 372.45 197.079 184.546 182.134 475.535 1142.53 679.94 645.012 535.577 564.127 721.045 458.538 440.499
threshold=12.500000000000002 12.50594997406006 -8.3550000190734846 18.500000000000004 10813217.000000002 29292.500000000004 11.364999771118166 86626.500000000015 8.7150001525878924 46201.500000000007 21042401.000000004 9.1676936149597186 23419925.000000004 2664651.5000000005
decision_type=2 2 2 2 2 2 2 2 2 2 2 2 2 2
left_child=4 -2 3 -3 -1 6 7 -6 13 -7 -11 -12 -9 -8
right_child=1 2 -4 -5 5 9 8 12 -10 10 11 -13 -14 -15
leaf_value=-0.00068463859002141476 -0.081228352904902684 0.046893045321886526 -0.017974064998520094 -0.047337503717695233 -0.088985862273800398 0.023890184165844833 0.021825545606572391 -0.073754692964246693 -0.065901441628327714 0.010144402674383811 0.0012039263365162857 -0.064721709564687799 -0.0066415822794789947 -0.072065981893013317
leaf_weight=88871.285390007019 192.03641180956038 251.55380936339498 953.56640768283978 64.061693745665252 479.8421126680696 4582.2179192077892 2800.2809174277063 321.75560740634683 249.70160933607258 5372.9467184226087 1169.3239991375303 640.48056444048416 1215.1423353522478 129.57024473231286
leaf_count=842308 1724 392 2891 381 13367 37489 12523 15121 11572 44941 9890 28615 23342 9109
internal_value=-6.34539e-06 -0.0164984 -0.00660872 0.0275197 0.00022104 0.0049692 -0.00762162 -0.0370563 0.0110384 0.0105347 0.00200546 -0.0221221 -0.0207633 0.017633
internal_weight=107294 1461.22 1269.18 315.616 105833 16961.3 5196.29 2016.74 3179.55 11765 7182.75 1809.8 1536.9 2929.85
internal_count=1053665 5388 3664 773 1048277 205969 85034 51830 33204 120935 83446 38505 38463 21632
is_linear=0
shrinkage=0.05


Tree=259
num_leaves=15
num_cat=0
split_feature=35 10 37 52 57 29 26 38 25 24 53 24 20 35
split_gain=159.657 449.07 1000.9 655.959 486.628 646.505 466.347 459.405 451.934 529.97 449.525 435.589 435.311 412.199
threshold=53.664999008178718 1291400.0000000002 7.5000000000000009 6.5000000000000009 19.681040763854984 7.5250000953674325 -14.305000305175779 18.500000000000004 16.654999732971195 6.8550000190734872 1.0000000180025095e-35 -23.144999504089352 300716.00000000006 23.695000648498539
decision_type=2 2 2 2 2 2 2 2 2 2 2 2 2 2
left_child=13 4 3 8 6 -6 11 -8 9 12 -5 -2 -3 -1
right_child=1 2 -4 10 5 -7 7 -9 -10 -11 -12 -13 -14 -15
leaf_value=8.4363135585467175e-05 0.0098612219115941941 -0.066442386806002549 0.015329566209079505 0.032377221325693928 0.041707506191884264 -0.071534212672945116 0.014133279735963551 -0.055885323968634319 -0.044924831751421847 0.015659079992364006 -0.22548137908640897 -0.071565655177687662 0.011429148579827048 -0.01338657057323285
leaf_weight=85163.325769306553 304.06580812850734 522.47115911330911 3719.8677551657893 647.72728481523518 1896.9169673704309 133.80134391656611 4934.7678806907061 244.72204113728367 1934.3897056518035 939.03339844051516 16.323616750538349 353.20920206839219 271.17885503052094 6082.9292116219876
leaf_count=744482 2686 21275 14490 13114 9535 9435 59640 1742 63650 17274 108 12428 4576 79230
internal_value=-6.70064e-06 0.00461323 -0.00368353 -0.0200246 0.0131093 0.03419 0.0057617 0.0108052 -0.028311 -0.0097191 0.0256339 -0.0338626 -0.039791 -0.000813265
internal_weight=107165 15918.5 8050.99 4331.12 7867.48 2030.72 5836.76 5179.49 3667.07 1732.68 664.051 657.275 793.65 91246.3
internal_count=1053665 229953 134487 119997 95466 18970 76496 61382 106775 43125 13222 15114 25851 823712
is_linear=0
shrinkage=0.05


Tree=260
num_leaves=15
num_cat=0
split_feature=27 6 21 12 30 20 38 20 16 28 23 36 21 47
split_gain=160.14 542.557 324.308 297.462 272.225 252.34 252.765 389.543 318.719 255.31 230.164 588.548 313.802 399.869
threshold=-86.93999862670897 229743688.00000003 13432.500000000002 5004506.5000000009 -97.735000610351548 138.50000000000003 16.500000000000004 429387.50000000006 3771106.5000000005 22.864999771118168 -3553399.4999999995 0.46500000357627874 1528137.5000000002 34.500000000000007
decision_type=2 2 2 2 2 2 2 2 2 2 2 2 2 2
left_child=1 2 -1 -3 -4 -6 9 8 -8 -7 11 -2 13 -12
right_child=10 3 4 -5 5 6 7 -9 -10 -11 12 -13 -14 -15
leaf_value=-0.075482644456995901 -0.081429653086901727 -0.082150451057937363 -0.094564183166709864 0.01587149017562858 -0.096110284244480773 0.030385622560460956 -0.0082623607081868354 -0.10699115337707268 0.051687098304682426 -0.099005978140273135 -0.0003647355157509537 0.004084798821134725 0.019875861847288054 -0.049556231312797114
leaf_weight=96.310900835203938 308.25936039396038 236.06014010024955 52.947958978358656 113.3431296441122 46.384002965642139 2592.1057821172872 799.64218953787349 77.481547036208212 305.20431996148545 37.567339713219553 99501.036592812627 572.73689906162326 1911.6327162928064 413.86757499550004
leaf_count=5097 4127 3977 414 886 543 13194 4083 706 559 785 968974 3852 21523 24945
internal_value=-6.97195e-06 0.00938007 0.0146031 -0.0502558 0.0168528 0.0184188 0.0198504 0.000604048 0.00828471 0.0284812 -0.000405762 -0.0258383 -0.000184979 -0.000569491
internal_weight=107065 4357.05 4007.64 349.403 3911.33 3858.39 3812 1182.33 1104.85 2629.67 102708 880.996 101827 99914.9
internal_count=1053665 30244 25381 4863 20284 19870 19327 5348 4642 13979 1023421 7979 1015442 993919
is_linear=0
shrinkage=0.05


Tree=261
num_leaves=15
num_cat=0
split_feature=202 21 25 6 12 38 31 31 20 24 6 53 13 1
split_gain=159.814 756.39 725.22 453.433 640.174 536.588 622.71 467.352 770.06 630.619 462.866 672.015 455.939 457.556
threshold=1.7916666865348818 1.0000000180025095e-35 -90.075000762939439 121529948.00000001 412718.50000000006 16.500000000000004 1.8949999809265139 3.6950000524520878 167860.00000000003 25.474999427795414 213755000.00000003 1.0000000180025095e-35 10674.500000000002 73901.500000000015
decision_type=2 2 2 2 2 2 2 2 2 2 2 2 2 2
left_child=-1 -2 -3 12 10 7 -7 8 -6 -9 -5 -12 13 -4
right_child=1 2 3 4 5 6 -8 9 -10 -11 11 -13 -14 -15
leaf_value=0.001243696041167798 -0.070596525268377008 -0.063088876180229098 -0.04146407219686802 -0.020314073676693953 0.0012178921364009937 -0.012327293479363243 -0.07788360358730155 0.027206079511610984 -0.059041262254237448 -0.044329337207491409 -0.060085958971927145 -0.22998937410676423 0.00416779522182994 0.059259335988361278
leaf_weight=75380.286140681492 407.4443914245785 479.03933244133077 936.80746673121757 481.1280791987665 2465.3799071262765 1370.3430244573974 492.93216649224632 2184.6086954992788 673.88433034930495 357.25779118927312 283.40003791355412 73.197139124851674 21277.762489949528 126.89630883483915
leaf_count=784724 12643 6511 19572 5857 17665 6604 6264 16911 11079 7978 5869 489 150612 887
internal_value=-7.21655e-06 -0.00299178 -0.00210516 -0.00115066 -0.0110678 -0.00645239 -0.0297296 0.00117707 -0.0117163 0.0171187 -0.0525166 -0.0956467 0.00256817 -0.0293568
internal_weight=106990 31610.1 31202.6 30723.6 8382.13 7544.41 1863.28 5681.13 3139.26 2541.87 837.725 356.597 22341.5 1063.7
internal_count=1053665 268941 256298 249787 78716 66501 12868 53633 28744 24889 12215 6358 171071 20459
is_linear=0
shrinkage=0.05


Tree=262
num_leaves=15
num_cat=0
split_feature=3 7 1 57 4 57 2 37 2 7 57 5 4 2
split_gain=153.892 190.884 345.616 382.347 344.386 304.831 260.097 426.513 387.926 368.962 466.676 335.371 276.814 478.688
threshold=1601000000.0000002 92831288.000000015 10355.000000000002 12.80903482437134 114849260.00000001 22.449007987976078 151000000.00000003 5.5000000000000009 113175000.00000001 88574860.000000015 20.381930351257328 67.674999237060561 111771364.00000001 63087500.000000007
decision_type=2 2 2 2 2 2 2 2 2 2 2 2 2 2
left_child=1 4 3 -3 6 -5 8 -8 9 12 -11 -9 13 -1
right_child=-2 2 -4 5 -6 -7 7 11 -10 10 -12 -13 -14 -15
leaf_value=2.1823461627166222e-05 -0.030514757460202813 0.056787969158643384 -0.0060460690581320966 -0.12452248360913348 -0.047942084940622187 0.055845095246436771 0.046378805382664125 -0.092215308704663421 -0.11160696714009388 0.006281575158684341 -0.23262274030251168 0.05025615750155063 0.061386011099561225 -0.075314972136300007
leaf_weight=103261.63879679525 410.79341344640125 627.37887417990714 732.34000879818632 55.861411345889792 374.41338644524512 38.614953500684351 657.59732734499266 113.30822172609624 77.067194745875895 42.512080473825336 37.594853652990423 63.38539785053581 182.18808274227194 210.28155433406937
leaf_count=1012383 10515 608 4118 469 13823 86 2985 2511 1062 178 366 174 66 4321
internal_value=-7.23483e-06 0.000110284 0.0180954 0.0426311 -0.000138447 -0.0504651 3.25693e-05 0.0278223 -0.000190551 -0.000106219 -0.106707 -0.0408299 -2.23234e-05 -0.000131523
internal_weight=106885 106474 1454.2 721.855 105020 94.4764 104646 834.291 103811 103734 80.1069 176.694 103654 103472
internal_count=1053665 1043150 5281 1163 1037869 555 1024046 5670 1018376 1017314 544 2685 1016770 1016704
is_linear=0
shrinkage=0.05


Tree=263
num_leaves=15
num_cat=0
split_feature=27 24 135 11 47 39 14 21 14 21 21 34 124 29
split_gain=152.989 453.94 412.24 288.868 168.404 581.002 259.021 183.076 444.999 404.212 613.845 604.119 602.373 554.823
threshold=3534.960083007813 51.284999847412116 36.431598663330085 2161774.5000000005 1.0000000180025095e-35 1478906.5000000002 24572888.000000004 248496.00000000003 2318593.5000000005 346637.00000000006 409706.50000000006 11.315000057220461 3.7342394590377812 -0.80500000715255726
decision_type=2 2 2 2 2 2 2 2 2 2 2 2 2 2
left_child=4 2 -2 -4 7 -6 -7 -1 -9 -10 12 13 -11 -12
right_child=1 -3 3 -5 5 6 -8 8 9 10 11 -13 -14 -15
leaf_value=-0.00086661570355518736 -0.097464374613414964 -0.099719643004160016 0.1552338083125725 0.043035738636118204 -0.068677206343600181 -0.02198834904677277 0.051635863830946441 -0.060121047523202568 0.016096163473012123 -0.079502907411063237 -0.020196586598002018 -0.068743639069136428 -0.0093989728519085422 0.012546706357392211
leaf_weight=88362.315327702265 40.683189324859995 57.162293722940376 74.776199178770185 251.71151830321469 375.63097595851286 239.82993049392826 235.1565326989512 259.05801992874331 6076.674883415777 432.09133600455243 1559.7646593207901 270.54289719983353 1055.9433304671256 7540.7203485217542
leaf_count=882992 1063 1369 168 1232 26189 7767 3550 6085 34765 5353 10700 9922 8431 54079
internal_value=-6.62088e-06 0.0299203 0.0504549 0.0692809 -0.000126714 -0.0222721 0.0143884 5.14772e-05 0.00477215 0.00577123 -2.89289e-06 0.00473054 -0.0298289 0.00692762
internal_weight=106832 424.333 367.171 326.488 106408 850.617 474.986 105557 17194.8 16935.7 10859.1 9371.03 1488.03 9100.49
internal_count=1053665 3832 2463 1400 1049833 37506 11317 1012327 129335 123250 88485 74701 13784 64779
is_linear=0
shrinkage=0.05


Tree=264
num_leaves=15
num_cat=1
split_feature=7 3 7 6 6 6 38 8 6 20 57 1 1 57
split_gain=156.42 413.899 761.333 445.687 389.271 362.457 374.679 355.61 697.118 768.177 798.926 632.006 1330.19 833.106
threshold=4836753.2500000009 12490000.000000002 353542.84375000006 121529948.00000001 8340750.0000000009 528533008.00000006 8.5000000000000018 0 176523536.00000003 10988.500000000002 10.772074222564699 26470.000000000004 26564.500000000004 17.249829292297367
decision_type=2 2 2 2 2 2 2 1 2 2 2 2 2 2
left_child=1 7 -3 -4 -2 -6 -7 8 -1 -10 -11 -9 13 -13
right_child=4 2 3 -5 5 6 -8 11 9 10 -12 12 -14 -15
leaf_value=0.0055242842667219743 -0.16892285398186568 -0.068505967158833767 -0.0026185521948690069 -0.04616872780406036 0.0067569270246324933 0.1020655000464797 -0.036243916189155449 -0.012605404568084214 -0.057316804152014789 0.01025582776882996 -0.034337364746407188 -0.098907209972561527 -0.00078829721019849303 0.08935493231222176
leaf_weight=38959.396700840123 31.236268062144518 565.1210133566492 5051.8342651123967 664.32525895840081 14826.298326563759 51.18456209381111 766.44416166025621 12519.041529308786 851.82806149365206 2848.9583956603601 1549.4157579753519 64.092882278782781 27408.145122232352 597.33314394741319
leaf_count=265521 191 27168 51139 22143 67123 422 17893 161897 15963 22401 35760 911 364456 677
internal_value=-6.93984e-06 -0.000801417 -0.0131849 -0.00769584 0.00460588 0.00496634 -0.0274104 0.00011542 0.00321842 -0.0138806 -0.00544589 -0.00326317 0.000901988 0.0709149
internal_weight=106755 91079.5 6281.28 5716.16 15675.2 15643.9 817.629 84798.2 44209.6 5250.2 4398.37 40588.6 28069.6 661.426
internal_count=1053665 968036 100450 73282 85629 85438 18315 867586 339645 74124 58161 527941 366044 1588
cat_boundaries=0 1
cat_threshold=2
is_linear=0
shrinkage=0.05


Tree=265
num_leaves=15
num_cat=0
split_feature=89 37 37 33 7 31 16 6 6 28 35 33 28 58
split_gain=154.043 930.785 590.443 576.193 567.451 578.327 711.157 649.934 709.134 634.377 645.25 640.299 613.278 535.043
threshold=3.030795812606812 1.0000000180025095e-35 4.5000000000000009 9999.9951171875018 18397.696289062504 0.59499999880790722 353032.50000000006 292746000.00000006 217269784.00000003 3.5149999856948857 97.509998321533217 2.6450001001358037 4.0350000858306894 0.18701888993382457
decision_type=2 2 2 2 2 2 2 2 2 2 2 2 2 2
left_child=1 -1 13 4 5 6 7 8 -3 10 -7 12 -11 -2
right_child=2 3 -4 -5 -6 9 -8 -9 -10 11 -12 -13 -14 -15
leaf_value=0.0045817817942072764 -0.0034254175637784367 -0.019744857271307949 0.0046403231093780006 0.017939040494627297 -0.062041040141596185 -0.043340669315366662 0.01003095020824573 -0.0773854747162495 0.03957927597319006 0.036371720047209358 0.0040771712515990915 -0.0042273578999329616 -0.06299561871023901 -0.032763361304264466
leaf_weight=26894.493679696876 9923.085301591811 3157.3908199026482 42112.609004484431 1879.2338693434431 527.71186763663718 3220.4727073494432 6146.7031763481791 398.66275416201097 597.95587344071828 187.16828870482277 920.37184009759221 7928.9703367509574 879.20545726214186 1843.0259167059994
leaf_count=97278 75272 23465 359354 28628 13560 85858 52716 3656 935 828 22941 159479 13679 116016
internal_value=-6.95428e-06 -0.00192838 0.00187288 -0.00870506 -0.0107972 -0.0096386 -0.000763613 -0.016747 -0.0102775 -0.0165935 -0.0327908 -0.00912903 -0.0454902 -0.00802751
internal_weight=106617 52738.3 53878.7 25843.8 23964.6 23436.9 10300.7 4154.01 3755.35 13136.2 4140.84 8995.34 1066.37 11766.1
internal_count=1053665 503023 550642 405745 377117 363557 80772 28056 24400 282785 108799 173986 14507 191288
is_linear=0
shrinkage=0.05


Tree=266
num_leaves=15
num_cat=0
split_feature=37 109 15 34 35 15 35 57 26 33 15 24 52 24
split_gain=157.182 526.401 461.723 383.19 692.249 482.948 582.62 391.272 367.874 351.892 504.409 346.079 329.267 312.737
threshold=9.5000000000000018 0.7749999761581422 115020.00000000001 3.2849999666213994 22.765000343322757 600002.50000000012 1.1649999618530276 9.4962353706359881 -25.744999885559078 1.1950000524520876 510250.00000000006 -20.634999275207516 78.500000000000014 -15.159999847412108
decision_type=2 2 2 2 2 2 2 2 2 2 2 2 2 2
left_child=12 9 13 5 11 -4 -7 -6 -8 10 -2 -5 -1 -3
right_child=1 2 3 4 7 6 8 -9 -10 -11 -12 -13 -14 -15
leaf_value=-0.00051546832372271329 0.0063975924906301473 -0.004321897777778758 0.018602330160835127 0.022091498232115113 -0.037297918881808396 0.029797724143932836 -0.0013125047846709835 0.042207434199962361 -0.082365333399114421 0.028128369064343968 -0.13307965649303966 -0.10404050491182507 -0.073805789126348401 -0.094839797056467653
leaf_weight=96097.174941125224 2473.6405209605582 162.82790283858776 2366.0505602993071 64.710350126028061 298.49162453226745 327.00203092396259 221.83789768815041 318.95070737414062 384.55846679396927 2955.6246802597307 65.55019679479301 311.40840448974632 152.50474763437524 234.02277311898069
leaf_count=1025100 3740 329 3570 79 867 380 409 313 1612 3055 286 1527 10898 1500
internal_value=-7.35405e-06 0.00589871 -0.0063971 -0.0016093 -0.0288244 0.00657706 -0.0238393 0.00369296 -0.0528471 0.0164016 0.00272628 -0.0822062 -0.00063288 -0.0579302
internal_weight=106434 10184.7 4689.86 4293.01 993.561 3299.45 933.398 617.442 606.396 5494.82 2539.19 376.119 96249.7 396.851
internal_count=1053665 17667 10586 8757 2786 5971 2401 1180 2021 7081 4026 1606 1035998 1829
is_linear=0
shrinkage=0.05


Tree=267
num_leaves=15
num_cat=0
split_feature=1 1 5 10 54 38 1 37 17 34 1 37 36 3
split_gain=151.423 309.14 495.404 969.971 533.016 483.447 470.157 464.989 844.651 558.666 894.5 491.132 480.622 459.595
threshold=71155.000000000015 46799.500000000007 67.005001068115249 96890.000000000015 4853912.5000000009 18.500000000000004 46740.000000000007 1.0000000180025095e-35 4038773.0000000005 1.235000014305115 46955.500000000007 5.5000000000000009 0.17500000447034839 95017500.000000015
decision_type=2 2 2 2 2 2 2 2 2 2 2 2 2 2
left_child=1 6 3 4 -3 13 -1 9 11 -5 -11 -9 -12 -4
right_child=-2 2 5 7 -6 -7 -8 8 -10 10 12 -13 -14 -15
leaf_value=0.00015056082589827508 0.0084805304901202447 -0.044847588889466439 0.044760504489691315 0.032215456756130141 0.15824524137155754 -0.1008693850572645 0.030471477538634752 -0.063519172078621344 -0.047394599439549087 -0.12083574972302649 -0.06927796188574914 0.0059757568494084295 0.0083447669116344242 -0.018680250315329005
leaf_weight=87896.160220143851 5006.2593772085529 2108.3533915736043 979.44391647080192 1506.9667748635111 31.748309448827058 77.899069897597656 1296.4310616492876 279.19551842141664 1403.7379925524874 158.20500199397793 217.81841571780387 2741.6753674750798 2245.3318295837671 400.79619276651647
leaf_count=820253 64740 59292 2257 2408 24 595 8376 18058 39220 1435 2903 21002 10243 2859
internal_value=-6.77595e-06 -0.000426612 -0.00790833 -0.0116396 -0.0417389 0.0194094 0.000592178 -0.00409837 -0.0153618 0.00796208 -0.00596862 -0.000449465 0.00143491 0.0263021
internal_weight=106350 101344 12151.2 10693 2140.1 1458.14 89192.6 8552.93 4424.61 4128.32 2621.36 3020.87 2463.15 1380.24
internal_count=1053665 988925 160296 154585 59316 5711 828629 95269 78280 16989 14581 39060 13146 5116
is_linear=0
shrinkage=0.05


Tree=268
num_leaves=15
num_cat=0
split_feature=12 12 57 37 13 202 29 54 57 10 12 1 33 6
split_gain=151.944 532.801 1054.35 800.418 731.039 703.318 686.988 716.831 818.81 648.738 568.042 504.705 472.921 739.411
threshold=1440748.5000000002 1080243.5000000002 5.6358656883239755 8.5000000000000018 892633.00000000012 1.8750000000000002 1.4550000429153445 4171.5000000000009 5.786447525024415 3670774.0000000005 923292.00000000012 3111.5000000000005 45.954999923706062 11896485.000000002
decision_type=2 2 2 2 2 2 2 2 2 2 2 2 2 2
left_child=1 10 4 6 -3 -5 -4 -8 -9 -6 12 -2 -1 -14
right_child=11 2 3 5 9 -7 7 8 -10 -11 -12 -13 13 -15
leaf_value=-0.00049543806523129938 -0.069306232268716086 -0.06382886468266194 -0.023868274308837843 0.01839604652504899 0.038121116918673564 -0.090884739550384327 -0.056473763223053669 -0.4426417670608962 -0.12379813943232779 -0.086401685727898678 0.016349484430255575 0.0032140060395552312 0.0019622562869842297 -0.051816221847648551
leaf_weight=58858.509511296099 240.54746637525386 248.87076091025665 1258.4683231234085 970.64947521872818 1367.1012064211245 172.50617238506675 855.06884526318754 21.638365283608437 218.37111395190004 112.09931457505445 4855.2041181467357 34454.741932884877 1408.9089793314051 1166.1860340718995
leaf_count=605836 6030 6049 11247 1536 4097 868 28068 226 1169 2078 30355 300133 31404 24569
internal_value=-6.81943e-06 -0.00132455 -0.0166955 -0.032487 0.0152293 0.00179647 -0.0491539 -0.0781184 -0.154469 0.0285985 -0.000112044 0.00270779 -0.00141409 -0.0223837
internal_weight=106209 71513.6 5224.77 3496.7 1728.07 1143.16 2353.55 1095.08 240.009 1479.2 66288.8 34695.3 61433.6 2575.1
internal_count=1053665 747502 55338 43114 12224 2404 40710 29463 1395 6175 692164 306163 661809 55973
is_linear=0
shrinkage=0.05


Tree=269
num_leaves=15
num_cat=0
split_feature=202 14 25 36 37 38 32 30 6 35 28 1 37 10
split_gain=150.801 693.931 660.598 416.447 661.022 845.528 829.499 787.133 1109.94 642.95 573.887 557.718 624.787 544.044
threshold=1.7916666865348818 142871.00000000003 -90.075000762939439 0.23499999940395358 1.0000000180025095e-35 17.500000000000004 0.98500001430511486 38.659999847412116 72971700.000000015 53.664999008178718 -3.3850001096725459 71465.500000000015 7.5000000000000009 53888.000000000007
decision_type=2 2 2 2 2 2 2 2 2 2 2 2 2 2
left_child=-1 -2 -3 -4 5 7 -7 10 -9 11 -5 12 -6 -8
right_child=1 2 3 4 9 6 13 8 -10 -11 -12 -13 -14 -15
leaf_value=0.0012115230026996373 -0.069377840902565699 -0.060621277236525606 0.012938841690592421 -0.044078615047613054 -0.056764771442888988 -0.005832596458965048 0.039977902939380042 -0.012825345640454098 -0.1669433064938356 0.0084079649518891218 0.010534771030653915 0.038002094618972873 -0.017556484952550317 -0.10680629076940971
leaf_weight=74825.735060723033 387.00692658477055 473.62839851276658 4459.6020051189553 497.26377778034657 1242.4544549115235 918.18449444114231 72.778854170814157 549.10928079753648 147.77522399660666 2402.4904820609663 13685.604386773572 372.82197078486206 5615.2044750617351 433.50457032653503
leaf_count=784724 12822 6519 24739 2238 91286 2159 67 3246 1381 52322 39566 1917 28106 2573
internal_value=-6.43355e-06 -0.00292359 -0.00208665 -0.00117098 -0.00359933 0.00253358 -0.0342481 0.00606018 -0.0457703 -0.0139839 0.00861348 -0.0214312 -0.0246747 -0.0855701
internal_weight=106083 31257.4 30870.4 30396.8 25937.2 16304.2 1424.47 14879.8 696.885 9632.97 14182.9 7230.48 6857.66 506.283
internal_count=1053665 268941 256119 249600 224861 51230 4799 46431 4627 173631 41804 121309 119392 2640
is_linear=0
shrinkage=0.05


Tree=270
num_leaves=15
num_cat=0
split_feature=50 29 52 57 50 156 7 30 57 12 7 35 7 16
split_gain=152.891 251.09 235.9 214.693 527.212 459.739 423.18 310.877 248.824 804.552 1227.3 882.665 858.865 458.263
threshold=58151.000000000007 -84.209999084472642 73.500000000000014 32.269678115844734 433.00000000000006 0.022489799186587337 9333719.0000000019 27.175000190734867 23.889117240905765 923292.00000000012 25269688.000000004 2364.9699707031255 29621611.000000004 3142377.5000000005
decision_type=2 2 2 2 2 2 2 2 2 2 2 2 2 2
left_child=1 -1 3 8 6 -6 7 -5 -3 10 11 -10 -12 -11
right_child=-2 2 -4 4 5 -7 -8 -9 9 13 12 -13 -14 -15
leaf_value=-0.059134594614934491 0.033226837013545542 -0.00026809456522835948 -0.069480694603510584 -0.07266253140163266 0.04118330926499468 -0.070625212267502055 0.017641199886206663 0.0058403327539121967 -0.055127136360462382 0.035570751007692421 0.17617980944470857 0.02790376160913758 0.017259043252472718 0.00049946541396076718
leaf_weight=178.90826720475161 343.93409092869842 97454.770875169183 121.07443585724104 636.48730640031863 477.99005721823778 112.58469591368339 246.27257237257436 155.59633320674766 1263.6377744701458 2619.1932997685508 115.61582664772868 426.95757659367518 317.98258596577216 1449.7278545554291
leaf_count=5540 4854 914491 9912 27082 2285 1928 2070 2175 35095 11387 263 5908 1761 28914
internal_value=-6.83387e-06 -0.000115885 -1.46692e-05 6.5405e-05 -0.0179396 0.0197007 -0.0393943 -0.0571905 0.000349024 0.0100665 -0.0148568 -0.0341241 0.060057 0.0230906
internal_weight=105921 105577 105398 105277 1628.93 590.575 1038.36 792.084 103648 6193.11 2124.19 1690.6 433.598 4068.92
internal_count=1053665 1048811 1043271 1033359 35540 4213 31327 29257 997819 83328 43027 41003 2024 40301
is_linear=0
shrinkage=0.05


Tree=271
num_leaves=15
num_cat=0
split_feature=21 9 1 57 6 18 1 22 1 1 32 38 2 19
split_gain=149.948 185.584 396.975 400.799 289.567 263.125 388.431 431.927 373.691 390.57 363.007 357.601 350.572 309.751
threshold=6250247.5000000009 17807656.000000004 22212.500000000004 8.0862421989440936 1564203072.0000002 2089716.5000000002 58121.500000000007 578695.50000000012 74155.500000000015 73901.500000000015 -27.374999999999996 9.5000000000000018 788426080.00000012 769140.00000000012
decision_type=2 2 2 2 2 2 2 2 2 2 2 2 2 2
left_child=1 5 -3 -4 -5 11 7 -7 9 -8 -10 12 -1 -13
right_child=-2 2 3 4 -6 6 8 -9 10 -11 -12 13 -14 -15
leaf_value=-0.05870372405528388 -0.037198709948228978 -0.085828437226659962 -0.033810673958723753 0.026387629577208506 -0.073049166879472771 -0.037175608827231955 0.0066329034071359975 -0.0038718982635435363 0.033636245069789822 0.079427214561601039 -0.078159944855647576 0.00019358484485965506 0.17215336471022144 0.021977114723561383
leaf_weight=359.96068806870608 269.33087951128255 97.802012153915712 349.95412006997503 2361.2030485185969 74.363473425764823 1872.3481733433073 1783.7519777168563 2035.2769691389549 104.737886646064 204.85990468499949 228.77935323116253 94420.72687359064 16.178422690893058 1659.7369955861359
leaf_count=47143 4948 6847 4688 24163 3270 50580 24842 62258 208 1240 8464 799446 959 14609
internal_value=-7.28396e-06 8.74772e-05 0.0125963 0.0160995 0.0233023 -0.000263388 -0.010222 -0.0198477 0.00595578 0.0141932 -0.0429064 0.000379383 -0.0482114 0.000570629
internal_weight=105839 105570 2883.32 2785.52 2435.57 102686 6229.75 3907.63 2322.13 1988.61 333.517 96456.6 376.139 96080.5
internal_count=1053665 1048717 38968 32121 27433 1009749 147592 112838 34754 26082 8672 862157 48102 814055
is_linear=0
shrinkage=0.05


Tree=272
num_leaves=15
num_cat=0
split_feature=37 121 24 34 52 25 103 57 5 17 116 9 57 36
split_gain=147.321 493.825 409.643 573.816 302.554 289.063 277.642 268.822 632.184 411.026 683.958 367.398 361.698 262.295
threshold=9.5000000000000018 7.6399292945861825 10.335000038146974 3.8449999094009404 78.500000000000014 10001.500000000002 1.0007903575897219 14.944558620452883 66.93500137329103 3795635.5000000005 2.1250000000000004 2047218.0000000002 13.800137042999269 1.2649999856948855
decision_type=2 2 2 2 2 2 2 2 2 2 2 2 2 2
left_child=4 6 5 -4 13 -3 -2 8 9 -8 11 -11 -10 -1
right_child=1 2 3 -5 -6 -7 7 -9 12 10 -12 -13 -14 -15
leaf_value=-0.0021330457588380728 0.025038701029487177 -0.071218676630862163 0.024886338904484048 -0.085137224560796421 -0.073451323675994704 0.010008957112825453 0.011030468719075025 0.020261013970850766 -0.15440883299911887 -0.11224382633247293 -0.080515509111983602 0.011127509346454376 0.015011163728273692 0.0037106453941064366
leaf_weight=68925.152999419734 2292.97746299766 472.92463184217922 588.67922006733716 147.27766565792263 141.36855586164165 140.81063247658312 3137.0382516980753 1949.8691748903366 103.1069168895483 64.431827023625374 363.59097151271999 773.78561078757048 44.197333723306656 26614.191692255641
leaf_count=725028 2552 2088 944 776 10898 272 4904 2740 501 266 1499 1073 52 300072
internal_value=-7.54534e-06 0.00574147 -0.0223825 0.00271523 -0.000613704 -0.0525151 0.0100978 0.004764 -0.00196353 0.0014945 -0.0233438 0.00146221 -0.10348 -0.000504636
internal_weight=105759 10078.7 1349.69 735.957 95680.7 613.735 8729 6436.02 4486.15 4338.85 1201.81 838.217 147.304 95539.3
internal_count=1053665 17667 4080 1720 1035998 2360 13587 11035 8295 7742 2838 1339 553 1025100
is_linear=0
shrinkage=0.05


Tree=273
num_leaves=15
num_cat=0
split_feature=25 32 34 33 20 55 32 27 25 32 0 26 19 25
split_gain=146.475 408.087 529.831 365.872 495.064 334.355 506.271 313.163 294.994 575.702 800.049 791.35 699.547 546.09
threshold=-81.00500106811522 1.1050000190734866 0.74500000476837169 4.5950000286102304 74531.500000000015 2189.5000000000005 0.90500000119209301 -6.4149999618530265 -20.039999961853024 1.6250000000000002 91.500000000000014 -5.0250000953674308 1283007.0000000002 -23.894999504089352
decision_type=2 2 2 2 2 2 2 2 2 2 2 2 2 2
left_child=1 5 -3 -4 -5 7 -7 -1 9 -2 12 13 -11 -12
right_child=8 2 3 4 -6 6 -8 -9 -10 10 11 -13 -14 -15
leaf_value=-0.094364118602319927 0.0082200013071971733 -0.12269389519611949 0.017890760409014484 -0.063196506819877915 0.0097731875885847287 0.0099089214481444046 -0.14743577651995216 0.037896424485789205 0.00065321110974640511 -0.03442450104710372 0.010362562649050524 -0.078936791841729831 0.024330140193765105 -0.15552921551125792
leaf_weight=44.87153461726848 4078.5473544531706 91.698445077170618 1182.7107762419328 431.21712454486988 500.29589483085147 253.42835590592586 62.87158720055595 1643.9477674039081 88313.929139049942 4447.2612002215174 3725.9433897245908 279.22102960851043 569.98227462646901 49.249648151919246
leaf_count=697 18660 1147 6514 10229 5957 566 456 4799 887388 96666 8193 1140 10927 326
internal_value=-6.88428e-06 0.00912901 -0.00569182 -0.000537942 -0.023984 0.0254537 -0.0215753 0.0342989 -0.000386628 -0.00737328 -0.0143895 0.00211708 -0.0277362 0.00814455
internal_weight=105675 4211.04 2205.92 2114.22 931.513 2005.12 316.3 1688.82 101464 13150.2 9071.66 4054.41 5017.24 3775.19
internal_count=1053665 30365 23847 22700 16186 6518 1022 5496 1023300 135912 117252 9659 107593 8519
is_linear=0
shrinkage=0.05


Tree=274
num_leaves=15
num_cat=0
split_feature=38 16 57 57 15 7 14 3 6 27 1 35 1 7
split_gain=148.529 476.041 608.02 673.902 1109.35 850.561 1136.72 1306.51 669.299 622.812 604.236 586.719 739.237 678.293
threshold=16.500000000000004 2261704.5000000005 16.830937385559086 7.9493498802185067 399999.50000000006 31355411.000000004 2023964.5000000002 199234672.00000003 145648768.00000003 -9.0050001144409162 52992.500000000007 2.9250000715255742 30399.500000000004 29621611.000000004
decision_type=2 2 2 2 2 2 2 2 2 2 2 2 2 2
left_child=-1 2 3 -2 5 6 7 -5 -6 -8 11 13 -13 -4
right_child=1 -3 10 4 8 -7 9 -9 -10 -11 -12 12 -14 -15
leaf_value=0.0012536223836511137 0.0027328348338093258 -0.021613475700851648 0.033542665606680656 -0.079391598129921456 0.015609800472139449 0.020322108079025181 -0.059359423982573378 -0.0048681306287760295 -0.054174404040287727 -0.0002572209578613721 -0.050814522887823912 -0.066970304582650547 0.011173463101800903 -0.046439166146620532
leaf_weight=72696.611242281244 13791.752996308802 3048.6018753290409 3681.2016027839854 1914.4183519804501 3187.6397308129817 838.66468320108834 550.63983477832517 851.0280200963025 383.8979688512045 2331.1781100939843 343.68814458197448 397.83761577348923 1251.860755086469 284.27745698805666
leaf_count=809385 100261 35694 16338 32924 10488 2245 4347 5142 3524 11846 6263 4855 8743 1610
internal_value=-6.84304e-06 -0.00279714 -0.000870378 -0.00444152 -0.014284 -0.0266069 -0.0335875 -0.0564862 0.00808177 -0.0115841 0.0134124 0.0173608 -0.00767038 0.0277861
internal_weight=105553 32856.7 29808.1 23849.2 10057.5 6485.93 5647.26 2765.45 3571.54 2881.82 5958.87 5615.18 1649.7 3965.48
internal_count=1053665 244280 208586 170777 70516 56504 54259 38066 14012 16193 37809 31546 13598 17948
is_linear=0
shrinkage=0.05


Tree=275
num_leaves=15
num_cat=0
split_feature=27 6 21 12 30 20 16 11 27 25 6 6 18 27
split_gain=145.734 480.839 297.805 269.722 244.465 227.933 226.677 518.799 496.467 481.43 490.834 752.032 672.647 512.965
threshold=-86.93999862670897 229743688.00000003 13432.500000000002 5004506.5000000009 -97.735000610351548 138.50000000000003 2759884.5000000005 5556813.0000000009 -28.144999504089352 7.6549999713897714 83891548.000000015 814129.46875000012 383089.50000000006 202.55500030517581
decision_type=2 2 2 2 2 2 2 2 2 2 2 2 2 2
left_child=1 2 -1 -3 -4 -6 -2 -8 -9 -10 11 -11 -13 -12
right_child=6 3 4 -5 5 -7 7 8 9 10 13 12 -14 -15
leaf_value=-0.075703095957754374 0.00056203275061574433 -0.07940041117913299 -0.091321006645394109 0.015578066315702507 -0.093087859501602477 0.019012507519675731 -0.055908570754266231 -0.03779154403502636 0.0084966699558241387 -0.032083924074781743 -0.039036139501086156 -0.091123598678254619 0.02007643439293472 0.021904583824346735
leaf_weight=89.186926594731631 87113.301625012944 225.92875770834507 51.071150425821543 109.85071393474936 44.786031075986102 3721.4679762491141 506.74346800496278 1028.7257984398311 6032.2662270271103 1278.3717122782691 2041.734369400845 142.33472808642546 2616.8350493071484 413.76272089910344
leaf_count=5097 783759 3977 414 886 543 19327 24162 22496 79858 40901 49045 1791 18637 2772
internal_value=-7.09535e-06 0.00907015 0.0140188 -0.0482256 0.0161474 0.0176418 -0.00038829 -0.00627918 -0.00441601 -0.00166803 -0.011119 -0.00038421 0.014291 -0.0287423
internal_weight=105416 4242.29 3906.51 335.779 3817.33 3766.25 101174 14060.8 13554 12525.3 6493.04 4037.54 2759.17 2455.5
internal_count=1053665 30244 25381 4863 20284 19870 1023421 239662 215500 193004 113146 61329 20428 51817
is_linear=0
shrinkage=0.05


Tree=276
num_leaves=15
num_cat=1
split_feature=202 21 25 21 35 15 1 8 27 33 35 6 37 9
split_gain=143.749 645.934 592.175 410.933 433.292 710.854 928.931 876.471 866.157 661.984 699.351 661.978 559.459 1014.48
threshold=1.7916666865348818 1.0000000180025095e-35 -90.075000762939439 2283.0000000000005 6.1150000095367441 310002.50000000006 41111.500000000007 0 1.0000000180025095e-35 20.144999504089359 1.1649999618530276 88564500.000000015 1.0000000180025095e-35 380188.50000000006
decision_type=2 2 2 2 2 2 2 1 2 2 2 2 2 2
left_child=-1 -2 -3 -4 9 7 -7 11 -9 12 -11 -6 -5 -14
right_child=1 2 3 4 5 6 -8 8 -10 10 -12 -13 13 -15
leaf_value=0.0011815519652868883 -0.068848738261534884 -0.058263771150057 0.049857975221475642 0.016422734264550477 0.0024015990465573751 -0.018856063573846237 0.015028808884767115 -0.022536514063469813 -0.085541245958765 0.009974420448173529 -0.057942797566839337 -0.04683931219720968 0.08799987644961399 -0.01147800313505805
leaf_weight=74429.622161756444 365.67660789759248 460.96504481461307 387.66131959079939 7859.7173413061537 3800.4735901936074 3268.6335229184042 5300.9367881725484 1662.971642457589 814.00016742270964 701.83617167396005 819.71711854313617 830.5438484470651 271.4329525915673 4308.7231372950773
leaf_count=784724 12643 6511 6374 15661 33454 38327 39977 26696 17967 3312 9700 17063 482 40774
internal_value=-7.48901e-06 -0.00287746 -0.00208232 -0.00121625 -0.00188762 -0.00759357 0.0020978 -0.0192834 -0.0432879 0.00451621 -0.0265963 -0.00642686 0.00832751 -0.00555383
internal_weight=105283 30853.3 30487.6 30026.6 29639 15677.6 8569.57 7107.99 2476.97 13961.4 1521.55 4631.02 12439.9 4580.16
internal_count=1053665 268941 256298 249787 243413 173484 78304 95180 44663 69929 13012 50517 56917 41256
cat_boundaries=0 1
cat_threshold=2
is_linear=0
shrinkage=0.05


Tree=277
num_leaves=15
num_cat=0
split_feature=21 14 13 15 6 24 9 53 57 10 20 36 57 15
split_gain=144.181 390.8 388.317 577.22 602.295 574.796 522.829 516.698 508.095 487.309 651.974 679.673 815.411 487.443
threshold=248496.00000000003 1981508.5000000002 3248795.0000000005 979637.00000000012 360444.00000000006 10.335000038146974 912964.50000000012 1.0000000180025095e-35 30.78850078582764 3522608.5000000005 3474.0000000000005 0.35500000417232519 9.2498288154602069 599999.50000000012
decision_type=2 2 2 2 2 2 2 2 2 2 2 2 2 2
left_child=2 -2 8 4 6 -6 -4 -8 9 -1 13 -12 -13 -11
right_child=1 -3 3 -5 5 -7 7 -9 -10 10 11 12 -14 -15
leaf_value=-0.00040160178853978752 -0.077625914886174152 0.0048009747716370576 0.012070976528606052 -0.056240772755973861 -0.019903917069223245 0.0129209586984996 -0.047001434888665768 -0.15920160395762775 -0.033484541756406014 -0.011216482369480696 0.026270095638164782 0.0073164208720058604 -0.063312295636234209 0.073129151543042073
leaf_weight=74454.715400145404 143.93368867786194 17465.907726963138 267.94922784564551 670.33340275577211 2345.2401607623033 3088.6387530270877 475.97126900029252 131.3192090690136 1106.8960334335134 223.00878912257031 2144.6012799499731 1301.8472344595066 593.87175577318703 720.5991882137605
leaf_count=743745 4984 150237 2290 12961 19585 21332 11523 698 28559 3672 10625 10215 31300 1939
internal_value=-7.33581e-06 0.00412005 -0.000838366 -0.0121513 -0.00745082 -0.00123798 -0.0459204 -0.0715674 0.000141447 0.000611035 0.0157459 0.00698649 -0.0148048 0.0531515
internal_weight=105135 17609.8 87525 6979.45 6309.12 5433.88 875.24 607.29 80545.5 79438.6 4983.93 4040.32 1895.72 943.608
internal_count=1053665 155221 898444 68389 55428 40917 14511 12221 830055 801496 57751 52140 41515 5611
is_linear=0
shrinkage=0.05


Tree=278
num_leaves=15
num_cat=0
split_feature=0 9 1 19 35 18 22 27 38 57 27 18 21 28
split_gain=142.649 156.228 1040.74 438.072 347.978 424.057 358.049 475.124 333.971 310.472 284.426 275.817 495.142 370.563
threshold=29.500000000000004 8034344.0000000009 22205.000000000004 -936939.49999999988 1.6649999618530276 3952614.5000000005 461751.00000000006 -97.354999542236314 19.500000000000004 3.3333333730697636 -85.555000305175767 2089716.5000000002 41950.500000000007 1.8949999809265139
decision_type=2 2 2 2 2 2 2 2 2 2 2 2 2 2
left_child=-1 11 8 10 5 9 7 -6 -3 -5 -4 -2 -13 -14
right_child=1 2 3 4 6 -7 -8 -9 -10 -11 -12 12 13 -15
leaf_value=-0.057682384799035008 6.5869260178882686e-05 -0.087137376187678431 0.045944283849147241 -0.074115732427938286 0.037181993168346479 -0.073875739206690147 0.017323077031797068 -0.026602426818695332 0.049361399567503766 0.04153261020186242 -0.042281949508136345 0.021151121845324888 -0.00096760477814522973 -0.035213895448826679
leaf_weight=106.10097246817895 92935.324406616623 362.27680954653624 108.0578697999008 58.773690507339779 380.99456729064696 87.839161229901947 3226.2363295661926 1233.1506621073931 49.971594940696377 1804.5404897949193 552.01526450043457 840.01466813639854 1303.8903618368786 2015.063997250254
leaf_count=9612 841982 17582 430 912 587 1859 48776 17310 69 4865 7105 23095 17647 61834
internal_value=-7.24931e-06 5.11265e-05 0.0068294 0.0111171 0.0149021 0.0327308 0.00769978 -0.0115024 -0.070391 0.0378201 -0.0277155 -0.000497409 -0.0130933 -0.0217792
internal_weight=105064 104958 7863.86 7451.61 6791.53 1951.15 4840.38 1614.15 412.248 1863.31 660.073 97094.3 4158.97 3318.95
internal_count=1053665 1044053 99495 81844 74309 7636 66673 17897 17651 5777 7535 944558 102576 79481
is_linear=0
shrinkage=0.05


Tree=279
num_leaves=15
num_cat=0
split_feature=57 38 50 25 5 37 57 57 54 57 5 37 106 5
split_gain=142.529 151.529 387.092 354.982 338.56 490.57 474.985 1261 452.561 446.898 438.734 411.277 624.367 635.474
threshold=0.69952088594436657 14.500000000000002 6691.0000000000009 -96.29000091552733 67.08499908447267 5.5000000000000009 21.917864799499515 22.449007987976078 46306.000000000007 10.950034618377687 67.284999847412124 8.5000000000000018 0.71950000524520885 10.074999809265138
decision_type=2 2 2 2 2 2 2 2 2 2 2 2 2 2
left_child=-1 3 -3 -2 11 6 9 8 -8 -6 -11 -5 13 -13
right_child=1 2 -4 4 5 -7 7 -9 -10 10 -12 12 -14 -15
leaf_value=-0.052826703767182327 -0.080164076428147948 -0.0012673374365191952 -0.049784131348005932 -0.0018751691704994478 -0.0063739592769127525 -0.0081761085087165113 -0.10352738966975827 -0.0066605950086064056 -0.7134108916587748 0.073015450476401692 0.02136254146740954 0.024901233627733121 -0.0048358320924488055 -0.019131306765869417
leaf_weight=126.56526167210541 129.31832461514568 58958.555955243843 413.07813542387157 30185.762412019023 442.44227604975458 1246.3383067204268 5.5508859842375369 230.97559029964032 7.8568502068519592 926.30252829159144 746.62734840088524 5923.9198323767632 4693.6839976608753 948.83257249183953
leaf_count=29508 3475 391143 6582 580930 2812 10604 117 1989 136 2915 2233 7548 11654 2019
internal_value=-7.15973e-06 5.66199e-05 -0.00160657 0.00222854 0.00246631 0.0171639 0.0305666 -0.0352178 -0.489096 0.0382032 0.0500192 0.00119532 0.00921238 0.0188131
internal_weight=104986 104859 59371.6 45487.6 45358.3 3606.09 2359.76 244.383 13.4077 2115.37 1672.93 41752.2 11566.4 6872.75
internal_count=1053665 1024157 397725 626432 622957 20806 10202 2242 253 7960 5148 602151 21221 9567
is_linear=0
shrinkage=0.05


Tree=280
num_leaves=15
num_cat=0
split_feature=5 5 57 1 54 2 5 37 57 0 5 121 3 7
split_gain=142.338 299.268 591.988 452.458 435.521 442.366 362.155 618.222 469.138 459.923 430.638 367.561 329.95 425.187
threshold=67.975002288818374 67.384998321533217 12.16837787628174 46740.000000000007 25968.000000000004 169843136.00000003 67.08499908447267 5.5000000000000009 21.917864799499515 91.500000000000014 67.284999847412124 -2.6097031831741329 299981520.00000006 8894594.5000000019
decision_type=2 2 2 2 2 2 2 2 2 2 2 2 2 2
left_child=1 6 4 -4 -3 -6 -1 8 11 -9 -11 -8 -13 -14
right_child=-2 2 3 -5 5 -7 7 9 -10 10 -12 12 13 -15
leaf_value=-0.00040479633273400356 0.014674985811524426 -0.042214201886254431 -0.020969200963356513 0.040929327310213558 -0.2113031165026289 0.047473507070984834 -0.072058425538300094 -0.069537981785565847 -0.06899724222118124 0.023201233856112786 -0.11800697194678023 0.030757364803202819 0.1806814246846204 0.048367423657411847
leaf_weight=98121.688661163658 1624.3722646313836 467.96777416090481 963.06259529321687 424.43732919357717 78.242900156241376 20.078765064477921 76.637196079129353 301.07764134102035 113.35415953138727 482.57832137495279 59.734818164259195 1888.5100256984588 86.299090285145212 208.87006961659063
leaf_count=1018626 4234 3596 5281 958 627 35 837 8887 1954 713 273 6598 406 640
internal_value=-5.79704e-06 -0.00023729 -0.0196151 -0.00198254 -0.06265 -0.158008 0.000136007 0.0166413 0.0297119 -0.0200777 0.0073668 0.0347126 0.0385139 0.0877006
internal_weight=104917 103293 1953.79 1387.5 566.289 98.3217 101339 3217.06 2373.67 843.391 542.313 2260.32 2183.68 295.169
internal_count=1053665 1049431 10497 6239 4258 662 1038934 20308 10435 9873 986 8481 7644 1046
is_linear=0
shrinkage=0.05


Tree=281
num_leaves=15
num_cat=1
split_feature=27 9 34 1 8 6 13 14 55 12 110 15 27 13
split_gain=142.719 434.875 516.351 431.535 383.726 483.15 486.911 857.624 457.004 563.05 491.179 428.617 1045.37 475.131
threshold=11.295000076293947 407266.50000000006 6.2850000858306894 10355.000000000002 0 111498248.00000001 2330017.0000000005 3423652.5000000005 1608.0000000000002 1646303.0000000002 1.6434999704360964 99999.500000000015 12.775000095367433 3137964.0000000005
decision_type=2 2 2 2 1 2 2 2 2 2 2 2 2 2
left_child=-1 2 3 -2 11 8 7 -7 -6 10 -10 12 -3 -14
right_child=1 4 -4 -5 5 6 -8 -9 9 -11 -12 -13 13 -15
leaf_value=-0.0011950336620901777 0.080490380996343577 0.073079627618179321 -0.068540174787845964 0.0098483239814489681 -0.0089242767454999605 0.0030858771997793288 0.02146344739307365 -0.068594908409378916 -0.10844052036448121 -0.012246715817731036 0.020869950528399767 0.0079352439697921943 -0.076142443117018094 0.016513656142271207
leaf_weight=74079.306352667423 473.99691068987158 205.93830882548355 104.92074016373954 400.61570708494401 4499.3950925605604 2634.6819990102522 2462.771410516536 494.56754197472037 399.77378802851308 592.82180369261187 88.796343365684152 17683.487709011431 570.55812580967904 181.04470666439738
leaf_count=800348 499 427 2839 1848 73950 15914 17562 10501 2894 2078 192 109701 13202 1710
internal_value=-5.34427e-06 0.002855 0.0356215 0.0482381 0.00177562 -0.00554871 0.0048312 -0.00824536 -0.0159575 -0.0451393 -0.0848419 0.00616832 -0.0263845 -0.0537649
internal_weight=104873 30793.4 979.533 874.613 29813.8 11172.8 5592.02 3129.25 5580.79 1081.39 488.57 18641 957.541 751.603
internal_count=1053665 253317 5186 2347 248131 123091 43977 26415 79114 5164 3086 125040 15339 14912
cat_boundaries=0 1
cat_threshold=2
is_linear=0
shrinkage=0.05


Tree=282
num_leaves=15
num_cat=0
split_feature=35 30 10 37 52 1 10 57 33 57 0 19 19 20
split_gain=147.11 413.74 380.578 900.053 559.511 456.869 441.924 422.517 410.239 407.085 503.317 428.495 586.028 391.985
threshold=53.664999008178718 -53.640001296997063 1291400.0000000002 7.5000000000000009 6.5000000000000009 26564.500000000004 359357.50000000006 15.073237895965578 33.555000305175788 11.043120861053469 91.500000000000014 120625.00000000001 180529.00000000003 300716.00000000006
decision_type=2 2 2 2 2 2 2 2 2 2 2 2 2 2
left_child=-1 -2 5 4 9 6 7 -3 -5 11 13 -4 -13 -11
right_child=1 2 3 8 -6 -7 -8 -9 -10 10 -12 12 -14 -15
leaf_value=-0.00078403136728676191 -0.035811825973553618 0.020915598365673253 -0.052975126684561016 0.0010118331111839231 0.025178078108094921 0.01916662839062476 -0.064270736084957356 -0.10986345286122123 0.035717083308442116 -0.058109445716656341 -0.12817102017885326 0.038143693776435283 -0.023842652178062852 0.00079695679152973252
leaf_weight=89363.166406668024 609.84748320883955 569.06056878088566 481.35963733914832 1840.1282960078097 640.21984015157796 6348.2471134094376 332.69691762150615 68.218005449103657 1588.9307487579063 731.73096772638382 166.92538261087611 632.3854320460232 956.91367375585833 456.781083271635
leaf_count=823712 6059 6531 13393 7525 13065 77269 8576 624 5433 44213 931 4421 27054 14859
internal_value=-5.23703e-06 0.0045036 0.00616899 -0.00174408 -0.017659 0.0142796 -0.0176403 0.00668772 0.0171136 -0.0256834 -0.0469885 -0.0116972 0.00079888 -0.0354463
internal_weight=104787 15423.4 14813.6 7495.38 4066.32 7318.22 969.975 637.279 3429.06 3426.1 1355.44 2070.66 1589.3 1188.51
internal_count=1053665 229953 223894 130894 117936 93000 15731 7155 12958 104871 60003 44868 31475 59072
is_linear=0
shrinkage=0.05


Tree=283
num_leaves=15
num_cat=0
split_feature=7 1 57 57 6 1 1 2 4 4 4 2 2 37
split_gain=142.591 337.9 346.833 272.213 231.939 212.072 236.232 204.257 204.083 226.617 222.8 333.1 453.054 286.457
threshold=92831288.000000015 10355.000000000002 12.80903482437134 22.449007987976078 201153712.00000003 46317.000000000007 27301.500000000004 541071744.00000012 114849260.00000001 111771364.00000001 22708260.000000004 151000000.00000003 55395000.000000007 5.5000000000000009
decision_type=2 2 2 2 2 2 2 2 2 2 2 2 2 2
left_child=8 2 -2 -4 -3 6 7 -6 9 10 11 12 -1 -13
right_child=1 4 3 -5 5 -7 -8 -9 -10 -11 -12 13 -14 -15
leaf_value=-0.00012018736428687486 0.054710516311314045 -0.14721122538949002 -0.11691526112061437 0.054143287612425629 -0.084535249689132785 -0.072370999034234981 0.024845664528081908 0.039885077854378288 -0.035340464358515407 0.05615199615493377 -0.036451275720752192 0.051873596553869306 -0.077517515391895303 -0.02892426411815149
leaf_weight=101387.28916474411 601.82595538720489 27.525040293578058 56.384266592445783 37.866571680875495 105.39315200546116 92.362634303106461 499.70880070497515 46.472732491150964 411.14444156555692 177.82163680205122 420.72082946132286 529.16922861861531 188.43446954757383 136.76279827964026
leaf_count=1019651 729 259 484 94 1452 1525 1701 152 14142 147 7625 1625 2333 1746
internal_value=-5.62712e-06 0.0154645 0.0407074 -0.0478183 -0.00727029 -0.00183482 0.00818286 -0.0461222 -0.000226139 -8.49276e-05 -0.000183369 -3.32834e-05 -0.000265022 0.0351866
internal_weight=104719 1467.54 696.077 94.2508 771.462 743.937 651.575 151.866 103251 102840 102662 102242 101576 665.932
internal_count=1053665 6396 1307 578 5089 4830 3305 1604 1047269 1033127 1032980 1025355 1021984 3371
is_linear=0
shrinkage=0.05


Tree=284
num_leaves=15
num_cat=0
split_feature=12 14 29 20 18 32 16 20 10 10 18 6 107 84
split_gain=142.31 468.657 460.5 613.78 449.711 405.089 402.096 392.303 334.156 364.549 438.16 450.995 431.914 417.148
threshold=2663287.5000000005 3007591.5000000005 38.975000381469734 45945.500000000007 5738265.0000000009 45.774999618530281 -1.0000000180025095e-35 5312.5000000000009 245386.50000000003 4622909.0000000009 1380824.0000000002 286192320.00000006 0.36999998986721044 5.5719099044799814
decision_type=2 2 2 2 2 2 2 2 2 2 2 2 2 2
left_child=4 -2 7 5 6 -4 -1 -3 -9 10 13 -12 -11 -10
right_child=1 2 3 -5 -6 -7 -8 8 9 12 11 -13 -14 -15
leaf_value=-0.039391063426195139 0.0372707678399238 -0.027125666190624387 0.30272579921819026 -0.05920923422855065 -0.075084886191180922 0.060316540323626877 -0.0004285235700525427 -0.034861611828000523 7.0882582059827125e-05 0.011971294732241931 0.0014640339415039805 -0.058116514329367132 -0.01275787802539341 0.026275388292203983
leaf_weight=666.54640148539329 989.52200646616984 1189.8097065422917 17.10541722131893 113.02560819570499 202.91934692121868 469.41093155546696 83108.142773081403 577.56777422130108 2322.8969597032992 2690.9267335587792 2426.9880925302859 364.19795832912496 5125.1421248958941 4406.9511195338855
leaf_count=6202 4294 9933 49 12575 12937 3276 833177 4453 8979 24414 21012 8120 89632 14612
internal_value=-5.04767e-06 0.00370834 0.00201852 0.0451312 -0.000920721 0.0695454 -0.000739589 0.000660639 0.00251028 0.00376011 0.0103304 -0.00631024 -0.00423725 0.0172393
internal_weight=104671 20693.5 19704 599.542 83977.6 486.516 83774.7 19104.5 17914.7 17337.1 9521.03 2791.19 7816.07 6729.85
internal_count=1053665 201349 197055 15900 852316 3325 839379 181155 171222 166769 52723 29132 114046 23591
is_linear=0
shrinkage=0.05


Tree=285
num_leaves=15
num_cat=0
split_feature=27 25 18 57 25 26 32 29 30 21 10 190 15 25
split_gain=140.001 379.95 444.367 437.432 197.927 214.547 169.71 578.527 715.775 606.533 668.031 757.699 565.342 547.358
threshold=1048.529968261719 1206.850036621094 306640.50000000006 15.073237895965578 37.440000534057624 -18.654999732971188 1.6250000000000002 1.6950000524520876 0.98500001430511486 2065971.5000000002 371984.00000000006 0.99133330583572399 49999.500000000007 -40.56500053405761
decision_type=2 2 2 2 2 2 2 2 2 2 2 2 2 2
left_child=6 2 -2 4 5 -4 13 8 -8 10 -10 -12 -9 -1
right_child=1 -3 3 -5 -6 -7 7 12 9 -11 11 -13 -14 -15
leaf_value=0.016164944733581377 0.06581474333654426 -0.077629090499252595 -0.077856472549890088 -0.10343803191837592 -0.051677989144859618 0.030238511810522634 0.0073758414733406958 -0.057519812338415105 0.02078060680543363 0.056137297962807448 -0.0077546190689134894 -0.053795837346132691 0.00057253540621040537 -5.1842596645185782e-05
leaf_weight=5765.9218137880525 410.33218608109746 100.76526041317265 47.934484723577043 85.842811970607727 98.80330856112414 702.40501737277373 2254.716264572955 422.62395576169365 550.84831707936246 209.0760482083715 1368.4942657755601 2591.0593382739171 36807.496455299188 53181.857015628644
leaf_count=22835 997 2124 1667 2378 1463 2881 18667 19088 2636 1655 17338 38450 447040 474446
internal_value=-4.77708e-06 0.0154389 0.0224994 0.00338635 0.0143534 0.023172 -0.000221913 -0.0025643 -0.0157792 -0.0268513 -0.0307209 -0.0379017 -8.70939e-05 0.00153379
internal_weight=104598 1446.08 1345.32 934.986 849.143 750.34 103152 44204.3 6974.19 4719.48 4510.4 3959.55 37230.1 58947.8
internal_count=1053665 11510 9386 8389 6011 4548 1042155 544874 78746 60079 58424 55788 466128 497281
is_linear=0
shrinkage=0.05


Tree=286
num_leaves=15
num_cat=0
split_feature=17 27 20 6 6 33 20 24 17 25 21 26 21 19
split_gain=137.035 452.73 529.209 358.974 430.704 607.917 469.647 365.972 337.949 825.995 776.498 674.915 546.732 480.416
threshold=10813217.000000002 -0.49500000476837153 799.00000000000011 364059104.00000006 66261034.000000007 4.4149999618530282 130086.50000000001 18.714999198913578 6150669.5000000009 -16.26500034332275 194235.00000000003 -1.9600000381469724 16722.500000000004 94383.500000000015
decision_type=2 2 2 2 2 2 2 2 2 2 2 2 2 2
left_child=8 2 -2 4 5 -4 -6 -5 -1 10 13 -12 -11 -10
right_child=1 -3 3 7 6 -7 -8 -9 9 12 11 -13 -14 -15
leaf_value=0.00044139723422807531 -0.1512806025355542 0.009622263296369702 0.029182749874498516 -0.085326910681163423 0.019911177631686129 -0.038625916881859131 -0.041879078489400409 -0.0056043317131147692 -0.023251168618708802 -0.083439343982758124 0.013325007857077707 -0.093684431249715275 -0.0010051013056251129 -0.094748652366115405
leaf_weight=76075.483913881559 63.072701429016888 11501.166845272382 445.02286059923063 274.18009191958117 2217.590359697293 1270.1485234532738 355.64812845159031 305.21269590657903 374.64675336304936 204.4067275654379 805.46570931345923 179.21259372623172 9778.7428181852156 642.63860796637891
leaf_count=725071 1052 139459 3947 10387 12059 26313 7842 6314 5211 10954 5070 2614 80261 17111
internal_value=-4.79139e-06 0.00418627 -0.00848233 -0.00659111 -0.00158401 -0.0209962 0.0113388 -0.0434988 -0.000787446 -0.00859108 -0.0378964 -0.00617539 -0.00270615 -0.0685153
internal_weight=104493 16432 4930.88 4867.8 4288.41 1715.17 2573.24 579.393 88060.6 11985.1 2001.96 984.678 9983.15 1017.29
internal_count=1053665 207373 67914 66862 50161 30260 19901 16701 846292 121221 30006 7684 91215 22322
is_linear=0
shrinkage=0.05


Tree=287
num_leaves=15
num_cat=0
split_feature=35 36 12 33 32 32 14 13 35 52 13 12 52 35
split_gain=137.152 380.521 386.727 423.567 381.605 374.469 550.934 848.926 623.757 594.612 394.01 373.558 344.865 335.731
threshold=53.664999008178718 0.074999999254941954 11069111.000000002 9999.9951171875018 -41.400001525878899 50.635000228881843 962453.00000000012 373406.50000000006 308.67500305175787 7.5000000000000009 388584.00000000006 4402413.5000000009 9.5000000000000018 23.695000648498539
decision_type=2 2 2 2 2 2 2 2 2 2 2 2 2 2
left_child=13 2 -2 -4 -3 6 7 8 -6 10 -9 -7 -11 -1
right_child=1 4 3 -5 5 11 -8 9 -10 12 -12 -13 -14 -15
leaf_value=6.1013081542035501e-05 -0.042004674798298336 -0.083346036880222185 -0.077224104411456398 0.046802569291282854 0.032595182991265813 -0.050451691309722539 0.0049650613021896758 0.12748360195848327 -0.061040020771940533 0.23971557039328581 0.038757814729242161 0.052986727618624829 -0.048234859956557838 -0.012272366569009922
leaf_weight=83209.195223730043 819.8361121230555 115.61949080257182 88.04631996450189 300.44753641844727 394.31995672630728 479.29911350023758 11406.207661707238 143.006118441117 322.00624562386656 63.724339899548795 1011.5099735764088 105.36675718348124 11.698842454265103 5908.1386971307948
leaf_count=744482 19533 3558 1452 1438 5135 44160 128315 451 12261 271 8450 4066 863 79230
internal_value=-5.69183e-06 0.00437346 -0.0225306 0.0184393 0.00669181 0.00744826 0.00916696 0.0337515 -0.00945286 0.058942 0.0498921 -0.0316663 0.194351 -0.00075621
internal_weight=104378 15261.1 1208.33 388.494 14052.8 13937.1 13352.5 1946.27 716.326 1229.94 1154.52 584.666 75.4232 89117.3
internal_count=1053665 229953 22423 2890 207530 203972 155746 27431 17396 10035 8901 48226 1134 823712
is_linear=0
shrinkage=0.05


Tree=288
num_leaves=15
num_cat=0
split_feature=202 14 25 38 57 57 1 6 57 38 17 159 6 17
split_gain=136.249 601.865 524.195 362.626 428.629 489.176 465.11 1064.65 1030.51 848.971 587.671 408.049 378.237 371.555
threshold=1.7916666865348818 142871.00000000003 -90.075000762939439 17.500000000000004 2.8076659440994267 3.9082820415496831 20412.000000000004 674946.00000000012 10.334017753601076 19.500000000000004 11239868.500000002 -0.01864037103950977 302497.50000000006 10728534.500000002
decision_type=2 2 2 2 2 2 2 2 2 2 2 2 2 2
left_child=3 -2 -3 13 -5 -6 8 12 -7 10 -9 -11 -8 -1
right_child=1 2 -4 4 5 6 7 9 -10 11 -12 -13 -14 -15
leaf_value=-0.0018416929907968155 -0.067887229891014464 -0.055360787176240711 -0.0012420135462232554 -0.049380029569689371 0.048341741632017737 -0.065177100312691957 -0.022536626754509553 0.033652837532533494 0.015064240813943794 -0.08423087003810098 -0.082822925028186264 -0.0026577582790747287 -0.11775721205831896 0.0089228183236085747
leaf_weight=54279.36626453224 350.38187759277207 453.3812039451368 29611.646677234705 294.95650848333025 832.13649229274597 642.51097777904943 904.34255099820439 4854.4853965140064 1055.509915107803 174.007287111599 109.5989729934372 1249.4131607293384 117.50015746010467 9404.0235809478545
leaf_count=618892 12822 6519 249600 4100 2741 5052 6950 9610 3084 1767 1389 4754 803 125582
internal_value=-6.55522e-06 -0.00282376 -0.0020616 0.001152 0.00988749 0.0116561 0.00829371 0.0137063 -0.0152892 0.0212924 0.031055 -0.012717 -0.0336392 -0.000251215
internal_weight=104333 30415.4 30065 73917.9 10234.5 9939.5 9107.37 7409.35 1698.02 6387.5 4964.08 1423.42 1021.84 63683.4
internal_count=1053665 268941 256119 784724 40250 36150 33409 25273 8136 17520 10999 6521 7753 744474
is_linear=0
shrinkage=0.05


Tree=289
num_leaves=15
num_cat=0
split_feature=38 24 3 1 1 116 26 1 55 54 38 1 35 54
split_gain=141.78 439.599 423.88 765.241 884.874 649.731 651.997 594.784 567.214 521.949 595.531 513.851 487.962 532.791
threshold=16.500000000000004 9.2750000953674334 95017500.000000015 42202.500000000007 23221.500000000004 0.87500000000000011 64.674999237060561 41115.500000000007 17091.000000000004 948.50000000000011 17.500000000000004 41111.500000000007 5.5650000572204599 2312755.5000000005
decision_type=2 2 2 2 2 2 2 2 2 2 2 2 2 2
left_child=-1 2 5 4 8 -2 12 11 -4 -5 -11 -8 13 -7
right_child=1 -3 3 9 -6 6 7 -9 -10 10 -12 -13 -14 -15
leaf_value=0.0012285276442279378 0.013084097129044504 -0.012954352246012615 -0.010693596390228875 -0.020201596556297247 0.027786441240710946 -0.0089687183048045224 -0.0077627851769350087 0.01994998141976112 -0.095322689654606149 -0.13470750709647003 -0.018507495423546749 -0.201477039704794 -0.040184366928521037 0.21025396097180302
leaf_weight=71945.0242451675 9289.8768492658783 7964.3897002111989 673.59423663423513 626.52402800881828 1288.5113006628526 3253.3763927480613 3204.9012710203242 3461.5630371959996 280.59785873704823 287.66649933945155 180.75040713441558 33.632651869673282 1689.6845219972747 26.939820165862329
leaf_count=809385 64397 87734 6098 10345 5743 20932 12047 12200 1539 1698 802 231 20385 129
internal_value=-6.01156e-06 -0.00276057 0.000579141 -0.0159651 0.000746278 0.00321665 -0.0046344 0.00553845 -0.0357064 -0.0502092 -0.0901103 -0.00985154 -0.0183569 -0.00708957
internal_weight=104207 32262 24297.6 3337.64 2242.7 20960 11670.1 6700.1 954.192 1094.94 468.417 3238.53 4970 3280.32
internal_count=1053665 244280 156546 26225 13380 130321 65924 24478 7637 12845 2500 12278 41446 21061
is_linear=0
shrinkage=0.05


Tree=290
num_leaves=15
num_cat=0
split_feature=28 15 29 13 16 35 24 9 18 20 6 17 10 24
split_gain=143.27 500.527 430.399 835.169 587.896 555.136 838.116 771.502 535.796 502.514 501.117 527.378 849.198 475.662
threshold=3.5649999380111699 30363.500000000004 1.2450000047683718 1574700.5000000002 559299.00000000012 3.4050000905990605 -20.634999275207516 7072118.5000000009 365480.00000000006 11547.000000000002 35415500.000000007 2346743.0000000005 1219049.0000000002 13.284999847412111
decision_type=2 2 2 2 2 2 2 2 2 2 2 2 2 2
left_child=-1 -2 4 10 8 6 9 -8 -3 -5 -4 12 -12 -13
right_child=1 2 3 5 -6 -7 7 -9 -10 -11 11 13 -14 -15
leaf_value=-0.0013822470573008586 -0.050226843527250403 -0.055215098644892963 0.015626991426845923 -0.11437173175480136 0.019801379041533156 -0.0044760055035381521 -0.08502884068270733 -0.0045110925997621934 0.0098530602473611319 0.019311469653651336 -0.08217310862571453 0.014283947729181543 -0.00083951056279608048 -0.018828398797653672
leaf_weight=67151.360387862806 443.69865833080257 537.74204614732298 9146.1002880008455 76.437506653601304 6438.5217752086755 10785.461931118014 859.32148329369375 457.0060854331532 763.54662847181316 757.11625974287745 495.52500903116015 3806.3660178337013 911.11583043751307 1514.7658710955584
leaf_count=676244 15233 6757 114909 732 24206 123393 11075 6029 2732 2524 10066 27478 7643 24644
internal_value=-5.32198e-06 0.00249277 0.0031355 0.000321236 0.0136029 -0.00910727 -0.0323052 -0.0571371 -0.0170189 0.00687035 0.0080076 -0.00234396 -0.0295649 0.0048467
internal_weight=104144 36992.7 36549 28809.2 7739.81 12935.3 2149.88 1316.33 1301.29 833.554 15873.9 6727.77 1406.64 5321.13
internal_count=1053665 377421 362188 328493 33695 143753 20360 17104 9489 3256 184740 69831 17709 52122
is_linear=0
shrinkage=0.05


Tree=291
num_leaves=15
num_cat=0
split_feature=27 6 21 69 28 20 16 11 25 57 37 15 26 6
split_gain=137.021 416.899 274.657 250.458 230.948 203.068 197.299 460.343 423.039 453.85 585.243 480.946 534.285 555.717
threshold=-86.93999862670897 229743688.00000003 13432.500000000002 -0.026638542301952835 -111.93999862670897 138.50000000000003 2759884.5000000005 5556813.0000000009 7.6549999713897714 11.130732059478762 6.5000000000000009 867187.50000000012 310.23498535156256 814129.46875000012
decision_type=2 2 2 2 2 2 2 2 2 2 2 2 2 2
left_child=1 2 -1 -3 -4 -6 -2 -8 -9 11 -11 -10 -13 -14
right_child=6 3 4 -5 5 -7 7 8 9 10 -12 12 13 -15
leaf_value=-0.07577299766481653 0.00050922883064296492 0.029212864874150882 -0.053653974944290021 -0.071108726241555592 -0.088288939645232933 0.019065007531259164 -0.053910977329946035 0.0054222208995729736 0.015061649612975576 -0.04723379671682159 -0.0075182541750891119 -0.084717695343611607 -0.075252761292471423 0.017798466848674959
leaf_weight=83.100232322045485 86165.585192136903 82.225634486589115 115.63199247373268 241.59867589885835 43.46695961477235 3590.7817267258069 481.85943411911285 6128.3817194359435 2144.2457040656227 1603.0440901476541 2209.3017388903681 281.96029630587145 212.72134326274681 641.82605895679444
leaf_count=5097 783759 448 718 4415 544 19022 24162 86788 18458 78675 17411 7157 3325 3686
internal_value=-5.78581e-06 0.00888726 0.0135032 -0.0454696 0.0155147 0.0177433 -0.000376523 -0.00594935 -0.00419365 -0.0125083 -0.0242393 0.00111142 -0.0251546 -0.00536709
internal_weight=104026 4156.81 3832.98 323.824 3749.88 3634.25 99868.9 13703.3 13221.5 7093.1 3812.35 3280.75 1136.51 854.547
internal_count=1053665 30244 25381 4863 20284 19566 1023421 239662 215500 128712 96086 32626 14168 7011
is_linear=0
shrinkage=0.05


Tree=292
num_leaves=15
num_cat=0
split_feature=23 30 6 13 38 27 29 32 24 37 30 118 55 57
split_gain=140.074 404.014 398.435 315.402 427.373 358.733 303.229 830.544 522.545 472.211 416.78 406.173 403.268 327.783
threshold=-68173.999999999985 -7.7249999046325675 746201568.00000012 210000.50000000003 17.500000000000004 -99.994998931884751 -0.38499999046325678 -0.31499999761581415 -7.0150001049041739 5.5000000000000009 1.294999957084656 1.9430000185966494 3761.0000000000005 8.6913075447082537
decision_type=2 2 2 2 2 2 2 2 2 2 2 2 2 2
left_child=2 -2 3 4 5 -1 7 8 9 10 11 -3 -9 -14
right_child=1 6 -4 -5 -6 -7 -8 12 -10 -11 -12 -13 13 -15
leaf_value=0.02728957847096937 -0.073103391962840047 -0.08143329154506071 -0.063204202644457461 0.0077605673987361373 0.018139798038890993 -0.057109590850287377 -0.00015721421318881952 -0.071026716055884648 -0.05586617520749846 0.031827971586843772 -0.089667803476922228 0.044605306119520426 -0.3916460643019033 -0.11974334994368246
leaf_weight=154.86270168510964 191.57245155735291 91.12489107431611 213.18149676479516 13376.436861178212 500.22468653094256 644.9198420883622 86845.137341808528 229.20090586903098 411.44709364470327 818.76062687247759 183.12760559111484 207.41951218270697 18.540343455970287 30.656383750028908
leaf_count=608 5229 1173 6033 61600 1851 11396 942060 7349 9192 3625 2591 586 179 193
internal_value=-6.30024e-06 -0.00075753 0.00448179 0.0054726 -0.0180189 -0.0406912 -0.000600133 -0.0198919 -0.0068109 0.0087024 -0.0304881 0.00582412 -0.099836 -0.22897
internal_weight=103917 89027 14889.6 14676.4 1300.01 799.783 88835.4 1990.28 1711.88 1300.43 481.672 298.544 278.398 49.1967
internal_count=1053665 972177 81488 75455 13855 12004 966948 24888 17167 7975 4350 1759 7721 372
is_linear=0
shrinkage=0.05


Tree=293
num_leaves=15
num_cat=0
split_feature=38 7 38 6 11 21 57 1 6 6 20 13 53 6
split_gain=133.553 357.919 986.797 529.403 459.603 713.23 661.371 934.176 762.699 1482.79 644.08 1057.69 978.918 581.482
threshold=14.500000000000002 1963406.2500000002 13.500000000000002 382683200.00000006 1988678.5000000002 15600.000000000002 15.300479412078859 46799.500000000007 351729248.00000006 356189008.00000006 5065.0000000000009 3224175.0000000005 1.0000000180025095e-35 304953040.00000006
decision_type=2 2 2 2 2 2 2 2 2 2 2 2 2 2
left_child=1 4 -3 -4 5 6 7 -1 -8 -10 11 13 -13 -6
right_child=-2 2 3 -5 10 -7 8 -9 9 -11 -12 12 -14 -15
leaf_value=0.0067830150183828854 -0.0015800250636475461 -0.019435397768956968 0.023444935991281425 -0.030963966768293077 0.026267921793496365 -0.067561445907199244 -0.047208110476522729 -0.059455991531317247 0.67285086363185476 -0.11217878416708904 -0.0010089440393037845 -0.063815875335089006 -0.50694387745021263 -0.045544209609557212
leaf_weight=5157.5483879270978 58682.700498071768 2075.0976669288357 6598.895333269902 477.95078367582755 5044.1391638962523 522.49667007029348 1140.2812701965013 592.52236076795089 9.7992474404745753 12.845254174404543 23013.516517681797 191.92913832422346 12.428391896188257 297.1966466603044
leaf_count=95988 401193 38840 25971 6018 30352 18009 55665 34424 44 493 339520 4225 157 2766
internal_value=-6.68283e-06 0.00203727 0.0108658 0.0197594 -0.00020631 -0.0112796 -0.00700934 -4.31136e-05 -0.0413812 0.239512 0.00267521 0.0179701 -0.0933464 0.0222551
internal_weight=103829 45146.6 9151.94 7076.85 35994.7 7435.49 6913 5750.07 1162.93 22.6445 28559.2 5545.69 204.358 5341.34
internal_count=1053665 652472 70829 31989 581643 204623 186614 130412 56202 537 377020 37500 4382 33118
is_linear=0
shrinkage=0.05


Tree=294
num_leaves=15
num_cat=0
split_feature=12 14 29 20 18 21 20 33 147 55 1 10 20 57
split_gain=135.997 427.111 440.387 518.248 411.746 389.552 372.25 496.509 431.904 945.884 412.308 386.722 378.065 349.976
threshold=2663287.5000000005 3210480.0000000005 38.975000381469734 45945.500000000007 5738265.0000000009 145659.50000000003 9456.0000000000018 17.195000648498539 0.017799136228859428 6940.5000000000009 46312.500000000007 103513.50000000001 3474.0000000000005 6.0821356773376474
decision_type=2 2 2 2 2 2 2 2 2 2 2 2 2 2
left_child=4 5 6 -4 -1 -2 7 8 12 -10 -11 -8 -3 -13
right_child=1 2 3 -5 -6 -7 11 -9 9 10 -12 13 -14 -15
leaf_value=-0.00073634300908698342 0.034586247840711369 -0.0016814393736865011 0.065846298480568444 -0.058165887263932271 -0.074374608070860798 -0.088027279720718984 -0.070005547212230276 0.0085146353926235097 -0.075499578093609021 -0.16785614394465592 -0.64721756288259347 0.020710677699526642 -0.081589968358249124 0.00016635630656346026
leaf_weight=83055.533826129249 1454.6444383330818 428.05561157330521 483.20474487304455 100.7561117351288 189.2807252722705 66.644737082446227 181.49829693790525 672.61448622590979 170.9464201964729 9.6939654496964067 10.109294216148555 2427.2221160486661 226.37392285448732 14204.79287495662
leaf_count=839379 6174 2549 3174 12144 12937 1344 1778 5638 1934 78 162 12983 2760 150631
internal_value=-7.54212e-06 0.00364663 0.0015932 0.044301 -0.000905273 0.0291276 0.000227637 -0.0234754 -0.048973 -0.115083 -0.434316 0.00237161 -0.0294812 0.0031686
internal_weight=103681 20436.6 18915.3 583.961 83244.8 1521.29 18331.3 1517.79 845.179 190.75 19.8033 16813.5 654.43 16632
internal_count=1053665 201349 193831 15318 852316 7518 178513 13121 7483 2174 240 165392 5309 163614
is_linear=0
shrinkage=0.05


Tree=295
num_leaves=15
num_cat=0
split_feature=7 1 57 57 37 6 38 38 38 54 18 1 124 9
split_gain=133.006 315.148 323.772 247.946 226.87 443.032 236.469 269.626 188.53 469.889 401.43 352.193 434.99 282.253
threshold=92831288.000000015 10355.000000000002 12.80903482437134 22.449007987976078 7.5000000000000009 253266088.00000003 19.500000000000004 15.500000000000002 19.500000000000004 2265.5000000000005 452567.50000000006 42455.500000000007 3.5324233770370488 2815595.5000000005
decision_type=2 2 2 2 2 2 2 2 2 2 2 2 2 2
left_child=8 2 -2 -4 5 -3 7 -7 -1 13 11 12 -11 -10
right_child=1 4 3 -5 -6 6 -8 -9 9 10 -12 -13 -14 -15
leaf_value=0.00020087386060258078 0.053928538035563106 -0.18940421072860347 -0.11104411355611327 0.052905328558484968 0.016238588399526049 0.0078932546644333718 0.047344395146388676 -0.11324823363581152 0.01875241593790394 -0.0016938115158158255 0.0064795968015833125 -0.080772394601883221 -0.066730002693383486 -0.035078207011282884
leaf_weight=98423.651791021606 580.60050546377897 41.540025564521784 56.564625638740836 37.217838243348524 440.27597359236097 95.959197715317714 95.600286931730807 85.664696751919109 1341.1764064887248 691.81977884634398 641.13822684658226 401.90048573841341 409.77078797141439 296.0632388877857
leaf_count=1026696 729 463 484 94 1342 2067 212 1005 6088 2158 2100 3955 4174 2098
internal_value=-6.94653e-06 0.0151121 0.0399693 -0.0455811 -0.0069304 -0.0390384 -0.0157277 -0.0492778 -0.000219625 -0.0111736 -0.0265734 -0.0406965 -0.02597 0.00897219
internal_weight=103639 1433.42 674.383 93.7825 759.04 318.764 277.224 181.624 102206 3781.87 2144.63 1503.49 1101.59 1637.24
internal_count=1053665 6396 1307 578 5089 3747 3284 3072 1047269 20573 12387 10287 6332 8186
is_linear=0
shrinkage=0.05


Tree=296
num_leaves=15
num_cat=0
split_feature=1 7 5 6 1 217 13 37 3 5 10 24 37 54
split_gain=135.369 269.048 394.556 317.564 256.46 417.106 563.699 465.536 411.527 535.828 658.053 459.603 456.816 408.404
threshold=71155.000000000015 37468300.000000007 3.3950001001358037 126140000.00000001 46799.500000000007 29.053015708923343 2180252.5000000005 1.0000000180025095e-35 183325000.00000003 67.005001068115249 712388.50000000012 518.14001464843761 9.5000000000000018 4853912.5000000009
decision_type=2 2 2 2 2 2 2 2 2 2 2 2 2 2
left_child=4 2 -2 -3 -1 8 7 -7 9 10 11 12 -6 -9
right_child=1 3 -4 -5 5 6 -8 13 -10 -11 -12 -13 -14 -15
leaf_value=0.00052437195127762507 0.0094454960149284936 0.092606123696360121 -0.047149920171502213 -0.0297210567353281 -0.047410920534408985 -0.011049284686907237 0.0032248623748496728 -0.064510904333153832 -0.04008207537935992 0.033260951393106745 0.007080626587835941 0.033361409368124206 0.019351057235607913 0.12306494888075169
leaf_weight=87094.066207602271 4254.1581668174476 184.68021090701222 330.79623421936412 72.959554430330172 1504.0320713892943 862.73430959966208 1304.041623305442 1124.7904068659118 634.17838707748888 1149.6450396639993 4468.9923897172412 272.99396456786781 307.04635408520699 28.714290224015713
leaf_count=828629 58147 65 5976 552 45211 7681 16669 29655 14187 3481 40563 2372 465 12
internal_value=-6.55849e-06 0.00815404 0.00534194 0.0577907 -0.000407326 -0.00737204 -0.022357 -0.0389208 -0.00139609 0.00178729 -0.00373093 -0.026931 -0.0360602 -0.0596957
internal_weight=103594 4842.59 4584.95 257.64 98751.2 11657.2 3320.28 2016.24 8336.89 7702.71 6553.06 2084.07 1811.08 1153.5
internal_count=1053665 64740 64123 617 988925 160296 54017 37348 106279 92092 88611 48048 45676 29667
is_linear=0
shrinkage=0.05


Tree=297
num_leaves=15
num_cat=0
split_feature=34 18 55 36 28 24 1 6 31 13 57 115 16 35
split_gain=132.085 408.02 342.268 303.551 250.866 189.848 530.667 595.508 718.514 445.521 349.137 499.085 417.897 346.892
threshold=9999.9951171875018 247605.50000000003 6940.5000000000009 0.21499999612569812 25.865000724792484 46.295000076293952 41105.000000000007 13860560.000000002 8.6849999427795428 8072127.0000000009 6.9527721405029306 4.0094999074935922 1168504.0000000002 33.914999008178718
decision_type=2 2 2 2 2 2 2 2 2 2 2 2 2 2
left_child=5 -2 3 4 -3 -1 7 10 -9 -8 13 -12 -13 -7
right_child=1 2 -4 -5 -6 6 9 8 -10 -11 11 12 -14 -15
leaf_value=0.0005669390941695808 -0.047859671959778305 0.069811725293722357 -0.11159987042197679 -0.064055541175739833 -0.052446594731219681 0.020374597915462103 0.0061923718021995831 -0.062904524084490682 -0.00019616172067862827 -0.05451056370714602 -0.062145131109747613 -0.10740190910900821 0.0349389250351895 -0.0422134661819119
leaf_weight=92046.799354583229 170.94221343153913 492.24836365418741 34.471100553870201 53.60368943339563 44.667574494204018 1372.6055733979447 5843.5160220082107 1255.7325965433338 720.17832483997336 317.66168386652134 493.40294921323948 59.804011832282413 335.91069911525119 262.58925478669698
leaf_count=899455 6794 1000 204 3004 2336 11333 69959 20550 9577 5717 11023 986 2715 9012
internal_value=-6.37008e-06 0.0202703 0.0390312 0.0480825 0.0594692 -0.000164186 -0.00648061 -0.0195324 -0.0400856 0.00304616 -0.00341513 -0.0286298 0.0130845 0.0102736
internal_weight=103504 795.933 624.991 590.52 536.916 102708 10661.4 4500.22 1975.91 6161.18 2524.31 889.118 395.715 1635.19
internal_count=1053665 13338 6544 6340 3336 1040327 140872 65196 30127 75676 35069 14724 3701 20345
is_linear=0
shrinkage=0.05


Tree=298
num_leaves=15
num_cat=0
split_feature=27 9 34 1 33 26 34 6 10 6 27 205 11 10
split_gain=132.685 381.344 458.697 388.204 346.451 602.561 551.894 613.529 834.567 614.873 473.29 601.587 810.845 537.518
threshold=11.295000076293947 407266.50000000006 6.2850000858306894 10355.000000000002 13.105000019073488 -49.325000762939446 5.3150000572204599 336162000.00000006 435736.00000000006 3401329.0000000005 24.154999732971195 0.51049998402595531 6561769.5000000009 929929.50000000012
decision_type=2 2 2 2 2 2 2 2 2 2 2 2 2 2
left_child=-1 2 3 -2 6 -6 -3 8 9 -8 -7 -12 13 -13
right_child=1 4 -4 -5 5 10 7 -9 -10 -11 11 12 -14 -15
leaf_value=-0.0011622330649593456 0.076266397866267266 5.7946671093322566e-05 -0.067327940629643243 0.0085525693088313801 -0.070374673774361893 0.032478213734595522 -0.13231195516028313 -0.13735018816908243 -0.069118995272288861 0.042623264785028085 0.018275864990885741 -0.035913934844879605 -0.063607734386726872 0.015959614349689538
leaf_weight=73043.010314939573 468.3975483586546 18918.098655010966 99.150648291091784 389.31728581979405 228.15164994215593 2107.6120611865481 55.552585030411137 131.18067415339465 485.03760254687222 443.78359348130471 3987.3405412134016 692.63395671016769 593.39243504311889 1781.6538873086974
leaf_count=800348 499 141087 2839 1848 6569 14517 2010 4816 17796 2782 30055 7950 11015 9534
internal_value=-6.74893e-06 0.00276958 0.0338195 0.045635 0.00175704 0.00968179 -0.00195549 -0.0361146 -0.0224472 0.0228357 0.0116881 0.0054665 -0.0111672 0.00140967
internal_weight=103424 30381.3 956.865 857.715 29424.4 9390.78 20033.7 1115.55 984.374 499.336 9162.63 7055.02 3067.68 2474.29
internal_count=1053665 253317 5186 2347 248131 79640 168491 27404 22588 4792 73071 58554 28499 17484
is_linear=0
shrinkage=0.05


Tree=299
num_leaves=15
num_cat=0
split_feature=35 30 38 10 15 26 17 20 28 19 13 21 36 30
split_gain=134.258 352.059 328.383 326.969 377.626 481.255 408.566 374.267 371.593 693.278 593.28 605.508 315.15 310.563
threshold=53.664999008178718 -53.640001296997063 17.500000000000004 165580.50000000003 155255.00000000003 -16.074999809265133 7938437.0000000009 74531.500000000015 1.0850000381469729 -377008.99999999994 4061986.5000000005 1422470.5000000002 0.074999999254941954 44.129999160766609
decision_type=2 2 2 2 2 2 2 2 2 2 2 2 2 2
left_child=-1 2 -2 7 5 -5 12 -3 9 -6 13 -12 -7 -10
right_child=1 3 -4 4 8 6 -8 -9 10 -11 11 -13 -14 -15
leaf_value=-0.0007507997154883615 -0.073334360284666666 0.031599100127684583 0.00099967538282112484 -0.069802107514265341 0.019215051350476627 -0.061547866003138767 -0.061900337134734112 -0.044121610119306848 0.018569717626390245 -0.041505773481527258 -0.061122651619485206 0.036389024249847961 0.0081314464415436216 -0.038286063860463015
leaf_weight=88303.67360669715 274.42396241909591 1806.4594826141984 319.7060648217448 334.15605350224359 897.77117561578052 176.60808658588212 282.96532252911129 177.9930755651294 6927.4219906015569 983.24176997345057 505.47561429120105 230.71026924790931 1872.9235574794438 247.34756194085639
leaf_count=823712 4962 19771 1097 14079 6901 5483 13759 3249 80819 19343 15595 2709 32695 9491
internal_value=-6.60316e-06 0.00436001 -0.0333161 0.00591552 0.0029076 -0.0137633 -0.00568727 0.0247634 0.00745365 -0.0125035 0.0122062 -0.0304881 0.00207571 0.0165976
internal_weight=103341 15037.2 594.13 14443.1 12458.6 2666.65 2332.5 1984.45 9791.97 1881.01 7910.96 736.186 2049.53 7174.77
internal_count=1053665 229953 6059 223894 200874 66016 51937 23020 134858 26244 108614 18304 38178 90310
is_linear=0
shrinkage=0.05


Tree=300
num_leaves=15
num_cat=0
split_feature=23 10 6 115 31 1 10 121 1 38 12 15 57 34
split_gain=138.27 457.579 374.419 303.015 479.221 943.798 539.089 465.589 478.679 421.528 695.23 472.025 721.68 466.483
threshold=-103775.99999999999 35025.500000000007 746201568.00000012 1.1835001111030581 -19.14999961853027 46103.500000000007 222981.50000000003 6.1526658535003671 49215.500000000007 19.500000000000004 945900.50000000012 989999.50000000012 10.772074222564699 2.304999947547913
decision_type=2 2 2 2 2 2 2 2 2 2 2 2 2 2
left_child=1 -1 3 -3 5 6 -5 8 -7 11 -11 13 -13 -6
right_child=-2 2 -4 4 9 7 -8 -9 -10 10 -12 12 -14 -15
leaf_value=-0.099148189665952124 -0.00073237710775585305 0.017427339524115282 -0.062222347602026766 -0.21352431084514933 0.027711609911591058 0.031744319830649778 -0.053594618679681461 -0.11175390040952569 -0.076537516275286946 -0.10770055920089677 0.0016774006192884592 0.013574996639003266 -0.051960152323217226 -0.0047737750478782023
leaf_weight=104.40784062469902 89248.73063726048 4281.8674720240451 200.59107210638467 56.858165245794225 3665.5717454419937 815.42512825608719 648.68669896223582 73.38542224792036 115.48059124368592 204.04918035073206 495.34992224845337 1075.5056825156789 687.26134670805186 1578.0085081886791
leaf_count=1649 977836 21877 5821 631 9765 1837 4644 735 1590 1346 1426 3835 7895 12778
internal_value=-7.1289e-06 0.00461161 0.00540177 0.0064002 0.00137883 -0.0225533 -0.0668377 0.00854366 0.0181904 0.00669788 -0.0302704 0.0103991 -0.0119622 0.0179268
internal_weight=103251 14002.4 13898 13697.4 9415.58 1709.84 705.545 1004.29 930.906 7705.75 699.399 7006.35 1762.77 5243.58
internal_count=1053665 75829 74180 68359 46482 9437 5275 4162 3427 37045 2772 34273 11730 22543
is_linear=0
shrinkage=0.05


Tree=301
num_leaves=15
num_cat=0
split_feature=9 1 19 35 18 33 38 22 27 20 27 9 18 34
split_gain=133.109 914.802 382.177 323.821 373.088 329.137 315.143 303.678 403.685 273.125 259.411 246.507 243.096 427.863
threshold=8034344.0000000009 22205.000000000004 -936939.49999999988 1.6649999618530276 3952614.5000000005 30.954999923706058 19.500000000000004 461751.00000000006 -97.354999542236314 5312.5000000000009 -85.555000305175767 9533631.5000000019 2089716.5000000002 32.524999618530281
decision_type=2 2 2 2 2 2 2 2 2 2 2 2 2 2
left_child=12 6 10 4 9 7 -2 8 -5 -4 -3 -10 -1 -14
right_child=1 2 3 5 -6 -7 -8 -9 11 -11 -12 -13 13 -15
leaf_value=1.1005950803803065e-05 -0.084725445721050938 0.044744170661533661 -0.055417243127887587 0.038111505195590784 -0.072068408199891798 -0.065159171079618924 0.049735935943680226 0.018393810070582651 -0.06829611427441093 0.040109859241270931 -0.039876105206859469 -0.011328523193485662 -0.020026263562453971 0.023104911969896377
leaf_weight=91454.934329091891 344.4490934615169 106.9902737030643 76.88782459901995 348.57052091526566 82.251150735246483 152.14928929213784 48.708896678057499 3059.2335687420273 239.25749822182115 1751.0785580852535 550.25289016040915 925.18950992179452 3320.6890270217264 693.4982931799168
leaf_count=845115 18844 445 1175 525 1897 7493 69 45801 4680 4614 8464 11645 89625 13273
internal_value=-7.00492e-06 0.00632259 0.0103377 0.0139462 0.0313201 0.00690564 -0.0678561 0.00932837 -0.00896843 0.0360364 -0.0259781 -0.023125 -0.000517106 -0.0125585
internal_weight=103154 7685.02 7291.86 6634.62 1910.22 4724.4 393.158 4572.25 1513.02 1827.97 657.243 1164.45 95469.1 4014.19
internal_count=1053665 105652 86739 77830 7686 70144 18913 62651 16850 5789 8909 16325 948013 102898
is_linear=0
shrinkage=0.05


Tree=302
num_leaves=15
num_cat=0
split_feature=202 21 25 36 37 30 38 33 30 21 36 35 24 72
split_gain=130.88 555.784 461.9 352.159 683.172 918.423 776.427 756.799 708.682 689.145 652.792 578.667 573.381 526.245
threshold=1.7916666865348818 1.0000000180025095e-35 -90.075000762939439 0.34499999880790716 1.0000000180025095e-35 38.659999847412116 17.500000000000004 18.314999580383304 42.23500061035157 80022.000000000015 0.46500000357627874 36.885000228881843 -22.195000648498532 -0.22921865433454511
decision_type=2 2 2 2 2 2 2 2 2 2 2 2 2 2
left_child=-1 -2 -3 -4 5 6 10 8 -7 -8 -5 12 13 -6
right_child=1 2 3 4 11 7 9 -9 -10 -11 -12 -13 -14 -15
leaf_value=0.0011336346348863758 -0.06741089866770078 -0.052576739284015218 0.009236764483747004 -0.046234024483142212 -0.0018672723326160459 -0.23517886612792008 0.0027977118415761799 -0.0031548519894278263 -0.065738078725342361 -0.085318032353042639 0.010494958571682231 0.0041386760612228402 -0.019014301864326774 -0.10212902225777661
leaf_weight=73094.963620567549 328.12699220162904 444.92669575610489 6235.811218596602 527.16682218751521 192.66834262930206 80.592273968737572 453.45821349066682 372.80821877776179 265.49890810524812 431.42318129912019 12575.10861234527 2548.1480937921588 5110.7165221448158 414.20492192512029
leaf_count=784724 12643 6511 33944 2355 1868 707 1209 2018 2403 2028 38146 58435 100106 6568
internal_value=-6.93249e-06 -0.00278933 -0.00207031 -0.00129745 -0.00415946 0.00230211 0.00513966 -0.0527674 -0.105903 -0.0401544 0.00820531 -0.0156606 -0.0244924 -0.0704359
internal_weight=103076 29980.7 29652.5 29207.6 22971.8 14706.1 13987.2 718.899 346.091 884.881 13102.3 8265.74 5717.59 606.873
internal_count=1053665 268941 256298 249787 215843 48866 43738 5128 3110 3237 40501 166977 108542 8436
is_linear=0
shrinkage=0.05


Tree=303
num_leaves=15
num_cat=1
split_feature=25 32 34 6 8 33 17 20 6 6 3 25 15 31
split_gain=130.885 336.238 473.197 341.469 512.266 469.825 297.304 333.934 272.972 504.254 269.438 253.017 500.799 933.404
threshold=-81.00500106811522 1.1050000190734866 0.74500000476837169 373136592.00000006 0 9.4449996948242205 5163500.0000000009 11298.500000000002 82053100.000000015 88564500.000000015 299981520.00000006 -20.039999961853024 349999.50000000006 0.44499999284744268
decision_type=2 2 2 2 1 2 2 2 2 2 2 2 2 2
left_child=1 6 -3 4 5 8 7 -1 -4 -10 -6 12 13 -2
right_child=11 2 3 -5 10 -7 -8 -9 9 -11 -12 -13 -14 -15
leaf_value=-0.11399089452052132 0.023183993102124989 -0.11836626005299565 0.030049341030059303 0.038199879587453953 -0.079253640623919819 -0.064323999897414358 -0.053740632352053092 0.032120208075552138 -0.3639546297216138 -0.016406853062822288 0.033891748901128275 0.00060500697256275814 0.0019914808066307612 -0.027852932338578856
leaf_weight=38.886928346131754 1110.2025367689857 87.178656737378333 844.05294022221642 451.7186640236323 324.19481461033138 199.57699497762951 114.51116573179024 1771.0741582259652 10.518740542000158 117.07439204497496 61.509554060874507 86183.433331137363 7026.8387994270452 4606.8131648791968
leaf_count=489 4199 1147 3998 2810 9580 4647 1582 4447 176 1401 88 887388 61954 69759
internal_value=-6.91665e-06 0.0088352 -0.00500092 0 -0.0111318 0.0052992 0.023924 0.0288922 0.0197027 -0.0480549 -0.0610397 -0.000366842 -0.00694266 -0.0179309
internal_weight=102948 4020.3 2095.82 2008.65 1556.93 1171.22 1924.47 1809.96 971.646 127.593 385.704 98927.3 12743.9 5717.02
internal_count=1053665 30365 23847 22700 19890 10222 6518 4936 5575 1577 9668 1023300 135912 73958
cat_boundaries=0 1
cat_threshold=2
is_linear=0
shrinkage=0.05


Tree=304
num_leaves=15
num_cat=0
split_feature=21 14 21 32 21 124 29 33 104 15 33 33 26 32
split_gain=131.431 353.572 324.165 541.449 506.105 527.164 509.216 506.793 505.516 424.282 397.586 350.99 327.37 392.695
threshold=248496.00000000003 2318593.5000000005 346637.00000000006 4.7850000858306894 409706.50000000006 3.5324233770370488 -0.80500000715255726 0.83499997854232799 1.5389999747276308 450075.00000000006 3.3549998998641972 14.335000038146974 122.62500000000001 4.7249999046325692
decision_type=2 2 2 2 2 2 2 2 2 2 2 2 2 2
left_child=-1 -2 3 12 5 7 8 -4 9 -6 -7 -12 -3 -14
right_child=1 2 4 -5 6 10 -8 -9 -10 -11 11 -13 13 -15
leaf_value=-0.00080299187671988503 -0.056557616585932474 0.0057746394475620315 -0.32486217156511288 -0.054245784465210223 0.027709282510378533 0.016141933906952906 0.0093890970664347786 -0.069229125085047874 -0.058211456697235292 -0.033920947224697233 -0.086189538365104623 -0.0071415690657225736 0.027740297678711414 0.18192660438196909
leaf_weight=85854.642598387043 236.4947599167208 2793.9287807978981 20.211257606279105 272.17481413485075 598.4124446681235 586.50140992965316 7834.7059117535755 264.66250680727535 588.3507833258991 521.75829583093582 253.26362214385881 317.50839201061171 2689.7062817395199 41.10939623019658
leaf_count=898444 6258 15046 186 11741 2353 1798 82208 4143 7310 5682 5653 3232 9551 60
internal_value=-6.7941e-06 0.00400666 0.00486642 0.0144315 -0.000177343 -0.0277785 0.0039909 -0.0886137 -0.0207252 -0.000957185 -0.0126966 -0.0423937 0.0178332 0.0301454
internal_weight=102873 17018.8 16782.3 5796.92 10985.4 1442.15 9543.23 284.874 1708.52 1120.17 1157.27 570.772 5524.74 2730.82
internal_count=1053665 155221 148963 36398 112565 15012 97553 4329 15345 8035 10683 8885 24657 9611
is_linear=0
shrinkage=0.05


Tree=305
num_leaves=15
num_cat=0
split_feature=57 38 50 7 38 6 37 1 0 57 1 1 107 3
split_gain=130.167 133.003 346.412 314.87 888.995 484.403 436.472 905.358 1094.23 1237.82 1002.93 764.119 670.672 573.598
threshold=0.69952088594436657 14.500000000000002 6691.0000000000009 1963406.2500000002 13.500000000000002 382683200.00000006 7.5000000000000009 10125.500000000002 91.500000000000014 21.167693138122562 29191.500000000004 41227.500000000007 0.36999998986721044 12490000.000000002
decision_type=2 2 2 2 2 2 2 2 2 2 2 2 2 2
left_child=-1 3 -3 6 -5 -6 7 -2 9 11 -11 -9 -8 -14
right_child=1 2 -4 4 5 -7 12 8 -10 10 -12 -13 13 -15
leaf_value=-0.052636282740270615 0.032049478561165502 -0.0012020653380167357 -0.048249090314961031 -0.018379251338298788 0.02248134897855171 -0.029712330663432186 0.023589235601918893 -0.048421717110442075 0.005013801480517042 -0.053357768480074702 0.02472596964612235 -0.016108395441920758 0.0028742211653360883 -0.045982992181152586
leaf_weight=116.35199223260861 1562.3017475145898 57740.570215979089 393.00320786805241 2066.1993621717265 6528.3039799669059 475.36872110975673 4177.5783079330577 3034.9324886736358 9257.4153830464929 503.23092640077812 2224.3254116190801 4625.6691563072964 9460.7514380207285 640.46283379427041
leaf_count=29508 21064 391143 6582 38829 25767 5968 9857 156117 21725 42787 75694 181512 43539 3573
internal_value=-6.61354e-06 5.30431e-05 -0.0015218 0.00210888 0.0104224 0.0189279 -1.47508e-05 -0.00456609 -0.00748195 -0.0186218 0.010287 -0.0289213 0.00674157 -0.000222844
internal_weight=102806 102690 58133.6 44556.5 9069.87 7003.67 35486.7 21207.9 19645.6 10388.2 2727.56 7660.6 14278.8 10101.2
internal_count=1053665 1024157 397725 626432 70564 31735 555868 498899 477835 456110 118481 337629 56969 47112
is_linear=0
shrinkage=0.05


Tree=306
num_leaves=15
num_cat=0
split_feature=27 24 135 11 222 21 25 21 6 12 15 32 29 13
split_gain=130.247 372.63 360.835 184.852 141.072 601.272 494.077 424.368 356.573 918.807 567.839 448.048 469.405 368.205
threshold=3534.960083007813 51.284999847412116 36.431598663330085 2161774.5000000005 46.042242050170906 1.0000000180025095e-35 -90.075000762939439 2283.0000000000005 179288992.00000003 437679.50000000006 150050.00000000003 5.9449999332427987 8.4449996948242205 10674.500000000002
decision_type=2 2 2 2 2 2 2 2 2 2 2 2 2 2
left_child=4 2 -2 -4 -1 -6 -7 -8 11 -10 -11 13 -13 -9
right_child=1 -3 3 -5 5 6 7 8 9 10 -12 12 -14 -15
leaf_value=0.0011740652967707507 -0.098175404266075794 -0.094017882520027365 0.13001450488176877 0.04155619270594544 -0.066913429649111275 -0.051924466185597644 0.046471882572844569 -0.027168036722241159 -0.072068660017823749 0.019690233156295534 -0.016114621064755488 -0.035705863475756987 -0.0003001480170112085 0.0047191715236648809
leaf_weight=68858.102481935726 36.405921308927645 52.229668421394308 82.316111230524257 219.38564053424489 360.64732437280327 488.9033683892485 456.66058462751243 944.77457163814688 590.00047293756506 1510.4214774435386 4134.2568971385044 1612.5363798808976 2236.7628846209263 20985.152494956463
leaf_count=752855 1063 1369 168 1232 13955 7156 6972 8136 9498 12021 45168 29446 52645 111981
internal_value=-7.04124e-06 0.0287829 0.0481214 0.0662061 -0.000117793 -0.00278896 -0.00208377 -0.00133021 -0.00201507 -0.0127445 -0.00652319 0.000578274 -0.0151506 0.00334197
internal_weight=102569 390.337 338.108 301.702 102178 33320.1 32959.5 32470.6 32013.9 6234.68 5644.68 25779.2 3849.3 21929.9
internal_count=1053665 3832 2463 1400 1049833 296978 283023 275867 268895 66687 57189 202208 82091 120117
is_linear=0
shrinkage=0.05


Tree=307
num_leaves=15
num_cat=1
split_feature=25 32 34 6 8 33 27 55 20 3 6 53 25 17
split_gain=131.412 306.114 436.449 313.304 480.115 429.573 275.964 279.915 403.828 252.61 248.754 597.385 223.426 454.943
threshold=-81.00500106811522 1.1050000190734866 0.74500000476837169 373136592.00000006 0 9.4449996948242205 -6.4149999618530265 2189.5000000000005 66293.000000000015 299981520.00000006 82053100.000000015 1.0000000180025095e-35 -20.039999961853024 10813217.000000002
decision_type=2 2 2 2 1 2 2 2 2 2 2 2 2 2
left_child=1 6 -3 4 5 10 -1 -8 -9 -6 -4 -12 13 -2
right_child=12 2 3 -5 9 -7 7 8 -10 -11 11 -13 -14 -15
leaf_value=-0.096216660190079392 -0.012258877169330886 -0.11493302914492226 0.029193746050589744 0.037293792040668447 -0.078147050664404971 -0.062587361148556356 0.035019976820053832 -0.095719282568910213 0.024554018807923877 0.033025285819096105 -0.015229774481539568 -0.43749482486548436 0.00054945237218812968 0.0091276857091164756
leaf_weight=45.920047821651679 9320.7227512207101 84.672799075953662 831.2830713163421 443.30887024872936 309.55455252729735 191.78842425427865 1551.7875018440027 105.93211650615558 199.11543348128907 59.88200619793497 119.28301471835584 8.0450936704874021 85846.114272462757 3387.8256227766178
leaf_count=733 95776 1147 3998 2810 9580 4647 4799 671 315 88 1485 92 887388 40136
internal_value=-7.05543e-06 0.00893305 -0.00446241 0.00033295 -0.0104324 0.00546489 0.0233708 0.0264053 -0.0172255 -0.0599516 0.0191832 -0.0455011 -0.000366015 -0.00655348
internal_weight=102505 3950.57 2047.82 1963.15 1519.84 1150.4 1902.76 1856.84 305.048 369.437 958.611 127.328 98554.7 12708.5
internal_count=1053665 30365 23847 22700 19890 10222 6518 5785 986 9668 5575 1577 1023300 135912
cat_boundaries=0 1
cat_threshold=2
is_linear=0
shrinkage=0.05


Tree=308
num_leaves=15
num_cat=0
split_feature=3 7 4 1 57 37 38 38 57 4 4 2 2 7
split_gain=128.76 157.135 286.951 270.141 309.179 225.885 387.944 244.692 224.964 211.425 210.692 302.476 406.412 335.486
threshold=1601000000.0000002 92831288.000000015 114849260.00000001 10355.000000000002 12.80903482437134 7.5000000000000009 19.500000000000004 11.500000000000002 22.449007987976078 111771364.00000001 22708260.000000004 151000000.00000003 55395000.000000007 88574860.000000015
decision_type=2 2 2 2 2 2 2 2 2 2 2 2 2 2
left_child=1 2 9 4 -3 6 7 -5 -6 10 11 12 13 -1
right_child=-2 3 -4 5 8 -7 -8 -9 -10 -11 -12 -13 -14 -15
leaf_value=8.324556165424066e-05 -0.028976019049425546 0.054393371001275871 -0.045586836494527112 0.045507099665925754 -0.10531410944848481 0.019411537070739872 0.045991797912643129 -0.10124036680156155 0.051718819348836612 0.055089095376454969 -0.035768506432894483 0.034137325063613132 -0.073380732463730058 -0.10137099127016957
leaf_weight=98860.625398651944 381.14912615288631 556.65379430446774 344.92487214934954 33.018917036970379 56.677396142491489 413.55347430834081 92.986890260537621 168.18234448164003 36.452630224172026 173.05674065160565 410.51594975152693 646.78923369990662 188.04963436011167 80.551513219543267
leaf_count=1010173 10515 608 13823 194 469 1080 275 2569 86 145 7569 3290 2333 536
internal_value=-6.67916e-06 0.000101299 -0.000126073 0.0169928 0.0402521 -0.00431784 -0.0377974 -0.0768046 -0.0434212 3.01248e-05 -6.50309e-05 8.17225e-05 -0.000140318 0
internal_weight=102443 102062 100705 1357.53 649.784 707.742 294.188 201.201 93.13 100360 100187 99776 99129.2 98941.2
internal_count=1053665 1043150 1037869 5281 1163 4118 3038 2763 555 1024046 1023901 1016332 1013042 1010709
is_linear=0
shrinkage=0.05


Tree=309
num_leaves=15
num_cat=0
split_feature=35 29 9 54 26 33 12 17 57 34 12 13 24 36
split_gain=126.647 485.833 388.43 435.362 377.261 310.542 499.186 643.2 498.092 400.684 706.65 479.921 467.233 439.868
threshold=83.630001068115249 -10.085000038146971 407266.50000000006 10228.000000000002 -77.485000610351548 38.649999618530281 807213.50000000012 5033444.0000000009 24.683094024658207 4.5250000953674325 671243.00000000012 296439.00000000006 73.790000915527358 1.294999957084656
decision_type=2 2 2 2 2 2 2 2 2 2 2 2 2 2
left_child=-1 -2 3 4 -3 6 9 8 -8 11 12 -4 -11 -13
right_child=1 2 5 -5 -6 -7 7 -9 -10 10 -12 13 -14 -15
leaf_value=-0.0006751503242694299 -0.047119481652637955 0.067645311197158914 -0.056199960465370541 0.057642240290923387 -0.041296815322915618 0.024569169471267194 -0.065104447838063295 0.0029578038528775205 0.017327747690418525 -0.058497686770956618 0.03823007234045666 0.017788031473476566 0.016713260432528895 0.059550071495387796
leaf_weight=89459.879822385439 437.18720171058521 85.439899212215096 163.42583681936958 153.35722956433892 956.6302565448641 2573.3687834437296 704.79755340347765 3269.2848030519235 245.86184480774682 593.56672812637407 578.71876197626989 1921.1225646357052 314.46612541517243 942.60040841723094
leaf_count=850367 9906 485 5556 96 27712 39216 13467 51376 1638 28590 5470 10327 5946 3513
internal_value=-5.89019e-06 0.00461689 0.00643361 -0.0206467 -0.0322604 0.00930261 0.00479639 -0.00755758 -0.0437373 0.016356 -0.00487018 0.0267958 -0.0324062 0.0315675
internal_weight=102400 12939.8 12502.6 1195.43 1042.07 11307.2 8733.84 4219.94 950.659 4513.9 1486.75 3027.15 908.033 2863.72
internal_count=1053665 203298 193392 28293 28197 165099 125883 66481 15105 59402 40006 19396 34536 13840
is_linear=0
shrinkage=0.05


Tree=310
num_leaves=15
num_cat=0
split_feature=23 10 6 25 37 35 17 9 19 52 10 6 17 37
split_gain=127.368 426.093 343.339 304.087 986.461 675.39 643.389 608.186 759.169 534.18 546.824 478.659 469.178 440.754
threshold=-103775.99999999999 35025.500000000007 746201568.00000012 133.5100021362305 7.5000000000000009 44.625000000000007 8365023.5000000009 2165051.0000000005 390535.00000000006 7.5000000000000009 1238735.5000000002 629077504.00000012 4038773.0000000005 5.5000000000000009
decision_type=2 2 2 2 2 2 2 2 2 2 2 2 2 2
left_child=1 -1 -3 13 5 6 7 8 -5 10 12 -6 -7 -2
right_child=3 2 -4 4 11 9 -8 -9 -10 -11 -12 -13 -14 -15
leaf_value=-0.097750176037313549 0.0035562236766988721 0.0061687495768875961 -0.061175285044595053 -0.06717326077433132 0.0084828404493566181 -0.044442935555111446 -0.083782392063926792 -0.006241291721809733 0.026738117388976815 0.055526712017620133 -0.037046848843281403 -0.081947540816231512 0.026453677228085549 -0.0042626190490374144
leaf_weight=100.16486567946413 46148.638078319986 13498.379141026388 190.84160259414057 1189.9468229665436 6129.5831647293526 299.78261406767706 578.29092060784023 1720.0911007265604 261.23988593369722 343.38713796212687 1102.5229387622167 148.83374784573971 1036.3506113319163 29571.264850688574
leaf_count=1649 480266 68359 5821 29443 27319 14908 31516 16869 2994 5670 34670 1722 11575 320884
internal_value=-5.96801e-06 0.00446321 0.00522185 -0.000702693 -0.0078271 -0.0214309 -0.0352784 -0.0263942 -0.0502263 -0.0027435 -0.0109884 0.00631846 0.0104882 0.000502016
internal_weight=102319 13789.4 13689.2 88529.9 12810 6531.61 3749.57 3171.28 1451.19 2782.04 2438.66 6278.42 1336.13 75719.9
internal_count=1053665 75829 74180 977836 176686 147645 80822 49306 32437 66823 61153 29041 26483 801150
is_linear=0
shrinkage=0.05


Tree=311
num_leaves=15
num_cat=0
split_feature=28 15 162 12 55 10 24 6 33 54 1 63 37 37
split_gain=129.832 428.588 392.19 613.827 559.87 790.223 980.138 662.941 627.494 547.399 509.362 447.236 443.006 749.099
threshold=3.5649999380111699 30363.500000000004 -0.016956239007413384 54294.000000000007 12236.500000000002 175163.00000000003 -0.1950000002980232 132631756.00000001 42.094999313354499 4853912.5000000009 29215.000000000004 0.0073491239454597243 5.5000000000000009 7.5000000000000009
decision_type=2 2 2 2 2 2 2 2 2 2 2 2 2 2
left_child=2 -2 3 9 10 6 -6 11 -7 -1 -5 -8 -4 -14
right_child=1 -3 12 4 5 8 7 -9 -10 -11 -12 -13 13 -15
leaf_value=-0.062355764175258781 -0.047966823990734986 0.0029907219248505312 0.0045223484503971933 -0.015833356066208254 -0.016342714849738645 -0.0092783566705909783 -0.1789090361559641 -0.089387984668982734 -0.10578499947480863 0.2880212899752122 0.0060309914824016788 -0.42759744070340089 -0.033536432738941142 -0.0016785316457324441
leaf_weight=627.28067547787941 416.35991908459982 35734.624738201703 31120.908059060566 3954.8851955771097 215.94092049170285 2774.8237242787727 49.615257472731173 108.26757328305393 178.52946820296347 10.327947844751177 8151.9531828814215 31.464275764301419 2074.0561860688904 16701.323795819204
leaf_count=17149 15233 362188 309745 43012 686 8533 302 490 1375 20 72223 324 140659 81726
internal_value=-6.85775e-06 0.00240114 -0.0013266 -0.0081113 -0.00612363 -0.0241831 -0.0895911 -0.17234 -0.0151629 -0.05616 -0.00110792 -0.28006 0.000862146 -0.00520203
internal_weight=102150 36151 65999.4 16103.1 15465.5 3358.64 405.288 189.347 2953.35 637.609 12106.8 81.0795 49896.3 18775.4
internal_count=1053665 377421 676244 144114 126945 11710 1802 1116 9908 17169 115235 626 532130 222385
is_linear=0
shrinkage=0.05


Tree=312
num_leaves=15
num_cat=0
split_feature=36 36 20 37 1 33 57 38 57 17 18 24 38 1
split_gain=124.788 135.059 576.401 477.708 399.439 736.256 813.641 662.612 611.128 597.401 562.988 562.809 530.032 527.082
threshold=9.8400001525878924 1.3550000190734866 270025.50000000006 9.5000000000000018 41227.500000000007 11.244999885559084 7.8781657218933114 16.500000000000004 7.3744010925292978 3989554.5000000005 951905.00000000012 -37.344999313354485 13.500000000000002 46413.500000000007
decision_type=2 2 2 2 2 2 2 2 2 2 2 2 2 2
left_child=1 -1 4 -4 5 6 10 9 -9 -7 -3 -11 -8 -6
right_child=-2 2 3 -5 13 7 12 8 -10 11 -12 -13 -14 -15
leaf_value=-0.00099366275231566438 -0.044236324927450561 0.0068891909879297275 -0.057836204760038173 0.026693434209574603 0.016063447917107308 -0.070436366172717799 -0.015259388083547196 0.003488703661633002 -0.07939427812809656 -0.18548766280854539 -0.059153406732524463 0.022802285833548541 -0.07497873166950883 -0.0036434157760028806
leaf_weight=76219.800849555555 158.22688834018481 2270.3955925706105 659.95646471182408 222.13343780115247 10317.032678210671 184.88513556413818 671.85152379788633 558.62718277325621 367.24994181771763 31.650802390999161 375.05515926677617 4099.0843558355555 838.82771080778912 5049.4779493030801
leaf_count=766169 5741 14694 30312 314 70106 7123 16784 5511 6329 441 6118 33584 14462 75977
internal_value=-6.72636e-06 6.19175e-05 0.00320094 -0.0364867 0.00461803 -0.00349796 -0.019216 0.00895705 -0.0293831 0.0171991 -0.00247383 0.0211497 -0.0484802 0.00958465
internal_weight=102024 101866 25646.2 882.09 24764.1 9397.63 4156.13 5241.5 925.877 4315.62 2645.45 4130.74 1510.68 15366.5
internal_count=1053665 1047924 281755 30626 251129 105046 52058 52988 11840 41148 20812 34025 31246 146083
is_linear=0
shrinkage=0.05


Tree=313
num_leaves=15
num_cat=0
split_feature=1 7 5 6 1 1 184 57 57 22 38 6 54 13
split_gain=127.094 251.82 352.626 295.192 243.649 381.798 379.934 751.217 584.58 542.818 516.64 424.213 590.945 867.03
threshold=71155.000000000015 37468300.000000007 3.3950001001358037 126140000.00000001 46799.500000000007 46740.000000000007 6.1790003776550302 18.70362758636475 21.671458244323734 15213.000000000002 16.500000000000004 77560900.000000015 14954.500000000002 2799999.5000000005
decision_type=2 2 2 2 2 2 2 2 2 2 2 2 2 2
left_child=4 2 -2 -3 5 -1 -6 11 10 -10 -9 12 13 -8
right_child=1 3 -4 -5 6 -7 7 8 9 -11 -12 -13 -14 -15
leaf_value=0.0001091834703374831 0.0091366028905367578 0.090650588639911878 -0.045015688999916453 -0.028052101901522481 0.0063576509520219182 0.028144144456774458 -0.039521270954575971 0.041604999667077577 0.0013977430946151466 -0.08972263757607396 -0.058402966823729155 -0.045308418550260826 0.029490852309942917 0.015866580778728587
leaf_weight=84552.05769697456 4175.1878000985307 180.20871702209115 322.74469697348832 72.322424700192641 3518.309765771759 1231.1987290360557 2362.7497762474377 1237.9003970640042 664.40281824354315 215.30931468780909 142.89972011768259 1569.9957383056317 636.87446342722978 1005.6236475179903
leaf_count=820253 58147 65 5976 552 31073 8376 62558 7975 10172 9349 2550 25673 1109 9837
internal_value=-7.00926e-06 0.007977 0.0052307 0.0564815 -0.000398057 0.00051246 -0.00728112 -0.0134114 0.0108832 -0.0209237 0.0311842 -0.023271 -0.014611 -0.0229707
internal_weight=101888 4750.46 4497.93 252.531 97137.3 85783.3 11354.1 7835.76 2260.51 879.712 1380.8 5575.24 4005.25 3368.37
internal_count=1053665 64740 64123 617 988925 828629 160296 129223 30046 19521 10525 99177 73504 72395
is_linear=0
shrinkage=0.05


Tree=314
num_leaves=15
num_cat=0
split_feature=37 121 24 34 9 52 50 103 57 5 34 6 60 54
split_gain=124.78 442.995 363.473 498.322 278.7 265.314 254.731 244.497 235.98 527.241 370.646 292.26 268.025 265.061
threshold=9.5000000000000018 7.6399292945861825 10.335000038146974 3.8449999094009404 7592342.5000000009 78.500000000000014 2083.5000000000005 1.0007903575897219 14.944558620452883 66.93500137329103 3.2849999666213994 8340750.0000000009 0.030429422855377201 10228.000000000002
decision_type=2 2 2 2 2 2 2 2 2 2 2 2 2 2
left_child=5 7 4 -4 6 -1 -3 -2 9 10 -9 -11 13 -12
right_child=1 2 3 -5 -6 -7 -8 8 -10 11 12 -13 -14 -15
leaf_value=-0.0004778729147314521 0.023837421530721301 -0.088399713979366468 0.023373351289373994 -0.081610341190532745 0.0080264256321309086 -0.073182480319461854 0.0073028945700513064 0.007789636151442101 0.019273918953361169 0.015575896645914354 -0.08597162579142581 -0.13724433259049529 -0.0019311276223555067 0.035651306874129068
leaf_weight=91896.216097238022 2212.0556109352037 362.44665633898694 568.14288951084018 140.01074151694775 150.93535195011646 124.66301447448495 84.629484191536903 3562.1911193392007 1884.4929487069021 42.896293140947819 267.16126037761569 107.58443082869053 340.86528466641903 52.562910098582506
leaf_count=1025100 2552 1923 944 776 280 10898 157 5863 2740 61 1203 492 612 64
internal_value=-6.6191e-06 0.00536339 -0.0217179 0.00246046 -0.0503892 -0.000577705 -0.0701962 0.00954768 0.00448541 -0.00187866 0.00139711 -0.0935358 -0.0329583 -0.065772
internal_weight=101797 9775.97 1306.17 708.154 598.011 92020.9 447.076 8469.81 6257.75 4373.26 4222.78 150.481 660.589 319.724
internal_count=1053665 17667 4080 1720 2360 1035998 2080 13587 11035 8295 7742 553 1879 1267
is_linear=0
shrinkage=0.05


Tree=315
num_leaves=15
num_cat=0
split_feature=21 9 1 57 6 26 38 2 110 1 18 1 28 28
split_gain=125.005 165.423 292.391 304.184 229.325 217.597 213.378 241.196 260.295 229.343 178.063 258.699 337.736 381.029
threshold=6250247.5000000009 17807656.000000004 22212.500000000004 8.0862421989440936 1564203072.0000002 -69.409999847412095 9.5000000000000018 788426080.00000012 0.61800000071525585 47767.000000000007 2089716.5000000002 58121.500000000007 5.9949998855590829 1.735000014305115
decision_type=2 2 2 2 2 2 2 2 2 2 2 2 2 2
left_child=1 6 -3 5 -5 -4 7 8 9 -1 -8 12 13 -12
right_child=-2 2 3 4 -6 -7 10 -9 -10 -11 11 -13 -14 -15
leaf_value=-0.063859236311993542 -0.035822275411276583 -0.080111837480187409 0.050830736718723138 0.024418776958295332 -0.068858836305134632 -0.050757361683340919 0.00044921877056241946 0.14345443424956539 -0.065554315371059199 0.03134545703772449 -0.0069548761127741559 0.0058091237077821673 -0.00039368615980186431 -0.052223141921833027
leaf_weight=93.311082708583854 242.04437826979847 81.82473443368508 64.873426052625291 2224.6272000774334 66.695971075503621 257.79061861294031 92686.451136760705 18.494804671936436 322.89720393148309 191.11192389205826 864.90558291404886 1941.6481993716006 1655.0518982416834 1012.0571261157529
leaf_count=13657 4948 6847 224 24163 3270 4464 814055 1022 55395 6114 20737 25706 32821 40242
internal_value=-6.26614e-06 7.90182e-05 0.0122972 0.0152385 0.021653 -0.0300841 -0.000254024 -0.0293341 -0.0349054 0 -6.78194e-05 -0.00883053 -0.0168919 -0.0314049
internal_weight=101724 101482 2695.81 2613.99 2291.32 322.664 98785.9 625.815 607.32 284.423 98160.1 5473.66 3532.01 1876.96
internal_count=1053665 1048717 38968 32121 27433 4688 1009749 76188 75166 19771 933561 119506 93800 60979
is_linear=0
shrinkage=0.05


Tree=316
num_leaves=15
num_cat=0
split_feature=27 6 21 12 38 20 16 115 55 15 28 57 35 21
split_gain=122.934 365.708 253.524 222.472 213.517 331.164 295.239 545.034 531.208 251.889 220.895 192.7 191.934 205.616
threshold=-86.93999862670897 229743688.00000003 13432.500000000002 5004506.5000000009 16.500000000000004 429387.50000000006 3771106.5000000005 1.0035000443458559 1426.5000000000002 99999.500000000015 22.864999771118168 16.420260429382328 5.5650000572204599 25990.000000000004
decision_type=2 2 2 2 2 2 2 2 2 2 2 2 2 2
left_child=1 2 -1 -3 9 6 7 -6 -9 11 12 -4 13 -11
right_child=-2 3 4 -5 5 -7 -8 8 -10 10 -12 -13 -14 -15
leaf_value=-0.076344151848582786 -0.00036011239399547399 -0.074427396637362697 -0.10131333010732538 0.016002580292968412 0.031824348484540105 -0.10263346003309182 0.049129660758748424 -0.012712583369971895 -0.13461930611365666 0.046325998964617622 -0.10238986343364345 0.022005638001689472 0.031973211939965218 -0.083964994035567952
leaf_weight=76.800876200475614 97630.225322404222 201.65941830701195 68.847937514365185 100.68569467810448 386.36858779133763 76.706945122918114 272.67952656350099 292.44894913613098 128.53922241879627 49.273985938401893 31.539573679561727 56.425098797248211 2203.3155083045131 74.340920803602785
leaf_count=5097 1023421 3977 1524 886 1339 766 559 2269 861 67 598 351 11204 746
internal_value=-6.76179e-06 0.00856106 0.0128761 -0.0441945 0.0147925 -0.0029115 0.00421314 -0.0109373 -0.0502833 0.0230557 0.0267434 -0.045638 0.0285584 -0.0316736
internal_weight=101650 4019.63 3717.29 302.345 3640.49 1156.74 1080.04 807.357 420.988 2483.74 2358.47 125.273 2326.93 123.615
internal_count=1053665 30244 25381 4863 20284 5794 5028 4469 3130 14490 12615 1875 12017 813
is_linear=0
shrinkage=0.05


Tree=317
num_leaves=15
num_cat=0
split_feature=0 17 1 1 20 14 57 33 6 54 57 57 141 57
split_gain=122.495 128.97 417.163 396.404 386.928 408.287 348.556 332.541 271.32 252.978 535.012 295.016 247.096 228.573
threshold=29.500000000000004 29337238.000000004 46101.500000000007 22291.500000000004 121190.50000000001 27309926.000000004 5.8576316833496103 11.364999771118166 1564203072.0000002 13830.000000000002 10.161532878875734 10.676249027252199 -8.5892806053161603 32.269678115844734
decision_type=2 2 2 2 2 2 2 2 2 2 2 2 2 2
left_child=-1 8 3 -3 9 -6 12 -8 13 -5 -11 -12 -4 -2
right_child=1 2 6 4 5 -7 7 -9 -10 10 11 -13 -14 -15
leaf_value=-0.057385912897742364 0.00010847847258434716 -0.063371010244441542 -0.098003447160693785 0.059715070763870851 -0.056204894120907047 0.022560454094353307 -0.0083250868867948084 -0.083116350527606936 -0.065798625426868526 0.048906647900480396 -0.28221014398054772 -0.041874243545924859 0.032802383192426898 -0.021286751987864661
leaf_weight=91.93067393405363 96945.314802791545 124.75553355985903 38.974281366099603 884.08073047397193 213.52157705368882 703.77583013867843 352.64629940391751 258.35620902346272 156.72591585243936 139.47304701805115 20.063656121492386 35.079420078545809 362.20253934399807 1263.5820328489644
leaf_count=9612 945255 13196 591 3976 11196 7875 9738 12626 8136 196 150 158 2277 28683
internal_value=-6.66108e-06 4.53815e-05 0.0100311 0.0226423 0.0280724 0.00413036 -0.0163392 -0.0401156 -0.000272251 0.0483632 -0.00299111 -0.133679 0.0197582 -0.000166503
internal_weight=101590 101499 3132.93 2120.75 1995.99 917.297 1012.18 611.003 98365.6 1078.7 194.616 55.1431 401.177 98208.9
internal_count=1053665 1044053 61979 36747 23551 19071 25232 22364 982074 4480 504 308 2868 973938
is_linear=0
shrinkage=0.05


Tree=318
num_leaves=15
num_cat=0
split_feature=23 10 6 25 37 20 57 52 15 1 33 9 12 6
split_gain=122.664 393.748 303.578 271.28 893.649 612.718 667.435 679.426 666.438 626.338 761.74 479.288 441.318 438.087
threshold=-103775.99999999999 35025.500000000007 746201568.00000012 133.5100021362305 7.5000000000000009 546.50000000000011 24.488706588745121 6.5000000000000009 450075.00000000006 10125.500000000002 1.6749999523162844 816192.50000000012 1573524.5000000002 629077504.00000012
decision_type=2 2 2 2 2 2 2 2 2 2 2 2 2 2
left_child=1 -1 -3 -2 5 -5 7 9 12 -7 -11 -9 -8 -6
right_child=3 2 -4 4 13 6 8 11 -10 10 -12 -13 -14 -15
leaf_value=-0.095860012430473554 0.00044484506748406643 0.0059821465544224114 -0.059665843734838048 0.015519105798206902 0.0080607406131479788 0.0088761060306581652 -0.067845811297638184 0.10854317032876129 -0.081038248944885219 -0.0044906277136593916 -0.061745861868242075 -0.0065864388249623727 0.04850665871392057 -0.080389134852158733
leaf_weight=96.189978558530129 75219.475998433525 13407.451371370971 177.33146394355572 991.11440348107499 6078.4812990204373 524.85421882559967 92.54157676018076 113.67790486084414 153.93545758514665 739.38195753388572 2745.7083045168474 423.52217662958719 622.14840849678149 142.21661129991116
leaf_count=1649 801150 68359 5821 13570 27319 5528 4194 1075 10957 3607 94866 10251 3597 1722
internal_value=-6.6416e-06 0.00439662 0.00511719 -0.000693 -0.00747433 -0.0205812 -0.0271987 -0.0348722 0.0129076 -0.041949 -0.0496179 0.0178399 0.0332972 0.00601798
internal_weight=101528 13681 13584.8 87847.1 12627.6 6406.88 5415.77 4547.14 868.625 4009.94 3485.09 537.2 714.69 6220.7
internal_count=1053665 75829 74180 977836 176686 147645 134075 115327 18748 104001 98473 11326 7791 29041
is_linear=0
shrinkage=0.05


Tree=319
num_leaves=15
num_cat=0
split_feature=57 38 50 38 19 57 1 55 7 35 27 50 13 22
split_gain=120.194 124.495 316.695 319.864 1177.62 531.409 626.399 653.177 447.984 655.395 435.833 399.05 479.949 397.466
threshold=0.69952088594436657 14.500000000000002 6691.0000000000009 15.500000000000002 116267.00000000001 5.4140999317169198 10125.500000000002 15.000000000000002 800787.68750000012 2.4450000524520878 -92.225002288818345 3503.5000000000005 1410021.5000000002 20090.500000000004
decision_type=2 2 2 2 2 2 2 2 2 2 2 2 2 2
left_child=-1 -2 3 4 5 8 7 -7 9 -3 -8 13 -13 -5
right_child=1 2 -4 11 -6 6 10 -9 -10 -11 -12 12 -14 -15
leaf_value=-0.05243786422801594 0.002057297562762152 -0.087982880092574031 -0.046771909022843179 0.0040011564905733186 0.0054859986209005651 -0.053244200192996097 0.035664633060939581 -0.21927555923827879 0.030580724908635438 0.010725571352332836 -0.032899333237926029 -0.1076030762456473 0.051405401565889686 -0.0058171904989953198
leaf_weight=108.19347343136906 43795.63834470055 266.15952650713734 382.46020734970807 26955.251120952809 7078.1617707375408 187.23933587723877 245.36198560032062 87.146285871975124 685.76879276931868 451.39622674626298 3793.186223432589 50.29653438430978 616.49322332284646 16687.968540079542
leaf_count=29508 626432 3992 6582 163990 37414 2582 582 626 2545 3492 36788 908 1268 136956
internal_value=-7.5755e-06 4.84559e-05 -0.00148109 -0.00117607 -0.00814009 -0.0250194 -0.0337142 -0.106763 0.00167243 -0.0258898 -0.0287136 0.00083379 0.0391932 0.000245697
internal_weight=101391 101283 57486.9 57104.4 12794.4 5716.26 4312.93 274.386 1403.32 717.556 4038.55 44310 666.79 43643.2
internal_count=1053665 1024157 397725 391143 88021 50607 40578 3208 10029 7484 37370 303122 2176 300946
is_linear=0
shrinkage=0.05


Tree=320
num_leaves=15
num_cat=1
split_feature=27 24 135 11 57 8 1 55 32 5 38 31 0 1
split_gain=119.935 335.294 327.285 138.112 135.784 428.733 464.418 1263.61 1010.22 681.09 593.769 581.962 556.737 1313.47
threshold=3534.960083007813 51.284999847412116 36.431598663330085 2161774.5000000005 8.6913075447082537 0 46314.500000000007 398.00000000000006 0.47499999403953558 5.8450000286102304 17.500000000000004 7.0450000762939462 85.500000000000014 10355.000000000002
decision_type=2 2 2 2 2 1 2 2 2 2 2 2 2 2
left_child=4 2 -2 -4 5 -1 7 12 9 -9 -8 -10 13 -7
right_child=1 -3 3 -5 -6 6 10 8 11 -11 -12 -13 -14 -15
leaf_value=0.005578456647624924 -0.097192450051607621 -0.090887089462078546 0.11643425555064257 0.040746552865790618 -0.001763146815886417 0.03611820432072517 -0.0045425859942826892 -0.12607137094211035 -0.011518052599159763 -0.034240635352641956 0.026993297244303011 -0.12531012300250088 0.014231934769536304 -0.033268565079387712
leaf_weight=28899.544948991635 34.467980734363664 50.340514221570629 86.608140505617484 211.8751264294624 55807.054307416001 931.89228983006251 4871.014051404818 479.07056289436878 1553.8437746412819 353.28872694290476 2149.8596180835884 120.32438551774248 3247.2624690300436 2531.7882860910358
leaf_count=181588 1063 1369 168 1232 651925 16208 82046 4386 5424 1155 6696 700 6354 93351
internal_value=-6.84846e-06 0.0278723 0.0461963 0.0631906 -0.000113477 0.00192501 -0.00457393 -0.0119548 -0.0422393 -0.0872424 0.00510936 -0.0197962 -0.000631528 -0.0145808
internal_weight=101328 383.292 332.951 298.483 100945 45137.9 16238.3 9217.47 2506.53 832.359 7020.87 1674.17 6710.94 3463.68
internal_count=1053665 3832 2463 1400 1049833 397908 216320 127578 11665 5541 88742 6124 115913 109559
cat_boundaries=0 1
cat_threshold=2
is_linear=0
shrinkage=0.05


Tree=321
num_leaves=15
num_cat=0
split_feature=35 29 9 54 26 12 57 14 19 33 24 9 21 1
split_gain=120.44 429.861 349.331 398.888 337.763 298.176 607.228 424.773 318.749 426.385 309.036 390.893 428.137 407.975
threshold=83.630001068115249 -10.085000038146971 407266.50000000006 10228.000000000002 -77.485000610351548 141689.50000000003 8.1683778762817401 632711.00000000012 665091.00000000012 3.1049998998641972 6.8550000190734872 1389897.5000000002 213693.50000000003 23327.000000000004
decision_type=2 2 2 2 2 2 2 2 2 2 2 2 2 2
left_child=-1 -2 3 4 -3 6 -4 -7 -8 -10 -9 12 -12 -13
right_child=1 2 5 -5 -6 7 8 10 9 -11 11 13 -14 -15
leaf_value=-0.00066037397546628599 -0.044721814648438107 0.063628718392294101 -0.062314464522538172 0.056711198805818631 -0.039911608378654519 -0.057727653519501092 0.042177424140722029 -0.0021064411071998624 0.59333726311097823 -0.034940121936369563 0.044124691989928522 -0.066298882461508918 -0.059043722773655972 0.010822965941940803
leaf_weight=88538.324788750397 426.57259928024359 84.851350829179864 148.81164579946199 147.01625743880868 924.68565420808227 252.99092597114941 1088.2085291813128 4340.4694357053377 5.0649087913334352 4.4232511343434453 1446.4224004467396 179.08757173237973 106.81625777162844 3539.7980061884955
leaf_count=850367 9906 485 5550 96 27712 16968 11796 52291 13 525 16397 7187 2674 51698
internal_value=-6.81487e-06 0.00454696 0.00626758 -0.0198598 -0.0311052 0.00899298 0.0320348 0.00607365 0.044916 0.32027 0.00776385 0.0158983 0.0369642 0.0070788
internal_weight=101234 12695.2 12268.6 1156.55 1009.54 11112.1 1246.51 9865.58 1097.7 9.48816 9612.59 5272.12 1553.24 3718.89
internal_count=1053665 203298 193392 28293 28197 165099 17884 147215 12334 538 130247 77956 19071 58885
is_linear=0
shrinkage=0.05


Tree=322
num_leaves=15
num_cat=0
split_feature=12 14 18 29 20 16 21 20 33 147 55 36 10 21
split_gain=119.302 384.658 364.115 355.753 423.301 339.103 329.754 301.165 422.095 352.998 422.524 350.657 327.767 322.934
threshold=2663287.5000000005 3210480.0000000005 5738265.0000000009 38.975000381469734 45945.500000000007 -1.0000000180025095e-35 145659.50000000003 9456.0000000000018 17.195000648498539 0.017799136228859428 6940.5000000000009 2.1350001096725468 103513.50000000001 219159.00000000003
decision_type=2 2 2 2 2 2 2 2 2 2 2 2 2 2
left_child=2 6 5 7 -5 -1 -2 8 9 11 -11 -3 -9 -10
right_child=1 3 -4 4 -6 -7 -8 12 13 10 -12 -13 -14 -15
leaf_value=-0.03734292321639858 0.033227268220811672 -0.054913092217771908 -0.074001832639261841 0.060136933173222162 -0.058085223457662941 -0.00041303750742234941 -0.083635494708050928 -0.066477700597392192 -0.037655474873111383 -0.071767538650077164 -0.27893266647448361 0.021502859190040378 0.0029843607961759114 0.035423862866679895
leaf_weight=625.48331338071148 1397.2986039580137 406.03891299209499 168.77461572449829 464.48528299837199 89.178910033610009 80710.249397073203 61.925450858514523 170.6014929341618 236.0251349145401 164.6508933713485 28.587719627073966 236.00870193081209 16017.885379062813 415.18743311494472
leaf_count=6202 6174 4336 12937 3174 12144 833177 1344 1778 3497 1934 240 973 163614 2141
internal_value=-7.13577e-06 0.00348537 -0.000851416 0.00150437 0.0409343 -0.000698104 0.0281798 0.000264166 -0.0212633 -0.0447774 -0.103951 -0.026756 0.00224519 0.00884324
internal_weight=101192 19687.9 81504.5 18228.6 553.664 81335.7 1459.22 17675 1486.5 835.286 193.239 642.048 16188.5 651.213
internal_count=1053665 201349 852316 193831 15318 839379 7518 178513 13121 7483 2174 5309 165392 5638
is_linear=0
shrinkage=0.05


Tree=323
num_leaves=15
num_cat=0
split_feature=7 1 57 57 37 6 38 38 7 0 6 7 57 3
split_gain=117.985 269.235 280.47 204.627 195.463 381.824 193.814 229.878 184.853 1259.41 852.869 501.485 529.971 446.351
threshold=92831288.000000015 10355.000000000002 12.80903482437134 22.449007987976078 7.5000000000000009 253266088.00000003 19.500000000000004 15.500000000000002 25790999.000000004 75.000000000000014 233124216.00000003 25269688.000000004 27.590691566467289 16726106.500000002
decision_type=2 2 2 2 2 2 2 2 2 2 2 2 2 2
left_child=8 2 -2 -4 5 -3 7 -7 11 10 -10 -1 -13 -11
right_child=1 4 3 -5 -6 6 -8 -9 9 13 -12 12 -14 -15
leaf_value=2.9088729900056946e-05 0.052193096426646893 -0.1757455648229149 -0.10026090631219826 0.050053645070497393 0.015705975886764353 0.010084789947109769 0.045994997020349343 -0.10267563683545673 0.03643746840832536 -0.22512087016886884 -0.043535788289663285 0.030181370236054779 0.20327339298013089 -0.0372844261996065
leaf_weight=95830.843961109829 541.9567059809342 41.424572119445656 56.594976969128766 36.016674137441441 432.49904906260781 92.809392136325187 88.511042634898331 85.505223533225944 1426.4065785764833 31.360883135464974 433.57266380716464 189.08773460931843 57.319593512220308 1797.263702175027
leaf_count=1025934 729 463 484 94 1342 2067 212 1005 5356 278 9645 560 68 5428
internal_value=-7.0253e-06 0.014532 0.0384174 -0.0413592 -0.00588646 -0.0362968 -0.0138854 -0.0439782 -0.000208097 -0.0111911 0.017755 0.000213155 0.0713072 -0.0406544
internal_weight=101141 1375.32 634.568 92.6117 740.749 308.25 266.826 178.315 99765.9 3688.6 1859.98 96077.3 246.407 1828.62
internal_count=1053665 6396 1307 578 5089 3747 3284 3072 1047269 20707 15001 1026562 628 5706
is_linear=0
shrinkage=0.05


Tree=324
num_leaves=15
num_cat=0
split_feature=168 37 32 25 13 33 21 5 20 25 1 20 169 30
split_gain=117.729 471.017 492.774 743.966 554.295 488.715 638.993 461.532 442.226 460.786 430.874 414.504 705.883 565.979
threshold=6.7583765983581552 -1.0000000180025095e-35 1.7150000333786013 1.110000014305115 1195825.0000000002 11.244999885559084 71659.500000000015 0.02999999932944775 222540.50000000003 6.1499998569488534 42311.500000000007 104267.50000000001 4.7241592407226571 -6.0850000381469718
decision_type=2 2 2 2 2 2 2 2 2 2 2 2 2 2
left_child=1 -1 5 10 11 7 -7 -3 9 -6 -4 -5 13 -13
right_child=-2 2 3 4 8 6 -8 -9 -10 -11 -12 12 -14 -15
leaf_value=0.0030360163160268383 0.0014686586732837077 -0.0043156102395854531 -0.023684768902444225 0.011399837204116999 0.017970942415531078 -0.036493359186500554 0.026648148821629421 -0.073599934730977243 0.0134859797232225 -0.040153827513268861 -0.064936772797969486 -0.20705035133044289 0.02450880652483145 -0.046806841146813605
leaf_weight=22484.372955622093 57863.417654892139 6677.6607021048549 2271.396012404417 3755.1593025262118 401.23550993006211 471.02516067585384 2634.8201903089866 248.50206523723318 700.08609357219393 2210.5321894100343 881.79399559050216 74.345835151034407 259.32409215465304 213.43861951566214
leaf_count=84479 638072 48131 55161 64601 3963 10272 17176 4730 19756 52177 37903 820 5110 11314
internal_value=-6.18552e-06 -0.00197896 -0.00740252 -0.0148308 -0.00636311 0.000565943 0.0170475 -0.00681893 -0.021739 -0.0312018 -0.0352537 0.00546382 -0.0351342 -0.0889507
internal_weight=101147 43283.7 20799.3 10767.3 7614.12 10032 3105.85 6926.16 3311.85 2611.77 3153.19 4302.27 547.109 287.784
internal_count=1053665 415593 331114 250805 157741 80309 27448 52861 75896 56140 93064 81845 17244 12134
is_linear=0
shrinkage=0.05


Tree=325
num_leaves=15
num_cat=0
split_feature=38 16 57 57 15 7 14 3 57 115 1 37 6 15
split_gain=120.766 406.033 553.463 559.233 940.912 661.105 996.707 1082.72 512.104 761.089 522.558 501.082 471.735 445.829
threshold=16.500000000000004 2261704.5000000005 16.830937385559086 8.1683778762817401 399999.50000000006 31355411.000000004 2023964.5000000002 199234672.00000003 18.114989280700687 0.18899999186396602 28121.500000000004 8.5000000000000018 145648768.00000003 1300150.0000000002
decision_type=2 2 2 2 2 2 2 2 2 2 2 2 2 2
left_child=-1 2 3 13 5 6 7 -5 9 10 -4 -8 -6 -2
right_child=1 -3 8 4 12 -7 11 -9 -10 -11 -12 -13 -14 -15
leaf_value=0.001149155186503918 0.0030106885909709615 -0.020635218416725654 0.091969071379137068 -0.077108906906715416 0.014159424106682639 0.018679297800946668 -0.023943865477656215 -0.0052954073083298393 0.0059613735610403789 -0.010705370814055126 -0.052508928509245857 0.026085427056412681 -0.048207629532045243 -0.083722738156630103
leaf_weight=69809.214704011916 13559.330355433834 2834.010893464816 598.48658710735617 1716.9242199615983 2888.9185580041085 718.65904358336411 1876.5062111975858 758.20515467243968 4644.0608849660784 391.67129162343917 68.774482921813615 680.70394687727094 337.51253740931861 148.77073631115491
leaf_count=809385 101364 35694 682 31617 10020 2153 14401 4903 32586 3196 1345 951 3407 1961
internal_value=-6.43599e-06 -0.00259173 -0.000788035 -0.00429019 -0.0139909 -0.0261156 -0.0325251 -0.0551415 0.0131325 0.0444998 0.0769466 -0.010602 0.00760688 0.00205971
internal_weight=101032 31222.5 28388.5 22685.5 8977.43 5751 5032.34 2475.13 5702.99 1058.93 667.261 2557.21 3226.43 13708.1
internal_count=1053665 244280 208586 170777 67452 54025 51872 36520 37809 5223 2027 15352 13427 103325
is_linear=0
shrinkage=0.05


Tree=326
num_leaves=15
num_cat=0
split_feature=9 1 19 38 35 18 33 22 27 57 9 27 21 36
split_gain=116.983 756.075 338.804 308.958 287.398 330.045 287.111 264.371 348.768 240.325 227.056 219.104 215.292 295.54
threshold=8034344.0000000009 22205.000000000004 -936939.49999999988 19.500000000000004 1.6649999618530276 3952614.5000000005 30.954999923706058 461751.00000000006 -97.354999542236314 3.3333333730697636 9533631.5000000019 -85.555000305175767 97637.000000000015 0.74500000476837169
decision_type=2 2 2 2 2 2 2 2 2 2 2 2 2 2
left_child=-1 3 11 -2 5 9 7 8 -6 -4 -10 -3 -9 -14
right_child=1 2 4 -5 6 -7 -8 12 10 -11 -12 -13 13 -15
leaf_value=-0.00048493947195519025 -0.082239644653184882 0.040369170502272088 -0.071692208267042049 0.050280920665849153 0.036527088170448765 -0.071717935357393181 -0.064268445655089546 0.050287331058792378 -0.066502753662762856 0.037362056516129984 -0.010591790513150408 -0.038343451221068137 0.030979446122296434 -0.0035518203739162996
leaf_weight=93562.830356449136 315.6750576499835 104.76831798092462 50.841435248337802 49.898425156250596 327.63697908859467 75.562721642723773 138.22368867299519 422.87634315769537 227.74303836228501 1724.8534150813939 900.29268197597412 526.61311491362721 1107.4047224387759 1399.6984456824284
leaf_count=948013 18844 445 912 69 525 1897 7493 5794 4680 4877 11645 8464 10200 29807
internal_value=-6.61014e-06 0.00605657 0.00972379 -0.0639272 0.0131899 0.0297874 0.00638171 0.00863395 -0.0087557 0.0341729 -0.021973 -0.02516 0.0172906 0.0116872
internal_weight=100935 7372.09 7006.51 365.573 6375.13 1851.26 4523.88 4385.65 1455.67 1775.69 1128.04 631.381 2929.98 2507.1
internal_count=1053665 105652 86739 18913 77830 7686 70144 62651 16850 5789 16325 8909 45801 40007
is_linear=0
shrinkage=0.05


Tree=327
num_leaves=15
num_cat=0
split_feature=38 11 34 6 6 57 55 57 0 3 16 27 15 26
split_gain=115.501 464.683 425.588 645.929 847.692 560.887 622.365 619.221 471.49 442.755 364.744 654.772 469.923 637.05
threshold=12.500000000000002 2271568.0000000005 22.054999351501468 80619800.000000015 85280460.000000015 10.418891429901125 10191.500000000002 8.0862421989440936 91.500000000000014 249950448.00000003 1326297.5000000002 -5.9649999141693106 499999.50000000006 75.944999694824233
decision_type=2 2 2 2 2 2 2 2 2 2 2 2 2 2
left_child=1 2 3 5 9 7 -7 -1 -6 -5 11 -3 13 -12
right_child=-2 10 -4 4 8 6 -8 -9 -10 -11 12 -13 -14 -15
leaf_value=-0.064692548396055552 0.0005570928118075767 -0.058647602863127993 0.057273699342714451 -0.055610384993980688 -0.044128857049787917 -0.063440410459031982 -0.19519095110770893 0.028150556801829714 0.020460431328919587 0.34551335576627451 -0.05495336782713646 0.029135694310477918 0.005248581978405783 0.0030169957644049631
leaf_weight=401.83980928864548 90781.212260272921 238.796575751825 153.26444716542028 8.7333874200703558 515.60017186819459 455.70897965422773 112.04532289505005 322.38913476094604 621.70040228683501 25.052186976652592 936.59349128288886 1844.7945301046857 3496.642806530057 954.9781703209992
leaf_count=21100 738424 4269 5324 352 31989 44132 694 7177 1051 243 62407 14571 93921 28011
internal_value=-6.44573e-06 -0.00508213 -0.0232134 -0.0282632 -0.00131915 -0.0526274 -0.0898265 -0.0233128 -0.00879052 0.24177 0.0012623 0.0190277 -0.00560046 -0.0256739
internal_weight=100869 10088.1 2616.33 2463.07 1171.09 1291.98 567.754 724.229 1137.3 33.7856 7471.81 2083.59 5388.21 1891.57
internal_count=1053665 315241 112062 106738 33635 73103 44826 28277 33040 595 203179 18840 184339 90418
is_linear=0
shrinkage=0.05


Tree=328
num_leaves=15
num_cat=0
split_feature=33 37 57 6 38 57 5 7 7 7 7 4 7 57
split_gain=116.106 460.443 654.598 1098.33 761.565 620.316 723.245 594.09 601.156 547.101 491.337 473.316 456.16 432.661
threshold=3.7549999952316289 5.5000000000000009 17.249829292297367 443990816.00000006 13.500000000000002 16.168377876281742 6.7550001144409189 5682553.0000000009 6855996.5000000009 32757935.000000004 37468300.000000007 111771364.00000001 8505298.5000000019 7.8781657218933114
decision_type=2 2 2 2 2 2 2 2 2 2 2 2 2 2
left_child=1 2 3 4 -1 6 -3 -8 13 12 11 -10 -4 -9
right_child=-2 5 9 -5 -6 -7 7 8 10 -11 -12 -13 -14 -15
leaf_value=-0.028580079619964435 -0.001736815514612404 0.0069431302803517865 0.015417423407088579 -0.077779910298156604 0.0051679670729390965 -0.021281559134258082 -0.046568101068624225 0.060559207277473964 -0.044056151178053109 -0.027992746242379036 0.012961641305403887 0.041653295846051042 0.048913884198123099 -0.050050285437931379
leaf_weight=1820.1031968494572 49449.05909861908 11225.354019213424 7214.7003474096346 434.57389065598545 20340.269889990472 4239.9499828091721 1230.2158295669651 477.29339700227138 1331.7386469834601 632.90374543287908 896.07557181920856 181.82802555296803 1184.9494923715247 107.16283045749879
leaf_count=49141 584787 93910 76587 8782 134762 57355 18879 950 13164 3663 4453 670 5318 1244
internal_value=-7.3521e-06 0.00165818 0.00539574 0.000845145 0.00239271 -0.00434289 0.000303532 -0.0173256 -0.00528226 0.0167722 -0.0163327 -0.033706 0.020154 0.0401422
internal_weight=100766 51317.1 31627.5 22594.9 22160.4 19689.6 15449.7 4224.31 2994.1 9032.55 2409.64 1513.57 8399.65 584.456
internal_count=1053665 468878 278253 192685 183903 190625 133270 39360 20481 85568 18287 13834 81905 2194
is_linear=0
shrinkage=0.05


Tree=329
num_leaves=15
num_cat=0
split_feature=38 16 57 57 15 7 11 3 1 35 9 109 6 28
split_gain=122.49 376.872 488.907 509.187 850.126 599.478 936.827 855.733 489.093 721.601 482.52 490.855 426.881 424.585
threshold=16.500000000000004 2261704.5000000005 16.830937385559086 8.1683778762817401 399999.50000000006 31355411.000000004 3379156.5000000005 199234672.00000003 46521.500000000007 1.1649999618530276 1521064.0000000002 0.85499998927116405 145648768.00000003 15.284999847412111
decision_type=2 2 2 2 2 2 2 2 2 2 2 2 2 2
left_child=-1 2 3 -2 5 6 7 -5 9 -4 -11 -12 -6 -10
right_child=1 -3 8 4 12 -7 -8 -9 13 10 11 -13 -14 -15
leaf_value=0.0011586465396102653 0.0018853780579506903 -0.020028831998150372 0.036999725759767108 -0.06744381846928614 0.013377190958645766 0.017879475169717229 -0.006877064429971342 -0.0050706995763455543 -0.02877175637474267 -0.070669033490178779 -0.050895967755976171 0.020327990337696087 -0.0463161463932939 0.040323344462973823
leaf_weight=69573.935722681534 13669.971639174299 2824.4152241069314 2607.7636785081704 2023.3651998778732 2868.2486885317776 710.23168663904653 2217.3561140841048 757.6666918079718 1054.2631756824849 237.4139008782804 302.0608236239641 1195.0306034202804 333.17275184557366 280.27502671792172
leaf_count=809385 103325 35694 11825 34716 10020 2153 12241 4915 12820 3695 2771 5478 3407 1220
internal_value=-6.6645e-06 -0.00261672 -0.000873875 -0.0041733 -0.0134734 -0.0250397 -0.0311505 -0.0504767 0.0122395 0.0203794 -0.00458665 0.00589972 0.00713675 -0.0142039
internal_weight=100655 31081.2 28256.8 22580 8910.04 5708.62 4998.39 2781.03 5676.81 4342.27 1734.51 1497.09 3201.42 1334.54
internal_count=1053665 244280 208586 170777 67452 54025 51872 39631 37809 23769 11944 8249 13427 14040
is_linear=0
shrinkage=0.05


Tree=330
num_leaves=15
num_cat=0
split_feature=17 27 20 20 37 57 6 57 6 50 18 18 18 54
split_gain=119.542 329.055 425.169 300.433 481 471.575 341.711 557.059 338.981 305.989 297.676 622.082 558.626 557.424
threshold=10813217.000000002 -0.49500000476837153 799.00000000000011 130086.50000000001 9.5000000000000018 6.0000000000000009 66261034.000000007 25.433264732360843 364059104.00000006 19039.500000000004 951905.00000000012 1010161.5000000001 885904.50000000012 50001.500000000007
decision_type=2 2 2 2 2 2 2 2 2 2 2 2 2 2
left_child=10 2 -2 6 5 -5 7 -4 -8 -10 12 -12 -1 -14
right_child=1 -3 3 4 -6 -7 8 -9 9 -11 11 -13 13 -15
leaf_value=-0.00048007385567448566 -0.13709794368635531 0.0088211074274436394 -0.036927591244228487 0.027574798127868755 0.022275952531914618 -0.068758319940597154 0.019262622247887246 0.056297288400224257 -0.075798560216930114 0.046194219110778978 -0.050590288315662618 -0.004928299916876243 0.026543452075899549 -0.043597271250322985
leaf_weight=68829.056163634654 61.055091730086133 10819.811671144205 926.634280489292 157.93007178316475 333.62225582741667 625.48965421571484 2114.3992248931318 192.42625302817032 183.11584515315189 69.995945124406717 794.79019588680239 11998.474956298523 3123.0769230045844 310.10820597875863
leaf_count=655421 1052 139459 13600 1639 687 31193 12059 1337 6024 323 12034 162271 15426 1140
internal_value=-6.65727e-06 0.00403346 -0.00706038 -0.00529551 -0.0278522 -0.0492643 0.00192286 -0.0208167 0.0126966 -0.0418167 -0.000742794 -0.00777272 0.000501179 0.0201825
internal_weight=100540 15484.5 4664.67 4603.61 1117.04 783.42 3486.57 1119.06 2367.51 253.112 85055.5 12793.3 72262.2 3433.19
internal_count=1053665 207373 67914 66862 33519 32832 33343 14937 18406 6347 846292 174305 671987 16566
is_linear=0
shrinkage=0.05


Tree=331
num_leaves=15
num_cat=0
split_feature=202 14 25 36 19 38 26 13 6 26 1 19 9 37
split_gain=116.562 461.16 375.212 319.231 407.378 337.887 705.815 783.988 820.71 444.302 382.269 366.874 359.164 573.077
threshold=1.7916666865348818 142871.00000000003 -90.075000762939439 5.5250000953674325 594858.50000000012 16.500000000000004 64.674999237060561 1071800.0000000002 13860560.000000002 12.194999694824221 46103.500000000007 414459.50000000006 330077.50000000006 1.0000000180025095e-35
decision_type=2 2 2 2 2 2 2 2 2 2 2 2 2 2
left_child=-1 -2 -3 5 -5 12 7 9 -9 -7 -8 -12 -4 -14
right_child=1 2 3 4 -6 6 10 8 -10 -11 11 -13 13 -15
leaf_value=0.001078437370738129 -0.065555757358465055 -0.04885646308000708 0.038722236289351168 -0.092633915282169313 0.0097985534588282564 0.010495852556702059 -0.010365216590890305 -0.010919490475143187 -0.080105397370931405 -0.06047540216597766 0.019854080819359705 -0.080676871382474272 0.0091007496184911767 -0.0087728712933182636
leaf_weight=71440.535724963789 287.77339111441688 420.85639317991445 677.90748118907504 213.01711202535807 175.83226925384952 1312.2552641621296 2851.8514375852101 760.86162541236263 987.26214557385538 263.98659402091289 2489.1361081907162 93.040230611877632 10812.535355920758 7659.9375588644907
leaf_count=784724 12822 6519 5348 6609 1894 8070 16833 5365 8697 3338 12035 2570 32228 146613
internal_value=-6.37602e-06 -0.00267987 -0.00204582 -0.00134616 -0.0462808 -0.000716665 -0.00885263 -0.0269972 -0.0500446 -0.00138941 0.0022414 0.0161826 0.00300196 0.00168636
internal_weight=100447 29006.3 28718.5 28297.6 388.849 27908.8 8758.39 3324.37 1748.12 1576.24 5434.03 2582.18 19150.4 18472.5
internal_count=1053665 268941 256119 249600 8503 241097 56908 25470 14062 11408 31438 14605 184189 178841
is_linear=0
shrinkage=0.05


Tree=332
num_leaves=15
num_cat=1
split_feature=25 32 34 6 8 33 17 57 55 20 57 3 6 22
split_gain=121.332 270.505 398.529 276.904 431.094 376.159 261.046 229.518 256.443 395.15 235.265 229.2 218.916 448.286
threshold=-81.00500106811522 1.1050000190734866 0.74500000476837169 373136592.00000006 0 9.4449996948242205 6795260.5000000009 4.6913073062896737 2189.5000000000005 66293.000000000015 22.323066711425785 299981520.00000006 82053100.000000015 698607.00000000012
decision_type=2 2 2 2 1 2 2 2 2 2 2 2 2 2
left_child=1 6 -3 4 5 12 7 -1 10 -10 -9 -6 -4 -14
right_child=-2 2 3 -5 11 -7 -8 8 9 -11 -12 -13 13 -15
leaf_value=-0.098788903519884536 -0.00035311226769322603 -0.11183000054307424 0.027793505057721591 0.036135125307189035 -0.076658456630602376 -0.06028170102373534 -0.058828788901039264 0.041987245884963567 -0.093325615104671369 0.028844839520928135 -0.067445459247208725 0.031616193725262386 -0.12180052107592761 0.065543418386015587
leaf_weight=34.509314921677287 96497.117246289185 81.325073486485053 808.96026340703247 423.10755326750223 288.23160170957999 181.64567698389874 92.467789641930722 1381.6074117071694 100.0558752361685 190.16844939859584 49.710999440518208 57.516090632620035 73.997546231505112 54.396152745757718
leaf_count=412 1023300 1147 3998 2810 9580 4647 1321 3067 635 291 792 88 1547 30
internal_value=-6.69974e-06 0.00873401 -0.00413956 0.000529815 -0.00973867 0.00531032 0.0224698 0.0268102 0.0294128 -0.013278 0.0381072 -0.0584632 0.0181251 -0.0421496
internal_weight=100315 3817.7 1969.18 1887.85 1464.75 1119 1848.52 1756.05 1721.54 290.224 1431.32 345.748 937.354 128.394
internal_count=1053665 30365 23847 22700 19890 10222 6518 5197 4785 926 3859 9668 5575 1577
cat_boundaries=0 1
cat_threshold=2
is_linear=0
shrinkage=0.05


Tree=333
num_leaves=15
num_cat=0
split_feature=21 14 13 15 6 27 24 1 6 12 57 10 23 53
split_gain=116.457 313.334 312.32 481.112 436.954 574.932 508.783 512.123 437.164 554.678 420.686 428.889 505.428 414.97
threshold=248496.00000000003 1981508.5000000002 3248795.0000000005 1300150.0000000002 360444.00000000006 -73.509998321533189 10.335000038146974 10125.500000000002 170067000.00000003 713137.50000000012 30.78850078582764 3522608.5000000005 150212.50000000003 1.0000000180025095e-35
decision_type=2 2 2 2 2 2 2 2 2 2 2 2 2 2
left_child=2 -2 10 4 5 -4 8 -8 -6 -10 11 -1 -13 -7
right_child=1 -3 3 -5 6 13 7 -9 9 -11 -12 12 -14 -15
leaf_value=-0.00039715008525064972 -0.07506931177328012 0.0044575938370849276 0.030096955058574106 -0.076565733345555609 -0.040426207325000157 -0.043770616864850398 -0.096546053320107628 0.014536529289967185 -0.091822867673721331 0.015010127491380289 -0.031411721511975313 0.024395911098915136 -0.013978337140768163 -0.14253028978451937
leaf_weight=71519.387069302669 123.7480235806579 16254.885677230355 216.4009595347452 269.12356212869054 1266.0346383854921 550.67327505339927 106.49315976087382 2922.93897642519 137.06328845315147 1010.3606246803392 1041.688241949756 3575.2814260629457 1126.4167468595915 132.39328419044614
leaf_count=743745 4984 150237 805 7610 11762 14358 2266 21012 3591 6287 28559 22514 35237 698
internal_value=-6.61661e-06 0.00384913 -0.000760185 -0.0111896 -0.00839599 -0.0406639 -0.00304786 0.0105846 -0.0201777 0.00213622 0.00013176 0.000563917 0.0151907 -0.0631659
internal_weight=100253 16378.6 83874.3 6611.48 6342.36 899.468 5442.89 3029.43 2413.46 1147.42 77262.8 76221.1 4701.7 683.067
internal_count=1053665 155221 898444 68389 60779 15861 44918 23278 21640 9878 830055 801496 57751 15056
is_linear=0
shrinkage=0.05


Tree=334
num_leaves=15
num_cat=0
split_feature=28 15 13 32 15 12 6 6 27 16 37 27 13 38
split_gain=115.641 375.248 368.563 775.268 577.466 549.858 532.605 799.501 727.811 482.37 416.199 403.584 392.379 602.022
threshold=3.5649999380111699 30363.500000000004 1627492.0000000002 1.6250000000000002 999450.00000000012 6230210.0000000009 360444.00000000006 2180186.5000000005 -85.555000305175767 605494.50000000012 9.5000000000000018 -24.795000076293942 560000.50000000012 15.500000000000002
decision_type=2 2 2 2 2 2 2 2 2 2 2 2 2 2
left_child=-1 -2 12 4 9 6 8 -8 -5 -4 -9 -11 13 -3
right_child=1 2 3 5 -6 -7 7 10 -10 11 -12 -13 -14 -15
leaf_value=-0.0012630209485322238 -0.046231999523526801 0.0076599841423066516 -0.02035221290502694 0.040110081897713222 -0.057913571737208638 0.015416939333297359 0.03419939060319057 -0.019850835667184548 -0.065126119128841684 -0.052239646380303539 0.011995372356485149 0.026858289830084939 0.013091192455865902 -0.027425687028819718
leaf_weight=64781.524942813383 392.89466311209981 4139.8030232233068 722.1400287260185 198.34219042712357 266.93196780186554 1872.2337920887512 916.98840023891535 6805.3645534764219 926.30671750985493 166.51467222176143 1205.294953646604 4123.5340602667857 11928.694227571425 1733.434724165214
leaf_count=676244 15233 77276 5214 1370 3278 32533 4295 74189 28260 910 1882 10499 92208 30274
internal_value=-6.78173e-06 0.00229078 0.00283812 -0.00237851 0.0135684 -0.00944311 -0.0140793 -0.00998443 -0.0465032 0.017396 -0.0150521 0.0237651 0.00788209 -0.00268964
internal_weight=100180 35398.5 35005.6 17203.7 5279.12 11924.5 10052.3 8927.65 1124.65 5012.19 8010.66 4290.05 17801.9 5873.24
internal_count=1053665 377421 362188 162430 19901 142529 109996 80366 29630 16623 76071 11409 199758 107550
is_linear=0
shrinkage=0.05


Tree=335
num_leaves=15
num_cat=0
split_feature=89 37 37 7 89 0 5 1 57 57 57 1 11 10
split_gain=116.606 649.129 499.891 438.875 525.827 643.839 715.882 687.03 1730.79 967.261 399.812 435.206 415.425 537.946
threshold=3.030795812606812 -1.0000000180025095e-35 4.5000000000000009 141892184.00000003 3.1611628532409672 35.000000000000007 66.93500137329103 10355.000000000002 22.172484397888187 22.728268623352054 8.5516772270202654 1115.0000000000002 2143431.0000000005 1780009.0000000002
decision_type=2 2 2 2 2 2 2 2 2 2 2 2 2 2
left_child=1 10 3 4 5 6 -2 8 -7 -10 12 -12 -1 -14
right_child=2 -3 -4 -5 -6 7 -8 -9 9 -11 11 -13 13 -15
leaf_value=-0.036068600718023751 -0.041571723756552457 -0.0076483884343120853 0.0042332504354716249 0.21324453936991472 -0.0035650165236995354 -0.013473784948364681 0.13349508075527117 -0.060078203952072473 0.79126385495412954 0.13176307811911772 -0.17980435126244732 -0.0015750742787776651 0.021706961589348376 -0.00060266871005531391
leaf_weight=455.4158720645064 119.1571478280639 23870.366668646602 40329.228488555178 21.394815130537609 9270.3260003145297 183.98583485363633 112.30243333108956 1254.9680747886305 9.8134124691132474 12.909343810373683 33.346842966042459 13214.324398583587 6597.9785508783243 4568.2766356676293
leaf_count=10376 25734 405745 359354 211 75237 5068 1981 82640 37 380 352 56617 15648 14285
internal_value=-6.18731e-06 -0.00175809 0.00165685 -0.00779697 -0.0082523 -0.0338695 0.0433631 -0.0461549 0.0380174 0.440042 0.00389367 -0.00204102 0.0106626 0.0125761
internal_weight=100054 48739.7 51314.1 10984.9 10963.5 1693.14 231.46 1461.68 206.709 22.7228 24869.3 13247.7 11621.7 11166.3
internal_count=1053665 503023 550642 191288 191077 115840 27715 88125 5485 417 97278 56969 40309 29933
is_linear=0
shrinkage=0.05


Tree=336
num_leaves=15
num_cat=0
split_feature=35 29 9 54 26 31 12 57 14 33 26 10 20 24
split_gain=116.738 381.927 321.805 369.411 292.184 287.602 273.606 541.182 387.078 284.172 638.335 401.316 409.865 335.474
threshold=83.630001068115249 -10.085000038146971 407266.50000000006 10228.000000000002 -77.485000610351548 -5.7950000762939444 141689.50000000003 8.1683778762817401 632711.00000000012 38.649999618530281 12.194999694824221 2404128.0000000005 2113558.0000000005 29.925000190734867
decision_type=2 2 2 2 2 2 2 2 2 2 2 2 2 2
left_child=-1 -2 3 4 -3 -6 7 -4 -8 11 -11 13 -13 -10
right_child=1 2 6 -5 5 -7 8 -9 9 10 -12 12 -14 -15
leaf_value=-0.00065305843155877849 -0.042791996731401619 0.05940757980714987 -0.060500810212982752 0.056086379878328263 0.018562745503233849 -0.052659836569238762 -0.056691598726276396 0.04300696136621851 0.0011780680698653366 -0.061767771779877884 0.031833473303634292 -0.025046543619268731 0.037740065285840799 0.028151770550347111
leaf_weight=87461.176451392035 411.16829156638778 81.708191310171969 141.61288986536238 140.22620203346014 174.75315336382482 719.11779589091384 239.43081590509973 1086.6634051401343 3457.1195759829279 199.18032148070051 1996.2536602212058 1769.6187137461093 303.18107862952456 1731.527819501367
leaf_count=850367 9906 485 5550 96 2136 25576 16968 12334 36353 8876 19993 43253 2630 19142
internal_value=-7.67658e-06 0.00452123 0.00614451 -0.0194076 -0.0303563 -0.0386747 0.00876043 0.030993 0.00593608 0.00753281 0.0232945 0.00275796 -0.0158251 0.0101929
internal_weight=99912.7 12451.6 12040.4 1115.81 975.579 893.871 10924.6 1228.28 9696.31 9456.88 2195.43 7261.45 2072.8 5188.65
internal_count=1053665 203298 193392 28293 28197 27712 165099 17884 147215 130247 28869 101378 45883 55495
is_linear=0
shrinkage=0.05


Tree=337
num_leaves=15
num_cat=0
split_feature=202 21 25 38 57 57 1 6 57 38 17 159 17 57
split_gain=115.675 432.322 327.493 308.578 362.86 445.177 420.069 885.309 816.643 764.109 433.164 307.733 304.472 439.227
threshold=1.7916666865348818 1.0000000180025095e-35 -90.075000762939439 17.500000000000004 2.8076659440994267 3.9082820415496831 20412.000000000004 674946.00000000012 11.226557254791262 19.500000000000004 11239868.500000002 -0.01864037103950977 10728534.500000002 28.93223857879639
decision_type=2 2 2 2 2 2 2 2 2 2 2 2 2 2
left_child=3 -2 -3 12 -5 -6 8 -8 -7 10 -9 -11 13 -1
right_child=1 2 -4 4 5 6 7 9 -10 11 -12 -13 -14 -15
leaf_value=-0.0011000855449913457 -0.065196191469925155 -0.046318360962736227 -0.0014305806178672195 -0.046538898119794003 0.046844515825555794 -0.054649589479680065 -0.030813055363493248 0.031915025599426182 0.016465895846546098 -0.076100912778589103 -0.078303794387822812 -0.0038232531819687833 0.0083353943593611427 -0.037577856830832153
leaf_weight=51741.85585214477 273.03290674285017 411.42927070350925 27994.508349445416 280.75337194021267 793.67339123715647 725.00745269944309 987.5007460679044 4594.4383152530936 906.98903530610551 167.53392169612925 89.72612448973814 1183.7185388089274 8860.9238645450387 837.7320836740837
leaf_count=592513 12643 6511 249787 4100 2741 5413 7753 9610 2723 1767 1389 4754 125582 26379
internal_value=-7.57629e-06 -0.00268894 -0.0020841 0.00107224 0.00934541 0.011016 0.00771962 0.0130334 -0.0151104 0.0202197 0.0297768 -0.0128712 -0.000237164 -0.00168293
internal_weight=99848.8 28679 28405.9 71169.9 9729.34 9448.59 8654.91 7022.92 1632 6035.42 4684.16 1351.25 61440.5 52579.6
internal_count=1053665 268941 256298 784724 40250 36150 33409 25273 8136 17520 10999 6521 744474 618892
is_linear=0
shrinkage=0.05


Tree=338
num_leaves=15
num_cat=0
split_feature=33 34 16 1 26 38 19 38 6 32 95 16 169 95
split_gain=115.89 416.015 529.511 489.488 408.667 379.23 470.474 438.349 600.142 445.126 426.977 471.788 425.271 402.39
threshold=4.0750000476837167 2.4850000143051152 1612851.0000000002 42132.500000000007 126.00500106811525 17.500000000000004 201875.50000000003 19.500000000000004 75765212.000000015 3.5949999094009404 21.407846450805668 5291790.5000000009 4.3393774032592782 19.763459205627445
decision_type=2 2 2 2 2 2 2 2 2 2 2 2 2 2
left_child=1 5 3 4 -3 -1 7 8 9 -7 -10 -12 -9 -8
right_child=-2 2 -4 -5 -6 6 13 12 10 -11 11 -13 -14 -15
leaf_value=-0.0017726542729353902 -0.0018319528126618076 -0.06905044326810808 -0.0068586543381719753 0.040577818214125178 0.020956705349495765 0.029127970268657783 -0.006838626612793948 0.0044016641171978786 0.0015239781323379972 -0.080758358447798939 -0.11975646816289716 0.05069009158700373 -0.047386059944433706 -0.12853091982384543
leaf_weight=40203.721741760623 46476.126230204194 200.6028283691594 1526.3689542499451 2160.0851398665473 334.80884474886989 4696.8593442865531 181.71282772725681 2267.5328352251308 784.95991943482659 92.832975964294747 162.80837320335559 52.870509002357721 479.11510450165952 108.51234642107738
leaf_count=419991 567456 3609 19440 7534 1861 12191 869 9381 3216 896 1371 45 4788 1017
internal_value=-6.99743e-06 0.00158479 0.0166435 0.0299681 -0.0127389 0.000286812 0.0096715 0.0118069 0.0196108 0.0269713 -0.0155631 -0.0777021 -0.00462776 -0.052795
internal_weight=99728.9 53252.8 4221.87 2695.5 535.412 49030.9 8827.2 8536.98 5790.33 4789.69 1000.64 215.679 2746.65 290.225
internal_count=1053665 486209 32444 13004 5470 453765 33774 31888 17719 13087 4632 1416 14169 1886
is_linear=0
shrinkage=0.05


Tree=339
num_leaves=15
num_cat=0
split_feature=28 1 57 29 13 13 30 1 53 16 35 24 9 6
split_gain=115.067 357.139 624.317 341.288 600.294 485.88 911.525 477.879 671.61 492.158 454.26 758.75 678.775 440.507
threshold=3.5649999380111699 3111.5000000000005 4.5106091499328622 1.2450000047683718 1574700.5000000002 1.0000000180025095e-35 3.8549998998641972 10355.000000000002 1.0000000180025095e-35 818469.50000000012 3.4050000905990605 -20.634999275207516 7072118.5000000009 35415500.000000007
decision_type=2 2 2 2 2 2 2 2 2 2 2 2 2 2
left_child=1 2 -1 7 5 6 -5 8 9 -2 11 -6 -13 -7
right_child=3 -3 -4 4 10 13 -8 -9 -10 -11 -12 12 -14 -15
leaf_value=0.018546419252903859 -0.06565704651422867 -0.00075322688405715698 -0.056697168314938796 0.029248678282060188 0.0076233067000820547 0.016162340893669521 -0.069059785701478735 0.0051126048725691278 -0.14253879336115796 0.048878777311250968 -0.004133324861153473 -0.080646897602748624 -0.0031826899087318665 -0.0016425171252656479
leaf_weight=438.51030739973066 98.958953244771692 63319.302116210296 735.98563277066569 404.08140633269795 819.65507173852529 8297.5739588435172 562.01398422242346 5868.7961282762772 50.060392673127353 1471.804184425273 10347.170621781275 826.58179589925567 431.79290368210786 5966.756915018399
leaf_count=4787 1195 658237 13220 3823 3322 97883 31744 31900 448 1952 125438 11238 6129 62349
internal_value=-6.19607e-06 -0.001261 -0.0285698 0.00229501 -0.000267454 0.00638408 -0.0279016 0.0117624 0.0357917 0.041594 -0.00842459 -0.0297558 -0.0541295 0.00871149
internal_weight=99639 64493.8 1174.5 35145.2 27655.6 15230.4 966.095 7489.62 1620.82 1570.76 12425.2 2078.03 1258.37 14264.3
internal_count=1053665 676244 18007 377421 341926 195799 35567 35495 3595 3147 146127 20689 17367 160232
is_linear=0
shrinkage=0.05


Tree=340
num_leaves=15
num_cat=0
split_feature=38 50 33 37 57 28 10 16 184 37 6 37 1 1
split_gain=113.732 356.676 326.943 471.89 856.062 723.828 385.485 366.577 513.16 342.555 709.694 556.998 786.331 815.224
threshold=16.500000000000004 6691.0000000000009 30.954999923706058 7.5000000000000009 10.161532878875734 4.6349999904632577 635778.50000000012 779564.50000000012 6.1790003776550302 5.5000000000000009 200048.00000000003 7.5000000000000009 75315.000000000015 10111.500000000002
decision_type=2 2 2 2 2 2 2 2 2 2 2 2 2 2
left_child=2 -2 9 4 5 6 -4 8 -5 10 -1 12 13 -11
right_child=1 -3 3 7 -6 -7 -8 -9 -10 11 -12 -13 -14 -15
leaf_value=-0.015174284143672554 -0.0021507651285862807 -0.076436387344800294 -0.025466838243518225 0.028478293124106414 -0.037314012574722714 -0.036869957130369502 0.035390125520364621 0.031282966980723817 -0.07329986818350831 0.042051537036426223 0.0061031987819571455 -0.001660757206505512 0.055132083394754616 -0.041517477881002691
leaf_weight=4515.8890380030643 30369.158757493627 161.49833481835958 299.71508830352104 289.70647603314137 1137.7809556792345 552.35623768490041 1901.9244896610689 2948.5080303994473 214.39854971104069 328.3964960060257 29563.692935569685 24432.135381631146 284.09915902194916 2533.9824883271358
leaf_count=159502 241308 2972 6581 1013 44570 21319 12034 8658 3227 7270 246142 104227 2223 192619
internal_value=-6.46814e-06 -0.00254784 0.00111728 0.0110888 -0.000836995 0.014223 0.027075 0.0245423 -0.0147689 -6.98226e-05 0.00328189 -0.0042134 -0.0240117 -0.0319009
internal_weight=99533.2 30530.7 69002.6 7344.39 3891.78 2754 2201.64 3452.61 504.105 61658.2 34079.6 27578.6 3146.48 2862.38
internal_count=1053665 244280 809385 97402 84504 39934 18615 12898 4240 711983 405644 306339 202112 199889
is_linear=0
shrinkage=0.05


Tree=341
num_leaves=15
num_cat=0
split_feature=89 37 37 3 58 1 57 3 57 3 5 5 7 5
split_gain=115.42 581.702 468.648 391.982 386.148 743.7 886.801 848.984 726.195 719.335 879.014 850.081 458.88 383.479
threshold=3.030795812606812 -1.0000000180025095e-35 4.5000000000000009 265048096.00000003 0.18701888993382457 10355.000000000002 22.172484397888187 310081280.00000006 22.585900306701664 320283008.00000006 3.3950001001358037 66.93500137329103 141892184.00000003 10.09500026702881
decision_type=2 2 2 2 2 2 2 2 2 2 2 2 2 2
left_child=1 -1 4 -4 -2 6 12 -7 -8 10 -9 -11 -6 -3
right_child=2 13 3 -5 5 7 8 9 -10 11 -12 -13 -14 -15
leaf_value=0.0036194323403341668 -0.0035373937882851245 -0.0067166349304277262 0.0061583453762362461 -0.0080072390344753351 -0.012863525713410246 -0.060980090003397172 0.67854789010352756 1.1282149988455941 0.14062902191206927 -0.057438864930616444 -0.049474096911620219 0.13384017119077701 0.22371967274231341 -0.071060280114238317
leaf_weight=24629.973819219296 9222.8946519539677 23446.485564006336 34432.334930894875 5686.965195653851 190.93348433902429 1181.8056598992043 7.9306944231502703 2.3243215967086135 25.017615018674405 128.81488630549575 2.7271839172171894 103.94095754157752 21.922384466975927 233.068054290492
leaf_count=97278 75272 397129 304421 54933 6111 95160 33 61 655 12662 148 1157 29 8616
internal_value=-6.91355e-06 -0.00175885 0.00165138 0.00414896 -0.00754622 -0.0297012 0.0503556 -0.0436238 0.287753 0.0423146 0.581037 0.0279732 0.012201 -0.00735503
internal_weight=99317.1 48309.5 51007.6 40119.3 10888.3 1665.42 245.804 1419.61 32.9483 237.807 5.05151 232.756 212.856 23679.6
internal_count=1053665 503023 550642 359354 191288 116016 6828 109188 688 14028 209 13819 6140 405745
is_linear=0
shrinkage=0.05


Tree=342
num_leaves=15
num_cat=0
split_feature=37 121 20 12 52 35 15 57 35 30 103 18 28 1
split_gain=112.346 390.278 425.492 321.964 250.009 370.403 327.271 388.386 382.823 276.065 246.638 243.282 234.302 233.452
threshold=9.5000000000000018 9.9612293243408221 42964.000000000007 1110261.5000000002 17.500000000000004 11.284999847412111 505075.00000000006 20.513346672058109 2.995000004768372 17.335000038146976 1.0007903575897219 15717291.000000002 15.894999980926515 24225.500000000004
decision_type=2 2 2 2 2 2 2 2 2 2 2 2 2 2
left_child=4 10 -3 -4 11 6 -6 8 -8 -7 -2 -1 13 -12
right_child=1 2 3 -5 5 9 7 -9 -10 -11 12 -13 -14 -15
leaf_value=-9.2003710270836171e-05 0.02289482698925159 -0.078412232878886823 -0.086432025389907408 0.016039320611388574 -0.082149579774781004 0.014736556206297092 0.042528429702426006 -0.10942053260197462 -0.067698373233019984 -0.063102068361238592 -0.010183115692631271 -0.066503826968818458 -0.068608990528257766 0.010706831788783681
leaf_weight=87867.615979712049 2155.6799225013237 275.52987584751099 91.871481325477362 437.45221566408873 334.64004616838793 732.85915471474436 241.77686090351199 89.025096804980421 115.48994288295944 133.78040835534193 1881.0673404358677 137.11946004047059 109.96699715871364 4608.235523520736
leaf_count=975756 2552 1530 504 1026 14694 16311 896 4523 3623 9289 3984 10906 519 7552
internal_value=-8.80993e-06 0.00514293 -0.0281415 -0.00178117 -0.000558759 -0.0198505 -0.0448051 -0.0165705 0.00666749 0.00260435 0.00821139 -0.000196802 0.00340466 0.00464308
internal_weight=99212.1 9559.8 804.854 529.324 89652.3 1647.57 780.932 446.292 357.267 866.64 8754.95 88004.7 6599.27 6489.3
internal_count=1053665 17667 3060 1530 1035998 49336 23736 9042 4519 25600 14607 986662 12055 11536
is_linear=0
shrinkage=0.05


Tree=343
num_leaves=15
num_cat=0
split_feature=21 21 32 21 29 16 124 11 188 15 25 19 25 32
split_gain=112.186 302.686 474.651 441.364 477.316 495.919 456.089 362.284 360.919 297.132 281.561 588.095 357.356 320.971
threshold=248496.00000000003 346637.00000000006 4.7850000858306894 409706.50000000006 -1.6449999809265134 22084.000000000004 3.7342394590377812 8025059.0000000009 6.2062416076660165 1300150.0000000002 179.61499786376956 243106.00000000003 46.745000839233406 4.7249999046325692
decision_type=2 2 2 2 2 2 2 2 2 2 2 2 2 2
left_child=-1 2 10 6 5 8 -3 -8 -5 -9 11 -2 -13 -12
right_child=1 3 -4 4 -6 -7 7 9 -10 -11 13 12 -14 -15
leaf_value=-0.00075324241659959293 -0.077464998234709079 -0.071417436385337332 -0.052565061388492852 0.0097612374845436108 0.0074600072655356042 -0.064240492799163856 -0.08048177729132884 0.012881524821133998 -0.10685996155346918 -0.093423899482181993 0.026107626043351179 0.016155485994423908 -0.064873691902632313 0.16062076172132911
leaf_weight=82918.588139059444 197.14868120406754 412.48849421206978 260.80126499404287 729.7607159386389 7852.0020958841851 500.02370764619263 148.92921575086075 773.83660722475906 71.960255866404623 70.786365502586705 2468.7969707026787 2530.8434704735409 142.61961028183578 44.369529679650441
leaf_count=898444 2792 6062 13353 2868 87489 9622 1663 6167 610 1974 10182 10472 1906 61
internal_value=-9.12179e-06 0.00379531 0.0131417 -0.00119672 0.00280554 -0.0252155 -0.0272717 -0.00884021 -0.000764153 0.00381318 0.0163432 0.0056193 0.0117915 0.0285653
internal_weight=99123 16204.4 5644.58 10559.8 9153.75 1301.74 1406.04 993.552 801.721 844.623 5383.78 2870.61 2673.46 2513.17
internal_count=1053665 155221 38766 116455 100589 13100 15866 9804 3478 8141 25413 15170 12378 10243
is_linear=0
shrinkage=0.05


Tree=344
num_leaves=15
num_cat=0
split_feature=33 34 32 10 12 37 109 19 30 12 1 10 6 9
split_gain=112.758 382.602 501.436 544.437 422.119 361.492 808.705 647.851 1115.62 616.696 514.349 495.093 619.639 437.522
threshold=4.0750000476837167 2.4850000143051152 11.675000190734865 2404128.0000000005 3582520.5000000005 8.5000000000000018 0.7749999761581422 122768.50000000001 1.5850000381469729 3114696.0000000005 71465.500000000015 40682.500000000007 237987248.00000003 1099515.0000000002
decision_type=2 2 2 2 2 2 2 2 2 2 2 2 2 2
left_child=1 -1 3 -3 -5 7 -7 8 10 11 -2 12 -10 -8
right_child=5 2 -4 4 -6 6 13 -9 9 -11 -12 -13 -14 -15
leaf_value=0.00032063503675155134 -0.0054685821872856337 0.028925827241648539 -0.06521803921911179 -0.074581740234536245 0.0059672705142998703 0.020378209202335698 0.014924507890920478 0.00065686392421982767 0.032241214529672761 -0.002208442313253903 0.041171036667497017 -0.049266059050474313 -0.15222533856377096 -0.011440587287772017
leaf_weight=48723.32065668788 6295.482454114077 3207.9870180787075 180.13051049119167 228.39953113600495 555.36383621618734 5261.1275883340277 2112.0889112552395 20765.817646580268 359.85044735064002 1272.2317473091243 651.32469998482702 3230.1930487830032 51.065492026609718 6151.9236267332453
leaf_count=453765 68339 14087 10142 4089 4126 7506 5174 355421 5101 13251 5503 88770 550 17841
internal_value=-9.15333e-06 0.00156615 0.0160969 0.0197943 -0.0175072 -0.00181573 0.00505514 -0.00466566 -0.0139883 -0.0322203 -0.00108321 -0.0426894 0.00888184 -0.00469524
internal_weight=99046.3 52895.2 4171.88 3991.75 783.763 46151.1 13525.1 32626 11860.1 4913.34 6946.81 3641.11 410.916 8264.01
internal_count=1053665 486209 32444 22302 8215 567456 30521 536935 181514 107672 73842 94421 5651 23015
is_linear=0
shrinkage=0.05


Tree=345
num_leaves=15
num_cat=0
split_feature=222 12 25 36 18 36 10 37 30 6 24 30 38 18
split_gain=114.399 472.089 369.9 333.607 516.713 959.882 517.845 452.101 586.021 655.425 548.217 466.485 455.43 400.695
threshold=46.042242050170906 4305.0000000000009 -94.805000305175767 0.34499999880790716 195763.50000000003 2.2050000429153447 10527896.000000002 1.0000000180025095e-35 38.659999847412116 72971700.000000015 -15.159999847412108 22.795000076293949 17.500000000000004 336364.50000000006
decision_type=2 2 2 2 2 2 2 2 2 2 2 2 2 2
left_child=-1 -2 -3 -4 5 6 -5 8 12 -10 11 -9 -6 -12
right_child=1 2 3 4 7 -7 -8 10 9 -11 13 -13 -14 -15
leaf_value=0.0011680732958360925 -0.063450113460906316 -0.066573670572283736 0.0084252775517652655 -0.085202881367508781 0.0072583975345271853 0.04795203270895379 0.025027728452063348 -0.058666448375837045 -0.012410699717887965 -0.11945075984676018 0.026800721929021651 0.022134180798413637 -0.031039789086400305 -0.010550055143262111
leaf_weight=66847.988056390735 313.27522130613215 218.32320271674689 6768.9728139386498 633.88784735668742 13266.581994042121 238.4718195124442 126.76787703559967 947.19170657334325 546.1069082673057 193.53664287022548 799.10530251068121 218.51834992170916 823.12860600376735 6958.1673249855667
leaf_count=754842 11915 3753 39236 7649 43553 1901 648 18355 3609 1704 8513 1758 3279 152950
internal_value=-8.93022e-06 -0.00246522 -0.00185972 -0.0014078 -0.00409917 -0.0393084 -0.0667579 -0.00261442 0.00273379 -0.04061 -0.0115077 -0.0434711 0.0050154 -0.00669301
internal_weight=98900 32052 31738.8 31520.4 24751.5 999.128 760.656 23752.3 14829.4 739.644 8922.98 1165.71 14089.7 7757.27
internal_count=1053665 298823 286908 283155 243919 10198 8297 233721 52145 5313 181576 20113 46832 161463
is_linear=0
shrinkage=0.05


Tree=346
num_leaves=15
num_cat=0
split_feature=25 124 35 10 25 35 32 34 28 10 6 25 6 33
split_gain=113.368 260.437 539.64 387.064 302.235 287.714 284.899 457.203 229.143 382.187 212.806 197.317 413.284 1019.11
threshold=-81.00500106811522 3.7342394590377812 4.0950000286102304 753839.50000000012 -93.354999542236314 12.105000019073488 0.74500000476837169 0.94499999284744274 3.745000004768372 525806.50000000012 562909408.00000012 -20.039999961853024 225683080.00000003 10.034999847412111
decision_type=2 2 2 2 2 2 2 2 2 2 2 2 2 2
left_child=1 2 3 -1 -5 -4 -3 -8 9 -9 -11 12 -2 -14
right_child=11 6 5 4 -6 -7 7 8 -10 10 -12 -13 13 -15
leaf_value=-0.11291743879581806 -0.0023168030059729596 0.041095131631922945 -0.10372226316839005 -0.066451189268133343 0.043852271730452509 -0.023402144251651658 -0.070072863834163154 0.043939142907091139 0.028130109732594229 -0.071363607995872533 0.031637447870910627 0.00053110137439710996 -0.069137907186891265 0.0045352013591043981
leaf_weight=49.652353983368812 10311.084731519673 856.16837046580622 162.36325164202572 69.133063089189818 528.22371821958222 361.45753308594431 177.25456368533196 175.37334187998204 1006.6554192048243 230.08874588583421 62.660550408574636 82898.221913208967 832.59752228186699 1071.4538276479288
leaf_count=616 108324 2476 2879 680 1194 6166 1564 1680 4846 7591 673 887388 15945 11643
internal_value=-8.89774e-06 0.00860143 -0.0108369 0.0196412 0.0309134 -0.0485436 0.0176959 0.00552141 0.0146823 -0.0141276 -0.0491142 -0.000342562 -0.00627534 -0.0276735
internal_weight=98792.4 3679.03 1170.83 647.009 597.357 523.821 2508.2 1652.03 1474.78 468.123 292.749 95113.4 12215.1 1904.05
internal_count=1053665 30365 11535 2490 1874 9045 18830 16354 14790 9944 8264 1023300 135912 27588
is_linear=0
shrinkage=0.05


Tree=347
num_leaves=15
num_cat=0
split_feature=38 5 38 37 0 3 37 106 5 13 30 12 6 6
split_gain=111.021 292.152 470.405 423.91 392.751 480.324 372.6 551.115 673.238 428.436 382.233 399.273 479.017 616.819
threshold=14.500000000000002 13.434999942779543 13.500000000000002 8.5000000000000018 35.000000000000007 219897616.00000003 8.5000000000000018 0.71950000524520885 10.074999809265138 969571.00000000012 52.98500061035157 1485421.0000000002 220963648.00000003 53807330.000000007
decision_type=2 2 2 2 2 2 2 2 2 2 2 2 2 2
left_child=1 6 -3 4 5 -4 10 8 -8 -9 11 12 13 -1
right_child=-2 2 3 -5 -6 -7 7 9 -10 -11 -12 -13 -14 -15
leaf_value=-0.011894827739182767 -0.0014771575162155028 -0.0092557182332205449 -0.051831701704500903 -0.011914455779111797 0.024562959616875178 0.1327778466574312 0.022330324788857575 -0.033668467867031635 -0.049846564991239711 0.0032941246510381815 -0.046024872302094857 0.0068811951682004411 -0.031844115853349349 0.0081812636711840053
leaf_weight=9361.158233795315 55883.28994579611 1788.2285396945445 43.419028220319888 775.77484796382487 3183.5284972442314 169.05381307849893 5629.4666613312438 1008.1277503616875 341.42732386104763 3505.7818786734715 503.61261537438986 8394.8786199462556 1670.1954667660102 6466.4648298632019
leaf_count=266148 401193 37530 2039 1598 17125 1675 8069 4792 927 8012 26123 164596 38466 75372
internal_value=-8.58479e-06 0.00190589 0.0121763 0.0213751 0.0289957 0.0947524 0.000244544 0.00821943 0.0181871 -0.00495558 -0.00292143 -0.0020794 -0.0063814 -0.00368947
internal_weight=98724.4 42841.1 5960 4171.78 3396 212.473 36881.1 10484.8 5970.89 4513.91 26396.3 25892.7 17497.8 15827.6
internal_count=1053665 652472 59967 22437 20839 3714 592505 21800 8996 12804 570705 544582 379986 341520
is_linear=0
shrinkage=0.05


Tree=348
num_leaves=15
num_cat=0
split_feature=31 19 19 35 29 115 18 32 29 20 24 35 31 15
split_gain=116.284 395.288 341.709 308.512 221.342 209.631 173.485 167.114 525.302 446.869 442.836 489.007 421.519 610.117
threshold=22.755000114440922 156183.00000000003 254524.00000000003 33.164999008178718 48.024999618530281 4.0094999074935922 565117.50000000012 4.3650000095367441 4.4049999713897714 6400.5000000000009 -3.5249999761581416 38.635000228881843 4.9249999523162851 1200155.0000000002
decision_type=2 2 2 2 2 2 2 2 2 2 2 2 2 2
left_child=7 -2 5 -4 -5 6 -3 -1 10 -10 -9 -12 13 -11
right_child=1 2 3 4 -6 -7 -8 8 9 12 11 -13 -14 -15
leaf_value=0.00075053859750871398 -0.068847963935206896 0.072005275470018434 -0.06216755761883741 0.030731397436398186 -0.031462354006752728 -0.089935948763273682 -0.068869585043022027 0.0022756952885782905 0.01373144332173315 -0.053213223649533542 -0.049021130049011735 -0.004704128189527027 -0.0016233373755160829 0.021639997538615549
leaf_weight=79502.126596535221 131.61408597850095 412.7735561432346 146.4468616158556 622.73460666052415 184.03510557783738 21.983378416465712 21.944461568404222 1405.58336129089 4162.6614328408068 956.88525290128018 1659.8793741713816 1000.1840823266975 8038.8483156434049 378.5536917375066
leaf_count=673339 6774 1490 8293 7008 13677 775 1344 17386 50200 42636 39963 19497 160950 10333
internal_value=-8.07972e-06 0.0136118 0.0213881 0.00427595 0.0164609 0.0569076 0.0646375 -0.000224947 -0.00463336 9.69921e-05 -0.020392 -0.0323848 -0.00595289 -0.031957
internal_weight=98646.3 1541.53 1409.92 953.217 806.77 456.701 434.718 97104.7 17602.6 13536.9 4065.65 2660.06 9374.29 1335.44
internal_count=1053665 39361 32587 28978 20685 3609 2834 1014304 340965 264119 76846 59460 213919 52969
is_linear=0
shrinkage=0.05


Tree=349
num_leaves=15
num_cat=0
split_feature=21 21 19 21 11 57 10 36 106 21 52 165 17 11
split_gain=111.882 138.359 438.13 292.506 392.246 384.024 335.914 277.982 213.361 200.395 289.156 464.871 244.491 367.984
threshold=6250247.5000000009 1422470.5000000002 -936939.49999999988 890782.50000000012 18345807.000000004 12.918549060821535 22194886.000000004 1.6549999713897707 0.63350000977516185 248496.00000000003 15.500000000000002 0.012824477395042779 29337238.000000004 7188540.5000000009
decision_type=2 2 2 2 2 2 2 2 2 2 2 2 2 2
left_child=1 3 8 6 -5 -6 9 -4 -3 12 -11 -12 13 -1
right_child=-2 2 7 4 5 -7 -8 -9 -10 10 11 -13 -14 -15
leaf_value=-2.8913504303072552e-06 -0.035132974311052979 -0.001791673128292258 0.025769024902060813 -0.084442036514748353 0.013467927260268278 -0.071125218960765693 -0.065104105397381123 -0.069019144101107183 -0.080375151444010098 0.0077424443974752682 -0.092490833915772341 0.0036211452055593691 0.023342799329296893 -0.012224863054233936
leaf_weight=74726.465680907117 225.1973346517334 183.84001734049525 1826.6418721137088 231.68308845216234 499.47607797317323 182.0808240587794 196.38077213209181 79.559297965191945 164.27066778150038 11930.764275277441 189.39717104716692 367.95003721513785 1042.6465488099057 6711.6245747705834
leaf_count=777237 4948 1238 17924 4168 3862 10208 13060 3207 3336 85297 4958 5792 16789 101641
internal_value=-8.2541e-06 7.2035e-05 0.0123139 -0.000214803 -0.0283618 -0.00912933 5.50763e-05 0.0217525 -0.0391418 0.000191026 0.00609387 -0.0290571 -0.00070216 -0.0010109
internal_weight=98558 98332.8 2254.31 96078.5 913.24 681.557 95165.2 1906.2 348.111 94968.8 12488.1 557.347 82480.7 81438.1
internal_count=1053665 1048717 25705 1023012 18238 14070 1004774 21131 4574 991714 96047 10750 895667 878878
is_linear=0
shrinkage=0.05


Tree=350
num_leaves=15
num_cat=0
split_feature=27 25 18 57 10 36 23 30 6 115 31 12 1 17
split_gain=110.181 311.514 355.122 400.598 164.149 299.128 137.454 337.219 261.006 234.673 385.444 730.818 505.211 406.809
threshold=1048.529968261719 1206.850036621094 306640.50000000006 15.073237895965578 203901.00000000003 1.9249999523162844 -68173.999999999985 -7.7249999046325675 746201568.00000012 1.1835001111030581 -19.14999961853027 1352871.5000000002 30399.500000000004 13331020.500000002
decision_type=2 2 2 2 2 2 2 2 2 2 2 2 2 2
left_child=6 2 -2 4 -4 -6 8 -8 9 -1 11 13 -13 -11
right_child=1 -3 3 -5 5 -7 7 -9 -10 10 -12 12 -14 -15
leaf_value=0.014949554191312692 0.060453711018664036 -0.076973025553002575 0.047419677427809469 -0.1046338968129744 0.011115360806454332 -0.10856137151564114 -0.071492040813629212 -0.00083006437044846112 -0.058534182379146572 -0.11669425026180674 0.0053242430140990581 -0.053338076971107921 0.014643072255024731 0.045529145545549821
leaf_weight=4224.9095241560426 386.17987586150412 86.214746878795268 244.85229495266685 77.864193963621801 477.40069725552166 57.593272369878832 168.20559633550874 83068.377096037773 161.72886785169612 252.82207146697328 7919.6920627062864 386.64784669256187 924.2109150377255 44.548286785953678
leaf_count=23737 997 2124 916 2378 3600 1495 5182 956429 5989 3510 41055 2548 3594 111
internal_value=-8.58853e-06 0.0142786 0.0207002 0.00269357 0.0135941 -0.00185332 -0.000204855 -0.000974317 0.0043942 0.00514205 0.000786808 -0.0215161 -0.00539575 -0.0921533
internal_weight=98481.2 1330.11 1243.89 857.71 779.846 534.994 97151.1 83236.6 13914.6 13752.8 9527.92 1608.23 1310.86 297.37
internal_count=1053665 11510 9386 8389 6011 5095 1042155 961611 80544 74555 50818 9763 6142 3621
is_linear=0
shrinkage=0.05


Tree=351
num_leaves=15
num_cat=0
split_feature=34 9 15 6 13 24 1 6 31 14 14 13 57 104
split_gain=109.141 281.72 276.477 262.634 178.303 153.144 385.23 519.698 612.046 384.404 1550.49 355.207 331.924 480.831
threshold=9999.9951171875018 1024629.0000000001 10020.500000000002 779756256.00000012 442529.50000000006 46.295000076293952 41105.000000000007 17089692.000000004 8.0850000381469744 1791165.0000000002 1769409.0000000002 8072127.0000000009 6.9527721405029306 1.5389999747276308
decision_type=2 2 2 2 2 2 2 2 2 2 2 2 2 2
left_child=5 2 -2 4 -3 -1 7 12 9 10 -9 -8 -7 -14
right_child=1 3 -4 -5 -6 6 11 8 -10 -11 -12 -13 13 -15
leaf_value=0.00051753244233040453 0.060782170356049929 -0.063504974029241948 -0.062407014221955132 -0.093986803469029448 0.060649498834808108 0.010108846397963453 0.0051996003051790743 -0.045644824990791782 -0.0028939217659201834 -0.08001308475020813 0.428422515813905 -0.05227206240393753 -0.076499826785060288 0.00085640461789549894
leaf_weight=87754.327373717009 62.831757002226368 29.933531723858323 156.43228477452794 32.045060964825097 407.57995407342969 1647.1893428707845 5477.0605677076965 199.27359170545242 702.6572707114974 787.80101701787498 17.870567222184036 281.65029471695016 321.12264661311929 530.33585130280699
leaf_count=899455 992 1791 8161 295 2099 21005 69959 3375 9822 15569 142 5717 8071 7212
internal_value=-8.57109e-06 0.0198093 -0.0267635 0.0416737 0.0519157 -0.00014898 -0.00602296 -0.0175254 -0.0387788 -0.063792 -0.00461565 0.00237148 -0.00297082 -0.0283149
internal_weight=98408.1 688.823 219.264 469.559 437.513 97719.3 9964.96 4206.25 1707.6 1004.95 217.144 5758.71 2498.65 851.458
internal_count=1053665 13338 9153 4185 3890 1040327 140872 65196 28908 19086 3517 75676 36288 15283
is_linear=0
shrinkage=0.05


Tree=352
num_leaves=15
num_cat=0
split_feature=28 15 12 162 54 22 10 12 206 26 24 24 25 15
split_gain=109.692 332.885 331.215 322.785 530.265 610.815 978.763 546.813 462.209 692.829 617.739 599.198 600.44 400.923
threshold=3.4250000715255742 30363.500000000004 4305.0000000000009 -0.016956239007413384 12254.500000000002 99706.000000000015 158399.50000000003 48580.000000000007 0.12566666677594188 -8.0050001144409162 31.545000076293949 42.114999771118171 -44.92499923706054 1759827.5000000002
decision_type=2 2 2 2 2 2 2 2 2 2 2 2 2 2
left_child=3 2 -2 4 7 13 -7 -1 11 -10 -11 12 -8 -6
right_child=1 -3 -4 -5 5 6 8 -9 9 10 -12 -13 -14 -15
leaf_value=-0.065592002063099605 0.05702442131308523 0.0027243074547568351 -0.066210661883480529 0.00074630986211288023 -0.0052099475949585455 -0.16994289414171898 0.014681615653202485 -0.00035485235571575488 0.033688881356218628 -0.18999643019826765 -0.012424570126815847 0.009565103038632344 -0.13836732823156628 -0.11171967372160548
leaf_weight=329.90618070519849 64.902922520668653 34956.541629984516 309.37893690422788 47934.222999398327 2348.6293075809008 153.63684425770771 81.301421713025775 11024.700706026779 391.83786601223983 77.344232020899653 132.86006507650018 164.81516364216805 288.93287023273297 90.901260264159646
leaf_count=11301 403 371291 15016 526640 11723 875 268 111194 855 703 419 366 2092 519
internal_value=-9.40448e-06 0.00222017 -0.0446127 -0.0012602 -0.00763909 -0.0239932 -0.0518037 -0.00226032 -0.0356622 -0.00549549 -0.0785887 -0.0694393 -0.104675 -0.00924333
internal_weight=98349.9 35330.8 374.282 63019.1 15084.9 3730.26 1290.73 11354.6 1137.09 602.042 210.204 535.049 370.234 2439.53
internal_count=1053665 386710 15419 666955 140315 17820 5578 122495 4703 1977 1122 2726 2360 12242
is_linear=0
shrinkage=0.05


Tree=353
num_leaves=15
num_cat=0
split_feature=36 17 1 20 14 54 57 57 6 57 28 31 31 19
split_gain=109.328 116.278 334.021 340.793 342.035 284.825 545.575 276.759 234.252 222.793 211.427 175.309 240.388 339.237
threshold=9.8400001525878924 29337238.000000004 46101.500000000007 121190.50000000001 27309926.000000004 13830.000000000002 10.161532878875734 8.7570157051086444 1564203072.0000002 10.588637828826906 7.4949998855590829 43.604999542236335 22.755000114440922 156183.00000000003
decision_type=2 2 2 2 2 2 2 2 2 2 2 2 2 2
left_child=1 8 3 5 -5 -3 -7 -4 11 -8 -6 12 -1 -14
right_child=-2 2 7 4 10 6 9 -9 -10 -11 -12 -13 13 -15
leaf_value=-0.00037264843835720589 -0.043887710252885653 0.052969635619461719 0.0057228701274457264 -0.05336018103646311 0.024890808409340839 0.04831971536157819 -0.27694240610349702 -0.052060573034873152 -0.064635910697170937 -0.06976335851424191 -0.073176363488022533 -0.064375847989631391 -0.072997329018459886 0.028343206077976676
leaf_weight=93734.950764897629 140.75929062956129 866.24938032493083 559.00784978290903 231.26041485487804 648.07315222336911 126.76436173915863 17.171897180378437 326.94873674382688 140.04214285663329 53.287784532818478 58.873522800888168 105.13077761224122 87.487281180106947 1200.362553364128
leaf_count=941239 5741 7071 5323 17749 11086 196 125 19482 8506 279 3072 9699 3429 20668
internal_value=-9.20862e-06 5.36521e-05 0.009937 0.0212579 -0.000658884 0.0406225 -0.0133502 -0.0155795 -0.000245495 -0.124124 0.0165615 -0.000149499 -7.72377e-05 0.0213688
internal_weight=98296.4 98155.6 2887.64 2001.68 938.207 1063.47 197.224 885.957 95268 70.4597 706.947 95127.9 95022.8 1287.85
internal_count=1053665 1047924 64383 39578 31907 7671 600 24805 983541 404 14158 975035 965336 24097
is_linear=0
shrinkage=0.05


Tree=354
num_leaves=15
num_cat=0
split_feature=1 1 19 24 7 57 87 28 57 6 5 1 1 13
split_gain=107.421 118.777 226.171 284.579 237.107 368.555 240.915 236.805 230.434 230.295 210.827 209.884 379.457 395.753
threshold=96921.500000000015 71155.000000000015 -333700.99999999994 -24.804999351501461 37468300.000000007 10.676249027252199 2.2057127952575688 18.835000038146976 6.2327172756195077 126140000.00000001 3.3950001001358037 46799.500000000007 46955.500000000007 1300050.5000000002
decision_type=2 2 2 2 2 2 2 2 2 2 2 2 2 2
left_child=1 11 8 -4 5 10 -7 -8 -3 -6 -5 -1 13 -13
right_child=-2 2 3 4 9 6 7 -9 -10 -11 -12 12 -14 -15
leaf_value=0.00049956113268021462 -0.074300512910004099 -0.085687216887338893 -0.051967001696478179 0.01584324201858469 0.085195231498702645 0.077337460222892354 -0.047243095700060481 0.020896042776297325 0.041666601010075563 -0.027605000656984222 -0.052225247767300011 -0.022093660480305109 -0.0036771154723972722 -0.10653180034030812
leaf_weight=82931.682051256867 47.634197486855555 36.447647774533834 218.87488875849522 2423.9116217163901 170.42047398909926 51.689139998692553 607.94467270753375 159.51749348713201 639.63722469063941 60.118082375440281 118.09247581125237 982.08694957915577 9631.8533315037639 161.44430761813419
leaf_count=828629 1332 533 2910 26880 65 783 24060 3070 2217 454 2436 12035 145680 2581
internal_value=-9.11596e-06 2.71702e-05 0.00797401 0.00322708 0.006618 0.0032299 -0.0258969 -0.0330065 0.0346107 0.0555719 0.0126421 -0.000352869 -0.00691759 -0.034141
internal_weight=98241.4 98193.7 4486.65 3810.57 3591.69 3361.16 819.151 767.462 676.085 230.539 2542 93707.1 10775.4 1143.53
internal_count=1053665 1052333 63408 60658 57748 57229 27913 27130 2750 519 29316 988925 160296 14616
is_linear=0
shrinkage=0.05


Tree=355
num_leaves=15
num_cat=0
split_feature=57 38 38 19 57 1 1 7 35 15 50 1 27 7
split_gain=107.345 106.646 288.348 942.339 448.644 568 481.96 398.827 560.84 380.311 431.636 378.705 374.009 393.744
threshold=0.69952088594436657 14.500000000000002 15.500000000000002 116267.00000000001 5.4140999317169198 10125.500000000002 10121.500000000002 800787.68750000012 2.4450000524520878 550010.00000000012 801.00000000000011 10170.000000000002 -92.225002288818345 15539565.000000002
decision_type=2 2 2 2 2 2 2 2 2 2 2 2 2 2
left_child=-1 -2 3 4 7 6 -6 8 -3 10 -5 -11 -7 -14
right_child=1 2 -4 9 5 12 -8 -9 -10 11 -12 -13 13 -15
leaf_value=-0.052284170255658305 0.0019305308135319527 -0.082995771630931206 0.00054563470450661085 0.01165277815332085 -0.055220228475867328 0.034379068552995044 -0.19952231285341918 0.029413926805552389 0.009715665486376826 0.038974824240607532 -0.094463557552598859 -0.033666447230694889 -0.038480103000590481 0.00099883122174709306
leaf_weight=97.107661520523834 42457.978623344279 257.96929192962125 43082.139859302391 5568.8954801859654 186.3112015958468 236.9996285943198 84.780382353812456 667.28291846161301 438.16410716465907 216.47765314506978 96.424352899368387 1014.1966669063695 2994.7431253547838 797.12370555548114
leaf_count=29508 626432 4027 307266 26891 2541 607 687 2556 3517 977 1671 9263 33703 4019
internal_value=-8.9513e-06 4.28182e-05 -0.00139674 -0.0080631 -0.0231756 -0.031099 -0.1011 0.00178116 -0.0246389 0.00434244 0.00982149 -0.0208269 -0.0263525 -0.0301696
internal_weight=98196.6 98099.5 55641.5 12559.4 5663.37 4299.96 271.092 1363.42 696.133 6895.99 5665.32 1230.67 4028.87 3791.87
internal_count=1053665 1024157 397725 90459 51657 41557 3228 10100 7544 38802 28562 10240 38329 37722
is_linear=0
shrinkage=0.05


Tree=356
num_leaves=15
num_cat=0
split_feature=25 124 35 10 25 35 32 34 28 10 6 29 29 25
split_gain=106.389 237.389 493.921 357.809 274.248 268.663 260.434 410.428 210.76 350.18 197.047 180.388 172.918 167.85
threshold=-81.00500106811522 3.7342394590377812 4.0950000286102304 753839.50000000012 -93.354999542236314 12.105000019073488 0.74500000476837169 0.94499999284744274 3.745000004768372 525806.50000000012 393508496.00000006 3.1250000000000004 0.94499999284744274 -20.039999961853024
decision_type=2 2 2 2 2 2 2 2 2 2 2 2 2 2
left_child=1 2 3 -1 -5 -4 -3 12 9 -9 -11 -10 -8 -2
right_child=13 6 5 4 -6 -7 7 8 11 10 -12 -13 -14 -15
leaf_value=-0.110163914645726 -0.0058160373812109357 0.039735647881238539 -0.10100206536920378 -0.062941251471018991 0.042657022001257559 -0.022404480300229849 -0.013033594233480845 0.042339480998522624 0.031505227011044148 -0.072725707149336821 0.021410570637019451 -0.079834332769963878 -0.11250344873047365 0.00047825593681315599
leaf_weight=48.200992761572707 12152.564048105647 841.35643084338517 157.44062344569102 68.542080177285243 515.96031504878192 356.99039015940798 84.106870848452672 171.22575588004111 951.7728440221108 209.19262450418319 74.058696830499684 36.650032409583218 93.557985103179817 82370.966915930403
leaf_count=616 135912 2476 2879 680 1194 6166 407 1680 3275 7295 969 1571 1157 887388
internal_value=-8.26414e-06 0.0084153 -0.0103374 0.0191805 0.0301022 -0.0467054 0.0171741 0.00541255 0.0142836 -0.013804 -0.0479483 0.0272498 -0.0660306 -0.000330504
internal_weight=98132.6 3609.06 1147.13 632.703 584.502 514.431 2461.92 1620.56 1442.9 454.477 283.251 988.423 177.665 94523.5
internal_count=1053665 30365 11535 2490 1874 9045 18830 16354 14790 9944 8264 4846 1564 1023300
is_linear=0
shrinkage=0.05


Tree=357
num_leaves=15
num_cat=0
split_feature=24 11 15 24 36 57 20 1 20 24 15 29 36 57
split_gain=107.043 308.701 395.338 291.366 484.124 826.58 660.735 567.186 492.811 343.151 336.295 315.133 281.345 459.863
threshold=-9.9349999427795392 2011389.5000000002 1031000.0000000001 -4.6849999427795401 0.32500000298023229 5.6358656883239755 3874.0000000000005 20202.500000000004 12795.500000000002 -3.5249999761581416 299999.50000000006 1.3350000381469729 1.8149999976158144 7.3744010925292978
decision_type=2 2 2 2 2 2 2 2 2 2 2 2 2 2
left_child=1 2 -1 4 11 7 -7 -6 10 -5 -8 -2 -3 -14
right_child=3 12 -4 9 5 6 8 -9 -10 -11 -12 -13 13 -15
leaf_value=-0.050975033854266938 0.036200824348046785 0.0018242801979567785 0.074021659437513473 0.023749252564577425 -0.145852607545226 -0.14741254189182562 -0.088411359120838848 0.037700717543421441 -0.057421846006677574 -0.00080627123556192186 0.01584454395212136 -0.089915798330318486 -0.023496582191628555 0.029422142799566731
leaf_weight=471.78507675384026 524.50731129541964 20305.99829775087 71.836446224187966 1451.0887305346259 44.486749272735324 142.45395106310025 89.972804180259118 552.51633315652725 954.90530252735334 70272.874740920844 515.45637161616469 53.546010139558348 506.96518402876973 2124.3862954640208
leaf_count=12691 2100 116955 282 11050 751 2524 2036 2887 24909 857788 2150 1452 4173 11917
internal_value=-7.98129e-06 0.00293565 -0.0342601 -0.000935189 -0.0165323 -0.0268226 -0.0445752 0.0237183 -0.0350661 -0.000308453 0.000148387 0.024297 0.00382083 0.0192026
internal_weight=98082.8 23481 543.622 74601.8 2877.84 2299.79 1702.79 597.003 1560.33 71724 605.429 578.053 22937.3 2631.35
internal_count=1053665 146018 12973 907647 38809 35257 31619 3638 29095 868838 4186 3552 133045 16090
is_linear=0
shrinkage=0.05


Tree=358
num_leaves=15
num_cat=0
split_feature=9 1 38 19 35 18 33 20 22 27 9 37 24 33
split_gain=105.495 651.091 290.499 287.316 248.402 281.163 255.214 220.173 217.64 304.027 240.016 193.644 255.856 231.375
threshold=8034344.0000000009 22205.000000000004 19.500000000000004 -936939.49999999988 1.6649999618530276 3952614.5000000005 30.954999923706058 5312.5000000000009 461751.00000000006 -11.664999961853026 25142281.000000004 5.5000000000000009 -5.3650000095367423 3.6950000524520878
decision_type=2 2 2 2 2 2 2 2 2 2 2 2 2 2
left_child=-1 2 -2 11 5 7 8 -5 9 -6 -11 -3 13 -13
right_child=1 3 -4 4 6 -7 -8 -9 -10 10 -12 12 -14 -15
leaf_value=-0.00046414082606406262 -0.080420664986719667 -0.084985271566108328 0.050476519252774368 -0.05406695638564351 0.022675924586427747 -0.070314625592728566 -0.063680475663231026 0.035966864640897767 0.016298369821889286 -0.044030765434919274 0.011115642022116585 -0.058772261829842326 -0.067236264164066611 0.035354950318682632
leaf_weight=90973.309309762131 291.15654296365392 105.25145540917583 48.390241762623191 69.527754540169553 512.77082058978704 68.297824486449827 126.1348512579716 1647.3316137865186 2778.012563131997 590.1933533212723 293.7355509691406 85.136252302181674 140.2921132689371 266.64741418225458
leaf_count=948013 18844 2625 69 1175 3282 1897 7493 4614 45801 11769 1799 967 3811 1506
internal_value=-7.79888e-06 0.00589569 -0.0615257 0.00933721 0.0125912 0.0282727 0.00606555 0.0322623 0.00819958 -0.00787315 -0.0256569 -0.0236986 -0.0103427 0.0123312
internal_weight=97996.2 7022.88 339.547 6683.33 6086 1785.16 4300.85 1716.86 4174.71 1396.7 883.929 597.327 492.076 351.784
internal_count=1053665 105652 18913 86739 77830 7686 70144 5789 62651 16850 13568 8909 6284 2473
is_linear=0
shrinkage=0.05


Tree=359
num_leaves=15
num_cat=0
split_feature=0 9 1 38 19 35 18 33 20 10 21 18 35 21
split_gain=104.177 108.024 610.519 273.768 248.885 223.945 260.495 239.663 202.723 202.685 198.803 188.668 363.845 252.656
threshold=29.500000000000004 8034344.0000000009 22205.000000000004 19.500000000000004 -936939.49999999988 1.6649999618530276 3952614.5000000005 30.954999923706058 5312.5000000000009 317581.00000000006 97637.000000000015 2089716.5000000002 4.3750000000000009 41950.500000000007
decision_type=2 2 2 2 2 2 2 2 2 2 2 2 2 2
left_child=-1 11 3 -3 -4 6 8 9 -6 -7 -11 -2 -13 -14
right_child=1 2 4 -5 5 7 -8 -9 -10 10 -12 12 13 -15
leaf_value=-0.056784561129351367 4.7523312547401485e-05 -0.07959208327043199 -0.022091384823269767 0.049213439833114464 -0.052499784556271335 -0.067451734975922703 -0.069518209429057662 -0.063003776612569881 0.034760374256635355 0.041849241171361191 0.0059717054434043817 -0.07370513127380092 0.01902789712204148 -0.014415620900957674
leaf_weight=79.72759530035546 87279.747140760897 278.20678557665087 571.4605071452097 47.206629788968712 68.09000459665549 85.525618524843594 65.515662721823901 120.53224563268304 1627.1852657695126 432.39766560356657 3609.9315600605623 220.27320308858179 709.35138128403923 2739.1827591484325
leaf_count=9612 841982 17582 7535 69 1175 1802 1859 7376 4602 6743 50752 5681 22677 74218
internal_value=-7.90569e-06 3.84223e-05 0.00606711 -0.06066 0.00938309 0.0123877 0.0273841 0.00615559 0.0311972 0.00820191 0.0098312 -0.00041887 -0.0115248 -0.00751839
internal_weight=97934.3 97854.6 6906.05 325.413 6580.64 6009.18 1760.79 4248.39 1695.28 4127.85 4042.33 90948.6 3668.81 3448.53
internal_count=1053665 1044053 99495 17651 81844 74309 7636 66673 5777 59297 57495 944558 102576 96895
is_linear=0
shrinkage=0.05


Tree=360
num_leaves=15
num_cat=0
split_feature=202 12 35 1 15 27 16 53 33 57 0 12 36 37
split_gain=103.99 375.038 304.738 686.084 723.036 1048.96 740.539 589.766 408.701 475 658.469 492.05 505.546 417.719
threshold=1.7916666865348818 4305.0000000000009 6.7550001144409189 41111.500000000007 310002.50000000006 44.820001602172859 2105972.0000000005 157.50000000000003 20.144999504089359 4.5106091499328622 85.500000000000014 1149730.5000000002 1.4149999618530276 1.0000000180025095e-35
decision_type=2 2 2 2 2 2 2 2 2 2 2 2 2 2
left_child=-1 -2 8 -4 5 6 7 -5 13 -10 -11 12 -12 -3
right_child=1 2 3 4 -6 -7 -8 -9 9 10 11 -13 -14 -15
leaf_value=0.0010220083060938961 -0.062327066561982225 0.013620088861404867 -0.021428813863192231 0.0068299055666807707 0.014447761098918144 -0.088065302547552377 -0.063384243180190022 -0.16892950381707306 0.025280213886950276 -0.017421202118355184 -0.10891324138384957 -0.081132011172078938 -0.53200374201170186 -0.0056519298020306814
leaf_weight=69913.836145043722 259.3170699189759 7607.2284776731394 5285.0386794375881 2903.281673899568 4775.1593335410726 431.20495512926573 473.1206740231828 47.513858341611922 437.98962494724037 1035.5906484469742 17.364073224365715 214.75132497819141 12.256565348245202 4454.7988417772685
leaf_count=784724 10724 17006 78286 32225 41530 10193 15914 270 2552 12198 99 922 165 46857
internal_value=-8.07677e-06 -0.00258603 -0.00202262 -0.00724274 0.00144026 -0.0146581 -0.00537567 0.00392661 0.00324527 -0.0195572 -0.0349469 -0.108639 -0.297271 0.00649844
internal_weight=97868.5 27954.6 27695.3 13915.3 8630.28 3855.12 3423.92 2950.8 13780 1717.95 1279.96 244.372 29.6206 12062
internal_count=1053665 268941 258217 178418 100132 58602 48409 32495 79799 15936 13384 1186 264 63863
is_linear=0
shrinkage=0.05


Tree=361
num_leaves=15
num_cat=0
split_feature=38 22 23 33 37 57 28 10 27 37 5 38 21 181
split_gain=103.67 321.62 421.032 318.782 393.663 727.618 656.249 335.403 323.492 321.618 648.719 569.789 601.902 700.453
threshold=16.500000000000004 278642.50000000006 367043.00000000006 30.954999923706058 7.5000000000000009 10.161532878875734 4.6349999904632577 635778.50000000012 63.659999847412116 5.5000000000000009 13.434999942779543 15.500000000000002 38603.000000000007 19.710496902465824
decision_type=2 2 2 2 2 2 2 2 2 2 2 2 2 2
left_child=3 -2 -3 9 5 6 7 -5 -9 10 11 12 13 -1
right_child=1 2 -4 4 -6 -7 -8 8 -10 -11 -12 -13 -14 -15
leaf_value=-0.064452187998174607 -0.0010875282102552444 -0.062242083883890853 -0.00858736418076236 -0.022674967460088805 0.023492519330469024 -0.033914572620490253 -0.035809450418822553 0.038275268993646021 -0.080398108532063153 -0.0041571384035423353 0.019510435897846748 0.014560087075147674 0.0027728751560642008 -0.009894818297987891
leaf_weight=637.88526102999094 28147.486119142435 488.46726797774318 1458.8585764174859 296.71462982800222 3367.6175765850276 1114.7393051849649 525.19657455089691 1782.8530091760913 58.163320240739267 27040.774494875812 5142.472251211675 5559.2792704422027 14631.751055332883 7519.7121781640162
leaf_count=21785 207097 11280 25903 6581 12898 44570 21319 10295 1739 306339 39588 18698 148866 176707
internal_value=-7.31215e-06 -0.00244931 -0.0220968 0.00107788 0.0110652 -3.29922e-06 0.0141811 0.0264971 0.0344573 -0.00010037 0.0031736 0.000207738 -0.00329169 -0.0141745
internal_weight=97772 30094.8 1947.33 67677.2 7145.28 3777.67 2662.93 2137.73 1841.02 60531.9 33491.1 28348.6 22789.3 8157.6
internal_count=1053665 244280 37183 809385 97402 84504 39934 18615 12034 711983 405644 366056 347358 198492
is_linear=0
shrinkage=0.05


Tree=362
num_leaves=15
num_cat=1
split_feature=27 9 28 26 8 6 35 31 10 21 36 13 23 6
split_gain=103.256 331.354 393.737 295.556 277.286 416.101 428.721 490.98 395.81 523.975 365.731 350.301 582.36 422.999
threshold=11.295000076293947 407266.50000000006 5.6749999523162851 -97.139999389648423 0 111498248.00000001 7.0350000858306894 2.7250000238418584 408683.50000000006 1.0000000180025095e-35 1.4650000333786013 2330017.0000000005 118637.00000000001 716482208.00000012
decision_type=2 2 2 2 1 2 2 2 2 2 2 2 2 2
left_child=3 2 -2 -1 -3 8 11 -8 9 -6 -9 12 -7 -13
right_child=1 4 -4 -5 5 6 7 10 -10 -11 -12 13 -14 -15
leaf_value=-0.092727791447144992 -0.038380068774538707 0.0053982874626874447 0.047744944148351925 -0.00093219797834777167 0.072671573900836964 0.010896201534740246 -0.058053675927414242 -0.082815677531579354 -0.0092498171217050215 -0.062647631509578958 0.0077052714945304692 0.03888370625118312 -0.085875291467156167 -0.079407480534509356
leaf_weight=86.811094796532416 160.17857659363654 17334.443891401184 740.83757909414999 69111.444411739736 78.781343500071671 1283.0338362589246 460.52962339044097 119.9743648853073 4340.7168694549327 678.72344186426199 1435.2713086203657 1525.9279859155431 175.87176206019649 78.33475492020807
leaf_count=1959 2548 125040 2638 798389 393 5327 8896 4780 63918 14803 12170 5694 4278 2832
internal_value=-6.86236e-06 0.00253045 0.032353 -0.00104942 0.00155079 -0.00499751 0.00512404 -0.0127655 -0.0150896 -0.0484311 0.000641471 0.0169132 -0.000786231 0.0330306
internal_weight=97610.9 28412.6 901.016 69198.3 27511.6 10177.2 5078.94 2015.78 5098.22 757.505 1555.25 3063.17 1458.91 1604.26
internal_count=1053665 253317 5186 800348 248131 123091 43977 25846 79114 15196 16950 18131 9605 8526
cat_boundaries=0 1
cat_threshold=2
is_linear=0
shrinkage=0.05


Tree=363
num_leaves=15
num_cat=0
split_feature=27 6 21 24 6 31 14 20 35 35 12 9 6 29
split_gain=103.206 297.141 219.224 192.344 660.618 310.901 186.136 166.025 152.863 457.141 425.978 903.005 426.115 473.32
threshold=-86.93999862670897 229743688.00000003 13432.500000000002 -49.364999771118157 37163112.000000007 -7.0150001049041739 9175934.5000000019 138.50000000000003 7.0350000858306894 7.2550001144409189 141689.50000000003 2615779.0000000005 164348056.00000003 0.94499999284744274
decision_type=2 2 2 2 2 2 2 2 2 2 2 2 2 2
left_child=1 2 -1 4 5 -4 -3 -5 -2 -10 11 12 13 -11
right_child=8 6 3 7 -6 -7 -8 -9 9 10 -12 -13 -14 -15
leaf_value=-0.076961187148893648 0.0011181307201552902 -0.071110235794847432 0.03400153722874618 -0.083677438026435347 -0.14638919456847888 -0.094316392459016449 0.015703498161554006 0.019590511966600836 -0.079835096095002236 -0.030599438635112247 -0.0046307377188717254 -0.097923410460751106 -0.055646843914049608 0.032410240835491634
leaf_weight=66.697137712009862 61787.32499436909 182.06400174475493 283.23585546482354 38.293457567109726 79.789358989452012 55.509243611595593 91.433766492162249 2973.0096248829213 192.16784273914163 335.31606870063115 28518.222454529641 168.35590199389844 171.60199987332089 2581.9217017789342
leaf_count=5097 562377 4006 508 526 652 688 857 17910 4651 6225 410844 5200 4627 29497
internal_value=-6.76384e-06 0.00810287 0.0120434 0.0138107 -0.0178578 0.0126115 -0.0419537 0.0182334 -0.000333481 -0.00314068 -0.00267279 0.0144507 0.0206215 0.0251426
internal_weight=97524.9 3770.03 3496.53 3429.84 418.534 338.745 273.498 3011.3 93754.9 31967.6 31775.4 3257.2 3088.84 2917.24
internal_count=1053665 30244 25381 20284 1848 1196 4863 18436 1023421 461044 456393 45549 40349 35722
is_linear=0
shrinkage=0.05


Tree=364
num_leaves=15
num_cat=0
split_feature=35 29 57 32 28 57 37 11 121 22 10 6 57 17
split_gain=102.937 319.027 272.993 483.949 461.391 316.132 588.18 300.382 353.212 401.663 297.444 293.361 291.841 351.775
threshold=83.630001068115249 -10.085000038146971 19.681040763854984 13.065000057220461 -10.664999961853026 11.043120861053469 7.5000000000000009 4328547.0000000009 1.0000000180025095e-35 234831.50000000003 1335132.5000000002 779756256.00000012 5.3347022533416757 338638.00000000006
decision_type=2 2 2 2 2 2 2 2 2 2 2 2 2 2
left_child=-1 -2 5 4 -4 11 10 -6 9 -9 -7 12 -3 -14
right_child=1 2 3 -5 7 6 -8 8 -10 -11 -12 -13 13 -15
leaf_value=-0.00061619484805265374 -0.040086782790702782 -0.0078329513136740879 -0.080987483671230542 -0.056584442703554297 0.046266391094924419 -0.018221496854471442 0.012717483976353203 -0.084391818217305112 0.035306588658118671 0.0071516846166684621 -0.068303699839273743 -0.080578033667734875 -0.065085767537153436 0.018274298373828209
leaf_weight=85465.166865465726 389.79860721588193 1893.6322744215031 99.426636282587424 197.46803438979259 1233.9999604025797 772.63691899455443 1074.3100167588564 154.31668381593772 795.99801224395196 520.6552294089488 485.10788065724046 92.772182523298397 129.33739845638047 4147.1712546946801
leaf_count=850367 9906 40220 1528 21327 8336 19369 4172 3465 7307 6010 28970 2815 3685 46188
internal_value=-7.08988e-06 0.00433137 0.00583202 0.0188114 0.0241564 0.00129139 -0.0144122 0.0280681 0.0127465 -0.0137975 -0.0376167 0.00714813 0.0084881 0.0157269
internal_weight=97451.8 11986.6 11596.8 3001.86 2804.4 8594.97 2332.05 2704.97 1470.97 674.972 1257.74 6262.91 6170.14 4276.51
internal_count=1053665 203298 193392 47973 26646 145419 52511 25118 16782 9475 48339 92908 90093 49873
is_linear=0
shrinkage=0.05


Tree=365
num_leaves=15
num_cat=0
split_feature=23 10 27 6 25 37 35 17 9 19 52 10 16 25
split_gain=104.003 340.143 237.663 233.151 224.966 738.852 561.792 548.531 498.107 611.907 408.105 410.339 390.97 379.945
threshold=-103775.99999999999 35025.500000000007 416.25500488281256 746201568.00000012 133.5100021362305 7.5000000000000009 44.625000000000007 8365023.5000000009 2165051.0000000005 390535.00000000006 7.5000000000000009 1238735.5000000002 872196.00000000012 369.21000671386724
decision_type=2 2 2 2 2 2 2 2 2 2 2 2 2 2
left_child=1 -1 3 -3 -2 6 7 8 9 -6 11 12 -8 -10
right_child=4 2 -4 -5 5 -7 10 -9 13 -11 -12 -13 -14 -15
leaf_value=-0.092661255698677919 0.00039798206099068338 0.0060887197416765564 -0.081312758782592337 -0.057112371007238122 -0.062971034801190748 0.0054442743625132501 -0.065626414166354133 -0.080857570951940683 -0.0888552705148173 0.025989040954953885 0.050291572423875143 -0.032907374979721155 0.021029898035907182 0.0012298042547417769
leaf_weight=89.057549147999453 72397.420999547903 12721.318383056452 78.517984429519856 146.48745228777807 1083.385666815695 5962.147214489356 147.26548450628616 502.13022657688271 125.84448281604273 233.76812929462176 329.14461676096107 1003.8588116065403 1056.7568991672815 1502.9982645178134
leaf_count=1649 801150 67022 1436 5722 29443 29041 12845 31516 4483 2994 5670 34670 13638 12386
internal_value=-7.48664e-06 0.00414828 0.0048252 0.00536097 -0.000650391 -0.00700693 -0.0194175 -0.0325551 -0.0242805 -0.0471368 -0.00153639 -0.00930466 0.0103437 -0.00574974
internal_weight=97380.1 13035.4 12946.3 12867.8 84344.7 11947.3 5985.15 3448.13 2946 1317.15 2537.03 2207.88 1204.02 1628.84
internal_count=1053665 75829 74180 72744 977836 176686 147645 80822 49306 32437 66823 61153 26483 16869
is_linear=0
shrinkage=0.05


Tree=366
num_leaves=15
num_cat=0
split_feature=19 18 18 13 34 26 15 11 1 57 20 57 27 15
split_gain=103.77 477.984 584.489 314.46 710.971 468.096 416.727 331.678 324.747 295.176 304.068 339.54 294.421 262.743
threshold=434605.00000000006 1398971.0000000002 1477103.0000000002 3795515.0000000005 2.245000004768372 8.5950002670288104 1186585.0000000002 2414742.5000000005 29293.500000000004 21.671458244323734 95593.500000000015 9.1676936149597186 67.329998016357436 1500010.0000000002
decision_type=2 2 2 2 2 2 2 2 2 2 2 2 2 2
left_child=1 13 -3 4 -4 6 -6 -7 -5 10 11 -10 -9 -1
right_child=-2 2 3 8 5 7 -8 12 9 -11 -12 -13 -14 -15
leaf_value=0.00074865206209488429 0.0042504904927338372 -0.086112271110027783 -0.071536669440202261 -0.043942559787459555 -0.071414423010295311 -0.068627191973755622 0.014002046398069812 0.010733631358487596 0.020316871040364892 -0.072232184587263534 0.044675150690102181 -0.097264711757269376 -0.064923874478512542 -0.019137546613169
leaf_weight=77904.68098428857 12465.981279451036 275.30921802152443 546.34636754352687 234.71414933005508 479.41078428670153 158.65258412295225 201.49847089847026 2063.476495876781 197.39156711980468 78.193034332682146 743.12079064024147 87.711616169908666 136.01817629790457 1696.0937901644793
leaf_count=733872 200832 7155 8891 8647 23894 7442 2706 27363 1075 3179 4222 1661 3635 19091
internal_value=-8.32941e-06 -0.000635008 -0.015318 -0.011335 -0.019064 -0.00959383 -0.0460807 0.000935537 0.0092895 0.0206567 0.0278325 -0.0158957 0.00600482 0.000324064
internal_weight=97268.6 84802.6 5201.84 4926.53 3585.4 3039.06 680.909 2358.15 1341.13 1106.42 1028.22 285.103 2199.49 79600.8
internal_count=1053665 852833 99870 92715 73931 65040 26600 38440 18784 10137 6958 2736 30998 752963
is_linear=0
shrinkage=0.05


Tree=367
num_leaves=15
num_cat=0
split_feature=27 24 135 222 21 21 25 36 18 36 37 10 1 28
split_gain=103.54 275.845 285.221 118.087 411.657 333.49 288.451 290.716 593.099 568.523 477.494 406.585 540.867 382.244
threshold=3534.960083007813 51.284999847412116 36.431598663330085 46.042242050170906 1.0000000180025095e-35 2283.0000000000005 -94.805000305175767 0.34499999880790716 195763.50000000003 2.4550000429153447 4.5000000000000009 2054177.0000000002 28121.500000000004 19.365000724792484
decision_type=2 2 2 2 2 2 2 2 2 2 2 2 2 2
left_child=3 2 -2 -1 -5 -6 -7 11 9 -9 -10 12 -8 -13
right_child=1 -3 -4 4 5 6 7 8 10 -11 -12 13 -14 -15
leaf_value=0.0010884449689947285 -0.09735620122039404 -0.086260275486485974 0.060664005523967383 -0.063661433431549008 0.041882464015795706 -0.062285252912196769 -0.052217222867805758 -0.063871724661298326 0.0021236413188341565 0.039702808072335637 -0.012967575225373652 0.021319146371470313 0.0044934518998396853 -0.024302380990221584
leaf_weight=65870.369483535236 30.734410662902519 45.437294840885443 274.55529893732455 273.13502098078243 423.71039705814474 201.01288531300816 574.9825777834194 725.54242798154883 14486.97934990553 160.69329693197506 8208.3644709724358 3821.1217053239016 1551.758430435948 519.99296733447409
leaf_count=752855 1063 1369 1400 13955 7140 3615 3500 7780 88631 1067 137644 16509 7584 9553
internal_value=-9.0358e-06 0.0270694 0.0443265 -0.000107924 -0.00265593 -0.00210902 -0.00272822 -0.00232609 -0.00490295 -0.0450115 -0.00333262 0.00706061 -0.0108326 0.0158386
internal_weight=97168.4 350.727 305.29 96817.7 30947.3 30674.2 30250.4 30049.4 23581.6 886.236 22695.3 6467.86 2126.74 4341.11
internal_count=1053665 3832 2463 1049833 296978 283023 275883 272268 235122 8847 226275 37146 11084 26062
is_linear=0
shrinkage=0.05


Tree=368
num_leaves=15
num_cat=0
split_feature=3 6 57 38 0 54 57 3 6 5 38 1 0 6
split_gain=103.96 475.619 469.474 883.928 670.467 610.265 548.973 453.429 363.209 506.021 376.147 522.935 345.846 342.993
threshold=220078880.00000003 67131712.000000015 10.418891429901125 16.500000000000004 91.500000000000014 5276.5000000000009 11.314168453216555 210050000.00000003 106054900.00000001 20.909999847412113 11.500000000000002 30361.000000000004 35.000000000000007 104358000.00000001
decision_type=2 2 2 2 2 2 2 2 2 2 2 2 2 2
left_child=7 2 3 5 -5 -2 -4 -1 9 10 11 -3 -9 -12
right_child=1 8 6 4 -6 -7 -8 12 -10 -11 13 -13 -14 -15
leaf_value=0.00021543738988388258 -0.023622374654315732 0.27084957475829369 -0.16338282023800668 -0.004834234775289336 -0.12144288080367752 0.045629671671315375 -0.039432957782286171 0.13339797252436195 -0.0053090556966062944 0.13820868672139033 0.0038419052355433297 -0.085240626990789437 0.026631523434779772 0.10256810774708065
leaf_weight=89267.975717983732 639.92781790773006 30.782838164537679 110.14214526516298 229.50525934206962 267.86161755316425 629.84028267301619 472.12739132273418 99.209733781171963 3664.6023243471791 90.851562516065314 1157.4763593356183 14.411011205731482 323.08747333881911 94.357376661500894
leaf_count=961303 11644 512 1455 3874 1652 900 14598 200 47760 269 7014 845 1324 315
internal_value=-8.71206e-06 -0.00570406 -0.0242879 -0.011408 -0.0678529 0.0106981 -0.063205 0.00046081 0.00293063 0.0247111 0.0166222 0.156833 0.052088 0.0113993
internal_weight=97092.2 7401.89 2349.4 1767.13 497.367 1269.77 582.27 89690.3 5052.48 1387.88 1297.03 45.1938 422.297 1251.83
internal_count=1053665 90838 34123 18070 5526 12544 16053 962827 56715 8955 8686 1357 1524 7329
is_linear=0
shrinkage=0.05


Tree=369
num_leaves=15
num_cat=1
split_feature=25 6 11 8 14 16 57 53 181 16 57 104 0 1
split_gain=102.902 224.286 383.608 514.808 355.63 335.691 259.591 249 243.158 237.105 249.121 219.957 218.115 207.56
threshold=-81.00500106811522 364059104.00000006 4134235.0000000005 0 1602296.5000000002 726010.50000000012 5.4140999317169198 1.0000000180025095e-35 27.274749755859379 1390034.0000000002 9.1676936149597186 1.5389999747276308 91.500000000000014 25113.500000000004
decision_type=2 2 2 1 2 2 2 2 2 2 2 2 2 2
left_child=1 2 4 -4 6 -6 11 -7 -9 -5 13 -1 -12 -11
right_child=-2 -3 3 9 5 7 -8 8 -10 10 12 -13 -14 -15
leaf_value=-0.12539104865662001 -0.00032391416939701564 0.030680710055667422 -0.10427025540600543 -0.074207774709971461 -0.028583427680721824 0.047639552633906602 -0.071592505944422194 -0.10949859857305932 0.031106263293502842 -0.083450661728579734 -0.023442628570332247 0.04329503936461563 -0.23728464222509446 0.036978741118356598
leaf_weight=21.684077282490762 93568.526461092493 853.48929275048431 162.36247045294294 113.54736407008022 218.41992808837676 970.26086309368839 175.71155353161157 51.437941526994109 72.758160993456841 38.031306438148022 277.86797840251165 127.18942770399735 11.561171865090726 409.70723134274886
leaf_count=753 1023300 4068 2653 1497 1967 2600 5881 411 104 731 7167 643 85 1805
internal_value=-8.32925e-06 0.0084022 0.00120066 -0.0229488 0.0161771 0.0277812 -0.030547 0.0390914 -0.0271377 -0.00726537 0.00306472 0.0177188 -0.0329443 0.0264748
internal_weight=97072.6 3504.03 2650.54 1013.08 1637.46 1312.88 324.585 1094.46 124.196 850.715 737.168 148.874 289.429 447.739
internal_count=1053665 30365 26297 13938 12359 5082 7277 3115 515 11285 9788 1396 7252 2536
cat_boundaries=0 1
cat_threshold=4
is_linear=0
shrinkage=0.05


Tree=370
num_leaves=15
num_cat=0
split_feature=3 57 4 53 2 2 37 1 4 4 54 7 57 57
split_gain=100.436 125.343 122.838 198.379 196.705 296.985 264.343 279.932 200.831 329.286 266.755 182.363 189.099 291.593
threshold=1601000000.0000002 50.594114303588874 114849260.00000001 1.0000000180025095e-35 151000000.00000003 113175000.00000001 5.5000000000000009 25120.000000000004 111771364.00000001 938268.00000000012 75895.000000000015 12259751.500000002 6.6652977466583261 9.4962353706359881
decision_type=2 2 2 2 2 2 2 2 2 2 2 2 2 2
left_child=1 2 4 -4 5 8 11 -8 9 -1 -11 -6 -13 -14
right_child=-2 -3 3 -5 6 -7 7 -9 -10 10 -12 12 13 -15
leaf_value=0.0002003480827115166 -0.026470873411365343 -0.069474201968919097 -0.021801707028869716 -0.26489094840023875 0.057289873618888466 -0.10241333385223986 0.028081012480384745 -0.088041388305459573 0.056414490528476691 -0.079312347617391518 0.014599766323742054 0.044946181757736903 -0.25862345167674688 -0.013240941431283383
leaf_weight=94773.302040440525 356.25153092711116 63.709599770969362 405.22910138244333 7.6301938769174731 452.50479427410755 69.678901185514405 112.83664959919406 93.922537928825477 157.15151929343119 231.51028258161386 110.43661415018141 99.130528129753657 13.759634818183256 71.057522750896169
leaf_count=1011431 10515 3639 14089 115 2326 1075 600 2206 66 6582 218 209 149 445
internal_value=-8.1176e-06 8.91676e-05 0.000136283 -0.0270443 0.000253751 4.04585e-05 0.024283 -0.024598 0.000116989 2.28548e-05 -0.0488822 0.0402546 -0.00146426 -0.056181
internal_weight=97018.1 96661.9 96598.2 412.859 96185.3 95342.1 843.212 206.759 95272.4 95115.2 341.947 636.452 183.948 84.8172
internal_count=1053665 1043150 1039511 14204 1025307 1019372 5935 2806 1018297 1018231 6800 3129 803 594
is_linear=0
shrinkage=0.05


Tree=371
num_leaves=15
num_cat=0
split_feature=57 6 6 16 3 3 19 23 31 6 6 55 134 57
split_gain=100.363 103.858 392.663 728.761 555.471 448.743 341.5 440.106 1114.77 617.065 587.146 1355.78 620.38 575.25
threshold=0.69952088594436657 32350050.000000004 28319960.000000004 1492688.0000000002 220078880.00000003 210050000.00000003 434605.00000000006 189772.00000000003 6.5650000572204599 42800100.000000007 38141800.000000007 715.00000000000011 -118.52708053588866 13.466119289398195
decision_type=2 2 2 2 2 2 2 2 2 2 2 2 2 2
left_child=-1 2 -2 4 5 -4 7 9 -9 10 13 -12 -13 -3
right_child=1 6 3 -5 -6 -7 -8 8 -10 -11 11 12 -14 -15
leaf_value=-0.052068910007645158 0.00075976258139762729 -0.037685763727454309 0.030788100058346143 -0.058895015865896398 -0.094057308288412259 0.12025586178003085 0.0080411221031386343 -0.05577262864111452 0.000994955830678554 2.5676329389815448e-05 -0.024861285080996418 -0.46848949751928404 -0.14389052438794653 0.016207569148233028
leaf_weight=91.487980706151575 40853.317998055718 909.5737561277856 1731.7436468268279 243.86518672986131 81.866926041941042 152.26563510112464 8094.6587234439794 1353.1027632456753 2388.6800124271685 39056.339036188831 736.51219754861086 15.507194644538684 184.66917981777806 1083.0024963317264
leaf_count=29508 532816 8249 6844 4471 2012 103 106664 28776 26565 291114 8552 200 1449 6342
internal_value=-8.12137e-06 4.10601e-05 0.0018717 0.0223967 0.0325311 0.0381054 -0.00142271 -0.00309923 -0.0195294 -0.00163335 -0.0237629 -0.0563993 -0.171489 -0.00837521
internal_weight=96976.6 96885.1 43063.1 2209.74 1965.88 1884.01 53822 45727.4 3741.78 41985.6 2929.26 936.689 200.176 1992.58
internal_count=1053665 1024157 546246 13430 8959 6947 477911 371247 55341 315906 24792 10201 1649 14591
is_linear=0
shrinkage=0.05


Tree=372
num_leaves=15
num_cat=0
split_feature=27 27 26 9 11 14 35 9 35 31 19 29 9 13
split_gain=100.611 328.875 308.051 261.652 402.539 362.45 244.669 334.601 291.9 468.19 770.635 438.071 429.432 434.843
threshold=5.1449999809265146 3.4750000238418584 -97.139999389648423 407266.50000000006 2705210.5000000005 3101333.5000000005 89.849998474121108 1389897.5000000002 12.25500011444092 -10.280000209808348 143010.00000000003 13.50500011444092 872750.00000000012 781433.50000000012
decision_type=2 2 2 2 2 2 2 2 2 2 2 2 2 2
left_child=1 2 -1 4 -2 -6 8 -8 12 -10 -11 -12 13 -5
right_child=3 -3 -4 6 5 -7 7 -9 9 10 11 -13 -14 -15
leaf_value=-0.1055250672768509 -0.055012629116476135 -0.045098051763823567 -0.00072827976163381913 0.0085236073186494687 0.052183896930496493 -0.072785039940849311 0.051000943085744689 0 0.035766093058353585 -0.054316782299661061 -0.012492467668432955 0.022667538599268074 0.0044804772463402556 -0.074498684576943947
leaf_weight=69.207818358241639 122.28259376922506 421.58715761422354 64782.484043416196 284.54769911043695 717.60033817141084 61.932355284807272 579.34457517119881 719.07448964396099 547.10221001118771 932.35164401140355 4173.6262363775641 1122.9217364213109 22027.664810387774 349.62776943687641
leaf_count=1783 3590 8316 757759 3983 1344 774 4223 15190 1882 23547 48674 20046 157347 5207
internal_value=-7.67754e-06 -0.0011298 -0.000842512 0.00230579 0.0288395 0.0421108 0.00152474 0.0227585 0.00058574 -0.00851675 -0.0124194 -0.00502588 0.00330989 -0.037214
internal_weight=96911.4 65273.3 64851.7 31638.1 901.815 779.533 30736.3 1298.42 29437.8 6776 6228.9 5296.55 22661.8 634.175
internal_count=1053665 767858 759542 285807 5708 2118 280099 19413 260686 94149 92267 68720 166537 9190
is_linear=0
shrinkage=0.05


Tree=373
num_leaves=15
num_cat=1
split_feature=36 17 36 37 6 21 30 53 8 54 1 6 33 20
split_gain=100.228 109.801 292.043 671.782 382.426 367.192 355.128 599.044 630.643 299.388 284.817 862.977 394.7 541.24
threshold=9.8400001525878924 10813217.000000002 3.0849999189376835 6.5000000000000009 5932620.0000000009 97637.000000000015 40.444999694824226 1.0000000180025095e-35 0 23665.000000000004 29292.500000000004 13120769.000000002 11.364999771118166 86626.500000000015
decision_type=2 2 2 2 2 2 2 2 1 2 2 2 2 2
left_child=1 2 -1 5 -5 6 7 -4 -9 -8 11 -3 13 -13
right_child=-2 10 3 4 -6 -7 9 8 -10 -11 -12 12 -14 -15
leaf_value=-0.00021154324143728013 -0.042960212307347041 -0.066258286961310461 -0.06775188197055923 0.027641910863621996 -0.034818684975984997 0.040352690341935067 -0.070810775802222711 -0.45417788188817343 -0.13461599937036539 0.040411942331904212 0.0086924675384781169 -0.076224658267632833 0.013670226835311031 -0.0023830600753832684
leaf_weight=80454.57453262998 134.62770194730547 531.0254724997576 308.18292392678268 666.3148401890503 386.00026930982131 82.699321533931652 140.54728993789467 20.661909643560648 61.972857915621717 104.23536866903305 10093.430751907003 323.08625437437149 2468.1728863076205 1066.0937402661184
leaf_count=809056 5741 27469 15648 3540 3414 1278 10452 253 419 168 118444 9520 24207 24056
internal_value=-7.52984e-06 5.2192e-05 -0.000654352 -0.0207353 0.00467193 -0.0579815 -0.0708978 -0.100463 -0.219592 -0.0232738 0.00406705 -0.00655976 0.00166077 -0.0196351
internal_weight=96841.6 96707 82225.2 1770.61 1052.32 718.3 635.6 390.818 82.6348 244.783 14481.8 4388.38 3857.35 1389.18
internal_count=1053665 1047924 844228 35172 6954 28218 26940 16320 672 10620 203696 85252 57783 33576
cat_boundaries=0 1
cat_threshold=2
is_linear=0
shrinkage=0.05


Tree=374
num_leaves=15
num_cat=0
split_feature=33 34 38 19 38 6 32 32 55 1 175 10 57 3
split_gain=100.944 382.119 403.29 401.714 404.608 517.778 406.827 400.772 395.958 536.786 379.708 720.803 385.53 374.409
threshold=3.7549999952316289 2.4850000143051152 17.500000000000004 201875.50000000003 19.500000000000004 75765212.000000015 3.5949999094009404 11.675000190734865 1230.0000000000002 42455.500000000007 2.0835239887237553 396372.00000000006 12.918549060821535 220078880.00000003
decision_type=2 2 2 2 2 2 2 2 2 2 2 2 2 2
left_child=1 2 10 4 5 6 13 -3 -6 -10 11 12 -1 -4
right_child=-2 7 3 -5 8 -7 -8 -9 9 -11 -12 -13 -14 -15
leaf_value=-0.029581128512668337 -0.001670875790765088 0.022957154663940944 0.030984322611490613 -0.053528192399727441 0.020131600423845319 -0.013478737767314165 -0.078619387335876242 -0.067672106298191897 -0.0055402132717976846 -0.07940361529402222 -0.00049977466554201226 0.0016239468948339075 -0.097098602462815875 -0.064559231750845186
leaf_weight=533.15725286187808 46971.019340571453 2817.7086781320504 4452.5832848394057 238.5116064378235 1054.2745579728798 966.32675609618309 88.730263533012476 126.29600358767857 1346.5506833317777 300.51523214401095 36093.851620611895 1311.1067510083012 354.30505321576493 103.71888919122284
leaf_count=5761 584787 15412 11072 1710 4249 4502 879 7354 6407 3444 393730 9953 3485 920
internal_value=-7.68847e-06 0.00156041 0.000460999 0.0102786 0.0121216 0.0197756 0.0267058 0.0190306 -0.00376072 -0.0190873 -0.0017303 -0.0218997 -0.0566716 0.0287847
internal_weight=96758.7 49787.6 46843.6 8551.21 8312.7 5611.36 4645.03 2944 2701.34 1647.07 38292.4 2198.57 887.462 4556.3
internal_count=1053665 468878 446112 33183 31473 17373 12871 22766 14100 9851 412929 19199 9246 11992
is_linear=0
shrinkage=0.05


Tree=375
num_leaves=15
num_cat=0
split_feature=38 26 126 12 53 24 25 19 11 29 206 37 55 24
split_gain=99.7335 269.432 538.453 452.943 413.597 401.576 447.507 463.689 432.532 744.916 433.194 390.876 429.861 421.802
threshold=14.500000000000002 61.760000228881843 4.3290429115295419 29360.000000000004 104.50000000000001 35.07500076293946 565.97998046875011 -106639.49999999999 4697976.0000000009 5.1250000000000009 -0.063583333045244203 5.5000000000000009 17575.500000000004 32.679998397827156
decision_type=2 2 2 2 2 2 2 2 2 2 2 2 2 2
left_child=-1 2 4 -3 -2 6 7 -5 9 10 -7 12 -4 -13
right_child=1 3 11 5 -6 8 -8 -9 -10 -11 -12 13 -14 -15
leaf_value=0.0018281367708889258 -0.016015485979602537 -0.082354743205975134 0.0084159973985827603 -0.067964663697734559 -0.075680473013050753 -0.010026478153844708 0.001114333289523316 0.020944594465262031 0.0046949769143179183 0.0053856115492804703 -0.072910663848235802 -0.012961578531761532 -0.0068669652006891173 0.022578032618415764
leaf_weight=41906.226710850169 4273.0821980135115 152.993110354284 11838.468135088886 149.32212262573012 311.41236713895705 420.04695946466381 9656.1701253505707 5692.0203160867804 2840.7333935105835 1100.7811195510512 798.73202070780098 9085.7607647806726 7521.781978895764 917.50633206701605
leaf_count=652472 28827 3499 97329 2215 2406 5281 51606 25892 25701 19195 12202 93824 24373 8843
internal_value=-7.19636e-06 -0.00141267 -0.00415928 0.00306536 -0.0200949 0.00370436 0.00772866 0.018652 -0.00837096 -0.0243893 -0.0513049 -0.00166897 0.00247568 -0.00969493
internal_weight=96665 54758.8 33948 20810.8 4584.49 20657.8 15497.5 5841.34 5160.29 2319.56 1218.78 29363.5 19360.3 10003.3
internal_count=1053665 401193 255602 145591 31233 142092 79713 28107 62379 36678 17483 224369 121702 102667
is_linear=0
shrinkage=0.05


Tree=376
num_leaves=15
num_cat=0
split_feature=34 28 36 6 17 15 27 13 15 15 106 57 18 6
split_gain=99.4506 238.946 234.049 234.143 174.718 130.421 202.052 169.094 132.972 560.149 671.101 516.067 363.182 334.033
threshold=9999.9951171875018 25.865000724792484 0.21499999612569812 779756256.00000012 220253.00000000003 4869267.5000000009 -22.539999961853024 4242155.0000000009 503937.50000000006 549999.50000000012 0.63350000977516185 7.8069815635681161 1945106.0000000002 179288992.00000003
decision_type=2 2 2 2 2 2 2 2 2 2 2 2 2 2
left_child=5 2 3 4 -2 8 7 -7 -1 10 11 -10 -12 -11
right_child=1 -3 -4 -5 -6 6 -8 -9 9 13 12 -13 -14 -15
leaf_value=-0.0010025160513304843 -0.063014918571170128 -0.044991883390453916 -0.067905630044254997 -0.090381711944865689 0.06185936848637888 -0.078366445559561376 -0.059180257157431929 0.041934435126075482 0.022889789483206538 0.0041299964497036401 0.0431647026014636 -0.094135726932196365 -0.081599593424894187 -0.012343756929470992
leaf_weight=74840.034018049962 28.817290878614585 116.02108784761003 49.877588669136458 28.96934078463164 421.49507854282274 36.992431565988227 228.24365425811266 123.83902278462483 192.39220423845109 14550.770502078423 1824.9905029581569 182.06494557872065 59.090218595229089 3900.9175238159623
leaf_count=829770 1160 7552 3129 223 1274 1277 12798 940 716 129606 6206 2251 2064 54699
internal_value=-6.90921e-06 0.0195422 0.0338441 0.0446564 0.0536355 -0.000139098 -0.0289918 0.0136421 -2.07862e-05 0.00352433 0.0270227 -0.0339752 0.039184 0.000644049
internal_weight=96584.5 645.18 529.159 479.282 450.312 95939.3 389.075 160.831 95550.3 20710.2 2258.54 374.457 1884.08 18451.7
internal_count=1053665 13338 5786 2657 2434 1040327 15015 2217 1025312 195542 11237 2967 8270 184305
is_linear=0
shrinkage=0.05


Tree=377
num_leaves=15
num_cat=1
split_feature=54 69 55 163 38 3 8 15 16 6 5 6 20 0
split_gain=97.3 258.51 226.73 749.059 624.639 657.699 535.407 769.839 619.507 521.355 493.551 430.872 783.087 399.427
threshold=411125.50000000006 -0.026638542301952835 17575.500000000004 0.02238930901512504 16.500000000000004 76975000.000000015 0 530040.00000000012 872196.00000000012 814129.46875000012 67.975002288818374 113710848.00000001 188997.00000000003 91.500000000000014
decision_type=2 2 2 2 2 2 1 2 2 2 2 2 2 2
left_child=2 -2 -1 6 -5 -6 7 8 -4 -8 13 12 -10 -7
right_child=1 -3 3 4 5 10 9 -9 11 -11 -12 -13 -14 -15
leaf_value=0.00058677804945806399 -0.076904677923411158 0.0068616836318141673 -0.070375617076924191 0.015454324981733198 -0.00081411540635605679 -0.014022478007900513 -0.045507724648273074 -0.1025550587365552 -0.026864334797698387 0.0059297823151768479 0.0092803863164228808 0.0082873193455117716 -0.2327643360264533 -0.11692481147718586
leaf_weight=76667.281190431037 92.290660200378625 6792.5564056074945 582.30080033816193 4548.4394352724776 1968.5378135931678 134.98179684695788 623.51501921588351 370.04536229402584 731.91495164763182 2327.5953586164978 186.74441520124674 1127.8588822050951 48.433535546064377 323.56725009519141
leaf_count=991073 1362 18462 7706 9983 4496 322 2780 2568 2871 6359 289 3525 313 1556
internal_value=-6.59586e-06 0.00572054 -0.000447082 -0.00655993 0.00425653 -0.0152086 -0.0198971 -0.0353106 -0.025262 -0.00493281 -0.0589739 -0.0114395 -0.0399894 -0.086839
internal_weight=96526.1 6884.85 89641.2 12973.9 7162.27 2613.83 5811.66 2860.55 2490.51 2951.11 645.293 1908.21 780.348 458.549
internal_count=1053665 19824 1033841 42768 16646 6663 26122 16983 14415 9139 2167 6709 3184 1878
cat_boundaries=0 1
cat_threshold=4
is_linear=0
shrinkage=0.05


Tree=378
num_leaves=15
num_cat=0
split_feature=1 1 1 5 139 13 38 57 57 3 1 36 3 6
split_gain=97.298 112.141 199.119 345.849 565.774 497.245 419.282 353.038 393.865 350.444 316.617 358.518 431.111 271.753
threshold=96921.500000000015 71155.000000000015 46799.500000000007 67.005001068115249 -13.970252037048338 2180252.5000000005 18.500000000000004 19.544147491455082 19.968514442443851 183325000.00000003 46740.000000000007 0.76499998569488536 79999848.000000015 191611496.00000003
decision_type=2 2 2 2 2 2 2 2 2 2 2 2 2 2
left_child=1 2 10 4 -4 7 9 -6 -9 -5 -1 12 -12 -7
right_child=-2 -3 3 6 5 13 -8 8 -10 -11 11 -13 -14 -15
leaf_value=0.0001188112051951471 -0.073104513151855316 0.0078595447590800119 0.0013823659681044189 0.035380551318846716 -0.043625107358584381 0.01138449292980929 -0.099310137513267102 0.10426188121571905 -0.016217629596791985 -0.038134986123477051 0.054349377027686829 -0.015815241084234023 -0.097141482786927691 -0.061344991156506316
leaf_weight=80349.379978693731 44.501689529512078 4363.4367012537405 4894.5169421807368 1049.7829754531267 2352.3554947406083 1113.9374340387876 71.833681846532272 75.020960281559383 627.23469340267911 190.20449764013756 752.54822447133483 346.35152224499325 48.961785957362736 144.09020066771336
leaf_count=820253 1332 63408 52926 3404 67658 13583 595 860 15063 1712 3044 4485 847 4495
internal_value=-6.06339e-06 2.7928e-05 -0.000342988 -0.00681706 -0.0102429 -0.0234455 0.0171787 -0.0343394 -0.00314592 0.0240419 0.000492092 0.026555 0.0449234 0.00297248
internal_weight=96424.2 96379.7 92016.2 10519 9207.16 4312.64 1311.82 3054.61 702.256 1239.99 81497.2 1147.86 801.51 1258.03
internal_count=1053665 1052333 988925 160296 154585 101659 5711 83581 15923 5116 828629 8376 3891 18078
is_linear=0
shrinkage=0.05


Tree=379
num_leaves=15
num_cat=0
split_feature=7 1 57 57 37 6 7 0 6 7 3 38 57 57
split_gain=96.8789 231.359 248.616 199.386 188.278 349.016 168.426 1085.43 736.392 393.681 372.648 400.519 437.94 331.724
threshold=92831288.000000015 10355.000000000002 12.80903482437134 22.449007987976078 7.5000000000000009 253266088.00000003 25790999.000000004 75.000000000000014 233124216.00000003 25269688.000000004 16726106.500000002 16.500000000000004 7.4455852508544931 6.6652977466583261
decision_type=2 2 2 2 2 2 2 2 2 2 2 2 2 2
left_child=6 2 -2 -4 5 -3 9 8 -8 -1 -9 -12 13 -13
right_child=1 4 3 -5 -6 -7 7 10 -10 -11 11 12 -14 -15
leaf_value=5.2742781634028156e-05 0.049744829335334875 -0.17216674101135543 -0.09817688035774165 0.05113932156939574 0.015466751982035199 -0.014349700415876177 0.034098020747537379 -0.20304367516876051 -0.041867934657593281 0.062518248664573076 -0.021674738313198782 -0.11061623514164504 -0.11585639331273148 0.044721773804556858
leaf_weight=91146.715469767281 513.44433733028563 39.918689151912986 55.490139405999798 35.709464356303215 424.02853016793961 252.54238941903168 1395.0199852508376 32.681505497632315 412.10338406472874 251.93977110434207 1382.5470764045604 51.47938759624958 267.57567718667269 98.309175325091928
leaf_count=1025934 729 463 484 94 1342 3284 5356 278 9645 628 3353 233 1680 162
internal_value=-5.88866e-06 0.0134351 0.0361965 -0.0392489 -0.00572731 -0.0365742 -0.000193397 -0.0107399 0.0167332 0.000226158 -0.0378529 -0.0347147 -0.0776357 -0.00871279
internal_weight=96359.5 1321.13 604.644 91.1996 716.49 292.461 95038.4 3639.72 1807.12 91398.7 1832.59 1799.91 417.364 149.789
internal_count=1053665 6396 1307 578 5089 3747 1047269 20707 15001 1026562 5706 5428 2075 395
is_linear=0
shrinkage=0.05


Tree=380
num_leaves=15
num_cat=0
split_feature=0 17 1 57 9 1 20 14 141 6 12 57 28 57
split_gain=95.4514 100.856 296.084 286.016 295.863 273.654 283.969 289.022 214.361 205.029 192.117 465.294 191.723 176.352
threshold=29.500000000000004 29337238.000000004 46101.500000000007 5.8576316833496103 9033898.5000000019 22291.500000000004 121190.50000000001 27309926.000000004 -8.5892806053161603 1564203072.0000002 454128.00000000006 10.161532878875734 7.4949998855590829 6.0821356773376474
decision_type=2 2 2 2 2 2 2 2 2 2 2 2 2 2
left_child=-1 9 5 8 13 -3 10 -8 -4 -2 11 -7 -9 -5
right_child=1 2 3 4 -6 6 7 12 -10 -11 -12 -13 -14 -15
leaf_value=-0.056483451596188422 -0.0001567609211481451 -0.058173721201783983 -0.09428371740158073 -0.35081360176975412 -0.012163469394659008 0.052678389607693055 -0.04997277274944073 0.027562460264350726 0.032261301801704445 -0.063935119668286716 0.051393093763114774 -0.15592416782809332 -0.074406675273678502 -0.080842647680114066
leaf_weight=73.753405990661122 93308.477223160095 103.33446802211984 36.042516164510744 5.5404377442318937 373.57767802404123 79.728153082542121 192.79631448597502 594.65728129119816 335.2525380490988 125.18736850106507 864.57571467547677 38.896268577082083 48.785485747095663 163.16157813431346
leaf_count=9612 973938 13196 591 160 13966 121 11196 6179 2277 8136 4087 272 1696 8238
internal_value=-5.27353e-06 3.80619e-05 0.00932537 -0.0140682 -0.0372219 0.020468 0.0249914 0.00349825 0.0196227 -0.000243433 0.043199 -0.0160349 0.0196502 -0.0920185
internal_weight=96343.8 96270 2836.35 913.575 542.28 1922.77 1819.44 836.239 371.295 93433.7 983.2 118.624 643.443 168.702
internal_count=1053665 1044053 61979 25232 22364 36747 23551 19071 2868 982074 4480 393 7875 8398
is_linear=0
shrinkage=0.05


Tree=381
num_leaves=15
num_cat=0
split_feature=30 11 115 31 23 1 38 15 57 57 37 10 6 6
split_gain=95.1354 406.305 271.297 370.293 608.116 504.783 388.738 323.046 525.606 874.636 792.774 362.454 301.969 507.224
threshold=-5.1050000190734854 2011389.5000000002 1.1835001111030581 -19.14999961853027 -718703.49999999988 30399.500000000004 20.500000000000004 989999.50000000012 10.772074222564699 8.4750170707702654 5.5000000000000009 3367336.5000000005 137205520.00000003 454889296.00000006
decision_type=2 2 2 2 2 2 2 2 2 2 2 2 2 2
left_child=1 -1 -3 4 5 6 -4 11 9 -9 -10 12 -5 -14
right_child=-2 2 3 7 -6 -7 -8 8 10 -11 -12 -13 13 -15
leaf_value=-0.068059910128693946 -0.00058189239772482386 0.017311929987925936 -0.091833062266786294 0.0048094135137178168 -0.13789498993742774 0.012351462897376077 0.044927501840423989 -0.062575883371801075 -0.13070313397140609 0.043841985901761193 -0.0085789192116186956 0.025388770026173943 -0.10230935764848728 0.016313411796044567
leaf_weight=189.74099431525246 84895.577755004968 3397.1301954028895 259.29880338958174 2672.9354179748043 110.10015892534284 617.87188977762344 63.729382917750627 288.88439042674872 209.36431077616726 576.58987613453064 363.88961834466318 2288.4878072369611 182.12960827616189 175.74833107939412
leaf_count=7154 985454 19112 2440 11296 960 3047 83 2922 2678 902 4434 10062 2451 670
internal_value=-5.54837e-06 0.00428331 0.00551863 0.000380284 -0.0272073 -0.0140694 -0.0646422 0.00468146 -0.0163175 0.00823211 -0.0534182 0.0103725 -0.000954031 -0.0440331
internal_weight=96291.5 11395.9 11206.2 7809.03 1051 940.9 323.028 6758.03 1438.73 865.474 573.254 5319.3 3030.81 357.878
internal_count=1053665 68211 61057 41945 6530 5570 2523 35415 10936 3824 7112 24479 14417 3121
is_linear=0
shrinkage=0.05


Tree=382
num_leaves=15
num_cat=0
split_feature=57 33 37 57 5 57 6 38 7 7 7 7 28 2
split_gain=94.1331 97.8428 361.166 549.028 654.886 530.866 941.334 637.201 504.173 480.947 460.812 435.658 412.3 400.102
threshold=0.69952088594436657 3.7549999952316289 5.5000000000000009 16.168377876281742 6.7550001144409189 17.249829292297367 443990816.00000006 13.500000000000002 5682553.0000000009 7037426.7500000009 32757935.000000004 37468300.000000007 1.935000002384186 61229970.000000007
decision_type=2 2 2 2 2 2 2 2 2 2 2 2 2 2
left_child=-1 2 5 4 -4 6 7 -2 -6 -10 12 -11 13 -7
right_child=1 -3 3 -5 8 10 -8 -9 9 11 -12 -13 -14 -15
leaf_value=-0.051882721501206264 -0.026577668107336062 -0.0015981963605265052 0.0071049094706572072 -0.020027911082861692 -0.043436540001225904 0.028118682930047975 -0.073828771284747102 0.0048634705921455192 0.034891256708171302 -0.031970839463825756 -0.025537088812786508 0.012464891917589919 -0.00030034813199252339 -0.038392633590963177
leaf_weight=86.366084519788274 1755.4527715594886 46736.314905255858 10841.257938576127 4090.2733613336604 1207.8657797197593 5677.5138809564523 413.37787615781417 19487.918953211571 598.37653360280092 1466.8541042396391 633.21301584453613 880.98151256048004 2099.0569583121542 234.02096325028106
leaf_count=29508 49038 581054 86357 57355 18799 60755 8668 116948 2329 13599 3663 4442 15167 5983
internal_value=-5.55404e-06 4.10767e-05 0.00159341 -0.00379256 0.000633661 0.00498756 0.000803793 0.00226184 -0.0162405 -0.005063 0.0154628 -0.0152777 0.0187127 0.0254712
internal_weight=96208.8 96122.5 49386.2 19085.6 14995.3 30300.6 21656.7 21243.4 4154.08 2946.21 8643.8 2347.84 8010.59 5911.53
internal_count=1053665 1024157 443103 182881 125526 260222 174654 165986 39169 20370 85568 18041 81905 66738
is_linear=0
shrinkage=0.05


Tree=383
num_leaves=15
num_cat=0
split_feature=89 37 37 58 1 3 1 5 3 1 54 58 29 57
split_gain=95.4813 477.293 412.74 351.966 670.511 768.081 659.596 468.541 588.125 463.44 345.895 755.932 357.469 344.429
threshold=3.030795812606812 1.0000000180025095e-35 4.5000000000000009 0.18701888993382457 10355.000000000002 310081280.00000006 10211.500000000002 66.944999694824233 320283008.00000006 10212.500000000002 278.50000000000006 -0.089650653302669511 4.3350000381469735 8.5516772270202654
decision_type=2 2 2 2 2 2 2 2 2 2 2 2 2 2
left_child=1 13 3 10 6 -6 -5 8 -7 -8 -2 -12 -13 -1
right_child=2 -3 -4 4 5 7 9 -9 -10 -11 11 12 -14 -15
leaf_value=0.0097729546968278926 0.0038163547691888403 -0.0068133097597512576 0.0038718405781282871 -0.061748821202427417 -0.060438467353644942 0.36074816592978903 0.26393157520018395 0.11699811658495936 -0.051249027098954292 0.059662067982853673 0.0084462961652442634 -0.05477793867771831 -3.708545516458812e-06 -0.0023135199715641481
leaf_weight=11056.842462928758 5786.0823758217703 22725.949902208758 39239.948108416938 91.297238095168723 1110.5117318114826 8.2791699464141839 35.13378258398734 104.61931063368684 126.90789397367917 129.09441611591319 1505.8259958080016 1184.925520220655 400.21883895296196 12612.214083004365
leaf_count=40309 60482 405745 359354 5256 95160 178 156 1134 12716 1416 3984 8844 1962 56969
internal_value=-5.25166e-06 -0.00163719 0.00151646 -0.00729505 -0.0288324 -0.0429052 0.045217 0.0379955 -0.0231866 0.104998 -0.00339054 -0.0168944 -0.0409887 0.00333066
internal_weight=96117.9 46395 49722.8 10482.9 1605.84 1350.32 255.525 239.806 135.187 164.228 8877.05 3090.97 1585.14 23669.1
internal_count=1053665 503023 550642 191288 116016 109188 6828 14028 12894 1572 75272 14790 10806 97278
is_linear=0
shrinkage=0.05


Tree=384
num_leaves=15
num_cat=0
split_feature=37 121 20 12 52 107 34 35 21 34 24 31 36 15
split_gain=95.52 348.371 378.158 292.273 219.677 212.749 275.034 583.537 249.428 231.434 358.28 216.242 326.254 203.767
threshold=9.5000000000000018 9.9612293243408221 42964.000000000007 1110261.5000000002 78.500000000000014 0.36999998986721044 3.3549998998641972 18.275000572204593 126837.00000000001 0.38499999046325689 -42.274999618530266 4.3949999809265146 1.6050000190734866 830399.00000000012
decision_type=2 2 2 2 2 2 2 2 2 2 2 2 2 2
left_child=4 5 -3 -4 -1 9 11 -8 -9 10 -2 12 -7 -5
right_child=1 2 3 13 -6 6 7 8 -10 -11 -12 -13 -14 -15
leaf_value=-0.00043330719771911963 0.02587788367740175 -0.075740762356594785 -0.084135046700901578 0.031418695952816676 -0.071990007740418444 0.0048038745780236607 -0.091769210417755168 -0.036691874679376998 0.030166000939394311 0.023942692311798595 -0.12682653666166191 0.032726428952312279 -0.088693614831685127 -0.05952330132414755
leaf_weight=86601.445634022792 89.203874595463276 263.86285029537976 88.51428634673357 347.72700033523142 106.3997682917543 4407.5521968310932 229.49428215390071 237.20093848230317 335.36783744441345 2341.8400586957578 65.590051426435821 697.98815970122814 94.287673891172744 73.576353590004146
leaf_count=1025100 93 1530 504 606 10898 7898 1100 731 469 2762 338 793 423 420
internal_value=-6.17201e-06 0.00481654 -0.0272689 -0.00198461 -0.000522521 0.00774625 0.00263318 -0.0245877 0.0023656 0.0200121 -0.0389046 0.00684547 0.00281527 0.0153149
internal_weight=95980.1 9272.21 773.68 509.818 86707.8 8498.53 6001.89 802.063 572.569 2496.63 154.794 5199.83 4501.84 421.303
internal_count=1053665 17667 3060 1530 1035998 14607 11414 2300 1200 3193 431 9114 8321 1026
is_linear=0
shrinkage=0.05


Tree=385
num_leaves=15
num_cat=0
split_feature=34 9 15 6 13 15 27 13 9 47 33 50 38 2
split_gain=95.4772 224.422 249.685 207.503 143.592 121.633 183.175 156.16 130.825 222.487 210.387 199.439 188.669 177.191
threshold=9999.9951171875018 1024629.0000000001 10020.500000000002 779756256.00000012 442529.50000000006 4869267.5000000009 -22.539999961853024 4242155.0000000009 17807656.000000004 1.0000000180025095e-35 16.394999504089359 24803.000000000004 9.5000000000000018 788426080.00000012
decision_type=2 2 2 2 2 2 2 2 2 2 2 2 2 2
left_child=5 2 -2 4 -3 8 7 -7 9 11 -11 12 13 -1
right_child=1 3 -4 -5 -6 6 -8 -9 -10 10 -12 -13 -14 -15
leaf_value=-0.036763165851418464 0.059742373181445166 -0.062315116195698433 -0.061698268581787188 -0.087413677746995738 0.0571241924825064 -0.077179477511003985 -0.058372737619092174 0.040619575644588617 0.011384697150716099 -0.058966442245007092 0.019471595089143603 -0.078182579958808396 7.9882984807493697e-05 0.10448630941588832
leaf_weight=488.93469244208245 59.740180832275655 25.769225515090511 137.25381374200515 28.72609739631298 374.6493114856421 35.686478177871322 215.8442960777902 118.21152311073092 2447.4884413161635 299.42544986648136 117.75333104700258 80.831230657320702 91460.613636549911 22.140478508983506
leaf_count=67606 992 1791 8161 295 2099 1277 12798 940 35424 21464 2044 6598 891330 846
internal_value=-5.92976e-06 0.0194388 -0.024502 0.0397356 0.0491769 -0.00013443 -0.0287178 0.0126592 -2.22575e-05 -0.000324837 -0.0367133 -0.000158986 -8.90206e-05 -0.0303543
internal_weight=95913.1 626.139 196.994 429.145 400.419 95286.9 369.742 153.898 94917.2 92469.7 417.179 92052.5 91971.7 511.075
internal_count=1053665 13338 9153 4185 3890 1040327 15015 2217 1025312 989888 23508 966380 959782 68452
is_linear=0
shrinkage=0.05


Tree=386
num_leaves=15
num_cat=0
split_feature=31 28 31 17 11 33 25 32 10 31 15 33 33 16
split_gain=94.7657 323.076 240.915 211.694 242.865 181.29 160.709 153.234 461.802 447.181 627.193 605.392 679.014 507.949
threshold=22.755000114440922 3.745000004768372 32.204999923706062 5221094.0000000009 3407860.0000000005 73.380001068115249 639.79501342773449 4.3650000095367441 61848.000000000007 5.5150001049041757 1200155.0000000002 4.6549999713897714 24.32499980926514 1010191.0000000001
decision_type=2 2 2 2 2 2 2 2 2 2 2 2 2 2
left_child=7 -2 3 6 -5 -4 -3 -1 -9 10 11 13 -13 -10
right_child=1 2 5 4 -6 -7 -8 8 9 -11 -12 12 -14 -15
leaf_value=0.00074127648747758924 -0.070347666602944156 0.059555214821232119 -0.049719219843358316 -0.082666096670519273 0.021703280321551874 0.021990321578220604 -0.062040576278375253 0.026061709542652259 0.023653502803957643 -0.00070271190114172251 0.021748015043106129 -0.062497693136968804 -0.0082314581675323999 -0.026565852486147741
leaf_weight=77436.258622052497 107.17308900979697 511.90599561871204 186.64690481074649 64.072720979369478 384.86943957962649 164.27092967485078 27.50574362280895 1150.3507426828601 858.17225114213943 10458.611051924887 819.69901980517716 1558.089627076286 918.77767778688576 1214.1422139984425
leaf_count=673339 4980 5373 14079 2053 6636 4306 1934 14122 4958 187099 22753 64769 25094 22170
internal_value=-6.20046e-06 0.01269 0.0194197 0.0320644 0.00654601 -0.0160415 0.0531589 -0.00020137 -0.00450354 -0.0067297 -0.0184587 -0.0257175 -0.0423996 -0.00574387
internal_weight=95860.5 1446.44 1339.27 988.354 448.942 350.918 539.412 94414.1 16977.8 15827.5 5368.88 4549.18 2476.87 2072.31
internal_count=1053665 39361 34381 15996 8689 18385 7307 1014304 340965 326843 139744 116991 89863 27128
is_linear=0
shrinkage=0.05


Tree=387
num_leaves=15
num_cat=0
split_feature=17 27 20 36 37 21 6 22 0 20 37 57 30 27
split_gain=95.354 284.468 367.435 281.032 594.99 338.601 334.164 323.983 546.168 265.998 379.689 375.923 289.664 405.785
threshold=10813217.000000002 -0.49500000476837153 799.00000000000011 3.0849999189376835 6.5000000000000009 97637.000000000015 5932620.0000000009 311294.00000000006 91.500000000000014 130086.50000000001 9.5000000000000018 6.0000000000000009 18.974999427795414 -80.454998016357408
decision_type=2 2 2 2 2 2 2 2 2 2 2 2 2 2
left_child=3 2 -2 -1 5 7 -6 8 -5 12 11 -11 -4 -14
right_child=1 -3 9 4 6 -7 -8 -9 -10 10 -12 -13 13 -15
leaf_value=-0.00023326004043036617 -0.13202229571146348 0.0083588320643260602 0.010659418086245268 -0.052782180305761262 0.024974733364034801 0.037592812122913426 -0.033396260930163499 -0.015848326313991423 -0.17415230108016105 0.024461262565031089 0.019323572818059173 -0.066848322261200466 0.0031164299250857693 -0.06708190808930499
leaf_weight=79662.148999359881 57.010501071577892 10049.195874462748 2381.6888848508024 279.76225033902301 661.25057171854132 83.67397304464248 388.10161251686077 198.76344680105103 140.13368785264902 140.13876581391378 294.9005973264575 551.53580782819336 552.56070494270534 325.84616995180841
leaf_count=809056 1052 139459 20242 21116 3979 1295 3578 6254 1014 1639 687 31193 3716 9385
internal_value=-6.65003e-06 0.00375029 -0.0069986 -0.000669633 -0.0204747 -0.0560627 0.00332745 -0.0688506 -0.0937239 -0.00527773 -0.0280139 -0.0482675 0.00159386 -0.0229135
internal_weight=95766.7 14352.9 4303.68 81413.8 1751.69 702.333 1049.35 618.659 419.896 4246.67 986.575 691.675 3260.1 878.407
internal_count=1053665 207373 67914 846292 37236 29679 7557 28384 22130 66862 33519 32832 33343 13101
is_linear=0
shrinkage=0.05


Tree=388
num_leaves=15
num_cat=0
split_feature=57 50 156 7 30 52 57 57 12 7 57 12 165 7
split_gain=93.7294 406.519 345.421 338.322 241.129 196.637 189.712 177.239 654.592 985.774 557.466 510.235 401.123 381.583
threshold=32.269678115844734 433.00000000000006 0.022489799186587337 9333719.0000000019 27.175000190734867 73.500000000000014 45.364818572998054 23.889117240905765 923292.00000000012 25269688.000000004 26.314852714538578 148003.50000000003 0.091726075857877745 29621611.000000004
decision_type=2 2 2 2 2 2 2 2 2 2 2 2 2 2
left_child=5 3 -3 4 -2 7 -5 -1 9 10 11 12 -9 -11
right_child=1 2 -4 6 -6 -7 -8 8 -10 13 -12 -13 -14 -15
leaf_value=-0.0002809922069850235 -0.067591690993696205 0.038445500322438098 -0.055711202182480525 -0.076757559829221708 0.0076942295806041901 -0.071001499041475791 0.040091294982169616 -0.023398002427739577 0.02159293636584014 0.11727571478162541 -0.075451152094260329 -0.085435701749031479 0.048438263560692696 0.01864671316654137
leaf_weight=88548.102533073339 522.13373162092103 477.12319787438901 121.05072105756335 41.518883118871599 131.80412472289754 95.893519430523156 185.55136536521604 475.98414020239579 3599.4961082722875 144.08346074458677 521.91026506715571 188.1765172066298 326.62041468196549 309.11186625686241
leaf_count=920226 27743 3588 2773 1448 2299 10056 706 11297 41346 263 21598 7319 1237 1766
internal_value=-6.96454e-06 -0.0124918 0.0192467 -0.0340952 -0.0523526 0.00018866 0.0182638 0.000262481 0.0089169 -0.0142664 -0.0336645 -0.0115485 0.00579749 0.0503029
internal_weight=95688.6 1479.18 598.174 881.008 653.938 94209.4 227.07 94113.5 5565.38 1965.89 1512.69 990.781 802.605 453.195
internal_count=1053665 38557 6361 32196 30042 1015108 2154 1005052 84826 43480 41451 19853 12534 2029
is_linear=0
shrinkage=0.05


Tree=389
num_leaves=15
num_cat=0
split_feature=38 50 33 20 20 32 34 36 25 57 20 104 21 17
split_gain=93.4444 313.134 297.402 442.028 402.761 419.333 381.16 628.432 479.469 524.706 641.757 416.218 406.022 477.29
threshold=16.500000000000004 6691.0000000000009 15.284999847412111 392.00000000000006 8523.0000000000018 31.775000572204593 4.8750000000000009 3.5649999380111699 22.314999580383304 5.6358656883239755 99935.500000000015 1.391499996185303 86153.000000000015 10278722.000000002
decision_type=2 2 2 2 2 2 2 2 2 2 2 2 2 2
left_child=2 -2 6 -4 -5 -6 -1 11 9 -9 -11 12 -8 -14
right_child=1 -3 3 4 5 -7 7 8 -10 10 -12 -13 13 -15
leaf_value=0.00075859614348334234 -0.0019869860125129495 -0.075249558576386197 -0.047043865936570881 0.02389086859282856 0.0055803818513280069 -0.064153131478552491 -0.055825251961056248 0.015002240571989246 0.02314627487508665 -0.12023401617998353 0.016057825928086047 -0.050623729234927764 0.027122749050007867 -0.047831721872762765
leaf_weight=49180.343853870036 29245.165725535819 145.62627615296151 351.80974158066601 3526.5773972162497 8098.9711858001319 220.40060316019299 371.58896130161156 374.78312251860916 1418.6361424446804 228.29100764720351 137.27310394499364 1286.526778079271 723.15560728312994 299.35457889182726
leaf_count=531063 241308 2972 9560 27418 103209 26883 21113 2982 12167 5096 1664 46452 7876 13902
internal_value=-7.48633e-06 -0.00235424 0.00103339 0.00808498 0.00973029 0.00371947 -0.000558065 -0.0139458 0.00611054 -0.0264527 -0.0690144 -0.0301141 -0.0111284 0.0051046
internal_weight=95608.5 29390.8 66217.7 12197.8 11845.9 8319.37 54020 4839.61 2158.98 740.347 365.564 2680.63 1394.1 1022.51
internal_count=1053665 244280 809385 167070 157510 130092 642315 111252 21909 9742 6760 89343 42891 21778
is_linear=0
shrinkage=0.05


Tree=390
num_leaves=15
num_cat=0
split_feature=202 14 36 19 38 26 13 6 26 33 9 37 30 30
split_gain=91.6237 325.671 259.768 343.423 276.346 650.464 778.658 544.353 374.175 341.522 303.691 353.083 924.071 598.203
threshold=1.7916666865348818 142871.00000000003 5.5250000953674325 594858.50000000012 16.500000000000004 64.674999237060561 1337512.0000000002 13860560.000000002 12.194999694824221 1.1950000524520876 330077.50000000006 1.0000000180025095e-35 38.659999847412116 45.440000534057624
decision_type=2 2 2 2 2 2 2 2 2 2 2 2 2 2
left_child=-1 -2 4 -4 10 6 8 -8 -6 -9 -3 12 -12 -14
right_child=1 2 3 -5 5 -7 7 9 -10 -11 11 -13 13 -15
leaf_value=0.00096595845347777524 -0.062876019361492688 0.036023343193468373 -0.089422474480861783 0.0088289762365777787 0.0071601678367024984 0.0021550184740978403 -0.017505131210221087 0.0243610840226029 -0.055280206023366391 -0.087421065815870239 0.0094831851047917359 -0.0075438841236667876 -0.17292556040364909 -0.025438710271698972
leaf_weight=68428.08387331164 220.36185636163646 634.66118168006506 192.54641631066625 162.6822645686625 1429.7087811695674 5138.9095321572422 649.15338949221768 73.488324659876525 287.15486822020466 805.876519762518 9875.2714858994877 7308.4459432312069 108.47697082860395 188.64593326064642
leaf_count=784724 12822 5509 6686 1894 9742 31736 4824 141 3805 8157 30327 150806 932 1560
internal_value=-7.68638e-06 -0.00247019 -0.00197034 -0.0443879 -0.00139819 -0.00890404 -0.0264262 -0.0523723 -0.00328032 -0.0780056 0.00207324 0.000835792 0.00686131 -0.079852
internal_weight=95503.5 27075.4 26855 355.229 26499.8 8384.29 3245.38 1528.52 1716.86 879.365 18115.5 17480.8 10172.4 297.123
internal_count=1053665 268941 256119 8580 247539 58405 26669 13122 13547 8298 189134 183625 32819 2492
is_linear=0
shrinkage=0.05


Tree=391
num_leaves=15
num_cat=0
split_feature=35 30 35 57 24 38 12 14 57 16 0 57 35 57
split_gain=92.2723 267.726 267.721 679.827 249.895 247.624 240.147 358.149 298.802 316.133 234.198 227.491 197.198 583.379
threshold=53.664999008178718 -53.640001296997063 48.245000839233406 10.859685420989992 106.86500167846681 17.500000000000004 141689.50000000003 632711.00000000012 8.4038329124450701 230724.50000000003 91.500000000000014 11.314168453216555 7.0350000858306894 9.0855574607849139
decision_type=2 2 2 2 2 2 2 2 2 2 2 2 2 2
left_child=2 5 12 10 -5 -2 8 -8 9 -3 -4 -7 -1 -14
right_child=1 6 3 4 -6 11 7 -9 -10 -11 -12 -13 13 -15
leaf_value=0.00097658019486278054 -0.069414374963992179 0.051785858570350944 -0.06764947175986441 -0.0030814545496048932 0.15350388320076119 0.032974651685825425 -0.05512120681370019 0.0040079961318679382 0.034668747443625393 -0.043060692519436873 -0.18878405670312934 -0.059154169012374559 0.002199070839651123 -0.015054133512054733
leaf_weight=61316.601106421731 233.09502854912353 125.06058700889298 108.10538252669357 172.1257997457069 28.787760702514788 185.00398571528785 261.23518108817007 10804.50896798579 1286.9243340976827 287.41496471021674 66.157264058943838 103.73253373045009 12248.958685221211 8160.109055095525
leaf_count=565823 4962 3194 3268 3952 213 598 21660 172005 17062 9973 433 499 96860 153163
internal_value=-7.93267e-06 0.003857 -0.000634071 -0.0427196 0.0197563 -0.0311984 0.00529629 0.00260273 0.0227944 -0.0141271 -0.114737 -4.12422e-05 -0.000439738 -0.00469719
internal_weight=95387.8 13287 82100.8 375.176 200.914 521.832 12765.1 11065.7 1699.4 412.476 174.263 288.737 81725.7 20409.1
internal_count=1053665 229953 823712 7866 4165 6059 223894 193665 30229 13167 3701 1097 815846 250023
is_linear=0
shrinkage=0.05


Tree=392
num_leaves=15
num_cat=0
split_feature=36 20 37 1 15 24 18 23 18 33 10 16 1 13
split_gain=93.0943 393.787 329.175 296.203 550.366 633.987 542.892 650.306 907.322 499.095 800.841 664.09 431.648 467.036
threshold=1.3550000190734866 270025.50000000006 9.5000000000000018 41227.500000000007 60001.000000000007 -37.344999313354485 477899.00000000006 170630.00000000003 471521.00000000006 10.805000305175783 422337.00000000006 1492688.0000000002 46413.500000000007 95200.000000000015
decision_type=2 2 2 2 2 2 2 2 2 2 2 2 2 2
left_child=-1 3 -3 4 -2 -6 7 8 -7 10 -8 -11 -5 -14
right_child=1 2 -4 12 5 6 9 -9 -10 11 -12 -13 13 -15
leaf_value=-0.00090432562523044032 -0.065997930454639794 -0.052227699984905188 0.023241953020487465 0.014320747191807254 -0.16141477770297938 -0.0084564567177070529 0.0056009845506456131 0.04649908407769468 0.4726399283585192 -0.033065942713845962 -0.052952556184695403 0.01745581609683907 0.022644257368058932 -0.013675709636588599
leaf_weight=71746.218062571876 336.83327957543952 560.20151544798136 192.8793866870692 9651.8558613687892 60.043667482794262 1278.148444116192 1084.2328455594761 1189.6837314462173 8.8739260125439596 880.697970401372 1260.6100642892707 2476.6554859559292 1192.6835815154227 3418.3816886887653
leaf_count=766169 14914 30586 325 71971 1172 14478 6116 3258 180 14700 27842 24198 25114 52642
internal_value=-7.85868e-06 0.00271624 -0.0328269 0.00389181 -0.00344721 -0.000876181 0.000315856 0.0198633 -0.00473614 -0.00816766 -0.0258658 0.00418221 0.00830793 -0.00426759
internal_weight=95338 23591.8 753.081 22838.7 8575.78 8238.95 8178.9 2476.71 1287.02 5702.2 2344.84 3357.35 14262.9 4611.07
internal_count=1053665 287496 30911 256585 106858 91944 90772 17916 14658 72856 33958 38898 149727 77756
is_linear=0
shrinkage=0.05


Tree=393
num_leaves=15
num_cat=0
split_feature=27 6 24 6 31 24 18 12 24 35 20 156 6 23
split_gain=93.6436 269.456 199.428 617.693 277.058 179.82 164.043 159.604 156.792 156.88 274.472 196.761 320.351 165.688
threshold=-86.93999862670897 229743688.00000003 -49.364999771118157 37163112.000000007 -7.0150001049041739 33.315000534057624 1642896.5000000002 5004506.5000000009 32.679998397827156 60.524999618530281 88313.000000000015 0.022489799186587337 9566094.0000000019 298886.00000000006
decision_type=2 2 2 2 2 2 2 2 2 2 2 2 2 2
left_child=1 2 3 4 -1 8 -7 -3 9 10 -4 13 -13 -11
right_child=-2 7 5 -5 -6 6 -8 -9 -10 11 -12 12 -14 -15
leaf_value=0.031589381793511721 -0.00032026707419458819 -0.068977748568590985 0.032531754453707346 -0.13921020280347876 -0.089711021345057693 -0.026724088246461847 0.022450292819008746 0.014201247259764608 0.0938718744179666 -0.026195431644076946 -0.059905677233375532 0.021111765276059926 -0.12471082646544634 0.042696875306457854
leaf_weight=271.1469037507195 91608.084080244065 171.97386380730313 1598.517101407313 86.079642783792224 55.826342360916897 402.85668037061987 290.68083142284013 84.729509107390186 74.885804687277414 140.62440876392066 83.288785800279584 73.827244442392839 74.357706556969788 224.50331786135212
leaf_count=538 1023421 3977 5563 815 872 7218 2624 886 119 1982 1744 1181 1108 1617
internal_value=-7.47101e-06 0.00786337 0.011633 -0.0208267 0.0105161 0.0161796 -0.0060391 -0.0413805 0.0229896 0.020507 0.0278913 -0.00359667 -0.0520708 0.0160282
internal_weight=95241.4 3633.3 3376.59 413.053 326.973 2963.54 693.538 256.703 2270 2195.12 1681.81 513.313 148.185 365.128
internal_count=1053665 30244 25381 2225 1410 23156 9842 4863 13314 13195 7307 5888 2289 3599
is_linear=0
shrinkage=0.05


Tree=394
num_leaves=15
num_cat=0
split_feature=27 24 135 222 21 21 56 25 38 18 6 18 1 6
split_gain=92.9374 248.848 253.949 101.823 360.184 289.692 261.532 247.988 246.709 289.216 295.529 377.905 282.261 485.084
threshold=3534.960083007813 51.284999847412116 36.431598663330085 46.042242050170906 1.0000000180025095e-35 2283.0000000000005 15.000000000000002 -94.805000305175767 17.500000000000004 696564.50000000012 674946.00000000012 1122806.0000000002 46413.500000000007 104358000.00000001
decision_type=2 2 2 2 2 2 2 2 2 2 2 2 2 2
left_child=3 2 -2 8 -5 -6 7 -7 12 -10 -11 -12 -1 -14
right_child=1 -3 -4 4 5 6 -8 -9 9 10 11 -13 13 -15
leaf_value=0.0016878866049934165 -0.094976253570173266 -0.084075540850757011 0.057858644662376918 -0.06265094165369911 0.039901669673385737 -0.058900598816071514 -0.057799161391985245 -0.0018053413516182849 0.011553523684150677 -0.073339744056442072 -0.068905463362766928 0.022316407736359092 -0.015054399122840435 0.0050268858836069507
leaf_weight=43430.079407450976 29.09793212886143 43.488935487734125 268.5602290551069 245.91945960232988 405.64333467105462 190.5042075506899 211.98803125794802 29064.151945359514 8094.6690749102854 195.94112506649981 154.52974143222673 419.09647945901088 7362.5181918196213 5077.80138369626
leaf_count=491270 1063 1369 1400 13955 7140 3615 1270 270998 32281 2485 1282 1843 162859 60835
internal_value=-7.11533e-06 0.0260045 0.0424827 -0.000101469 -0.00250361 -0.0020047 -0.00258462 -0.00218085 0.00101539 0.00876436 -0.0204854 -0.00224808 -0.000213276 -0.006854
internal_weight=95194 341.147 297.658 94852.8 30118.2 29872.3 29466.6 29254.7 64734.6 8864.24 769.567 573.626 55870.4 12440.3
internal_count=1053665 3832 2463 1049833 296978 283023 275883 274613 752855 37891 5610 3125 714964 223694
is_linear=0
shrinkage=0.05


Tree=395
num_leaves=15
num_cat=1
split_feature=25 6 11 8 14 16 57 53 181 57 104 21 36 20
split_gain=96.5547 194.323 334.883 474.163 330.217 297.363 231.953 220.042 222.133 212.523 206.81 203.695 206.215 199.63
threshold=-81.00500106811522 364059104.00000006 4134235.0000000005 0 1602296.5000000002 726010.50000000012 5.4140999317169198 1.0000000180025095e-35 27.274749755859379 9.1676936149597186 1.5389999747276308 201748.50000000003 0.62500000000000011 148425.50000000003
decision_type=2 2 2 1 2 2 2 2 2 2 2 2 2 2
left_child=1 2 4 -4 6 -6 10 -7 -9 11 -1 12 -5 -11
right_child=-2 -3 3 9 5 7 -8 8 -10 13 -12 -13 -14 -15
leaf_value=-0.12746789812713463 -0.00031303955347279297 0.029653865436274046 -0.10101100112018915 -0.10446151560809863 -0.026554987387357804 0.046039261298745089 -0.07090723578711286 -0.10708182010277195 0.030466164106833577 -0.07617989978316711 0.042381532616962619 0.037557348203625822 0.0077822545696209283 0.0023306035304443639
leaf_weight=20.041118104092675 91753.593200781368 808.88047775288578 155.83701710285459 58.748052110982826 213.46447205424192 940.07309078940307 164.55808183350746 48.573664824711159 70.354394879192114 165.11680586930015 117.73210667163949 326.57879400718957 127.26208725619654 155.50924677449257
leaf_count=753 1023300 4068 2653 994 1967 2600 5881 411 104 5088 643 1197 1127 2879
internal_value=-7.0624e-06 0.00829971 0.00153417 -0.0212337 0.0158697 0.0270495 -0.0309539 0.0379167 -0.0257199 -0.00614975 0.0165737 0.013746 -0.0277696 -0.0380566
internal_weight=95126.3 3372.73 2563.85 989.052 1574.8 1272.47 302.331 1059 118.928 833.215 137.773 512.589 186.01 320.626
internal_count=1053665 30365 26297 13938 12359 5082 7277 3115 515 11285 1396 3318 2121 7967
cat_boundaries=0 1
cat_threshold=4
is_linear=0
shrinkage=0.05


Tree=396
num_leaves=15
num_cat=0
split_feature=6 1 28 6 13 20 26 104 11 10 16 1 15 15
split_gain=92.416 650.351 440.963 405.988 505.382 308.118 353.56 274.96 725.848 455.973 491.692 379.573 253.474 507.034
threshold=126140000.00000001 1225.0000000000002 -57.874999999999993 135297504.00000003 672668.50000000012 11298.500000000002 34.215000152587898 1.1094999909400942 2271568.0000000005 1780009.0000000002 7172906.0000000009 46324.500000000007 503937.50000000006 549999.50000000012
decision_type=2 2 2 2 2 2 2 2 2 2 2 2 2 2
left_child=12 -2 -3 4 -4 -6 -7 -5 -9 11 -11 -10 -1 -14
right_child=1 2 3 7 5 6 -8 8 9 10 -12 -13 13 -15
leaf_value=-0.00064978546001248866 -0.077957334877490264 -0.068585864102700289 -0.075473694904523964 0.004614701232976158 0.042883359128604789 -0.096342393083529224 0.0080173436232556499 -0.061792556239453039 0.014510063120983949 -0.02354771792002526 0.016648586118041608 -0.017527404893912836 0.030810658273070557 0.0031931193552422708
leaf_weight=53889.557439009099 281.79139771172777 243.20684456852541 403.55663881509099 14438.179283460284 225.8023247308447 131.1213704311449 208.0620666640898 552.59535892218992 4007.0293866427382 3455.9249635573105 973.18111442341069 1199.6368257017057 1902.3438102539349 13158.876222763132
leaf_count=629799 7106 2919 7649 140818 1203 2252 1847 13344 22170 50378 23417 12112 8232 130419
internal_value=-6.88631e-06 -0.00254016 -0.00171274 -0.0010727 -0.0328094 -0.00216741 -0.0323436 0.00017473 -0.00611219 -0.00290774 -0.0147026 0.00711695 0.000952072 0.00668655
internal_weight=95070.9 26120.1 25838.3 25595.1 968.542 564.986 339.183 24626.5 10188.4 9635.77 4429.11 5206.67 68950.8 15061.2
internal_count=1053665 285215 278109 275190 12951 5302 4099 262239 121421 108077 73795 34282 768450 138651
is_linear=0
shrinkage=0.05


Tree=397
num_leaves=15
num_cat=0
split_feature=1 7 10 38 169 35 3 30 6 24 34 3 9 14
split_gain=93.0363 182.8 288.663 454.951 405.776 374.357 226.985 253.697 219.91 211.484 203.853 195.372 190.715 185.47
threshold=71155.000000000015 37468300.000000007 929929.50000000012 19.500000000000004 4.3393774032592782 23.695000648498539 150007776.00000003 4.4749999046325692 126140000.00000001 30.505000114440922 1.1950000524520876 140047752.00000003 249531.00000000003 55323366.000000007
decision_type=2 2 2 2 2 2 2 2 2 2 2 2 2 2
left_child=-1 2 4 5 6 10 7 9 -3 11 13 -2 -7 -4
right_child=1 8 3 -5 -6 12 -8 -9 -10 -11 -12 -13 -14 -15
leaf_value=-0.00035032758925399862 -0.0095620712487263504 0.081511674062252348 -0.092869967141523291 -0.078444425487066136 -0.083105467301156866 -0.066997528189727179 -0.073684462673851106 -0.077539525880444757 -0.022981057841711859 0.062386397794699226 0.043343530238851437 0.057127241305033473 0.0052299245800901516 0.046303178973379683
leaf_weight=90621.299406824444 729.61356572674049 164.68116366490722 53.835926778439898 125.32148038945161 182.51391302483535 97.884322230660473 103.65197171199543 88.083369431900792 70.862935707496945 163.30132454884006 1197.2275598556735 128.23710934922565 1204.8664955914101 41.132079292787239
leaf_count=988925 16193 65 649 852 7517 3446 4281 4481 552 530 3800 210 22128 36
internal_value=-6.85218e-06 0.00713355 0.00466233 0.0141537 -0.0138017 0.0186734 -0.00327193 0.00332314 0.0498996 0.0104162 0.0377311 0.000403773 -0.000205879 -0.0322166
internal_weight=94972.5 4351.21 4115.67 2720.27 1395.4 2594.95 1212.89 1109.24 235.544 1021.15 1292.2 857.851 1302.75 94.968
internal_count=1053665 64740 64123 30911 33212 30059 25695 21414 617 16933 4485 16403 25574 685
is_linear=0
shrinkage=0.05


Tree=398
num_leaves=15
num_cat=0
split_feature=35 29 9 54 26 31 17 17 121 13 14 16 57 13
split_gain=92.1951 259.955 233.035 287.773 247.69 266.851 222.537 368.923 502.009 330.505 419.434 353.231 337.112 323.832
threshold=83.630001068115249 -10.085000038146971 407266.50000000006 10228.000000000002 -77.485000610351548 -5.7950000762939444 5707662.5000000009 11604032.500000002 -2.6097031831741329 222590.00000000003 962453.00000000012 1492688.0000000002 5.2525668144226083 1131238.0000000002
decision_type=2 2 2 2 2 2 2 2 2 2 2 2 2 2
left_child=-1 -2 3 4 -3 -6 9 8 13 11 -11 -4 -12 -8
right_child=1 2 6 -5 5 -7 7 -9 -10 10 12 -13 -14 -15
leaf_value=-0.00058578499180474348 -0.037146870913916129 0.057370917736570874 0.0042471679536880405 0.05376459535473839 0.019567669073586064 -0.051045236538410269 0.021808427571046358 0.010116963634796895 -0.06072705569167372 0.048117599856706772 -0.040294535249408542 -0.064046456341533539 0.015765631391468103 -0.041805815913872564
leaf_weight=83420.650198716656 366.87433782828521 76.704650902684079 791.20632800130625 122.62310208380222 168.35882567782028 625.80363111064253 604.88546442147344 2479.9666045720678 522.86651595358853 990.33233445622318 286.47956164756033 247.41086870080471 3918.0942358157481 297.63202840319718
leaf_count=850367 9906 485 14715 96 2136 25576 8399 43853 21503 11864 7187 13962 37471 6145
internal_value=-6.69061e-06 0.00418966 0.00555964 -0.0175234 -0.0276687 -0.036007 0.00782794 -0.00151911 -0.0217922 0.0136913 0.0188425 -0.012019 0.0119254 0.000751345
internal_weight=94919.9 11499.2 11132.4 993.49 870.867 794.162 10138.9 3905.35 1425.38 6233.52 5194.91 1038.62 4204.57 902.517
internal_count=1053665 203298 193392 28293 28197 27712 165099 79900 36047 85199 56522 28677 44658 14544
is_linear=0
shrinkage=0.05


Tree=399
num_leaves=15
num_cat=0
split_feature=42 21 14 21 21 124 32 29 104 33 15 33 32 19
split_gain=90.6143 95.671 262.336 253.832 382.936 373.816 367.153 354.374 363.009 326.879 316.312 246.614 241.717 249.952
threshold=1.0000000180025095e-35 248496.00000000003 2318593.5000000005 346637.00000000006 409706.50000000006 3.5324233770370488 4.7850000858306894 -0.80500000715255726 1.5389999747276308 3.3549998998641972 450075.00000000006 14.335000038146974 4.7249999046325692 -936939.49999999988
decision_type=2 2 2 2 2 2 2 2 2 2 2 2 2 2
left_child=1 -1 -3 6 5 -5 12 8 10 -7 -6 -11 13 -4
right_child=-2 2 3 4 7 9 -8 -9 -10 11 -12 -13 -14 -15
leaf_value=-0.00066128329425312537 -0.064401298875185933 -0.053060592744081363 0.041795047041317937 -0.078619977370764496 0.025422141398695419 0.015204974024938445 -0.049214541870758535 0.0083192940465576844 -0.053270392494911195 -0.079608139775942666 -0.031746313318118689 -0.0090562774393140744 0.092385502649826035 0.009837388831758026
leaf_weight=79696.262703094879 53.600202840025304 199.88532816893348 717.99157467653276 263.88840989777236 525.12147230273695 534.11011591390707 223.23396831590799 6914.9496340784481 499.81768054258828 225.55761700731455 446.89748081813013 277.93066717464535 101.11464557022555 4179.5800126426984
leaf_count=896274 6132 6244 2589 4294 2333 1780 11626 79081 7075 5580 5453 3223 182 21799
internal_value=-6.75992e-06 2.9798e-05 0.00367793 0.00444543 -0.000339343 -0.0255673 0.0133306 0.00357223 -0.0186869 -0.0119638 -0.000815975 -0.0408571 0.0161431 0.0145402
internal_weight=94859.9 94806.3 15110.1 14910.2 9688.27 1301.49 5221.92 8386.79 1471.84 1037.6 972.019 503.488 4998.69 4897.57
internal_count=1053665 1047533 151259 145015 108819 14877 36196 93942 14861 10583 7786 8803 24570 24388
is_linear=0
shrinkage=0.05


Tree=400
num_leaves=15
num_cat=0
split_feature=25 124 35 10 35 25 32 34 6 6 6 30 32 7
split_gain=88.6654 179.162 420.295 291.398 234.789 215.714 210.734 344.39 157.4 465.979 416.25 691.886 478.68 447.189
threshold=-81.00500106811522 3.7342394590377812 4.0950000286102304 753839.50000000012 12.105000019073488 -93.354999542236314 0.74500000476837169 0.94499999284744274 356189008.00000006 344516000.00000006 311281536.00000006 1.8650000095367434 1.485000014305115 24216112.000000004
decision_type=2 2 2 2 2 2 2 2 2 2 2 2 2 2
left_child=1 2 3 -1 -4 -5 -3 -8 9 10 -2 12 13 -12
right_child=8 6 4 5 -6 -7 7 -9 -10 -11 11 -13 -14 -15
leaf_value=-0.10163480424528062 0.00031463771924365291 0.037147069159650971 -0.096772785221245008 -0.055255442906272025 -0.020124458815069704 0.041081788143373266 -0.062183706681802953 0.013616347912950192 -0.0073648761280640145 0.03312065589321013 -0.072020584298529408 -0.095352281547303464 0.056863161127870557 0.0096076223059616411
leaf_weight=44.891152180125573 81986.617223485649 774.11241612839513 145.6157739381124 64.825672288032365 323.54317554452427 478.74411998622236 168.20336434223282 1302.8089155197868 7253.4196405024268 1067.432573345839 311.61258602464295 297.68543298858276 217.78901193647107 359.7470913658035
leaf_count=616 888324 2476 2879 680 6166 1194 1564 14790 113633 5907 5206 8251 615 1364
internal_value=-6.53972e-06 0.00804005 -0.0088911 0.0191826 -0.0441759 0.0294205 0.0160385 0.00487864 -0.000297635 0.000310364 -0.000110509 -0.0294973 -0.00731067 -0.0282566
internal_weight=94797 3302.74 1057.62 588.461 469.159 543.57 2245.12 1471.01 91494.3 84240.9 83173.5 1186.83 889.149 671.36
internal_count=1053665 30365 11535 2490 9045 1874 18830 16354 1023300 909667 903760 15436 7185 6570
is_linear=0
shrinkage=0.05


Tree=401
num_leaves=15
num_cat=0
split_feature=30 11 12 31 115 11 9 9 37 15 21 1 27 24
split_gain=89.4453 367.279 261.018 315.571 245.075 434.586 350.834 400.645 359.568 313.7 282.012 264.147 253.397 236.865
threshold=-5.1050000190734854 2011389.5000000002 232545.50000000003 -14.389999866485594 1.1835001111030581 2271568.0000000005 1371827.5000000002 2223716.5000000005 8.5000000000000018 1695500.0000000002 41950.500000000007 46312.500000000007 -92.225002288818345 34.475000381469734
decision_type=2 2 2 2 2 2 2 2 2 2 2 2 2 2
left_child=1 -1 3 -3 11 10 8 -8 12 -9 -6 13 -7 -4
right_child=-2 2 4 -5 5 6 7 9 -10 -11 -12 -13 -14 -15
leaf_value=-0.067375289858229118 -0.00056737371727837843 -0.079697177958987481 0.026030305593245175 0.033050409568708451 -0.0043778009651432772 0.019753322028981682 0.025208810709310161 0.00074250554841245832 0.017016419415931516 -0.043610987501068496 -0.14549220000373342 -0.014087615999672952 -0.058950720807624618 -0.045130280848861927
leaf_weight=175.27430693469796 83599.826850519399 64.373992613240262 2223.8148692316645 1166.0959843549281 61.236317299946677 120.72696748003364 1619.8693494649779 3464.5707519951811 321.56136663304642 449.20614669656243 85.654719205689617 631.30464204076998 623.42641265303973 122.04632211356147
leaf_count=7154 985454 993 9288 4727 660 285 5145 17560 572 6221 804 6374 6755 1673
internal_value=-6.2531e-06 0.00420394 0.0053599 0.0270513 0.00260727 -0.00265999 -0.000752622 0.00430009 -0.0270148 -0.00434526 -0.0874295 0.0145566 -0.0461058 0.0222891
internal_weight=94729 11129.2 10953.9 1230.47 9723.42 6746.25 6599.36 5533.65 1065.71 3913.78 146.891 2977.17 744.153 2345.86
internal_count=1053665 68211 61057 5720 55337 38002 36538 28926 7612 23781 1464 17335 7040 10961
is_linear=0
shrinkage=0.05


Tree=402
num_leaves=15
num_cat=0
split_feature=34 28 36 6 17 15 27 13 9 47 57 50 57 28
split_gain=89.2112 194.816 199.348 188.263 144.498 109.762 165.576 141.118 109.082 193.718 201.477 181.054 170.291 181.225
threshold=9999.9951171875018 25.865000724792484 0.21499999612569812 779756256.00000012 220253.00000000003 4869267.5000000009 -22.539999961853024 4242155.0000000009 17807656.000000004 1.0000000180025095e-35 8.9158110618591326 24803.000000000004 8.4750170707702654 3.3850001096725468
decision_type=2 2 2 2 2 2 2 2 2 2 2 2 2 2
left_child=5 2 3 4 -2 8 7 -7 9 11 -11 -1 13 -10
right_child=1 -3 -4 -5 -6 6 -8 -9 12 10 -12 -13 -14 -15
leaf_value=-8.2975801319466264e-05 -0.061392158440993855 -0.042980503429280857 -0.066658400110012214 -0.083825533374482231 0.058556750303763318 -0.075740256851409352 -0.057374901637014079 0.039525726661265484 0.0078737493904704175 0.0088047606852172493 -0.063737789084151356 -0.077771180423444511 0.016342770832578839 -0.061987184787478534
leaf_weight=90850.018931348866 25.617748731416214 102.18037478120459 44.758558548739529 26.452952312669368 393.19110610966163 33.588437882739527 201.91599662593944 111.81058649509214 230.84713406717856 156.27075582540783 240.73815640261091 74.060276129268459 2011.5938742041108 152.91059009403034
leaf_count=959782 1160 7552 3129 223 1274 1277 12798 940 1748 3029 20479 6598 30057 3619
internal_value=-5.95384e-06 0.0193227 0.0324772 0.0426816 0.0509718 -0.000128378 -0.0281444 0.0122213 -2.37171e-05 -0.000300574 -0.0351076 -0.00014766 0.0105061 -0.0199216
internal_weight=94656 592.201 490.02 445.262 418.809 94063.8 347.315 145.399 93716.4 91321.1 397.009 90924.1 2395.35 383.758
internal_count=1053665 13338 5786 2657 2434 1040327 15015 2217 1025312 989888 23508 966380 35424 5367
is_linear=0
shrinkage=0.05


Tree=403
num_leaves=15
num_cat=0
split_feature=21 21 19 21 10 22 36 106 31 52 26 0 21 13
split_gain=87.9277 109.447 324.077 250.791 303.723 222.096 207.037 186.474 179.399 159.639 158.7 201.959 161.077 234.804
threshold=6250247.5000000009 1422470.5000000002 -936939.49999999988 1008268.0000000001 22194886.000000004 -1301098.4999999998 1.6549999713897707 0.63350000977516185 -6.444999933242797 44.500000000000007 -97.139999389648423 91.500000000000014 248496.00000000003 3248795.0000000005
decision_type=2 2 2 2 2 2 2 2 2 2 2 2 2 2
left_child=1 3 7 4 9 8 -4 -3 -5 10 11 -1 13 -12
right_child=-2 2 6 5 -6 -7 -8 -9 -10 -11 12 -13 -14 -15
leaf_value=-0.018198112619490489 -0.033380988064071443 -2.2255517096973259e-05 0.023297585853924205 -0.052378444918469449 -0.059955773255902678 -0.060822664269592167 -0.063836133738712941 -0.078087522888612204 0.040880728525198966 -0.042160246582973369 0.00030410043765868693 -0.1574701179762947 0.005759657122631873 -0.0099026218074805862
leaf_weight=109.96701662871055 195.94284992098983 170.09364153281786 1687.55997348862 82.916374892343811 209.6939817986713 318.21308516033423 69.814819847459148 139.95316553126759 132.42091071129471 221.43501166527858 73242.22259577307 33.70118550164625 11889.519128598811 6102.8061834268738
leaf_count=2347 4948 1238 17924 1065 14813 11591 3207 3336 418 15007 818143 223 93689 65716
internal_value=-6.35646e-06 6.27338e-05 0.0114379 -0.000191518 6.76285e-06 -0.03434 0.0197733 -0.0355589 0.00466371 0.000145231 0.000248756 -0.0520763 0.000332271 -0.000480432
internal_weight=94606.3 94410.3 2067.42 92342.9 91809.3 533.55 1757.37 310.047 215.337 91599.7 91378.2 143.668 91234.5 79345
internal_count=1053665 1048717 25705 1023012 1009938 13074 21131 4574 1483 995125 980118 2570 977548 883859
is_linear=0
shrinkage=0.05


Tree=404
num_leaves=15
num_cat=0
split_feature=7 1 6 6 57 57 0 55 7 0 6 57 5 57
split_gain=87.7956 209.095 197.988 188.768 218.95 350.315 173.857 191.403 168.613 932.785 659.744 335.387 394.781 384.029
threshold=92831288.000000015 46317.000000000007 280500544.00000006 201153712.00000003 12.80903482437134 17.540040969848636 91.500000000000014 7114.0000000000009 25790999.000000004 75.000000000000014 253266088.00000003 24.488706588745121 67.354999542236342 9.6550307273864764
decision_type=2 2 2 2 2 2 2 2 2 2 2 2 2 2
left_child=8 3 -3 -2 -5 -6 7 -7 -1 10 -10 12 -11 -14
right_child=1 2 -4 4 5 6 -8 -9 9 11 -12 -13 13 -15
leaf_value=0.00023989170067286098 -0.11215197559951216 -0.32642957835254738 -0.038989860000685161 0.037407058916607484 -0.10549365031943897 -0.10311558765022391 0.053544428051386345 0.010906436596746307 0.030084000846348657 -0.027948634275690495 -0.047583966585642581 0.041047337351592605 -0.20269887836395523 -0.064034046197509673
leaf_weight=89646.818601807317 25.981528074662492 5.6079891077242783 80.146565675873717 758.3756715765121 74.064905532712146 48.079933009783417 151.84570423071273 144.38580822148651 1427.3465164515001 1306.3302776793862 336.8240419191352 131.16686205007136 58.223424798896303 353.02179672638886
leaf_count=1026562 253 108 1447 1879 925 1308 112 364 5744 3767 9257 107 412 1420
internal_value=-6.73605e-06 0.0129501 -0.0619096 0.0183761 0.0213932 -0.00753524 0.0136363 -0.0177048 -0.000186422 -0.0107755 0.0152084 -0.0355925 -0.0414949 -0.0842313
internal_weight=94548.2 1288.49 85.7546 1202.73 1176.75 418.376 344.311 192.466 93259.7 3612.91 1764.17 1848.74 1717.58 411.245
internal_count=1053665 6396 1555 4841 4588 2709 1784 1672 1047269 20707 15001 5706 5599 1832
is_linear=0
shrinkage=0.05


Tree=405
num_leaves=15
num_cat=1
split_feature=54 89 55 163 8 38 0 89 15 16 57 20 101 54
split_gain=87.0001 233.661 204.846 638.339 566.106 619.822 612.379 620.745 510.005 419.733 986.138 392.305 355.047 665.856
threshold=411125.50000000006 3.7108550071716313 17575.500000000004 0.035363854840397842 0 16.500000000000004 91.500000000000014 3.030795812606812 530040.00000000012 289908.50000000006 11.973990440368654 85214.500000000015 32.908287048339851 6079.5000000000009
decision_type=2 2 2 2 1 2 2 2 2 2 2 2 2 2
left_child=2 -2 12 4 8 -6 -7 -8 -4 10 11 -5 -1 -14
right_child=1 -3 3 9 5 6 7 -9 -10 -11 -12 -13 13 -15
leaf_value=0.0018754208691466488 0.0072008663718682465 -0.044796599748707866 -0.020697565772739266 -0.098269798545091505 0.011100278179517906 0.0085661594822004465 -0.019988890151883282 -0.098833555983210586 -0.077466635589162253 0.028290981072840241 0.016575394347943313 0.028333689105024391 -0.014127316506653435 0.022403373412051869
leaf_weight=65594.533580005562 6510.4192411225376 222.2638447277568 3729.8842388046723 324.7945069889538 3278.7316859047896 778.04076962755062 666.98874839462223 400.65385945135495 442.87843044464535 1851.8836463019252 1145.1796712628566 74.159270657226443 8040.537161276734 1474.6052804905339
leaf_count=826186 17668 2156 17965 1621 7369 1841 2505 2347 2728 4152 2033 207 161938 2949
internal_value=-6.18829e-06 0.00547047 -0.000426763 -0.00630161 -0.0130806 -0.00193544 -0.025113 -0.0496885 -0.0267519 0.0122408 -0.00698182 -0.0745992 0.000565465 -0.00845897
internal_weight=94535.6 6732.68 87802.9 12693.2 9297.18 5124.42 1845.68 1067.64 4172.76 3396.02 1544.13 398.954 75109.7 9515.14
internal_count=1053665 19824 1033841 42768 34755 14062 6693 4852 20693 8013 3861 1828 991073 164887
cat_boundaries=0 1
cat_threshold=4
is_linear=0
shrinkage=0.05


Tree=406
num_leaves=15
num_cat=0
split_feature=57 50 1 156 58 52 57 12 7 57 12 165 7 29
split_gain=87.1395 356.176 317.328 307.818 256.607 175.15 151.831 607.45 898.173 511.642 459.217 357.427 311.546 295.374
threshold=32.269678115844734 433.00000000000006 47915.500000000007 0.022489799186587337 0.055904213339090354 73.500000000000014 23.889117240905765 923292.00000000012 25269688.000000004 26.314852714538578 148003.50000000003 0.091726075857877745 29621611.000000004 -0.25499999523162836
decision_type=2 2 2 2 2 2 2 2 2 2 2 2 2 2
left_child=5 2 -2 -3 -4 6 -1 8 9 10 11 -8 -10 -9
right_child=1 3 4 -5 -6 -7 7 13 12 -11 -12 -13 -14 -15
leaf_value=-0.00025366787453500952 -0.060173542641348832 0.036980566210834565 -0.048846741808467993 -0.053511442479347339 0.03552506921057242 -0.069689505462821599 -0.023443883597861356 -0.011102299228971041 0.10602437107173596 -0.074677970751893571 -0.084571618978044216 0.045316928345929486 0.017536381845734868 0.027201608768184102
leaf_weight=87472.46714284757 471.14535788776629 451.61748587690818 149.85017052140756 117.31020646297475 222.71652005102078 88.599950011252076 465.10641589223087 605.07738547547342 149.63869740912924 496.09464626094996 176.97956731458544 316.63509994509513 299.66084188356763 2928.5350658896859
leaf_count=920226 23200 3588 5135 2773 3861 10056 11297 6394 263 21598 7319 1237 1766 34952
internal_value=-4.89325e-06 -0.012326 -0.0329481 0.0181727 0.00141609 0.000181856 0.000249773 0.00835599 -0.0143893 -0.0334913 -0.0120713 0.0043653 0.0472882 0.0206272
internal_weight=94411.4 1412.64 843.712 568.928 372.567 92998.8 92910.2 5437.73 1904.12 1454.82 958.721 781.742 449.3 3533.61
internal_count=1053665 38557 32196 6361 8996 1015108 1005052 84826 43480 41451 19853 12534 2029 41346
is_linear=0
shrinkage=0.05


Tree=407
num_leaves=15
num_cat=0
split_feature=150 16 25 37 36 17 57 18 18 30 71 35 30 10
split_gain=87.1925 458.131 358.068 313.307 614.089 298.562 280.191 463.92 662.309 388.112 353.339 312.072 271.699 261.512
threshold=0.0042448887834325441 304583.00000000006 10001.500000000002 5.5000000000000009 0.31499999761581426 220253.00000000003 15.073237895965578 255848.00000000003 247605.50000000003 9.3350000381469744 -0.043917739763855927 9999.9951171875018 -33.840000152587884 6935516.5000000009
decision_type=2 2 2 2 2 2 2 2 2 2 2 2 2 2
left_child=-1 2 -2 5 12 -3 10 8 -8 -9 -6 -12 -5 -7
right_child=1 3 -4 4 6 13 7 9 -10 -11 11 -13 -14 -15
leaf_value=0.00074412350959956585 -0.046594717341572681 -0.076944497919631039 -0.00088053640580868441 -0.085768946281564201 -0.0092121654541137479 0.0070681626787323718 0.047777882732821075 -0.039738791991664912 0.41332919412871993 0.020153907137160754 -0.054850867365871983 0.013356943462355178 0.021550047314248977 -0.022698733601913802
leaf_weight=75871.797382541059 1017.5114508933111 111.28890097584735 743.23801923084466 60.428065434833115 1151.0869525812141 10474.590814676645 121.72830626250652 583.75359608942745 12.929524919774847 501.27695202684481 1306.0354893091371 190.67771634226665 1403.0752386733366 792.13336363192502
leaf_count=845599 19513 1773 5680 910 11831 85016 1230 16092 59 7455 27525 2784 8803 19395
internal_value=-5.33096e-06 -0.00308659 -0.0273379 -0.000526576 -0.0105306 0.00415678 -0.0209742 -0.00110051 0.0860339 -0.0120296 -0.0301061 -0.0461249 0.0170292 0.00496907
internal_weight=94341.6 18469.8 1760.75 16709 5330.99 11378 3867.49 1219.69 134.658 1085.03 2647.8 1496.71 1463.5 11266.7
internal_count=1053665 208066 25193 182873 76689 106184 66976 24836 1289 23547 42140 30309 9713 104411
is_linear=0
shrinkage=0.05


Tree=408
num_leaves=15
num_cat=0
split_feature=27 24 135 6 31 19 36 140 32 20 17 18 107 19
split_gain=88.4903 226.856 236.588 104.727 99.8537 347.24 215.049 342.853 183.957 441.467 570.902 568.959 595.694 426.269
threshold=3534.960083007813 51.284999847412116 36.431598663330085 7899693.2500000009 16.425000190734867 156183.00000000003 7.3949999809265146 6.6392478942871103 4.3650000095367441 5656.5000000000009 10728534.500000002 658555.50000000012 0.36999998986721044 234729.50000000003
decision_type=2 2 2 2 2 2 2 2 2 2 2 2 2 2
left_child=4 2 -2 -4 6 -6 8 -8 -1 -10 11 13 -13 -11
right_child=1 -3 3 -5 5 -7 7 -9 9 10 -12 12 -14 -15
leaf_value=0.000737045947146356 -0.093610132078998487 -0.081440137768891863 -0.060083242361728323 0.064920770375063802 -0.059667138912417185 0.013785536136945043 -0.09651339740859903 0.021305473753144621 0.0086873086006218399 -0.020900006911091409 0.0035272535275500203 -0.0032431919102961257 -0.049238295895250167 0.01585267819064588
leaf_weight=76094.54099101742 28.015847423432206 41.845036578726649 16.797256004065275 245.29935841785118 170.30706395726338 2605.7782409936826 144.33059685324406 105.82268101325462 4058.3348821907548 1830.7785606798043 4267.3807547905199 1031.7067445774992 2232.2132957143149 1383.7101161382889
leaf_count=669586 1063 1369 522 878 10104 56513 5406 1498 49462 45112 99627 19398 84556 8571
internal_value=-5.90192e-06 0.0257244 0.04158 0.0565215 -9.76455e-05 0.0092415 -0.000382731 -0.0465869 -0.000254516 -0.00535432 -0.0106624 -0.020016 -0.0347203 -0.00506387
internal_weight=94256.9 331.957 290.112 262.097 93924.9 2776.09 91148.8 250.153 90898.7 14804.1 10745.8 6478.41 3263.92 3214.49
internal_count=1053665 3832 2463 1400 1049833 66617 983216 6904 976312 306726 257264 157637 103954 53683
is_linear=0
shrinkage=0.05


Tree=409
num_leaves=15
num_cat=0
split_feature=35 13 14 1 17 5 37 9 38 37 13 10 36 20
split_gain=88.4271 230.704 644.492 331.918 402.189 675.982 310.51 502.254 334.982 272.933 329.24 295.485 249.348 243.167
threshold=83.630001068115249 373406.50000000006 962453.00000000012 73901.500000000015 5033444.0000000009 6.7349998950958261 7.5000000000000009 1008227.0000000001 18.500000000000004 1.0000000180025095e-35 4061986.5000000005 10290769.500000002 2.745000004768372 30468.500000000004
decision_type=2 2 2 2 2 2 2 2 2 2 2 2 2 2
left_child=-1 3 12 4 5 -2 7 -4 9 10 -9 -11 -3 -5
right_child=1 2 6 13 -6 -7 -8 8 -10 11 -12 -13 -14 -15
leaf_value=-0.00057294992468993043 -0.058885922396851788 0.050284191725149488 -0.048077322245356338 0.046400410767080041 0.002044577234742084 0.083310909118960288 0.013929672420802919 0.013592260039338562 -0.081597636713302502 -0.054438130029938116 -0.066100166248976175 0.013447608486926142 -0.071974359127608578 -0.068283912102780897
leaf_weight=82845.489167808104 777.46265208152727 981.75316458466841 607.99182682472383 351.52464554186736 1074.1526598078053 92.478548263257835 3563.5467958197696 2857.3939714543376 118.23411348587251 376.85383520448704 134.60437125954195 276.14930405040286 42.372612869454315 51.978521044133231
leaf_count=850367 40712 9745 28321 2322 27287 638 14386 12488 899 44419 1300 14757 2052 3972
internal_value=-6.32452e-06 0.00414074 0.00779988 -0.00979937 -0.0183819 -0.0436341 0.00297273 -0.00594937 0.000854537 0.00356443 0.00996946 -0.0256767 0.0451118 0.0313711
internal_weight=94152 11306.5 8958.9 2347.6 1944.09 869.941 7934.77 4371.23 3763.24 3645 2992 653.003 1024.13 403.503
internal_count=1053665 203298 128367 74931 68637 41350 116570 102184 73863 72964 13788 59176 11797 6294
is_linear=0
shrinkage=0.05


Tree=410
num_leaves=15
num_cat=0
split_feature=32 50 22 29 11 31 19 33 1 31 13 115 156 20
split_gain=89.7511 328.515 319.745 289.692 285.891 253.836 358.144 278.086 256.866 227.332 288.968 255.019 249.525 220.354
threshold=-6.1549999713897696 3625.5000000000005 15213.000000000002 -7.2650001049041739 13035696.000000002 -19.14999961853027 -699947.49999999988 1.1950000524520876 20500.000000000004 -11.414999961853026 1898048.0000000002 4.0094999074935922 1.0000000180025095e-35 1668207.0000000002
decision_type=2 2 2 2 2 2 2 2 2 2 2 2 2 2
left_child=1 2 4 -2 5 6 7 -1 -9 10 11 -7 -11 -14
right_child=3 -3 -4 -5 -6 9 -8 8 -10 12 -12 -13 13 -15
leaf_value=-0.11666282250178905 -0.076478140032974373 0.05977804405518812 -0.069946648585864593 -0.00023146634215278196 -0.067650695061660424 0.052393898578078663 -0.078695607433138928 -0.068386653993644297 0.011353825500513288 0.021909414181614864 -0.088845040130158801 -0.015990057697154666 -0.025676126987928295 -0.19718851003351484
leaf_weight=46.678081027232111 123.75500571622979 276.33113250146926 141.94524656327849 89821.380975635766 125.25602998994327 880.73769964126404 148.01566823876783 107.30866278600297 1475.2448207102425 460.72049104051439 42.934197759372182 159.54149170345045 228.84590067227691 19.613918160204776
leaf_count=397 4792 1802 4393 1017147 3407 2324 2303 761 6506 3820 569 977 4257 210
internal_value=-6.92634e-06 0.00721418 0.00340089 -0.000337779 0.00625034 0.0088757 -0.00449036 0.00226465 0.00587549 0.0221518 0.0365493 0.041853 6.9905e-05 -0.0401523
internal_weight=94058.3 4113.17 3836.84 89945.1 3694.9 3569.64 1777.25 1629.23 1582.55 1792.39 1083.21 1040.28 709.18 248.46
internal_count=1053665 31726 29924 1021939 25531 22124 9967 7664 7267 12157 3870 3301 8287 4467
is_linear=0
shrinkage=0.05


Tree=411
num_leaves=15
num_cat=1
split_feature=56 134 8 3 3 38 57 19 6 28 6 19 1 54
split_gain=87.8038 228.73 197.928 291.879 220.99 110.716 177.653 96.3764 135.532 161.563 94.325 238.181 209.044 92.3326
threshold=12.500000000000002 -1.0000000180025095e-35 0 150007776.00000003 35521184.000000007 16.500000000000004 15.664613246917726 -202167.49999999997 292746000.00000006 36.555000305175788 259284688.00000003 166215.00000000003 20412.000000000004 300169.00000000006
decision_type=2 2 1 2 2 2 2 2 2 2 2 2 2 2
left_child=13 2 3 4 -2 -4 -7 -3 10 -10 11 12 -9 -1
right_child=1 7 5 -5 -6 6 -8 8 9 -11 -12 -13 -14 -15
leaf_value=-0.00030699294434214291 -0.091181568442217448 0.032192483921053477 0.0085281251580117384 0.0066028205259965811 -0.33027874598977031 -0.11048810141552645 0.0432519939378882 -0.0094322528379338251 -0.10682575893560183 0.046420892424813301 0.050033631276988448 0.021694168357631067 -0.14309137116489232 0.0053385445793196406
leaf_weight=84772.295410840889 160.91763555038051 227.07514346577227 221.99271415360272 83.11089360259939 9.7135953588440298 54.742952088708989 27.11328500736272 73.82076910930482 60.957956273341551 22.62146008014679 89.156422391533852 240.56870524398983 48.610186803271063 7917.3231284642243
leaf_count=1025273 1980 666 463 230 99 371 49 198 443 72 43 414 360 23004
internal_value=-7.16577e-06 -0.0128055 -0.037126 -0.0696666 -0.106929 -0.00964828 -0.0590538 0.00493198 -0.00656787 -0.0646987 0.00418612 -0.00704365 -0.0636349 0.000174748
internal_weight=94010 1320.4 557.591 253.742 170.631 303.849 81.8562 762.811 535.735 83.5794 452.156 363 122.431 92689.6
internal_count=1053665 5388 3192 2309 2079 883 420 2196 1530 515 1015 972 558 1048277
cat_boundaries=0 1
cat_threshold=4
is_linear=0
shrinkage=0.05


Tree=412
num_leaves=15
num_cat=0
split_feature=6 6 57 57 57 6 28 21 37 37 1 54 28 116
split_gain=86.7294 359.149 474.633 446.781 465.399 307.068 287.788 303.832 286.144 640.231 632.045 579.171 714.036 692.008
threshold=32350050.000000004 27344140.000000004 5.493497610092164 7.2429842948913583 10.418891429901125 26840688.000000004 -111.93999862670897 291197.50000000006 5.5000000000000009 7.5000000000000009 75315.000000000015 278.50000000000006 4.5850000381469735 0.87500000000000011
decision_type=2 2 2 2 2 2 2 2 2 2 2 2 2 2
left_child=1 5 -3 -4 -5 -1 7 -2 11 10 -10 12 -8 -13
right_child=6 2 3 4 -6 -7 8 -9 9 -11 -12 13 -14 -15
leaf_value=0.00081467432652250016 -0.090949721540868389 -0.059275970504013537 0.051654775403168901 -0.060004593455143418 0.019926890949724173 -0.06366084235116358 0.014646341956231018 0 -0.042078066734237723 -0.0028568525135604719 0.065167029479033925 0.0049581007087937294 -0.011327576965948306 -0.015651934597815869
leaf_weight=39109.612607195275 182.64216165240214 174.85815010964143 979.00479159408133 214.45148474239977 1171.2042107668021 184.52908468879468 11932.420959290288 182.80124499151862 1725.7922922797225 18202.735544743187 148.0291053399269 8742.1519585105125 3396.8227759751426 7619.8821653982268
leaf_count=555002 2414 2170 2476 3024 8564 2769 132490 890 136517 79895 1828 19405 70243 35978
internal_value=-6.88445e-06 0.0016883 0.0199086 0.0258077 0.00748586 0.000509006 -0.00136813 -0.0455255 -0.00105457 -0.00572548 -0.033549 0.00190298 0.00888713 -0.00463741
internal_weight=93966.9 41833.7 2539.52 2364.66 1385.66 39294.1 52133.3 365.443 51767.8 20076.6 1873.82 31691.3 15329.2 16362
internal_count=1053665 574005 16234 14064 11588 557771 479660 3304 476356 218240 138345 258116 202733 55383
is_linear=0
shrinkage=0.05


Tree=413
num_leaves=15
num_cat=0
split_feature=27 27 9 1 26 20 34 16 13 9 24 34 35 20
split_gain=91.7643 278.609 260.574 357.848 256.683 249.067 222.975 385.94 589.542 317.007 361.588 342.134 306.321 487.097
threshold=5.1449999809265146 3.4750000238418584 407266.50000000006 10355.000000000002 -97.139999389648423 17784.000000000004 7.7349998950958261 1058284.0000000002 25667.500000000004 872750.00000000012 0.67500001192092907 2.7050000429153447 7.0350000858306894 28364.500000000004
decision_type=2 2 2 2 2 2 2 2 2 2 2 2 2 2
left_child=1 4 3 -2 -1 -5 9 8 -8 10 -4 -12 -11 -14
right_child=2 -3 6 5 -6 -7 7 -9 -10 12 11 -13 13 -15
leaf_value=-0.10020847491780549 0.058521040353237908 -0.042171643908179304 -0.087234780071459475 -0.069084640053932611 -0.00072192068952612698 0.018845809010049067 0.037617223040103058 0.023474314290113724 -0.058310835942213306 0.0049061999986147308 0.018646802830720181 -0.065280042996053028 0.0035370745129627151 -0.019832866370374166
leaf_weight=63.910298537397466 473.27100639339005 409.162891692009 211.98664100965834 110.85588023589844 62805.121454414882 285.69983314869023 267.26757858149358 2414.6556697521992 395.40394059678511 16809.310670059233 352.61491220979951 183.64260543845012 5193.972822639269 3901.7936745132647
leaf_count=1783 1108 8316 4363 2841 757759 1759 2773 31308 9921 109329 2441 5771 41995 72198
internal_value=-6.63736e-06 -0.00109424 0.00224073 0.0292026 -0.000825443 -0.00572104 0.00144927 0.0141904 -0.0195476 -2.03857e-05 -0.032085 -0.0100691 0.000905045 -0.00648347
internal_weight=93878.7 63278.2 30600.5 869.827 62869 396.556 29730.6 3077.33 662.672 26653.3 748.244 536.258 25905.1 9095.77
internal_count=1053665 767858 285807 5708 759542 4600 280099 44002 12694 236097 12575 8212 223522 114193
is_linear=0
shrinkage=0.05


Tree=414
num_leaves=15
num_cat=0
split_feature=34 28 36 6 17 30 11 12 31 18 18 13 32 24
split_gain=88.8748 175.99 181.69 170.89 128.775 98.0549 325.083 229.178 276.552 217.496 373.293 354.594 349.826 223.177
threshold=9999.9951171875018 25.865000724792484 0.21499999612569812 779756256.00000012 220253.00000000003 -5.1050000190734854 2011389.5000000002 232545.50000000003 -14.389999866485594 394216.00000000006 613790.50000000012 550000.50000000012 0.12499999627470972 16.335000038146976
decision_type=2 2 2 2 2 2 2 2 2 2 2 2 2 2
left_child=5 2 3 4 -2 6 -1 8 -8 12 13 -12 -9 -11
right_child=1 -3 -4 -5 -6 -7 7 9 -10 10 11 -13 -14 -15
leaf_value=-0.06690074050642443 -0.06042075481440299 -0.041833214800449513 -0.066210850898740251 -0.080547905843974338 0.057024236976322765 -0.0007173731385689625 -0.076955028579931514 -0.0019471354333367664 0.031738203524887168 0.0397846955226175 -0.054983359442297666 0.0056910023376041874 -0.069543544182535721 -0.011061666859175687
leaf_weight=156.74214655365904 23.647047572869269 95.141859020792253 41.454453003720118 25.579183331272361 382.56154684140347 82353.913919586339 60.541819949983619 4520.6674089150547 1126.918709964164 1240.6781838749739 260.36952422424656 3055.2690697017697 198.98178652574279 258.99738501991669
leaf_count=6209 1160 7552 3129 223 1274 974691 956 20950 4561 3493 4729 19990 3263 1485
internal_value=-6.67851e-06 0.0196868 0.0322225 0.0419194 0.0499329 -0.000127483 0.00433297 0.00538508 0.0260944 0.00279828 0.0102767 0.000896166 -0.00482174 0.0309686
internal_weight=93801.5 568.384 473.242 431.788 406.209 93233.1 10879.2 10722.4 1187.46 9534.96 4815.31 3315.64 4719.65 1499.68
internal_count=1053665 13338 5786 2657 2434 1040327 65636 59427 5517 53910 29697 24719 24213 4978
is_linear=0
shrinkage=0.05


Tree=415
num_leaves=15
num_cat=0
split_feature=28 15 1 57 38 12 24 118 1 12 33 33 0 6
split_gain=89.2362 285.652 269.032 538.896 284.32 267.393 266.728 258.533 667.899 919.106 629.101 642.221 583.637 517.711
threshold=3.4250000715255742 30363.500000000004 3111.5000000000005 4.5106091499328622 18.500000000000004 4305.0000000000009 87.700000762939467 0.74149999022483837 29215.000000000004 109676.00000000001 2.5749999284744267 13.34500026702881 91.500000000000014 814129.46875000012
decision_type=2 2 2 2 2 2 2 2 2 2 2 2 2 2
left_child=2 5 3 4 -1 -2 -5 -4 9 -9 -11 12 -12 -13
right_child=1 -3 7 6 -6 -7 -8 8 -10 10 11 13 -14 -15
leaf_value=-0.013081533706681713 0.051888775153925329 0.0025219773705873324 0.0022162502389630203 -0.06260242060080716 0.071439498241946481 -0.065366576299441731 0.048696993020849288 -0.075501861243829571 0.0011767904718108929 0.012627905223445056 -0.053926482032396097 -0.059965815771452748 -0.012336392453275486 0.0081858641616494206
leaf_weight=261.62375995917682 58.017222422931809 33177.783137439932 33244.766960228058 624.25103101008426 158.63438862329349 269.32824326278933 57.660001896918402 600.67607054141627 17367.902878419365 2027.8443060569698 1749.1943347678498 318.20648608356714 1637.120359112625 2192.1551048674301
leaf_count=4370 403 371291 387925 12480 384 15016 588 13914 166577 7512 45157 5978 4837 17233
internal_value=-6.56007e-06 0.00206136 -0.00115757 -0.0256234 0.0187977 -0.0443378 -0.0530606 -0.000700318 -0.00444684 -0.0159082 -0.0113758 -0.0196398 -0.033844 -0.000453383
internal_weight=93745.2 33505.1 60240 1102.17 420.258 327.345 681.911 59137.9 25893.1 8525.2 7924.52 5896.68 3386.31 2510.36
internal_count=1053665 386710 666955 17822 4754 15419 13068 649133 261208 94631 80717 73205 49994 23211
is_linear=0
shrinkage=0.05


Tree=416
num_leaves=15
num_cat=0
split_feature=37 121 24 34 25 52 35 15 57 35 34 18 103 57
split_gain=87.5235 316.342 279.5 367.888 207.207 199.418 306.438 279.964 349.94 307.902 221.958 182.255 172.202 216.951
threshold=9.5000000000000018 7.6399292945861825 10.335000038146974 3.8449999094009404 10001.500000000002 17.500000000000004 11.284999847412111 505075.00000000006 20.513346672058109 2.995000004768372 7.7349998950958261 15717291.000000002 1.0007903575897219 14.944558620452883
decision_type=2 2 2 2 2 2 2 2 2 2 2 2 2 2
left_child=5 12 4 -4 -3 11 7 -7 9 -9 -8 -1 -2 -14
right_child=1 2 3 -5 -6 6 10 8 -10 -11 -12 -13 13 -15
leaf_value=-9.8266490289428574e-05 0.020873592581378296 -0.062667103956286857 0.021304424916496457 -0.07534634084043787 0.010560711862250664 -0.079011136114569641 0.01396884826683324 0.041990928920749099 -0.10808903993472073 -0.062875475023851046 -0.062402111076665878 -0.064380357444476607 -0.0023581168302197063 0.018628226839681333
leaf_weight=82984.172592911054 2020.2767121313373 417.78662589378655 517.7330798250623 120.47549349581823 123.7877725623548 301.27802807595071 661.18406944009985 217.74708145265322 79.662336822562793 101.78421268597231 110.03288322499793 109.41667050719843 4100.6230415867758 1757.1124895640678
leaf_count=975756 2552 2088 944 776 272 14694 14881 896 4523 3623 10719 10906 8295 2740
internal_value=-7.25588e-06 0.00466309 -0.0194597 0.00289198 -0.0458486 -0.000508138 -0.0187467 -0.0426664 -0.0149826 0.00833861 0.00294122 -0.000184288 0.008284 0.00393061
internal_weight=93623.1 9057.8 1179.78 638.209 541.574 84565.3 1471.69 700.472 399.194 319.531 771.217 83093.6 7878.01 5857.74
internal_count=1053665 17667 4080 1720 2360 1035998 49336 23736 9042 4519 25600 986662 13587 11035
is_linear=0
shrinkage=0.05


Tree=417
num_leaves=15
num_cat=0
split_feature=3 6 57 38 54 0 57 3 57 6 6 6 1 1
split_gain=87.5003 397.27 415.122 711.059 543.715 511.767 459.86 336.718 333.139 300.782 398.599 300.663 297.005 686.852
threshold=220078880.00000003 67131712.000000015 10.418891429901125 16.500000000000004 5276.5000000000009 91.500000000000014 11.226557254791262 206651080.00000003 8.6913075447082537 10891000.000000002 10229745.000000002 44632524.000000007 42455.500000000007 29293.500000000004
decision_type=2 2 2 2 2 2 2 2 2 2 2 2 2 2
left_child=7 2 3 4 9 8 -4 -1 -5 10 -2 -11 13 -3
right_child=1 12 6 5 -6 -7 -8 -9 -10 11 -12 -13 -14 -15
leaf_value=0.00019903951491427341 0.020139363260798411 -0.0019805700579959957 -0.15242327288898261 0.023715104598793172 0.045052847558672726 -0.10684847267965028 -0.037546248723256029 0.041891853287064268 -0.13447362650821282 -0.08359251594236089 0.35765425583134169 -0.0050114405526037291 -0.014815821973172312 0.05023510513269186
leaf_weight=85821.01633894362 124.58517344960455 2487.4181576421761 107.32082861394883 184.36913256358821 585.17730629257858 270.43472475901945 463.38675421443622 486.03961652438738 39.539942343530129 218.17362587873504 8.4671264869102725 277.36937760567525 1631.3124089853354 841.55124566634913
leaf_count=960711 2702 27165 1333 3130 900 1652 14720 2116 744 6081 126 2735 22806 6744
internal_value=-7.46782e-06 -0.00528771 -0.0225661 -0.0101807 0.0103787 -0.0606809 -0.059465 0.000434895 -0.00447072 -0.0218412 0.0444988 -0.0398078 0.00264309 0.0112155
internal_weight=93546.2 7239.11 2278.82 1708.12 1213.77 494.344 570.708 86307.1 223.909 628.595 133.052 495.543 4960.28 3328.97
internal_count=1053665 90838 34123 18070 12544 5526 16053 962827 3874 11644 2828 8816 56715 33909
is_linear=0
shrinkage=0.05


Tree=418
num_leaves=15
num_cat=0
split_feature=32 31 10 29 33 115 1 27 0 28 33 38 57 19
split_gain=86.9191 306.547 278.607 268.875 242.985 405.329 457.172 407.825 262.922 231.743 251.269 212.654 208.4 200.674
threshold=-6.1549999713897696 0.83499997854232799 245386.50000000003 -7.2650001049041739 3.1049998998641972 1.1835001111030581 42311.500000000007 -23.314999580383297 91.500000000000014 -6.0950000286102286 5.8550000190734872 13.500000000000002 15.779603004455568 -272420.99999999994
decision_type=2 2 2 2 2 2 2 2 2 2 2 2 2 2
left_child=1 2 13 -2 11 9 -7 -8 -9 10 -6 -4 -11 -1
right_child=3 -3 4 -5 5 6 7 8 -10 12 -12 -13 -14 -15
leaf_value=-0.070773534494338458 -0.076186461883507542 -0.070074698846517069 -0.078394421812548423 -0.00023170405854010701 -0.075203561309830552 -0.056511030053078594 0.038463098577710478 -0.071243090062512948 0.013200785022177468 -0.062199080643745068 0.026021738150327347 0.034162151687872518 0.13936017429531714 0.018172255719005114
leaf_weight=175.6800828101841 115.67249167569389 123.3469277315744 42.21246600257291 89347.933388760619 64.539112283717259 442.31198356973982 449.48496108024847 199.04850246901151 168.89484704099596 14.581853771029271 913.00159935822739 1274.2806100174494 71.803467755118618 97.186136295740653
leaf_count=1869 4792 4017 770 1017147 988 6967 1233 4502 344 601 4716 3781 477 1461
internal_value=-6.93768e-06 0.0071687 0.00963363 -0.00033132 0.0132997 0.00354785 -0.0156133 0.00649748 -0.0324151 0.0262759 0.0192175 0.0304584 0.104442 -0.0389607
internal_weight=93500 4036.37 3913.03 89463.6 3640.16 2323.67 1259.74 817.428 367.943 1063.93 977.541 1316.49 86.3853 272.866
internal_count=1053665 31726 27709 1021939 24379 19828 13046 6079 4846 6782 5704 4551 1078 3330
is_linear=0
shrinkage=0.05


Tree=419
num_leaves=15
num_cat=0
split_feature=35 35 57 118 12 14 57 16 9 37 9 1 1 31
split_gain=87.0982 227.026 608.398 223.504 209.703 273.631 248.26 253.508 195.639 317.229 248.676 402.721 449.772 264.542
threshold=53.664999008178718 48.245000839233406 10.859685420989992 1.9430000185966494 141689.50000000003 632711.00000000012 8.4038329124450701 230724.50000000003 430838.00000000006 8.5000000000000018 816192.50000000012 41227.500000000007 46260.000000000007 -26.154999732971188
decision_type=2 2 2 2 2 2 2 2 2 2 2 2 2 2
left_child=1 -1 -3 -4 6 -6 7 -2 9 -7 11 -10 -13 -12
right_child=4 2 3 -5 5 8 -8 -9 10 -11 13 12 -14 -15
leaf_value=-0.00043468336698867095 0.045088015011304827 -0.10921249065785808 0.040915507053942 -0.10772222719544632 -0.051351889685208645 -0.048698891279474021 0.0315438976133674 -0.040333378447285316 -0.055654725477375405 0.012627639769706376 -0.081263790441341008 0.088792278868061625 0.012205827456826919 0.0028296908301799479
leaf_weight=80280.499215314674 125.06070415278009 169.2485969113186 171.89791904999583 28.528310310721281 239.78679086643933 457.96293966299163 1242.5093791022082 276.61796380587839 120.74319771854789 387.62022315571085 93.471155194081803 312.0049264067784 500.42743124403205 9036.99629137589
leaf_count=815846 3746 3701 2892 1273 21893 19079 17224 10140 4782 1051 1765 784 7765 141724
internal_value=-7.05156e-06 -0.000615576 -0.0396572 0.0190807 0.00382502 0.0013611 0.0204911 -0.0135677 0.00252893 -0.0205457 0.00447456 0.0290493 0.0417524 0.00195452
internal_weight=93443.4 80650.2 369.675 200.426 12793.2 11149 1644.19 401.679 10909.2 845.583 10063.6 933.176 812.432 9130.47
internal_count=1053665 823712 7866 4165 229953 198843 31110 13886 176950 20130 156820 13331 8549 143489
is_linear=0
shrinkage=0.05


Tree=420
num_leaves=15
num_cat=0
split_feature=57 38 20 13 6 57 6 6 6 57 11 11 33 0
split_gain=84.809 87.5408 246.98 781.369 532.258 508.564 446.968 566.553 684.585 526.955 353.567 882.214 749.271 625.443
threshold=0.69952088594436657 14.500000000000002 13692.500000000002 3248795.0000000005 356189008.00000006 18.985626220703129 351729248.00000006 318764240.00000006 344516000.00000006 15.916495800018312 5868290.5000000009 4377668.5000000009 3.6950000524520878 91.500000000000014
decision_type=2 2 2 2 2 2 2 2 2 2 2 2 2 2
left_child=-1 2 3 4 6 -6 7 9 -9 -2 11 -4 -13 -14
right_child=1 -3 10 -5 5 -7 -8 8 -10 -11 -12 12 13 -15
leaf_value=-0.051646585198898809 0.012311763343915209 -0.0013019060044432817 -0.0025179632671599988 -0.064418641331722953 -0.05790706473190467 0.0085999395855472487 0.07210756378637756 -0.1147907131811725 0.023980024737260439 -0.0079434679658281892 0.0038372821050937714 0.0049339948255570226 -0.054206064534766098 -0.16910362658297987
leaf_weight=78.443989425970358 16853.686062069646 52906.093088854555 6496.8894394683775 395.06277385493377 610.91714461943411 539.50712334520358 269.28749323511147 204.07385259787407 155.44599732293864 3962.8058000682759 9454.1357888265193 492.04684335824277 845.63338476674835 137.93837965093553
leaf_count=29508 176273 397725 106518 8744 15204 10267 574 3899 801 80928 190042 4216 28126 840
internal_value=-7.4083e-06 3.60147e-05 0.00178857 0.00519209 0.00641417 -0.0266939 0.00819374 0.00737524 -0.0547515 0.00845321 -0.00269884 -0.0104554 -0.0453434 -0.0705257
internal_weight=93402 93323.5 40417.4 22990.8 22595.7 1150.42 21445.3 21176 359.52 20816.5 17426.6 7972.51 1475.62 983.572
internal_count=1053665 1024157 626432 296690 287946 25471 262475 261901 4700 257201 329742 139700 33182 28966
is_linear=0
shrinkage=0.05


Tree=421
num_leaves=15
num_cat=0
split_feature=27 27 16 1 9 28 29 26 35 34 35 31 19 29
split_gain=88.6312 251.139 343.022 298.362 240.039 333.168 235.782 231.644 217.38 292.056 242.26 354.713 608.905 342.503
threshold=5.1449999809265146 2.6750000715255742 353032.50000000006 10121.500000000002 407266.50000000006 5.6749999523162851 1.5149999856948855 -97.139999389648423 89.849998474121108 3.054999947547913 12.25500011444092 -10.280000209808348 143010.00000000003 13.50500011444092
decision_type=2 2 2 2 2 2 2 2 2 2 2 2 2 2
left_child=1 7 -3 -4 5 -2 -7 -1 10 -10 -6 -12 -13 -14
right_child=4 2 3 -5 8 6 -8 -9 9 -11 11 12 13 -15
leaf_value=-0.097155998427564783 -0.037290691884864613 0.032172325885341267 0.032823942770911468 -0.064957148630090195 0.0030667700627156967 0.051825289276372505 -0.052310882132198061 -0.00063776142938654534 -0.075537965374651572 0.027938933705850801 0.032200520712956052 -0.049870477012027431 -0.011385924512306324 0.020571353334883323
leaf_weight=61.234634102118434 156.65345585935029 168.21637287654448 92.050723681997624 471.94359856935625 21841.179298034589 642.26908802432627 58.103338764296495 62118.991747145425 71.221145693618382 1171.2923257882339 505.33373333835334 875.32511443317708 4023.1649082289441 1057.3816689380546
leaf_count=1769 2842 558 567 11339 166537 1226 1640 753625 1593 17820 1882 23547 48674 20046
internal_value=-7.31903e-06 -0.00107905 -0.0301724 -0.0488797 0.0022088 0.0282822 0.0430525 -0.000735177 0.00144985 0.0219114 0.000549048 -0.00795317 -0.0113733 -0.00472228
internal_weight=93314.4 62912.4 732.211 563.994 30401.9 857.026 700.372 62180.2 29544.9 1242.51 28302.4 6461.21 5955.87 5080.55
internal_count=1053665 767858 12464 11906 285807 5708 2866 755394 280099 19413 260686 94149 92267 68720
is_linear=0
shrinkage=0.05


Tree=422
num_leaves=15
num_cat=0
split_feature=36 20 37 33 12 12 13 12 9 11 26 202 1 20
split_gain=84.82 328.592 282.146 290.049 272.191 357.936 1045.27 533.189 326.736 644.954 507.705 441.889 268.155 267.476
threshold=1.3550000190734866 270025.50000000006 9.5000000000000018 3.1049998998641972 29360.000000000004 141689.50000000003 1627492.0000000002 240102.00000000003 968949.00000000012 3379156.5000000005 32.164999008178718 1.8750000000000002 46260.000000000007 59509.500000000007
decision_type=2 2 2 2 2 2 2 2 2 2 2 2 2 2
left_child=-1 4 3 -3 -2 6 -6 13 10 11 -9 -10 -12 -7
right_child=1 2 -4 -5 5 7 -8 8 9 -11 12 -13 -14 -15
leaf_value=-0.0008698142381041486 -0.084683973891665335 0.024139872125538128 0.022236590985102417 -0.067793829520261098 0.036115173916014869 -0.079074671486205853 -0.10614852959229366 -0.070301288940829335 -0.0041738473583546459 0.007575947024520498 0.05261672839587575 -0.036829098068504013 -0.01611713165555511 0
leaf_weight=70279.17453062773 85.715455893587205 106.0575794217275 184.58289658383001 423.587487537794 1689.1521647115151 297.64651974635126 138.68579734840023 112.90768448563904 3798.7529553138011 13544.650940946558 835.24134623023565 1425.9163813764972 169.15872009138911 167.20184102117491
leaf_count=766169 3185 515 325 30071 14760 11941 2394 5951 50972 128654 7479 22628 6071 2550
internal_value=-7.03326e-06 0.00262942 -0.0307221 -0.0492797 0.00370287 0.00405051 0.0252415 0.00214366 0.00338449 0.0018172 0.029643 -0.013101 0.0409865 -0.050726
internal_weight=93258.4 22979.3 714.228 529.645 22265 22179.3 1827.84 20351.5 19886.6 18769.3 1117.31 5224.67 1004.4 464.848
internal_count=1053665 287496 30911 30586 256585 253400 17154 236246 221755 202254 19501 73600 13550 14491
is_linear=0
shrinkage=0.05


Tree=423
num_leaves=15
num_cat=1
split_feature=25 6 11 8 14 16 57 53 16 57 181 104 1 37
split_gain=86.8797 172.978 281.239 425.802 289.413 255.227 218.09 204.865 202.679 213.588 192.652 190.234 175.068 173.047
threshold=-81.00500106811522 364059104.00000006 4134235.0000000005 0 1602296.5000000002 726010.50000000012 5.4140999317169198 1.0000000180025095e-35 1390034.0000000002 9.1676936149597186 27.274749755859379 1.5389999747276308 25113.500000000004 7.5000000000000009
decision_type=2 2 2 1 2 2 2 2 2 2 2 2 2 2
left_child=1 2 4 -4 6 -6 11 -7 -5 12 -9 -1 -10 -11
right_child=-2 -3 3 8 5 7 -8 10 9 13 -12 -13 -14 -15
leaf_value=-0.12544326783076853 -0.00029679480951266775 0.028724948077998965 -0.096986242383880969 -0.068399492062113348 -0.024373115260190717 0.044170879622292561 -0.070890369960070906 -0.10261449470936601 -0.078517566972237482 -0.081607006216933772 0.028123156435412879 0.042097149299828274 0.036534029372297043 0.0005344811525799894
leaf_weight=18.87331621382873 89946.528125489043 769.63256507005281 149.02658998828701 108.60102268579067 208.940809593827 894.20171147212386 152.15067872886721 47.532819468644448 34.931960097674164 100.30238847866167 65.53637271374464 111.64646399684716 391.181211127594 171.39370678650448
leaf_count=753 1023300 4068 2653 1497 1967 2600 5881 411 731 6419 104 643 1805 833
internal_value=-7.15596e-06 0.0080557 0.00154475 -0.0196201 0.0150733 0.0256866 -0.0303443 0.036134 -0.00515825 0.00469631 -0.0268167 0.0167208 0.0268235 -0.0297945
internal_weight=93170.5 3223.95 2454.32 955.437 1498.88 1216.21 282.67 1007.27 806.41 697.809 113.069 130.52 426.113 271.696
internal_count=1053665 30365 26297 13938 12359 5082 7277 3115 11285 9788 515 1396 2536 7252
cat_boundaries=0 1
cat_threshold=4
is_linear=0
shrinkage=0.05


Tree=424
num_leaves=15
num_cat=0
split_feature=53 6 30 11 57 12 31 6 115 11 9 21 1 33
split_gain=85.0964 133.437 89.0794 306.69 201.585 201.836 249.569 207.539 205.537 390.863 263.135 250.507 227.94 226.424
threshold=204.50000000000003 71450900.000000015 -5.1050000190734854 2011389.5000000002 2.342231392860413 232545.50000000003 -14.389999866485594 148199752.00000003 1.1835001111030581 2271568.0000000005 1371827.5000000002 41950.500000000007 46312.500000000007 4.5950000286102304
decision_type=2 2 2 2 2 2 2 2 2 2 2 2 2 2
left_child=2 -2 3 -1 -5 6 -6 -8 12 11 -11 -10 13 -7
right_child=1 -3 -4 4 5 8 7 -9 9 10 -12 -13 -14 -15
leaf_value=-0.065797602943716921 -0.00072139599350853369 -0.11187808717142539 -0.00051337784184731948 -0.060097956741963603 -0.075468481821258607 -0.00229129667734447 0.037296270932754408 -0.046677658368259572 -0.0018866868358440256 -0.023026916693205501 0.0049596949950255894 -0.13716419621348616 -0.012412551340900576 0.032491159786023238
leaf_weight=152.61113448692413 73.276697173714638 42.62988618935924 82235.635437663746 115.26219024738748 56.531019710790133 661.05983690574431 1013.4146424435021 77.978872305422556 58.307014118763618 994.33426280948333 5373.6250425499784 84.645495131728239 601.07909215259861 1577.8679811431866
leaf_count=7154 282 426 984842 3175 917 3115 3368 896 571 6564 28332 780 5846 7397
internal_value=-7.03952e-06 -0.0426393 4.60123e-05 0.0043229 0.00534192 0.00607077 0.0258551 0.0312134 0.00363418 -0.00125499 0.000578905 -0.0827314 0.014857 0.0222026
internal_weight=93118.3 115.907 93002.4 10766.7 10614.1 10498.8 1147.92 1091.39 9350.92 6510.91 6367.96 142.953 2840.01 2238.93
internal_count=1053665 708 1052957 68115 60961 57786 5181 4264 52605 36247 34896 1351 16358 10512
is_linear=0
shrinkage=0.05


Tree=425
num_leaves=15
num_cat=0
split_feature=27 38 161 21 81 14 35 38 10 57 21 9 31 20
split_gain=86.0222 254.498 252.776 205.073 154.651 154.079 127.119 204.934 273.092 144.942 145.245 130.949 314.064 159.352
threshold=-86.93999862670897 18.500000000000004 -0.0079073912929743511 13432.500000000002 4.5590019226074228 4650116.5000000009 185.4049987792969 16.500000000000004 2934189.5000000005 5.1759068965911874 36074.500000000007 710627.50000000012 -14.389999866485594 429387.50000000006
decision_type=2 2 2 2 2 2 2 2 2 2 2 2 2 2
left_child=1 3 -3 -1 -4 -6 9 8 -8 10 -5 12 -11 -13
right_child=-2 2 4 6 5 -7 7 -9 -10 11 -12 13 -14 -15
leaf_value=-0.077083264538113372 -0.00030772085168436891 -0.10569955170270483 -0.074905731465282371 0.016022553543745526 0.036327501530832633 -0.082799515123765946 -0.059897000216377887 -0.092500965697490251 0.035937340862360299 0.028280652151521452 -0.059480282996170641 0.027863744554475062 -0.086308661110351459 -0.054085675173392161
leaf_weight=62.009787566770683 89573.60943195688 88.348286572134384 62.431609577706695 139.48356792592676 154.12042436441698 31.765060209610965 110.99020826106425 65.536991777829826 219.76382000985177 169.15775829553604 114.66956278102589 2124.2865783379966 91.004793187428731 59.723777834718931
leaf_count=5320 1023421 1176 509 909 315 303 2522 1208 1698 318 1722 10791 1708 1745
internal_value=-6.94996e-06 0.00768887 -0.033534 0.0121105 -0.00733678 0.0153688 0.0139382 -0.0124064 0.00354415 0.017829 -0.0179467 0.0215754 -0.0117882 0.0255762
internal_weight=93066.9 3493.29 336.665 3156.63 248.317 185.885 3094.62 396.291 330.754 2698.33 254.153 2444.17 260.163 2184.01
internal_count=1053665 30244 2303 27941 1127 618 22621 5428 4220 17193 2631 14562 2026 12536
is_linear=0
shrinkage=0.05


Tree=426
num_leaves=15
num_cat=0
split_feature=26 57 1 35 36 28 38 12 23 24 18 36 157 38
split_gain=84.4822 374.114 282.326 536.862 335.603 278.769 271.546 266.904 279.296 234.912 205.937 194.361 205.912 178.447
threshold=10002.500000000002 20.091717720031742 14055.000000000002 11.965000152587892 0.32500000298023229 2.435000061988831 15.500000000000002 422201.50000000006 124608.00000000001 4.2349998950958261 1122806.0000000002 0.21499999612569812 -0.019769858568906781 15.500000000000002
decision_type=2 2 2 2 2 2 2 2 2 2 2 2 2 2
left_child=-1 2 7 4 11 -3 10 -2 -9 -8 -5 12 -4 -7
right_child=1 5 3 6 -6 13 9 8 -10 -11 -12 -13 -14 -15
leaf_value=-0.00035112494338882818 -0.06679097834575809 -0.031032869880429283 0.00061006881791458986 -0.07098264464829547 -0.070841004035039692 0.047413494398590487 -0.064843651299306956 0.036804773725437168 -0.051699697990012429 0.029622655622470746 0.0019630411635528397 0.022828477885381455 -0.11051679763442886 0.0042511751889619028
leaf_weight=88421.774831838426 81.464166497698898 174.46946393734834 92.248355716292281 159.36508100299397 488.52820183677977 922.56554755566685 70.148075554083334 807.62732459534891 98.866200454904174 842.88627855428058 240.58251708294847 216.76325396815082 73.725905572617194 327.11781618023088
leaf_count=1000658 1730 5645 515 5370 9910 6766 1066 2727 2324 7441 5368 809 916 2420
internal_value=-7.00147e-06 0.00660078 -0.0029443 -0.0129886 -0.0434031 0.0278841 0.00717342 0.0192025 0.0270507 0.0222471 -0.0270831 -0.0081576 -0.0488194 0.0361677
internal_weight=93018.1 4596.36 3172.21 2184.25 871.266 1424.15 1312.98 987.958 906.494 913.034 399.948 382.738 165.974 1249.68
internal_count=1053665 53007 38176 31395 12150 14831 19245 6781 5051 8507 10738 2240 1431 9186
is_linear=0
shrinkage=0.05


Tree=427
num_leaves=15
num_cat=1
split_feature=56 121 8 3 3 38 57 36 20 32 36 15 0 54
split_gain=84.3077 205.632 180.504 258.354 138.55 99.3822 154.368 91.7084 309.782 274.628 669.294 448.78 637.999 721.58
threshold=12.500000000000002 6.1526658535003671 0 150007776.00000003 35521184.000000007 16.500000000000004 15.664613246917726 1.3550000190734866 270025.50000000006 1.7150000333786013 1.294999957084656 1150100.0000000002 91.500000000000014 4787.5000000000009
decision_type=2 2 1 2 2 2 2 2 2 2 2 2 2 2
left_child=7 2 3 4 -2 -4 -7 9 -9 -1 11 12 13 -11
right_child=1 -3 5 -5 -6 6 -8 8 -10 10 -12 -13 -14 -15
leaf_value=0.0012673420163272654 -0.088687968024051558 0.0044586577864967605 0.0078321077380386819 0.0052311371208733073 -0.26575392917147989 -0.10546523471563909 0.041109176143428246 0.0039818378347370505 -0.029975115826347966 -0.020354064090448168 -0.07849352049426303 0.011666384202890264 0.005330227514641247 0.020423023279999192
leaf_weight=49257.622584516997 155.17648146234569 733.83728782326216 217.61140103638172 80.99566441233037 11.658049402205505 53.162145801470615 25.622509694308974 21880.67061309897 691.64894782225747 9100.6562418989542 309.89768742251908 3503.5237517333244 5706.568120511889 1229.7112637939281
leaf_count=471260 1980 2196 463 230 99 371 49 255018 30887 214399 11688 48491 13391 3143
internal_value=-6.85441e-06 -0.0127556 -0.0360246 -0.0674595 -0.102869 -0.0094339 -0.0572515 0.00017046 0.00293785 -0.000732742 -0.00569818 -0.00453718 -0.00808073 -0.0154937
internal_weight=92958.4 1278.06 544.226 247.83 166.835 296.396 78.7847 91680.3 22572.3 69108 19850.4 19540.5 16036.9 10330.4
internal_count=1053665 5388 3192 2309 2079 883 420 1048277 285905 762372 291112 279424 230933 217542
cat_boundaries=0 1
cat_threshold=4
is_linear=0
shrinkage=0.05


Tree=428
num_leaves=15
num_cat=0
split_feature=35 57 32 10 31 57 37 10 28 141 24 26 16 121
split_gain=85.7751 197.499 372.796 302.716 289.188 263.747 464.856 290.042 255.409 289.263 240.046 228.874 425.615 277.887
threshold=83.630001068115249 19.681040763854984 13.305000305175783 2404128.0000000005 -14.389999866485594 11.043120861053469 7.5000000000000009 1335132.5000000002 4.4749999046325692 -4.9691357612609854 -44.090000152587884 3.435000061988831 1255631.5000000002 -7.0553569793701163
decision_type=2 2 2 2 2 2 2 2 2 2 2 2 2 2
left_child=-1 4 3 10 -2 11 7 -7 -5 -10 -3 12 -6 -14
right_child=1 2 -4 8 5 6 -8 -9 9 -11 -12 -13 13 -15
leaf_value=-0.00056486190075028951 -0.063955440744902031 -0.0765980646573029 -0.065233730160762976 -0.046403939619336115 -0.063868502709360439 -0.015501218743173431 0.0113332795752712 -0.067110593790096415 -0.043009737613893019 0.045532689744804442 0.032012624983398325 0.01209469149809236 -0.057226954699429761 0.01872173108394691
leaf_weight=81815.976703937034 171.07377741240452 51.030065407219809 135.06266134346515 274.88415308550611 300.41010536534486 739.87766773872499 1029.2564929288928 433.76556211926072 137.60788139846409 273.24524272508279 1978.9776634199188 4645.9751933038133 144.79087273764162 688.67542094046075
leaf_count=850367 4543 1296 21229 8845 11148 19952 4387 29547 3659 3525 13083 68206 2284 11594
internal_value=-6.86959e-06 0.00413676 0.0154627 0.0195169 0.000169362 0.00155769 -0.013152 -0.0346589 -0.00913956 0.0157232 0.0292214 0.00717401 -0.012937 0.00541514
internal_weight=92820.6 11004.6 2850.81 2715.75 8153.83 7982.75 2202.9 1173.64 685.737 410.853 2030.01 5779.85 1133.88 833.466
internal_count=1053665 203298 51637 30408 151661 147118 53886 49499 16029 7184 14379 93232 25026 13878
is_linear=0
shrinkage=0.05


Tree=429
num_leaves=15
num_cat=1
split_feature=25 6 11 8 33 32 14 16 57 104 53 181 57 25
split_gain=84.567 158.122 257.213 397.085 274.238 249.651 198.67 185.116 197.608 180.24 163.429 183.205 160.683 137.765
threshold=-81.00500106811522 364059104.00000006 4134235.0000000005 0 9.5349998474121112 1.0000000180025095e-35 1602296.5000000002 1390034.0000000002 13.915126323699953 1.5389999747276308 1.0000000180025095e-35 27.274749755859379 5.4140999317169198 -20.039999961853024
decision_type=2 2 2 1 2 2 2 2 2 2 2 2 2 2
left_child=1 2 4 -4 6 -6 9 -5 -9 -1 -8 -12 -11 -2
right_child=13 -3 3 7 5 -7 10 8 -10 12 11 -13 -14 -15
leaf_value=-0.087693502467788106 -0.0054126224079106625 0.027905058630122659 -0.094560792826164461 -0.065430660335460009 0.025732393476805473 -0.075820623656692759 0.041057190966860835 0.019201890734549039 -0.045341357246356052 0.048139109118865785 -0.1023305849706186 0.029611297988987064 -0.057759898387331768 0.00045867509363932841
leaf_weight=64.787022315545983 11453.766983019144 759.32174440202652 144.77425247327119 107.39166791699245 102.81987731321715 142.86942513849499 892.09415747271851 534.19250282408029 151.16156547680112 101.07469973647676 43.290439045522362 63.170394100248814 53.979626974069106 78135.698459817082
leaf_count=2078 135912 4068 2653 1497 583 4942 2356 4145 5643 342 392 100 1566 887388
internal_value=-7.27905e-06 0.00802859 0.00171439 -0.0186988 0.0148238 -0.0331864 0.0245654 -0.00467989 0.00484808 -0.0182526 0.034051 -0.0240283 0.0108178 -0.000291448
internal_weight=92750.4 3160.93 2401.61 937.52 1464.09 245.689 1218.4 792.746 685.354 219.841 998.555 106.461 155.054 89589.5
internal_count=1053665 30365 26297 13938 12359 5525 6834 11285 9788 3986 2848 492 1908 1023300
cat_boundaries=0 1
cat_threshold=4
is_linear=0
shrinkage=0.05


Tree=430
num_leaves=15
num_cat=0
split_feature=1 1 19 24 57 57 28 7 5 5 36 57 35 30
split_gain=83.7333 94.6514 170.184 222.838 194.319 179.342 251.9 207.906 314.167 198.912 217.435 153.126 152.802 152.685
threshold=96921.500000000015 71155.000000000015 -333700.99999999994 -24.804999351501461 6.2327172756195077 14.709103107452394 7.5850000381469735 37468300.000000007 3.3950001001358037 67.93500137329103 3.2849999666213994 17.397672653198246 24.605000495910648 76.319999694824233
decision_type=2 2 2 2 2 2 2 2 2 2 2 2 2 2
left_child=1 -1 4 -4 -3 7 9 8 13 10 -7 -6 -8 -5
right_child=-2 2 3 5 11 6 12 -9 -10 -11 -12 -13 -14 -15
leaf_value=-0.00031948012532675052 -0.071500405571961897 -0.087061624402588744 -0.0482620173728028 0.014514644873655155 0.045079578354777453 -0.062896394978408224 0.087584069200863465 0.061961351228748102 -0.06037961920751176 0.034060603659738911 0.34365519098098879 -0.065281261471672763 -0.0055597973137163853 -0.063312869236775787
leaf_weight=88559.039590696804 39.937398074951489 31.306313295237487 197.24430597168976 2316.9909093394526 540.1714666186017 316.38289882999379 68.07580100762425 190.33096158615081 157.020211691648 69.069923741742969 2.3082608350596265 32.149676852917764 118.67465722089401 63.590487553585263
leaf_count=988925 1332 533 2910 31004 1238 13575 509 355 3598 125 676 979 5151 2755
internal_value=-7.05052e-06 2.39948e-05 0.00744743 0.00319866 0.0319521 0.00630106 -0.0190337 0.01166 0.00784456 -0.0420277 -0.0587296 0.0386899 0.0284131 0.012389
internal_weight=92702.3 92662.4 4103.32 3499.69 603.627 3302.44 574.512 2727.93 2537.6 387.761 318.691 572.321 186.75 2380.58
internal_count=1053665 1052333 63408 60658 2750 57748 20036 37712 37357 14376 14251 2217 5660 33759
is_linear=0
shrinkage=0.05


Tree=431
num_leaves=15
num_cat=0
split_feature=27 16 57 14 16 29 36 32 30 13 17 227 12 13
split_gain=83.2684 224.283 355.568 284.637 206.634 135.321 108.566 98.0939 349.032 460.332 539.063 674.372 440.039 532.7
threshold=1048.529968261719 738741.00000000012 15.073237895965578 1886828.5000000002 473287.00000000006 2.5349999666213994 1.9249999523162844 1.6250000000000002 8.4449996948242205 20000.500000000004 7824622.5000000009 -8.3407089710235578 2663287.5000000005 69999.500000000015
decision_type=2 2 2 2 2 2 2 2 2 2 2 2 2 2
left_child=7 4 3 -3 -2 -5 -7 -1 12 10 -10 -12 -9 -14
right_child=1 2 -4 5 -6 6 -8 8 9 -11 11 -13 13 -15
leaf_value=0.0012082054243350419 -0.060565033578667854 -0.094886435433546065 -0.10023309398139249 -0.059713976936091477 0.054734712426249478 0.030015210855724957 -0.075564704169138242 -0.015493371769964213 -0.068706333982274645 0.00294437185826198 -0.11256467711376715 0.014761247718187537 0.031402805619450136 -0.0067359316086718149
leaf_weight=53236.288850114528 42.141548067309486 59.209244892801507 82.442238819217891 49.350398713664617 372.484065499797 566.7158192417337 24.253526536718709 8478.111059766481 492.27726189861278 23811.166731542795 119.95864091200201 739.5131278428853 1259.8991467011801 3338.6917777597337
leaf_count=497281 1803 1630 2738 1163 1104 2443 629 133806 32665 296185 4762 14890 6907 55659
internal_value=-6.84773e-06 0.0130914 -0.00262015 0.0089392 0.0427781 0.0187507 0.0254774 -0.000178873 -0.00211122 0.00133071 -0.0270383 -0.00306201 -0.00873779 0.00370682
internal_weight=92672.5 1196.6 781.971 699.529 414.626 640.32 590.969 91475.9 38239.6 25162.9 1351.75 859.472 13076.7 4598.59
internal_count=1053665 11510 8603 5865 2907 4235 3072 1042155 544874 348502 52317 19652 196372 62566
is_linear=0
shrinkage=0.05


Tree=432
num_leaves=15
num_cat=0
split_feature=35 35 57 27 1 18 19 38 18 22 26 24 21 27
split_gain=83.2687 196.136 377.577 451.959 449.339 713.551 816.123 630.614 455.145 440.131 412.671 399.015 937.3 519.039
threshold=83.630001068115249 6.7550001144409189 5.6358656883239755 -86.93999862670897 29246.000000000004 477899.00000000006 769140.00000000012 13.500000000000002 167239.00000000003 -782356.49999999988 -46.504999160766594 -2.314999938011169 201748.50000000003 30.605000495910648
decision_type=2 2 2 2 2 2 2 2 2 2 2 2 2 2
left_child=1 -1 -3 -4 5 7 10 -5 -9 -6 -7 12 -11 -13
right_child=-2 2 3 4 9 6 -8 8 -10 11 -12 13 -14 -15
leaf_value=0.00094333797922116285 0.0040980594288398016 0.0067393197973773375 0.014676783616162817 0.037121444192921453 0.04139442354217919 -0.0046616076139509395 0.013272742703148824 -0.09021496395067613 -0.0074891943122133006 -0.011648372469478387 -0.056864091862251664 0.0077587520895670255 -0.09919125681484986 -0.025354266863518361
leaf_weight=59432.660344573495 10895.460391588946 5545.8358381429025 1892.8829101848096 754.96593744291022 491.04015260961023 454.89143486813555 664.00004829566387 197.74087960895122 1030.5634211561119 2198.88656041801 2326.2608201708608 4769.8786790006998 354.63388985367055 1572.7495611304585
leaf_count=558986 203298 53108 13636 6120 3237 8147 24577 2378 9163 26894 53647 55113 7248 28113
internal_value=-7.00763e-06 -0.0005552 -0.00455932 -0.0083127 -0.0112541 -0.0227057 -0.036457 0.00116293 -0.0209102 -0.00462478 -0.0483485 -0.00717489 -0.02386 -0.000446937
internal_weight=92582.5 81687 22254.3 16708.5 14815.6 5428.42 3445.15 1983.27 1228.3 9387.19 2781.15 8896.15 2553.52 6342.63
internal_count=1053665 850367 291381 238273 224637 104032 86371 17661 11541 120605 61794 117368 34142 83226
is_linear=0
shrinkage=0.05


Tree=433
num_leaves=15
num_cat=0
split_feature=27 1 13 104 27 17 6 1 20 12 55 18 12 34
split_gain=89.1565 262.076 455.644 440.481 352.756 483.256 401.469 600.994 593.087 641.186 404.866 377.529 353.068 350.389
threshold=11.784999847412111 20201.500000000004 3850599.5000000005 1.391499996185303 17.015000343322757 4964397.0000000009 71450900.000000015 23991.500000000004 25342.000000000004 807213.50000000012 4171.5000000000009 357934.00000000006 471067.50000000006 3.9150000810623173
decision_type=2 2 2 2 2 2 2 2 2 2 2 2 2 2
left_child=-1 2 -2 13 11 6 8 10 -6 -10 -8 -3 -9 -4
right_child=1 4 3 -5 5 -7 7 12 9 -11 -12 -13 -14 -15
leaf_value=-0.00099088520102094549 0.013244161252282123 -0.080826558715969943 -0.054079847373998596 -0.073169785572968632 0.0074755618599271273 0.003921522629789208 -0.091735583462598386 -0.0013573042829843939 -0.072010480812132058 -0.0083536563811902505 -0.3161073860999285 0.023480036143534139 -0.047076669311124177 0.035916870143828619
leaf_weight=66001.551524392053 7826.3137420724925 89.709319463903739 167.37654406398724 308.40513256718987 3007.6463657134191 9206.3459099075881 122.57085813014419 815.39709871450395 580.22598659809591 1246.4342163138863 23.863723459653556 1915.1742076501851 880.19666421363945 301.03865464123373
leaf_count=802537 52549 1542 2587 6184 24516 103770 2524 7037 11815 9158 252 15780 10423 2991
internal_value=-6.8702e-06 0.00244286 0.00961394 -0.0268656 -0.00100366 -0.00350134 -0.0137437 -0.0336063 -0.00615963 -0.0286295 -0.130536 0.0187499 -0.0251338 0.00360556
internal_weight=92492.2 26490.7 8603.13 776.82 17887.6 15882.7 6676.33 1842.03 4834.31 1826.66 146.435 2004.88 1695.59 468.415
internal_count=1053665 251128 64311 11762 186817 169495 65725 20236 45489 20973 2776 17322 17460 5578
is_linear=0
shrinkage=0.05


Tree=434
num_leaves=15
num_cat=0
split_feature=89 37 37 25 19 22 13 58 1 0 1 6 5 54
split_gain=82.6508 371.982 368.339 332.149 597.326 500.151 414.347 321.255 608.813 701.389 569.374 427.08 320.97 314.326
threshold=3.030795812606812 4.5000000000000009 -1.0000000180025095e-35 133.5100021362305 -41194.499999999993 -69025.999999999985 585000.50000000012 0.18701888993382457 10355.000000000002 35.000000000000007 10211.500000000002 298107760.00000006 22.520000457763675 278.50000000000006
decision_type=2 2 2 2 2 2 2 2 2 2 2 2 2 2
left_child=2 7 3 4 -1 -5 -7 13 10 11 -9 -10 -4 -2
right_child=1 -3 12 5 -6 6 -8 8 9 -11 -12 -13 -14 -15
leaf_value=-0.12072555702595181 0.003717715768268653 0.0036626465344875036 -0.0057314545759672509 0.0039247529773139911 0.0076366937199367976 -0.071705454994378609 -0.01538615091460979 -0.061889969372003285 -0.051364293946452033 -0.058758010861202019 0.096114510769583328 0.09417466987122497 -0.078788927654763447 -0.01647013849616373
leaf_weight=90.119928474712651 5506.2297248381419 38324.45910715175 21397.203209211959 4328.3889739579754 15635.740878441506 387.21464144007041 2094.2143197423866 85.057202628879168 78.888418833270407 1068.1264149418239 167.0997022101219 134.76183609122563 150.53001767720707 2964.0160580155789
leaf_count=1014 60482 359354 399274 14143 62033 9030 11058 5256 21171 82704 1572 5313 6471 14790
internal_value=-6.99268e-06 0.00142057 -0.00157316 0.00289439 0.00689028 -0.00632561 -0.02422 -0.00716299 -0.0282143 -0.0422036 0.0425852 0.0402139 -0.00624778 -0.00334188
internal_weight=92412.1 48328.6 44083.4 22535.7 15725.9 6809.82 2481.43 10004.2 1533.93 1281.78 252.157 213.65 21547.7 8470.25
internal_count=1053665 550642 503023 97278 63047 34231 20088 191288 116016 109188 6828 26484 405745 75272
is_linear=0
shrinkage=0.05


Tree=435
num_leaves=15
num_cat=0
split_feature=3 7 1 37 1 6 38 57 57 7 6 57 57 7
split_gain=87.7593 473.382 427.963 699.483 630.757 557.363 517.798 465.504 2002.62 438.046 775.875 572.72 404.683 387.157
threshold=95017500.000000015 690054.75000000012 46201.500000000007 5.5000000000000009 23221.500000000004 13120769.000000002 16.500000000000004 6.2327172756195077 6.6652977466583261 37468300.000000007 77560900.000000015 12.918549060821535 10.772074222564699 4836753.2500000009
decision_type=2 2 2 2 2 2 2 2 2 2 2 2 2 2
left_child=-1 -2 3 4 6 -4 7 -3 -9 10 11 13 -6 -5
right_child=1 2 5 9 12 -7 -8 8 -10 -11 -12 -13 -14 -15
leaf_value=0.00064257946764032089 -0.05083421446882045 0.026063681974937133 0.044682442081082088 -0.018145477904325798 0.0046008749198270674 -0.020865640892335675 -0.045697785124887792 -0.43950064825589669 -0.0065600719829979424 0.016224027880046853 -0.056647370180473125 -0.076468360085996237 0.04500222278640708 0.032737415376479853
leaf_weight=78317.118138862032 511.3704747148422 1416.9433087875659 353.35396600680542 697.25632060347561 922.28594699275709 3782.4660991302135 538.31887241506774 26.704786263755523 754.50201569050478 971.71096371809472 1048.5191347846594 224.14303575332451 1908.764520715049 802.15168899472337
leaf_count=911349 29587 3620 1675 6448 5666 40707 3703 463 8813 5099 18790 4164 10692 2889
internal_value=-7.86434e-06 -0.00366069 -0.00185939 0.00408123 0.0153219 -0.0152438 -0.00177948 0.0089691 -0.0219666 -0.0126215 -0.0227531 -0.00208367 0.0318644 0.00904615
internal_weight=92275.6 13958.5 13447.1 9311.3 5567.52 4135.82 2736.47 2198.15 781.207 3743.78 2772.07 1723.55 2831.05 1499.41
internal_count=1053665 142316 112729 70347 32957 42382 16599 12896 9276 37390 32291 13501 16358 9337
is_linear=0
shrinkage=0.05


Tree=436
num_leaves=15
num_cat=0
split_feature=26 57 1 35 36 1 23 28 38 24 18 9 220 13
split_gain=84.1559 342.351 252.181 479.46 310.443 253.882 259.827 246.413 243.637 208.04 193.702 181.737 217.164 168.754
threshold=10002.500000000002 20.091717720031742 14055.000000000002 11.965000152587892 0.32500000298023229 1131.5000000000002 124608.00000000001 2.435000061988831 15.500000000000002 4.2349998950958261 1122806.0000000002 2031854.0000000002 87.67392730712892 -1.0000000180025095e-35
decision_type=2 2 2 2 2 2 2 2 2 2 2 2 2 2
left_child=-1 2 5 4 11 -2 -7 13 10 -10 -5 -4 -13 -3
right_child=1 7 3 8 -6 6 -8 -9 9 -11 -12 12 -14 -15
leaf_value=-0.00034942714428411989 -0.10440732746076789 0.057204394498804559 -0.083884233283331264 -0.069891737322556644 -0.068285671397414441 0.033289310059299908 -0.050555205197515198 0.035175396605267875 -0.061708757710480823 0.028336993114793353 0.0020782780004644755 0.020489732094297313 -0.13250448252507202 -0.057286255475917161
leaf_weight=87692.376039673545 39.103899247475056 41.565723510517273 63.447336649987847 151.46123455684574 472.09882963890777 826.563898069071 102.68604473893356 1218.9358937799479 68.260401259176433 830.88166800038016 238.25094622708275 290.22823266930936 24.163010681048036 128.37837139397743
leaf_count=1000658 633 52 894 5370 9910 3402 2746 9186 1066 7441 5368 1060 286 5593
internal_value=-6.78886e-06 0.00666365 -0.00254766 -0.0121453 -0.0412827 0.0185897 0.023926 0.0272938 0.0070477 0.0213845 -0.0258721 -0.00732011 0.00818975 -0.0288203
internal_weight=92188.4 4496.03 3107.15 2138.79 849.937 968.354 929.25 1388.88 1288.85 899.142 389.712 377.839 314.391 169.944
internal_count=1053665 53007 38176 31395 12150 6781 6148 14831 19245 8507 10738 2240 1346 5645
is_linear=0
shrinkage=0.05


Tree=437
num_leaves=15
num_cat=0
split_feature=27 135 24 222 12 38 12 1 1 6 10 22 6 7
split_gain=81.3522 197.804 198.806 94.3267 309.815 216.494 277.76 299.116 372.706 311.164 347.421 302.661 350.944 686.125
threshold=3534.960083007813 36.431598663330085 51.284999847412116 46.042242050170906 4305.0000000000009 17.500000000000004 1670512.0000000002 46515.500000000007 46721.500000000007 200048.00000000003 2174052.5000000005 122859.00000000001 12557552.500000002 9812545.5000000019
decision_type=2 2 2 2 2 2 2 2 2 2 2 2 2 2
left_child=3 -2 -3 5 -5 -1 7 11 -9 -10 -11 12 -7 -14
right_child=1 2 -4 4 -6 6 -8 8 9 10 -12 -13 13 -15
leaf_value=-0.00017319564191617745 -0.085043595422469392 0.054498693418582538 -0.079989558087116705 -0.059773114890033854 -0.001987515166041392 0.022952770335265597 -0.0091181119317368595 0.046188762492476117 0.028383665781252426 -0.069211781510426493 0.043681759144192783 0.047108358967337123 -0.034098524145236377 0.014240391427962934
leaf_weight=54283.53118600804 34.7264436561818 247.85686838018955 29.722762627814518 232.91946025665675 28720.437590831309 1393.1097753620998 1792.1619352171256 1237.9164209279697 463.46641655190615 226.72850829080562 95.88633162091719 411.01639855714166 1331.3586108749441 1632.3718290041725
leaf_count=714964 1646 1400 786 11885 285093 6995 9889 1656 2779 2522 366 1736 8071 3877
internal_value=-6.91903e-06 0.0254274 0.039683 -9.42482e-05 -0.00245615 0.000992743 0.00837089 0.0129937 0.0291003 0.00210134 -0.0354722 0.0061412 0.00225503 -0.00746159
internal_weight=92133.2 312.306 277.58 91820.9 28953.4 62867.5 8584.02 6791.85 2024 786.081 322.615 4767.86 4356.84 2963.73
internal_count=1053665 3832 2186 1049833 296978 752855 37891 28002 7323 5667 2888 20679 18943 11948
is_linear=0
shrinkage=0.05


Tree=438
num_leaves=15
num_cat=0
split_feature=38 50 50 50 13 156 17 20 13 6 57 6 6 6
split_gain=82.8038 243.699 253.506 372.007 280.07 217.335 370.662 213.059 682.456 467.569 457.964 420.905 508.092 592.198
threshold=14.500000000000002 6691.0000000000009 3503.5000000000005 2188.5000000000005 1088779.0000000002 0.013895477866753938 4655524.0000000009 13692.500000000002 3248795.0000000005 356189008.00000006 18.985626220703129 351729248.00000006 318764240.00000006 344516000.00000006
decision_type=2 2 2 2 2 2 2 2 2 2 2 2 2 2
left_child=7 2 3 -2 -4 -6 -7 8 9 11 -11 12 -1 -14
right_child=1 -3 4 -5 5 6 -8 -9 -10 10 -12 -13 13 -15
leaf_value=0.0079167499757421961 -0.0012521220986495859 -0.046091918919286337 -0.089783932989253135 -0.086449173512727628 0.050260179966164192 0.042185073371453663 -0.14099915927642953 -0.0025109717102692881 -0.061124762961786074 -0.055131186922209779 0.0081642032652396931 0.070587953185799399 -0.10796488598194567 0.022634054434807246
leaf_weight=20646.100810841199 51079.337205294061 301.1833331327216 45.492925808663131 127.47021542538278 545.19274823294836 74.548197676427662 42.387076786631951 17076.793430172198 383.93996291684016 601.30972126476991 541.08716463582823 261.85319029323 203.04733638222388 149.62204999689129
leaf_count=282530 389194 6589 1215 2136 1310 191 558 330048 8876 15459 10267 576 3915 801
internal_value=-5.9339e-06 -0.00131656 -0.00105495 -0.00146687 0.0286428 0.0369781 -0.0244247 0.00170953 0.00487458 0.00601058 -0.0251272 0.00768716 0.00689708 -0.0525088
internal_weight=92079.4 52215.6 51914.4 51206.8 707.621 662.128 116.935 39863.8 22787 22403 1142.4 21260.6 20998.8 352.669
internal_count=1053665 401193 394604 391330 3274 2059 749 652472 322424 313548 25726 287822 287246 4716
is_linear=0
shrinkage=0.05


Tree=439
num_leaves=15
num_cat=0
split_feature=21 21 12 11 33 11 32 54 33 1 31 17 6 10
split_gain=88.4244 407.799 330.783 493.572 641.469 618.283 580.627 603.326 402.3 485.574 401.199 400.973 399.52 545.51
threshold=114135.50000000001 112516.50000000001 2491538.0000000005 4251156.5000000009 4.2950000762939462 4588944.0000000009 6.1050000190734872 3365.5000000000005 10.09500026702881 73901.500000000015 -26.154999732971188 828527.50000000012 69267000.000000015 1780009.0000000002
decision_type=2 2 2 2 2 2 2 2 2 2 2 2 2 2
left_child=1 2 3 10 5 -5 7 11 -4 -10 -1 -6 -7 -14
right_child=-2 -3 8 4 6 12 -8 -9 9 -11 -12 -13 13 -15
leaf_value=-0.091161940878767611 0.002164463050690645 -0.071323250848310801 0.023215412667959529 -0.080115915590809536 0.0016551627639116305 0.02342141436268344 -0.0090532496566878614 -0.20631367120188948 -0.034359441168769531 0.041805663482460641 -0.00022285702254752618 -0.066248390464619208 0.0067579852169833412 -0.09691271159838831
leaf_weight=120.57108023011097 31067.415485065227 205.13493683515844 2795.7052923883803 210.03518911217907 281.79993874347929 1500.7615228189388 1112.752383398416 64.834016786073335 751.7828833567346 288.44544554656022 52094.680203762946 929.11229387446656 412.61627202286763 181.68425332616607
leaf_count=3023 284410 2855 21937 3162 4111 10390 45672 470 17147 1696 628276 23587 3052 3877
internal_value=-5.92712e-06 -0.00111306 -0.000873964 -0.00183275 -0.0173623 0.00143398 -0.0355162 -0.0585338 0.0133341 -0.0131717 -0.000435545 -0.0504165 0.00966773 -0.0249609
internal_weight=92017.3 60949.9 60744.8 56908.8 4693.6 2305.1 2388.5 1275.75 3835.93 1040.23 52215.3 1210.91 2095.06 594.301
internal_count=1053665 769255 766400 725620 94321 20481 73840 28168 40780 18843 631299 27698 17319 6929
is_linear=0
shrinkage=0.05


Tree=440
num_leaves=15
num_cat=1
split_feature=27 9 1 27 6 19 1 1 57 168 8 15 9 30
split_gain=86.1019 245.16 286.227 241.994 234.493 363.961 248.67 425.555 303.099 288.272 257.22 237.081 539.409 718.628
threshold=11.295000076293947 407266.50000000006 10355.000000000002 10.855000019073488 1.0000000180025095e-35 174930.50000000003 31117.000000000004 10111.500000000002 6.2327172756195077 6.2720685005187997 0 99999.500000000015 3423339.5000000005 -26.189999580383297
decision_type=2 2 2 2 2 2 2 2 2 2 1 2 2 2
left_child=3 2 -2 -1 5 -3 7 -7 -8 -9 -11 12 13 -6
right_child=1 4 -4 -5 11 6 8 9 -10 10 -12 -13 -14 -15
leaf_value=-0.00087699096483566732 0.055912221142360899 -0.043261353300133816 -0.003845515973945569 -0.090124110757982601 0.028923704642013933 0.055171810231867895 -0.060841119550965606 -0.095763584406528324 0.027318398286282904 0.026149568553338359 -0.05894138711817231 0.0042803437690595468 0.031037874142518962 -0.066386615974871763
leaf_weight=65316.463154630314 451.42264111919212 715.54192682299254 356.82553633955467 75.055915406694112 280.16755670984276 135.26996216033149 109.69728680275148 176.91742076456649 804.13882142650255 171.78923169157497 180.90207352895595 22082.129237467165 402.13672448175384 662.84520203581087
leaf_count=798303 1018 23900 4168 2045 907 625 4359 9110 12544 466 11349 163484 5546 15841
internal_value=-6.31911e-06 0.00239557 0.0294964 -0.000981569 0.00154093 -0.0137071 -0.000261307 -0.0235372 0.0166261 -0.043801 -0.0173971 0.00303684 -0.0173276 -0.0380165
internal_weight=91921.3 26529.8 808.248 65391.5 25721.5 2294.26 1578.71 664.879 913.836 529.609 352.691 23427.3 1345.15 943.013
internal_count=1053665 253317 5186 800348 248131 62353 38453 21550 16903 20925 11815 185778 22294 16748
cat_boundaries=0 1
cat_threshold=2
is_linear=0
shrinkage=0.05


Tree=441
num_leaves=15
num_cat=0
split_feature=32 31 31 19 29 57 15 33 1 188 21 21 9 1
split_gain=82.4657 274.624 248.593 296.653 248.025 247.484 255.115 236.739 237.396 243.705 257.535 203.445 216.191 199.829
threshold=-6.1549999713897696 0.83499997854232799 -19.14999961853027 -699947.49999999988 -7.2650001049041739 22.172484397888187 99999.500000000015 1.1950000524520876 20500.000000000004 6.2062416076660165 39113.000000000007 122673.50000000001 9033898.5000000019 47915.500000000007
decision_type=2 2 2 2 2 2 2 2 2 2 2 2 2 2
left_child=1 2 3 7 -2 6 -4 -1 -9 13 -11 -8 -13 -10
right_child=4 -3 5 -5 -6 -7 11 8 9 10 -12 12 -14 -15
leaf_value=-0.099017716481370477 -0.076253037226547443 -0.068994022299508323 -0.052259030414641916 -0.073858941660571317 -0.00022972778874113579 -0.043415719517707611 0.021779710259177208 -0.064712839322695503 0.022007511407459296 0.034713518394556643 -0.090942835290642815 0.073836804953539448 -0.064674888287869117 -0.067893158336876772
leaf_weight=55.07971325411927 106.4224749689165 113.94847829591163 95.611881258071662 138.50084346524091 87815.720661837491 133.89469304049999 1337.9734810330337 111.23166885819592 1298.4527489339816 62.982098249398405 110.24278999172566 357.95431046510203 29.427441567244387 63.700082407611262
leaf_count=465 4792 4017 1983 2356 1017147 4466 7459 936 5111 166 1350 1058 1059 1300
internal_value=-6.67024e-06 0.00709787 0.00941332 -0.00375288 -0.000323183 0.0218283 0.0266743 0.00196373 0.00542999 0.0105829 -0.045032 0.0311052 0.0630466 0.01772
internal_weight=91831.1 3909 3795.05 1840.19 87922.1 1954.86 1820.97 1701.69 1646.61 1535.38 173.225 1725.36 387.382 1362.15
internal_count=1053665 31726 27709 11684 1021939 16025 11559 9328 8863 7927 1516 9576 2117 6411
is_linear=0
shrinkage=0.05


Tree=442
num_leaves=15
num_cat=0
split_feature=35 13 14 1 5 17 1 11 6 20 36 36 19 57
split_gain=83.1054 189.534 537.813 269.23 330.322 559.933 263.526 401.258 227.693 206.459 198.686 205.988 294.158 200.328
threshold=83.630001068115249 373406.50000000006 962453.00000000012 73901.500000000015 6.7349998950958261 5033444.0000000009 68121.500000000015 10036589.000000002 213755000.00000003 30468.500000000004 2.745000004768372 1.294999957084656 665091.00000000012 13.800137042999269
decision_type=2 2 2 2 2 2 2 2 2 2 2 2 2 2
left_child=-1 3 8 4 5 -2 -4 -8 10 -5 11 12 13 -3
right_child=1 2 6 9 -6 -7 7 -9 -10 -11 -12 -13 -14 -15
leaf_value=-0.00055819468680509004 -0.055872630403448281 -0.070472299269905531 0.0061755614631421388 0.043912957146020309 0.073925287689672353 0.0017878942180702682 -0.061348603134284599 0.0081540219367570079 -0.095702958921974376 -0.066863974764031137 -0.071822018344417024 0.068399748120292689 0.25984983157355873 0.028903724840382901
leaf_weight=80940.675438539503 712.20658836778057 60.771939905178442 6801.8695485351091 325.69330376447033 93.759650785819758 1023.7170205512302 380.90852787432232 452.36753159033833 28.071200166072231 47.052006449128385 33.348359226380126 588.66425989069103 11.328062209126072 279.22697470650746
leaf_count=850367 40712 2534 94088 2322 1291 26634 15451 7031 764 3972 1920 3254 232 3093
internal_value=-7.05259e-06 0.00410369 0.00744566 -0.00897619 -0.0168852 -0.0218586 0.00291754 -0.0235927 0.0418826 0.0296542 0.045996 0.0503009 0.0197255 0.0108399
internal_weight=91779.7 10839 8636.56 2202.43 1829.68 1735.92 7635.15 833.276 1001.41 372.745 973.34 939.991 351.327 339.999
internal_count=1053665 203298 128367 74931 68637 67346 116570 22482 11797 6294 11033 9113 5859 5627
is_linear=0
shrinkage=0.05


Tree=443
num_leaves=15
num_cat=0
split_feature=25 124 35 10 35 32 34 25 28 10 6 29 29 6
split_gain=80.8566 152.95 354.473 241.564 214.04 182.542 291.529 180.321 133.863 250.588 145.197 135.556 122.99 121.832
threshold=-81.00500106811522 3.7342394590377812 4.0950000286102304 753839.50000000012 12.105000019073488 0.74500000476837169 0.94499999284744274 -93.354999542236314 3.745000004768372 525806.50000000012 393508496.00000006 3.1250000000000004 0.94499999284744274 356189008.00000006
decision_type=2 2 2 2 2 2 2 2 2 2 2 2 2 2
left_child=1 2 3 -1 -4 -3 12 -5 9 -8 -11 -10 -7 -2
right_child=13 5 4 7 -6 6 8 -9 11 10 -12 -13 -14 -15
leaf_value=-0.095630322597763204 0.00025752432989303593 0.035738967439824444 -0.094406301489537311 -0.050957722913600727 -0.018189032946698731 -0.010390400736559644 0.039761341975168452 0.039439920923204169 0.028775150258852286 -0.068079303513150669 0.017525832669366283 -0.077009623672495475 -0.098628596315913392 -0.0066202891902838795
leaf_weight=41.631968890400458 81669.934141989317 731.39903071901063 134.10801175752931 61.707760476056137 298.84896892207144 75.25435220473446 147.51553360431717 441.1187235271791 786.8476352381258 167.27475233908262 68.526792312753969 30.314801398932104 86.112897002152749 6988.0600668394036
leaf_count=616 909667 2476 2879 680 6166 407 1680 1194 3275 7295 969 1571 1157 113633
internal_value=-7.23841e-06 0.00796747 -0.0083239 0.018452 -0.0420756 0.0155987 0.00472718 0.0281678 0.0132558 -0.0110126 -0.0430213 0.0247003 -0.0581037 -0.000284092
internal_weight=91728.7 3070.66 977.415 544.458 432.957 2093.25 1361.85 502.826 1200.48 383.317 235.802 817.162 161.367 88658
internal_count=1053665 30365 11535 2490 9045 18830 16354 1874 14790 9944 8264 4846 1564 1023300
is_linear=0
shrinkage=0.05


Tree=444
num_leaves=15
num_cat=0
split_feature=21 21 15 13 147 11 1 25 1 24 10 10 28 6
split_gain=82.6082 287.475 269.831 266.886 256.869 249.592 533.985 579.369 487.96 476.386 394.315 623.07 498.834 497.747
threshold=194235.00000000003 201748.50000000003 560060.00000000012 7168784.5000000009 -0.0086842789314687235 7188540.5000000009 26564.500000000004 -31.744999885559078 46521.500000000007 93.674999237060561 3522608.5000000005 3181014.0000000005 -46.260000228881829 217269784.00000003
decision_type=2 2 2 2 2 2 2 2 2 2 2 2 2 2
left_child=5 2 3 -2 -5 10 7 -7 -8 -10 11 -1 -13 -12
right_child=1 -3 -4 4 -6 6 8 -9 9 -11 13 12 -14 -15
leaf_value=-0.00051055717182144588 0.03407638752594476 0.0016763480932617395 -0.073313513807022335 0.31152020444034251 0.028226028115645126 -0.00025144564714167775 0.0093104608061370369 -0.069643631769467015 -0.067314272915321147 0.018396941792549876 0.018532602730853994 0.021980602959988743 -0.078838438137986133 -0.061698419300680686
leaf_weight=64210.211450959803 690.01505595756316 17450.900447136504 54.490822400541219 16.560216393088922 15.880114300816784 524.47573701601323 2425.8835622333609 708.9308961837969 467.46315791318284 246.15725055183066 4059.8615878700075 167.82976135448553 444.66846923274716 201.76190814653091
leaf_count=727248 3668 183230 1733 117 90 6884 34277 25224 21744 3979 28625 459 10614 5773
internal_value=-7.03416e-06 0.0030052 0.0327476 0.0409066 0.179329 -0.000755208 -0.0123382 -0.0402009 -0.00136663 -0.0376946 -2.11344e-05 -0.000990507 -0.0511409 0.0147088
internal_weight=91685.1 18227.8 776.946 722.455 32.4403 73457.2 4372.91 1233.41 3139.5 713.62 69084.3 64822.7 612.498 4261.62
internal_count=1053665 188838 5608 3875 207 864827 92108 32108 60000 25723 772719 738321 11073 34398
is_linear=0
shrinkage=0.05


Tree=445
num_leaves=15
num_cat=0
split_feature=38 55 181 54 9 57 10 38 1 37 21 15 1 33
split_gain=80.6709 230.82 592.394 426.162 335.157 405.261 560.857 574.452 427.127 329.022 546.455 631.138 447.494 414.732
threshold=14.500000000000002 17575.500000000004 26.547506332397464 360165.00000000006 3152536.0000000005 13.915126323699953 511582.50000000006 17.500000000000004 46799.500000000007 5.5000000000000009 68210.500000000015 270106.50000000006 3111.5000000000005 43.664999008178718
decision_type=2 2 2 2 2 2 2 2 2 2 2 2 2 2
left_child=-1 9 3 -3 5 6 7 -4 -7 13 12 -12 -11 -2
right_child=1 2 4 -5 -6 8 -8 -9 -10 10 11 -13 -14 -15
leaf_value=0.0016901456894398939 0.0067917270361744983 -0.023991054449888534 -0.12694182842523052 -0.00094587441903314085 0.027522615897357779 0.026640496810932175 0.0061558246785476407 -0.018288905086563046 -0.10505924740993949 -0.07589592498440878 0.02002022615721983 -0.0054953514088056377 -0.011243060445737627 -0.023232191896116687
leaf_weight=39654.400767348518 19116.036787055458 5014.1618594408283 206.94058258979931 3351.4323211732408 1489.9930240691174 1042.844517542806 688.54970091627911 297.25329148099991 64.322842876368668 275.62618063024274 3755.5301488810646 6824.7865487210738 8592.7874864606965 1222.2369868807873
leaf_count=652472 145945 22844 1062 11612 3301 1948 1728 1186 355 6214 27477 51911 104065 21545
internal_value=-7.54059e-06 -0.00130457 -0.00733472 -0.0147659 0.00905469 -0.00289475 -0.0231259 -0.0631462 0.0188561 0.000536605 -0.00411156 0.00355783 -0.0132664 0.00498392
internal_weight=91596.9 51942.5 12155.5 8365.59 3789.9 2299.91 1192.74 504.194 1107.17 39787 19448.7 10580.3 8868.41 20338.3
internal_count=1053665 401193 44036 34456 9580 6279 3976 2248 2303 357157 189667 79388 110279 167490
is_linear=0
shrinkage=0.05


Tree=446
num_leaves=15
num_cat=0
split_feature=37 121 20 12 15 52 107 34 35 34 24 21 31 36
split_gain=82.2726 284.353 321.19 248.467 174.759 173.847 172.647 222.137 498.88 199.113 300.203 196.48 188.695 261.034
threshold=9.5000000000000018 9.9612293243408221 42964.000000000007 1110261.5000000002 830399.00000000012 78.500000000000014 0.36999998986721044 3.3549998998641972 18.275000572204593 0.38499999046325689 -42.274999618530266 126837.00000000001 4.3949999809265146 1.6050000190734866
decision_type=2 2 2 2 2 2 2 2 2 2 2 2 2 2
left_child=5 6 -3 -4 -5 -1 9 12 -9 10 -2 -10 13 -8
right_child=1 2 3 4 -6 -7 7 8 11 -11 -12 -13 -14 -15
leaf_value=-0.000423603400461782 0.025039793583106446 -0.071841247314228127 -0.080305998591788399 0.029980124599093619 -0.058338832846329097 -0.070772488435417322 0.0044473358627935373 -0.085905710878006858 -0.031974125819681815 0.022366210763946497 -0.11525983974105787 0.028560379968564288 0.031399082127269405 -0.07968934797664276
leaf_weight=82535.389659951208 85.606459145434201 245.3428911822848 81.756774539127946 328.89860652014613 66.228457843884826 86.923346130439313 4281.7456443517731 219.88144358247519 230.16039915045258 2226.6094144368544 66.740020306955557 317.60640343395062 655.20618017762899 93.176560933119617
leaf_count=1025100 93 1530 504 606 420 10898 7898 1100 731 2762 338 469 793 423
internal_value=-6.51902e-06 0.00456054 -0.0254762 -0.0014177 0.0149406 -0.000499075 0.0072225 0.00255737 -0.0224636 0.0185651 -0.0364475 0.00302199 0.00638946 0.00262618
internal_weight=91521.3 8898.96 722.227 476.884 395.127 82622.3 8176.73 5797.78 767.648 2378.96 152.346 547.767 5030.13 4374.92
internal_count=1053665 17667 3060 1530 1026 1035998 14607 11414 2300 3193 431 1200 9114 8321
is_linear=0
shrinkage=0.05


Tree=447
num_leaves=15
num_cat=1
split_feature=202 12 35 1 15 27 16 53 8 1 13 12 32 35
split_gain=82.0956 244.833 217.76 457.905 511.754 839.744 553.873 436.548 335.303 415.459 393.207 365.466 327.14 323.342
threshold=1.7916666865348818 4305.0000000000009 6.7550001144409189 41111.500000000007 310002.50000000006 44.820001602172859 2105972.0000000005 157.50000000000003 0 22705.000000000004 442529.50000000006 17374233.000000004 7.3949999809265146 3.685000061988831
decision_type=2 2 2 2 2 2 2 2 1 2 2 2 2 2
left_child=-1 -2 12 8 5 6 7 -5 10 11 -4 -10 13 -3
right_child=1 2 3 4 -6 -7 -8 -9 9 -11 -12 -13 -14 -15
leaf_value=0.00092654489202081871 -0.058306803588795725 -0.0032908062671825112 -0.079159985510395769 0.006642644220834157 0.012436204014084771 -0.082539131834428181 -0.05714591108951203 -0.13818592286863379 -0.085376915180205737 -0.018471196185368601 -0.0052513304898797733 0.054035519479390698 -0.040672372741819375 0.012923076355168964
leaf_weight=65880.295146366727 193.48160108207594 6755.0860498382317 190.47461409151583 2636.9519101945989 4276.4419153145755 388.64370328395307 432.09686187987245 52.05998545140028 506.08732962517752 993.26275549002094 3045.2666888472777 50.68807790908977 421.11187168907782 5637.2934240686809
leaf_count=784724 10724 35861 7330 32225 41530 10193 15914 270 13842 22464 33702 948 13463 30475
internal_value=-6.33331e-06 -0.00241092 -0.00198065 -0.0066567 0.000818704 -0.0133219 -0.00466316 0.00376981 -0.0188268 -0.0379525 -0.00964059 -0.0725212 0.00260352 0.0040813
internal_weight=91459.2 25578.9 25385.5 12572 7786.19 3509.75 3121.11 2689.01 4785.78 1550.04 3235.74 556.775 12813.5 12392.4
internal_count=1053665 268941 258217 178418 100132 58602 48409 32495 78286 37254 41032 14790 79799 66336
cat_boundaries=0 1
cat_threshold=2
is_linear=0
shrinkage=0.05


Tree=448
num_leaves=15
num_cat=0
split_feature=33 38 20 6 20 32 16 25 13 37 15 25 14 21
split_gain=79.2382 340.536 380.947 345.849 342.499 347.629 339.456 363.598 306.445 305.106 272.108 262.112 261.328 341.198
threshold=15.284999847412111 16.500000000000004 392.00000000000006 7537275.0000000009 8523.0000000000018 31.775000572204593 589842.50000000012 29.615000724792484 4712521.0000000009 9.5000000000000018 2702505.0000000005 -77.240001678466783 25787474.000000004 846804.50000000012
decision_type=2 2 2 2 2 2 2 2 2 2 2 2 2 2
left_child=10 2 3 -2 8 -6 -3 -8 9 11 12 -4 13 -1
right_child=1 6 4 -5 5 -7 7 -9 -10 -11 -12 -13 -14 -15
leaf_value=-0.00049122722668547779 0.0012898254555476338 0.0028746423871947604 -0.10024994307705425 -0.10291649614648511 0.0051670487004833142 -0.063587696923997253 -0.064984858087462738 -0.012426747008401864 -0.094763189283886773 -0.09457675556513577 -0.032154009299658469 0.028123944662454527 0.019562890867735015 -0.035234002190467649
leaf_weight=72636.730476753757 173.40322075374934 2516.4760757748627 39.140945175618981 144.73958716132256 7625.7398086634221 187.31014899059846 441.72939729152858 1298.7458443950381 53.553173367363343 51.725042711012065 679.53300745290471 3202.215165700567 1604.2658491763286 712.6842670293845
leaf_count=775533 5284 28399 1225 4276 103209 26883 12297 19134 1866 262 21601 24065 15389 14242
internal_value=-6.84141e-06 0.00322073 0.00770255 -0.0461363 0.00924587 0.0035044 -0.00885061 -0.0258243 0.0226299 0.0245824 -0.000679002 0.0265279 -0.000392556 -0.000829956
internal_weight=91368 15734.8 11477.8 318.143 11159.7 7813.05 4256.95 1740.48 3346.63 3293.08 75633.2 3241.36 74953.7 73349.4
internal_count=1053665 226900 167070 9560 157510 130092 59830 31431 27418 25552 826765 25290 805164 789775
is_linear=0
shrinkage=0.05


Tree=449
num_leaves=15
num_cat=0
split_feature=34 15 55 21 17 36 34 1 1 84 1 9 3 3
split_gain=78.8345 225.895 213.503 164.834 149.405 105.018 100.654 96.1605 148.147 307.528 287.464 296.967 385.629 272.756
threshold=534.52999877929699 200002.50000000003 6940.5000000000009 3086558.0000000005 220253.00000000003 0.21499999612569812 153.55999755859378 71155.000000000015 46799.500000000007 8.2219872474670428 46740.000000000007 1816990.5000000002 79999848.000000015 183325000.00000003
decision_type=2 2 2 2 2 2 2 2 2 2 2 2 2 2
left_child=6 2 4 -3 -2 -6 7 8 10 13 -1 12 -12 -10
right_child=1 3 -4 -5 5 -7 -8 -9 9 -11 11 -13 -14 -15
leaf_value=-7.2482974674822149e-05 -0.054092083336725841 -0.051479414456912169 -0.099266744491975936 0.053917437857610308 0.060362300438660227 -0.0020718636099275145 -0.049010385179707204 0.0075648037316814092 0.00077767589573326059 -0.024787559544428395 0.05303621760175789 -0.012280596929049675 -0.093256172562264067 -0.035059498389607362
leaf_weight=76001.606644893531 36.481993617207991 161.64881867757322 27.329306855797768 46.756357695296174 378.54576894408092 79.938455265204539 104.24093940769671 3930.4780431708641 7038.0911565730894 1822.8266753525568 696.22691831146221 347.03400960984436 47.027155381554621 573.08474852309155
leaf_count=813112 3653 10078 216 199 1807 4007 6567 58019 97135 36130 3481 4039 829 14393
internal_value=-7.1966e-06 0.0163383 0.0339252 -0.02745 0.0415655 0.049387 -0.000139814 -8.24018e-05 -0.000430441 -0.00634459 0.000292718 0.0257726 0.0436 -0.00191837
internal_weight=91291.3 730.701 522.296 208.405 494.966 458.484 90560.6 90456.4 86525.9 9434 77091.9 1090.29 743.254 7611.18
internal_count=1053665 19960 9683 10277 9467 5814 1033705 1027138 969119 147658 821461 8349 4310 111528
is_linear=0
shrinkage=0.05


Tree=450
num_leaves=15
num_cat=0
split_feature=7 1 57 57 37 6 57 38 7 0 6 3 38 57
split_gain=78.8498 205.295 212.965 174.619 170.978 287.907 169.501 169.396 155.433 788.274 573.455 304.339 331.369 352.203
threshold=92831288.000000015 10355.000000000002 12.80903482437134 22.449007987976078 7.5000000000000009 253266088.00000003 21.436002731323246 15.500000000000002 25790999.000000004 75.000000000000014 233124216.00000003 16726106.500000002 16.500000000000004 7.4455852508544931
decision_type=2 2 2 2 2 2 2 2 2 2 2 2 2 2
left_child=8 2 -2 -4 5 7 -7 -3 -1 10 -10 -11 -13 -14
right_child=1 4 3 -5 -6 6 -8 -9 9 11 -12 12 13 -15
leaf_value=0.00024151057809172565 0.047601613697780515 -0.33342443391611981 -0.091571711536509101 0.050443776529850007 0.014437370964736296 0 -0.13214975024169548 -0.091832894066877252 0.02936568604419984 -0.17839888319790012 -0.040421757120388674 -0.01851249149455399 -0.0069533469403497894 -0.10394658532644874
leaf_weight=86423.176548075789 483.36844857874712 9.8321433993987721 54.31852335860458 34.250527828466147 404.1991994593991 207.52454032097012 26.379567732796204 28.988746807433927 1339.6963723353983 34.447993309237063 375.77081396315043 1416.4286146350205 146.58401737402892 264.41230599169648
leaf_count=1026562 729 116 484 94 1342 2117 1167 347 5356 278 9645 3353 395 1680
internal_value=-6.9775e-06 0.0124647 0.0345051 -0.0361447 -0.00610708 -0.0366797 -0.0152168 -0.161113 -0.000180729 -0.0103926 0.0140351 -0.0329217 -0.0300559 -0.0695756
internal_weight=91249.4 1248.86 571.937 88.5691 676.924 272.725 233.904 38.8209 90000.5 3577.34 1715.47 1861.87 1827.42 410.996
internal_count=1053665 6396 1307 578 5089 3747 3284 463 1047269 20707 15001 5706 5428 2075
is_linear=0
shrinkage=0.05


Tree=451
num_leaves=15
num_cat=0
split_feature=57 222 12 38 26 13 1 34 95 26 32 9 1 19
split_gain=78.6394 79.773 272.753 212.343 538.838 506.702 488.018 398.825 344.047 339.042 329.019 285.027 272.232 357.745
threshold=0.69952088594436657 46.042242050170906 4305.0000000000009 16.500000000000004 64.674999237060561 1337512.0000000002 52992.500000000007 1.1950000524520876 22.965725898742679 12.194999694824221 1.575000047683716 330077.50000000006 46103.500000000007 414459.50000000006
decision_type=2 2 2 2 2 2 2 2 2 2 2 2 2 2
left_child=-1 -2 -3 11 5 9 7 -7 -8 -5 -11 -4 -6 -14
right_child=1 2 3 4 12 6 8 -9 -10 10 -12 -13 13 -15
leaf_value=-0.051437257718373264 0.0010391456399871943 -0.058364837751420665 0.033028132801386528 0.005429615291099657 -0.008884177216673457 -0.017247088482262467 -0.072014307388036589 -0.077778307831121163 0.028491320535422374 0.029977508389672759 -0.081876703594051359 4.1737344980957189e-05 0.017384078340409288 -0.07755919835253644
leaf_weight=73.266174845426576 62408.481897602542 213.17946202872554 677.43439477762877 1465.6971273698091 2847.1980799220473 401.22985365905333 113.96970255704946 865.0040252042163 326.93514756302466 89.646176220936468 235.68805568930838 18945.815601486604 2466.7840726631894 102.23177724577545
leaf_count=29508 728388 9832 6474 11576 19531 1599 1380 10599 1463 245 4394 211242 14341 3093
internal_value=-6.66678e-06 3.46841e-05 -0.00214389 -0.00172013 -0.00811949 -0.0234136 -0.0429004 -0.0586661 0.00229425 -0.00479807 -0.0509045 0.00118467 0.00175176 0.0135577
internal_weight=91232.6 91159.3 28750.8 28537.6 8914.38 3498.17 1707.14 1266.23 440.905 1791.03 325.334 19623.2 5416.21 2569.02
internal_count=1053665 1024157 295769 285937 68221 31256 15041 12198 2843 16215 4639 217716 36965 17434
is_linear=0
shrinkage=0.05


Tree=452
num_leaves=15
num_cat=0
split_feature=27 135 24 222 21 21 38 57 57 1 6 38 57 6
split_gain=78.3363 184.351 184.434 85.4077 260.599 228.427 208.277 262.142 403.888 333.163 681.92 642.917 620.584 249.391
threshold=3534.960083007813 36.431598663330085 51.284999847412116 46.042242050170906 1.0000000180025095e-35 2283.0000000000005 17.500000000000004 2.8076659440994267 3.9082820415496831 20412.000000000004 674946.00000000012 20.500000000000004 10.334017753601076 674946.00000000012
decision_type=2 2 2 2 2 2 2 2 2 2 2 2 2 2
left_child=3 -2 -3 6 -5 -6 -1 -8 13 12 -11 -12 -10 -9
right_child=1 2 -4 4 5 -7 7 8 9 10 11 -13 -14 -15
leaf_value=-0.00020174776128410252 -0.084390303270713493 0.053454390272152999 -0.078561309594025783 -0.060072146821399885 0.036778579181835407 -0.0024858804298302619 -0.042364315503096224 0.074104644353248303 -0.056100312631041198 -0.029965781221058349 0.023125755336196575 -0.044975731582132583 0.011003155617813185 0.013965618288465584
leaf_weight=53897.797727552323 32.850838626418408 241.79754927938848 28.519732046479476 193.34037496966994 374.26831948477775 27913.284693800586 247.17430671660259 371.79027290130034 563.99369090261462 850.56093595577113 4858.6260291390208 371.80203909620468 880.19042276401888 326.17648279314744
leaf_count=714964 1646 1400 786 13955 7140 275883 3918 1202 4735 7301 13225 3188 2892 1430
internal_value=-7.20787e-06 0.0253242 0.0391036 -9.25682e-05 -0.00236165 -0.00196333 0.000942844 0.00823111 0.00976297 0.00637739 0.011509 0.0182676 -0.0151887 0.046132
internal_weight=91152.2 303.168 270.317 90849 28480.9 28287.6 62368.1 8470.31 8223.14 7525.17 6080.99 5230.43 1444.18 697.967
internal_count=1053665 3832 2186 1049833 296978 283023 752855 37891 33973 31341 23714 16413 7627 2632
is_linear=0
shrinkage=0.05


Tree=453
num_leaves=15
num_cat=0
split_feature=27 27 26 26 57 31 57 6 23 18 28 28 55 1
split_gain=79.2281 217.502 207.59 192.738 241.634 213.319 322.776 228.888 204.999 581.159 470.925 495.292 419.941 370.618
threshold=5.1449999809265146 3.4750000238418584 -97.139999389648423 -75.904998779296861 19.681040763854984 0.51499998569488536 6.8076658248901376 275122384.00000006 10077.000000000002 157542.00000000003 2.9050000905990605 3.1149998903274541 2470.5000000000005 75121.500000000015
decision_type=2 2 2 2 2 2 2 2 2 2 2 2 2 2
left_child=1 2 -1 4 5 7 -7 -4 10 -10 -5 -12 -13 -11
right_child=-2 -3 3 8 -6 6 -8 -9 9 13 11 12 -14 -15
leaf_value=-0.095346440815976083 0.0021255213064463462 -0.038112397921849034 0.023062641747574109 -0.0005109411440609382 0.042542775471107956 0.01900964189782172 -0.077074827748442751 -0.12600022346712006 -0.062057912348876157 -0.0032599884656875529 0.15265819721368995 0.02531205668949171 -0.039653966776746472 -0.067569567315005838
leaf_weight=56.995389069641533 29462.10704506038 391.8967646701858 703.91114049775206 36997.177525835788 567.9304891464235 169.79789729385811 177.06187486124327 25.65898640936939 440.06851971555443 19315.291757697978 69.337010754999937 2199.2905837622093 279.00702224019915 225.76654762520411
leaf_count=1783 285807 8316 2789 411349 4139 2187 4684 409 11469 290272 449 18272 889 10851
internal_value=-6.54168e-06 -0.00102678 -0.00078797 -0.000697491 0.0161817 0.00220042 -0.0299755 0.0175864 -0.00116487 -0.00529299 0.000919797 0.0217089 0.017965 -0.00400896
internal_weight=91081.3 61619.2 61227.3 61170.3 1644.36 1076.43 346.86 729.57 59525.9 19981.1 39544.8 2547.63 2478.3 19541.1
internal_count=1053665 767858 759542 757759 14208 10069 6871 3198 743551 312592 430959 19610 19161 301123
is_linear=0
shrinkage=0.05


Tree=454
num_leaves=15
num_cat=0
split_feature=37 121 24 34 9 50 52 35 15 57 35 30 35 18
split_gain=77.9861 262.743 233.23 309.641 195.456 181.582 166.47 276.401 259.424 323.479 271.615 205.454 170.25 165.461
threshold=9.5000000000000018 7.6399292945861825 10.335000038146974 3.8449999094009404 7592342.5000000009 2083.5000000000005 17.500000000000004 11.284999847412111 505075.00000000006 20.513346672058109 2.995000004768372 17.335000038146976 280.52999877929693 15717291.000000002
decision_type=2 2 2 2 2 2 2 2 2 2 2 2 2 2
left_child=6 -2 4 -4 5 -3 13 8 -8 10 -10 12 -9 -1
right_child=1 2 3 -5 -6 -7 7 11 9 -11 -12 -13 -14 -15
leaf_value=-0.00010868584111950957 0.0077784036347103638 -0.07793963792427451 0.019783129988159426 -0.072301950878643315 0.00863412912899089 0.0076342464710032493 -0.077285066646496148 0.028389426219412785 0.041152621566107404 -0.10553526474399864 -0.060602162664278286 -0.061239167549305612 -0.032869644463781406 -0.063968222178958076
leaf_weight=80720.753530422793 7679.495426874666 307.4424708908191 498.19640167057514 110.67002066876739 135.38307243725285 76.075266860425472 282.22321180344079 488.07869883411695 208.85776369148516 75.742574572428566 94.220048312352446 104.22691977465729 146.11324465459984 100.56636990384141
leaf_count=975756 13587 1923 944 776 280 157 14694 9582 896 4523 3623 9289 6729 10906
internal_value=-6.7867e-06 0.00446396 -0.0180482 0.00287228 -0.0426503 -0.0608593 -0.000486338 -0.0175779 -0.0410431 -0.0137786 0.00925966 0.00338792 0.0141675 -0.000189556
internal_weight=91028 8807.26 1127.77 608.866 518.901 383.518 82220.8 1399.46 661.044 378.82 303.078 738.419 634.192 80821.3
internal_count=1053665 17667 4080 1720 2360 2080 1035998 49336 23736 9042 4519 25600 16311 986662
is_linear=0
shrinkage=0.05


Tree=455
num_leaves=15
num_cat=0
split_feature=35 36 3 1 87 16 31 17 11 13 17 57 17 14
split_gain=77.2467 173.17 185.004 183.687 194.013 194.47 182.197 166.129 350.108 279.204 305.784 315.203 262.825 252.85
threshold=83.630001068115249 0.074999999254941954 400295072.00000006 91137.500000000015 2.2057127952575688 -898009.49999999988 -32.980001449584954 5707662.5000000009 2975950.0000000005 222590.00000000003 4200852.5000000009 22.585900306701664 6630582.0000000009 962453.00000000012
decision_type=2 2 2 2 2 2 2 2 2 2 2 2 2 2
left_child=-1 2 3 4 -2 -6 -3 9 -9 10 -8 -12 -10 -11
right_child=1 6 -4 -5 5 -7 7 8 12 13 11 -13 -14 -15
leaf_value=-0.00053790769240284254 0.028051286331575664 -0.081306545552828166 0.061529792766847058 0.034084856884514882 0.012910582378899339 -0.060094400788896177 -0.038028269868302406 -0.049355062732276613 -0.065299526228519228 0.038834413194419694 0.03698750700819739 -0.1328370979715095 0.0059371636732886215 0.01061292098048644
leaf_weight=80324.622313658983 103.95971292548074 58.463114433430746 66.860104611700081 113.40610839155852 111.99163587449584 460.12765703882815 535.4269437777757 350.35127273699982 133.79645686460572 985.51826321102271 315.16193428381666 28.835694109664473 3243.8341409670475 4121.198743988396
leaf_count=850367 877 1598 371 425 528 20035 27810 13824 5246 13926 4738 1023 63112 49785
internal_value=-7.28856e-06 0.00399766 -0.0175346 -0.0243631 -0.0342769 -0.0457189 0.00589119 0.00642944 -0.00184447 0.01159 -0.0143892 0.0222632 0.00308201 0.0160756
internal_weight=90953.6 10628.9 856.345 789.485 676.079 572.119 9772.59 9714.12 3727.98 5986.14 879.425 343.998 3377.63 5106.72
internal_count=1053665 203298 22236 21865 21440 20563 181062 179464 82182 97282 33571 5761 68358 63711
is_linear=0
shrinkage=0.05


Tree=456
num_leaves=15
num_cat=0
split_feature=32 31 33 115 1 36 24 10 29 35 17 38 90 10
split_gain=77.6278 250.387 233.27 342.14 345.826 382.843 305.46 258.005 229.68 199.999 197.183 196.659 184.099 172.06
threshold=-6.1549999713897696 0.83499997854232799 3.1049998998641972 1.1835001111030581 47864.000000000007 2.4550000429153447 -15.159999847412108 878751.00000000012 -7.2650001049041739 15.894999980926515 24054333.000000004 13.500000000000002 3.3458760976791386 4375433.5000000009
decision_type=2 2 2 2 2 2 2 2 2 2 2 2 2 2
left_child=1 2 11 7 5 -5 -7 10 -2 -6 -4 -1 -12 -9
right_child=8 -3 3 4 9 6 -8 13 -10 -11 12 -13 -14 -15
leaf_value=-0.07126672114713016 -0.07599084999923332 -0.068199101963148295 -0.085917562881964393 -0.058306116955558977 0.029735865109706567 0.04266919756279481 -0.090565078989113645 0.04070251089277295 -0.00022635877748089164 -0.061119145890884241 0.050042369411133873 0.029602693192565224 -0.072015661489815627 -0.047569666112589198
leaf_weight=48.995407444407647 99.151186143542873 106.53827337670009 84.581102854077471 593.05349460248453 416.97691266534821 203.55513525707647 53.363122240800294 757.92861077998532 86987.845339353764 69.60829940754229 94.252869346411899 1290.8160851288121 44.584866925957613 58.198571523445935
leaf_count=934 4792 4017 2012 8421 1378 429 1810 3471 1017147 2810 330 4331 338 1445
internal_value=-7.37687e-06 0.00696507 0.00915131 -0.000237089 -0.0169853 -0.0362317 0.0145581 0.0212438 -0.000314065 0.0165374 -0.0261523 0.0258263 0.0102537 0.0342961
internal_weight=90909.4 3822.45 3715.91 2376.1 1336.56 849.972 256.918 1039.55 87087 486.585 223.419 1339.81 138.838 816.127
internal_count=1053665 31726 27709 22444 14848 10660 2239 7596 1021939 4188 2680 5265 668 4916
is_linear=0
shrinkage=0.05


Tree=457
num_leaves=15
num_cat=0
split_feature=20 18 14 19 19 30 20 34 26 1 124 1 17 16
split_gain=77.0888 154.659 145.372 154.619 139.331 133.699 123.805 395.317 343.252 267.973 173.632 311.81 170.236 197.523
threshold=1862565.0000000002 15717291.000000002 5830610.5000000009 -1508428.9999999998 -792675.49999999988 4.7750000953674325 680542.00000000012 1.435000002384186 10001.500000000002 58666.000000000007 3.1645753383636479 58221.500000000007 29337238.000000004 1111207.5000000002
decision_type=2 2 2 2 2 2 2 2 2 2 2 2 2 2
left_child=1 6 -2 -4 -5 -6 12 8 10 -9 11 -8 -1 -14
right_child=2 -3 3 4 5 -7 7 9 -10 -11 -12 -13 13 -15
leaf_value=-0.00020370881979146958 -0.063846651601209031 -0.065912515086267193 -0.032437945646316954 0.060521719347675765 -0.049977504634347247 0.021107820085723827 -0.13457537461259825 -0.061392176601326093 -0.08562257762470224 0.0074739740347899188 0.031962124646704428 0.049781514727118323 -0.072612185883511024 0.01729017673954587
leaf_weight=86144.15191818084 57.255018349542297 88.376984017450013 135.79010933751306 207.2752788232392 72.178867374786932 662.37213192986746 44.716573970743411 496.78111743595036 81.992384380151634 195.23008397439844 588.37714456851245 44.738838252844289 61.899591810417405 1958.2696511005652
leaf_count=956338 3205 9055 3526 896 2999 10635 439 21723 1282 2936 2381 101 2098 36051
internal_value=-7.41966e-06 -0.00017187 0.012936 0.0171173 0.0243419 0.0139964 -0.000105745 -0.0145831 0.0102604 -0.0419088 0.0220413 -0.0422902 0.000132255 0.0144762
internal_weight=90839.4 89704.5 1134.87 1077.62 941.826 734.551 89616.2 1451.84 759.825 692.011 677.833 89.4554 88164.3 2020.17
internal_count=1053665 1032404 21261 18056 14530 13634 1023349 28862 4203 24659 2921 540 994487 38149
is_linear=0
shrinkage=0.05


Tree=458
num_leaves=15
num_cat=0
split_feature=1 1 38 57 34 9 15 53 16 1 57 31 31 35
split_gain=76.8973 85.2677 167.92 161.471 81.8949 205.282 217.903 183.288 187.298 143.303 119.818 107.766 205.756 223.986
threshold=96921.500000000015 96516.000000000015 11.500000000000002 9.329226493835451 65.000000000000014 430838.00000000006 10020.500000000002 1.0000000180025095e-35 2723665.0000000005 74155.500000000015 5.4140999317169198 32.204999923706062 22.755000114440922 20.285000801086429
decision_type=2 2 2 2 2 2 2 2 2 2 2 2 2 2
left_child=1 4 3 -3 11 6 -6 8 9 10 -7 12 -1 -14
right_child=-2 2 -4 -5 5 7 -8 -9 -10 -11 -12 -13 13 -15
leaf_value=-0.00034101803476800483 -0.071009147460742258 0.29723263732930705 -0.015209394592179709 0.049932504053846166 0.056791237195432234 -0.055135428990268513 -0.059948043252629139 -0.093355239201835472 -0.045461533585360814 -0.056371015625674259 0.042899308218608802 -0.031728277609522945 -0.052240111532575143 0.031367458873988736
leaf_weight=88331.69604487496 37.118625619768864 10.06765125016682 35.483596853737254 19.222932608623523 51.842272776425489 31.215754403692699 160.51695708306488 31.478382351342589 79.393996571243406 40.205905671507935 767.75164589504129 269.06751552948845 87.266551943550439 836.47146176644674
leaf_count=981086 1332 55 717 452 1200 2475 11512 261 8285 2175 8943 17868 4239 13065
internal_value=-7.53809e-06 2.17337e-05 0.0569305 0.143591 -1.899e-05 0.0131608 -0.0310821 0.0231251 0.0272683 0.0342547 0.0389424 -0.000190823 -9.48362e-05 0.0233669
internal_weight=90788.8 90751.7 64.7742 29.2906 90686.9 1162.4 212.359 950.046 918.567 839.173 798.967 89524.5 89255.4 923.738
internal_count=1053665 1052333 1224 507 1051109 34851 12712 22139 21878 13593 11418 1016258 998390 17304
is_linear=0
shrinkage=0.05


Tree=459
num_leaves=15
num_cat=1
split_feature=1 57 8 6 55 38 37 18 11 15 57 13 7 3
split_gain=76.0309 410.151 399.041 463.889 785.827 408.943 379.058 527.914 460.448 364.35 446.446 473.408 616.611 336.233
threshold=10742.500000000002 24.918548583984379 0 336162000.00000006 1608.0000000000002 13.500000000000002 -1.0000000180025095e-35 491838.50000000006 3901073.5000000005 990050.00000000012 22.172484397888187 821083.00000000012 23278377.000000004 500432752.00000006
decision_type=2 2 1 2 2 2 2 2 2 2 2 2 2 2
left_child=1 2 3 4 -1 -6 9 13 -9 10 11 12 -4 -8
right_child=-2 -3 6 -5 5 -7 7 8 -10 -11 -12 -13 -14 -15
leaf_value=-0.0021760939862627226 -0.00070292388822177374 -0.075852799857773129 -0.076239989568916477 0.012152787012997077 0.019498536700743425 -0.094887584521307772 0.0091198176661140117 -0.067426257878647963 -0.0090714542781485871 -0.085298188528582231 0.17283815061154403 0.023580780945998192 0.070193338899642743 -0.053999710231688404
leaf_weight=854.67665714783652 73758.720236280758 162.24534726997081 261.24419735590345 939.42622070919242 91.362068220973015 500.704325985982 7475.8512183813054 425.12136797153653 1652.0278792823465 81.752566004288383 46.671598831540905 4197.7960944510123 97.837001448613591 215.93165927228256
leaf_count=6671 914283 7002 6018 5749 163 4712 54452 12204 27558 775 243 8516 181 5138
internal_value=-7.55651e-06 0.00300592 0.0037731 -0.0151593 -0.0329248 -0.0771492 0.00690283 0.00128928 -0.0210654 0.0185938 0.0204677 0.0188586 -0.0361191 0.00733457
internal_weight=90761.4 17002.6 16840.4 2386.17 1446.74 592.066 14454.2 9768.93 2077.15 4685.3 4603.55 4556.88 359.081 7691.78
internal_count=1053665 139382 132380 17295 11546 4875 115085 99352 39762 15733 14958 14715 6199 59590
cat_boundaries=0 1
cat_threshold=4
is_linear=0
shrinkage=0.05


Tree=460
num_leaves=15
num_cat=0
split_feature=0 9 1 12 115 35 23 116 18 15 6 33 50 27
split_gain=75.3373 81.7488 204.505 371.671 200.675 178.57 243.671 220.111 214.706 213.754 196.596 365.29 191.995 176.024
threshold=29.500000000000004 7592342.5000000009 22205.000000000004 3487683.0000000005 3.0509999990463261 1.6649999618530276 -3553399.4999999995 0.87500000000000011 799000.00000000012 799999.50000000012 814129.46875000012 8.0749998092651385 71335.500000000015 25.204999923706058
decision_type=2 2 2 2 2 2 2 2 2 2 2 2 2 2
left_child=-1 -2 3 4 -3 6 -4 9 12 -8 11 13 -7 -10
right_child=1 2 5 -5 -6 8 7 -9 10 -11 -12 -13 -14 -15
leaf_value=-0.055736021857537447 -0.00040563450509156383 -0.060718442438703252 -0.069387309899386615 -0.076227249400477967 0.039884340472290496 -0.06624899809304545 -0.073688544400345168 0.029822467328553516 0.016242807118517163 0.021749911388455154 0.010505570983601716 -0.063826015901797734 0.053600623686542885 -0.041068596248478181
leaf_weight=59.605594600769109 83575.652183933795 65.88629681607199 72.165223448682809 208.41428868050752 188.74156910959391 188.22652656023456 106.8155886521854 1674.9489755168397 594.11588701715664 126.80615058055264 3308.4896654240747 274.09634504715359 39.328883862319344 171.73877197755064
leaf_count=9612 935577 1944 1172 16255 1432 4288 1623 6365 10338 898 45514 13923 71 4653
internal_value=-7.60358e-06 2.91248e-05 0.0052117 -0.0268437 0.0135216 0.00748685 0.0200275 0.0234691 0.00204448 -0.0218011 0.00453667 -0.0143965 -0.0451725 0.00328904
internal_weight=90655 90595.4 7019.77 463.042 254.628 6556.73 1980.74 1908.57 4576 233.622 4348.44 1039.95 227.555 765.855
internal_count=1053665 1044053 108476 19631 3376 88845 10058 8886 78787 2521 74428 28914 4359 14991
is_linear=0
shrinkage=0.05


Tree=461
num_leaves=15
num_cat=0
split_feature=25 124 35 10 35 32 34 25 28 10 6 29 29 6
split_gain=74.2803 137.396 321.49 221.318 200.884 164.549 264.316 161.904 119.732 230.892 130.468 122.63 113.961 110.224
threshold=-81.00500106811522 3.7342394590377812 4.0950000286102304 753839.50000000012 12.105000019073488 0.74500000476837169 0.94499999284744274 -93.354999542236314 3.745000004768372 525806.50000000012 393508496.00000006 3.1250000000000004 0.94499999284744274 356189008.00000006
decision_type=2 2 2 2 2 2 2 2 2 2 2 2 2 2
left_child=1 2 3 -1 -4 -3 12 -5 9 -8 -11 -10 -7 -2
right_child=13 5 4 7 -6 6 8 -9 11 10 -12 -13 -14 -15
leaf_value=-0.093530814269024792 0.00024442012913071959 0.034467360501962974 -0.092148153511577915 -0.047852219570606189 -0.017077264376758463 -0.0097177264949711243 0.038616971663979704 0.038317192213818012 0.027919370245725911 -0.06639656934381015 0.016016951197337408 -0.07554578971905021 -0.095261040279544684 -0.0063540069870673087
leaf_weight=39.930113957763751 80760.208386389291 711.8666030880122 129.80197641140876 61.121573299213196 288.79789295539013 74.842343830736354 144.81947029893126 426.77132464817259 757.12767858376901 159.69950629330924 66.762908473887364 28.57850734798194 84.118452236056328 6865.4236219876184
leaf_count=616 909667 2476 2879 680 6166 407 1680 1194 3275 7295 969 1571 1157 113633
internal_value=-7.7043e-06 0.00776127 -0.00792888 0.0179457 -0.040639 0.0151091 0.00458104 0.0273441 0.0129349 -0.0103509 -0.041917 0.0240012 -0.0556104 -0.000272059
internal_weight=90599.9 2974.24 946.423 527.823 418.6 2027.82 1315.95 487.893 1156.99 371.282 226.462 785.706 158.961 87625.6
internal_count=1053665 30365 11535 2490 9045 18830 16354 1874 14790 9944 8264 4846 1564 1023300
is_linear=0
shrinkage=0.05


Tree=462
num_leaves=15
num_cat=0
split_feature=89 37 37 30 57 58 54 21 13 24 25 19 22 13
split_gain=74.4793 347.916 339.038 322.7 334.839 344.627 534.702 311.183 305.927 340.256 296.169 514.14 438.669 365.438
threshold=3.030795812606812 4.5000000000000009 1.0000000180025095e-35 17.125000000000004 22.060233116149906 -0.089650653302669511 22155.500000000004 38603.000000000007 3795515.0000000005 22.945000648498539 133.5100021362305 -41194.499999999993 -69025.999999999985 585000.50000000012
decision_type=2 2 2 2 2 2 2 2 2 2 2 2 2 2
left_child=2 3 10 4 5 -2 -7 -5 -8 -10 11 -1 -12 -14
right_child=1 -3 -4 7 -6 6 8 -9 9 -11 12 -13 13 -15
leaf_value=-0.1143429939905961 0.0017522778069607109 0.0035261930900462716 -0.0060649655752714783 -0.03614068400573283 0.011366070750453438 -0.017068527261863867 -0.083643825883074258 0.015903068770067131 -0.030720846290700401 0.19623668001251371 0.0037159546107561566 0.0073312996303886921 -0.069183075815499373 -0.014766897304991367
leaf_weight=86.275187862484017 1732.8528942932617 37846.063430611284 20975.982807735141 331.50992731761289 1241.3434898141859 3698.4886425281738 522.54626007830666 2092.0299957784537 134.94697763671866 17.790281802881509 4209.4325588947613 15259.64536080082 363.59903411470077 2046.4072144154925
leaf_count=1014 10516 359354 405745 11996 30103 115493 4275 17938 915 52 14143 62033 9030 11058
internal_value=-7.4846e-06 0.00135363 -0.00151798 -0.00705531 -0.0122761 -0.0170913 -0.0245671 0.00875154 -0.0654762 -0.00285594 0.00282199 0.00663658 -0.00601352 -0.0230227
internal_weight=90558.9 47617.6 42941.3 9771.51 7347.97 6106.63 4373.77 2423.54 675.284 152.737 21965.4 15345.9 6619.44 2410.01
internal_count=1053665 550642 503023 191288 161354 131251 120735 29934 5242 967 97278 63047 34231 20088
is_linear=0
shrinkage=0.05


Tree=463
num_leaves=15
num_cat=0
split_feature=15 15 106 57 18 6 28 1 13 16 57 1 24 16
split_gain=75.9542 454.086 554.091 418.234 297.98 206.115 623.051 461.166 550.636 387.917 445.124 851.695 436.917 398.931
threshold=503937.50000000006 549999.50000000012 0.63350000977516185 7.8069815635681161 1945106.0000000002 156678000.00000003 1.1749999523162844 42132.500000000007 901602.00000000012 1525364.0000000002 10.772074222564699 22205.000000000004 -37.344999313354485 2955771.5000000005
decision_type=2 2 2 2 2 2 2 2 2 2 2 2 2 2
left_child=-1 2 3 -2 -4 -3 -7 9 -9 12 13 -12 -8 -11
right_child=1 5 4 -5 -6 6 7 8 -10 10 11 -13 -14 -15
leaf_value=-0.00076774023369915101 0.021022081301069199 0.0031965158339014952 0.040008318622795067 -0.087454079175197985 -0.082118604305345441 -0.055932632739832781 0.051636841212384904 0.0045818768055825299 -0.0825808622843585 0.041881410502289301 -0.077573754969733691 0.014175340740411735 -0.11549680096418165 -0.049416853677675232
leaf_weight=70938.857585997044 179.53483570728349 13180.705044285074 1685.984538292978 173.26114409501315 50.30543324505561 615.82380391307925 55.674874104559422 375.55857024034776 347.10226176293509 1196.7516699384578 331.01989157538264 1059.5226368203512 124.26109870668733 131.60266771107308
leaf_count=839640 731 137848 6273 2252 2095 14974 93 3894 10538 3000 9920 15681 2716 4010
internal_value=-7.37228e-06 0.00275509 0.0247768 -0.0322068 0.0363959 0.000109703 -0.0094789 -0.00155253 -0.0372706 0.00734429 0.0120732 -0.00766973 -0.0635072 0.0327683
internal_weight=90446 19507.1 2089.09 352.796 1736.29 17418 4237.32 3621.49 722.661 2898.83 2718.9 1390.54 179.936 1328.35
internal_count=1053665 214025 11351 2983 8368 202674 64826 49852 14432 35420 32611 25601 2809 7010
is_linear=0
shrinkage=0.05


Tree=464
num_leaves=15
num_cat=0
split_feature=21 32 21 9 14 35 1 57 57 14 124 11 104 13
split_gain=75.9172 207.641 185.443 241.011 221.448 370.623 327.18 233.974 499.697 477.649 465.831 271.558 257.824 246.659
threshold=248496.00000000003 8.8350000381469744 313547.50000000006 1870320.5000000002 5025052.5000000009 2364.9699707031255 1235.0000000000002 10.772074222564699 11.872689723968508 5279633.5000000009 5.4084587097167978 15175943.000000002 1.391499996185303 1871714.5000000002
decision_type=2 2 2 2 2 2 2 2 2 2 2 2 2 2
left_child=-1 2 3 -2 5 6 -4 9 10 -6 11 -9 -11 -10
right_child=1 -3 4 -5 7 -7 -8 8 13 12 -12 -13 -14 -15
leaf_value=-0.00063245148049321208 -0.040445719310868246 -0.031951945255351152 0.052297481367741511 0.016526392053082522 0.053750928261873145 0.016967669997909517 -0.071775372608194901 -0.11573117451144235 0.014963747059347943 0.017181772742215638 0.030399146199870709 -0.01956410356016075 -0.0090115379791290192 -0.0093166067443194514
leaf_weight=76192.391948960067 194.06855019476461 403.23192606393059 60.484855055692606 3686.7394234570529 574.28350087197032 303.502614449455 381.64776917251584 226.33060441804264 1758.0193728742415 1988.3971329461347 118.34914773213677 111.11574025034133 1776.7033144968073 2578.8671996142066
leaf_count=898444 2907 32459 167 19712 439 1832 5493 1770 15287 12262 658 2209 13765 46261
internal_value=-7.04852e-06 0.00335399 0.00439462 0.0136548 0.000750343 -0.025424 -0.0546093 0.00289551 -0.00471217 0.0113086 -0.0544545 -0.084364 0.00480909 0.000515438
internal_weight=90354.1 14161.7 13758.5 3880.81 9877.7 745.635 442.133 9132.07 4792.68 4339.38 455.795 337.446 3765.1 4336.89
internal_count=1053665 155221 122762 22619 100143 7492 5660 92651 66185 26466 4637 3979 26027 61548
is_linear=0
shrinkage=0.05


Tree=465
num_leaves=15
num_cat=0
split_feature=32 10 29 31 33 115 1 10 9 35 19 0 19 20
split_gain=75.697 227.752 214.196 213.005 195.951 304.033 333.247 389.17 203.801 179.907 170.54 317.445 160.552 169.298
threshold=-6.1549999713897696 245386.50000000003 -7.2650001049041739 0.83499997854232799 3.1049998998641972 1.1835001111030581 47864.000000000007 343831.00000000006 8833985.5000000019 15.894999980926515 -1043543.9999999999 91.500000000000014 -272420.99999999994 1429.0000000000002
decision_type=2 2 2 2 2 2 2 2 2 2 2 2 2 2
left_child=1 12 -2 4 -3 10 7 -7 -9 -8 11 -6 13 -1
right_child=2 3 -4 -5 5 6 9 8 -10 -11 -12 -13 -14 -15
leaf_value=0.0081161649436562802 -0.0759099861107803 0.028279888693210839 -0.00022500849241201802 -0.068246951320031016 0.013712961125877247 0.045051860237827424 0.031242607098709421 -0.063732050813582103 0.02709477263035371 -0.061104732880409664 0.041560582655697745 -0.13358456151911643 0.015461777652809686 -0.096298126224697342
leaf_weight=54.634101113129873 92.58933092711959 1235.0018770246024 86468.874784732732 82.702603083132999 372.92891979792785 121.73479541228153 398.40834332103259 510.67309242094052 68.849404405820678 59.523424238019288 566.06207181230275 39.540198283502832 94.567015097430158 125.18913553864695
leaf_count=174 4792 4551 1017147 3396 2697 1036 1153 7188 1198 2471 3816 269 1785 1992
internal_value=-6.31307e-06 0.00696652 -0.000307418 0.0104627 0.0124272 0.00323645 -0.0140561 -0.0357248 -0.0528273 0.0190231 0.023766 -0.000575307 -0.0367573 -0.0644289
internal_weight=90291.3 3729.81 86561.5 3455.42 3372.72 2137.72 1159.19 701.257 579.522 457.932 978.531 412.469 274.39 179.823
internal_count=1053665 31726 1021939 27775 24379 19828 13046 9422 8386 3624 6782 2966 3951 2166
is_linear=0
shrinkage=0.05


Tree=466
num_leaves=15
num_cat=0
split_feature=35 35 35 57 27 31 27 30 57 34 115 34 55 15
split_gain=76.6934 162.335 358.276 300.824 385.473 371.359 399.339 580.123 434.346 327.886 515.912 742.008 511.229 423.98
threshold=83.630001068115249 7.0350000858306894 7.2550001144409189 5.6358656883239755 -86.93999862670897 -11.414999961853026 -1.0000000180025095e-35 18.974999427795414 9.0855574607849139 3.4150000810623173 4.0094999074935922 5.6150000095367441 715.00000000000011 499999.50000000006
decision_type=2 2 2 2 2 2 2 2 2 2 2 2 2 2
left_child=1 -1 -3 9 -5 -6 7 -7 -8 -4 -11 12 -12 -13
right_child=-2 2 3 4 5 6 8 -9 -10 10 11 13 -14 -15
leaf_value=0.00081077082192120746 0.0040156809041235952 -0.076996697326400895 0.024995569937396996 0.014290456045077282 0.018684302444705085 -0.017385227846371747 0.0044901242500872216 -0.070332876733560284 -0.017935685541287879 0.007444506489324142 -0.076106979839709016 -0.058208454349198038 -0.26605252298502224 0.035030558581336843
leaf_weight=58806.133341972978 10473.14187900009 167.26070416916627 1663.3650881456106 1839.2927118230946 1036.3076182765544 3479.2006511558902 4476.8792348934858 608.21559266258191 4164.2654964486301 2838.5655892902578 146.74082565853314 225.28819966151605 46.922002948820591 262.96701415997813
leaf_count=565823 203298 4676 8135 13573 5051 55763 34248 19630 99980 31684 3550 6069 407 1778
internal_value=-6.27431e-06 -0.000535051 -0.00431403 -0.00372315 -0.00719138 -0.0100663 -0.0124123 -0.0252914 -0.00631217 0.00670648 -0.00192524 -0.0409549 -0.123516 -0.00792015
internal_weight=90234.5 79761.4 20955.3 20788 15604.2 13764.9 12728.6 4087.42 8641.14 5183.85 3520.48 681.918 193.663 488.255
internal_count=1053665 850367 284544 279868 228245 214672 209621 75393 134228 51623 43488 11804 3957 7847
is_linear=0
shrinkage=0.05


Tree=467
num_leaves=15
num_cat=0
split_feature=20 18 31 31 37 52 50 15 30 18 38 17 16 26
split_gain=76.2257 138.553 135.264 136.41 301.795 113.129 124.539 114.075 159.16 110.278 158.36 164.032 156.818 101.332
threshold=1862565.0000000002 15717291.000000002 -3.9550000429153438 6.0750000476837167 8.5000000000000018 78.500000000000014 58151.000000000007 4712522.5000000009 -339.07499694824213 12954175.000000002 9.5000000000000018 98741072.000000015 11546650.000000002 -42.504999160766594
decision_type=2 2 2 2 2 2 2 2 2 2 2 2 2 2
left_child=1 5 -2 13 -5 6 7 9 -9 10 11 -1 -12 -4
right_child=2 -3 3 4 -6 -7 -8 8 -10 -11 12 -13 -14 -15
leaf_value=-0.037559831835206239 -0.054588219847277665 -0.06473209413928957 -0.057846263666553537 -0.066431048043226651 0.027969762545423028 -0.068770564971650835 0.045698128077800076 0.048038496766832563 -0.057428669942735877 0.030309500829114253 0.00016466005993404201 0.10201670296309183 -0.026592897632715495 0.034811467530173903
leaf_weight=408.95111288454791 68.104813996573284 82.02263667776424 29.628855237293465 134.32917077514503 224.59835866256617 58.950299285599613 147.43610060363426 43.544922201894224 175.4026101994823 297.12218808557373 87257.278767839511 21.068192901933799 550.03096245942288 653.29935520576873
leaf_count=72634 2272 9055 1297 10003 389 8318 1817 67 9232 3317 908701 278 18985 7300
internal_value=-6.0737e-06 -0.000169025 0.0130094 0.0175242 -0.00730738 -0.000108208 -6.13422e-05 -0.000138435 -0.0361027 -4.85229e-05 -0.000151657 -0.0303846 -2.68262e-06 0.0306397
internal_weight=90151.8 89041.8 1109.96 1041.86 358.928 88959.8 88900.8 88753.4 218.948 88534.5 88237.3 430.019 87807.3 682.928
internal_count=1053665 1032404 21261 18989 10392 1023349 1015031 1013214 9299 1003915 1000598 72912 927686 8597
is_linear=0
shrinkage=0.05


Tree=468
num_leaves=15
num_cat=0
split_feature=36 20 37 33 12 12 13 12 9 11 26 23 202 17
split_gain=75.7064 244.087 244.065 247.869 235.408 313.781 866.324 456.734 277.66 497.458 427.147 423.045 360.027 276.937
threshold=1.3550000190734866 270025.50000000006 9.5000000000000018 3.1049998998641972 29360.000000000004 141689.50000000003 1627492.0000000002 240102.00000000003 1242490.5000000002 3379156.5000000005 32.164999008178718 385833.00000000006 1.8750000000000002 4655524.0000000009
decision_type=2 2 2 2 2 2 2 2 2 2 2 2 2 2
left_child=-1 4 3 -3 -2 6 -6 -7 10 12 11 -9 -10 -11
right_child=1 2 -4 -5 5 7 -8 8 9 13 -12 -13 -14 -15
leaf_value=-0.00083036513319952412 -0.082427708804074892 0.02308784107224128 0.022455187795683618 -0.065192205905743816 0.034336355450691185 -0.048441337959130117 -0.096644985132116668 -0.072534658616541611 -0.0042996781128066671 -0.14027691286165944 0.032442483667472648 0.048593847459723664 -0.035696821243854177 0.0066302299504143918
leaf_weight=68105.401348430474 78.430942727663933 99.559519851054574 174.91266285564052 371.72636014374621 1611.8976025531665 438.17677957263732 135.83577669868828 209.59222909250821 3311.1884801508277 31.134386931458721 1535.9832129222159 108.25934791672626 1262.3727260428859 12629.846515178306
leaf_count=766169 3185 515 325 30071 14760 14491 2394 10310 43108 993 21198 473 19615 126058
internal_value=-6.10007e-06 0.00254335 -0.0276994 -0.0464277 0.00346219 0.00378504 0.0240783 0.00196498 0.00312716 0.00114577 0.0215101 -0.0310988 -0.0129826 0.00625397
internal_weight=90104.3 21998.9 646.199 471.286 21352.7 21274.3 1747.73 19526.6 19088.4 17234.5 1853.83 317.852 4573.56 12661
internal_count=1053665 287496 30911 30586 256585 253400 17154 236246 221755 189774 31981 10783 62723 127051
is_linear=0
shrinkage=0.05


Tree=469
num_leaves=15
num_cat=0
split_feature=25 14 11 33 33 23 37 26 6 54 53 24 57 12
split_gain=73.7214 132.911 166.033 284.086 195.16 188.033 194.256 185.364 185.097 178.373 175.715 152.017 132.331 121.612
threshold=-81.00500106811522 1283374.0000000002 4288923.0000000009 2.3249999284744267 9.5349998474121112 569863.00000000012 4.5000000000000009 1222.059997558594 413240000.00000006 9282.0000000000018 201.50000000000003 -46.645000457763665 9.2498288154602069 507274.00000000006
decision_type=2 2 2 2 2 2 2 2 2 2 2 2 2 2
left_child=1 -1 4 10 8 6 9 -6 11 -5 -4 -3 -11 -8
right_child=-2 2 3 5 7 -7 13 -9 -10 12 -12 -13 -14 -15
leaf_value=-0.039777202374691664 -0.00026891426587716065 -0.036902567457819807 -0.082862440017951733 -0.079349866559226656 -0.071201332572211742 0.06548257024248981 -0.076053010308500257 0.023513748258612882 -0.09123103773126949 0.034850783356243455 0.061148133113923281 0.035353990765881797 -0.065718827914038852 0.018101108955280554
leaf_weight=138.40213088260225 87101.21967237565 75.914002790479572 149.01539484976092 128.46668278812012 102.85531977139181 118.04891003739613 35.063892986152496 100.97029752272647 30.541166671959218 97.187035515904427 23.511273182928562 1227.098786462986 48.022270315792412 648.6115697308469
leaf_count=6649 1023300 545 1745 2753 2660 821 1459 526 246 233 24 3867 234 8603
internal_value=-6.17468e-06 0.00780151 0.0101971 -0.00331743 0.0211946 0.00621385 -0.00110297 -0.0241519 0.028176 -0.0366721 -0.0627098 0.0310809 0.00102736 0.0130951
internal_weight=90024.9 2923.71 2785.31 1247.93 1537.38 1075.4 957.351 203.826 1333.55 273.676 172.527 1303.01 145.209 683.675
internal_count=1053665 30365 23716 15872 7844 14103 13282 3186 4658 3220 1769 4412 467 10062
is_linear=0
shrinkage=0.05


Tree=470
num_leaves=15
num_cat=1
split_feature=38 50 50 50 13 54 8 57 22 163 18 18 57 104
split_gain=73.8504 220.364 218.55 332.185 246.613 208.593 462.246 468.307 951.893 433.135 843.056 621.082 373.306 555.951
threshold=14.500000000000002 6691.0000000000009 3503.5000000000005 2188.5000000000005 1088779.0000000002 4171.5000000000009 0 20.381930351257328 44577.500000000007 0.02238930901512504 553064.50000000012 464896.50000000006 13.353867053985597 1.2500000000000002
decision_type=2 2 2 2 2 2 1 2 2 2 2 2 2 2
left_child=5 2 3 -2 -4 -1 7 -7 -9 10 11 -8 13 -12
right_child=1 -3 4 -5 -6 6 9 8 -10 -11 12 -13 -14 -15
leaf_value=-0.00024230850994361159 -0.0011955474466450015 -0.045064723679570852 -0.087977097367694601 -0.084408579307734266 0.034977720472114893 0.025024110092765429 -0.041085082914720884 -0.21423516758101624 0.0097002829717900019 0.011863430649987202 -0.078762344092121836 -0.16343890727170318 0.031482258650432103 0.0095313512753075081
leaf_weight=30914.983548624288 49860.80953351222 284.55216712671245 42.414485376539233 119.24251874118636 637.61298563132732 3824.2846641950309 388.161941930186 61.619279393926263 194.12354071065784 2185.3875367147848 277.07707797829062 142.01057881861925 557.17710766103119 494.0938563849777
leaf_count=630122 389194 6589 1215 2136 2059 9209 1804 404 822 5792 1121 771 1023 1404
internal_value=-5.95882e-06 -0.00126041 -0.00101249 -0.00139676 0.0271175 0.00162977 0.00875912 0.0206325 -0.0446848 -0.00321011 -0.0209584 -0.0741986 0.000293066 -0.0221882
internal_weight=89983.6 50944.6 50660.1 49980.1 680.027 39038.9 8123.94 4080.03 255.743 4043.91 1858.52 530.173 1328.35 771.171
internal_count=1053665 401193 394604 391330 3274 652472 22350 10435 1226 11915 6123 2575 3548 2525
cat_boundaries=0 1
cat_threshold=2
is_linear=0
shrinkage=0.05


Tree=471
num_leaves=15
num_cat=0
split_feature=27 135 24 60 37 1 58 3 55 0 5 3 3 37
split_gain=76.8204 168.838 169.073 80.9759 464.971 443.54 345.743 678.856 483.605 571.238 325.868 373.974 308.094 361.002
threshold=3534.960083007813 36.431598663330085 51.284999847412116 0.049864651635289199 4.5000000000000009 10355.000000000002 0.18701888993382457 310081280.00000006 2.5000000000000004 91.500000000000014 66.944999694824233 320283008.00000006 95017500.000000015 5.5000000000000009
decision_type=2 2 2 2 2 2 2 2 2 2 2 2 2 2
left_child=3 -2 -3 -1 5 -5 8 -8 9 -7 11 -9 -6 -14
right_child=1 2 -4 4 12 6 7 10 -10 -11 -12 -13 13 -15
leaf_value=-0.0013764664007424345 -0.082400437352515746 0.052121319844516269 -0.076417580808494381 0.020745803511602455 0.0077008280268230055 -0.018214049349597847 -0.059591406184435529 0.22645008272884284 -0.047943771985923311 0.031052292823577632 0.097212488189633128 -0.05140735529295596 0.0050703030764252029 -0.012148652661592914
leaf_weight=51713.083300428181 31.25732229993173 238.59292502217431 27.461259712955325 855.11107208423073 20196.009661043528 1581.1972532240343 977.59212112438854 12.576211401901672 660.21219863225269 935.70911503373645 110.32097221893491 109.31092686691409 7102.3457296272045 5323.1039723323793
leaf_count=589542 1646 1400 786 9963 206701 31910 95127 178 5054 1103 1134 12716 37117 59288
internal_value=-4.67908e-06 0.0253257 0.0384302 -8.95924e-05 0.00166666 -0.0121517 -0.0185789 -0.0413283 -0.00989021 8.68765e-05 0.0352703 -0.0207219 0.00388901 -0.00230272
internal_weight=89873.9 297.312 266.054 89576.6 37863.5 5242.03 4386.92 1209.8 3177.12 2516.91 232.208 121.887 32621.5 12425.4
internal_count=1053665 3832 2186 1049833 460291 157185 147222 109155 38067 33013 14028 12894 303106 96405
is_linear=0
shrinkage=0.05


Tree=472
num_leaves=15
num_cat=0
split_feature=33 38 20 6 20 32 24 16 25 5 57 37 57 34
split_gain=74.0162 308.468 355.846 311.505 297.513 314.05 292.689 283.223 336.277 249.654 276.962 674.224 363.704 246.616
threshold=15.284999847412111 16.500000000000004 392.00000000000006 7537275.0000000009 8523.0000000000018 31.775000572204593 -24.804999351501461 589842.50000000012 29.615000724792484 9.555000305175783 9.1676936149597186 7.5000000000000009 7.6646132469177255 3.4150000810623173
decision_type=2 2 2 2 2 2 2 2 2 2 2 2 2 2
left_child=13 2 3 -2 6 9 -4 -3 -9 10 12 -12 -6 -1
right_child=1 7 4 -5 5 -7 -8 8 -10 -11 11 -13 -14 -15
leaf_value=0.00056720071839094386 5.954736977968134e-05 0.002361894679395691 -0.062435223648620031 -0.10159316146380169 -2.9834559121221797e-05 -0.063130541888055933 0.02429527935140699 -0.063350476678393455 -0.011446676318750237 0.057547393185913613 -0.032987656262784819 0.014326408195890256 0.029992359433359084 -0.0074183943936818909
leaf_weight=63070.579149718251 164.6339404895225 2428.3647127987224 99.129833021244849 136.47777411242896 2561.2166556884586 171.47631182874102 3154.3678390868354 414.9021748114501 1267.0232011376302 219.31718511110375 1428.4293982721683 1588.5193525296054 1659.7813074733785 11416.162160097272
leaf_count=599374 5284 28399 1856 4276 27509 26883 25562 12297 19134 1854 56701 7473 9672 227391
internal_value=-5.03554e-06 0.00316259 0.00746981 -0.0460324 0.00895891 0.00355098 0.021619 -0.00854339 -0.0243102 0.00509925 0.00349538 -0.00806224 0.011768 -0.000656118
internal_weight=89780.4 15293.6 11183.3 301.112 10882.2 7628.74 3253.5 4110.29 1681.93 7457.26 7237.95 3016.95 4221 74486.7
internal_count=1053665 226900 167070 9560 157510 130092 27418 59830 31431 103209 101355 64174 37181 826765
is_linear=0
shrinkage=0.05


Tree=473
num_leaves=15
num_cat=0
split_feature=17 1 57 9 141 20 14 54 57 6 36 28 57 1
split_gain=77.6921 197.946 226.675 254.66 191.041 179.651 197.42 177.948 417.271 166.733 165.256 150.927 133.913 258.823
threshold=29337238.000000004 46101.500000000007 5.8576316833496103 9033898.5000000019 -8.5892806053161603 121190.50000000001 27309926.000000004 13830.000000000002 10.161532878875734 1564203072.0000002 5.5250000953674325 7.4949998855590829 32.269678115844734 22226.000000000004
decision_type=2 2 2 2 2 2 2 2 2 2 2 2 2 2
left_child=9 5 4 -4 -3 7 -7 10 -9 12 -2 -8 -1 -14
right_child=1 2 3 -5 -6 6 11 8 -10 -11 -12 -13 13 -15
leaf_value=3.3040897191553149e-05 0.048873601496975345 -0.09521891007824683 -0.088473912022356369 -0.0090087834841555952 0.032180619216705224 -0.044583401058172004 0.022190268636128965 0.047976388496829954 -0.10514006750954392 -0.063142307856763807 -0.068501172829757526 -0.070602646297412849 -0.092777646169926356 -0.009597164918659612
leaf_weight=86083.738473022095 716.23026418746758 31.485753573448164 147.03719240938881 322.31585066878324 300.74699175089336 184.02316756606524 539.99332115289781 115.20366653800011 70.999809692715644 104.27565921927453 30.101725283762789 46.510699736714741 103.72053558174593 901.39382846881563
leaf_count=949607 6049 601 8424 14958 2307 17822 11086 196 404 8521 1340 3072 5014 24264
internal_value=-4.93441e-06 0.00867503 -0.0117657 -0.0341448 0.0197074 0.0183265 0.000390711 0.0330765 -0.0103899 -0.000254939 0.0439873 0.0146389 -0.000178343 -0.0183142
internal_weight=89697.8 2504.65 801.586 469.353 332.233 1703.06 770.527 932.535 186.203 87193.1 746.332 586.504 87088.9 1005.11
internal_count=1053665 66259 26290 23382 2908 39969 31980 7989 600 987406 7389 14158 978885 29278
is_linear=0
shrinkage=0.05


Tree=474
num_leaves=15
num_cat=0
split_feature=21 21 15 11 1 25 1 57 10 10 28 6 20 13
split_gain=75.2552 254.365 239.537 217.42 501.878 486.186 426.477 433.64 344.093 556.864 466.347 441.942 301.025 261.723
threshold=194235.00000000003 201748.50000000003 560060.00000000012 7188540.5000000009 26564.500000000004 -31.744999885559078 46521.500000000007 4.5106091499328622 3522608.5000000005 3181014.0000000005 -46.260000228881829 217269784.00000003 10351.000000000002 4000000.5000000005
decision_type=2 2 2 2 2 2 2 2 2 2 2 2 2 2
left_child=3 2 -2 8 5 -5 12 -8 9 -1 -11 13 -6 -10
right_child=1 -3 -4 4 6 -7 7 -9 11 10 -12 -13 -14 -15
leaf_value=-0.00049181614934449289 0.039072826835437731 0.0016527879176704353 -0.072093630459600808 -0.0014374618915014223 -0.064340444146738202 -0.066902536088972703 0.025202739706216601 -0.062468028170569269 0.021374414674236012 0.02180224063151855 -0.077090467222268005 -0.060599279690423682 0.013291183315899284 -0.025835503167863705
leaf_weight=63140.809453460133 699.7724442777253 16840.318114694943 50.8565694310455 488.9440002589381 131.10803491052502 679.74703185784165 199.78887108870731 469.65762763634848 3620.2176010523544 164.31648422859143 423.19195552204474 188.41313067501324 2234.5730909166814 317.70275456565287
leaf_count=727248 3875 183230 1733 6884 2755 25224 3085 22638 25109 459 10614 5773 31522 3516
internal_value=-5.12109e-06 0.00292621 0.0313887 -0.000721444 -0.0117544 -0.0395814 -0.0010135 -0.0362305 -3.70166e-05 -0.000943852 -0.0493568 0.0139531 0.00894228 0.0175473
internal_weight=89649.4 17590.9 750.629 72058.5 4203.82 1168.69 3035.13 669.446 67854.7 63728.3 587.508 4126.33 2365.68 3937.92
internal_count=1053665 188838 5608 864827 92108 32108 60000 25723 772719 738321 11073 34398 34277 28625
is_linear=0
shrinkage=0.05


Tree=475
num_leaves=15
num_cat=0
split_feature=35 35 57 118 12 32 57 33 17 26 1 24 10 26
split_gain=76.4223 180.565 522.745 194.43 176.431 290.51 239.578 336.858 352.918 222.137 219.105 200.621 195.98 219.336
threshold=53.664999008178718 48.245000839233406 10.859685420989992 1.9430000185966494 819452.50000000012 68.500000000000014 17.832991600036625 25.435000419616703 5363014.0000000009 12.194999694824221 71531.500000000015 -46.645000457763665 2404128.0000000005 -13.315000057220457
decision_type=2 2 2 2 2 2 2 2 2 2 2 2 2 2
left_child=1 -1 -3 -4 5 10 7 8 11 -9 -2 -6 -8 -14
right_child=4 2 3 -5 6 -7 12 9 -10 -11 -12 -13 13 -15
leaf_value=-0.00041612580300451536 0.013750194699900296 -0.1036732040950402 0.03920172929591656 -0.10572836898322902 -0.0032737852842897232 -0.056760999689994797 0.021694118504454768 -0.054732741154604803 -0.0082564252977768756 0.013750652652354473 -0.038478271546218301 -0.064136422002130697 0.024889414242503502 -0.033736461283625667
leaf_weight=77271.122001249198 5455.4459343138897 157.36276600896235 165.23747346146411 25.784685622958932 179.73322577218642 157.51930090214137 1451.253161976274 127.51322458967115 1636.8625972976497 1479.4713998904499 207.06642514735358 572.10947431500608 259.00006545982887 410.0095057081453
leaf_count=815846 74934 3701 2892 1273 1058 28997 13895 6267 34365 19731 9605 14421 6524 20156
internal_value=-5.6072e-06 -0.000578945 -0.0364443 0.0189296 0.00371835 0.00995072 -0.00220495 -0.00941984 -0.0213297 0.00825478 0.011825 -0.0496769 0.0113662 -0.0109622
internal_weight=89555.5 77619.5 348.385 191.022 11936 5820.03 6115.95 3995.69 2388.71 1606.98 5662.51 751.843 2120.26 669.01
internal_count=1053665 823712 7866 4165 229953 113536 116417 75842 49844 25998 84539 15479 40575 26680
is_linear=0
shrinkage=0.05


Tree=476
num_leaves=15
num_cat=0
split_feature=34 9 15 53 16 1 57 30 30 6 12 31 36 57
split_gain=73.7759 190.794 204.742 171.648 170.452 137.355 108.692 98.238 298.987 291.961 244.726 297.272 296.6 265.354
threshold=65.000000000000014 430838.00000000006 10020.500000000002 1.0000000180025095e-35 2723665.0000000005 74155.500000000015 5.4140999317169198 44.129999160766609 49.604999542236335 247393800.00000003 3159173.5000000005 16.425000190734867 0.27500000596046453 9.90417528152466
decision_type=2 2 2 2 2 2 2 2 2 2 2 2 2 2
left_child=7 2 -2 4 5 6 -3 -1 -9 10 11 13 -12 -10
right_child=1 3 -4 -5 -6 -7 -8 8 9 -11 12 -13 -14 -15
leaf_value=0.00020916439463239281 0.054568639934385425 -0.054905417218152779 -0.059741495177773878 -0.091530599277810765 -0.044491508494465141 -0.0556268325797378 0.041638778122301573 -0.053661662810274846 -0.056584938065126135 -0.048724757959143286 -0.025603189322275823 0.0056624993415640684 0.022217569989760742 0.004769669896528413
leaf_weight=84033.899985025098 51.187972525728583 29.060799129445513 153.47185421923223 30.777182440273464 75.91030791187768 40.06478114802303 747.79390177987807 323.78533873631477 525.21818309760602 330.19535678986995 407.30750302164233 923.37288709732638 1562.9404995479017 262.57659488210629
leaf_count=943330 1200 2475 11723 261 8451 2376 8943 9673 12619 9181 3541 25446 11575 2871
internal_value=-6.11592e-06 0.0126924 -0.0307817 0.0224026 0.026484 0.0331867 0.037897 -0.000168953 -0.00750797 -0.00375791 0.00027384 -0.0135411 0.0122983 -0.0360916
internal_weight=89497.6 1128.27 204.66 923.607 892.83 816.919 776.855 88369.3 4335.4 4011.61 3681.42 1711.17 1970.25 787.795
internal_count=1053665 35429 12923 22506 22245 13794 11418 1018236 74906 65233 56052 40936 15116 15490
is_linear=0
shrinkage=0.05


Tree=477
num_leaves=15
num_cat=0
split_feature=31 32 15 18 18 12 20 28 18 18 19 24 15 53
split_gain=75.2633 410.14 413.191 434.613 530.909 349.702 322.919 294.388 322.047 700.805 430.415 427.453 404.361 429.036
threshold=5.3949999809265146 5.0150001049041757 1200155.0000000002 543500.50000000012 426735.00000000006 13908922.500000002 5312.5000000000009 1.1749999523162844 689106.50000000012 817608.00000000012 276593.50000000006 17.329999923706058 668250.00000000012 1.0000000180025095e-35
decision_type=2 2 2 2 2 2 2 2 2 2 2 2 2 2
left_child=1 -1 3 4 5 -3 -5 -2 12 -10 11 -11 -9 -14
right_child=7 2 -4 6 -6 -7 -8 8 9 10 -12 -13 13 -15
leaf_value=0.00017199016045916504 -0.034843037356650002 -0.053670052647482626 0.022923076491268343 -0.008051719222495651 0.022886388969745194 0.068174089398569462 -0.057328597552572962 0.017083128801293184 -0.062848586002947612 -0.0085894899703741513 0.0059080227125758375 -0.085266035960502445 -0.026601755544007091 -0.24602387364692224
leaf_weight=71418.118127134134 487.87559722361038 521.74415799546114 536.37155945910854 478.86233174760127 782.61944204168685 65.159238143329276 1108.2502077070349 5036.0879240914437 437.1099474673465 626.30240266786132 7505.5931836305499 256.28167265865341 149.7931775883153 25.412132700759685
leaf_count=672681 13202 24010 19543 7882 8019 167 61514 55152 14334 13093 147713 12312 3815 228
internal_value=-6.37494e-06 -0.000645623 -0.0173721 -0.0247044 -0.0040212 -0.0399647 -0.0425067 0.00328698 0.00461823 -0.00119655 0.0020173 -0.0309824 0.0144734 -0.0599266
internal_weight=89435.6 74911.1 3493.01 2956.64 1369.52 586.903 1587.11 14524.5 14036.6 8825.29 8388.18 882.584 5211.29 175.205
internal_count=1053665 793816 121135 101592 32196 24177 69396 259849 246647 187452 173118 25405 59195 4043
is_linear=0
shrinkage=0.05


Tree=478
num_leaves=15
num_cat=0
split_feature=53 38 21 14 21 21 124 9 32 29 15 124 24 32
split_gain=73.4128 80.6342 76.7716 191.386 179.258 307.514 316.053 267.691 259.547 246.195 241.51 233.163 213.906 208.818
threshold=203.00000000000003 17.500000000000004 248496.00000000003 1981508.5000000002 346637.00000000006 409706.50000000006 3.5324233770370488 4074447.5000000005 4.7850000858306894 -0.80500000715255726 450075.00000000006 4.9923994541168222 -13.694999694824217 4.7249999046325692
decision_type=2 2 2 2 2 2 2 2 2 2 2 2 2 2
left_child=2 -2 -1 -4 8 6 -6 -8 13 10 11 -7 -9 -5
right_child=1 -3 3 4 5 9 7 12 -10 -11 -12 -13 -14 -15
leaf_value=-0.00056657605768276303 -0.014522097341486285 -0.095655324089959526 -0.069040827019040074 0.01264028596794398 -0.073634109233269171 0.019698132310456973 -0.059530979621757331 0.027618694714436912 -0.043146887969084641 0.0075351643168134865 -0.037892166897778329 -0.053861447629666076 -0.025691911445215088 0.087976976088421685
leaf_weight=75283.233197500973 172.00994927435386 37.065169777306437 89.294824298967796 4521.3576371496893 249.53164890890093 534.5385058285874 215.92047069004911 414.2796876675493 204.83697075129021 6383.1216008988767 649.2800187745388 133.71804687717304 342.66548564640652 93.187275169329951
leaf_count=897772 650 406 4984 24439 4384 3021 3121 1509 12048 82601 10855 1483 6186 206
internal_value=-7.12134e-06 -0.0295304 6.19136e-05 0.00348606 0.00396595 -0.000225594 -0.0235174 -0.0105491 0.0117354 0.00346781 -0.0161903 0.00484567 0.00341721 0.0141912
internal_weight=89324 209.075 89115 13831.7 13742.4 8923.06 1222.4 972.866 4819.38 7700.66 1317.54 668.257 756.945 4614.54
internal_count=1053665 1056 1052609 154837 149853 113160 15200 10816 36693 97960 15359 4504 7695 24645
is_linear=0
shrinkage=0.05


Tree=479
num_leaves=15
num_cat=0
split_feature=27 135 24 222 12 57 6 23 9 26 16 26 9 9
split_gain=73.427 155.763 152.038 80.6884 243.369 452.519 436.834 666.261 473.236 410.492 350.8 488.711 417.27 597.866
threshold=3534.960083007813 36.431598663330085 51.284999847412116 46.042242050170906 923292.00000000012 22.585900306701664 121529948.00000001 307074.00000000006 2662793.5000000005 251.17000579833987 947219.50000000012 31.375000000000004 2363294.5000000005 2505680.5000000005
decision_type=2 2 2 2 2 2 2 2 2 2 2 2 2 2
left_child=3 -2 -3 -1 5 6 10 8 9 -8 11 -5 -12 -14
right_child=1 2 -4 4 -6 -7 7 -9 -10 -11 12 -13 13 -15
leaf_value=0.00092260737848317859 -0.081122389176136289 0.050490259312345902 -0.07368259472020193 -0.045098929357649947 0.0014452021935485717 -0.057485799091076317 -0.055689500222033096 0.017161591077301207 -0.1064426890478488 0.011227172789786523 0.0151435126027487 -0.00072205592012713864 -0.1251590464756874 -0.0062538475897726056
leaf_weight=61258.033471826107 29.740019715633935 235.00867902045866 26.336938875084343 948.66874077971715 16805.679613756183 444.88671028054159 648.47557595620492 560.30078032069287 273.43296248678234 351.98603943598027 3878.3089463737615 1796.3340852654992 111.03879377697012 1905.1905217121694
leaf_count=752855 1646 1400 786 18414 163052 16220 12659 5831 4498 3653 34562 18629 2235 17225
internal_value=-7.00694e-06 0.0250207 0.0375531 -8.97215e-05 -0.00232826 -0.00814046 -0.00603439 -0.0281902 -0.0481744 -0.032109 -0.00132216 -0.0160877 0.00554702 -0.0128858
internal_weight=89273.4 291.086 261.346 88982.3 27724.3 10918.6 10473.7 1834.2 1273.89 1000.46 8639.54 2745 5894.54 2016.23
internal_count=1053665 3832 2186 1049833 296978 133926 117706 26641 20810 16312 91065 37043 54022 19460
is_linear=0
shrinkage=0.05


Tree=480
num_leaves=15
num_cat=1
split_feature=57 37 107 34 57 15 35 57 124 5 57 8 152 34
split_gain=72.6507 72.6325 234.402 212.616 389.978 192.378 310.735 200.313 302.052 187.654 343.234 176.477 179.921 172.757
threshold=0.69952088594436657 9.5000000000000018 0.36999998986721044 3.2849999666213994 14.944558620452883 600002.50000000012 1.1649999618530276 27.25119781494141 5.1789102554321298 67.204998016357436 13.800137042999269 0 0.0021604945068247621 0.38499999046325689
decision_type=2 2 2 2 2 2 2 2 2 2 2 1 2 2
left_child=-1 -2 13 5 -5 7 -7 9 -9 -4 -11 -8 -13 -3
right_child=1 2 3 4 -6 6 11 8 -10 10 -12 12 -14 -15
leaf_value=-0.051286130477284843 -0.00043535071944026212 -0.033782806227349194 0.011494697883009074 -0.046238749019848396 0.022795938121220941 0.023477052980319758 -0.093523243726908067 -0.12646112246929447 0.030146754683646484 -0.11846744580820363 0.0041358638219363454 -0.078831352628167539 -0.0047048164608787663 0.021600238593508816
leaf_weight=68.019868971794494 80492.577685408163 149.04189893329749 4210.2873825959396 604.29809227958322 307.16001460031839 278.00889400951564 124.78683314392401 66.962214700877666 54.954813003540039 78.797983458265662 197.82134540937841 112.9604507391341 297.0218264167197 2165.7017496885965
leaf_count=29508 1006853 392 7321 2686 566 398 707 327 78 374 335 653 710 2757
internal_value=-7.2255e-06 3.19176e-05 0.00438652 -0.000583247 -0.0229199 0.00316621 -0.0192307 0.00713012 -0.0557915 0.008863 -0.0309098 -0.0415287 -0.0253923 0.0179996
internal_weight=89208.4 89140.4 8647.8 6333.06 911.458 5421.6 812.778 4608.82 121.917 4486.91 276.619 534.769 409.982 2314.74
internal_count=1053665 1024157 17304 14155 3252 10903 2468 8435 405 8030 709 2070 1363 3149
cat_boundaries=0 1
cat_threshold=4
is_linear=0
shrinkage=0.05


Tree=481
num_leaves=15
num_cat=0
split_feature=35 57 32 1 57 37 10 32 57 26 15 6 12 29
split_gain=71.1642 154.124 312.94 245.818 229.821 365.545 241.288 220.76 215.446 261.133 226.547 257.512 217.399 217.476
threshold=83.630001068115249 19.681040763854984 13.305000305175783 29292.500000000004 11.043120861053469 7.5000000000000009 1335132.5000000002 -1.6950000524520872 7.8069815635681161 20.904999732971195 305410.00000000006 128396000.00000001 181771.00000000003 5.6050000190734872
decision_type=2 2 2 2 2 2 2 2 2 2 2 2 2 2
left_child=-1 4 3 -3 7 6 -6 -2 12 10 -10 -12 -9 -14
right_child=1 2 -4 -5 5 -7 -8 8 9 -11 11 -13 13 -15
leaf_value=-0.00051663069631963262 -0.039485194238223338 -0.061382596557276507 -0.065485821685992748 0.021100814402277984 -0.016070914951582985 0.0084335962662499316 -0.064815063709148218 -0.050105283357761245 -0.055449171071032845 0.03061511835595155 0.031345278667558124 -0.095216462236618504 -0.011408076551205839 0.015713817619392747
leaf_weight=78906.488963180425 256.66838514675874 92.57583075902221 116.17686446066 2432.110591342338 726.03208059170356 984.05340573847207 393.5276634631482 203.95575832719715 180.21259505689522 1560.1561781193959 290.48200821168575 45.5191212863283 1375.0481968857794 1593.8715570617751
leaf_count=850367 6388 3379 21229 27029 20393 4683 29957 13445 7955 15072 3093 1000 20288 29387
internal_value=-6.91508e-06 0.00391162 0.0143169 0.0180334 0.00029252 -0.0137545 -0.0332918 0.00566998 0.00789452 0.0204124 -0.0103263 0.0138195 -0.000285427 0.00313593
internal_weight=89156.9 10250.4 2640.86 2524.69 7609.53 2103.61 1119.56 5505.91 5249.25 2076.37 516.214 336.001 3172.88 2968.92
internal_count=1053665 203298 51637 30408 151661 55033 50350 96628 90240 27120 12048 4093 63120 49675
is_linear=0
shrinkage=0.05


Tree=482
num_leaves=15
num_cat=0
split_feature=24 57 32 34 12 10 10 13 12 23 38 26 16 28
split_gain=71.1698 305.741 684.53 659.966 331.097 294.648 296.922 352.748 295.66 491.185 322.949 252.759 242.144 496.881
threshold=-12.74499988555908 10.772074222564699 2.7350000143051152 3.1250000000000004 7047187.5000000009 7234812.0000000009 396372.00000000006 257191.50000000003 776330.00000000012 14919.000000000002 19.500000000000004 -10.114999771118162 1804881.0000000002 8.9949998855590838
decision_type=2 2 2 2 2 2 2 2 2 2 2 2 2 2
left_child=1 12 5 4 -4 6 7 -3 9 10 -8 -9 13 -1
right_child=-2 2 3 -5 -6 -7 8 11 -10 -11 -12 -13 -14 -15
leaf_value=0.0063862408865656348 -0.00074784776031920598 -0.10404443770563898 -0.08433980986302643 0.0012142575479035982 0.016734108260247817 -0.031166876174263378 0.013818913682068459 -0.10385679564224226 0.015032158386497498 -0.063448407954214234 -0.077173968046737595 0.0029484352764067886 0.01850723140585403 -0.045775486788298923
leaf_weight=6636.2893582371944 69918.520590210348 120.45189037782256 605.56914409693854 578.48598308627334 92.247288993878101 624.31984481455947 1009.6275922525601 61.644263335037977 4294.8980186207409 340.98942044142314 106.85501773899887 472.03868432395393 3743.9293849386377 489.15859351101062
leaf_count=30657 924083 2100 12604 18092 1759 7901 6622 672 16420 4829 876 1957 18953 6140
internal_value=-7.20043e-06 0.00269053 -0.00452698 -0.0382007 -0.070902 0.00158325 0.00478695 -0.0270902 0.00842465 -0.0110091 0.00500426 -0.009466 0.00821116 0.00279243
internal_weight=89095 19176.5 8307.13 1276.3 697.816 7030.82 6406.5 654.135 5752.37 1457.47 1116.48 533.683 10869.4 7125.45
internal_count=1053665 129582 73832 32455 14363 41377 33476 4729 28747 12327 7498 2629 55750 36797
is_linear=0
shrinkage=0.05


Tree=483
num_leaves=15
num_cat=0
split_feature=7 1 57 57 37 6 38 38 7 0 6 7 57 5
split_gain=71.1898 184.179 197.598 164.142 159.245 247.265 157.434 169.721 134.06 706.233 514.673 280.922 270.78 300.932
threshold=92831288.000000015 10355.000000000002 12.80903482437134 22.449007987976078 7.5000000000000009 253266088.00000003 19.500000000000004 15.500000000000002 25790999.000000004 75.000000000000014 233124216.00000003 25269688.000000004 24.488706588745121 67.354999542236342
decision_type=2 2 2 2 2 2 2 2 2 2 2 2 2 2
left_child=8 2 -2 -4 5 -3 7 -7 11 10 -10 -1 13 -11
right_child=1 4 3 -5 -6 6 -8 -9 9 12 -12 -13 -14 -15
leaf_value=6.5869724170833016e-05 0.04641257871603538 -0.14886160892072178 -0.089061715198701888 0.049796068289319401 0.01436181945035969 0.0096669577263234514 0.044947879588853573 -0.093571436277001319 0.028256459855664287 -0.024079844630506192 -0.038584390002147008 0.052302386159459202 0.040265338575961915 -0.072583904948141625
leaf_weight=83960.483682284859 463.46534591749514 39.793996542757668 53.587438975173427 33.565469222376123 399.32290828344412 76.19098225372727 73.267602938401978 80.231557865157811 1324.102716541558 1322.8937209869327 366.53864916039311 257.18170507377363 123.5436490457505 424.23329306087544
leaf_count=1025934 729 463 484 94 1342 2067 212 1005 5356 3767 9645 628 107 1832
internal_value=-7.38462e-06 0.0119849 0.0333865 -0.0350576 -0.00558351 -0.0352673 -0.0148103 -0.043226 -0.000174686 -0.00967574 0.0137213 0.000226601 -0.0308438 -0.0359209
internal_weight=88998.4 1219.43 550.618 87.1529 668.807 269.484 229.69 156.423 87779 3561.31 1690.64 84217.7 1870.67 1747.13
internal_count=1053665 6396 1307 578 5089 3747 3284 3072 1047269 20707 15001 1026562 5706 5599
is_linear=0
shrinkage=0.05


Tree=484
num_leaves=15
num_cat=0
split_feature=26 57 125 14 11 35 30 57 25 30 1 32 30 108
split_gain=70.0663 297.107 227.624 330.477 340.49 302.152 239.223 223.962 214.503 205.775 201.525 195.207 178.935 233.864
threshold=10002.500000000002 20.091717720031742 -1.0000000180025095e-35 2161648.5000000005 5094294.5000000009 53.664999008178718 4.3849999904632577 15.415468692779543 97.715000152587905 116.92499923706056 58221.500000000007 0.57499998807907116 0.61500000953674328 1.5049999952316286
decision_type=2 2 2 2 2 2 2 2 2 2 2 2 2 2
left_child=-1 2 7 10 6 12 -5 -2 -3 -8 -4 -12 13 -6
right_child=1 8 3 4 5 -7 9 -9 -10 -11 11 -13 -14 -15
leaf_value=-0.00032115996054617505 0.02347032559304036 -0.072769958774599214 -0.072775865960425248 -0.079603120753984014 -0.14973170587136361 0.014639243440906648 0.036721584912603841 -0.07870241492732459 0.030243614947215777 -0.059833154470367446 0.091902844668934974 -0.061736600495606156 -0.069580445800919433 0.015206955094587929
leaf_weight=84737.20366183632 905.2289602656092 51.455305745004807 300.8576533220803 53.51985788193997 23.899283391023346 303.06993269945815 672.2343146220519 55.852881443228398 1254.9245976032526 58.846122848874074 40.752251671161503 39.731482842442347 336.10337249326767 154.67222493740701
leaf_count=1000658 5649 2059 10777 1086 438 3658 3489 1489 12772 1106 68 2222 7559 635
internal_value=-6.31813e-06 0.0062562 -0.00253389 -0.0122232 -0.00222277 -0.0248128 0.0212595 0.017405 0.0260953 0.0288103 -0.0539974 0.015617 -0.0481247 -0.00730022
internal_weight=88988.4 4251.15 2944.77 1983.69 1602.35 817.745 784.6 961.082 1306.38 731.08 381.341 80.4837 514.675 178.572
internal_count=1053665 53007 38176 31038 17971 12290 5681 7138 14831 4595 13067 2290 8632 1073
is_linear=0
shrinkage=0.05


Tree=485
num_leaves=15
num_cat=1
split_feature=25 6 11 8 14 16 57 104 53 16 181 1 57 57
split_gain=69.7875 127.147 196.466 312.331 210.602 184.991 166.067 162.583 161.963 151.331 149.259 146.484 138.186 121.417
threshold=-81.00500106811522 364059104.00000006 4134235.0000000005 0 1602296.5000000002 726010.50000000012 5.4140999317169198 1.5389999747276308 1.0000000180025095e-35 1225475.5000000002 27.274749755859379 25113.500000000004 5.7125256061553964 9.1676936149597186
decision_type=2 2 2 1 2 2 2 2 2 2 2 2 2 2
left_child=1 2 4 -4 6 12 7 -1 -7 -5 -10 -11 -6 -13
right_child=-2 -3 3 9 5 8 -8 -9 10 11 -12 13 -14 -15
leaf_value=-0.12161190520909351 -0.00026176079083379465 0.026669192864829064 -0.087417782805983862 -0.077054687861550522 0.013151844233720372 0.040673586053845107 -0.067657218751794937 0.04137319244470878 -0.096657104930661292 -0.041440294617862583 0.024897569196854947 0.032297610290659987 -0.072882768928778582 -0.019440149230961167
leaf_weight=17.113803982260833 86093.378042396711 673.23269591226563 131.58992609371489 63.349309251832892 115.72619900351856 785.67512270901352 126.13461988248673 95.528008514877001 42.423976570134982 142.17471644190027 58.614184312522411 351.80979289508832 76.1463659528672 165.03672864426699
leaf_count=753 1023300 4068 2653 1125 796 2600 5881 643 411 2792 104 1924 1171 5444
internal_value=-6.57096e-06 0.00769682 0.00178172 -0.0168607 0.0139079 0.023339 -0.0284046 0.0153185 0.032988 -0.00383549 -0.026098 0.00323313 -0.0209334 0.0156748
internal_weight=88937.9 2844.56 2171.32 853.96 1317.36 1078.59 238.776 112.642 886.713 722.371 101.038 659.021 191.873 516.847
internal_count=1053665 30365 26297 13938 12359 5082 7277 1396 3115 11285 515 10160 1967 7368
cat_boundaries=0 1
cat_threshold=4
is_linear=0
shrinkage=0.05


Tree=486
num_leaves=15
num_cat=0
split_feature=89 37 37 30 57 58 54 5 21 13 24 36 16 6
split_gain=70.3343 310.823 289.002 286.266 300.454 305.491 477.706 284.536 278.316 268.605 295.191 268.265 421.367 436.104
threshold=3.030795812606812 -1.0000000180025095e-35 4.5000000000000009 17.125000000000004 22.060233116149906 -0.089650653302669511 22155.500000000004 22.520000457763675 38603.000000000007 3795515.0000000005 22.945000648498539 0.43500000238418585 791959.00000000012 33800628.000000007
decision_type=2 2 2 2 2 2 2 2 2 2 2 2 2 2
left_child=1 -1 3 4 5 -2 -7 11 -5 -8 -11 12 13 -3
right_child=2 7 -4 8 -6 6 9 -9 -10 10 -12 -13 -14 -15
leaf_value=0.0027134507810552518 0.0017734055132739126 -0.032587378240434901 0.0032979207140853271 -0.034559354331575129 0.011271557349441706 -0.016018431443947569 -0.079572293679595035 -0.077471081105880968 0.015552925394375758 -0.030199222335954443 0.17790502319490611 -0.010225540870977975 0.013235935579398676 0.0013149138305104035
leaf_weight=21428.609338218383 1708.3337686938685 1371.8941041628223 37465.241354169091 319.55822288957643 1207.906127041635 3583.2983250124616 510.16659060028178 137.03464088834517 2024.2997579117819 129.83117015077733 18.583554547280073 11949.147837722914 3980.5772092237912 3060.5530418844646
leaf_count=97278 10516 24193 359354 11996 30103 115493 4275 6471 17938 915 52 312621 45288 17172
internal_value=-6.44405e-06 -0.00149553 0.0013218 -0.00646407 -0.0114328 -0.0160514 -0.0232405 -0.00589769 0.00868754 -0.0623755 -0.0027908 -0.00540977 0.00142459 -0.00917195
internal_weight=88895 41927.8 46967.2 9501.98 7158.12 5950.21 4241.88 20499.2 2343.86 658.581 148.415 20362.2 8413.02 4432.45
internal_count=1053665 503023 550642 191288 161354 131251 120735 405745 29934 5242 967 399274 86653 41365
is_linear=0
shrinkage=0.05


Tree=487
num_leaves=15
num_cat=0
split_feature=36 20 1 15 24 18 23 18 33 10 16 1 13 10
split_gain=71.6421 221.673 225.846 410.334 452.43 423.551 490.993 571.623 369.263 604.554 478.565 326.814 381.275 365.968
threshold=1.3550000190734866 270025.50000000006 41227.500000000007 60001.000000000007 -37.344999313354485 477899.00000000006 170630.00000000003 471521.00000000006 11.364999771118166 422337.00000000006 1492688.0000000002 46413.500000000007 95200.000000000015 635778.50000000012
decision_type=2 2 2 2 2 2 2 2 2 2 2 2 2 2
left_child=-1 2 3 -2 -5 6 7 -6 9 -7 -10 -4 -13 -14
right_child=1 -3 11 4 5 8 -8 -9 10 -11 -12 12 13 -15
leaf_value=-0.00080982482740537013 -0.061191125800940382 -0.027052669727742049 0.012767562162328959 -0.1366158427572238 -0.0081842689924735181 0.0054113010690096082 0.042751097175277503 0.31235717550366321 -0.0299777211428921 -0.04685032546430315 0.015789803782111051 0.021548857371251669 -0.03842701519448323 -0.001433903792928178
leaf_weight=67288.946650232843 294.3182929750983 614.80883041802736 8951.6195433712182 60.075622470918461 1142.6962483544539 1009.4143058601767 1065.9533210906957 13.075688479351809 772.69832423416665 1219.1454158891684 2178.4558156956391 1071.8463214931071 972.49643088977245 2144.3400706695847
leaf_count=766169 14914 30911 71971 1172 14478 6333 3258 180 14135 29250 23138 25114 18267 34375
internal_value=-6.27776e-06 0.00250492 0.00337821 -0.00338309 -0.00108827 2.33251e-05 0.0182882 -0.00424775 -0.00780338 -0.0231645 0.0037835 0.00737271 -0.00414498 -0.0130009
internal_weight=88799.9 21510.9 20896.1 7755.83 7461.51 7401.44 2221.73 1155.77 5179.71 2228.56 2951.15 13140.3 4188.68 3116.84
internal_count=1053665 287496 256585 106858 91944 90772 17916 14658 72856 35583 37273 149727 77756 52642
is_linear=0
shrinkage=0.05


Tree=488
num_leaves=15
num_cat=0
split_feature=150 16 19 37 36 17 30 24 12 30 57 33 20 38
split_gain=70.7574 322.548 289.961 236.127 447.23 249.128 222.006 221.871 293.25 422.743 224.059 203.762 332.421 275.096
threshold=0.0042448887834325441 304583.00000000006 -1.0000000180025095e-35 5.5000000000000009 0.31499999761581426 260811.00000000003 -33.840000152587884 16.644999504089359 276281.50000000006 0.19500000029802325 7.8069815635681161 3.7949999570846562 4297.5000000000009 18.500000000000004
decision_type=2 2 2 2 2 2 2 2 2 2 2 2 2 2
left_child=-1 2 -2 5 6 -3 -5 -6 9 -9 -10 -7 13 -13
right_child=1 3 -4 4 7 11 -8 8 10 -11 -12 12 -14 -15
leaf_value=0.00068035620500585074 -0.0071171886431922009 -0.066985487615540851 -0.050867538750058908 -0.085016091978121794 -0.03050549082741565 0.013950390390640567 0.018825427886117456 0.25149358745506523 -0.046569055468838466 0.01980593833116024 -0.0014490015103377444 0.022191017055528613 -0.0071157084085260993 -0.094866703931738822
leaf_weight=71748.639007650403 969.03742731946022 122.68348370844615 624.53206401134321 52.471573626047757 1937.1665798373901 3619.6608736725575 1296.2071582313583 19.885458315722644 426.43355933692692 368.48663511218911 779.25263348234012 1623.7267514820778 5082.5815445929329 50.673286258126609
leaf_count=845599 7084 2100 18109 910 39084 17017 8803 121 8605 3895 15271 10088 76668 311
internal_value=-5.85705e-06 -0.00290948 -0.0243158 -0.000686709 -0.00977593 0.00353357 0.0146883 -0.0191352 -0.00527578 0.0324127 -0.0174741 0.00437851 -0.000742976 0.0185641
internal_weight=88721.4 16972.8 1593.57 15379.2 4879.9 10499.3 1348.68 3531.22 1594.06 388.372 1205.69 10376.6 6756.98 1674.4
internal_count=1053665 208066 25193 182873 76689 106184 9713 66976 27892 4016 23876 104084 87067 10399
is_linear=0
shrinkage=0.05


Tree=489
num_leaves=15
num_cat=0
split_feature=37 121 20 12 4 2 2 1 54 0 57 3 1 25
split_gain=70.5217 218.136 284.431 217.376 152.767 288.333 272.054 304.502 224.778 209.645 271.533 159.168 217.131 152.024
threshold=9.5000000000000018 9.9612293243408221 42964.000000000007 1110261.5000000002 22708260.000000004 151000000.00000003 44227278.000000007 10602.500000000002 6865.0000000000009 91.500000000000014 22.585900306701664 1001889984.0000001 23321.500000000004 -96.29000091552733
decision_type=2 2 2 2 2 2 2 2 2 2 2 2 2 2
left_child=4 -2 13 -4 5 6 11 -8 -9 -6 -11 -1 -13 -3
right_child=1 2 3 -5 9 -7 7 8 -10 10 -12 12 -14 -15
leaf_value=-0.00017765114802167689 0.0066398074198938941 0.04161543328595655 -0.077108966877592888 0.015804687520840893 -0.054121780372508456 0.033987970099578386 0.031683787563099648 -0.066852182810006197 -0.23101615629824332 0.011587584615605799 -0.11668951909574406 0.0063033482345916702 -0.058022491005823289 -0.083452263711241217
leaf_weight=77952.811351010911 7897.438488838874 26.46101233176887 74.684754475019872 373.05689208768308 312.42906303280324 609.09043805398687 66.178791430018464 123.30636599604622 25.065831685878948 415.91318531970319 44.77644085198699 244.9945249612465 277.87074623171429 199.95004508760758
leaf_count=990419 14607 30 504 1026 21271 3501 180 2394 189 863 315 4486 12380 1500
internal_value=-5.9477e-06 0.00430361 -0.0229593 5.76703e-05 -0.000467949 -0.000251529 -0.000517619 -0.0566145 -0.0962815 -0.0225727 -0.00099767 -0.000362895 -0.0278319 -0.0684968
internal_weight=88644 8571.59 674.153 447.742 80072.4 79299.3 78690.2 214.551 148.372 773.119 460.69 78475.7 522.865 226.411
internal_count=1053665 17667 3060 1530 1035998 1013549 1010048 2763 2583 22449 1178 1007285 16866 1530
is_linear=0
shrinkage=0.05


Tree=490
num_leaves=15
num_cat=0
split_feature=3 7 1 37 1 6 38 57 57 57 0 128 57 7
split_gain=70.686 431.493 366.59 621.124 627.113 470.361 470.336 438.271 408.714 1443.92 358.757 395.049 349.925 345.698
threshold=95017500.000000015 690054.75000000012 46103.500000000007 5.5000000000000009 23221.500000000004 13120769.000000002 16.500000000000004 10.772074222564699 6.2327172756195077 6.6652977466583261 85.500000000000014 9.1730771064758319 8.6913075447082537 54540446.000000007
decision_type=2 2 2 2 2 2 2 2 2 2 2 2 2 2
left_child=-1 -2 3 4 6 -4 8 -6 -3 -10 12 -12 -8 -5
right_child=1 2 5 13 7 -7 10 -9 9 -11 11 -13 -14 -15
leaf_value=0.00059632435287329782 -0.049465716255220366 0.025050250189835473 0.041798914332892692 -0.018949117643055197 0.0045306719233080611 -0.018505623262945789 0.040611708898036857 0.048065796283332969 -0.34012697564574157 -0.0056690025793781212 -0.10677323370897036 0.030546189481360144 -0.11109257520528215 0.021165570049827786
leaf_weight=74921.646088366862 487.42892815933919 1379.5272480390267 350.75569562782857 2970.7793063257122 889.37772181046239 3954.0448956550144 165.37291483501031 1666.2197844624061 32.74646528204903 748.11405531419223 247.74599016090178 65.198646387259942 48.228051879850682 653.58287724238289
leaf_count=911349 29587 3620 1722 33373 5480 42170 971 9973 463 8813 1628 217 887 3412
internal_value=-6.20119e-06 -0.00331458 -0.0015993 0.0042085 0.0152147 -0.0135718 -0.00163387 0.0329423 0.00867856 -0.020176 -0.0439763 -0.0779988 0.005768 -0.0116976
internal_weight=88580.8 13659.1 13171.7 8866.89 5242.53 4304.8 2686.93 2555.6 2160.39 780.861 526.546 312.945 213.601 3624.36
internal_count=1053665 142316 112729 68837 32052 43892 16599 15453 12896 9276 3703 1845 1858 36785
is_linear=0
shrinkage=0.05


Tree=491
num_leaves=15
num_cat=0
split_feature=202 38 57 57 1 6 38 57 18 27 6 17 6 15
split_gain=72.0959 195.049 248.968 362.786 278.614 609.907 547.948 545.151 268.849 265.224 239.384 206.863 281.372 256.982
threshold=1.7916666865348818 17.500000000000004 2.8076659440994267 3.9082820415496831 20412.000000000004 674946.00000000012 20.500000000000004 10.334017753601076 1042420.5000000001 -1.0000000180025095e-35 674946.00000000012 4655524.0000000009 528533008.00000006 989999.50000000012
decision_type=2 2 2 2 2 2 2 2 2 2 2 2 2 2
left_child=1 11 -3 10 7 -6 9 -5 -8 -7 -4 12 13 -1
right_child=-2 2 3 4 5 6 8 -9 -10 -11 -12 -13 -14 -15
leaf_value=-0.00088652276232697612 -0.0023186534580164056 -0.041254797010654813 0.071054715484595216 -0.051008299973722693 -0.027488700895837201 -0.0060673925439216972 -0.052838480277502091 0.011187565768557858 0.088793599153189795 0.026770645109160798 0.012404371992547512 0.0044662945532266103 -0.031143942288826526 -0.026112967210408369
leaf_weight=37097.030098280113 24397.755516210957 248.80816894063173 374.14482875657268 580.46081406426674 884.93598247102636 718.54335254184844 354.82323842257756 891.09770057966671 35.844149676209781 4152.8284900285798 329.8348955186957 16593.439732448038 821.12593208988983 1037.0636761557034
leaf_count=470703 268941 4100 1242 5052 7753 3712 3336 3084 200 10272 1499 235018 23618 15135
internal_value=-4.84719e-06 0.000874802 0.00789482 0.00937498 0.00619108 0.0108738 0.0173389 -0.0133298 -0.0395224 0.0219164 0.0437028 -0.00020763 -0.00219989 -0.00157454
internal_weight=88517.7 64120 8571.32 8322.51 7618.53 6146.98 5262.04 1471.56 390.667 4871.37 703.98 55548.7 38955.2 38134.1
internal_count=1053665 784724 40250 36150 33409 25273 17520 8136 3536 13984 2741 744474 509456 485838
is_linear=0
shrinkage=0.05


Tree=492
num_leaves=15
num_cat=0
split_feature=38 38 28 3 27 57 5 6 10 20 57 57 1 57
split_gain=71.2636 205.147 731.068 409.088 429.267 398.668 909.581 398.176 394.253 324.707 323.8 856.701 318.037 642.816
threshold=14.500000000000002 15.500000000000002 0.67500001192092907 65957530.000000007 -6.4149999618530265 5.4140999317169198 0.044999999925494201 200048.00000000003 3629891.0000000005 280866.50000000006 6.2327172756195077 8.3299107551574725 13406.000000000002 9.7316908836364764
decision_type=2 2 2 2 2 2 2 2 2 2 2 2 2 2
left_child=-1 2 3 4 -2 -5 -7 8 -4 12 -8 -12 13 -9
right_child=1 -3 7 5 -6 6 10 9 -10 -11 11 -13 -14 -15
leaf_value=0.0016177259379476011 -0.0035296185514775932 0.00049493271037623885 -0.087216041955267276 0.024749043387553748 -0.057311036777001362 -0.17795773980658769 0.031551570396040084 -0.0012496507094382613 -0.0001265283384569733 -0.083740829276258255 -0.14134016475669217 -0.0066551937194940305 0.012258749950478733 -0.093646792060170847
leaf_weight=38341.677837846626 519.24009759665614 38640.814102278193 241.46689728915226 597.19873015218036 1318.0987100780053 89.058676086249761 301.54568677273346 1676.3429421917608 282.53580540935945 101.36350570148534 139.94254052545875 734.15906896205706 5247.1277018975743 211.22782642443781
leaf_count=652472 3487 310684 7214 2844 20770 702 841 7734 3285 2272 2333 7788 27379 3860
internal_value=-4.08779e-06 -0.00124627 -0.0071215 -0.0254104 -0.0421496 -0.00885148 -0.0247643 0.00159257 -0.0404434 0.0046487 -0.0129756 -0.0284121 0.00592303 -0.0116599
internal_weight=88441.8 50100.1 11459.3 3699.24 1837.34 1861.9 1264.71 7760.06 524.003 7236.06 1175.65 874.102 7134.7 1887.57
internal_count=1053665 401193 90509 38765 24257 14508 11664 51744 10499 41245 10962 10121 38973 11594
is_linear=0
shrinkage=0.05


Tree=493
num_leaves=15
num_cat=1
split_feature=1 6 57 13 7 15 35 8 18 35 6 166 29 37
split_gain=73.1484 392.428 397.394 353.704 866.586 426.407 489.869 423.235 490.619 463.164 386.9 640.211 381.652 363.59
threshold=10742.500000000002 48186.425781250007 24.083504676818851 821083.00000000012 1005819.4687500001 305410.00000000006 12.824999809265138 0 1177722.0000000002 3.8349999189376835 360444.00000000006 0.11520057544112207 3.435000061988831 5.5000000000000009
decision_type=2 2 2 2 2 2 2 1 2 2 2 2 2 2
left_child=1 -1 3 4 12 6 10 8 -7 -9 11 -5 -3 -11
right_child=-2 2 -4 5 -6 7 -8 9 -10 13 -12 -13 -14 -15
leaf_value=0.027327840628214618 -0.00069438368847772819 -0.067412414742091323 -0.074141478524001866 -0.13797467278116468 0.0022457019375053569 -0.077761360461059942 -0.019583613182572499 -0.034737728973955349 0.0055590318723884175 0.024744034523198365 0.029732051201517836 0.051399569854420027 -0.013108270808335652 -0.0099088403848409286
leaf_weight=1505.0802316054396 71864.156274344481 743.18638628920598 174.966927030222 90.649677420500666 4560.0302589605799 374.0270114168452 695.9148134789375 654.70614404366324 331.83411549074071 1963.1775525781304 3514.2448078828165 85.726802451536059 578.11939507243005 1228.37516470624
leaf_count=27427 914283 13096 6635 506 25111 3266 11335 5163 3172 8239 12840 66 10738 11788
internal_value=-4.49123e-06 0.00299709 0.000549962 0.0014401 -0.00807773 0.0077083 0.0188328 -0.00300236 -0.0385682 0.00351997 0.0260936 -0.0458776 -0.0437181 0.0113921
internal_weight=88364.2 16500 14995 14820 5881.34 8938.66 4386.54 4552.12 705.861 3846.26 3690.62 176.376 1321.31 3191.55
internal_count=1053665 139382 111955 105320 48945 56375 24747 31628 6438 25190 13412 572 23834 20027
cat_boundaries=0 1
cat_threshold=4
is_linear=0
shrinkage=0.05


Tree=494
num_leaves=15
num_cat=1
split_feature=37 103 37 10 1 8 30 0 28 30 7 138 15 54
split_gain=72.5869 445.772 306.518 736.716 718.2 572.622 549.632 519.475 448.198 576.645 552.581 432.688 711.412 485.32
threshold=8.5000000000000018 1.0007903575897219 5.5000000000000009 1855042.5000000002 10519.500000000002 0 3.3750000000000004 35.000000000000007 2.995000004768372 0.19500000029802325 125355344.00000001 -6.8630430698394767 19999.500000000004 4853912.5000000009
decision_type=2 2 2 2 2 1 2 2 2 2 2 2 2 2
left_child=2 -2 11 4 5 -4 -5 -7 10 -10 -9 12 13 -1
right_child=1 -3 3 6 -6 7 -8 8 9 -11 -12 -13 -14 -15
leaf_value=-0.060169061663306073 0.015635234283504468 -0.0011145940820890025 0.058176872737476917 0.022585514015325443 -0.027238306271755219 0.092129843220409888 -0.0099020020983659404 -0.059655313215380895 0.15802989351788443 -0.000649472430484614 0.048096799827944778 0.0057262998036711425 -0.0021611909433977609 0.19154284571840607
leaf_weight=682.80861008785359 4994.5763610006106 19370.231055158169 447.04456708928774 2616.2573200435927 5462.5503353096392 119.14284508130368 2587.2397016460636 637.27048642506998 66.281669176090872 380.00358487310586 144.93401917302981 23955.489935157093 26792.7292995352 18.659767247270793
leaf_count=26395 8008 51551 7810 49573 198939 1641 92303 19163 290 7473 210 306300 283973 36
internal_value=-4.0662e-06 0.00231743 -0.000889902 -0.00792604 -0.0182215 0.00919562 0.00642393 -0.00704674 -0.016773 0.0231062 -0.0395903 0.000813347 -0.00346551 -0.053139
internal_weight=88275.2 24364.8 63910.4 12460.7 7257.23 1794.68 5203.5 1347.63 1228.49 446.285 782.205 51449.7 27494.2 701.468
internal_count=1053665 59559 994106 377402 235526 36587 141876 28777 27136 7763 19373 616704 310404 26431
cat_boundaries=0 1
cat_threshold=1
is_linear=0
shrinkage=0.05


Tree=495
num_leaves=15
num_cat=0
split_feature=35 57 32 10 27 57 19 6 27 29 38 6 25 14
split_gain=71.5166 152.653 294.426 249.264 237.519 242.16 291.945 260.988 236.321 202.168 199.921 198.782 299.045 204.71
threshold=89.849998474121108 19.681040763854984 13.305000305175783 2404128.0000000005 15.994999885559084 11.314168453216555 -202167.49999999997 16485700.000000002 19.98499965667725 -1.9049999713897703 13.500000000000002 67131712.000000015 -51.145000457763665 1853917.0000000002
decision_type=2 2 2 2 2 2 2 2 2 2 2 2 2 2
left_child=-1 4 3 -3 5 9 -7 -8 -6 -2 -10 13 -13 -9
right_child=1 2 -4 -5 8 6 7 11 10 -11 -12 12 -14 -15
leaf_value=-0.00051052981188588298 -0.039086585767950779 0.027851688565813174 -0.065100538302588024 -0.0091546312938855356 0.069106150243231704 0.020294003635084951 -0.064231121169004826 0.029184723988493224 -0.065955774468332631 0.0053033902160791128 0.019837727930532973 0.017633243893876733 -0.064089313646936402 -0.054874058992502944
leaf_weight=78273.3201938688 270.68293865021678 1777.7470562949838 109.27253714307699 608.48348148063815 224.39345608331405 362.17938333904749 395.53132491916494 319.35977080220619 76.186246578388818 4544.2873495014892 555.71192163525848 166.76218220320152 332.30812241354033 92.37225599631347
leaf_count=854512 7292 13489 20961 15757 830 3566 22549 3559 6231 81894 5475 2329 12375 2846
internal_value=-4.99358e-06 0.00401284 0.0146936 0.0183943 0.000373078 -0.00289004 -0.019303 -0.0303267 0.0251129 0.00278994 0.00932697 -0.0154939 -0.0367014 0.0101177
internal_weight=88108.6 9835.28 2495.5 2386.23 7339.77 6483.48 1668.51 1306.33 856.292 4814.97 631.898 910.802 499.07 411.732
internal_count=1053665 199153 50207 29246 148946 136410 47224 43658 12536 89186 11706 21109 14704 6405
is_linear=0
shrinkage=0.05


Tree=496
num_leaves=15
num_cat=0
split_feature=60 37 1 58 3 55 0 14 31 0 3 1 3 7
split_gain=71.915 419.148 392.007 321.916 633.298 455.98 513.055 284.942 302.764 275.158 303.236 264.515 262.287 307.077
threshold=0.049864651635289199 4.5000000000000009 10355.000000000002 0.18701888993382457 310081280.00000006 2.5000000000000004 91.500000000000014 1674736.5000000002 13.835000038146974 35.000000000000007 320283008.00000006 68115.500000000015 95017500.000000015 353542.84375000006
decision_type=2 2 2 2 2 2 2 2 2 2 2 2 2 2
left_child=-1 2 -2 5 -5 6 11 -7 -9 -6 -11 -4 -3 -14
right_child=1 12 3 4 9 7 -8 8 -10 10 -12 -13 13 -15
leaf_value=-0.0012307047488848281 0.019719840580622268 0.0073046119794488266 -0.025324064015005806 -0.059055169396002555 0.086226293595881187 0.028739129141743425 0.030370592621331086 -0.077986372574853302 0.019007081818585733 0.17538197432768565 -0.056843452855523557 0.034446411974554038 -0.065954236358137602 -0.0010009667541129412
leaf_weight=50751.376029010484 829.12455798030896 19952.298596580258 1332.4134790299577 917.24983631458053 118.74429701330519 104.27510886080563 904.15371234214399 453.29201437296069 96.398355210432783 15.419483018340541 95.154091726493789 213.40988427777847 183.79571744255372 12081.401937682265
leaf_count=592669 9980 207156 27718 95160 4951 845 1105 4004 231 174 8903 4362 8682 87725
internal_value=-5.15849e-06 0.00166113 -0.011684 -0.0178247 -0.0404668 -0.00943449 0.00045217 -0.0464938 -0.0608824 0.0336016 -0.0227298 -0.0170231 0.00376706 -0.00198367
internal_weight=88048.5 37297.1 5079.63 4250.51 1146.57 3103.94 2449.98 653.965 549.69 229.318 110.574 1545.82 32217.5 12265.2
internal_count=1053665 460996 157433 147453 109188 38265 33185 5080 4235 14028 9077 32080 303563 96407
is_linear=0
shrinkage=0.05


Tree=497
num_leaves=15
num_cat=0
split_feature=27 135 24 6 60 37 1 58 3 55 0 14 18 5
split_gain=70.4043 144.078 138.604 83.4914 75.3735 371.188 355.447 315.732 599.826 396.181 468.185 252.805 293.114 246.594
threshold=3534.960083007813 36.431598663330085 51.284999847412116 7899693.2500000009 0.049864651635289199 4.5000000000000009 10355.000000000002 0.18701888993382457 310081280.00000006 2.5000000000000004 91.500000000000014 1674736.5000000002 1620384.5000000002 66.944999694824233
decision_type=2 2 2 2 2 2 2 2 2 2 2 2 2 2
left_child=4 -2 3 -3 -1 6 -6 9 -9 10 -8 -11 -13 -10
right_child=1 2 -4 -5 5 -7 7 8 13 11 -12 12 -14 -15
leaf_value=-0.0013445851040560931 -0.079469103043659589 -0.05980339231624604 -0.07134873029537063 0.05767506020557104 0.018915438920166023 0.0035927628243538749 -0.016072294275620843 -0.058697716308938344 -0.019590643798253617 0.02760541166439939 0.029546551625200541 -0.076122630954053402 0.014244745749592329 0.083438239191926444
leaf_weight=50516.026038772317 28.450048131545373 15.06153929956781 25.266952882574515 213.53837150698382 824.08385798421659 32169.857788842204 1541.3222758668326 877.54381112288502 114.72409656346281 103.19894605009176 884.18565515766386 427.69429767334077 112.00952085330209 114.76579024104285
leaf_count=589542 1646 522 786 878 9963 303106 31910 95127 12894 845 1103 3601 608 1134
internal_value=-5.62422e-06 0.0248785 0.0370345 0.0494903 -8.65955e-05 0.00162175 -0.011049 -0.0169781 -0.0398691 -0.00869273 0.000542148 -0.043558 -0.0572838 0.0318547
internal_weight=87967.7 282.317 253.867 228.6 87685.4 37169.4 4999.53 4175.44 1107.03 3068.41 2425.51 642.903 539.704 229.49
internal_count=1053665 3832 2186 1400 1049833 460291 157185 147222 109155 38067 33013 5054 4209 14028
is_linear=0
shrinkage=0.05


Tree=498
num_leaves=15
num_cat=1
split_feature=26 57 1 32 35 220 1 23 25 38 8 12 28 38
split_gain=68.7861 267.657 220.006 395.765 291.017 217.296 209.192 213.988 198.6 189.484 210.727 150.079 141.601 159.344
threshold=10002.500000000002 20.091717720031742 14055.000000000002 0.66500002145767223 11.965000152587892 87.67392730712892 1131.5000000000002 124608.00000000001 97.715000152587905 17.500000000000004 0 422201.50000000006 2.435000061988831 15.500000000000002
decision_type=2 2 2 2 2 2 2 2 2 2 1 2 2 2
left_child=-1 2 6 5 9 -4 -2 11 -3 -5 -11 -8 -10 -14
right_child=1 8 3 4 -6 -7 7 -9 12 10 -12 -13 13 -15
leaf_value=-0.00031844163254281455 -0.097834020893094537 -0.072285821190438096 0.037987448228029047 -0.068587962270166725 -0.0051945274868518999 -0.1051843312916827 -0.051377478619193742 -0.047742751811394257 -0.018725276511955637 -0.10833974207747471 0.015533266878682957 0.037548153072052087 0.046780292228257678 0.0036907955638447484
leaf_weight=83725.887288343089 36.152685453100275 48.931545114097389 429.42751263349783 428.62806098660985 881.66445275822844 27.126214824733324 49.433317428425653 93.559020080741902 135.04302245651888 42.237170650580083 164.32493412934855 728.60638512449805 801.03806486227768 296.69706810620846
leaf_count=1000658 633 2059 1393 9830 18367 315 913 2746 4644 494 996 2489 5896 2232
internal_value=-5.93775e-06 0.00626587 -0.00217589 -0.011561 -0.0238617 0.0291603 0.0181622 0.0231375 0.025268 -0.0496449 -0.00995494 0.0317753 0.0292361 0.0351935
internal_weight=87888.8 4162.87 2881.16 1973.41 1516.85 456.554 907.751 871.599 1281.71 635.19 206.562 778.04 1232.78 1097.74
internal_count=1053665 53007 38176 31395 29687 1708 6781 6148 14831 11320 1490 3402 12772 8128
cat_boundaries=0 1
cat_threshold=2
is_linear=0
shrinkage=0.05


Tree=499
num_leaves=15
num_cat=0
split_feature=57 0 17 26 1 57 9 141 6 30 16 38 6 38
split_gain=68.1613 67.9729 71.4936 180.648 181.52 187.952 253.483 180.118 148.712 133.823 124.487 161.979 120.501 115.683
threshold=0.69952088594436657 29.500000000000004 29337238.000000004 -50.975000381469719 46101.500000000007 5.8576316833496103 9033898.5000000019 -8.5892806053161603 1564203072.0000002 31.345000267028812 16984042.000000004 8.5000000000000018 9566094.0000000019 9.5000000000000018
decision_type=2 2 2 2 2 2 2 2 2 2 2 2 2 2
left_child=-1 -2 8 -4 9 7 -7 -6 10 -5 13 -12 -8 -3
right_child=1 2 3 4 5 6 12 -9 -10 -11 11 -13 -14 -15
leaf_value=-0.051214089914693277 -0.055431055422409892 -0.026249828307634795 -0.057587057631824271 0.023609306977557285 -0.093763105750149747 -0.0875762021351571 -0.06363442517149949 0.032106209940680017 -0.062751833079160005 -0.06487686241981587 0.04999669103242501 -0.065415496751612082 0.012957722726181937 0.00011614881997006044
leaf_weight=63.936016773062875 54.206065461985418 417.08009718375979 97.734792737244788 1518.4027566783607 30.355304619690287 133.20638952187437 65.333895496409241 291.72181173029094 93.831010645852075 42.739703739378456 37.156649027983804 144.27489981028702 224.99750587244125 84625.738065423531
leaf_count=29508 9600 65394 5796 28839 546 7638 4444 2069 7983 4625 2938 8964 8010 867311
internal_value=-5.88123e-06 3.14319e-05 6.69051e-05 0.0085682 0.0114165 -0.00882352 -0.0307299 0.0198349 -0.000172196 0.0211148 -0.000101974 -0.0413608 -0.00426561 -1.28785e-05
internal_weight=87840.7 87776.8 87722.6 2404.49 2306.76 745.615 423.538 322.077 85318.1 1561.14 85224.2 181.432 290.331 85042.8
internal_count=1053665 1024157 1014557 61967 56171 22707 20092 2615 952590 33464 944607 11902 12454 932705
is_linear=0
shrinkage=0.05


end of trees

feature_importances:
BUSINESS_AGE=519
OBV_LD_AM=436
STD_INDS_CFC=422
CG01_KIS_SCORE=381
C302_CRI_ORD=357
JEMU_112000=170
JEMU_126000=163
JEMU_118100=161
JEMU_191505=161
OBV_XPC_LSS_AM=157
COPR_OPNP_C=145
JEMU_123000=145
JEMU_191104=141
JEMU_116000=140
JEMU_191105=139
JEMU_191502=136
JEMU_114000=135
JEMU_125100=135
JEMU_191506=135
JEMU_191110=130
JEMU_117000=125
JEMU_191204=119
JEMU_118900=118
JEMU_191310=117
JEMU_191503=113
JEMU_125000=112
OBV_LN_BAC=110
JEMU_118000=101
JEMU_121000=96
JEMU_191208=93
OBV_ELYWRN_OBV_GRD_DSC=91
CRIF_SUM(CRDBD_OVD_AM)=90
JEMU_115000=89
JEMU_191108=87
CRIF_SUM(CRDBD_RSN_AM)=87
JEMU_191210=85
OBV_BZL_RZVL_ASP_ELGD=79
JEMU_191207=72
CRIF_CRDBD_RSNC=69
JEMU_129000=56
JEMU_128000=53
AA17_DME_AM=52
AA10_PERS_CNT=52
CPI_core_yoy=44
EUR_KRW_vol_m=43
OBV_LN_LMT_AM=32
soybean_log_ret_ma3m=28
call_rate_overnight_diff12=23
KORIBOR_6m_diff12=22
OBV_LN_LMT_BAC=21
US_2Y_treasury_diff12=21
KOSPI_log_ret=20
gold_vol_m_ma3m=20
base_rate_diff12_ma3m=18
PPI_total_yoy=17
KORIBOR_12m_diff12=16
base_rate_diff12=16
AC12_TOTAL_KRW_AM=15
household_credit_yoy=13
natural_gas_vol_m_ma3m=13
BSI_mfg_export_yoy_ma3m=13
CRIF_MAX(CRDBD_RLS_RSNC)=10
DowJones_log_ret=10
corporate_bond_3y_AA_diff12=9
DXY_dollar_index_log_ret=8
BSI_mfg_domestic_yoy=8
brent_crude_oil_log_ret_ma3m=8
household_loan_yoy_ma3m=8
VIX_vol_m=7
MSB_91d_vol_m=7
treasury_bond_10y_diff12=7
DowJones_vol_m_ma3m=7
AC12_US_FC_AM=6
NASDAQ_vol_m=6
DXY_dollar_index_vol_m=6
treasury_bond_1y_monthly_diff12=5
trade_total_yoy=5
BSI_nonmfg_biz_yoy=5
corn_log_ret_ma3m=5
NASDAQ_log_ret=4
natural_gas_vol_m=4
silver_vol_m_ma3m=4
corn_vol_m_ma3m=4
WTI_crude_oil_log_ret=3
CP_91d_log_ret=3
Shanghai_Composite_vol_m=3
corn_vol_m=3
M1_narrow_money_yoy=3
NASDAQ_log_ret_ma3m=3
gold_log_ret_ma3m=3
CP_91d_log_ret_ma3m=3
KOSPI_vol_m_ma3m=3
DXY_dollar_index_vol_m_ma3m=3
EUR_KRW_log_ret=2
KOSPI_vol_m=2
KORIBOR_3m_diff12=2
CPI_core_excl_food_energy_yoy=2
housing_price_index_yoy=2
goods_balance_yoy=2
Shanghai_Composite_log_ret_ma3m=2
KOSDAQ_vol_m_ma3m=2
NASDAQ_vol_m_ma3m=2
EUR_KRW_vol_m_ma3m=2
copper_vol_m_ma3m=2
soybean_vol_m_ma3m=2
CP_91d_vol_m_ma3m=2
liquidity_spread_diff12_ma3m=2
goods_balance_yoy_ma3m=2
AC12_JP_KRW_AM=1
KOSDAQ_log_ret=1
Nikkei225_log_ret=1
brent_crude_oil_log_ret=1
natural_gas_log_ret=1
JPY_KRW_vol_m=1
copper_vol_m=1
Lf_liquidity_yoy=1
import_index_yoy=1
BSI_mfg_biz_yoy=1
BSI_mfg_export_yoy=1
EUR_KRW_log_ret_ma3m=1
JPY_KRW_log_ret_ma3m=1
CNY_KRW_log_ret_ma3m=1
DXY_dollar_index_log_ret_ma3m=1
WTI_crude_oil_log_ret_ma3m=1
natural_gas_log_ret_ma3m=1
copper_log_ret_ma3m=1
MSB_91d_log_ret_ma3m=1
JPY_KRW_vol_m_ma3m=1
call_rate_overnight_diff12_ma3m=1
US_10Y_treasury_diff12_ma3m=1
credit_spread_diff12_ma3m=1
CPI_core_excl_food_energy_yoy_ma3m=1
import_index_yoy_ma3m=1
household_credit_yoy_ma3m=1
BSI_mfg_domestic_yoy_ma3m=1
BSI_nonmfg_biz_yoy_ma3m=1

parameters:
[boosting: gbdt]
[objective: binary]
[metric: auc]
[tree_learner: serial]
[device_type: cpu]
[data_sample_strategy: bagging]
[data: ]
[valid: ]
[num_iterations: 500]
[learning_rate: 0.05]
[num_leaves: 15]
[num_threads: -1]
[seed: 42]
[deterministic: 0]
[force_col_wise: 0]
[force_row_wise: 0]
[histogram_pool_size: -1]
[max_depth: 8]
[min_data_in_leaf: 100]
[min_sum_hessian_in_leaf: 0.001]
[bagging_fraction: 1]
[pos_bagging_fraction: 1]
[neg_bagging_fraction: 1]
[bagging_freq: 0]
[bagging_seed: 400]
[bagging_by_query: 0]
[feature_fraction: 1]
[feature_fraction_bynode: 1]
[feature_fraction_seed: 30056]
[extra_trees: 0]
[extra_seed: 12879]
[early_stopping_round: 0]
[early_stopping_min_delta: 0]
[first_metric_only: 0]
[max_delta_step: 0]
[lambda_l1: 1]
[lambda_l2: 1]
[linear_lambda: 0]
[min_gain_to_split: 0]
[drop_rate: 0.1]
[max_drop: 50]
[skip_drop: 0.5]
[xgboost_dart_mode: 0]
[uniform_drop: 0]
[drop_seed: 17869]
[top_rate: 0.2]
[other_rate: 0.1]
[min_data_per_group: 100]
[max_cat_threshold: 32]
[cat_l2: 10]
[cat_smooth: 10]
[max_cat_to_onehot: 4]
[top_k: 20]
[monotone_constraints: ]
[monotone_constraints_method: basic]
[monotone_penalty: 0]
[feature_contri: ]
[forcedsplits_filename: ]
[refit_decay_rate: 0.9]
[cegb_tradeoff: 1]
[cegb_penalty_split: 0]
[cegb_penalty_feature_lazy: ]
[cegb_penalty_feature_coupled: ]
[path_smooth: 0]
[interaction_constraints: ]
[verbosity: -1]
[saved_feature_importance_type: 0]
[use_quantized_grad: 0]
[num_grad_quant_bins: 4]
[quant_train_renew_leaf: 0]
[stochastic_rounding: 1]
[linear_tree: 0]
[max_bin: 255]
[max_bin_by_feature: ]
[min_data_in_bin: 3]
[bin_construct_sample_cnt: 200000]
[data_random_seed: 175]
[is_enable_sparse: 1]
[enable_bundle: 1]
[use_missing: 1]
[zero_as_missing: 0]
[feature_pre_filter: 1]
[pre_partition: 0]
[two_round: 0]
[header: 0]
[label_column: ]
[weight_column: ]
[group_column: ]
[ignore_column: ]
[categorical_feature: 8]
[forcedbins_filename: ]
[precise_float_parser: 0]
[parser_config_file: ]
[objective_seed: 16083]
[num_class: 1]
[is_unbalance: 0]
[scale_pos_weight: 26.1302]
[sigmoid: 1]
[boost_from_average: 1]
[reg_sqrt: 0]
[alpha: 0.9]
[fair_c: 1]
[poisson_max_delta_step: 0.7]
[tweedie_variance_power: 1.5]
[lambdarank_truncation_level: 30]
[lambdarank_norm: 1]
[label_gain: ]
[lambdarank_position_bias_regularization: 0]
[eval_at: ]
[multi_error_top_k: 1]
[auc_mu_weights: ]
[num_machines: 1]
[local_listen_port: 12400]
[time_out: 120]
[machine_list_filename: ]
[machines: ]
[gpu_platform_id: -1]
[gpu_device_id: -1]
[gpu_use_dp: 0]
[num_gpu: 1]

end of parameters

pandas_categorical:[["-1", "A", "B"]]
