BASE_YM,KOSPI_log_ret,KOSDAQ_log_ret,DowJones_log_ret,NASDAQ_log_ret,SP500_log_ret,Nikkei225_log_ret,Shanghai_Composite_log_ret,USD_KRW_log_ret,EUR_KRW_log_ret,JPY_KRW_log_ret,CNY_KRW_log_ret,DXY_dollar_index_log_ret,brent_crude_oil_log_ret,WTI_crude_oil_log_ret,natural_gas_log_ret,gold_log_ret,silver_log_ret,copper_log_ret,corn_log_ret,soybean_log_ret,VIX_log_ret,CP_91d_log_ret,MSB_91d_log_ret,KOSPI_vol_m,KOSDAQ_vol_m,DowJones_vol_m,NASDAQ_vol_m,SP500_vol_m,Nikkei225_vol_m,Shanghai_Composite_vol_m,USD_KRW_vol_m,EUR_KRW_vol_m,JPY_KRW_vol_m,CNY_KRW_vol_m,DXY_dollar_index_vol_m,brent_crude_oil_vol_m,WTI_crude_oil_vol_m,natural_gas_vol_m,gold_vol_m,silver_vol_m,copper_vol_m,corn_vol_m,soybean_vol_m,VIX_vol_m,CP_91d_vol_m,MSB_91d_vol_m,call_rate_overnight_diff12,call_rate_overnight_brokered_diff12,corporate_bond_3y_AA_diff12,KORIBOR_12m_diff12,KORIBOR_3m_diff12,KORIBOR_6m_diff12,treasury_bond_10y_diff12,treasury_bond_1y_diff12,treasury_bond_3y_diff12,treasury_bond_5y_diff12,US_10Y_treasury_diff12,US_3M_tbill_diff12,base_rate_diff12,CD_rate_91d_diff12,treasury_bond_1y_monthly_diff12,credit_spread_diff12,liquidity_spread_diff12,CPI_core_yoy,CPI_core_excl_food_energy_yoy,CPI_food_nonalcohol_yoy,PPI_total_yoy,housing_price_index_yoy,export_price_index_KOR_yoy,export_index_yoy,import_index_yoy,M1_narrow_money_yoy,M2_broad_money_yoy,Lf_liquidity_yoy,monetary_base_sa_yoy,current_account_yoy,goods_balance_yoy,BSI_mfg_biz_yoy,BSI_mfg_export_yoy,BSI_mfg_domestic_yoy,BSI_nonmfg_biz_yoy,CSI_composite_yoy,CSI_living_prospect_yoy,unemployment_rate_yoy,construction_cost_index_yoy,unsold_housing_yoy,household_credit_yoy,household_loan_yoy,current_account_quarterly_yoy,KOSPI_log_ret_ma3m,KOSDAQ_log_ret_ma3m,DowJones_log_ret_ma3m,NASDAQ_log_ret_ma3m,SP500_log_ret_ma3m,Nikkei225_log_ret_ma3m,Shanghai_Composite_log_ret_ma3m,USD_KRW_log_ret_ma3m,EUR_KRW_log_ret_ma3m,JPY_KRW_log_ret_ma3m,CNY_KRW_log_ret_ma3m,DXY_dollar_index_log_ret_ma3m,brent_crude_oil_log_ret_ma3m,WTI_crude_oil_log_ret_ma3m,natural_gas_log_ret_ma3m,gold_log_ret_ma3m,silver_log_ret_ma3m,copper_log_ret_ma3m,corn_log_ret_ma3m,soybean_log_ret_ma3m,VIX_log_ret_ma3m,CP_91d_log_ret_ma3m,MSB_91d_log_ret_ma3m,KOSPI_vol_m_ma3m,KOSDAQ_vol_m_ma3m,DowJones_vol_m_ma3m,NASDAQ_vol_m_ma3m,SP500_vol_m_ma3m,Nikkei225_vol_m_ma3m,Shanghai_Composite_vol_m_ma3m,USD_KRW_vol_m_ma3m,EUR_KRW_vol_m_ma3m,JPY_KRW_vol_m_ma3m,CNY_KRW_vol_m_ma3m,DXY_dollar_index_vol_m_ma3m,brent_crude_oil_vol_m_ma3m,WTI_crude_oil_vol_m_ma3m,natural_gas_vol_m_ma3m,gold_vol_m_ma3m,silver_vol_m_ma3m,copper_vol_m_ma3m,corn_vol_m_ma3m,soybean_vol_m_ma3m,VIX_vol_m_ma3m,CP_91d_vol_m_ma3m,MSB_91d_vol_m_ma3m,call_rate_overnight_diff12_ma3m,call_rate_overnight_brokered_diff12_ma3m,corporate_bond_3y_AA_diff12_ma3m,KORIBOR_12m_diff12_ma3m,KORIBOR_3m_diff12_ma3m,KORIBOR_6m_diff12_ma3m,treasury_bond_10y_diff12_ma3m,treasury_bond_1y_diff12_ma3m,treasury_bond_3y_diff12_ma3m,treasury_bond_5y_diff12_ma3m,US_10Y_treasury_diff12_ma3m,US_3M_tbill_diff12_ma3m,base_rate_diff12_ma3m,CD_rate_91d_diff12_ma3m,treasury_bond_1y_monthly_diff12_ma3m,credit_spread_diff12_ma3m,liquidity_spread_diff12_ma3m,CPI_core_yoy_ma3m,CPI_core_excl_food_energy_yoy_ma3m,CPI_food_nonalcohol_yoy_ma3m,PPI_total_yoy_ma3m,housing_price_index_yoy_ma3m,export_price_index_KOR_yoy_ma3m,export_index_yoy_ma3m,import_index_yoy_ma3m,M1_narrow_money_yoy_ma3m,M2_broad_money_yoy_ma3m,Lf_liquidity_yoy_ma3m,monetary_base_sa_yoy_ma3m,current_account_yoy_ma3m,goods_balance_yoy_ma3m,BSI_mfg_biz_yoy_ma3m,BSI_mfg_export_yoy_ma3m,BSI_mfg_domestic_yoy_ma3m,BSI_nonmfg_biz_yoy_ma3m,CSI_composite_yoy_ma3m,CSI_living_prospect_yoy_ma3m,unemployment_rate_yoy_ma3m,construction_cost_index_yoy_ma3m,unsold_housing_yoy_ma3m,household_credit_yoy_ma3m,household_loan_yoy_ma3m,current_account_quarterly_yoy_ma3m
202101,0.03513031738667098,-0.04184781937666711,-0.020593914772634985,0.014053959280800832,-0.0111991376508885,0.0079561445776878,0.0028751605056882086,0.023533060786006036,0.008186288700583954,0.010904046182683414,0.03413702468816982,0.007090649855452873,0.07581641896633043,0.0731064159939063,0.009798180411857822,-0.024490544122774335,0.021341315006235692,0.016790512330964395,0.12236389570534956,0.04078397821125408,0.3746659811478605,-0.07622736538788437,-0.26596354849713805,8.512000266280381,6.502018394360395,4.148804514460639,5.82518829986135,4.757039680743089,5.203399145832404,4.439608980192983,1.4497830759280794,1.8310093793113447,1.4096104071058713,1.4365643593027448,1.564107009550189,7.316868914941131,7.399583054602229,12.621814937043691,5.784817332076877,13.856629879671553,5.790982345738651,9.485254918960818,8.52227839431437,63.88207533021559,2.565421574814707,6.01409047068356,-0.73,-0.73,0.19300000000000006,-0.57,-0.6699999999999999,-0.6099999999999999,0.20999999999999996,-0.594,-0.33199999999999996,-0.06699999999999995,-0.42699992656707764,-1.4619999900460243,-0.75,-0.8099999999999999,-0.5970000000000001,0.5249999999999999,0.062000000000000055,0.9137463600763094,0.42067307692307865,4.477151090983953,-0.17818253811125778,7.9646225584045,-4.0442616529573145,21.343833094702397,4.730222384250818,21.8494824825874,10.785585349576769,6.963324671666757,14.546128374561945,2125.397190881879,418.6022923217365,11.842105263157894,-5.88235294117647,3.75,0.0,-6.083650190114074,-3.0927835051546393,-17.073170731707314,1.1115561786501096,-45.410002773412224,4.417262835433962,4.22688034563752,88.55643886457881,0.09070905762343429,0.05281208245330721,0.04113758599987827,0.060182279669971576,0.04246544603210108,0.06187016338671059,0.02570856907003363,-0.005123930898880604,0.007492122337033819,-0.00432250037551333,0.006603576081079414,-0.012495591688177354,0.1333109603091322,0.12580465304860744,-0.0895283980137439,-0.005387571303443411,0.04338648539339918,0.05351244444079014,0.10558043473057048,0.08661639392201977,-0.04629374085184618,-0.03146989482369161,-0.07281501017755192,5.83733046801477,5.475750447516584,3.9514294614389733,4.958849396489944,3.9190600078825377,4.406612141029384,4.019987868712565,1.586121337304622,1.8582659357937084,1.9092948874172693,1.3583611591900417,1.4959314814984062,8.020083569683768,8.565054738418487,15.88673161236695,5.600802559836441,11.923549697447179,4.63322169292234,6.668999772623238,6.040354511162093,38.05782572137887,1.2627883545299186,4.388309995344785,-0.73,-0.73,0.19300000000000006,-0.57,-0.6699999999999999,-0.6099999999999999,0.20999999999999996,-0.594,-0.33199999999999996,-0.06699999999999995,-0.42699992656707764,-1.4619999900460243,-0.75,-0.8099999999999999,-0.5970000000000001,0.5249999999999999,0.062000000000000055,0.9137463600763094,0.42067307692307865,4.477151090983953,-0.17818253811125778,7.9646225584045,-4.0442616529573145,21.343833094702397,4.730222384250818,21.8494824825874,10.785585349576769,6.963324671666757,14.546128374561945,2125.397190881879,418.6022923217365,11.842105263157894,-5.88235294117647,3.75,0.0,-6.083650190114074,-3.0927835051546393,-17.073170731707314,1.1115561786501096,-45.410002773412224,4.417262835433962,4.22688034563752,88.55643886457881
202102,0.01226898317582492,-0.016053113993252363,0.031185328827365095,0.009264734754729222,0.02575687667253664,0.046013164546809183,0.0074400890719715,0.00613061378728226,0.008612744821580766,-0.013587589818728879,0.003004393292945813,0.0038565247511365883,0.16841590665029166,0.16395466530818084,0.07763973618487327,-0.06670261506449394,-0.018686491385856936,0.13609914083965927,0.01541980665770341,0.02540448306001375,-0.16881389964713064,-0.009950330853168092,-0.02571852928798912,7.491434718197752,7.465363719023025,3.733662386155973,6.253484052037835,4.155928561054176,6.869760275165872,5.544662665690193,1.803180437040946,2.1388900028362863,1.9603300007087618,1.5135418520052935,1.717631741399354,6.113933691678093,7.861027768772984,16.065386882359697,5.419147497802682,17.327034584002057,7.949269713187688,6.643750677587043,5.424317967140893,43.53435438739711,1.0792649137124268,3.462571715114713,-0.67,-0.67,0.34699999999999975,-0.43000000000000005,-0.53,-0.49,0.627,-0.43999999999999995,-0.08400000000000007,0.26900000000000013,0.3330000638961792,-1.1950000189244747,-0.75,-0.7899999999999999,-0.6210000000000001,0.4309999999999998,0.04799999999999993,1.1848579174615852,0.7211538461538449,6.412103746397698,0.9305088101366044,9.249580098427277,-1.9193106149627965,11.331560646348944,4.803135253372217,23.791718513421316,11.26643183415403,7.5015892218485325,15.704875831238835,2724.061708496431,453.5804848361903,7.894736842105263,-7.0588235294117645,1.25,-6.8493150684931505,-13.973384030418254,-8.24742268041237,0.0,2.183056278790313,-56.07608394194323,4.417262835433962,4.22688034563752,88.55643886457881,0.05024816623150033,0.0103079488633641,0.014241414697816373,0.026101466532103778,0.017002262287413236,0.030495471074516278,0.011334984511433097,0.0044376085540913796,0.009658205486566741,-0.002442958275313679,0.010311308402042281,-0.003428193695263037,0.10966660060472595,0.1016158421225583,-0.01309208471568756,-0.009057386311524987,0.0528048278977192,0.059952624879132055,0.09340310437401146,0.06149811596775728,0.10219451268959594,-0.028725898747017486,-0.09067637996124446,6.88083948221108,6.466812077043442,3.3511446131295792,5.029812512416863,3.7607465806706752,5.206643006232012,4.658038887106907,1.6811921771798228,1.9505001398278983,1.718710257338757,1.5146824886609354,1.5979449028964794,6.314498130333665,7.125050041590029,15.794646400221913,5.046495602126226,13.636629329549509,5.963821736368916,6.869415164814693,6.184619267026829,43.72044283943554,1.2148954961757112,4.259456680422192,-0.7,-0.7,0.2699999999999999,-0.5,-0.6,-0.5499999999999999,0.4185,-0.5169999999999999,-0.20800000000000002,0.10100000000000009,-0.04699993133544922,-1.3285000044852495,-0.75,-0.7999999999999999,-0.6090000000000001,0.47799999999999987,0.05499999999999999,1.0493021387689474,0.5709134615384618,5.444627418690826,0.37616313601267326,8.607101328415888,-2.9817861339600555,16.33769687052567,4.766678818811517,22.82060049800436,11.026008591865399,7.232456946757645,15.125502102900391,2424.729449689155,436.0913885789634,9.868421052631579,-6.470588235294118,2.5,-3.4246575342465753,-10.028517110266165,-5.6701030927835046,-8.536585365853657,1.6473062287202114,-50.74304335767773,4.417262835433962,4.22688034563752,88.55643886457881
202103,0.01595918604537617,0.045170777180631415,0.0641451572799228,0.004124220431275533,0.041562807282546625,0.007319379446458192,-0.019327392799502376,0.007185036182855507,-0.02853553255241649,-0.033143732789417145,-0.006772622917818084,0.02497961122162902,-0.03995281690345135,-0.03879153954911402,-0.060624573418581365,-0.008309369206091679,-0.07407301847004463,-0.022600599874651652,0.015628806617960324,0.022168395505666637,-0.3651441804917946,0.0,0.00997017231984985,4.073002707189193,4.283599448697526,3.826682187901865,8.206031102861735,4.64898091493333,5.481345953900149,5.8135026422611205,3.340505909195127,3.4123471466104385,3.600625201378198,1.129923273776052,1.4733822394480272,14.320880467261038,14.44508287616691,8.741804994321997,4.0800098892373615,7.047054318660542,7.590270644160365,7.89717382401242,6.610257430864538,34.405017011297566,0.0,2.3273543079310466,-0.21000000000000008,-0.21000000000000008,-0.016999999999999904,-0.44000000000000006,-0.41999999999999993,-0.3899999999999999,0.506,-0.29900000000000004,0.06299999999999994,0.30499999999999994,1.0480000376701355,-0.016999999061226803,-0.75,-0.69,-0.5429999999999999,-0.07999999999999985,-0.8050000000000002,1.1827202565901642,0.6295593084840708,9.342023587833644,2.0955407686959973,10.32953401830226,0.6113537117904024,10.109204368174725,15.685654008438824,26.739118433334564,12.328608510759743,8.425919768257225,17.39270798556213,1222.8413539028322,193.8533319809311,11.842105263157894,2.3529411764705883,10.0,-4.10958904109589,-9.6958174904943,-4.123711340206185,39.02439024390246,4.215902263168429,-60.40954053804197,7.284409292195108,7.277938917062523,162.4703124164738,0.02111949553595736,-0.004243385396429357,0.024912190444884307,0.009147638155601857,0.01870684876806492,0.020429562856985058,-0.003004047740614222,0.012282903585381269,-0.003912166343417257,-0.011942425475154202,0.010122931687765851,0.011975595276072828,0.06809316957105692,0.06608984725099104,0.008937781059383232,-0.033167509464453314,-0.02380606494988861,0.04342968443199067,0.0511375029936711,0.02945228559231149,-0.053097366330354896,-0.028725898747017486,-0.09390396848842579,6.692145897222442,6.083660520693649,3.9030496961728254,6.7615678182536385,4.520649718910197,5.851501791632809,5.265924762714765,2.197823140721384,2.4607488429193567,2.323521869730944,1.3600098283613633,1.5850403301325233,9.250561024626753,9.901897899847375,12.476335604575128,5.09465823970564,12.743572927444717,7.110174234362234,8.008726473520094,6.852284597439933,47.27381557630343,1.2148954961757112,3.9346721645764404,-0.5366666666666667,-0.5366666666666667,0.1743333333333333,-0.48,-0.5399999999999999,-0.4966666666666666,0.44766666666666666,-0.4443333333333333,-0.1176666666666667,0.16900000000000004,0.31800005833307904,-0.8913333360105753,-0.75,-0.7633333333333333,-0.5870000000000001,0.292,-0.23166666666666672,1.093774844709353,0.5904620771869982,6.743759475071765,0.9492890135737811,9.181245558378011,-1.784072852043236,14.261532703075355,8.406337215353952,24.126773143114423,11.46020856483018,7.630277887257505,15.88123739712097,2024.1000844270475,355.3453697129526,10.526315789473683,-3.5294117647058822,5.0,-3.65296803652968,-9.917617237008876,-5.154639175257731,7.317073170731715,2.503504906869617,-53.96520908446581,5.372978321021011,5.243899869445854,113.19439671521047
202104,0.027844055916812632,0.028131106471263847,0.026724559376171096,0.05262672664754706,0.05109733046805641,-0.012628582462420986,0.0014371785240354803,-0.018417272690666793,0.015104053387935001,-0.0015041183683304664,-0.0011041698056303666,-0.021137902134963932,0.056747375231901466,0.07205334901852238,0.11676000035384664,0.030739830098244218,0.05305991059738707,0.11235580197386559,0.2711527705005703,0.08932874086777019,-0.041573942954768614,-0.030459207484708574,-0.05715841383994864,2.915736608757716,3.667333935368698,2.5458282751292605,4.0399262962304485,2.863448695684446,4.719329140926313,3.0218317451504664,1.176153419592553,0.9100577265453307,1.1707967766537217,1.2419776461272802,1.3332362846674104,6.326419683799953,7.556852108206998,6.477963451523811,3.1436798618009076,5.897226006154246,9.7080038848516,8.7071279437747,5.8455565273639465,22.052185123250815,1.5949462829109964,2.747654337556684,-0.27,-0.27,-0.30400000000000005,-0.29000000000000015,-0.31000000000000005,-0.30000000000000004,0.6100000000000001,-0.22999999999999998,0.135,0.3839999999999999,1.0090000629425049,-0.0870000035502016,-0.75,-0.48,-0.346,-0.43900000000000006,-0.7849999999999999,1.4347346242600507,1.0726817042606447,7.933918009382011,4.0981963927855745,11.162444286695138,5.936298195444246,14.791704899981639,19.19762809228203,26.239363887645734,12.100723370319043,8.512931796961027,19.541450831533243,-0.8129118234989211,-3.548724795557654,26.153846153846157,22.36842105263158,27.77777777777778,12.5,-0.5117707267144319,1.0752688172043012,19.51219512195124,4.949899799599197,-59.99087591240876,7.284409292195108,7.277938917062523,162.4703124164738,0.018690741712671245,0.019082923219547628,0.040685015161153006,0.022005227277850602,0.03947233814104655,0.013567987176948798,-0.003483375067831798,-0.0017005409068430073,-0.0016062447809669072,-0.016078480325492164,-0.0016241331435008794,0.0025660779459338924,0.0617368216595806,0.06573882492586307,0.04459172104004617,-0.014757384724113797,-0.013233199752838149,0.07528478097962439,0.10073379459207803,0.04563387314448353,-0.19184400769789792,-0.013469846112625555,-0.02430225693602932,4.82672467804822,5.13876570102975,3.3687242830623667,6.1664804837100045,3.8894527238906496,5.690145123330779,4.793332351033926,2.106613255276209,2.1537649586640186,2.2439173262468937,1.2951475906362087,1.5080834218382637,8.920411280913028,9.954320917715629,10.428385109401836,4.214279082946984,10.09043830293895,8.415848080733218,7.749350815124721,5.960043975123125,33.3305188406485,0.8914037322078077,2.8458601202008147,-0.38333333333333336,-0.38333333333333336,0.0086666666666666,-0.3866666666666667,-0.42,-0.3933333333333333,0.5810000000000001,-0.323,0.03799999999999996,0.3193333333333333,0.7966667215029398,-0.4330000071786344,-0.75,-0.6533333333333332,-0.5033333333333334,-0.02933333333333336,-0.5140000000000001,1.2674375994372669,0.8077982862995201,7.896015114537785,2.3747486572060588,10.247186134474893,1.5427804307572843,12.07748997150177,13.22880578469769,25.590066944800537,11.898587905077605,8.146813595688927,17.54634488277807,1315.3633835252547,214.6283640071879,15.29689608636977,5.887512899896801,13.00925925925926,0.5136986301369865,-8.060324082542328,-3.7652884011380845,19.512195121951233,3.782952780519313,-58.82550013079799,6.328693806608059,6.260919393254189,137.83235456584214
202105,0.017652144710665483,-0.0016995295989300438,0.019139663199591428,-0.015440833008166508,0.00547149271672327,0.0016454655480778076,0.04776091862960718,0.000316203478633934,0.00903830125924713,-0.005110087678887107,0.01471845565399479,-0.013788757619111322,0.03477845102712283,0.042192521943593984,0.018591059780934213,0.07371582491143333,0.07952780684193198,0.0444323032303706,-0.11934675763256625,-0.026117879870153942,-0.10470399474075505,0.0,0.012526259819180256,4.260027331366627,5.4822206201379915,3.589266679517284,5.681777499115891,3.9731672800771514,6.857091564790101,3.7395140306120123,2.3701952625847937,1.9058148558532675,1.634712678309114,1.427178088095218,1.6702492141975336,7.579557808341197,8.39222878225575,7.437108808443477,3.113093019468816,7.452935714352504,6.662398841940866,13.195671418165418,5.607054015683705,47.42113859661694,0.0,2.9735808362738196,0.020000000000000018,0.020000000000000018,-0.21299999999999986,-0.020000000000000018,-0.08999999999999997,-0.07000000000000006,0.8049999999999997,-0.05899999999999994,0.40100000000000013,0.6420000000000001,0.9329999685287476,-0.12000000569969412,-0.25,-0.3600000000000001,-0.23399999999999999,-0.6139999999999999,-0.5350000000000001,1.604331695578055,1.2225673915221953,7.885304659498196,6.014353583341745,12.084339587590565,11.126788953839958,41.94036804099698,34.38366006363543,25.1817539560577,12.188452337291732,8.893999014613515,18.774508448469923,22.829233608153178,21.991833425038372,58.92857142857143,45.588235294117645,58.333333333333336,45.28301886792453,27.088607594936715,14.457831325301203,2.3809523809523725,6.390033155832412,-60.13471177944862,7.284409292195108,7.277938917062523,162.4703124164738,0.020485128890951432,0.023867451350988403,0.03666979328522845,0.013770038023552025,0.03271054348910877,-0.0012212458226283293,0.009956901451380095,-0.0036386776763924493,-0.0014643926350781198,-0.01325264627887824,0.0022805543101821132,-0.0033156828441487443,0.017191003118524322,0.025151443804334112,0.024908828905399815,0.03204876193452863,0.01950489965642482,0.04472916844319485,0.055811606495321464,0.028459752167760963,-0.17047403939577274,-0.010153069161569524,-0.011553993900306194,3.749588882437845,4.4777180014014055,3.32059238084947,5.975911632736024,3.828532296898308,5.685922219872189,4.1916161393412,2.295618197124158,2.0760732430030124,2.1353782187803447,1.26635966933285,1.4922892461043238,9.408952653134063,10.131387922209887,7.552292418096428,3.445594256835695,6.799072013055766,7.986891123650943,9.933324395317513,6.020955991304063,34.626113577055115,0.5316487609703321,2.6828631605871833,-0.15333333333333335,-0.15333333333333335,-0.17799999999999994,-0.25000000000000006,-0.2733333333333333,-0.25333333333333335,0.6403333333333333,-0.19599999999999998,0.1996666666666667,0.44366666666666665,0.996666689713796,-0.07466666943704084,-0.5833333333333334,-0.51,-0.37433333333333324,-0.3776666666666666,-0.7083333333333335,1.4072621921427568,0.974936134755637,8.387082085571285,4.069363581607772,11.192105964195989,5.891480287024869,22.28042576971778,23.088980721452092,26.053412092345997,12.205928072790172,8.610950193277255,18.569555755188432,414.95255856249554,70.7654802034706,32.30817428185849,23.436532507739937,32.03703703703704,17.891143275609547,5.6270064592426605,3.80312960076644,20.305845915602024,5.185278406200013,-60.17837607663312,7.284409292195108,7.277938917062523,162.4703124164738
202106,0.02854084499071009,0.04790792708246906,-0.0007804356417354416,0.053473838990798675,0.021970872566122474,-0.0023781058083173464,-0.006738226588121465,0.02022799707159193,-0.01093351393853621,0.0053352069876751815,-0.001433445387503949,0.026416877255354857,0.07602444031427018,0.10238567002169868,0.2007924741650243,-0.07173736130380683,-0.06753180519547507,-0.08603134518030953,0.0919477834444518,-0.054030922970847155,-0.057088239637029733,0.0,0.23387415365929667,2.1561901319872554,2.273164216978218,3.057627910658744,2.88930520557984,2.4118905980700887,4.9027346558654905,2.559472994321013,2.012136353431759,1.4348427601701315,1.681097408532744,1.3476596092041757,1.4919205207098476,4.196330879608502,4.698645214790926,8.235535242360456,5.3459773276885905,8.327848031549877,7.958929016102358,12.539558581032379,13.448161609177102,29.21932997991019,0.0,8.043408780888134,0.06000000000000005,0.06000000000000005,-0.28400000000000003,0.2899999999999999,0.08000000000000007,0.15000000000000002,0.7190000000000001,0.239,0.606,0.6280000000000001,0.7899999618530273,-0.0950000062584877,-0.25,-0.33999999999999997,-0.16800000000000004,-0.8899999999999999,-0.525,1.5496900619875997,1.1908335835084536,6.815642458100552,6.558205335489096,13.003350841188682,12.627883650952862,49.02589395807646,39.4416929311121,24.638818128195318,11.293862449734506,8.277895266370981,17.522708077073474,-89.4965407131453,1128.6493563168228,84.61538461538461,85.0,89.47368421052632,64.0,43.679775280898866,21.518987341772153,-4.761904761904765,8.966350997380609,-56.8702394277758,9.587155960455656,9.581148688082665,50.43567244763146,0.02467901520606274,0.02477983465160095,0.015027928978009038,0.030219910876726402,0.026179898583634047,-0.004453740907553508,0.014153290188507065,0.0007089759531863591,0.0044029469028819745,-0.00042633301984746404,0.004060280153620159,-0.002836594166240132,0.05585008885776483,0.07221051366127168,0.11204784476660172,0.010906097901956915,0.021685304081281345,0.023585586674642223,0.08125126543748529,0.0030599793422563665,-0.06778872577751777,-0.010153069161569524,0.06308066654617607,3.1106513573705326,3.8075729241616365,3.0642409551017633,4.203669666975391,3.082835524610561,5.493051787193969,3.1069395900278303,1.8528283452030354,1.4169051141895768,1.4955356211651933,1.3389384478088913,1.4984686731915973,6.0341027905832165,6.882575368417892,7.3835358341092485,3.8675834029861047,7.226003250685544,8.109777247631609,11.48078598099083,8.300257384074918,32.89755123325932,0.5316487609703321,4.58821465157288,-0.06333333333333331,-0.06333333333333331,-0.26699999999999996,-0.006666666666666747,-0.10666666666666665,-0.07333333333333336,0.7113333333333333,-0.016666666666666646,0.3806666666666667,0.5513333333333333,0.9106666644414266,-0.1006666718361278,-0.4166666666666667,-0.39333333333333337,-0.24933333333333332,-0.6476666666666666,-0.6150000000000001,1.5295854606085684,1.1620275597637646,7.54495504232692,5.556918437205472,12.083378238491461,9.896990266745687,35.25265563301836,31.007660362343188,25.353311990632918,11.861012719115095,8.561608692648507,18.61288911902555,-22.493406309497015,382.3641549821012,56.565934065934066,50.98555211558307,58.52826510721248,40.594339622641506,23.418870716373714,12.350695828092553,5.7104142469996155,6.7687613176040715,-58.99860903987773,8.051991514948623,8.04567550740257,125.12543242685969
202107,-0.029040312244925676,0.0011450719070932695,0.012470484860964904,0.011566200337140859,0.022493175922251307,-0.0537958054128079,-0.0554877038453051,0.01102261410349079,0.013979793131808794,0.02668972858231407,0.020164836506327954,-0.0029251336773783417,0.015846159975700668,0.006511971641780496,0.06983268402308053,0.023330815719562692,-0.02464679062058343,0.04193391100766568,-0.27480240958811986,-0.02461071939198687,0.14171010302449763,0.0,0.006546668226314368,3.014852447760582,3.100444555730415,3.6017325244628178,3.481301573819273,3.3843631178778324,4.356139818295383,4.675060604980375,1.8785609804002892,1.5785989308839292,2.3460483218310983,1.186468535234985,1.252501834554787,9.926919840455305,11.183025631403094,8.3964394489814,2.6185631267253733,6.472039336319294,7.1115995361589235,21.178840349898056,5.224381761836378,39.49247413393666,0.0,6.389689224860445,0.06999999999999995,0.06999999999999995,-0.33000000000000007,0.3799999999999999,0.18000000000000005,0.25,0.5780000000000001,0.278,0.621,0.607,0.7029999494552612,-0.0429999977350235,0.0,-0.13,0.07900000000000007,-0.9510000000000001,-0.543,1.487322818925928,1.1197760447910463,5.958654235914061,6.574846687443457,13.933121019108283,13.043478260869563,40.549978175469235,40.30045721750489,22.608522549675303,10.695299492565127,7.68575572425412,15.717178580263772,470.55964583032574,227.8574336243159,95.91836734693877,119.6078431372549,111.76470588235294,44.642857142857146,35.08322663252242,14.117647058823529,-11.11111111111111,10.942065491183879,-53.797132235793946,9.587155960455656,9.581148688082665,50.43567244763146,0.00571755915214997,0.015784489796877424,0.010276570806273639,0.016533068773257668,0.016645180401699013,-0.01817614855768248,-0.004821670601273131,0.010522271551238888,0.004028193484173238,0.008971615963700715,0.01114994892427293,0.0032343286529550653,0.042216350439031235,0.05036338786902438,0.09640540598967967,0.008436426442396406,-0.004216929658042156,0.00011162301924225182,-0.1007337945920781,-0.03491984074432932,-0.006694043784429005,0.0,0.08431569390159709,3.143689970371488,3.6186097976155422,3.416209038212949,4.017461426171667,3.2564736653416895,5.371988679650326,3.6580158766378,2.086964198805614,1.639752182302443,1.8872861362243187,1.3204354108447929,1.4715571898207227,7.2342695094683345,8.091299876149924,8.023027833261777,3.69254449129426,7.417607694073893,7.244309131400716,15.638023449698617,8.09319912889906,38.71098090348793,0.0,5.802226280674134,0.05000000000000001,0.05000000000000001,-0.27566666666666667,0.2166666666666666,0.05666666666666672,0.10999999999999999,0.7006666666666667,0.1526666666666667,0.5426666666666667,0.6256666666666667,0.8086666266123453,-0.08600000323106843,-0.16666666666666666,-0.27666666666666667,-0.10766666666666665,-0.8183333333333334,-0.5343333333333334,1.547114858830528,1.1777256732738985,6.88653378450427,6.382468535424766,13.006937149295844,12.266050288554126,43.83874672484756,38.04193673741747,24.14303154464277,11.392538093197123,8.28588333507954,17.338131701935726,134.6307795751112,459.4995411220591,79.8207744636316,83.39869281045752,86.52390780873753,51.30862533692723,35.28386983611933,16.698155241965626,-4.497354497354501,8.766149881465632,-56.93402781433946,8.819573737702138,8.813412097742619,87.78055243724559
202108,-0.0009529035808425053,0.006948610453356172,0.012099285918686638,0.03919799664299267,0.028578143159792575,0.029111814841599335,0.04224039499976567,0.014162224467114381,0.006342992578484912,0.008231563221781965,0.009124304114342448,0.004978355475315246,-0.04474365360294206,-0.0765554026207742,0.111803647344983,0.0013232025473544533,-0.06339014915753108,-0.02726260873981796,-0.024052963461786415,-0.0855505736091961,-0.10146947539343557,0.14378789279171184,0.21495349734416536,4.250159943028174,5.805144958827212,2.4953551452576153,2.9699649916480024,2.326061318536053,3.9551914724944144,4.220032078962251,2.3904647757434803,2.1140287013110046,2.686867797674339,1.71984237762648,1.3472554994412644,10.26019643491657,10.11894985763897,10.856371704407517,4.385211908550385,7.521361267688822,6.323131848944371,6.41608687977272,8.249956271193998,35.34434795195395,14.378789279171182,7.4298488582854425,0.35,0.35,-0.43499999999999983,0.4,0.28,0.33000000000000007,0.3959999999999999,0.3420000000000001,0.45500000000000007,0.44100000000000006,0.6110000014305115,-0.054999999701976804,0.0,-0.10000000000000009,0.22100000000000009,-0.8899999999999999,-0.359,1.7707082833133356,1.2778276929220336,5.648008068582949,7.372855853144758,14.256465393985836,17.34754882423276,31.465647319183184,38.1386495692246,21.370569570317464,10.278580774387503,7.912773278875604,16.298809165352463,42.53031933979188,46.33546483030006,92.15686274509804,116.98113207547169,91.22807017543859,35.0,34.58737864077669,13.793103448275861,-11.627906976744185,12.058379466532465,-44.33394846558677,9.587155960455656,9.581148688082665,50.43567244763146,-0.0004841236116860258,0.018667203147639495,0.007929778379305375,0.03474601199031073,0.024347397216055444,-0.009020698793175306,-0.006661845144553635,0.015137611880732371,0.0031297572572524996,0.013418832930590407,0.009285231744388818,0.00949003301776392,0.015708982229009603,0.010780746347568324,0.12747626851102925,-0.01569444767896322,-0.05185624832452984,-0.0237866809708206,-0.06896919653515149,-0.05473073865734337,-0.005615870668655848,0.047929297597237276,0.1517914397432588,3.1404008409253366,3.7262512438452817,3.051571860126393,3.11352392368237,2.7074383448279904,4.404688648885096,3.8181885594212126,2.093720703191843,1.709156797455022,2.2380045093460605,1.4179901740218803,1.3638926182352995,8.127815718326794,8.66687356794433,9.162782131916458,4.116584120988116,7.440416211852665,7.131220133735218,13.378161936901051,8.974166547402492,34.6853840219336,4.7929297597237275,7.287648954678008,0.16,0.16,-0.3496666666666666,0.35666666666666663,0.18000000000000005,0.24333333333333337,0.5643333333333334,0.2863333333333334,0.5606666666666666,0.5586666666666668,0.7013333042462667,-0.06433333456516267,-0.08333333333333333,-0.19000000000000003,0.04400000000000004,-0.9103333333333333,-0.4756666666666667,1.6025737214089544,1.1961457737405112,6.1407682541991875,6.8353026253591045,13.730979084760934,14.339636912018397,40.347173150909626,39.2935999059472,22.872636749396026,10.755914238895713,7.9588080898335685,16.512898607563237,141.19780815232411,467.6140849238129,90.89687156914049,107.19632507090887,97.48882008943929,47.88095238095238,37.783460184732654,16.47657928295718,-9.166974283253355,10.655598651698982,-51.66710670971884,9.587155960455656,9.581148688082665,50.43567244763146
202109,-0.04162951971949682,-0.034348926325868646,-0.043842472934896105,-0.054589091327473964,-0.04873779278283316,0.04738700223237034,0.006813751384232285,0.021613592543723477,0.002937603680178535,0.009909126599277543,0.019260549595303968,0.017337792713291503,0.07303091045956625,0.09105427201992373,0.2929799224084754,-0.033445657419113074,-0.08438919567005505,-0.06392708062124983,0.0051365977986955,-0.03347019538529313,0.3394151986846549,0.05218575317057004,0.011772536225267194,3.1232805095623624,3.876792376747429,3.861325782046604,4.2738714540650165,3.6888227218233345,4.59090551238939,4.104076197266704,1.9934800858692336,1.8715897727937525,2.1944395560441863,1.2733146302238365,1.1690906627434445,6.221968889547584,6.4168190004285615,19.4116872932485,4.165250196802101,8.975577581167705,8.517613735037118,8.565682530962833,4.357094754720542,42.60452443535258,1.8006130025329634,2.095379058236817,0.37,0.37,-0.14400000000000013,0.47999999999999987,0.2899999999999999,0.29999999999999993,0.8070000000000002,0.42800000000000005,0.747,0.8220000000000001,0.8520000576972961,-0.0570000000298023,0.0,0.08999999999999997,0.32999999999999985,-0.891,-0.08500000000000019,1.877559173075012,1.3351933041052246,4.322200392927314,7.406667997604299,15.071447217587702,18.913260219341975,35.084146210740684,45.22376627639785,20.697569058287478,10.817559853121795,8.38051663116321,15.622585298212972,0.2696930701201957,-16.41610776401046,64.40677966101694,96.61016949152543,67.1875,21.53846153846154,21.933962264150956,10.344827586206897,-19.999999999999996,13.291712818447287,-47.38081224249559,10.498238680288491,10.522866111184264,389.73574664796115,-0.023874245181755,-0.008751747988473073,-0.006424234051748179,-0.0012749647824468167,0.0007778420997369024,0.007567670553720592,-0.002144519153769052,0.01559947703810955,0.007753463130157415,0.014943472801124525,0.016183230071991458,0.006463671503742804,0.014711138944108295,0.0070036136803100085,0.158205417925513,-0.0029305463840653017,-0.05747537848272317,-0.016418592784467365,-0.09790625841707025,-0.047877162795492034,0.12655194210523904,0.06532454865409396,0.07775756726524896,3.462764300117039,4.260793963768353,3.319471150589012,3.5750460065107625,3.133082386079072,4.30074560105973,4.333056293736443,2.0875019473376675,1.854739134996229,2.4091185585165413,1.3932085143617672,1.256282665579832,8.803028388306487,9.239598163156876,12.888166148879138,3.72300841069262,7.656326061725275,7.317448373380138,12.05353658687787,5.943810929250307,39.14711550708106,5.393134093901382,5.304972380460902,0.2633333333333333,0.2633333333333333,-0.303,0.41999999999999993,0.25,0.29333333333333333,0.5936666666666667,0.34933333333333333,0.6076666666666667,0.6233333333333334,0.722000002861023,-0.05166666582226753,0.0,-0.04666666666666671,0.21,-0.9106666666666667,-0.32900000000000007,1.7118634251047584,1.2442656806061017,5.309620899141441,7.118123512730837,14.420344543560608,16.43476243481477,35.6999239017977,41.22095768770911,21.55888705942675,10.597146706691476,7.993015211430979,15.879524347943066,171.11988608007928,85.9255968968685,84.16066991768459,111.06638156808401,90.06009201926385,33.727106227106226,30.53485584581669,12.751859364435427,-14.24633936261843,12.097385925387876,-48.50396431462544,9.890850200399933,9.8950544957832,163.53569718107468
202110,-0.032502285340895665,-0.01096423314884659,0.056734650983363284,0.07013997963813785,0.0668581752839893,-0.01919563088542275,-0.00585478580089724,-0.013908646116151044,-0.0030985951593240895,-0.03399261632693644,0.0,-0.0013802332872541179,0.07197704749037108,0.10779658307350298,-0.07814121146800998,0.01565752858330233,0.08376298168317235,0.06747583783853714,0.05702902597376217,-0.016253994841075342,-0.35285457719302016,0.049596941139372186,0.1472534579651653,4.692704581397678,7.552177830119393,3.018781168576966,3.9179985964553743,3.050829507195975,5.678412164103002,3.017059464241116,1.9339459048393628,1.411644244486898,2.52279472328873,1.5146106113412847,1.3535166728468182,5.1462510507604176,5.426622268823724,24.49702961807916,3.2621268722617986,5.7609934194223,8.660937575126761,5.460537538961689,4.505451158539031,22.822913620353365,1.8212645318215521,5.640651168310353,0.24,0.24,0.32600000000000007,0.7599999999999999,0.4700000000000001,0.55,1.0290000000000001,0.7299999999999999,1.1680000000000001,1.1699999999999997,0.6970000267028809,-0.0349999964237213,0.25,0.35,0.368,-0.8420000000000001,-0.12400000000000011,1.9744714798564058,1.417731629392973,2.9392117568470257,7.591153616258224,15.900594541032333,20.416916018352282,18.561381643372215,33.86773547094188,20.37597727131331,11.337035890203119,8.624012214525312,15.114148502478889,2.0231832640078324,-12.168813343130864,43.93939393939394,75.38461538461539,56.71641791044776,22.727272727272727,15.65315315315316,7.865168539325842,-16.129032258064516,14.876698540513338,-48.4443827824217,10.498238680288491,10.522866111184264,389.73574664796115,-0.025028236213744993,-0.012788183007119694,0.008330487989051281,0.018249628317885513,0.015566175220316232,0.019101062062848975,0.01439978686103357,0.007289056964895606,0.00206066703311312,-0.005283975501958978,0.009461617903215471,0.006978638300450878,0.03342143478233176,0.04076515082421751,0.10888078609514946,-0.005488308762818756,-0.021338787714804578,-0.007904617174176879,0.012704220103557087,-0.045091587945188194,-0.038302951300600234,0.08185686236721802,0.12465983051153262,4.022048344662738,5.7447050552313454,3.1251540319603954,3.720611680722796,3.0219045158517868,4.74150304966227,3.7803892468233573,2.105963588817359,1.799087572863885,2.4680340256690854,1.5025892063972004,1.2899542783438422,7.209472125074858,7.3207970422970865,18.255029538578395,3.9375296592047615,7.419310756092943,7.833894386369418,6.814102316565748,5.7041673948178575,33.59059533588663,6.000222271175232,5.055293028277538,0.32,0.32,-0.0843333333333333,0.5466666666666665,0.3466666666666667,0.39333333333333337,0.7440000000000001,0.5,0.79,0.8109999999999999,0.7200000286102295,-0.04899999871850014,0.08333333333333333,0.11333333333333329,0.3063333333333333,-0.8743333333333334,-0.18933333333333344,1.8742463120815847,1.3435842088067436,4.303140072785763,7.456892489002427,15.076169050868623,18.89257502064234,28.37039172443203,39.076717105521446,20.814705299972754,10.811058839237473,8.305767374854709,15.678514322014772,14.94106522463997,5.916847907719579,66.83434544850297,96.32530565053749,71.71066269529545,26.42191142191142,24.05816468602693,10.6676998579362,-15.918979744936232,13.408930275164364,-46.71971449683468,10.194544440344213,10.20896030348373,276.6357219145179
202111,-0.045335456534270145,-0.02727498735479229,-0.03800678129938682,0.002532588017387762,-0.008368625655205266,-0.03777016311007515,0.00465456316619763,0.019821603251814507,-0.01691831233016339,0.018171714492984117,0.018145386142326997,0.019673404079860214,-0.17872525345773954,-0.23330629325684102,-0.1723457210394373,-0.005285973326297307,-0.05053527907392537,-0.02253526307502066,-0.0022021590049005418,-0.015083857124258386,0.5141411600900334,0.18366474034042232,0.13029946400507822,4.44733839131766,5.2942845639285405,2.6829218060149027,4.026535367084981,2.9090577198671697,5.159798757926257,2.606601157660009,2.863612598329088,3.6620975227861834,3.3521615666158673,1.1212967633258926,1.61632442759403,8.939854918487935,10.924189191599787,23.637516839680877,4.435400939024476,7.230925032491504,5.303396307640308,5.4415948348461205,5.588860626121519,34.2085260348213,10.046405333658775,7.461475244365938,0.46699999999999997,0.46699999999999997,0.13800000000000034,0.83,0.6500000000000001,0.7000000000000001,0.554,0.5760000000000001,0.816,0.671,0.5989999771118164,-0.027000002562999698,0.25,0.45000000000000007,0.4979999999999999,-0.6779999999999995,0.040000000000000036,2.764976958525351,2.341708542713566,1.7835002384358651,9.141828365673135,16.33744211538891,26.09317531671435,25.322091701402037,39.067492012779546,19.808025770402768,11.160145850068586,8.841575376982401,13.720609117903473,-14.187202109319538,-22.14939199031113,32.35294117647059,63.63636363636363,47.76119402985074,27.419354838709676,30.12499999999999,12.941176470588237,-24.999999999999996,14.785373608903015,-51.10388922250875,10.498238680288491,10.522866111184264,389.73574664796115,-0.03982242053155421,-0.02419604894316918,-0.008371534416973204,0.006027825442683876,0.0032505856153169518,-0.003192930587709189,0.0018711762498442247,0.009175516559795647,-0.0056931012697696475,-0.0019705917448915936,0.012468645245876988,0.011876987835299202,-0.011239098502600733,-0.011485146054471438,0.014164329967009373,-0.0076913673873693425,-0.017053831020269337,-0.006328835285911112,0.01998782158918571,-0.02160268245020895,0.1669005938605561,0.09514914488345484,0.09644181939850356,4.087774494092567,5.574418256931788,3.1876762522128246,4.072801805868456,3.2162366496288257,5.143038811472883,3.2425789397226095,2.2636795296792283,2.3151105133556116,2.689798615316261,1.303074001630338,1.379643921061431,6.769358286265312,7.589210153617358,22.515411250336182,3.954259336029459,7.322498677693837,7.493982539268063,6.489271634923547,4.81713551312703,33.211988030175746,4.556094289337763,5.065835156971037,0.359,0.359,0.10666666666666676,0.69,0.47000000000000003,0.5166666666666667,0.7966666666666669,0.578,0.9103333333333333,0.8876666666666666,0.7160000205039978,-0.039666666338841104,0.16666666666666666,0.2966666666666667,0.39866666666666656,-0.8036666666666665,-0.05633333333333342,2.205669203818923,1.6982111587372544,3.0149707960700685,8.046549993178553,15.769827958002983,21.807783851469537,26.322539851838314,39.38633125337309,20.29385736666785,11.1049138644645,8.61536807422364,14.819114306198443,-3.96477525839717,-16.91143769915082,46.899704925627155,78.54371617083481,57.221703980099505,23.895029701481317,22.570705139101364,10.383724198706991,-20.376344086021504,14.317928322621214,-48.976361415808675,10.498238680288491,10.522866111184264,389.73574664796115
202112,0.04767896272427299,0.06838995050931203,0.05238501060784439,0.006880729199726844,0.04268864816139665,0.03426909113614237,0.021070633517770165,-0.0007140762069799283,0.002089690953429053,-0.01202067101032238,0.0017697695874952027,-0.0033392465699278884,0.0972791923449969,0.1279058815605993,-0.2024482762222958,0.029937547087090434,0.02443007591280277,0.04054146167152897,0.045256591588120856,0.08764443459334734,-0.4567778191613719,0.04590970130407795,-0.016890615164423622,3.7547815635904818,3.8165317756843784,4.398122623379175,6.7549707432380846,4.76340681971301,5.22751541270503,3.0737421025949447,1.4763104459758245,3.6299775017179017,1.5392099278723446,1.3365537341503064,1.2536677872585593,8.856072527248552,9.692981678987877,21.434990569777785,3.198685734146027,6.683882658487121,5.285079102586919,3.816097582142223,4.648643884815432,43.585667593162604,1.3800946791238338,2.451288150368506,0.8270000000000001,0.8270000000000001,0.20699999999999985,0.81,0.5999999999999999,0.7000000000000001,0.5369999999999999,0.6090000000000001,0.8220000000000001,0.6760000000000002,0.5949999690055847,-0.03199999779462819,0.25,0.5099999999999999,0.639,-0.6150000000000002,0.14,2.441211638102833,1.8969648562300379,5.936388779138686,9.834099540275838,15.959992501350856,25.50810921781974,26.9016018306636,42.854378326076436,18.56501776340916,11.210882972900853,8.739139824610206,17.089545958978654,-40.85402615776654,-43.91173784936317,13.924050632911392,34.61538461538461,23.456790123456788,21.73913043478261,16.251354279523294,7.6923076923076925,-24.324324324324333,16.058829374937904,-47.290566603003406,9.611020938670736,9.91201926365504,-5.617049196262596,-0.010052926383630935,0.010050243335224375,0.023704293430606965,0.026517765618417483,0.03372606593006022,-0.007565567619785179,0.006623470294356852,0.0017329603095611794,-0.005975738845352809,-0.0092805242814249,0.006638385243274067,0.0049846414075594035,-0.003156337874123847,0.0007987237924204175,-0.15097840290991438,0.013436367448031826,0.01921925950734994,0.028494012145015152,0.0333611528523275,0.018768860876004538,-0.09849707875478615,0.09305712759462414,0.08688743560193996,4.298274845435273,5.554331389910772,3.3666085326570148,4.899834902259478,3.574431348925384,5.3552421115780975,2.8991342414986896,2.0912896497147586,2.901239756330328,2.471388739258981,1.3241537029391612,1.4078362958998027,7.647392832165635,8.681264379803798,23.18984567584594,3.6320711818107676,6.558600370133643,6.416470995117996,4.906076651983344,4.9143185564919944,33.53903574944575,4.415921514868054,5.184471521014934,0.5113333333333333,0.5113333333333333,0.22366666666666676,0.7999999999999999,0.5733333333333334,0.65,0.7066666666666667,0.6383333333333333,0.9353333333333333,0.839,0.6303333242734274,-0.03133333226044973,0.25,0.4366666666666667,0.5016666666666666,-0.7116666666666666,0.018666666666666647,2.3935533588281968,1.885468342778859,3.5530335914738593,8.855693840735732,16.066009719257366,24.006066850962124,23.59502505847929,38.59653526993262,19.583006935041748,11.23602157105752,8.734909138705973,15.308101193120338,-17.672681667692746,-26.07664772760172,30.072128582925306,57.87878787878788,42.644800687918426,23.961919333588337,20.676502477558813,9.49955090074059,-21.817785527462945,15.240300508118088,-48.94627953597794,10.202499433082572,10.319250495341189,257.95148136655325
202201,-0.11155335877973026,-0.16938406627338326,-0.03376390968003315,-0.09410297134330108,-0.05401822999928342,-0.06417731703642737,-0.07955381214870988,0.014865093935839938,0.0004381720742711557,0.013415317006186945,0.015894022294774962,0.00905268916494745,0.15928021712119564,0.1587557374885418,0.26750673130434344,-0.017943890701554308,-0.0408165777888815,-0.03123474880920533,0.053734475784225494,0.1148729834619685,0.36598113732272364,0.0500104205746612,0.2275426785846043,6.06784458613638,8.740767007011202,3.4579512136111625,8.246897342558333,5.13759252855269,7.143500051321714,4.184312969976318,1.6318299488653984,1.3229588555081058,1.9295907532160137,0.9675074130370963,1.8912113313906842,5.862969617457846,7.25624459841592,56.704673294819614,4.601795816522291,9.346926162688579,8.275180642722288,5.892269342506416,6.272350273278344,33.841908914228824,4.399828169689351,19.845997132823815,0.7569999999999999,0.7569999999999999,0.673,1.02,0.76,0.8399999999999999,0.8179999999999998,0.793,1.218,1.0759999999999998,0.6889998912811279,0.12499999254941939,0.5,0.61,0.6010000000000001,-0.5449999999999999,-0.11099999999999999,2.736318407960199,2.244165170556553,6.245690079795083,8.964696548988488,14.97171453437772,23.2574752525768,21.997471554993673,37.57723435732313,18.237937203095033,11.671297176907514,9.25419344126468,14.929219234770333,-32.388333040176306,-42.73993232803301,5.88235294117647,33.75,21.686746987951807,13.698630136986301,9.514170040485837,3.1914893617021276,-23.529411764705877,16.064177478458948,-40.33022861981372,9.611020938670736,9.91201926365504,-5.617049196262596,-0.0364032841965758,-0.04275636770628785,-0.00646189345719185,-0.028229884708728833,-0.006566069164364019,-0.02255946300345339,-0.017942871821580695,0.011324206993558175,-0.004796816434154394,0.00652212016294956,0.011936392674865721,0.008462282224959925,0.025944718669484338,0.017785108597433357,-0.035762421985796565,0.002235894353079614,-0.022307260316668017,-0.00440951673756567,0.03226296945581527,0.06247785364368582,0.1411148260837951,0.09319495407305382,0.11365050914175297,4.756654847014841,5.950527782208041,3.5129985476684134,6.342801150960464,4.270019022710955,5.843604740651,3.288218743410424,1.9905843310567704,2.871677960004064,2.273654082568075,1.1417859701710984,1.5870678487477579,7.8862990210647785,9.291138489667864,33.92572690142609,4.078627496564265,7.753911284555737,6.287885350983172,5.04998725316492,5.503284928071764,37.212034180737575,5.2754427274906535,9.91958684251942,0.6836666666666668,0.6836666666666668,0.33933333333333343,0.8866666666666667,0.6699999999999999,0.7466666666666667,0.6363333333333333,0.6593333333333334,0.952,0.8076666666666666,0.6276666124661764,0.02199999739726383,0.3333333333333333,0.5233333333333333,0.5793333333333334,-0.6126666666666666,0.02300000000000002,2.647502334862794,2.160946189833386,4.655193032456545,9.313541484979154,15.756383050372497,24.952919929036963,24.740388362353105,39.833034898726375,18.870326912302318,11.347441999958983,8.944969547619097,15.246458103884152,-29.143187102420796,-36.2670207225691,17.38644825018615,44.000582750582744,30.96824371375311,20.952371803492863,18.630174773336375,7.9416578415326855,-24.284578696343402,15.636126820766625,-46.241561481775285,9.906760185876655,10.115634879498115,126.16721608514531
202202,0.013366990617287917,0.009350458898470144,-0.03591164571200777,-0.03490580523502433,-0.03186276102171146,-0.017753905567425392,0.02956657712291066,-0.00841479660804907,0.001506252863322418,-0.012522020588248535,0.00473510644284669,0.0017593605463971306,0.10185695073108357,0.0823873496391194,-0.10185599823490848,0.05653303774003848,0.08414575530799237,0.02887507484512083,0.10815214259542223,0.09817271906333436,0.1941323140733758,0.0,-0.040722238921389334,5.295749293878514,9.215543355099527,5.186147558547612,9.262792918456082,6.479546131134061,5.122876198842478,3.5158400796286173,1.5768635188134763,1.9445543323448908,1.837583315591786,1.5474875323232562,1.7829105791385338,8.847054878291345,9.38160517950133,27.96815252981685,3.6283101821115697,6.1768647814130615,6.192792405805253,10.353702317296996,8.24890530814746,41.145246197788516,0.0,3.1227294307654194,0.7999999999999999,0.7999999999999999,0.8010000000000002,1.0899999999999999,0.73,0.8699999999999999,0.7149999999999999,0.8299999999999998,1.222,1.019,0.37899994850158714,0.2529999874532223,0.5,0.7099999999999999,0.727,-0.4209999999999998,-0.06400000000000017,3.0366180410836585,2.5954653937947487,5.754908598510497,8.905453118870158,13.937686799836582,22.034744408945695,22.781554289913647,35.49873902078443,15.920378718525182,11.742003513050324,9.526954725916546,15.076146783996117,-53.61152557297654,-60.34171590857038,15.853658536585366,36.708860759493675,24.691358024691358,20.588235294117645,15.138121546961328,7.865168539325842,-14.634146341463408,15.023520188161502,-6.8139963167587485,9.611020938670736,9.91201926365504,-5.617049196262596,-0.016835801812723112,-0.030547885621867044,-0.005763514928065501,-0.04070934912619953,-0.014397447619866083,-0.01588737715590347,-0.009638867169343018,0.0019120737069369814,0.0013447052970075428,-0.0037091248641279904,0.007466299441705618,0.0024909343804722316,0.1194721200657587,0.12301632289608684,-0.012265847717620302,0.022842231375191546,0.022586417810637898,0.012727262569148162,0.06904773665592286,0.10023004570621674,0.03444521074490924,0.031973373959579714,0.05664327483293045,5.039458481201792,7.257614045931703,4.3474071318459835,8.088220334750831,5.460181826466585,5.831297220956408,3.591298384066627,1.561667971218233,2.2991635631903,1.7687946655600484,1.2838495598368862,1.6425965659292592,7.855365674332582,8.776943818968377,35.36927213147142,3.809597244259963,7.402557867529588,6.584350717038153,6.687356413981878,6.389966488747079,39.52427423505998,1.9266409496043948,8.473338237985914,0.7946666666666666,0.7946666666666666,0.5603333333333333,0.9733333333333333,0.6966666666666667,0.8033333333333332,0.6899999999999998,0.7440000000000001,1.0873333333333333,0.9236666666666666,0.5543332695961,0.11533332740267116,0.4166666666666667,0.6099999999999999,0.6556666666666667,-0.527,-0.011666666666666714,2.7380493623822297,2.2455318068604466,5.978995819148089,9.234749736044828,14.956464611855052,23.60010962644741,23.893542558523645,38.64345056806133,17.574444561676458,11.54139455428623,9.173429330597145,15.698303992581701,-42.28462825697313,-48.99779536198886,11.886687370224408,35.02474845829277,23.278298378699986,18.675331955295515,13.634548622323484,6.249655197778554,-20.829294143497872,15.715509013852786,-31.478263846525294,9.611020938670736,9.91201926365504,-5.617049196262596
202203,0.021430834498729876,0.06955039403478745,0.022918870408900695,0.03354529343986971,0.035148286271522736,0.04765026736975869,-0.06260433788933532,0.014021293945462325,-0.003922440308745324,-0.03669434163876173,0.0008394544039652487,0.016408926282936755,0.06627609942676825,0.046538985324119785,0.24817967589960982,0.02588094725659205,0.030720665857967115,0.06500248349645668,0.07090263573413849,-0.01593903475584088,-0.3828374959094,0.01212136053234482,0.07059867487196358,4.59195895462586,5.953561494543277,5.400413196491279,9.157209305541041,6.522252539527545,8.19872837128284,7.797524957831757,3.029749250565094,2.0688791211037953,3.9927426838659974,2.945957416471116,2.2885634580584076,24.7869370256443,25.170051368899927,15.038903342913938,6.059453623440621,10.680410135856182,8.353040460217427,11.376300799653977,6.712377608905278,28.01746437915946,0.8546041651790157,5.180571516081841,0.864,0.864,1.2799999999999998,1.2599999999999998,0.79,0.95,0.9119999999999999,1.125,1.5299999999999998,1.255,0.5809998512268071,0.4800000004470348,0.75,0.77,0.8089999999999999,-0.25,-0.127,3.288756810302123,2.8699106256206557,3.727883432680479,8.531128404669257,12.63987441796331,20.45717592592592,20.345706999149893,26.54326616212273,14.209676031746952,11.92083835466015,9.577059341307075,14.891404036189856,-71.34253537797429,-81.75244209726968,5.88235294117647,20.689655172413794,15.909090909090908,18.571428571428573,10.421052631578952,3.225806451612903,-28.0701754385965,15.085999807821663,26.835960303561002,7.682178567573099,7.523988708544187,-43.025979278259626,-0.025585177887904154,-0.030161071113375227,-0.015585561661046734,-0.03182116104615191,-0.016910901583157386,-0.01142698507803136,-0.037530524305044846,0.006823863757751066,-0.0006593384570505828,-0.01193368174027444,0.007156194380528967,0.009073658664760446,0.1091377557596825,0.09589402415059366,0.13794346965634824,0.02149003143169208,0.02468328112569268,0.020880936510790732,0.07759641803792873,0.06570222258982066,0.059091985162233185,0.02071059370233534,0.08580637151172617,5.318517611546919,7.969957285551335,4.681503989550017,8.888966522185152,6.046463733071431,6.821701540482344,5.165892669145564,2.0794809060813226,1.778797436318931,2.5866389175579325,1.820317453943823,1.9875617895292084,13.165653840464499,13.93596704893906,33.237243055850136,4.763186540691494,8.734733693319276,7.6070045029149895,9.207424153152463,7.0778777301103615,34.3348731637256,1.751477444956122,9.383099359890359,0.8069999999999999,0.8069999999999999,0.918,1.1233333333333333,0.7600000000000001,0.8866666666666666,0.8149999999999998,0.916,1.3233333333333333,1.1166666666666665,0.5496665636698407,0.2859999934832255,0.5833333333333334,0.6966666666666667,0.7123333333333334,-0.40533333333333327,-0.10066666666666672,3.020564419781994,2.569847063323986,5.242827370328686,8.800426024175968,13.849758584059204,21.91646519581614,21.708244281352407,33.206413180076765,16.122663984455723,11.778046348205995,9.452735836162768,14.96559001831877,-52.44746466370904,-61.61136344462435,9.206121472979435,30.382838643969155,20.762398640578024,17.619431334177506,11.69111473967537,4.76082145088029,-22.077911181588593,15.391232491480705,-6.7694215443371535,8.968073481638191,9.11600907861809,-18.086692556928273
202204,-0.02296205716976113,-0.04302881784817463,-0.050298872726353576,-0.14227442314921016,-0.09206782490742232,-0.03561895565589102,-0.06515446485647536,0.046485987596553625,-0.006436889582360643,-0.025200952335958048,-0.005680040515703568,0.04621482785072315,0.013164679661649583,0.04303736453445614,0.24993488649025244,-0.020682298625755248,-0.08647228570154394,-0.0762023265323545,0.08876276395163081,0.05412413623526808,0.48520853105625195,0.1297592267030991,0.1345958916847375,4.128947821608525,5.019052627355552,5.9677937243217904,9.50029510143195,7.124584051612088,5.534139226913584,8.501200976710782,2.1549223946677736,1.8922972744822562,3.380871363764119,2.2305970077268245,1.729928208116129,14.749607023425463,14.931473984095593,19.471740612106185,3.992149563517433,6.490441663729751,6.053537073112325,5.318510215938337,6.138365143314099,43.84079610376561,9.367927397854023,12.80126928103575,1.04,1.04,1.7660000000000002,1.48,0.96,1.1300000000000001,1.1139999999999999,1.3279999999999998,1.8170000000000002,1.5420000000000003,1.25600004196167,0.8050000281073153,0.75,0.75,0.902,-0.050999999999999934,-0.08100000000000018,3.283877349159256,2.836738742313047,3.5052910052909994,9.028780440850896,11.284193335636456,23.429209717955864,21.614708233413264,28.84570540225416,12.864018811226567,12.02403066866751,9.162413029100893,12.715840700900602,-21.42686531514048,-28.904234568678035,10.975609756097562,11.827956989247312,6.521739130434782,12.5,6.378600823045271,2.127659574468085,-30.61224489795919,14.703074279167469,59.97719498289624,7.682178567573099,7.523988708544187,-43.025979278259626,0.003945255982085561,0.011957345028360981,-0.021097216009820213,-0.0478783116481216,-0.02959409988587036,-0.001907531284519243,-0.03273074187430001,0.017364161644655627,-0.002951025675927849,-0.024805771520989436,-3.5159889630543305e-05,0.021461038226685682,0.06043257660650047,0.05732123316589844,0.13208618805165126,0.02057722879029177,0.009464711821471869,0.0058917439364076785,0.0892725140937305,0.04545260684758718,0.09883444974007598,0.04729352907848131,0.054824109211770576,4.672218690037633,6.729385825666118,5.518118159786894,9.306765775143022,6.708794240757897,6.2852479323463015,6.604855338057052,2.2538450546821145,1.968576909310314,3.0703991210739674,2.2413473188403987,1.9338007484376902,16.12786630912037,16.494376844165618,20.826265494945655,4.5599711230232085,7.782572193666333,6.866456646378335,9.016171110963105,7.033216020122279,37.66783556023786,3.407510521011013,7.034856742627672,0.9013333333333332,0.9013333333333332,1.2823333333333335,1.2766666666666666,0.8266666666666667,0.9833333333333333,0.9136666666666665,1.0943333333333332,1.523,1.272,0.7386666138966881,0.5126666720025241,0.6666666666666666,0.7433333333333333,0.8126666666666668,-0.24066666666666658,-0.09066666666666678,3.2030840668483456,2.767371587242817,4.329361012160658,8.821787321463438,12.62058485114545,21.97371001760916,21.580656507492268,30.295903528387104,14.3313578538329,11.89562417879266,9.422142365441504,14.227797173695526,-48.793642088697105,-56.999464191506036,10.9038737446198,23.07549097371826,15.70739602140568,17.219887955182074,10.645925000528514,4.406211521802277,-24.4388555593397,14.93753142505021,26.66638632323283,8.325126024605645,8.319998893581138,-30.55633591759395
202205,-0.003400944215033333,-0.01266904370333048,0.00039141059725470806,-0.02074531279542087,5.3176290760624664e-05,0.015958910053308403,0.04472393586237061,-0.024304843099011278,-0.0018596000409873232,-0.00835742136664624,-0.02078412146226132,-0.011821730073098597,0.11642040578660234,0.09105479643057526,0.11723076402725166,-0.03550484745058083,-0.06218027579631996,-0.023015953597673826,-0.08243889531473977,-0.014743006235497381,-0.2431782667563689,0.1288910130680205,0.1758688259648262,4.637975016958179,6.516768769534217,7.302300848530848,12.391244501728819,9.058921067972454,6.186502502395248,4.755835882759502,3.3864873096498123,1.4601425395659553,4.485083381393165,1.99251879041947,2.7371599430344524,12.531612546272273,13.651521076992958,22.760514696002566,4.199339488785916,7.01114638484506,6.75058392198822,6.09178658212899,7.8500120641930495,39.609049539010016,7.804136708610969,11.980391058956256,1.353,1.353,1.8619999999999999,1.7200000000000002,1.2999999999999998,1.44,1.1470000000000002,1.5299999999999998,1.8,1.5169999999999997,1.263000130653381,1.021999971009791,0.75,0.8999999999999999,1.3429999999999997,0.06199999999999983,-0.09899999999999998,3.5922234284022503,3.0096030096030018,4.6891314665401165,9.744469870327993,10.348471036711688,22.04788681298747,14.088783129564279,19.139998472466203,11.617849988618428,11.15871324605978,8.74753818496263,11.56045689995236,-1.713206714998474,-28.331157270029667,-5.617977528089887,6.0606060606060606,2.1052631578947367,5.194805194805195,3.187250996015925,0.0,-30.23255813953488,14.703938048918683,83.19580877537656,7.682178567573099,7.523988708544187,-43.025979278259626,-0.0016440556286881885,0.004617510827760773,-0.00899619724006605,-0.04315814750158712,-0.018955454115046327,0.009330073922392022,-0.027678288961146685,0.012067479481001559,-0.004072976644031096,-0.023417571780455337,-0.008541569191333214,0.0169340080201871,0.06528706162500673,0.060210382096383734,0.2051151088057046,-0.010102066273248,-0.03931063187996558,-0.011405265544523875,0.025742168123676513,0.007814031747976605,-0.046935743869838925,0.0902572001011548,0.12702113084050906,4.452960597730855,5.829794297144349,6.223502589781305,10.349582969567269,7.568585886370695,6.639790033530558,7.018187272434013,2.857052984960893,1.8071063117173358,3.9528991430077607,2.389691071539137,2.25188386973633,17.356052198447344,17.917682143329493,19.09038621700756,4.75031422524799,8.060666061476999,7.052387151772657,7.595532532573768,6.900251605470809,37.155770007311695,6.008889423881335,9.987410618691284,1.0856666666666668,1.0856666666666668,1.636,1.4866666666666666,1.0166666666666666,1.1733333333333333,1.0576666666666668,1.3276666666666666,1.7156666666666667,1.438,1.0333333412806194,0.7689999998547137,0.75,0.8066666666666666,1.0179999999999998,-0.0796666666666667,-0.10233333333333339,3.38828586262121,2.9054174591789015,3.9741019681705314,9.101459571949382,11.424179596770484,21.978090818956417,18.68306612070915,24.84299001228103,12.89718161053065,11.701194089795814,9.162336851790199,13.05590054568094,-31.494202469371075,-46.32927797865913,3.7466617230613815,12.859406074089057,8.178697732473475,12.08874458874459,6.662301483546713,1.7844886753603293,-29.638326158696856,14.831004045302606,56.669654687277934,7.682178567573099,7.523988708544187,-43.025979278259626
202206,-0.14101520364448342,-0.18101496739691358,-0.06949152165475928,-0.09116160892872559,-0.08765158180481791,-0.033046226698763594,0.06446835495603857,0.03635180275891272,0.011692406959508841,-0.01697451096792596,0.042952195758278126,0.028484801328897424,-0.06760409891962652,-0.08088602577995001,-0.4065707870024946,-0.02117002191646042,-0.06531782689094791,-0.14520750694059792,-0.013024061206710603,-0.004913283166223448,0.09186778333289383,0.08468308723003869,0.060591217777883524,6.853821205145425,11.290718919360081,6.304938522680773,10.39570493898877,8.00682168947804,5.5345568974400985,3.9595341287640657,2.5724729802119763,2.677136592812125,3.9499169064536424,1.9645691389697544,2.8134858848449977,10.679425496490646,11.612468224291783,31.475365196617293,3.9656596302829756,6.714864351639086,8.670682633487537,7.3850497247407185,6.981031374676792,30.884265143274778,2.0387185805233567,4.137436901337482,1.7070000000000003,1.7070000000000003,2.3949999999999996,2.2199999999999998,1.5,1.79,1.544,2.026,2.102,1.914,1.528999924659729,1.5600000247359276,1.0,1.0899999999999999,1.438,0.2929999999999999,0.10799999999999987,4.026779560893969,3.4117879746835325,5.886268543172307,9.928876244665718,9.573987810633891,23.466025469765768,20.122455733907003,31.99063609945108,9.936165814544601,10.218343954667052,8.36758050223662,13.98261762009283,9.363599513579256,-36.967447477312675,-9.375,-5.405405405405405,-5.555555555555555,3.6585365853658534,1.9550342130987293,-2.083333333333333,-25.0,13.970044378698224,72.04709456893278,5.413253621545104,5.208778686329537,-28.723647273225676,-0.05579273500975929,-0.07890427631613957,-0.03979966126128604,-0.08472711495778555,-0.05988874347382655,-0.017568757433782074,0.014679275320644608,0.019510982418818355,0.001131972445386959,-0.01684429489017675,0.005496011260104412,0.02095929970217399,0.020660328842875133,0.017735378395027132,-0.013135045494996852,-0.02578572266426549,-0.0713234627962706,-0.08147526235687541,-0.0022333975232731846,0.011489282277849082,0.1112993492109257,0.11444444233371943,0.12368531180914906,5.206914681237376,7.608846772083283,6.525011031844471,10.762414847383178,8.063442269687526,5.751732875582977,5.738856996078116,2.704627561509854,2.009858802286779,3.9386238838703087,2.0625616457053497,2.4268580119985264,12.653548355396127,13.398487761793447,24.56920683490868,4.052382894195442,6.7388174667379666,7.158267876196028,6.265115507602682,6.98980286072798,38.1113702620168,6.403594228996116,9.639699080443163,1.3666666666666665,1.3666666666666665,2.0076666666666667,1.8066666666666666,1.2533333333333332,1.4533333333333331,1.2683333333333333,1.628,1.9063333333333332,1.6576666666666666,1.34933336575826,1.1290000079510112,0.8333333333333334,0.9133333333333332,1.2276666666666665,0.10133333333333328,-0.024000000000000094,3.634293446151825,3.0860432421998603,4.693563671667808,9.567375518614869,10.402217394327346,22.98104066690303,18.608649032294853,26.658779991390478,11.472678204796532,11.133695956464782,8.759177238766716,12.752971740315266,-4.592157505519894,-31.400946438673458,-1.3391225906641084,4.161052548149322,1.0238155775913214,7.11778059339035,3.840295344053306,0.01477541371158401,-28.614934345831358,14.459018902261457,71.7400327757352,6.9258702522304345,6.752252034472637,-38.25853527658165
202207,0.04969945478640766,0.0751518632154309,0.0650868168219783,0.11644080475731897,0.08720138468971587,0.051994730733297585,-0.04371808153858092,0.0057611206933705136,-0.021247313576389586,0.016397024601902906,-0.006884619682029446,0.011491641364435898,-0.04270727667111185,-0.06989828765609479,0.4168310004958831,-0.023101644785708225,-0.006231755245188715,-0.035764540279679055,-0.1880522315029396,-0.02294786688803185,-0.2971309333377542,0.20067069546215124,0.20469543116536734,4.496753643941148,6.105503910026764,4.32729478711913,7.618385663695195,5.527275447583577,4.804050367771891,3.582818139615159,2.8593527362633453,2.521950592604115,2.8793363414446143,1.570497535697329,2.1279575143819716,12.467437866385248,14.517208312872363,24.450879408330206,3.688639668059647,10.467298401075844,10.64515507277095,19.050785134769615,13.670761028790121,19.115994463902208,14.562392485511142,17.91081077550667,1.7610000000000001,1.7610000000000001,2.122,2.42,1.89,2.16,1.2529999999999997,1.9660000000000002,1.5919999999999999,1.4290000000000003,1.402999997138977,2.25800009816885,1.25,1.33,1.8010000000000002,0.53,0.20700000000000007,4.406412904494939,3.905477555863163,6.465187452180557,9.96132440335816,8.264211709658793,23.500352858151025,7.0962732919254545,20.445375543140905,9.087008323272833,10.058638628310172,8.630721269627143,12.430658678546436,-64.55789083057823,-53.91937753497228,-10.416666666666668,-5.357142857142857,-6.481481481481481,6.172839506172839,-2.274881516587683,-4.123711340206185,-25.0,13.159567705022246,74.80842911877394,5.413253621545104,5.208778686329537,-28.723647273225676,-0.031572231024369686,-0.039510715961604395,-0.0013377647451754172,0.0015112943443908223,-0.00013234027478048008,0.011635804695947464,0.021824736426609422,0.005936026784423988,-0.003804835552622689,-0.002978302577556432,0.00509448487132912,0.009384904206744909,0.0020363433986213264,-0.019909839001823176,0.04249699250688005,-0.026592171384249814,-0.04457661931081885,-0.06799600027265028,-0.09450506267479665,-0.014201385429917562,-0.14948047225374303,0.1380815985867368,0.147051824969359,5.329516622014918,7.970997199640354,5.978178052776918,10.135111701470926,7.531006068344688,5.5083699225357465,4.099396050379576,2.939437675375045,2.219743241660732,3.771445543097141,1.8425284883621844,2.5595344474204738,11.892825303049392,13.260399204719036,26.228919766983353,3.9512129290428466,8.064436379186665,8.68880720941557,10.842540480546441,9.500601489219987,29.869769715395663,8.135082591548489,11.342879578600135,1.607,1.607,2.126333333333333,2.1199999999999997,1.5633333333333332,1.7966666666666669,1.3146666666666667,1.8406666666666667,1.8313333333333333,1.6199999999999999,1.3983333508173625,1.6133333646381895,1.0,1.1066666666666667,1.5273333333333332,0.29499999999999993,0.072,4.008471964597053,3.442289513383232,5.680195820630995,9.878223506117292,9.395556852334792,23.00475504696809,13.769170718465583,23.85867003835273,10.213674708811956,10.478565276345668,8.581946652275464,12.65791106619721,-18.969166010665813,-39.739327427438205,-8.469881398252186,-1.567314067314067,-3.3105912930474326,5.008727095447963,0.9558012308423214,-2.0690148911798394,-26.74418604651163,13.944516710879718,76.68377748769443,6.16956193688777,5.980515360401086,-33.49109127490366
202208,0.00834770357103478,0.004246691551231608,-0.0414848588006964,-0.0474739310245031,-0.04336703066340545,0.010373048142150844,-0.0158321170738207,0.03572823033532477,0.020364113484770192,-0.0004925955898801546,0.006213773100119624,0.0260964990360768,-0.13113193627696143,-0.09647694606059781,0.10357252590316199,-0.028830707357252718,-0.12644072276230228,-0.018444738076612024,0.08920639686630712,-0.08241264876979441,0.19296949973192554,0.07734946607789286,0.14414559386629625,4.208731368529126,6.256190918169407,4.760545069882088,7.051745965070596,5.477627500445173,4.486831528662501,3.9568073039855376,2.5533619977464,1.914963649993819,2.9835968213527146,1.7274469150578557,2.38316044066789,14.33696808572488,12.424962978647352,17.480014015770138,3.1761164008793514,7.051051693231915,5.713405351114898,7.356025115092281,14.41348299150033,27.231044403602453,5.6369257850324095,6.1337438581882155,1.6480000000000001,1.6480000000000001,2.8290000000000006,2.45,1.98,2.26,1.8090000000000002,2.2039999999999997,2.29,2.13,1.8289998769760132,2.819999895989895,1.25,1.7200000000000002,2.048,0.5390000000000004,0.07799999999999963,4.541433205544078,4.011828486939372,7.866348448687346,9.21150971599402,7.015647055290261,15.937844952025133,7.628739765858136,22.539705562404826,8.201878538040464,10.313301884626993,8.703437231382008,9.777648856078509,-39.854795182664034,-49.98199279711885,-15.306122448979592,-14.782608695652174,-12.844036697247708,1.2345679012345678,-12.894499549143381,-11.11111111111111,-21.052631578947363,12.206952303961199,71.34262385659034,5.413253621545104,5.208778686329537,-28.723647273225676,-0.027656015095680317,-0.03387213754341704,-0.015296521211159117,-0.007398245065303254,-0.014605742592835839,0.009773850725561611,0.001639385447878984,0.025947051262536002,0.00360306895596315,-0.0003566939853010701,0.014093783058789435,0.022024313909803375,-0.08048110395589993,-0.0824204198322142,0.037944246465516814,-0.02436745801980711,-0.06599676829947962,-0.06647226176562966,-0.03728996528111435,-0.03675793294134991,-0.004097883424311545,0.12090108292336092,0.13647741426984902,5.1864354058719,7.884137915852084,5.130926126560664,8.355278855918186,6.337241545835596,4.941812931291498,3.833053190788254,2.6617292380739075,2.37135027847002,3.2709500230836572,1.7541711965749798,2.4415346132982862,12.494610482866927,12.8515465052705,24.468752873572544,3.6101385664073256,8.07773814864895,8.343081019124462,11.263953324867538,11.688425131655748,25.743768003593143,7.4126789503556365,9.393997178344122,1.7053333333333336,1.7053333333333336,2.4486666666666665,2.3633333333333333,1.79,2.07,1.5353333333333332,2.0653333333333332,1.9946666666666666,1.8243333333333336,1.5869999329249065,2.212666672964891,1.1666666666666667,1.3800000000000001,1.7623333333333333,0.4540000000000001,0.13099999999999987,4.324875223644329,3.776364672495356,6.739268148013404,9.700570121339299,8.284615525194315,20.96807442664731,11.615822930563533,24.991905734998937,9.0750175586193,10.196761489201405,8.567246334415259,12.063641718239259,-31.683028833220998,-46.9562726031346,-11.699263038548752,-8.515052319400146,-8.29369124476158,3.6886479975910866,-4.404782284210781,-5.772718594883543,-23.684210526315784,13.112188129227222,72.73271584809902,5.413253621545104,5.208778686329537,-28.723647273225676
202209,-0.13702971431130442,-0.18214803488337591,-0.0925330222328853,-0.11092012468055007,-0.09804916662099257,-0.07978942903467594,-0.057109920008104074,0.06343858130699098,0.04161373821299689,0.027362238968133782,0.0410119413769993,0.030977984741280003,-0.09255719861478509,-0.11916596187471741,-0.2993269977392535,-0.029867130752255763,0.06527015367020694,-0.02198211560383855,0.0055504305306490415,-0.09948138793947357,0.2007058296841994,0.06575137756278043,0.05893745718410373,4.579445485551545,7.717371713041909,6.153271778020558,8.197077197981296,6.936202343053069,5.564485325666748,4.075407466434205,2.428241782245026,3.5126774516735266,3.3196443788548398,2.2294652297590822,3.1313088252208834,11.798138152029317,12.763473228839887,20.055177212533945,4.287612292681561,9.424194650264658,7.129470466594802,7.771207186617134,8.351081253324699,24.90840412378704,1.7697723563053445,6.298748752768331,1.884,1.884,3.2310000000000003,3.03,2.21,2.63,1.859,2.286,2.593,2.2459999999999996,2.2749998569488525,3.152000065892935,1.75,2.02,1.9860000000000002,0.6380000000000003,0.07599999999999973,4.519164787765904,4.070796460176992,7.871939736346516,8.224907063197035,5.289684966366165,12.962186635365134,7.236946516425958,28.669379144062695,5.581357683233532,9.571397338142429,8.325325626875417,13.627182374883267,-77.8845760004369,-101.70001530013771,-17.525773195876287,-16.379310344827587,-11.214953271028037,1.2658227848101267,-17.117988394584142,-17.708333333333336,-9.375000000000009,11.110123544573815,105.84287406237662,3.1681780614664214,2.7151435905736583,-54.75011975091809,-0.02632751865128732,-0.03424982670557115,-0.02297702140386779,-0.013984416982578083,-0.01807160419822739,-0.005807216719742503,-0.03888670620683523,0.034975977445228755,0.013576846040459166,0.014422222660052178,0.013447031598363163,0.022855375047264235,-0.08879880385428612,-0.09518039853047,0.07369217621993053,-0.027266494298405563,-0.022467441445761332,-0.025397131320043207,-0.031098468035327804,-0.06828063453243328,0.03218146535945698,0.11459051303427485,0.13592616073858907,4.428310166007273,6.693022180412694,5.080370545007259,7.622402942249027,5.980368430360605,4.951789074033714,3.871677636678301,2.6136521720849237,2.649863898090487,3.060859180550723,1.8424698935047557,2.5474755934235813,12.867514701379818,13.235214840119868,20.66202354554476,3.7174561205401866,8.980848248190807,7.829343630160217,11.392672478826343,12.145108424538384,23.751814330430562,7.323030208949631,10.114434462154406,1.7643333333333333,1.7643333333333333,2.7273333333333336,2.6333333333333333,2.026666666666667,2.35,1.6403333333333332,2.1519999999999997,2.158333333333333,1.9349999999999998,1.835666577021281,2.7433333533505597,1.4166666666666667,1.6900000000000002,1.9450000000000003,0.5690000000000003,0.12033333333333314,4.48900363260164,3.996034167659842,7.401158545738141,9.132580394183071,6.856514577105074,17.46679481518043,7.320653191403185,23.88482008320281,7.623414848182276,9.98111261702653,8.553161375961524,11.945163303169403,-60.76575400455972,-68.53379521074295,-14.416187437174182,-12.173020632540874,-10.180157149919076,2.891076730739178,-10.762456486771738,-10.981051928216877,-18.475877192982455,12.158881184519087,83.99797567924696,4.664895101518877,4.3775669877442445,-37.39913809912315
202210,0.06210897100206423,0.033161406368401716,0.13059662197477814,0.038266091809168595,0.07683456446885563,0.06168270228209747,-0.04424945952349674,-0.005975163001795759,0.007902722601414698,-0.029172716183728416,-0.03314497019223238,-0.005276148732014348,0.07520367892633882,0.08485995980054818,-0.06266813227035233,-0.01606922950693776,0.008664931173032062,-0.008314493748374596,0.020453598350956878,0.03048851645252197,-0.20031942111772177,0.34937564145712086,0.14716887034770468,4.683132811600057,8.396693287799696,6.541721801253947,9.369828399686082,7.840631972833503,5.525795572177442,5.048605266478306,2.949872212913878,3.202076164157822,2.342997855399872,2.050885862241749,3.460652230478457,8.569494527574609,11.328313202910573,25.45946284787889,4.563296088493097,12.107660315653781,8.859269242154891,3.9103322387158523,3.7558766404641992,14.886695867327228,7.05290180645544,9.012460917260846,2.4299999999999997,2.4299999999999997,3.007,3.23,2.7800000000000002,3.06,1.6669999999999998,2.373,2.0819999999999994,1.858,2.5200001001358032,3.9269999042153354,1.75,2.03,2.214,0.9250000000000007,1.0719999999999998,4.498337570897705,4.055916518999807,7.592472420506162,7.898148148148149,3.547105286168131,14.735359893978304,2.485358161886171,18.17365269461078,2.5213612309142754,9.339637317082516,8.553884712693693,9.693693841984953,-165.39758674960655,-158.93449092344122,-15.789473684210526,-13.157894736842104,-8.571428571428571,1.2345679012345678,-13.826679649464463,-13.541666666666666,-19.23076923076923,8.945938841671786,120.14262648008611,3.1681780614664214,2.7151435905736583,-54.75011975091809,-0.022191013246068463,-0.048246645654580866,-0.0011404196862678424,-0.04004265463196154,-0.021527210938514143,-0.002577892870142542,-0.03906383220180717,0.031063882880173328,0.023293524766393927,-0.0007676909351582636,0.004693581428295519,0.01726611168178082,-0.04949515198846923,-0.043594316044922345,-0.08614086803548128,-0.02492235587214874,-0.01750187930635441,-0.01624711580960839,0.03840347524930435,-0.050468506752248676,0.06445196943280113,0.16415882836593138,0.11675064046603485,4.49043655522691,7.456751973003672,5.818512883052198,8.206217187579323,6.75148727211058,5.192370808835564,4.360273345632683,2.6438253309684345,2.8765724219417224,2.8820796852024757,2.002599335686229,2.9917071654557432,11.568200255109602,12.172249803465938,20.998218025394323,4.00900826068467,9.52763555305012,7.234048353288197,6.345854846808422,8.840146961763077,22.342048131572238,4.819866649264398,7.148317842739132,1.9873333333333332,1.9873333333333332,3.0223333333333335,2.9033333333333338,2.3233333333333337,2.65,1.7783333333333333,2.2876666666666665,2.3216666666666668,2.078,2.2079999446868896,3.299666622032722,1.5833333333333333,1.9233333333333331,2.082666666666667,0.7006666666666671,0.40866666666666634,4.519645188069229,4.0461804887053905,7.776920201846675,8.444854975779736,5.284145769274852,14.545130493789523,5.78368148139009,23.127579133692766,5.434865817396091,9.74144551328398,8.527549190317039,11.032841690982243,-94.37898597756914,-103.53883300689927,-16.2071231096888,-14.77327125910729,-10.876806179901438,1.244986195759754,-14.613055864397332,-14.120370370370372,-16.552800269905532,10.754338230068933,99.10937479968436,3.916536581492649,3.546355289158951,-46.07462892502062
202211,0.07511488738727053,0.04802759082257764,0.05517576809260931,0.042743093075698235,0.05235797609764905,0.01373504919111509,0.08536786388374107,-0.07012652399505098,-0.03432999947699259,-0.006860740339417847,-0.057607411212268936,-0.051326346150827235,-0.10438850346868894,-0.07161301300187956,0.08661788078829741,0.06513433087548876,0.11937940143393369,0.08853601269377158,-0.04359759516780467,0.04346242874458301,-0.2291507105061099,0.18125260960504974,0.04088336115523508,5.030665071401993,6.068887803752983,5.7833734947703705,10.680768026663374,7.971616432188727,4.2029278249703115,4.726455744182336,4.934339675855742,4.714226764120413,3.112092207829749,3.9196726760588705,4.230555038039125,9.731416999948761,12.051597529538961,28.97443876118045,4.647083347855172,9.799007770943188,11.050463775808842,3.9000785398223208,5.29074463954397,19.30535292989362,2.135505750482208,2.1087788154782783,2.2990000000000004,2.2990000000000004,3.072,3.12,2.74,3.09,1.4539999999999997,2.433,1.8900000000000001,1.689,2.2600001096725464,4.204999782145023,1.75,2.61,2.424,1.182,1.7400000000000002,4.747514135309032,4.193263281940485,7.496251874062969,7.340542521994125,1.9085070379201596,13.53103224760979,-6.538665054047919,9.871491133606145,-0.4331590155635496,8.893944228842846,8.005250066922478,9.003253327135752,-80.55370533508089,-87.56503915488516,-17.77777777777778,-10.185185185185185,-7.07070707070707,2.5316455696202533,-12.295869356388087,-10.416666666666668,-11.11111111111112,8.65650969529086,200.56350238404855,3.1681780614664214,2.7151435905736583,-54.75011975091809,6.471469267678905e-05,-0.033653012564132195,0.031079789278167392,-0.009970313265227756,0.010381124648504029,-0.0014572258538211261,-0.00533050521595325,-0.0042210352299519235,0.005062153779139665,-0.0028904058516708276,-0.016580146675834,-0.008541503380520525,-0.04058067438571174,-0.03530633835868292,-0.0917924164071028,0.006399323538765084,0.06443816209239091,0.019413134447186144,-0.0058645220953995785,-0.00851014758078953,-0.0762547673132107,0.19879320954165033,0.08232989622901447,4.764414456184532,7.3943176015315295,6.159455691348292,9.415891208110247,7.582816916025099,5.0977362409381675,4.616822825698282,3.437484557004882,3.809660126650588,2.9249114806948207,2.7333412560199,3.607505364579488,10.033016559850898,12.047794653763143,24.829692940531093,4.499330576343277,10.44362091228721,9.013067828186179,5.193872655051767,5.799234177777623,19.70015097366929,3.652726637747664,5.806662828502486,2.2043333333333335,2.2043333333333335,3.1033333333333335,3.1266666666666665,2.5766666666666667,2.9266666666666663,1.66,2.3640000000000003,2.188333333333333,1.9309999999999998,2.3516666889190674,3.761333250751098,1.75,2.2199999999999998,2.208,0.9150000000000004,0.9626666666666667,4.588338831324214,4.106658753705761,7.653554676971882,7.8211992444464356,3.581765763484819,13.742859592317743,1.0612132080880725,18.904840990759876,2.5565199661947524,9.268326294689265,8.294820135497197,10.774709848001324,-107.9452893617081,-116.0665151261547,-17.0310082192882,-13.240796755618293,-8.95236297105456,1.6773454185549825,-14.413512466812234,-13.888888888888891,-13.238960113960118,9.570857360512154,142.18300097550377,3.1681780614664214,2.7151435905736583,-54.75011975091809
202212,-0.10037454325458255,-0.07136606571183764,-0.04259820312327902,-0.09138273354313503,-0.060781825376668173,-0.06937184067067435,-0.01989620390756306,-0.05037360542382074,-0.017728890883741435,-0.007598935145376556,-0.01497704956391524,-0.02320245758583797,0.005602948541482037,-0.003606756054337706,-0.4373534580153896,0.041344168086586086,0.10191143384436249,0.020173205500322963,0.02461892333791566,0.03329458515649257,0.051609092370270365,-0.060624621816434854,0.04379841478082539,4.541109743526093,6.108165182965926,4.448439210080953,6.4673893263860665,5.174877088957425,4.178126383546207,3.291111661661242,5.1006008653772925,3.43436696329533,5.59238756730639,2.737396031842351,2.3169748668061647,11.376164684123045,10.195556191729487,28.616317766215204,5.304327545606146,10.510940971250069,5.5777676445908355,4.998330337314872,4.989484800958584,25.94947989632043,1.2686566011462355,1.8056493722566542,1.9429999999999998,1.9429999999999998,2.816,2.59,2.63,2.72,1.48,2.423,1.924,1.7319999999999998,2.3669999837875366,4.22700022906065,2.25,2.8200000000000003,2.499,0.8919999999999999,1.171,4.775800019453357,4.203409758965307,4.857808857808852,6.232939035486801,-0.3176233405606938,8.358550748343841,-11.432487016733974,3.2850176104037003,-3.470659208676495,8.405435124443677,7.450792265734071,7.856183390754793,-93.572719735787,-110.01309120204088,-20.0,-12.380952380952381,-11.0,-5.952380952380952,-17.427772600186398,-14.285714285714285,-14.285714285714283,7.543454062847836,235.4671403197158,1.3607108160072996,0.6507195410135221,-104.00403364229317,0.012283105044917414,0.0032743104930472305,0.04772472898136949,-0.003457849552756076,0.022803571729945488,0.002015303600846068,0.007074066817560423,-0.04215843080688916,-0.014718722586439775,-0.014544130556174276,-0.03524314365613885,-0.026601650822893185,-0.007860625333622695,0.0032133969147769784,-0.1378012364991482,0.03013642315171237,0.07665192215044277,0.033464908148573315,0.0004916421736892949,0.03574851011786585,-0.12595367975118701,0.15666787641524524,0.07728354876125502,4.751635875509382,6.857915424839535,5.591178168701757,8.839328584245173,6.995708497993217,4.635616593564654,4.355390890773961,4.328270918048971,3.783556630524522,3.6824925435120037,2.90265152338099,3.336060711774582,9.892358737215472,11.191822308059676,27.683406458424844,4.838235660651471,10.805869685949014,8.495833554184857,4.269580371951014,4.678702026988918,20.04717623118042,3.4856880526946274,4.308963034998594,2.2239999999999998,2.2239999999999998,2.965,2.98,2.716666666666667,2.956666666666667,1.5336666666666663,2.409666666666667,1.965333333333333,1.7596666666666667,2.3823333978652954,4.11966663847367,1.9166666666666667,2.486666666666667,2.379,0.9996666666666668,1.3276666666666668,4.673883908553365,4.1508631866352,6.648844384125994,7.157209901876359,1.7126629945091991,12.208314296643978,-5.161931302965239,10.443387146206875,-0.46081899777525637,8.879672223456346,8.003309015116747,8.8510435199585,-113.17467060682482,-118.83754042678909,-17.855750487329434,-11.90801076765989,-8.88071188071188,-0.7287224938420435,-14.516773868679651,-12.748015873015873,-14.875864875864877,8.381967533270162,185.39108972795017,2.565688979646714,2.0270022407202792,-71.16809104804311
202301,0.0809971592478185,0.08626401333364815,0.027928131869361487,0.10149448246029456,0.05992118183434968,0.04615466272151948,0.0524664844662313,-0.023085118053108134,-0.005426230976364258,-0.004453816348030086,0.004396094561908155,-0.013812088099040614,-0.01666712039631435,-0.017470429221082318,-0.5111981056211323,0.058589276491540034,-0.004788932636527459,0.10539989733344743,0.0018406042376561804,0.012266079050124643,-0.11065577266309037,-0.1444128928120567,-0.023966910371199853,4.473205787164556,3.6469783345052647,4.068631954733338,6.135431494763566,4.85713448713917,4.603742453292335,2.2365209764358625,2.390594982549497,1.6610666588246368,3.7336577400165085,1.4753982994918509,2.045875058623693,8.814169374963418,8.687644855584718,27.962097311488975,2.888400292445184,6.193763719044766,4.856484230510955,4.773910235637911,4.4532026721658635,20.10282694502047,1.650787151426426,3.102155088083481,2.066,2.066,1.5790000000000002,1.75,2.0300000000000002,1.9700000000000002,0.7110000000000003,2.026,1.1360000000000001,0.903,1.7470000982284546,4.397000178694725,2.25,2.7499999999999996,2.385,0.44300000000000006,0.7200000000000002,4.6779661016949134,4.038630377524145,5.266573945294397,5.815435020021843,-1.8319108268200897,2.9723464149693686,-12.200345423143348,-2.4163451198684247,-6.833859829548644,8.425230013828957,7.2275298861027935,4.4394042886781095,-128.19606402840265,-113.3383430396393,-17.77777777777778,-12.149532710280374,-14.85148514851485,-8.433734939759036,-20.33271719038817,-15.463917525773196,-11.538461538461549,7.261711750149334,311.71420462608205,1.3607108160072996,0.6507195410135221,-104.00403364229317,0.01857916779350217,0.02097517948146271,0.013501898946230597,0.017618280664285915,0.01716577751844351,-0.003160709586013261,0.03931271481413644,-0.04786174915732661,-0.019161707112366096,-0.006304497277608164,-0.02272945540475867,-0.02944696394523527,-0.03848422510784042,-0.030896732759099852,-0.28731122761607486,0.055022591817871634,0.07216730088058959,0.07136970517584733,-0.005712689197410937,0.02967436431706674,-0.09606579693297657,-0.0079283016744806,0.020238288521620188,4.681660200697547,5.274677107074726,4.766814886528221,7.761196282604335,6.001209336095106,4.328265553936284,3.4180294607598136,4.141845174594177,3.2698867954134605,4.146045838384215,2.710822335797691,2.864468321156327,9.97391701967841,10.311599525617725,28.517617946294877,4.279937061968834,8.834570820412674,7.161571883636878,4.557439704258367,4.911144037556139,21.785886590411497,1.6849831676849565,2.3388610919394726,2.1026666666666665,2.1026666666666665,2.4890000000000003,2.4866666666666664,2.466666666666667,2.5933333333333333,1.215,2.294,1.6500000000000001,1.4413333333333334,2.1246667305628457,4.276333396633466,2.0833333333333335,2.7266666666666666,2.436,0.839,1.2103333333333335,4.733760085485767,4.145101139476646,5.873544892388739,6.462972192500923,-0.08034237648687463,8.287309803641,-10.057165831308412,3.5800545413804734,-3.5792260179295625,8.574869789038493,7.561190739586448,7.099613668856218,-100.77416303309019,-103.63882446552178,-18.51851851851852,-11.571890092139315,-10.974064073073976,-3.951490107506578,-16.685453048987554,-13.388766159384716,-12.311762311762315,7.820558502762676,249.24828244328214,1.9631998978270069,1.3388608908669009,-87.58606234516814
202302,-0.005055883849593315,0.06674406684731332,-0.04283787131531188,-0.011198837747534617,-0.02645947885979313,0.004325199290187845,0.007326477986088088,0.06814799759952095,0.04456305156257708,0.023991954370753476,0.04135261366876084,0.026768803810989318,-0.007126749298341427,-0.023346360860442554,0.023201174680881953,-0.05354619541810177,-0.12483469300507812,-0.03147029968150996,-0.07679923002817822,-0.03137123694746315,0.06486069072240656,-0.11833023129247217,0.03127031362098782,4.576894211767537,5.687987022160391,2.7973209877376495,6.525888934304208,3.9642789820923867,2.412512129658474,3.463892881381537,2.731990752239336,2.2734090341710766,1.6928831441118457,1.9950610348414892,2.177268346097431,8.311195544356787,9.335116567065539,24.019863394366865,3.5595520552459314,6.577662420628353,8.01702771516278,4.383343623949312,3.3109328053237106,22.254881054866008,1.656889377227865,2.5490517266744908,2.0700000000000003,2.0700000000000003,1.629,1.89,2.18,2.1,1.0780000000000003,2.1980000000000004,1.5550000000000002,1.3610000000000002,2.0769999027252193,4.422000050544739,2.25,2.41,2.162,0.07399999999999984,0.04999999999999982,4.825195030338058,3.9934089367064116,5.514907627583685,5.088256484149848,-3.3874955179376753,-1.2926450134991396,-18.15801286847224,-1.9446762082022986,-9.180081140342127,7.939704605506536,6.68648521184242,3.6274471538561177,-67.2255910009667,-107.12190163782948,-25.263157894736842,-17.59259259259259,-17.82178217821782,-7.317073170731707,-13.915547024952016,-11.458333333333332,-14.285714285714285,6.781971542983721,284.79954827780915,1.3607108160072996,0.6507195410135221,-104.00403364229317,-0.008144422618785776,0.02721400482304127,-0.019169314189743134,-0.0003623629434583708,-0.009106707467370549,-0.006297326219655675,0.013298919514918779,-0.0017702419591359754,0.007135976567490462,0.003979734292448944,0.010257219555584588,-0.003415247291296423,-0.006063640384391247,-0.014807848711954189,-0.30845012965188,0.015462416386674789,-0.009237397265747682,0.03136760105075347,-0.016779900817535453,0.004729809086384686,0.0019380034765289257,-0.10778924864032124,0.017033939343537766,4.530403247486062,5.147710179877195,3.7714640508506476,6.376236585151279,4.665430186062992,3.7314603221656726,2.9971751731595475,3.4077288667220422,2.456280885430348,3.6729761504782483,2.0692851220585635,2.180039423842429,9.500509867814417,9.406105871459916,26.86609282402368,3.917426631099088,7.760789036974397,6.15042653008819,4.71852806563403,4.251206759482719,22.769062632068966,1.5254443766001755,2.4856187290048766,2.026333333333333,2.026333333333333,2.008,2.0766666666666667,2.28,2.263333333333333,1.0896666666666668,2.215666666666667,1.5383333333333333,1.332,2.063666661580404,4.3486668194333715,2.25,2.66,2.348666666666667,0.4696666666666666,0.647,4.759653717162109,4.078483024398621,5.213096810228978,5.7122101798861635,-1.8456765617728195,3.3460840499380233,-13.930281769449854,-0.35866790588900765,-6.4948667261890884,8.256789914593057,7.1216024545597625,5.3076782777630065,-96.33145825505211,-110.15777862650323,-21.01364522417154,-14.04102589460845,-14.557755775577556,-7.234396354290564,-17.22534560517553,-13.735988381606937,-13.36996336996337,7.1957124519936295,277.326964407869,1.3607108160072996,0.6507195410135221,-104.00403364229317
202303,0.02618301039438156,0.06825827795439796,0.018730754807864024,0.06475679626902976,0.03445129269826359,0.021480433065412464,-0.002060292429078534,-0.016712610181394503,0.01116816863112284,0.006723147522542668,-0.0033726844786393416,-0.022761138402113967,-0.05035895774220589,-0.01807284486508788,-0.21480559444026404,0.0738110930795539,0.13855191320909707,0.0017068937986942296,0.04807127047797806,0.010013434803662392,-0.1016101724688598,-0.012391732295163384,-0.08343028435919043,4.295199794403749,6.86920933651205,4.518885612082149,5.781871553093846,5.075715807010202,4.516339850483982,3.1618221272059333,3.62480718763391,2.941342041400452,3.642278174166167,2.6504246992610754,2.5037683585453245,9.70371720151749,11.092171607855663,25.99850515490807,5.739065230139524,9.230565380359677,6.512169082009388,4.401950139846277,4.624146226421712,33.887587532919895,0.4837275976312584,1.736884976256161,2.115,2.115,0.734,1.4500000000000002,1.95,1.8099999999999998,0.371,1.459,0.6070000000000002,0.41800000000000015,1.16700005531311,4.092000037431717,2.25,2.02,2.048,0.12699999999999978,0.35399999999999987,4.67056679773665,3.8710300222029064,5.728359025814103,4.786232858295244,-4.350364413642432,-2.650332292417329,-7.197237265520762,2.9110822885141894,-11.528352222760757,6.97007287659433,5.390213636157203,0.9294619310203126,-650.0485908649173,-754.7715880071881,-26.666666666666668,-23.809523809523807,-25.49019607843137,-14.457831325301203,-13.822688274547188,-11.458333333333332,-12.195121951219502,6.120063454955329,246.84493947622772,0.21972636443984223,-0.44471235596037756,-97.47163182138517,0.034041428597535596,0.07375545271178648,0.0012736717873045485,0.05168414699392989,0.02263766522427337,0.023986765025706597,0.019244223341080287,0.009450089788339435,0.016768329739111885,0.008753761848422019,0.014125341250676554,-0.003268140896721755,-0.024717609145620555,-0.019629878315537582,-0.2342675084601715,0.02628472471766406,0.002976095855830511,0.025212163816877232,-0.008962451770847988,-0.0030305743645587073,-0.04913508480318113,-0.09171161879989742,-0.025375627036467507,4.448433264445281,5.4013915643925685,3.7949461848510455,6.14773066072054,4.632376425413919,3.8441981444782645,2.954078661674444,2.915797640807581,2.2919392447987224,3.0229396860981734,2.040294677864805,2.242303921088816,8.943027373612566,9.704977676835307,25.993488620254634,4.062339192610214,7.333997173344266,6.461893675894374,4.519734666477832,4.129427234637095,25.415098510935454,1.2638013754285164,2.462697263671379,2.083666666666667,2.083666666666667,1.314,1.6966666666666665,2.0533333333333332,1.96,0.7200000000000002,1.8943333333333332,1.0993333333333335,0.8940000000000001,1.6636666854222613,4.30366675555706,2.25,2.393333333333333,2.1983333333333333,0.21466666666666656,0.37466666666666665,4.7245759765898745,3.9676897788111543,5.503280199564062,5.229974787488978,-3.1899235861333994,-0.3235436303157,-12.51853185237878,-0.4833130131855114,-9.18076439755051,7.778335831976608,6.434742911367472,2.99877112451818,-281.82341529809554,-325.0772775615523,-23.235867446393765,-17.85054970413226,-19.38782113505468,-10.069546478597315,-16.02365082996246,-12.793528064146619,-12.67309925846511,6.721248916029462,281.11956412670634,0.9803826654848139,0.2855755753555556,-101.82656636865717
202304,0.009910884093869374,-0.005549163634529911,0.024462656178414567,0.0003820212935053943,0.0145361776495622,0.028648313431889,0.015284990616690681,0.03254597137644275,0.042957409704031044,0.02818303914948015,0.020067563050809388,-0.008228119357263728,-0.0028874005505593516,0.014562417165404044,0.0839229780818104,0.01065907680538509,0.037620343483327136,-0.05882941072488221,-0.03779856062225782,-0.041534913260413635,-0.169780266163691,0.0,-0.010397647190867899,3.3911904260400867,6.1789667530085,2.982092087442322,4.633887008076618,3.450403076082687,3.304340733016444,3.501304853474136,2.714346910088419,2.4570082558810618,2.68259960412506,1.7138113346848178,1.7432498870393291,10.13849243253918,10.294731965747028,23.17093596841,4.160203569785383,6.544825077759514,4.922032615263678,5.194620634917445,3.725312973224746,20.717525093256565,0.0,1.0509249081996521,2.019,2.019,0.42500000000000027,1.27,1.8300000000000003,1.66,0.11799999999999988,1.3110000000000002,0.33499999999999996,0.11999999999999966,0.5649998188018803,4.114999830722809,2.25,2.11,1.8659999999999999,0.0900000000000003,0.34399999999999986,4.702164336334032,3.983410493827156,6.307622090369691,3.337159000617994,-5.235084946661409,-6.395173453996976,-13.73077428684106,-6.720559845559839,-12.67960859243312,5.965102194227664,4.551393344212274,0.9450716041158621,-135.3371458970608,-118.15164723322344,-30.76923076923077,-26.923076923076923,-24.489795918367346,-9.876543209876543,-13.152804642166352,-13.541666666666666,-8.823529411764701,5.8431829532212385,198.71703492516036,0.21972636443984223,-0.44471235596037756,-97.47163182138517,0.010346003546219217,0.04315106038906045,0.00011851322365557503,0.017979993271666838,0.007509330496010877,0.01815131526249644,0.006850392057900081,0.027993786264856397,0.03289620996591033,0.01963271368092543,0.0193491640803103,-0.0014068179827961263,-0.020124369197035554,-0.008952262853375458,-0.03589381389252391,0.010307991488945747,0.017112521229115375,-0.029530938869232647,-0.022175506724152656,-0.020964238468071467,-0.06884324930338133,-0.04357398786254518,-0.020852539309690193,4.087761477403792,6.245387703893647,3.4327662290873735,5.64721583182489,4.163465955061757,3.4110642377196343,3.375673287353869,3.023714949987222,2.557253110484197,2.6725869741343575,2.1197656895957944,2.1414288638940278,9.384468392804486,10.240673380222745,24.39643483922831,4.486273618390281,7.4510176262491825,6.483743137478616,4.659971466237677,3.886797334990056,25.619997893680818,0.7135389916197079,1.7789538703767693,2.068,2.068,0.9293333333333335,1.5366666666666668,1.986666666666667,1.8566666666666667,0.5223333333333334,1.6560000000000004,0.8323333333333335,0.633,1.2696665922800698,4.2096666395664215,2.25,2.1799999999999997,2.025333333333333,0.09699999999999998,0.24933333333333318,4.732642054802914,3.949283150912158,5.850296247922493,4.403882781021029,-4.324314959413839,-3.4460502533044814,-13.028674806944686,-1.9180512550826492,-11.129347318512002,6.958293225442843,5.542697397403966,1.8339935629974307,-284.20377592098157,-326.681712292747,-27.566351776878093,-22.775064441731107,-22.60059139167218,-10.550482568636484,-13.630346647221856,-12.152777777777777,-11.768121882899495,6.2484059837200965,243.45384089306575,0.600054514962328,-0.07956839030241099,-99.64909909502119
202305,0.029769985442392857,0.016602610120353297,-0.035519448750958194,0.056346961444492735,0.0024792714332724764,0.06803072911085525,-0.03637443008846113,-0.013265254383939358,-0.045196727400348906,-0.05235167063350995,-0.03678163713890733,0.02573083897567525,-0.09046897409614131,-0.12011386796243119,-0.06161060620181874,-0.01325257189191494,-0.06294238071199233,-0.06374637348168966,-0.0683192439774772,-0.1054182173975498,0.12828958790399725,0.0,0.08087000376270045,2.378351101586121,4.128425873327803,3.2317379194940123,4.632716506414246,3.6907143165388234,3.340874730460214,3.827698066548577,2.692968859334689,2.4231307749972726,3.1194576072437155,1.912212925968077,1.5049662914234736,9.755783199417433,10.722048222863512,18.142395649090684,3.6945361007349287,7.243476901316084,7.188520806207712,9.489150679386821,5.903230165251662,27.75533155336853,0.0,1.9460257987213616,1.6800000000000002,1.6800000000000002,0.4549999999999996,1.2999999999999998,1.87,1.71,0.20599999999999996,1.3770000000000002,0.43199999999999994,0.1940000000000004,0.7929999828338627,4.218000173568726,2.25,1.86,1.2520000000000002,0.022999999999999687,0.09399999999999964,4.5060493474326035,3.911580970687177,5.086589899356242,1.6159860990443091,-6.169385877626122,-7.549973991231328,-16.232738780207132,-14.03295083018143,-13.35966185600145,5.496254456560172,4.208388699582801,-0.729220406578055,-117.01700999845745,-105.41229857074245,-16.666666666666664,-23.809523809523807,-21.649484536082475,-8.641975308641975,-11.486486486486479,-8.421052631578947,-3.333333333333336,4.841099950601029,157.75362836919996,0.21972636443984223,-0.44471235596037756,-97.47163182138517,0.021954626643547942,0.026437241480073773,0.0025579874117734693,0.04049525966900929,0.017155580593699413,0.03938649186938557,-0.007716577300282991,0.0008560356037029624,0.0029762836449349927,-0.00581516132049571,-0.006695586188912424,-0.001752806261234149,-0.047905110796302185,-0.041208098554038335,-0.06416440752009081,0.02373919933100803,0.037743291993477306,-0.04028963013595921,-0.019348844707252313,-0.045646565284767016,-0.047700283576184443,-0.004130577431721128,-0.00431930926245265,3.3549137740099853,5.725533987616118,3.577571873006161,5.016158355861569,4.072277733210569,3.7205184379868808,3.496941682409549,3.0107076523523397,2.6071603574262627,3.148111795178314,2.0921496533046566,1.9173281790027088,9.865997611158036,10.7029839321554,22.43727892413625,4.531268300219946,7.6729557864784255,6.207574167826927,6.361907151383513,4.75089645496604,27.45348139318166,0.1612425325437528,1.577945227725726,1.938,1.938,0.5379999999999999,1.34,1.8833333333333335,1.7266666666666666,0.2316666666666666,1.3823333333333334,0.458,0.24400000000000008,0.841666618982951,4.141666680574417,2.25,1.9966666666666664,1.7220000000000002,0.07999999999999992,0.2639999999999998,4.626260160501096,3.9220071622390797,5.707523671846679,3.246459319319182,-5.251611745976654,-5.531826579215211,-12.386916777522984,-5.947476129075693,-12.52254089039844,6.143809842460722,4.71666522665076,0.3817710428527066,-300.80091558681187,-326.11184460371805,-24.700854700854702,-24.847374847374848,-23.876492177627068,-10.992116614606573,-12.820659801066677,-11.140350877192981,-8.117328232105846,5.601448786259199,201.1052009235294,0.21972636443984223,-0.44471235596037756,-97.47163182138517
202306,-0.004994792943276378,0.013100255562930777,0.04455353590114494,0.06383360262702405,0.06271886491464175,0.07185577091857188,-0.0007804427548893871,0.0010057102012666504,0.017399075357365696,-0.03880546897391839,-0.02720515984673741,-0.013608239819407663,0.03036283370170953,0.03676624194388555,0.2108887340939767,-0.022034378626575507,-0.02869445244673628,0.029844834552257227,-0.0688125125722232,0.18074950687042976,-0.27769864700874164,0.0024906613124518304,0.005936413193418153,2.9324839469981177,4.245319404654953,3.058141180501687,4.348203909004374,2.998352947313552,5.15631719335466,2.90257259688293,3.3768998589721786,2.2480678017298423,3.3342346414719466,2.3220885669954496,1.8702145296251906,9.727427606145948,10.703476443361806,15.232162612900414,2.8367200079883994,6.068416990337251,5.256680847359655,11.877991621581666,8.43482092194949,22.74017124131143,0.24906613124518304,1.5217640417366833,1.4299999999999997,1.4299999999999997,0.1120000000000001,0.48,1.5099999999999998,1.1600000000000001,0.0389999999999997,0.5820000000000003,0.1120000000000001,0.009999999999999787,0.8470001220703125,3.5529998540878305,2.0,1.87,1.367,0.0,0.0029999999999996696,4.26840810145751,3.7678110356698977,4.1670408621463855,0.5262249827467214,-6.9489573286638695,-11.65608770917483,-14.71965835514534,-14.72692801663506,-13.448347047021661,4.783415397947442,4.0822381347137755,-2.2127229577171716,435.7857672349889,-68.10920463189925,-19.54022988505747,-20.952380952380953,-25.49019607843137,-12.941176470588237,-9.012464046021085,-4.25531914893617,-6.666666666666672,3.3909304778129368,162.56438557763062,-0.5620604495312362,-1.0426316573600098,-186.3868155660646,0.011562025530995295,0.008051234016251378,0.011165581109533779,0.040187528455007386,0.02657810466582547,0.05617827115377205,-0.007289960742219941,0.006762142397923346,0.005053252553682611,-0.020991366819316067,-0.014639744644945113,0.0012981599330012857,-0.02099784698166371,-0.02292840295104719,0.07773370199132278,-0.008209291237701779,-0.018005496558467154,-0.030910316551438208,-0.058310105723986067,0.01126545873748878,-0.10639644175614504,0.0008302204374839435,0.025469589921750215,2.900675158208108,4.85090401033042,3.0906570624793406,4.5382691411650775,3.3798234466450197,3.9338442189437735,3.410525172301881,2.9280718761317623,2.3760689442027263,3.0454306176135737,1.9827042758827815,1.7061435693626643,9.87390107936752,10.573418877324116,18.848498076800364,3.563819892836238,6.618906323137618,5.789078089610349,8.853920978628643,6.021121353475299,23.737675962645508,0.08302204374839435,1.5062382495525668,1.7096666666666664,1.7096666666666664,0.33066666666666666,1.0166666666666666,1.7366666666666666,1.51,0.12099999999999984,1.09,0.293,0.10799999999999994,0.7349999745686852,3.9619999527931213,2.1666666666666665,1.9466666666666665,1.495,0.03766666666666666,0.14699999999999971,4.492207261741382,3.887600833394744,5.187084283957439,1.8264566941363416,-6.117809384317134,-8.533745051467712,-14.89439047406451,-11.826812897458774,-13.162539165152076,5.4149240162450925,4.280673392836284,-0.6656239200597881,61.14387044649021,-97.2243834786217,-22.325375773651633,-23.8949938949939,-23.876492177627068,-10.48656499636892,-11.217251724891307,-8.739346149060594,-6.2745098039215685,4.691737793878402,173.01168295733032,-0.04086924021718391,-0.644018789760255,-127.11002640294498
202307,0.026286634714953686,0.0751152304906542,0.032930712990915705,0.03967967832072955,0.03066395090770391,-0.0005069317072841507,0.027409265130764256,-0.03471312978841217,-0.021109159296211835,-0.017555883094717322,-0.016461277054072077,-0.010255527985032,0.13306394478438094,0.1466807332608598,-0.06040128379185812,0.0253893917090382,0.08581969618443878,0.06556545682175635,-0.09549053871905315,-0.07429322709592721,0.0029390147136875173,0.002484473327662187,0.009537239191186887,3.8616716595389744,7.831288310956052,2.3033958891899284,3.94777725115651,2.298843348081398,4.532097351602064,3.8184763847648906,3.1444906967948842,2.123109725003022,3.1026065098085605,2.324195178296464,2.236001293193504,5.862891566003912,6.7425606325565415,14.937965824942074,2.7966437778126405,7.439024518281339,5.511425202669157,24.47172349438116,7.128903454314444,20.54773324770415,0.24245977017042133,1.4569584541283231,1.1469999999999998,1.1469999999999998,0.4979999999999998,0.2599999999999998,1.06,0.71,0.6340000000000003,0.621,0.6720000000000002,0.6299999999999999,1.317000150680542,2.950000047683716,1.75,1.76,0.9119999999999999,-0.17400000000000038,-0.11599999999999966,4.0037682524729155,3.3495099438576417,4.473589651455268,-0.257356095050182,-7.269478666778922,-15.357142857142858,-9.185152965057272,-12.06596663016169,-13.947367676644456,3.6559084667051684,3.3636627695941406,-0.5250133786753359,-51.845417985388956,-24.86976827734866,-15.11627906976744,-21.69811320754717,-21.782178217821784,-9.30232558139535,-5.04364694471386,-1.0752688172043012,-9.999999999999993,2.2391653290529745,151.56164383561642,-0.5620604495312362,-1.0426316573600098,-186.3868155660646,0.017020609071356732,0.03493936539131275,0.013988266713700825,0.0532867474640821,0.03195402908520604,0.046459856107380994,-0.0032485359041954168,-0.015657557990361625,-0.016302270446398346,-0.036237674234048556,-0.026816024679905598,0.0006223570570785281,0.024319268129983057,0.021111035747438067,0.02962561470009993,-0.0032991862698174093,-0.0019390456580966008,0.01055463929744131,-0.07754076508958452,0.000346020792317589,-0.048823348130352225,0.0016583782133713391,0.032114552049101804,3.057502236041071,5.401677862979604,2.8644249963952095,4.309565888858375,2.9959702039779237,4.34309642513898,3.516249016065466,3.0714531383672514,2.2647694339100464,3.185432919508074,2.1861655570866634,1.8703940380807225,8.448700790522432,9.389361766260622,16.10417469564439,3.109299962178657,6.91697280331156,5.985542285412175,15.279621931783216,7.1556515138385315,23.681078680794702,0.1638419671385348,1.6415827648621242,1.4189999999999998,1.4189999999999998,0.3549999999999998,0.6799999999999998,1.4799999999999998,1.1933333333333334,0.293,0.8600000000000002,0.4053333333333334,0.278,0.9856667518615724,3.5736666917800903,2.0,1.83,1.1770000000000003,-0.05033333333333356,-0.00633333333333345,4.259408567121009,3.6763006500715725,4.575740137652631,0.6282849955802828,-6.795940624356305,-11.521068185849671,-13.379183366803247,-13.608615158992727,-13.585125526555856,4.645192773737594,3.884763201296906,-1.1556522476568543,88.97444641704749,-66.13042382666345,-17.107725207163856,-22.153339323150647,-22.973952944111875,-10.29515912020852,-8.514199159073812,-4.583880199239807,-6.666666666666667,3.4903985858223137,157.2932192608157,-0.30146484487421005,-0.8433252235601323,-156.7484209845048
202308,-0.02941521122440454,-0.008120692683599984,-0.023837324312965487,-0.021920466329913325,-0.017875203842993896,-0.016807381772015476,-0.05340913413534029,0.035899112064848034,0.025936065212472853,0.01402526854999563,0.015743976281185963,0.01713106044441282,0.015079778453748907,0.022124993635113895,0.04962136988297468,-0.016527635527120155,-0.015489097230659565,-0.05718047359099541,-0.08917822507472013,-0.061143518308229935,-0.004411802746919606,0.0,-0.00644169711046436,3.548798705602805,5.8628940048819596,2.7908508777195844,4.889576980808643,3.470264390607541,4.83157621563856,3.6099873706687378,1.9301636443501637,2.1003898400307763,2.1399159903550484,1.948052110047508,1.3207289406328933,5.352079262853669,6.595665276237503,16.596477379153324,2.469508183842887,6.6847344013466765,4.744571224288318,5.961489165045247,6.542099192850956,26.538902372261553,0.0,0.9506558198428215,1.072,1.072,-0.1850000000000005,0.18999999999999995,0.8199999999999998,0.5099999999999998,0.10000000000000009,0.2320000000000002,0.0259999999999998,-0.03100000000000014,0.9600000381469727,2.437999963760376,1.75,1.3399999999999999,0.6119999999999997,-0.2110000000000003,0.03300000000000036,3.770568876351674,3.2126611068991666,3.81449685812904,-0.3165098374679252,-7.44347468170891,-13.212245495825394,-15.555239584814442,-25.649523584068177,-14.218126356338173,3.5384583935469576,3.219064610628133,-1.4306308161610464,-34.308292454251706,14.462978519140773,-12.048192771084338,-19.387755102040817,-16.842105263157894,-6.097560975609756,4.2443064182194705,5.681818181818182,-9.999999999999993,2.0012808197246237,137.8645646721605,-0.5620604495312362,-1.0426316573600098,-186.3868155660646,-0.0027077898175757328,0.026698264456661656,0.017882308193031726,0.027197604872613412,0.025169203993117253,0.018180485813090754,-0.008926770586488471,0.0007305641592341705,0.007408660424542238,-0.014112027839546695,-0.009307486873207838,-0.0022442357866756164,0.05950218564661314,0.06852398961328643,0.06670294006169773,-0.004390874148219147,0.01387871550234765,0.01274327259433939,-0.0844937587886655,0.015104253822090874,-0.09305714501399119,0.0016583782133713391,0.00301065175804687,3.4476514373799656,5.979833906830989,2.7174626491370666,4.395186046989841,2.922486895334163,4.839996920198429,3.443678784105519,2.817184733372409,2.157189122254547,2.858919047211852,2.1981119517798073,1.8089815878171958,6.980799478334511,8.013900784051952,15.588868605665269,2.700957323214643,6.730725303321758,5.170892424772377,14.103734760336023,7.3686078563716295,23.27560228709238,0.1638419671385348,1.3097927719026106,1.2163333333333333,1.2163333333333333,0.14166666666666647,0.3099999999999999,1.13,0.7933333333333333,0.2576666666666667,0.4783333333333335,0.27,0.20299999999999985,1.0413334369659424,2.9803332885106406,1.8333333333333333,1.6566666666666665,0.9636666666666663,-0.12833333333333355,-0.026666666666666543,4.014248410094034,3.443327362142235,4.151709123910231,-0.015880316590461945,-7.220636892383901,-13.40849202071436,-13.153350301672353,-17.480806076954977,-13.87128036000143,3.9925940860665228,3.554988504978683,-1.3894557175178512,116.54401893178276,-26.171998130035707,-15.568233908636415,-20.679416420656313,-21.37149318647035,-9.447021009197782,-3.2706015241718283,0.11707673855923684,-8.888888888888886,2.5437922088635117,150.6635313618025,-0.5620604495312362,-1.0426316573600098,-186.3868155660646
202309,-0.036328939991191765,-0.09884723657089417,-0.03560160992933433,-0.05987263329171169,-0.04994616792328207,-0.023628786316552144,-0.00301902293819772,0.017369976753968407,-0.008906809556430525,-0.009259399944169674,0.018972166331815303,0.024311177886105675,0.09283707720058985,0.08214688291630937,0.05653603688325179,-0.04760161102658587,-0.09581701200066138,-0.012402630651933536,0.03359420148387999,-0.06453852113757118,0.25548166027853464,0.012330612457478725,0.01947752170287765,3.6143512969792515,5.202066110332816,2.3296483815853573,4.074521271053285,3.171147837033679,3.9684175152349033,3.0415280628198893,2.117403882536542,3.642334268527713,2.0558286389455307,1.62606386990813,1.2926996124484282,4.60964570113926,6.090833622748468,13.752999987033588,2.787709466084459,4.846253255210147,5.107691255749981,5.477636044485613,4.042129092342093,25.463088281989528,0.49896397795257286,0.6801128085377222,1.0250000000000004,1.0250000000000004,-0.6219999999999999,-0.3700000000000001,0.6699999999999999,0.2200000000000002,-0.06599999999999984,0.2789999999999999,-0.30200000000000005,-0.23299999999999965,0.7690000534057617,2.120000123977661,1.25,0.9100000000000001,0.5089999999999999,-0.31999999999999984,-0.03599999999999959,3.7328831363721533,3.136810279667416,5.211243016759775,0.9016745384285075,-7.36587696371863,-8.446522674979585,-9.257066745597154,-23.35304795924344,-12.542414004639516,3.8686622606504266,3.1306955164248813,-2.8776166935167478,129.3678231880479,-5577.5,-10.0,-18.556701030927837,-20.0,-5.0,20.653442240373398,18.9873417721519,-6.896551724137923,1.8558515318774442,101.6589950134254,-0.4142475616975542,-0.5896303811591692,-68.28220349537133,-0.013152505500214197,-0.010617566254613325,-0.008836073750461365,-0.014037807100298498,-0.012385806952857356,-0.01364769993195059,-0.009672963980924583,0.006185319676801423,-0.0013599678800565024,-0.004263338162963789,0.006084955186309734,0.010395570115162164,0.08032693347957323,0.0836508699374277,0.015252040991456101,-0.0129132849482226,-0.008495471015627384,-0.0013392158070575308,-0.05035818743663109,-0.0666584221805761,0.08466962408176759,0.004938361928380304,0.007524354594533368,3.6749405540403437,6.298749475390276,2.4746317161649567,4.303958501006146,2.980085191907538,4.4440303608251766,3.489997272751172,2.397352741227197,2.621944611187171,2.43278371303638,1.9661037194173672,1.6164766154249417,5.274872176665615,6.476353177180839,15.095814397042993,2.6846204759133294,6.323337391612722,5.121229227569152,11.970282901304005,5.904377246502498,24.18324130065174,0.24714124937433138,1.0292423608362902,1.0813333333333335,1.0813333333333335,-0.1030000000000002,0.026666666666666543,0.85,0.48,0.22266666666666687,0.37733333333333335,0.13199999999999998,0.12200000000000004,1.0153334140777588,2.502666711807251,1.5833333333333333,1.3366666666666667,0.6776666666666665,-0.23500000000000018,-0.039666666666666295,3.8357400883989143,3.2329937768080748,4.499776508781361,0.10926953530346677,-7.359610104068821,-12.338637009315946,-11.332486431822955,-20.35617939115777,-13.569302679207382,3.687676373634184,3.2378076322157185,-1.6110869627843767,14.404704249469082,-1862.6355965860694,-12.388157280283925,-19.88085644683861,-19.541427826993228,-6.799962185668368,6.618033904626333,7.864630378921927,-8.965517241379303,2.032099226885014,130.36173450706747,-0.5127894869200089,-0.8916312319597296,-147.01861154250017
202310,-0.07892676147580391,-0.13324951822842404,-0.01366086062805341,-0.02823909654629933,-0.022224841001403373,-0.03185300438146245,-0.029925685421224774,0.00016318786164848183,0.0013991104132817357,0.0020889303199585468,-0.0024401497887231714,0.00460467372783653,-0.08652497684594128,-0.11385316112652706,0.19930415550059027,0.07156156903585961,0.026844549461253774,-0.022939607491517428,0.004186296014327374,0.009367750003600241,0.03477629940395825,0.06637506894487259,0.0013768417430461484,5.607552488787963,9.297142088669402,3.3471640007339234,5.361948358144851,3.978896190278692,5.784530385943609,3.681036053192318,2.149194400200391,3.779375890928296,1.9972923347586935,2.0412076831112045,1.685608858071708,12.320681843134668,12.24497773530348,15.390800893824343,3.827900507980246,8.15269974324206,4.65019449579687,5.545852903905651,4.660922426847401,31.97466687940659,0.7538242519410596,0.72148993438237,0.31000000000000005,0.31000000000000005,-0.6719999999999997,-0.71,0.06000000000000005,-0.33000000000000007,0.08300000000000018,-0.042999999999999705,-0.09999999999999964,-0.05999999999999961,0.7979998588562012,1.345000267028809,1.0,0.75,0.32299999999999995,-0.5720000000000001,-0.6949999999999994,3.715141306382181,3.140964995269625,5.5143891090815025,1.2872221745473267,-7.1617564270970115,-9.377707190297436,-4.930764158546427,-16.73422852799594,-11.444350081647526,2.908376071319365,2.4120699305755595,-1.1904038414645628,-242.85812514325005,-268.38355430561137,-16.25,-23.232323232323232,-22.916666666666664,-8.536585365853659,16.61016949152543,14.457831325301203,-4.761904761904765,2.4529515843654472,88.89737791088564,-0.4142475616975542,-0.5896303811591692,-68.28220349537133,-0.04822363756380007,-0.08007248249430608,-0.024366598290117735,-0.036677398722641454,-0.030015404255893118,-0.024096390823343358,-0.028784614164920924,0.017810758893488307,0.0061427886897746885,0.0022849329752615004,0.01075866427475937,0.01534897068611834,0.007130626269465826,-0.0031937615250345933,0.10182052075560556,0.002477440827384538,-0.028153853256689055,-0.030840903911482125,-0.01713257585883758,-0.03877142981406696,0.09528205231185784,0.026235227134117106,0.004804222111819789,4.256900830456673,6.787367401294726,2.822554420012955,4.775348870002259,3.540102805973303,4.861508038939024,3.444183828893648,2.0655873090290324,3.1740333331622623,2.064345654686424,1.8717745543556141,1.433012470384343,7.4274689357092,8.310492211429818,15.246759420003748,3.0283727193025314,6.561229133266296,4.8341523252783904,5.661659371145503,5.081716904013484,27.992219177885886,0.4175960766312108,0.784086187587639,0.8023333333333335,0.8023333333333335,-0.49300000000000005,-0.2966666666666667,0.5166666666666666,0.1333333333333333,0.039000000000000146,0.15600000000000014,-0.1253333333333333,-0.1079999999999998,0.8423333168029785,1.967666784922282,1.3333333333333333,1.0,0.48133333333333317,-0.36766666666666675,-0.23266666666666622,3.7395311063686694,3.1634787939454028,4.846709661323439,0.6241289585026363,-7.323702690841517,-10.345491787034138,-9.914356829652673,-21.912266690435853,-12.734963480875072,3.438498908505583,2.920610019209525,-1.832883783714119,-49.26619813648461,-1943.80685859549,-12.766064257028113,-20.392259788430632,-19.919590643274855,-6.544715447154471,13.835972716706095,13.04233042642376,-7.21948549534756,2.103361311989172,109.47364586549054,-0.46351852430878154,-0.7406308065594495,-107.65040751893575
202311,0.10701457341696495,0.1220817967487053,0.08404542410937924,0.1016463986356745,0.0854244482007529,0.08173046910252982,0.0036049308716276443,-0.04530381971820139,-0.010145767585330133,-0.031140714787093147,-0.017912888921369198,-0.030074626801453067,-0.05381939777181697,-0.0644891224498204,-0.24363172523222484,0.026298349196287204,0.10197049935379753,0.050207987870622126,-0.03615492141550643,0.042405821189442035,-0.33934290678070705,0.0,-0.013296594791038329,6.737435279728757,9.589632637917605,2.783169145829348,4.079689172688391,3.182270666577301,4.489277090367222,2.1749045118729065,3.236139621293704,4.6796628399318845,3.3575175370019883,3.1812890447737705,2.311942442267922,10.090314609222524,10.742822103780297,12.937087139504824,3.4037406233830128,6.725538868611238,4.442260377570347,6.350454385475428,5.453764840170431,16.57256359736368,0.0,0.9479572084445727,0.3039999999999998,0.3039999999999998,-1.1260000000000003,-0.8799999999999999,-0.08999999999999986,-0.6099999999999994,0.03200000000000003,-0.07200000000000006,-0.10599999999999987,-0.07600000000000007,0.6490001678466806,0.9850001335144043,1.0,0.1299999999999999,0.13900000000000023,-1.0200000000000005,-1.4409999999999998,3.5644485807352235,3.110273327049964,7.086820083682005,0.6232391360027355,-6.589114375477621,-9.813017413645445,2.135231316725979,-10.526659696811281,-10.234375165115118,2.808753180875872,2.4732407088879267,-1.1083720646391702,317.0322081652948,641.1580726965342,-8.108108108108109,-22.68041237113402,-17.391304347826086,-4.938271604938271,9.200438116100774,6.976744186046512,-4.1666666666666705,3.043339706819636,43.75060090375925,-0.4142475616975542,-0.5896303811591692,-68.28220349537133,-0.0027470426833435626,-0.036671652683537635,0.01159431785066384,0.004511556265887816,0.0044178130920224795,0.008749559468171741,-0.009779925829264947,-0.009256885034194832,-0.005884488909492974,-0.012770394803768091,-0.0004602907927590191,-0.00038625839583695507,-0.0158357658057228,-0.032065133553346024,0.004069489050539064,0.016752769068520326,0.010999345604796646,0.004955249909057054,0.0005418586942336536,-0.004254983314842968,-0.016361649032737974,0.026235227134117106,0.0025192562182951334,5.319779688498657,8.029613612306608,2.8199938427162095,4.505386267295507,3.4441048979632227,4.7474083305152455,2.9658228759617047,2.5009126346768795,4.033790999795965,2.470212836902071,2.2828535325977017,1.7634169709293526,9.006880717832152,9.692877820610748,14.02696267345425,3.339783532482573,6.574830622354483,4.733382043039067,5.7913144446222296,4.718938786453308,24.670106252919933,0.4175960766312108,0.7831866504548896,0.5463333333333334,0.5463333333333334,-0.8066666666666666,-0.6533333333333333,0.21333333333333337,-0.23999999999999977,0.01633333333333346,0.05466666666666672,-0.1693333333333332,-0.12299999999999978,0.7386666933695478,1.4833335081736247,1.0833333333333333,0.5966666666666667,0.3236666666666667,-0.6373333333333334,-0.7239999999999996,3.6708243411631862,3.1293495339956685,5.937484069841094,0.9373786163261899,-7.038915922097754,-9.212415759640821,-4.017533195805867,-16.87131206135022,-11.407046417134053,3.195263837615221,2.67200205196279,-1.7254641998734936,67.84730207003088,-1734.9084938696924,-11.452702702702704,-21.489812211461697,-20.102657004830917,-6.1582856569306434,15.488016615999863,13.473972427833205,-5.275041050903119,2.450714274354176,78.10232460935678,-0.4142475616975542,-0.5896303811591692,-68.28220349537133
202312,0.04624207723053404,0.041095156464422154,0.047228719649581224,0.053719834005724144,0.04327903543160833,-0.0006786673735611457,-0.018232514778710854,-0.00819895461265755,0.006623248042916088,0.030498935053576762,0.0013808723782770902,-0.02118907717498485,-0.07246555734268792,-0.05841369832086229,-0.10845837836189791,0.011852316520641965,-0.05861762619625504,0.013360359965539036,0.020365119682871222,-0.037368027159484875,-0.037055896668912576,-0.009216655104924063,-0.03144289616618561,3.739994885916011,4.6176706356897625,2.4598289753785934,3.310080526341108,2.7837414396878954,4.934031097268186,3.1589745843655685,3.33787071590778,6.4220042772453825,3.858947454906567,2.720979776118741,2.0020142178257103,9.581503254893656,9.127818908473236,13.981438781544734,4.793566786783938,9.111205550253667,5.879501742719898,7.0286252125674515,4.480158507539496,15.253126911488904,0.43161123416725766,1.8966731056510415,0.5260000000000002,0.5260000000000002,-1.3329999999999997,-0.5999999999999996,-0.16000000000000014,-0.4600000000000004,-0.5470000000000002,-0.33899999999999997,-0.5680000000000001,-0.5869999999999997,-0.013000011444091797,0.9199995994567871,0.5,-0.16000000000000014,-0.1160000000000001,-0.7649999999999997,-0.8879999999999999,3.239881173412546,2.867889045604148,6.526765072025613,0.5653104925053504,-5.545591574287843,-7.857196769567522,7.109699486928905,-12.505738081185665,-7.42138253328705,2.5572098642304786,2.6125841528586333,-3.3627573837456723,1679.9323324170014,-1170.6671136439827,-4.166666666666666,-16.304347826086957,-13.48314606741573,-10.126582278481013,10.60948081264109,7.142857142857142,-12.499999999999993,2.8105095541401286,23.470360251604294,0.35815378340093385,0.24641994127203734,-1975.1366413031828,0.02477662972389837,0.0099758116615678,0.03920442771030236,0.042375712031699764,0.035492880876985954,0.016399599115835408,-0.014851089776102657,-0.017779862156403484,-0.0007078030430441032,0.00048238352881405447,-0.006324055443938423,-0.01555301008286713,-0.07093664398681539,-0.07891866063240324,-0.05092864936451084,0.03657074491759627,0.02339914087293209,0.013542913448214578,-0.003867835239435935,0.0048018480111858,-0.11387416801522038,0.01905280461331618,-0.014454216404725953,5.36166088481091,7.834815120758923,2.8633873739806215,4.250572685724782,3.314969432181295,5.06927952452634,3.004971716476931,2.907734912467292,4.960347669368521,3.0712524422224163,2.647825501334572,1.9998551727217801,10.664166569083617,10.705206249185672,14.103108938291298,4.008402639382399,7.99648138736899,4.990652205362372,6.3083108339828415,4.864948591519109,21.26678579608639,0.3951451620361057,1.1887067494926626,0.38000000000000006,0.38000000000000006,-1.0436666666666665,-0.7299999999999999,-0.06333333333333331,-0.4666666666666666,-0.144,-0.15133333333333324,-0.25799999999999984,-0.2409999999999998,0.47800000508626334,1.0833333333333335,0.8333333333333334,0.2399999999999999,0.11533333333333336,-0.7856666666666667,-1.0079999999999998,3.5064903535099834,3.0397091226412454,6.375991421596374,0.8252572676851374,-6.4321541256208254,-9.015973791170135,1.438055548369486,-13.255542101997628,-9.700035926683231,2.758113038808572,2.4992982641073738,-1.887177763283135,584.702138479682,-265.96419841768665,-9.508258258258259,-20.73902780984807,-17.93037236063616,-7.867146416424315,12.140029473422429,9.525810884734952,-7.142857142857142,2.768933615108404,52.03944635541641,-0.15678044666472485,-0.310946940348767,-703.9003494313084
202401,-0.06142403246306313,-0.08088163519771993,0.012151064372276383,0.010118286035470624,0.015770693886425723,0.08097621412438312,-0.06470114514016757,0.03746322469796689,0.009981968315882007,-0.0037618706485982143,0.02399635236832798,0.018964349646495703,0.05885160281836019,0.05696451010701545,-0.17993778657363685,-0.006811352920151441,-0.03420084418900562,0.005653319949247617,-0.050037626276978255,-0.05665830016732888,0.142029361198239,-0.009302392662313561,-0.02211320830277648,4.0242395656844465,5.309918996959371,2.2454488639494037,4.601691840014317,3.1605964532779542,4.418213562535449,5.737185993796198,2.406390947464658,5.607182907929797,2.401541615615742,1.2537562272750171,0.9193556543293383,7.448317065371214,8.896976094119914,29.3790987119212,3.1903099501348033,6.379059453682821,4.107478793886347,4.449945297190129,4.792071626170538,18.642059107308356,0.3733591040087811,1.2490169745042994,0.27,0.27,-0.3420000000000005,-0.040000000000000036,0.1200000000000001,0.029999999999999805,0.04800000000000004,-0.15300000000000002,-0.06400000000000006,-0.004999999999999893,0.437999963760376,0.6180000305175781,0.25,-0.1899999999999995,-0.18900000000000006,-0.27800000000000047,-0.22599999999999998,3.0717986676535967,2.7660571964369325,6.192195895358056,1.1094865399501215,-4.64307057621498,-2.838305057489749,3.210323392871181,-11.778051468205105,-5.193583111950071,1.9740151469991856,2.61535016098202,-1.160471946893566,-464.78697421981013,-1120.3201024327786,-5.405405405405405,-19.148936170212767,-11.627906976744185,-9.210526315789473,12.645011600928063,9.75609756097561,0.0,2.5775656324582297,-0.175780240232995,0.35815378340093385,0.24641994127203734,-1975.1366413031828,0.030610872728145295,0.027431772671802506,0.04780840271041229,0.05516150622562308,0.04815805917292898,0.05400933861778393,-0.026442909682416926,-0.0053465165442973485,0.0021531495911559875,-0.0014678834607048657,0.002488111941745294,-0.010766451443314071,-0.022477784098714898,-0.021979436887889076,-0.17734263005591988,0.01044643759892592,0.0030506763228456296,0.023073889261802927,-0.02194247600320448,-0.017206835379123906,-0.0781231474171268,-0.006173015922412542,-0.022284233086666827,4.833889910443072,6.50574075685558,2.4961489950524487,3.997153846347938,3.042202853181049,4.613840583390286,3.6903550300115575,2.993467094888714,5.569616675035689,3.206002202508099,2.3853416827225096,1.74443743814099,9.0400449764958,9.589205702124483,18.765874877656916,3.7958724534339185,7.40526795751591,4.809746971392198,5.9430082984110015,4.908664991293488,16.822583205386977,0.2683234460586796,1.3645490961999724,0.3666666666666667,0.3666666666666667,-0.9336666666666669,-0.5066666666666665,-0.0433333333333333,-0.3466666666666667,-0.1556666666666667,-0.18800000000000003,-0.246,-0.22266666666666657,0.35800004005432157,0.8409999211629232,0.5833333333333334,-0.07333333333333325,-0.05533333333333331,-0.6876666666666669,-0.8516666666666666,3.2920428072671215,2.9147398563636813,6.60192701702189,0.7660120561527357,-5.592592175326815,-6.836173080234239,4.1517513988420225,-11.603483082067351,-7.61644693678408,2.4466593973685122,2.567058340909527,-1.877200465092803,510.725855454162,-549.943047793409,-5.893393393393393,-19.377898789144584,-14.167452463995334,-8.091793399736252,10.818310176556642,7.9585662966264215,-5.555555555555554,2.810471631139331,22.348393638376866,0.10068666836810448,-0.03226349953836485,-1339.5184953672458
202402,0.056546408782854926,0.07670710161584415,0.021935451896187744,0.05939243615142123,0.050427528312771974,0.07636232616645781,0.07813544672986504,0.005082725051763917,0.004421538848537539,-0.016741754717277343,-0.004374483793842843,0.0085813284418239,0.02310637658239007,0.031278958401365214,-0.12136080390028187,-0.001318947587936597,-0.01684315779829748,-0.017578283791607932,-0.07526699441220523,-0.08002566275164441,-0.06849529029991101,0.0,0.018942719986209656,4.968409420580256,3.940827235371943,2.6250570686139367,4.76776129354517,3.398587989463994,3.8449873766564155,6.507776600000675,1.9464454641253308,3.1686316152366976,1.8436495129685548,1.203081529829417,1.4588781986717438,7.011442146581238,7.131215665396159,25.248830884283073,2.416523159929734,6.406442660291327,4.41828389807797,4.476589311816777,3.67334443839755,22.0566992672843,0.0,1.2723851363640477,0.0030000000000001137,0.0030000000000001137,-0.44700000000000006,-0.1299999999999999,0.08000000000000007,-0.029999999999999805,-0.278,-0.20500000000000007,-0.41200000000000037,-0.39700000000000024,0.3359999656677246,0.5130000114440918,0.25,-0.05999999999999961,-0.20000000000000018,-0.0349999999999997,0.3290000000000006,2.6460859977949243,2.5351850125827182,5.9200832105400005,1.2854571942754307,-3.4906434347775246,3.265644426025692,15.71441630862053,-7.756250818169915,-1.7129414282314657,1.7372122790451268,3.7315728683362277,-0.0864379206810157,380.93527108918323,-3149.5621148232235,-1.4084507042253522,-14.606741573033707,-10.843373493975903,-7.894736842105263,10.925306577480487,8.235294117647058,9.999999999999993,2.7527327854464234,-8.303985443446617,0.35815378340093385,0.24641994127203734,-1975.1366413031828,0.013788151183441955,0.012306874294182124,0.027105078639348457,0.041076852064205326,0.03649241921026867,0.05221995763909326,-0.00159940439633779,0.01144899837902442,0.007008918402445211,0.003331769895900402,0.007000913650920745,0.0021188669711115827,0.0031641406860207777,0.009943256729172796,-0.13658565627860556,0.0012406720041846528,-0.03655387606118604,0.00047846537439290754,-0.03497983366877074,-0.058017330026152725,0.012159391409805214,-0.006173015922412542,-0.011537794827584167,4.244214624060238,4.622805622673693,2.443444969313978,4.226511219966864,3.1143086274766136,4.399077345486684,5.1346457260541465,2.5635690424992563,5.065939600137293,2.7013795278302877,1.7259391777410584,1.4600826902755972,8.013754155615372,8.38533688932977,22.869789459249663,3.466799965616159,7.2989025547426065,4.8017548115614055,5.318386607191452,4.315191524035861,18.65062842869385,0.2683234460586796,1.4726917388397975,0.2663333333333335,0.2663333333333335,-0.7073333333333335,-0.25666666666666654,0.013333333333333345,-0.15333333333333346,-0.25900000000000006,-0.23233333333333336,-0.34800000000000014,-0.3296666666666666,0.25366663932800293,0.6836665471394857,0.3333333333333333,-0.1366666666666664,-0.16833333333333345,-0.3593333333333333,-0.26166666666666644,2.985921946287023,2.7230437515412667,6.213014725974556,0.9867514089103008,-4.559768528426783,-2.4766191336771928,8.678146396140205,-10.680013455853562,-4.775969024489529,2.0894790967582635,2.986502394058961,-1.5365557504400849,532.0268764287915,-1813.5164436333282,-3.660174258765808,-16.686675189777812,-11.984808846045274,-9.077281812125248,11.39326633034988,8.37808294049327,-0.8333333333333321,2.713602657348261,4.996864855974913,0.35815378340093385,0.24641994127203734,-1975.1366413031828
202403,0.03870216510360974,0.048118911794331004,0.020583004733033688,0.01771083065778925,0.03054742011174303,0.03025918738228622,0.008584809459564722,0.01223939400023269,0.0057849364630709905,0.0068832489973992585,0.004967076403777016,0.003737241445341265,0.0451274754078803,0.060850039785941175,-0.05355958550903832,0.08059528897131604,0.08985669333441147,0.0431299070971175,0.061225764004661065,0.05454525783168629,-0.029536368371799213,-0.009389740349839032,0.001154068218106624,4.476536021510332,3.6111642561223083,2.595282672876286,3.9443091825906462,2.7758027571441883,4.990473485930155,2.8957123103660725,1.7957130712345795,3.112873440265747,2.1891904719435917,2.178386424386385,1.3359009422618389,5.038891215743771,6.381275626262064,16.368890275487423,3.578016638422359,5.522424059472521,4.695050430462074,6.093047008483143,4.479282343613202,16.33854581668896,0.5614543093423754,0.9170285678174248,0.004999999999999893,0.004999999999999893,-0.1479999999999997,-0.010000000000000231,0.14000000000000012,0.07000000000000028,0.07299999999999995,0.10999999999999988,0.052000000000000046,0.08000000000000007,0.7119998931884766,0.6180000305175781,0.0,0.16999999999999993,-0.09399999999999986,-0.19999999999999973,0.04900000000000038,2.592999816749128,2.5464684014869974,6.945043568285738,1.4027884697630661,-2.7968654629939635,4.079618358282619,3.5859269282814696,-13.268449796947198,0.3521498234120683,1.279147379255885,4.217344768277007,1.991773152805946,-138.7798144876325,-171.50760519435497,7.575757575757576,0.0,2.631578947368421,-5.633802816901409,12.278761061946895,10.588235294117647,2.77777777777778,2.1007081038552444,-15.398293501771521,0.9236064513393313,0.9595889372391109,4769.016360331247,0.011274847141133854,0.014648126070818406,0.018223173667165946,0.029073850948227026,0.03224854743698024,0.06253257589104239,0.0073397036830873995,0.018261781249987834,0.006729481209163513,-0.004540125456158766,0.008196314992754054,0.010427639844553622,0.042361818269543515,0.04969783609810729,-0.1182860586609857,0.024154996154409344,0.012937563782369467,0.010401647751585728,-0.0213596188948408,-0.027379568362428996,0.014665900842176338,-0.006230711004050864,-0.0006721400328200897,4.489728335925011,4.287303496151208,2.4885962018132086,4.437920772050043,3.1116623999620443,4.4178914750406735,5.046891634720982,2.0495164942748563,3.962895987810748,2.1447938668426296,1.5450747271636065,1.2380449317543067,6.4995501425654085,7.4698224619260465,23.66560662389723,3.061616582828966,6.102642057815558,4.406937707475464,5.006527205830015,4.3148994693937635,19.012434730427202,0.31160447111705214,1.1461435595619252,0.09266666666666667,0.09266666666666667,-0.3123333333333334,-0.06000000000000005,0.11333333333333344,0.023333333333333428,-0.05233333333333334,-0.08266666666666674,-0.14133333333333345,-0.10733333333333335,0.4953332742055257,0.5830000241597494,0.16666666666666666,-0.026666666666666394,-0.16100000000000003,-0.17099999999999996,0.050666666666667005,2.770294827399216,2.6159035368355497,6.352440891394598,1.2659107346628726,-3.643526491328823,1.502319242272854,7.503555543257726,-10.93425069444074,-2.1847915722564895,1.6634582684333992,3.5214225991984187,0.24828776174378805,-74.21050587275313,-1480.463274150119,0.25396715537560627,-11.25189258108216,-6.613233841117222,-7.57968865826538,11.949693080118479,9.52654232424677,4.259259259259259,2.4770021739199657,-7.959353061817026,0.5466380060470662,0.48414293992772856,272.914359241627
202404,-0.020067941422667122,-0.04122471609063385,-0.05132187093859486,-0.04505761580699784,-0.04250577768147858,-0.049868249282531536,0.020716016597571767,0.026075716764137433,0.015594289314417196,-0.01453169689962693,0.025469939884286655,0.015846971422368624,0.0043344113122057324,-0.015021455986229724,0.1216201434356305,0.03282764754355991,0.062300357467534276,0.13113997254600487,-0.005672164952466418,-0.03937179464524661,0.18475258249392357,-0.004728141195946012,-0.003176897978808004,5.72112243094137,5.987403260767543,3.241329694302214,5.604774366781156,3.851368798937815,5.958017840452174,3.9978573946980984,2.444820864637915,3.875101371343612,1.7230181991418456,1.786349328856461,1.7096280075854497,5.121788761624117,5.0994995392546,27.01033708452004,4.86790835255102,9.207758435908795,6.101649022623253,4.558626250132812,3.7771692093077545,30.16703907683431,0.32541324728705107,1.4097114430314386,0.10599999999999987,0.10599999999999987,-0.11000000000000032,0.10000000000000009,0.08999999999999986,0.10000000000000009,0.29600000000000026,0.18900000000000006,0.23599999999999977,0.29400000000000004,1.2339999675750728,0.32200002670288086,0.0,0.040000000000000036,-0.07799999999999985,-0.3460000000000001,0.006000000000000227,2.4421476264520274,2.420925702624988,6.663232010990903,1.5121742844938026,-2.0895996505752503,2.2719948436996398,1.1276190476190397,-13.504074505238647,1.4761187433092708,1.8219431642802109,5.25863983592973,2.1716857113341206,-465.72396365395986,-1027.1696733300828,11.11111111111111,11.842105263157894,5.405405405405405,-8.21917808219178,13.25167037861916,13.253012048192772,3.2258064516129057,2.272727272727284,-14.00355258622975,0.9236064513393313,0.9595889372391109,4769.016360331247,0.02506021082126586,0.027867099106513766,-0.0029344714364577993,0.010681883667404204,0.012823056914345468,0.018917754755404165,0.03581209092900051,0.014465945272044681,0.008600254875341908,-0.008130067539835006,0.008687510831406944,0.009388513769844595,0.024189421100825365,0.02570251406702556,-0.01776674865789658,0.037367996308979794,0.045104631001216096,0.05223053195050481,-0.006571131786670186,-0.021617399855068244,0.028906974607404528,-0.004705960515261682,0.0056399634085027356,5.05535595767732,4.513131584087265,2.8205564785974793,4.772281614305656,3.341919848515331,4.9311595676795825,4.467115435021615,2.062326466665942,3.385535475615353,1.9186193946846641,1.7226057610240877,1.501469049506344,5.724040707983043,6.203996943637608,22.87601941476351,3.620816050301038,7.045541718557549,5.071661117054433,5.042754190144243,3.9765986637728354,22.854094720269188,0.29562251887647545,1.1997083824043049,0.03799999999999996,0.03799999999999996,-0.23500000000000001,-0.013333333333333345,0.10333333333333335,0.046666666666666856,0.030333333333333396,0.03133333333333329,-0.04133333333333352,-0.0076666666666667105,0.7606666088104247,0.4843333562215169,0.08333333333333333,0.05000000000000012,-0.12399999999999996,-0.19366666666666651,0.12800000000000042,2.560411146998693,2.5008597055649013,6.509452929938881,1.4001399828440997,-2.7923695161155795,3.2057525426693165,6.8093207615070135,-11.509591706785253,0.03844237949662451,1.612767607527074,4.402519157514322,1.3590069811530168,-74.52283568413638,-1449.4131311158872,5.759472660881111,-0.9215454366252723,-0.9354630470673589,-7.24923924706615,12.151912672682178,10.692180486652491,5.3345280764635605,2.375389387342984,-12.568610510482609,0.7351222286931988,0.7218659385834196,2520.9653597864367
202405,-0.020846848378904537,-0.03388450245477753,0.022755829685367317,0.06653300909585287,0.04690380530435967,0.002139016950445223,-0.005818174084855564,-0.0071276512346935775,0.008042712763243818,-0.0022593711601906386,0.0015213915795552993,-0.014699900113272034,-0.07367028186599375,-0.06218971233545745,0.2618618085734734,0.013653421179197257,0.13802565565412228,0.009918938705272502,0.01524161596861704,0.05063834403120523,-0.19169438835153965,0.0,-0.0026068081380407823,3.7515313293927273,3.706737707855846,3.322547605329013,3.472790549706513,2.6824364333887436,3.7864018655126968,2.9191143718850068,2.0800368560320406,1.6769096333183962,2.528934038556857,1.998456340490042,1.2855765111271646,6.096806776493947,5.539023920864652,17.878753616452887,4.451350686731146,9.982958949759574,8.995546988939465,6.304465491940553,5.61619055094171,22.84855452047211,0.0,0.47427285993347845,0.03699999999999992,0.03699999999999992,-0.39099999999999957,-0.23999999999999977,-0.20999999999999996,-0.22999999999999998,0.04599999999999982,-0.1299999999999999,-0.007000000000000117,0.0519999999999996,0.8769998550415039,-0.0030002593994140625,0.0,0.06999999999999984,0.18599999999999994,-0.38399999999999945,0.28900000000000015,2.2607110300820454,2.349241583425816,5.910267471958579,1.8809849521203854,-1.354623126638253,6.542882404951382,12.878852923499615,5.1006711409396,3.4042889215111742,3.3289525727098472,5.9622703965334365,4.679727112590395,-744.977338277709,-3099.4186046511627,1.4285714285714286,3.75,0.0,-8.108108108108109,9.596510359869136,6.896551724137931,3.448275862068969,2.12816082927596,-9.902363253078885,0.9236064513393313,0.9595889372391109,4769.016360331247,-0.0007375415659872965,-0.008996768917026792,-0.0026610121733979426,0.013062074648881419,0.011648482578208033,-0.0058233483166000325,0.007827550657426978,0.010395819843225518,0.009807312846910667,-0.0033026063541394366,0.01065280262253966,0.0016281042514792842,-0.008069465048635911,-0.005453709511915328,0.10997412216668852,0.042358785898024415,0.09672756881868934,0.06139627278279828,0.023598405006937235,0.0219372690725483,-0.012159391409805015,-0.004705960515261682,-0.0015432126329140772,4.649729927281476,4.4351017415819,3.0530533241691713,4.34062469969277,3.1032026631569143,4.91163106396501,3.270894692316393,2.1068569306348457,2.8882948149759193,2.147047569880765,1.9877306979109628,1.4437018203248175,5.41916225128728,5.673266362127106,20.419326992153447,4.299091892568176,8.237713815046966,6.597415480674932,5.652046250185502,4.624214034620889,23.11804647133179,0.29562251887647545,0.9336709569274485,0.04933333333333323,0.04933333333333323,-0.21633333333333318,-0.04999999999999997,0.006666666666666672,-0.01999999999999987,0.13833333333333334,0.056333333333333346,0.09366666666666656,0.1419999999999999,0.9409999052683511,0.3123332659403483,0.0,0.09333333333333327,0.004666666666666745,-0.3099999999999998,0.11466666666666692,2.4319528244277335,2.4388785625126004,6.506181017078407,1.5986492354590849,-2.080362746735822,4.298165202311214,5.864132966466708,-7.223951053748749,1.7441858294108379,2.1433477054153145,5.1460850002467255,2.947728658910154,-449.82703880643385,-1432.6986277252,6.7051467051467055,5.19736842105263,2.678994784257942,-7.320363002400431,11.708980600145061,10.24593302214945,3.1506200304865524,2.167198735286163,-13.101403113693365,0.9236064513393313,0.9595889372391109,4769.016360331247
202406,0.05938069375942096,0.0005475083477061073,0.01111863041107147,0.05790122965977865,0.03408234323888226,0.028057841273263526,-0.03945197808756197,0.008202521419886175,-0.003457241744261217,-0.015277439581837767,-0.010857641055519044,0.01139942592505981,0.05702908860542215,0.057418193075959585,0.00539715168301942,0.0020642715709030804,-0.035613713185747915,-0.04878475451320704,-0.11631352767702353,-0.04628293644933475,-0.03785945067977285,-0.011919092237210311,-0.0014511684450599013,3.451803933410076,2.3152331166497775,1.4796348530344083,3.3636923225130793,1.7898556975357829,3.537858405958135,2.4983909546330105,1.697053560571042,1.019033940329678,1.9875177017202108,1.326574284215728,1.532854538796539,6.676553911858974,7.058570727890156,18.78955721077691,5.26332880987102,12.502684336583737,8.500531694522813,6.877193824577238,5.047153024376581,13.669185623885497,0.8815960214072416,1.2083574352544157,-0.1759999999999997,-0.1759999999999997,-0.815,-0.3700000000000001,-0.18999999999999995,-0.22999999999999998,-0.4089999999999998,-0.23500000000000032,-0.48,-0.45899999999999963,0.5239999294281006,0.05999994277954013,0.0,-0.040000000000000036,0.018000000000000238,-0.33499999999999996,0.25500000000000034,2.0422982663156937,2.2117777163395003,5.095266833347712,2.3341628765124853,-0.8583906935555231,7.593076420640102,9.91034649866732,-1.7428100121925028,3.3159264716412293,3.8009660044323006,6.490834724786349,3.7134932542463064,-126.76489917332503,427.70562770562776,4.285714285714286,3.614457831325301,3.9473684210526314,-6.756756756756757,6.006322444678597,4.444444444444445,7.1428571428571495,2.063554335033354,0.8855881734743921,1.5485066441373612,1.5671987748818914,-249.56057183372627,0.006155301319283109,-0.024853903399235096,-0.005815803614052015,0.026458874316211217,0.012826790287254445,-0.006557130352940929,-0.008184711858281919,0.009050195649776679,0.006726586777799932,-0.010689502547218446,0.005377896802774305,0.0041821657447187995,-0.004102260649455296,-0.0065976584152425246,0.12962636789737444,0.016181780097886758,0.05490409997863622,0.030758052246023446,-0.035581358886957626,-0.011672129021125376,-0.014933752179129567,-0.005549077811052107,-0.002411624853969586,4.308152564581391,4.003124695091056,2.6811707175552115,4.147085746333581,2.774553643287446,4.4274260373076695,3.138454240405372,2.073970427080333,2.1903483149972294,2.0798233131396375,1.7037933178540772,1.5093530191697175,5.965049816659015,5.899031396003136,21.226215970583272,4.860862616384396,10.564467240750703,7.865909235361844,5.913428522216866,4.813504261542015,22.228259740397302,0.4023364228980975,1.0307805794064455,-0.010999999999999973,-0.010999999999999973,-0.4386666666666666,-0.16999999999999993,-0.10333333333333335,-0.11999999999999995,-0.022333333333333243,-0.05866666666666672,-0.08366666666666678,-0.03766666666666666,0.8783332506815591,0.12633323669433563,0.0,0.02333333333333328,0.042000000000000114,-0.3549999999999998,0.18333333333333357,2.248385640949922,2.327315000796768,5.8895887720990645,1.9091073710422244,-1.4342044902563422,5.469317889763708,7.972272823261991,-3.3820711254971836,2.732111378820558,2.983953913807453,5.903914985749839,3.521635359390274,-445.82206703499793,-1232.9608834252058,5.608465608465608,6.402187698161064,3.1175912754860122,-7.694680982352215,9.618167727722295,8.198002738925048,4.605646485513009,2.154814145678866,-7.673442555278062,1.1319065156053412,1.1621255497867045,3096.157382942922
202407,-0.009744201436692648,-0.045384040724101654,0.043125595725525497,-0.007539898663053261,0.011257710402409889,-0.01223268564287471,-0.009703196622949896,-0.013815686366994056,-0.002063926273258733,0.05667517520711478,0.0077599565896800775,-0.01685999133515172,-0.06811706106588872,-0.04553934727193935,-0.24490890835315846,0.0415692552542416,-0.01582381163848349,-0.05392809386386974,-0.037183770879032206,-0.11209520038240875,0.27392231490236607,-0.06182438200833887,-0.02887649077619489,4.006145715722149,4.776543162554165,3.496243973463497,6.600731666687653,4.153803156358934,6.423833239971142,3.607251436592146,1.842938135167696,1.8962158807455491,2.8789770577999034,1.2879704069541937,1.132933157909233,5.899843039850733,8.297567247142027,19.68443982664758,5.143501150761931,9.107096591216587,6.452590488149645,7.203359770380983,7.525751514930403,31.452873896443002,0.9572335783789857,1.4024496649946132,0.041999999999999815,0.041999999999999815,-1.0079999999999996,-0.5299999999999998,-0.2599999999999998,-0.33999999999999986,-0.6970000000000001,-0.371,-0.677,-0.6739999999999999,0.15000009536743164,-0.11299991607666016,0.0,-0.1499999999999999,-0.16999999999999993,-0.3309999999999995,0.12699999999999934,1.9565217391304315,2.1544977442224504,3.766122098022364,2.5457985722886454,-0.6849729642482468,12.13502109704641,7.8949469146643265,-7.663003663003659,3.1853968605569847,4.083718558226821,6.6000543510933,2.8949349417025916,358.46016999406993,292.49651324965134,1.36986301369863,6.024096385542169,2.5316455696202533,-7.6923076923076925,0.3064351378958091,0.0,11.111111111111104,2.205824633016711,4.739708124591592,1.5485066441373612,1.5671987748818914,-249.56057183372627,0.0095965479812746,-0.026240344943724358,0.025666685273988105,0.03896478003085941,0.030747952981883934,0.005988057526944678,-0.018324449598455805,-0.004246938727267151,0.0008405149152412891,0.013046121488362122,-0.0005254309620945531,-0.006720155174454648,-0.028252751442153445,-0.0167702888438124,0.007450017301111435,0.019095649334780654,0.028862710276630302,-0.030931303223934763,-0.046085227529146226,-0.035913264266846094,0.014789491957017934,-0.024581158081849727,-0.010978155786431881,3.736493659508317,3.599504662353264,2.766142143942306,4.479071512969081,2.8753650957611523,4.582697837147325,3.0082522543700545,1.8733428505902598,1.5307198181312085,2.4651429326923235,1.5376670105533214,1.3171214026109788,6.224401242734554,6.965053965298945,18.784250217959123,4.952726882454699,10.530913292519967,7.982889723870642,6.795006362299589,6.063031696749564,22.65687134693353,0.6129431999287425,1.0283599867275035,-0.032333333333333325,-0.032333333333333325,-0.7379999999999997,-0.3799999999999999,-0.2199999999999999,-0.2666666666666666,-0.35333333333333333,-0.2453333333333334,-0.38800000000000007,-0.36033333333333334,0.5169999599456787,-0.01866674423217803,0.0,-0.040000000000000036,0.011333333333333417,-0.34999999999999964,0.2236666666666666,2.086510345176057,2.2385056813292556,4.923885467776219,2.253648800307172,-0.9659955948140077,8.756993307545963,10.228048778943753,-1.435047511418854,3.3018707512364625,3.7378790451229897,6.3510531574710285,3.7627184361797643,-171.0940224856547,-793.0721545652946,2.361382909328115,4.462851405622488,2.159671330224295,-7.519057519057519,5.303089314147845,3.780332056194125,7.234081372012408,2.1325132657753416,-1.425688985004281,1.3402065798713512,1.364662162334298,1423.2984055545978
202408,-0.03540494044549927,-0.045194634595134724,0.01748194470747997,0.006468953934197367,0.022577897117514727,-0.011680462623410158,-0.03340062347195105,-0.02594935178181398,-0.0034153813217667472,0.006970460819051204,-0.009297969674275475,-0.023324687916042128,-0.024073355576314574,-0.05758887280738758,0.04372547491200126,0.027357781297022567,-0.0016344915574448345,-0.003612253607696363,-0.012487838918205397,-0.04626540073854599,-0.0867891673799429,-0.07961762796469139,-0.026660167286095313,11.10745962564276,15.234266010063124,4.452495089321108,7.295252609118935,5.497609491307529,18.792052181565456,2.505796766777519,1.8609415713285395,1.9153446576972262,2.8231668534151058,2.654723775549901,2.044910722346847,8.746363523592672,10.548329923913919,16.09772120337498,3.8600811539366817,8.755261778292217,5.910877823489205,5.663998094687175,6.4688716550150485,72.93741248898395,1.7190333820228865,1.1271195974498287,-0.07699999999999996,-0.07699999999999996,-0.9699999999999998,-0.52,-0.19999999999999973,-0.3599999999999999,-0.7330000000000001,-0.43999999999999995,-0.758,-0.7400000000000002,-0.1819999217987065,-0.3299999237060547,0.0,-0.20999999999999996,-0.36099999999999977,-0.21199999999999974,-0.1080000000000001,2.0931496919173633,2.166926820310348,3.614663256606999,2.6001887925856013,-0.4740150795415437,12.978902953586493,14.792052534096644,8.111119955424659,3.189613941954427,3.6368800385446467,6.728682406073092,3.589831824688118,242.3172006014731,173.49185380889475,6.8493150684931505,11.39240506329114,3.79746835443038,-7.792207792207792,0.0,1.0752688172043012,7.407407407407398,2.1111285512478513,11.521660541061637,1.5485066441373612,1.5671987748818914,-249.56057183372627,0.004743850625743021,-0.03001038899051009,0.023908723614692318,0.018943428310307573,0.022639316919602286,0.0013815643356595506,-0.0275185993941543,-0.010520838909640617,-0.0029788497797622326,0.016122732148109404,-0.004131884713371478,-0.00959508444204468,-0.011720442678927051,-0.015236675667789109,-0.06526209391937927,0.02366376937405576,-0.017690672127225405,-0.035441700661591045,-0.055328379158087033,-0.06821451252342983,0.04975789894755019,-0.051120367403413525,-0.018995942169116726,6.188469758258329,7.442014096422358,3.142791305273004,5.753225532773222,3.8137561150674135,9.584581275831578,2.870479719334225,1.8003110890224263,1.6101981595908184,2.563220537645073,1.7564228222399407,1.570232806350873,7.107586825100795,8.634822632982035,18.190572746933153,4.755637038189878,10.121680902030848,6.954666668720556,6.581517229881797,6.347258731440678,39.353157336437484,1.1859543272697046,1.2459755658996203,-0.07033333333333329,-0.07033333333333329,-0.9309999999999997,-0.47333333333333333,-0.21666666666666648,-0.3099999999999999,-0.613,-0.34866666666666674,-0.6383333333333333,-0.6243333333333333,0.16400003433227525,-0.12766663233439157,0.0,-0.1333333333333333,-0.17099999999999982,-0.2926666666666664,0.0913333333333332,2.0306565657878295,2.1777340936240996,4.158684062659025,2.493383413795577,-0.6724595791151046,10.902333490424335,10.865781982476099,-0.4315645732571672,3.2303124247175465,3.8405215337345897,6.606523827317581,3.399420006879005,158.00415714073935,297.89799825472477,4.1682974559686885,7.010319760052869,3.4254941150344216,-7.413757413757414,2.1042525275247996,1.8399044205495818,8.553791887125218,2.126835839765972,5.715652279709226,1.5485066441373612,1.5671987748818914,-249.56057183372627
202409,-0.030771789897674522,-0.004936176647193298,0.018287333106668725,0.0264925710436339,0.019995632287754545,-0.01902172776052295,0.16033811019432317,-0.013254466994893332,-0.0074665969631631385,-0.004909503606958453,-0.009117388742232368,-0.00908736190716393,-0.09344652092323728,-0.07596093002516507,0.3178979392502388,0.055492918073343334,0.08128685772739085,0.08128528703092562,0.11660656493245365,0.07359867751577169,0.10915328653467692,0.0,-0.0311843167182419,6.553145921523112,7.932035743932708,2.608134586033319,4.792999031973338,3.206199683593246,9.905363159658744,10.320574809951427,2.8532542540830597,2.315741458422465,3.7703522062701396,1.5286657183230066,1.3613115421616686,7.6824666980603755,9.006416345837815,17.7795735609026,2.9822275875005158,8.998475716054854,5.985824965685993,7.191407968383047,5.8113525374173784,28.175464767529576,0.0,0.8298529668724481,-0.2270000000000003,-0.2270000000000003,-1.2610000000000006,-0.8199999999999994,-0.3700000000000001,-0.5800000000000001,-1.0380000000000003,-0.835,-1.073,-1.0550000000000002,-0.7709999084472656,-0.8020000457763672,0.0,-0.20000000000000018,-0.42300000000000004,-0.1880000000000006,0.01200000000000001,1.9439421338155567,2.0520337119824195,2.0409856467269507,1.5999999999999963,-0.3043909147907711,5.456019456830173,7.885509255483989,5.3250821300328735,2.3341384628425863,3.1494278052058546,6.926356445980376,3.5027301861187117,142.8498371598525,69.33820173436787,1.3888888888888888,11.39240506329114,5.263157894736842,-6.578947368421052,0.19342359767890582,1.0638297872340425,-7.407407407407414,2.0654990968350035,13.845958755369569,1.8229880600342345,1.822107784933544,668.3626725999608,-0.02530697725995547,-0.03183828398880989,0.026298291179891405,0.008473875438259327,0.017943746602559717,-0.014311625342269275,0.03907809669980741,-0.017673168381233787,-0.004315301519396206,0.019578710806402506,-0.003551800608942586,-0.016424013719452596,-0.0618789791884802,-0.059696383368164,0.03890483526969385,0.04147331820820251,0.02127618484382085,0.007914979853119836,0.022311651711738694,-0.02825397453506102,0.0987621446857001,-0.04714733665767675,-0.028906991593510723,7.2222504209626734,9.31428163885,3.518957882939308,6.229661102593308,4.285870777086568,11.70708286039845,5.477874337773698,2.1857113201930987,2.042433998955081,3.1574987058283828,1.8237866336090338,1.5130518074725827,7.442891087167929,9.284104505631253,17.853911530308384,3.995269964066377,8.953611361854554,6.116431092441616,6.686255277817068,6.601991902454277,44.18858371765217,0.892088986800624,1.1198074097722979,-0.08733333333333348,-0.08733333333333348,-1.0796666666666666,-0.6233333333333331,-0.27666666666666656,-0.4266666666666666,-0.8226666666666668,-0.5486666666666666,-0.836,-0.8230000000000001,-0.26766657829284685,-0.41499996185302734,0.0,-0.18666666666666668,-0.3179999999999999,-0.24366666666666661,0.010333333333333083,1.9978711882877838,2.1244860921717392,3.140590333785438,2.248662454958081,-0.4877929861935206,10.18998116915436,10.19083623474832,1.924399474151291,2.9030497551179995,3.623342133992441,6.751697734382257,3.3291656508364738,247.8757359184652,178.44218959763813,3.202688990360224,9.602968837374815,3.8640906062624913,-7.354487617645511,0.1666195785249026,0.7130328681461146,3.703703703703697,2.1274840936998554,10.035775807007619,1.640000449436319,1.652168444899109,56.413842977502746
202410,-0.014417453126717352,-0.027633923286378467,-0.013477744204308436,-0.0051823895757158855,-0.009946041598550177,0.030175981502843327,-0.017131720610720578,0.04695913975713353,0.01986848868977751,-0.017598355466348508,0.03618781317326572,0.03125869410008682,0.01918235891034688,0.015863011303345928,-0.07676950243464611,0.03803671849054441,0.04667316310769861,-0.04143844828500868,-0.033516003634663984,-0.07308964212682133,0.325223158479484,-0.02234729869199666,-0.032842616952295914,4.049307188691781,5.426225755666867,2.8487979570584647,4.5299001727873245,3.1111312584399022,5.424231059933319,9.790540042939869,1.5761338887132386,1.106587576632228,3.489472578356627,1.2713769704999243,1.175936436175723,12.277217679424794,12.539642646723562,25.07617046201221,3.602436985412216,9.54302209502789,5.0581537253430495,4.472077432505313,4.10493097737752,29.559581416166235,2.7669130554736925,1.7015378570682915,-0.21499999999999986,-0.21499999999999986,-1.4050000000000002,-0.94,-0.5500000000000003,-0.71,-1.225,-0.8650000000000002,-1.149,-1.205,-0.5910000801086426,-0.8880000114440918,0.0,-0.23999999999999977,-0.6709999999999998,-0.2560000000000002,-0.24100000000000055,1.8406568618605128,1.9812878370941212,1.8455005716152255,0.9573837160044018,-0.20617098042387108,0.9878116784832269,4.5468557336621505,2.046249809828083,2.757216317052795,3.467862180388552,7.335838030621902,3.93949242155602,-5.344221790819674,22.99653230681131,5.970149253731343,15.789473684210526,5.405405405405405,-6.666666666666667,-2.519379844961249,-1.0526315789473684,-5.000000000000004,1.8290289661668877,9.284755140670754,1.8229880600342345,1.822107784933544,668.3626725999608,-0.026864727823297036,-0.0259215781762355,0.007430511203280095,0.009259711800705117,0.010875829268906359,-0.00017540296036326156,0.03660192203721718,0.00258510699347541,0.0029955034682825413,-0.005179132751418587,0.0059241515855859616,-0.0003844519077064156,-0.032779172529734994,-0.039228930509735575,0.09495130390919797,0.04029580595363678,0.04210850975921488,0.012078195046073527,0.02353424079319477,-0.015252121783198546,0.11586242587807276,-0.03398830888556268,-0.030229033652211065,7.236637578619217,9.530842503220901,3.3031425441376303,5.539383937959865,3.9383134777802247,11.373882133719173,7.538970539889604,2.096776571374946,1.7792245642506401,3.360997212680624,1.8182554881242774,1.5273862335614128,9.568682633692616,10.6981296388251,19.65115507542993,3.481581908949805,9.098919863124989,5.651618838172751,5.775827831858511,5.4617183899366495,43.55748622422658,1.4953154791655263,1.2195034737968573,-0.17300000000000004,-0.17300000000000004,-1.2120000000000002,-0.7599999999999998,-0.37333333333333335,-0.5499999999999999,-0.9986666666666668,-0.7133333333333334,-0.9933333333333333,-1.0000000000000002,-0.5146666367848716,-0.6733333269755045,0.0,-0.21666666666666665,-0.4849999999999999,-0.21866666666666687,-0.11233333333333355,1.9592495625311444,2.0667494564622966,2.500383158316392,1.7191908361966666,-0.32819232491872863,6.474244696299965,9.074805841080929,5.1608172984285385,2.7603229072832693,3.418056674713018,6.996958960891791,3.6773514774542835,126.60760532350197,88.60886261669145,4.7361177370377945,12.8580946035976,4.822010551524209,-7.01260727576517,-0.7753187490941166,0.3621556751636585,-1.6666666666666723,2.0018855380832474,11.550791479034006,1.7314942547352767,1.7371381149163263,362.3882577887318
202411,-0.040004853160028914,-0.09134930360324343,0.0726531085987028,0.06021221347306741,0.05571971402949727,-0.02259707667212759,0.014117734758571802,0.010628378118084205,-0.021726748152152083,0.02438740584248061,-0.004556288300621976,0.016784625364647164,-0.0030116547268677447,-0.018359864641808228,0.21699239082967675,-0.0301396409463679,-0.06216281294053511,-0.055530061954062036,0.029387422128900543,0.00709942129920407,-0.5389964772026029,-0.04329680575332419,-0.025191918892413442,5.243887180643995,7.245998986429315,4.402213758435476,4.706181168319913,3.4708891495526326,5.032496202590926,5.908409625862811,3.5093564559142583,3.969388052127176,3.2919557913127875,1.1267569257492314,2.5471424408718706,7.566608885278108,8.319970414112564,21.260183196779902,6.406500215713448,7.622962941022499,8.965950228483335,4.161049253227564,4.297944302198858,31.698354010404067,5.125784025411131,1.6449039207149903,-0.605,-0.605,-1.125,-0.8900000000000001,-0.6900000000000004,-0.7200000000000002,-0.948,-0.8740000000000001,-0.976,-0.9710000000000001,-0.17400026321411222,-0.8649997711181641,0.0,-0.3899999999999997,-0.8839999999999999,-0.14900000000000002,-0.36300000000000043,1.6894320632638349,1.8190127970749495,1.367521367521373,0.9757339216019054,-0.17978163601288497,1.7171797103742878,6.034209692746282,2.256627473891772,3.4247196203843013,3.7450767967830783,7.499696777188411,4.114976776927864,50.6020904261661,34.94565403346297,1.4705882352941175,13.333333333333334,0.0,-9.090909090909092,0.10030090270811867,2.1739130434782608,-8.695652173913032,0.8118138240296761,11.654349061967027,1.8229880600342345,1.822107784933544,668.3626725999608,-0.028398032061473583,-0.041306467845605065,0.02582089916702104,0.027174131646995132,0.021923101572900543,-0.0038142743099357397,0.0524413747807248,0.014777683626774804,-0.0031082854751792372,0.0006265155897245481,0.007504712043470463,0.012985319185856681,-0.025758605579919384,-0.02615259445454245,0.15270694254842312,0.02112999853917329,0.02193240263151812,-0.0052277410693817,0.03749266114223008,0.0025361522293848087,-0.034873344062813914,-0.021881368148440283,-0.029739617520983776,5.282113430286297,6.868086828676298,3.2863821005090865,4.67636012436019,3.2627400305285925,6.7873634740609985,8.673174826251369,2.646248199570186,2.46390569572729,3.517260191979851,1.3089332048573874,1.6947968064030874,9.175431087587762,9.955343135557982,21.371975739898236,4.3303882628753945,8.721486917368416,6.669976306504126,5.274844884705307,4.738075938997919,29.811133398033288,2.630899026961608,1.3920982482185777,-0.34900000000000003,-0.34900000000000003,-1.263666666666667,-0.8833333333333332,-0.536666666666667,-0.67,-1.0703333333333334,-0.8580000000000001,-1.066,-1.0770000000000002,-0.5120000839233402,-0.8516666094462076,0.0,-0.27666666666666656,-0.6593333333333332,-0.19766666666666696,-0.19733333333333367,1.8246770196466349,1.9507781153838302,1.7513358619545165,1.1777058792021011,-0.23011451040917574,2.720336948562563,6.155524893964141,3.209319804584243,2.838691466759894,3.454122260792495,7.253963751263563,3.8523997948675315,62.702568598399644,42.42679602488087,2.9432087926381167,13.505070693611666,3.556187766714082,-7.445507708665603,-0.7418851148580772,0.7283704172549784,-7.034353193773483,1.5687806290105224,11.595020986002469,1.8229880600342345,1.822107784933544,668.3626725999608
202412,-0.023241118172215608,0.0,-0.05413094937177195,0.0048077768759825276,-0.02530769218774562,0.04319371326601937,0.007578968561811751,0.051810253300397194,0.04381649489339047,0.015236927273572268,0.04391011187714255,0.025674752539151725,0.023039329509850957,0.05326196058122574,0.07722531708548437,-0.010518067941868657,-0.05854917877924457,-0.023431323674563298,0.08058811265024163,0.008803980900710287,0.2501623594658277,0.05453287902025006,-0.005722957885538131,6.341007369035893,10.296457652323571,3.451835237339915,5.666529184469623,4.152374979103754,3.8390370129194453,3.604315620928295,2.69484361837706,5.0312737133802505,4.053275694034021,1.5034989355576622,1.6979650299209168,5.275426096279681,5.880764647755623,22.73045855438632,4.3227105210065,8.475370194376094,4.229011847203079,4.983799959866747,4.2859676620357146,70.53225822281371,1.0120798927117303,1.4451344436545528,-0.5790000000000002,-0.5790000000000002,-0.6140000000000003,-0.6900000000000004,-0.52,-0.5299999999999998,-0.32799999999999985,-0.746,-0.5579999999999998,-0.39400000000000013,0.7070000171661377,-0.9719996452331543,-0.25,-0.41000000000000014,-0.8609999999999998,-0.056000000000000494,-0.2270000000000003,1.7804154302670658,1.8647166361974332,1.2687813021702805,1.4394003917894538,-0.1515013786625516,6.954456094364348,-0.395377128953779,-2.7432169090091416,2.7915481744916097,3.528373861630988,7.845554249687366,5.252479307831868,17.15752082021552,39.64712881207339,0.0,9.090909090909092,-3.896103896103896,-1.4084507042253522,3.6734693877550963,6.666666666666667,9.523809523809511,0.8983195229613541,12.92818058628793,1.8996297914562188,1.9620056429086628,50.260331830209914,-0.025887808152987284,-0.03966107562987396,0.0016814716742074808,0.019945866924444677,0.0068219934144004854,0.016924206032245034,0.001521660903221001,0.036465923725204984,0.0139860784770053,0.007341992549901455,0.025180545583262104,0.0245726906679619,0.013070011231110026,0.016921702414254485,0.07248273516017166,-0.0008736634658973735,-0.024679609537360352,-0.040133277971211335,0.02548651038149274,-0.01906207997563566,0.012129680247569682,-0.0037037418083569287,-0.02125249791008252,5.211400579457224,7.6562274648065864,3.5676156509446186,4.967536841858952,3.5781317956987615,4.765254758481231,6.434421763243658,2.5934446543348524,3.369083114046552,3.611568021234478,1.300544277268939,1.80701463565617,8.373084220327529,8.91345923619725,23.022270737726142,4.777215907377389,8.547118410142163,6.084371933676489,4.538975548533206,4.229614313870698,43.93006454979466,2.9682589911988515,1.5971920738126126,-0.4663333333333333,-0.4663333333333333,-1.0480000000000003,-0.8400000000000002,-0.5866666666666669,-0.6533333333333333,-0.8336666666666667,-0.8283333333333335,-0.8943333333333333,-0.8566666666666668,-0.0193334420522057,-0.9083331425984701,-0.08333333333333333,-0.3466666666666665,-0.8053333333333331,-0.15366666666666692,-0.2770000000000004,1.7701681184638047,1.888339090122168,1.4939344137689599,1.1241726764652535,-0.17915133169976918,3.219815827740621,3.3952294324848853,0.5198867915702378,2.9911613706429017,3.580437612934206,7.5603630191658935,4.43564950210525,20.80512981852065,32.52977171744937,2.4802458296751535,12.737905369484317,0.503100503100503,-5.72200882060037,0.41813014850065294,2.5959827103991864,-1.3906142167011737,1.1797207710526394,11.289094929641921,1.8485353038415626,1.8687404042585838,462.3285590100439
202501,0.0479585415958356,0.07127180208417074,0.045948308697186795,0.016264600786969723,0.02665780641966916,-0.008105312483329016,-0.03064653284399949,-0.017690071346605482,-0.019610380199082105,-0.0012520190657011809,-0.012192226180493803,-0.0011066598643936906,0.02800715060767776,0.011230586787668187,-0.17688631433913812,0.06739416869473068,0.1045031331187245,0.06695031626450997,0.04998382235408077,0.042893476369981476,-0.054483577756117244,-0.09670780407096287,-0.030507935848454494,4.086869926265066,5.1034767372348036,2.703628198805042,6.415981066214688,3.74952320681994,4.2136153441612,4.0839039439294496,3.6894752274445946,4.701016250119602,4.900216865338633,1.4149131381543631,1.71359478121808,6.242349740525555,7.557525299823102,28.54400705589482,3.8512173666903506,8.292453116093933,4.8547812930103955,6.546031278678569,6.0663411234581845,34.0810812839905,2.4462772701046367,3.466592958445769,-0.5390000000000001,-0.5390000000000001,-0.7979999999999996,-0.7399999999999998,-0.6200000000000001,-0.6400000000000001,-0.4860000000000002,-0.7050000000000001,-0.6880000000000002,-0.593,0.6019997596740723,-1.0,-0.5,-0.48,-0.8069999999999999,-0.10999999999999943,-0.5040000000000004,1.8491921005385887,1.8156934306569426,2.529860650298604,1.667233752977198,-0.15768884755734508,10.526315789473683,7.722802470077019,1.8221895664952377,3.6803560133881392,3.315966191718009,7.474891426173462,6.067873970854428,40.69808962685236,31.619963105650857,-2.857142857142857,13.157894736842104,-2.631578947368421,0.0,3.604531410916581,4.444444444444445,-4.347826086956506,0.992709787498062,12.466119982736297,1.8996297914562188,1.9620056429086628,50.260331830209914,-0.005095809912136294,-0.0066925005063575614,0.021490155974705893,0.027094863712006544,0.019023276087140262,0.004163774703520918,-0.002983276507871969,0.014916186690625307,0.0008264555140520951,0.012790771350117231,0.009053865798675594,0.013784239346468398,0.016011608463553654,0.015377560909028571,0.039110464525340984,0.008912153268831385,-0.00540295286701839,-0.004003689788038459,0.053319785711074326,0.01959895952329861,-0.11443923183096406,-0.028490576934679,-0.02047427087546871,5.223921491981652,7.548644458662565,3.5192257315268107,5.596230473001408,3.7909291118254402,4.361716186557191,4.532209730240186,3.297891767245305,4.56722600520901,4.081816116895147,1.3483896664870854,1.9862340840036223,6.361461574027783,7.252753453897097,24.178216269020343,4.860142701136767,8.130262083830843,6.016581122898937,5.230293497257626,4.8834176958975855,45.437231172402754,2.8613803960758326,2.1855437742717716,-0.5743333333333335,-0.5743333333333335,-0.8456666666666667,-0.7733333333333334,-0.6100000000000002,-0.63,-0.5873333333333334,-0.775,-0.7406666666666667,-0.6526666666666667,0.37833317120869925,-0.9456664721171061,-0.25,-0.4266666666666666,-0.8506666666666666,-0.10499999999999998,-0.3646666666666671,1.7730131980231632,1.8331409546431086,1.7220544399967526,1.3607893554561858,-0.16299062074426054,6.399317198070773,4.453878344623174,0.4452000437926227,3.2988746027546836,3.5298056167106915,7.606714151016413,5.145110018538053,36.15256695774466,35.40424865039589,-0.46218487394957997,11.860712387028174,-2.1758942811574387,-3.4997865983781473,2.4594339004599295,4.428341384863124,-1.1732229123533413,0.9009477114963641,12.349549876997102,1.8740825476488905,1.915373023583623,256.29444542012686
202502,0.006102772982738154,0.021288009127771682,-0.01592488163262396,-0.040559990193879535,-0.014344484648483261,-0.06302232778613553,0.021394993770484785,0.005671738807433706,0.005823392045351574,0.03352268306767841,0.008310851880986127,-0.007037737395204336,-0.04776153520822622,-0.0389394423217072,0.23073626292787322,0.008602906019663818,-0.028700993350146482,0.05755591666244848,-0.06094884449540902,-0.02970756570551205,0.17795001491229742,-0.06351340572232586,-0.04085100062604249,5.653636717633167,6.623206695103166,3.2929052080076437,5.646065158569112,3.8256542426007445,5.1098772289817,3.816659963138013,2.3588162349324917,2.884668723740707,2.2122469233823088,1.764948887945151,2.1329448555637693,6.3554102409558535,7.041830557516592,18.8720929639708,4.077953732795763,5.45622323871163,7.239200682036139,5.847625409984696,4.423713582081111,30.659405292194933,2.6383227810797565,2.854144803765211,-0.6640000000000001,-0.6640000000000001,-0.8799999999999999,-0.8700000000000001,-0.8300000000000001,-0.8400000000000003,-0.7690000000000001,-0.8759999999999999,-0.819,-0.786,-0.020999908447265625,-1.0300002098083496,-0.5,-0.7000000000000002,-0.7469999999999999,-0.06099999999999994,-0.5240000000000005,2.022914428929471,1.9361876193073315,2.397708674304413,1.7598781622810713,-0.16394438035095424,8.604221847660325,-10.838995101911832,-6.967998297026888,4.1144968794499786,4.100574401375832,6.820591910300042,5.892040374624345,42.07181088314005,21.64585504903317,-11.428571428571429,14.473684210526317,-4.054054054054054,-7.142857142857142,-11.658291457286426,-6.521739130434782,15.151515151515152,1.0405342444478982,12.296564195298371,1.8996297914562188,1.9620056429086628,50.260331830209914,0.010273398802119393,0.03085327040398081,-0.008035840769069696,-0.006495870843642437,-0.004331456805519913,-0.009311309001148396,-0.000557523503900975,0.013263973587075142,0.010009835579886647,0.015835863758516495,0.013342912525878296,0.00584345175985123,0.0010949816364341596,0.00851770168239558,0.0436917552247398,0.021826335590841957,0.005750986996444489,0.03369163641746504,0.02320769683630447,0.0073299638550599,0.12454293220733603,-0.03522944359101289,-0.025693964786678392,5.360504670978042,7.341047028220515,3.1494562147175333,5.909525136417808,3.9091841428414784,4.387509862020783,3.8349598426652527,2.914378360251382,4.205652895746854,3.7219131609183207,1.5611203205523918,1.8481682222342553,5.957728692587032,6.826706835031772,23.382186191417308,4.083960540164205,7.408015516393888,5.440997940749873,5.792485549510004,4.92534078919167,45.09091493299971,2.032226647965374,2.588624068621846,-0.5940000000000002,-0.5940000000000002,-0.7639999999999999,-0.7666666666666667,-0.6566666666666667,-0.67,-0.5276666666666667,-0.7756666666666666,-0.6883333333333334,-0.5910000000000001,0.42933328946431476,-1.000666618347168,-0.4166666666666667,-0.5300000000000001,-0.8049999999999998,-0.07566666666666662,-0.4183333333333337,1.884173986578375,1.872199228720569,2.065450208924432,1.6221707690159077,-0.15771153552361697,8.69499791049945,-1.1705232535961976,-2.629675213180264,3.528800355776576,3.6483048182416096,7.380345862053623,5.737464551103546,33.30914044340264,30.970982322252627,-4.761904761904762,12.240829346092504,-3.5272456325087904,-2.8504359490274975,-1.4600968862049186,1.5297906602254427,6.775832862789387,0.9771878516357715,12.563621588107551,1.8996297914562188,1.9620056429086628,50.260331830209914
202503,-0.020607406915879915,-0.1004649135786584,-0.042855840199426606,-0.08570316308737547,-0.059266785380176656,-0.04227307346682648,0.004461451688495883,0.015127829543096579,0.05489115885187444,0.01521974246502725,0.01095833452647829,-0.032105500665257775,0.021093231713911437,0.02435692703118949,0.07170173178915129,0.09605337734980424,0.09868531168237736,0.10613545987419486,0.00823501771578378,0.0032078991112069574,0.1266304803422255,-0.01652930195121047,-0.041456713678346135,5.360966855079663,5.672137316988982,4.963105630473766,8.048286734576415,5.825340751100817,6.117551424085051,2.8482028524050533,2.358705972004159,2.111552876826645,3.2705596382265893,1.4460409227748308,2.176837761339515,5.6451584410769815,6.350503002744632,16.54958617718363,3.1038790967292105,6.361248837785316,7.755168088134673,6.775572780879874,4.317118517801009,39.76045851376108,0.555700415366653,3.0389833576344407,-0.798,-0.798,-0.786,-0.7599999999999998,-0.79,-0.8000000000000003,-0.6419999999999999,-0.7769999999999997,-0.7530000000000001,-0.7090000000000001,0.039999961853027344,-1.010000228881836,-0.5,-0.7399999999999998,-0.7800000000000002,-0.03299999999999992,-0.41800000000000015,1.920157184960262,1.7672648178357828,2.00871248789933,1.5014761703922406,-0.18432806344125097,6.33791686423265,0.6776616590463735,-0.12916767578914248,4.895292231885782,4.99481423009513,7.271170204458301,6.131534730655759,-23.744981349127254,-32.334760827407884,-11.267605633802818,5.0,-11.538461538461538,-4.477611940298507,-10.344827586206897,-5.319148936170213,0.0,0.9709486013716505,13.911065798760882,2.1104528076329707,2.1515607768921514,32.98944268143446,0.01115130255423129,-0.002635034122238658,-0.0042774710449545806,-0.03666618416476177,-0.01565115453633026,-0.037800237912097016,-0.0015966957950062646,0.0010364990013082699,0.013701390232714638,0.01583013548900149,0.002358986742323543,-0.013416632641618603,0.00044628237112098734,-0.0011173095009498364,0.04185056012596211,0.05735015068806626,0.05816248381698513,0.0768805642670511,-0.0009100014751814815,0.005464603258558791,0.0833656391661353,-0.058916837248166404,-0.037605216717614395,5.033824499659299,5.799606916442318,3.6532130124288167,6.703444319786738,4.466839400173832,5.147014665742652,3.5829222531575056,2.802332478127082,3.2324126168956515,3.4610078089825103,1.5419676496247814,2.0077924660404545,6.080972807519466,6.983286286694775,21.321895399016416,3.6776833987384414,6.703308397530296,6.616383354393737,6.3897431565143785,4.935724407780101,34.8336483633155,1.8801001555170151,3.1199070399484747,-0.6670000000000001,-0.6670000000000001,-0.8213333333333331,-0.7899999999999999,-0.7466666666666667,-0.7600000000000002,-0.6323333333333334,-0.7859999999999999,-0.7533333333333334,-0.6960000000000001,0.20699993769327799,-1.0133334795633953,-0.5,-0.64,-0.778,-0.06799999999999977,-0.4820000000000004,1.9307545714761074,1.839715289266686,2.3120939375007823,1.6428626952168368,-0.16865376378318342,8.489484833788886,-0.8128436575961467,-1.7583254687735976,4.230048374907967,4.137118274396324,7.188884513643935,6.030483025378177,19.674973053621716,6.9770191090922,-8.5177733065057,10.877192982456139,-6.074698179961338,-3.8734896943852157,-6.13286254419225,-2.46548120738685,3.601229688186217,1.0013975444392036,12.891249992265202,1.9699041301818028,2.025190687569826,44.503368780618096
202504,0.029972085840937072,0.06388811310560664,-0.03223659507576468,0.008464469566958826,-0.007654161847847313,0.011939934643788225,-0.01714841690709665,-0.03330058370742276,0.012410347878405182,0.014366166879725301,-0.03594764566208691,-0.04655198178253258,-0.16897773585953876,-0.2053605916988469,-0.21384003195092438,0.05670642240364317,-0.057518764651129844,-0.09610731892619018,0.02163415906469713,0.01951757490983466,0.10311382864416653,-0.023609865639133736,-0.05956226115134318,9.212995659447929,9.661080237904349,11.807179846735789,16.77345050922128,13.895848769554037,15.659057591679463,2.3415475545475326,4.475352456000707,6.441317537881273,7.272035212793317,3.151435015743959,3.490422860855509,12.754960429073419,14.242117835600087,21.19032013710135,8.619274843736877,14.070394771700359,14.803409676024335,5.541428586446122,5.8338741553492275,80.42854249258558,0.8561924046030344,4.635803115911354,-0.8719999999999999,-0.8719999999999999,-1.1270000000000002,-1.08,-0.8799999999999999,-0.96,-1.093,-1.096,-1.262,-1.2109999999999999,-0.5089998245239258,-1.054999828338623,-0.75,-0.81,-0.762,0.1349999999999998,-0.3259999999999996,2.116071428571433,1.901829378735731,2.4472709708581597,1.2960781013297478,-0.111525671181766,6.436111548763209,0.5349205153318828,1.839389860924166,4.672653623539585,4.454873130372905,7.333899261901737,6.941093514616174,6.220137898590132,18.11477026227568,-7.142857142857142,2.3529411764705883,-5.128205128205128,-8.955223880597014,-6.5880039331366795,-1.0638297872340425,0.0,0.7458669742406757,7.995498967228781,2.1104528076329707,2.1515607768921514,32.98944268143446,0.005155817302598446,-0.0050962637817600215,-0.030339105635938404,-0.0392662279047654,-0.027088477292169084,-0.031118488869724598,0.002902676183961348,-0.004167005118964157,0.024374966258543736,0.021036197470810317,-0.0055594864182074944,-0.02856507328099823,-0.06521534645128452,-0.07331436899645487,0.029532654255366702,0.05378756859103708,0.0041551845603670185,0.02252801920348439,-0.010359889238309362,-0.0023273638948234816,0.1358981079662299,-0.03455085777089002,-0.04728999181857729,6.742533077386921,7.318808083332168,6.687730228405733,10.155934134122269,7.848947921085198,8.962162081582072,3.0021367900301996,3.064291554312453,3.8125130461495425,4.251613924800738,2.12080827548798,2.600068492586264,8.25184303703542,9.211483798620437,18.87066642608526,5.267035891087284,8.629288949399104,9.932592815398385,6.054875592436896,4.858235418410449,50.282802099513866,1.3500718670164809,3.5096437591036698,-0.778,-0.778,-0.931,-0.9033333333333333,-0.8333333333333334,-0.8666666666666668,-0.8346666666666667,-0.9163333333333332,-0.9446666666666667,-0.902,-0.16333325703938803,-1.0316667556762695,-0.5833333333333334,-0.75,-0.763,0.013666666666666641,-0.42266666666666675,2.019714347487055,1.868427271959615,2.2845640443539676,1.5191441446676865,-0.15326603832465707,7.126083420218728,-3.2088043091778586,-1.752592037297288,4.560814244958448,4.516753920614623,7.14188712555336,6.321556206632092,8.18232247753431,2.475288161300474,-9.94634473507713,7.275541795665634,-6.906906906906907,-6.8585643212508876,-9.530374325543336,-4.301572617946346,5.050505050505052,0.9191166066867414,11.401042987096032,2.0401784689073867,2.0883757322309884,38.74640573102628
202505,0.05370620431391772,0.023575221945456207,0.03860430997865202,0.09127911760951171,0.05970544763775343,0.05188868798809164,0.020661979461161713,-0.038184245697371916,-0.03383844714547392,-0.04364031554380588,-0.019043279644560134,-0.0014084447750763777,0.012281725647016963,0.043368171265487615,0.03573392196575468,-0.004883340629861527,0.011035988694076208,0.0200821313532872,-0.05103988390344742,0.0067421396737211425,-0.2852559155913599,-0.048960827195701724,0.00639746284286452,4.3515671251314485,4.012674147121941,4.29407193930272,5.622412267007414,4.409862232504657,4.019224676447907,2.3477582976605276,3.3768557058664745,3.419152300713037,3.587847538703214,2.927917197849537,2.7053889823486794,7.4077769959101705,8.090550038850646,21.503925234562104,8.135633581319254,5.980007478370084,6.5819969601002155,5.733893448623472,3.843423167077058,29.623773698050684,4.930459285509531,0.8294129095594042,-0.9980000000000002,-0.9980000000000002,-0.9540000000000002,-1.1100000000000003,-0.9900000000000002,-1.04,-0.7919999999999998,-1.1340000000000003,-1.105,-0.9809999999999999,-0.09800004959106445,-1.0130000114440918,-0.75,-0.8299999999999996,-0.9579999999999997,0.1509999999999998,-0.49099999999999966,2.389017650205021,2.051328393276713,3.038696537678211,0.8224236320913092,-0.046653144016219346,0.37721614485099964,2.821936563474563,-3.4198949907762124,2.9660085095915165,2.8892764355246645,6.388022796261006,5.94368471413021,22.440844278632397,-1.1660766570428895,-4.225352112676056,4.819277108433735,0.0,-7.352941176470589,-7.263681592039799,-1.0752688172043012,3.333333333333336,0.8150711264898133,6.089526506988486,2.1104528076329707,2.1515607768921514,32.98944268143446,0.021023627746324967,-0.004333859509198512,-0.012162708432179746,0.0046801413630316825,-0.002405166530090185,0.007185183055017794,0.002658338080853658,-0.018785666620566032,0.011154353194935235,-0.0046848020663511096,-0.014677530260056249,-0.02668864240762225,-0.04520092616620345,-0.045878497800723256,-0.03546812606533949,0.0492921530411953,0.01740084524177458,0.010036757433763957,-0.00705690237432216,0.00982253789825425,-0.018503868868322542,-0.029699998262015314,-0.03154050399560829,6.308509879886348,6.448630567338426,7.021452472170758,10.148049836935037,8.043683917719836,8.598611230737474,2.5125029015377045,3.4036380446237806,3.990674238473653,4.71014746324104,2.508464378789442,2.7908832015145677,8.602631955353525,9.561056959065121,19.747943849615694,6.619595840595115,8.803883695951923,9.71352490808641,6.016964938649821,4.664805280075766,49.93759156813244,2.1141173684930723,2.834733127701735,-0.8893333333333334,-0.8893333333333334,-0.9556666666666668,-0.9833333333333334,-0.8866666666666667,-0.9333333333333335,-0.8423333333333333,-1.0023333333333333,-1.04,-0.967,-0.18899997075398764,-1.0260000228881836,-0.6666666666666666,-0.7933333333333331,-0.8333333333333334,0.08433333333333322,-0.41166666666666646,2.1417487545789053,1.9068075299494087,2.498226665478567,1.206659301271099,-0.11416895954641211,4.383748185948953,1.3448395792842731,-0.5698909352137296,4.177984788338962,4.112987931997567,6.997697420873681,6.338770986467381,1.6386669426984248,-5.1286890740582125,-7.545271629778672,4.057406094968107,-5.5555555555555545,-6.928592332455369,-8.065504370461127,-2.4860825135361853,1.1111111111111132,0.8439622340340466,9.332030424326069,2.1104528076329707,2.1515607768921514,32.98944268143446
202506,0.12984272985037018,0.062229428907473135,0.04226189269405902,0.06364100519388886,0.048415655447618985,0.06432322521978205,0.028547346499625002,-0.01611712648423531,0.021333856607794778,-0.016089270446804735,-0.018563360075524053,-0.024974587766834335,0.056436524867462444,0.06865283980180709,0.0026075815994372705,0.0016708949744929176,0.0861699715411018,0.07801528349181282,-0.05438008301922197,-0.016941353875582394,-0.10434387129392118,-0.021739986636405875,-0.027066891695772158,4.55572072070473,5.2933714683397275,3.2508225102069557,3.484267621701592,2.8265079605199612,3.7447429036379227,2.488133986693348,3.662857767983584,3.223007626665226,2.889160487318193,3.280609110088029,1.983652060193683,14.461586589309057,15.868265306577895,22.273421451597276,4.920577434724164,7.176459438163551,6.277090506811894,5.439912627812089,4.31682893962179,30.475826867532696,0.7091725427042868,1.601327152026014,-1.0250000000000004,-1.0250000000000004,-0.6949999999999998,-0.9499999999999997,-1.04,-1.04,-0.46099999999999985,-1.0259999999999998,-0.73,-0.613,-0.11299991607666016,-1.0229997634887695,-0.75,-0.9300000000000002,-1.1280000000000001,0.03500000000000014,-0.43900000000000006,2.348336594911938,1.9745739789018102,2.362592288761276,0.3270440251572332,0.08221764329722069,-2.572469266960096,-1.962081128747807,-6.277372262773719,3.065935862676529,3.206409341808018,6.34769692759274,5.7839367570114675,482.91548203670203,63.675478394803356,-6.8493150684931505,-1.1627906976744187,-2.5316455696202533,-7.246376811594203,-6.958250497017893,-2.127659574468085,-3.333333333333336,0.7533825338253303,-5.839132186063308,2.425599657082652,2.4233843353070825,7.417533956606117,0.071173673335075,0.04989758798617867,0.016209869198982128,0.05446153079011979,0.03348898041250836,0.04271728261722063,0.010686969684563364,-0.029200651963009996,-3.14142197579854e-05,-0.015121139703628439,-0.024518095127390362,-0.024311671441481098,-0.03341982844835312,-0.031113193543850726,-0.05849950946191083,0.017831325582758194,0.013229065194682728,0.0006633653063032782,-0.027928602619324075,0.003106120235991132,-0.09549531941370476,-0.031436893157080446,-0.02674389666808363,6.04009450176137,6.32237528445534,6.450691432081821,8.62671013264343,7.044072987526218,7.807675057255099,2.3924799463004693,3.8383553099502556,4.361159155086512,4.583014412938241,3.1199871078938415,2.72648796779929,11.54144133809755,12.73364439367621,21.655888941086904,7.225161953260099,9.075620562744668,9.220832380978816,5.571744887627226,4.664708754016025,46.842714352722986,2.1652747442722835,2.3555143924989257,-0.9650000000000002,-0.9650000000000002,-0.9253333333333335,-1.0466666666666666,-0.9700000000000001,-1.0133333333333334,-0.7819999999999999,-1.0853333333333335,-1.0323333333333333,-0.9349999999999999,-0.23999993006388345,-1.0303332010904949,-0.75,-0.8566666666666666,-0.9493333333333333,0.10699999999999991,-0.41866666666666646,2.2844752245627973,1.9759105836380846,2.6161865990992155,0.8151819195260969,-0.025320390633588218,1.4136194755513707,0.46492531668621284,-2.619292464208588,3.5681993319358765,3.5168529692351957,6.689872995251828,6.222904995252617,170.5254880713082,26.874724000012197,-6.072508108008783,2.0031425290766336,-2.553283565941793,-7.8515139562206,-6.936645340731459,-1.422252726302143,1.1842378929335002e-15,0.7714402115186063,2.7486310960513385,2.215501757449531,2.242168629697128,24.465473106491682
202507,0.05501977775966546,0.029925207641500834,0.0008208700868699209,0.036286420534801446,0.021435178792465086,0.014282969763983341,0.03670651425157095,0.0313966318677436,-0.002452970564401013,-0.016632875717648304,0.021736562207557653,0.031997057899233995,0.07024434241488044,0.06178941319498406,-0.10677616934875761,-0.00036430603310129,0.019336466639244237,-0.1497369879646927,-0.06509357011506897,-0.06296137479457596,-0.0005979210476472736,0.0,-0.03288537748374223,3.8774721202194495,3.577665352040916,2.6604373348254473,2.07277613286566,1.6338307514171253,4.620790436524777,1.919095810662209,1.235458267589329,1.4197939319396344,2.5302061862477996,1.6520311448746965,1.8520324380110584,6.79884562474465,7.737842280382243,12.804236222830335,3.4769146440195855,6.64834403292272,27.354539684510055,5.994267291617671,4.419481902398616,16.950092613003335,0.0,1.7613450609200483,-1.016,-1.016,-0.5070000000000001,-0.7800000000000002,-0.9400000000000004,-0.9100000000000001,-0.2789999999999999,-0.855,-0.544,-0.43500000000000005,0.25099992752075195,-0.9000000953674316,-1.0,-1.0300000000000002,-1.0510000000000002,0.03699999999999992,-0.20799999999999974,2.3898365316275743,2.000901306894997,3.3642691415313126,0.4529061477815919,0.2894899897408776,-4.515352197471403,2.870671796389461,3.1577277054903234,3.813021682655207,3.8343299854003283,6.975630261354131,5.776296039204523,6.783150451635168,19.03509751566037,-1.3513513513513513,-3.4090909090909087,-2.4691358024691357,-8.333333333333332,3.5641547861507124,5.434782608695652,-6.666666666666672,0.637480798771131,-7.557293183047041,2.425599657082652,2.4233843353070825,7.417533956606117,0.07952290397465113,0.038576619498143394,0.02722902425319366,0.06373551444606733,0.043185427292612495,0.04349829432395234,0.028638613404119228,-0.007634913437954538,-0.004985853700693384,-0.025454153902752973,-0.00529002583750884,0.0018713417857744257,0.04632086430978661,0.05793680808742626,-0.02281155526118857,-0.0011922505628232907,0.03884747562480742,-0.01721319103986423,-0.05683784567924611,-0.024386862998812407,-0.13006590264430937,-0.02356693794403587,-0.017851602112216643,4.261586655351876,4.294570322500863,3.4017772614450403,3.7264853405248886,2.9567336481472464,4.128252672203536,2.251662698338695,2.7583905804797966,2.6873179531059663,3.0024047374230687,2.6201858176040873,2.1803578268511403,9.556069736654626,10.56555254193693,18.860527636329902,5.511041886687669,6.601603649818787,13.404542383807389,5.7226911226844095,4.193244669699155,25.683231059528897,1.879877276071272,1.3973617075018236,-1.0130000000000001,-1.0130000000000001,-0.7186666666666667,-0.9466666666666668,-0.9900000000000002,-0.9966666666666667,-0.5106666666666665,-1.0050000000000001,-0.793,-0.6763333333333333,0.013333320617675781,-0.978666623433431,-0.8333333333333334,-0.93,-1.0456666666666667,0.07433333333333329,-0.37933333333333313,2.375730258914844,2.0089345596911734,2.9218526559902664,0.5341246016767115,0.10835149634062631,-2.2368684398601664,1.2435090770387387,-2.1798465160198695,3.2816553516410845,3.3100052542443366,6.570449995069293,5.834639170115399,170.71315892232323,27.181499751140432,-4.142006177506853,0.0824651672228014,-1.6669271240297956,-7.644217107132707,-3.5525924343023285,0.7439514056744221,-2.2222222222222228,0.7353114863620914,-2.435632954040602,2.3205507072660914,2.3327764825021053,15.941503531548898
202508,-0.01848156285024325,-0.010398642251638324,0.03153614864968151,0.01564697066620337,0.018886957507385716,0.039357797335774374,0.07666619917072104,-0.0051154146775817845,0.017640361870856592,0.02221941415380294,0.012644350847675092,-0.022852381611146312,-0.0627293564307543,-0.07882821529061695,-0.03572392619819567,0.05336057263250259,0.09513116127202254,0.04249700957616729,0.01010109598650392,0.07509155749408625,-0.08483886122145559,0.0,-0.0033912707363896667,5.417829260816225,5.985037523561743,3.2140962738053895,4.683204334930412,3.350565435591688,4.514780956174895,3.354621662248036,1.7070396943501216,1.2819690258767333,1.6810404375157608,1.8991184736318683,2.153972756317847,6.680922758872893,6.383498261925135,12.90920606085165,3.9515185664733528,5.496146124603042,4.19786309049656,6.47385346358681,4.671400176984481,35.37015747169724,0.0,0.6953548170695297,-1.0220000000000002,-1.0220000000000002,-0.597,-0.8700000000000001,-0.9900000000000002,-0.9300000000000002,-0.27300000000000013,-0.8119999999999998,-0.5269999999999997,-0.4269999999999996,0.31600022315979137,-0.9249997138977051,-1.0,-1.0300000000000002,-0.9010000000000002,-0.07000000000000028,0.01200000000000001,2.3253749889056574,1.9771726431203407,3.4638802040480448,0.5269320843091296,0.429559371604401,-4.496564087242303,4.121745507884126,1.833308791046981,4.208287799358964,4.314708031668852,6.820653689921261,7.08167824763221,3.998064251945055,10.380967714730394,-10.256410256410255,-5.681818181818182,-6.097560975609756,-5.633802816901409,7.845084409136039,7.446808510638298,-3.448275862068969,0.7147798017062319,-13.916014965490229,2.425599657082652,2.4233843353070825,7.417533956606117,0.05546031491993081,0.027251998099111885,0.02487297047687016,0.038524798798297885,0.02957926391582326,0.039321330773179924,0.047306686640639,0.0033880302353088386,0.01217374930475012,-0.003500910670216699,0.005272517659902901,-0.005276637159582219,0.02131717028386286,0.017204679235391405,-0.046630837982505356,0.01822238719129808,0.0668791998174562,-0.00974156496557087,-0.036457519049262324,-0.0016037237253573727,-0.06326021785434127,-0.007246662212135292,-0.021114513305301372,4.617007367246802,4.95202478131413,3.0417853729459305,3.4134160298325544,2.6036347158429236,4.293438098779198,2.587283819867864,2.201785243307679,1.974923528160532,2.3668023703605843,2.2772529095315313,1.996552418174196,9.313784990975535,9.996535282961759,15.995621245093083,4.116336881739035,6.44031653189644,12.609831093939505,5.969344461005522,4.469237006334962,27.598692317411082,0.23639084756809528,1.3526756766718655,-1.0210000000000001,-1.0210000000000001,-0.5996666666666667,-0.8666666666666667,-0.9900000000000002,-0.9600000000000001,-0.3376666666666666,-0.8976666666666665,-0.6003333333333333,-0.49166666666666653,0.15133341153462773,-0.9493331909179688,-0.9166666666666666,-0.9966666666666669,-1.0266666666666668,0.0006666666666665932,-0.2116666666666666,2.354516038481723,1.984215976305716,3.0635805447802107,0.4356274190826516,0.26708900154749976,-3.8614618505579337,1.6767787251752597,-0.42877858874547137,3.6957484482302334,3.7851491196257334,6.714660292956045,6.2139703479494,164.5655655800941,31.030514541731524,-6.152358892084919,-3.4178999295278376,-3.699447449233048,-7.071170987276314,1.4836628994229504,3.5846438482886214,-4.482758620689658,0.7018810447675644,-9.104146778200175,2.425599657082652,2.4233843353070825,7.417533956606117
202509,0.0722153518087958,0.055026410837579066,0.018555808109044735,0.05461829698540839,0.03471411909808157,0.050532882384109155,0.006420651842547201,0.013445645773349921,0.018993317252440516,0.00531862334835339,0.009493742192251143,0.0,-0.016279863893617994,-0.025954981114731566,0.09721935699030618,0.10046039669992013,0.140259276487072,0.06147695926215935,0.04303060901106528,-0.03434234961023676,0.05817069738385173,0.0,0.006771079614887356,4.592136452756254,4.64588726373221,2.207497639452086,2.447792284862963,1.8438479103269305,4.0559073633054625,3.364481875341114,1.5759087437608068,1.4303955736999625,1.6884555307716582,1.4362736573954276,1.7454831537918958,6.830624250858524,7.395886505502666,17.45785192360777,3.6917982971055063,6.361755519068674,5.626115350471161,6.988955218183192,3.5909998324050965,18.401896610375488,0.0,0.6761030421564643,-1.0269999999999997,-1.0269999999999997,-0.375,-0.6500000000000004,-0.94,-0.8300000000000001,-0.040999999999999925,-0.5009999999999999,-0.2290000000000001,-0.15300000000000002,0.34599971771240234,-0.6530001163482666,-1.0,-0.9900000000000002,-0.81,-0.1459999999999999,-0.10400000000000009,1.8536585365853688,1.2926391382405724,4.854053175054894,0.6114927123471302,0.35806664299843655,-1.0685731857318685,1.9047619047618907,-3.888002321195425,5.507529111626389,4.459390637455087,6.688559485719109,5.735087853517962,32.39088511072196,23.218155355506447,-6.8493150684931505,-10.227272727272728,-3.75,-4.225352112676056,6.853281853281862,6.315789473684211,-4.0000000000000036,0.8156355801785182,-13.335746707137089,3.025192697638012,2.9833518088096413,20.879626278068528,0.03625118890607268,0.02485099207581386,0.0169709422818654,0.03551722939547106,0.02501208513264412,0.03472454982795562,0.039931121754946404,0.013242287654503915,0.011393569519632033,0.0036350539281693427,0.014624885082494635,0.0030482254293625597,-0.002921625969830619,-0.014331261070121478,-0.015093579518882386,0.05115222109977382,0.08490896813277961,-0.015254339708788691,-0.003987288372499914,-0.007404055636908827,-0.009088694961750297,0.0,-0.009835189535081536,4.62914594459731,4.7361967131116245,2.694010416027641,3.0679242508863447,2.2760813657785803,4.397159585335046,2.8793997827504527,1.5061355685667532,1.377386177172111,1.9665673848450727,1.6624744253006638,1.9171627827069335,6.77013087815869,7.172409015936682,14.390431402429916,3.706743835866149,6.168748558864814,12.39283937515926,6.485691991129223,4.227293970596064,23.574048898358683,0.0,1.0442676400486823,-1.0216666666666667,-1.0216666666666667,-0.49300000000000005,-0.7666666666666669,-0.9566666666666669,-0.8900000000000001,-0.19766666666666666,-0.7226666666666666,-0.4333333333333333,-0.3383333333333332,0.3043332894643152,-0.8259999752044678,-1.0,-1.0166666666666668,-0.9206666666666669,-0.05966666666666676,-0.09999999999999994,2.1896233523728665,1.75690436275197,3.8940675068780837,0.5304436481459507,0.3590386681145717,-3.360163156815192,2.9657264030118253,0.36767805844729323,4.509612864546853,4.202809551508089,6.8282811456648345,6.197687380118232,14.39069993810073,17.544740195299223,-6.152358892084919,-6.439393939393941,-4.105565592692963,-6.064162754303599,6.087507016189536,6.399126864339387,-4.704980842911881,0.722632060218627,-11.603018285224769,2.625464003934439,2.6100401598079355,11.904898063760252
202510,0.1818298658404488,0.06709317606712224,0.024798440294631376,0.045926011461749364,0.022433352045496773,0.15395874461916595,0.018376867409802964,0.014764144989388252,-7.892932120543434e-05,-0.02430768005502183,0.017573905793871757,0.020550466713580573,-0.029527423403697066,-0.022538439359241446,0.2219924454054807,0.03615372718859943,0.036949701194439084,0.05279579988968336,0.03778489622797978,0.09333441071257521,0.06882904635176715,0.01092907053219023,0.00042167405221043604,6.01260061425958,4.929455112362454,3.066296950996389,5.492475524073881,3.8586435246785014,7.208127198893267,4.088949057862577,1.7448835125813589,1.5892213079795827,2.034532809233116,1.6714396143206849,1.3933271644770762,8.205535946397296,8.110688675124289,22.748724716112594,9.45837127888725,14.658810616797497,9.093305342622452,3.6759557359940387,3.6351893030243505,44.74326809439479,0.8618938514666031,1.4428589449195997,-0.774,-0.774,-0.3810000000000002,-0.5499999999999998,-0.81,-0.73,-0.039000000000000146,-0.43699999999999983,-0.21999999999999975,-0.14300000000000024,-0.1830000877380371,-0.7140002250671387,-1.0,-0.96,-0.6590000000000003,-0.16100000000000048,-0.09699999999999998,2.3832727917072716,1.9607843137254837,3.2873636946760696,1.1581067472306223,0.27343710440234775,2.0509584286503184,11.963732861565672,7.849422288483042,6.501159171821927,5.334850755810041,7.139060625149874,6.4306980981348865,66.92091257330756,38.5797240148468,-1.4084507042253522,-3.4090909090909087,-5.128205128205128,-1.4285714285714286,10.536779324055676,7.446808510638298,5.263157894736848,0.9173604687018175,-1.3871206513693561,3.025192697638012,2.9833518088096413,20.879626278068528,0.07852121826633379,0.037240314884354336,0.02496346568445255,0.03873042637112036,0.02534480955032135,0.08128314144634984,0.03382123947435708,0.0076981253617188,0.012184916600697225,0.001076785815711501,0.013237332944599334,-0.0007673049658552476,-0.03617888124268979,-0.042440545254863314,0.09449595873253037,0.06332489884034072,0.09078004631784457,0.05225658957600333,0.03030553374184967,0.044694539532141565,0.014053627504721175,0.0036430235107300767,0.0012671609769026853,5.340855442610686,5.18679329988547,2.8292969547512876,4.207824047955753,3.0176856235323726,5.2596051727912085,3.602684198483909,1.6759439835640964,1.4338619691854273,1.8013429258401779,1.6689439151159935,1.7642610248622728,7.239027652042906,7.296691147517365,17.70526090019067,5.70056271415537,8.838904086823073,6.305761261196726,5.712921472588012,3.9658631041379757,32.83844072548917,0.2872979504888674,0.9381056013818659,-0.941,-0.941,-0.45100000000000007,-0.6900000000000001,-0.9133333333333334,-0.8300000000000001,-0.11766666666666674,-0.5833333333333331,-0.3253333333333332,-0.24099999999999996,0.15966661771138554,-0.7640000184377035,-1.0,-0.9933333333333335,-0.7900000000000001,-0.1256666666666669,-0.06300000000000001,2.1874354390660993,1.7435320316954657,3.8684323579263356,0.7655105146289608,0.3536877063350618,-1.1713929481079512,5.996746758070562,1.9315762527781992,5.405658694269093,4.70298314164466,6.882757933596749,6.415821399761685,34.43662064532486,24.059615695028032,-6.171392009709586,-6.439393939393941,-4.99192203460496,-3.762575452716297,8.41171519549119,7.069802164986935,-0.7283726557773736,0.8159252835288558,-9.546294107998873,2.8253283507862252,2.7966959843087884,16.392262170914393
202511,-0.04504318379911135,0.013513048593361918,0.0032231749292072308,-0.015259014363053868,0.001298774393957997,-0.042034619179211696,-0.01687935887210581,0.025911025530373725,0.02826040383504391,0.010520652230592183,0.036945066956622905,-0.003412669814541118,-0.02915929559229291,-0.04066485704016149,0.16215510155630297,0.057597738845304704,0.16220842149433312,0.02341349041586978,0.00922728576907484,0.0339697466679222,-0.064538528428659,0.10644688187004721,0.03967462490766232,9.9484159115693,8.953683263210726,4.096808993280217,6.426827520769734,4.437166105979174,7.555677896065873,3.474007101724019,2.6683002735660653,3.1370859809986786,2.7441764399446336,1.7173144732302021,1.236503089503092,6.65102534549436,7.287963697160178,12.068286458711073,5.2788369047896,10.27288827382473,5.674600001412268,5.115529983120793,6.684059243428264,39.283320865187356,1.9205792833109656,2.555250523235507,-0.5510000000000002,-0.5510000000000002,0.23399999999999999,-0.29000000000000004,-0.52,-0.4500000000000002,0.593,-0.262,0.3839999999999999,0.5260000000000002,-0.16099977493286133,-0.6760001182556152,-1.0,-0.8800000000000003,-0.5250000000000004,-0.1499999999999999,0.19099999999999984,2.50972074938141,2.1545919741449016,3.493134184533843,1.6217124611377132,0.3936011980046704,4.792282557958609,-0.6273338312173289,-2.4067990287101875,7.025852841822301,5.446449581959991,7.300639776121807,8.55248595336557,25.08510357566961,30.38311682823553,1.4492753623188406,-2.3529411764705883,-1.3157894736842104,-2.857142857142857,10.22044088176353,6.382978723404255,0.0,0.974001073701979,-0.02096561638912184,3.025192697638012,2.9833518088096413,20.879626278068528,0.0696673446167111,0.04521087849935442,0.01552580777762779,0.028428431361367953,0.019482081845845444,0.05415233594135446,0.002639386793414794,0.01804027209770397,0.015724930588759664,-0.002822801492025418,0.021337571647581936,0.005712598966346484,-0.024988860963202658,-0.029719425838044825,0.1604556346506966,0.06473728757794144,0.11313913305861474,0.045895416522570835,0.03001426366937331,0.030987269256753547,0.02082040510232004,0.03912531746741248,0.015622459524920014,6.851050992861713,6.176341879768465,3.123534527909564,4.7890317765688595,3.3798858469948674,6.273237486088202,3.6424793449759036,1.9963641766360773,2.052234287559409,2.155721593316469,1.6083425816487713,1.458437802590688,7.229061847583395,7.598179625929045,17.42495436614381,6.143002160260785,10.431151469896967,6.7980068981686275,5.26014697909934,4.636749459619237,34.1428285233192,0.9274910449258559,1.558070836770525,-0.7839999999999999,-0.7839999999999999,-0.17400000000000007,-0.49666666666666676,-0.7566666666666667,-0.67,0.17099999999999996,-0.3999999999999999,-0.02166666666666665,0.07666666666666666,0.0006666183471679688,-0.6810001532236735,-1.0,-0.9433333333333335,-0.6646666666666668,-0.15233333333333343,-0.0033333333333334103,2.24888402589135,1.8026718087036526,3.8781836847549354,1.1304373069051554,0.3417016484684849,1.9248892669590196,4.413720311703411,0.5182069795258099,6.344847041756872,5.08023032507504,7.042753295663597,6.90609063500614,41.46563375323304,30.72699873286308,-2.269496803466554,-5.329768270944744,-3.397998200629779,-2.8370221327967804,9.20350068636702,6.71519223590892,0.4210526315789493,0.902332374194105,-4.914610991631837,3.025192697638012,2.9833518088096413,20.879626278068528
202512,0.07068125061755512,0.013927334171648688,0.007243051801748491,-0.005308117032477069,-0.0005242718289754783,0.001701311241391125,0.020425729242335336,-0.016204202896602484,-0.003109453670995606,-0.01691175063223391,-0.008939200885873345,-0.011935008849300488,-0.03789251886717349,-0.019488434209042456,-0.2744367965432906,0.025118724680499006,0.21712332236592888,0.08224316547634683,0.01084795108375799,-0.09900850656623761,-0.0895166335962334,0.0722449068733288,-0.026274089370180307,5.838011325535839,4.405795553409518,2.697682316095049,3.5509842441703325,2.549908592616051,4.837456659328949,2.4174942465937055,1.1255343591912683,1.57594674276039,2.413667758253264,2.5235844818498427,1.027252350108008,6.003912736743715,6.0320184883072026,26.867260850266163,6.0034608664790055,20.874785461109127,9.197918132090996,4.470121078885392,3.007126661026693,23.765400362967117,1.7986019681659642,3.1034450603391175,-0.702,-0.702,0.19200000000000017,-0.22999999999999998,-0.54,-0.4900000000000002,0.5299999999999998,-0.13200000000000012,0.35699999999999976,0.4780000000000002,-0.4099998474121094,-0.6610002517700195,-0.75,-0.73,-0.3680000000000003,-0.1649999999999996,0.278,2.3235268133227276,1.9741564967695646,4.74777448071217,1.8555835432409808,0.6696405992373038,6.777973500804162,8.984732824427489,0.6858816276202334,7.284981074527688,5.215378680658532,7.141128627930788,7.5037297685842494,-23.26116716523855,1.249985986704185,-1.4492753623188406,-1.1904761904761905,2.7027027027027026,0.0,7.874015748031496,4.166666666666666,-4.347826086956506,1.2894312687082716,4.9106871620390065,2.7924325155733265,2.675698674787215,36.980476134327844,0.0691559775529642,0.031511186277377624,0.011754889008529043,0.008452960022072799,0.007735951536826428,0.03787514556044846,0.007307745926677506,0.008156989207719836,0.008357340280947624,-0.010232926152221185,0.015193257288207107,0.001734262683246321,-0.03219307928772116,-0.027563910202815123,0.03657025013949766,0.03962339690480105,0.13876048168490038,0.052817485260633325,0.019286711026937547,0.009431883604753258,-0.028408705224374997,0.06320695309185541,0.004607403196564126,7.266342617121574,6.0963113096609005,3.2869294201238843,5.156762429671316,3.6152394077579078,6.533753918096031,3.326816802060101,1.8462393817795648,2.1007513439128846,2.3974590024770044,1.9707795231335765,1.2190275346960586,6.953491342878459,7.143556953530557,20.561424008363275,6.913556350051952,15.268828117243785,7.98860782537524,4.420535599333406,4.442125069159769,35.930663107516416,1.5270250343145106,2.3671848428314095,-0.6756666666666667,-0.6756666666666667,0.014999999999999977,-0.35666666666666663,-0.6233333333333334,-0.5566666666666668,0.36133333333333323,-0.27699999999999997,0.17366666666666664,0.2870000000000001,-0.25133323669433594,-0.6836668650309244,-0.9166666666666666,-0.8566666666666668,-0.5173333333333336,-0.15866666666666665,0.12399999999999996,2.4055067848038028,2.02984426154665,3.8427574533073607,1.5451342505364387,0.44555963388144065,4.540404829137697,6.773710618258611,2.042834962464363,6.937331029390639,5.332226339476187,7.193609676400823,7.495637940028235,22.914949661246208,23.40427560992899,-0.46948356807511743,-2.3175027586792303,-1.247097299728878,-1.428571428571428,9.543745317950231,5.998817966903073,0.3051106025934483,1.0602642703706893,1.1675336314268618,2.947605970283117,2.880800764135499,26.246576230154968
202601,0.21487963839312113,0.21672841033670848,0.01710470677080189,0.009413865764250929,0.013570462244289077,0.057575304839465234,0.036881157137199194,-0.006383752121784683,0.012187176604366839,0.014535222246722357,0.005614457418023435,-0.013212676852125719,0.1498923603621952,0.12722017456131274,0.16655309509691255,0.0859646885033959,0.11001215646853325,0.046334256723609586,-0.027635610172086253,0.032226204377747925,0.15405516202489242,-0.0528894639203727,0.023433754735957647,4.307356215799346,9.418746055099245,3.0567016432972585,2.8748506327230787,1.998705984078055,4.921199732545441,2.5629614572091097,2.245515694754182,2.5566246173985183,3.2226820182350813,2.897664337939732,1.8345047081200252,9.254140558811695,10.064225961252921,82.1638664056248,14.989757993001676,48.57832471346459,11.73254219899701,6.868701273810793,4.240308774024551,25.598668003892865,2.1749153402867067,1.8460703893222994,-0.528,-0.528,0.45399999999999974,0.04999999999999982,-0.31000000000000005,-0.22999999999999998,0.7480000000000002,0.06300000000000017,0.565,0.7349999999999999,-0.3279995918273926,-0.6160001754760742,-0.5,-0.5100000000000002,-0.16000000000000014,-0.11100000000000021,0.29200000000000026,2.256301780363126,2.007348328703284,3.5595825580454585,1.8741633199464602,1.0458323630951791,5.031446540880502,14.727530077848549,5.816135084427748,6.846171675437003,4.784372817220515,6.900678493683757,9.31591040113509,36.391514920796055,40.12718813165021,2.941176470588235,-6.976744186046512,1.3513513513513513,1.4492753623188406,11.630218687872768,7.446808510638298,0.0,1.7124865612041085,5.599729837595555,2.7924325155733265,2.675698674787215,36.980476134327844,0.08017256840385498,0.08138959770057304,0.009190311167252547,-0.003717755210426679,0.004781654936423863,0.0057473323005482165,0.013475842502476248,0.0011076901706621892,0.01244604225613838,0.0027147079483602105,0.011206774496257668,-0.009520118505322443,0.027613515300909594,0.02235562777070294,0.018090466703308283,0.05622705067639988,0.16311463344293178,0.05066363753860873,-0.00252012443975113,-0.010937518506855834,8.326672684688674e-17,0.04193410827433444,0.012278096757813196,6.69792781763483,7.592741623906497,3.2837309842241744,4.284220799221049,2.995260227557759,5.771444762646755,2.8181542685089447,2.0131167758371724,2.4232191137191963,2.7935087388109925,2.379521097673259,1.366086715910375,7.303026213683258,7.794736048906768,40.36647123820068,8.757351921423428,26.575332816132818,8.86835344416676,5.484784111938993,4.64383155949317,29.549129744015772,1.964698863921212,2.5015886576323094,-0.5936666666666667,-0.5936666666666667,0.2933333333333333,-0.15666666666666673,-0.4566666666666667,-0.3900000000000001,0.6236666666666667,-0.11033333333333332,0.4353333333333332,0.5796666666666668,-0.2996664047241211,-0.651000181833903,-0.75,-0.7066666666666669,-0.35100000000000026,-0.1419999999999999,0.2536666666666667,2.363183114355754,2.0453655998725835,3.933497074430491,1.7838197747750515,0.7030247201123844,5.533900866547758,7.69497635701957,1.365072561112598,7.052335197262331,5.148733693279679,7.114148965912118,8.457375374361636,12.738483777075706,23.920096982196792,0.9803921568627451,-3.5067205176644314,0.9127548601232817,-0.46928916494133815,9.908225105889263,5.998817966903073,-1.4492753623188344,1.3253063012047865,3.4964837944151657,2.870019242928222,2.7782497194613573,31.613526182241404
202602,0.17830952751516257,0.037011925343696496,0.0017462512649496502,-0.03441088861051787,-0.008706133376068959,0.09863143961864966,0.010852309019184181,0.0024885276995209355,-0.01186156231163291,-0.014840245483765358,0.013185528935260465,0.006372095059649294,0.025006553330371804,0.027378214855194663,-0.4206230818408036,0.10399130563627705,0.16875437778522462,0.01806545430436167,0.02422263757584621,0.08377617520311814,0.1299412402463301,0.0,0.006076583413430824,13.35155200066556,10.713227210424778,4.363024550973807,5.349624192879319,3.914687377924472,7.500623515285889,4.730878147934385,2.5133509294767675,2.9382137279490514,2.6861518913641125,3.0680956771581727,1.4360823777394023,10.856325575358879,10.081136374296339,33.72611289475923,9.18859279734517,23.72636530606908,9.251434924168983,2.776655671238655,3.578469882770137,38.901217055821974,0.0,1.2198520240889776,-0.19700000000000006,-0.19700000000000006,0.48,0.06000000000000005,-0.11000000000000032,-0.06000000000000005,0.7400000000000002,0.02400000000000002,0.4750000000000001,0.6320000000000001,-0.2690000534057613,-0.6149997711181641,-0.5,-0.33999999999999986,-0.05600000000000005,0.004999999999999893,0.3620000000000001,2.263555009650814,2.024255395041908,2.892991289059382,1.9040492225825278,1.3664193326034941,7.796910797428136,37.07247917774232,11.997559301350002,6.129283126481107,4.653377108312824,6.521298886146814,7.39630937873188,46.79067577113255,64.84449457457877,12.903225806451612,-2.2988505747126435,8.450704225352112,9.230769230769232,24.914675767918077,16.27906976744186,7.894736842105258,1.9827851214263634,-5.219956393484674,2.7924325155733265,2.675698674787215,36.980476134327844,0.1546234721752796,0.08922255661735123,0.008698003279166686,-0.01010171329291468,0.0014466856797482111,0.052636018566502,0.022719731799572915,-0.00669980910628874,-0.0009279464594205578,-0.005738924623092303,0.003286928489136854,-0.006258530213925639,0.04566879827513117,0.045036651735821664,-0.1761689277623939,0.07169157294005733,0.16529661887322894,0.04888095883477269,0.002478326162505993,0.005664624338209481,0.06482658955832978,0.0064518143176520324,0.0010787495930693637,7.832306514000249,8.179256272977847,3.372469503455371,3.9251530232575766,2.8211006515395254,5.75309330238676,3.2371112839124003,1.9614669944740732,2.356928362702654,2.7741672226174856,2.8297814989825825,1.4326131453224784,8.704792956971431,8.725793607952154,47.5857467168834,10.060603885608618,31.059825160214263,10.06063175175233,4.705159341311613,3.60863510594046,29.421761807560646,1.3245057694842235,2.0564558245834665,-0.4756666666666667,-0.4756666666666667,0.3753333333333333,-0.040000000000000036,-0.3200000000000001,-0.26000000000000006,0.6726666666666667,-0.014999999999999977,0.4656666666666666,0.6150000000000001,-0.3356664975484211,-0.6306667327880859,-0.5833333333333334,-0.5266666666666667,-0.19466666666666685,-0.09033333333333331,0.3106666666666668,2.281127867778889,2.001920073504919,3.73344944260567,1.8779320285899896,1.0272974316453256,6.5354436130376,20.261580693339454,6.166525337799328,6.753478625481932,4.884376202063957,6.8543686692537875,8.071983182817073,19.973674508896682,35.40722289764454,4.798375638240335,-3.4886903170784493,4.168252759802056,3.560014864362691,14.806303401274112,9.297514981582275,1.182303585049585,1.6615676504462478,1.763486868716648,2.7924325155733265,2.675698674787215,36.980476134327844
202603,-0.2117665579959308,-0.12522295965176805,-0.05533148179042306,-0.04870407970273413,-0.05227555661610112,-0.14192217352161357,-0.06731987788888263,0.048387148555083255,0.02857210449578143,0.03099686044429065,0.054052179265477174,0.023790143367979546,0.49033561501702566,0.413884773731623,0.008706339248604558,-0.11815589746291988,-0.21582802334293424,-0.07197719649886991,0.04239340877454452,0.011811583686337395,0.2401184663716358,0.0,0.029056770571628667,21.52201836971287,23.921075497307278,4.7092456331797035,6.669644360529485,5.093476727855695,10.514266998211665,5.216334503896521,4.700916930666582,2.895791414043477,3.071273090021799,2.8846050097453317,2.23779415729102,24.229799175929013,26.25946652014172,16.583200342965302,10.820781604391138,17.54890774392414,7.070696809241015,5.405255143689393,5.82172005802204,47.32179658786955,0.0,1.9265347111375617,-0.1559999999999997,-0.1559999999999997,1.0260000000000002,0.3599999999999999,-0.010000000000000231,0.08000000000000007,1.108,0.4089999999999998,0.9830000000000001,1.1320000000000001,0.06500005722045898,-0.5929999351501465,-0.5,-0.17000000000000037,0.026000000000000245,0.04300000000000015,0.22699999999999987,2.4623203645285683,2.297622228159229,2.1115065243179134,2.4515914568270616,1.7695702907006239,11.10285374554102,28.63514719000892,7.913669064748206,6.424324088295122,4.834801407620336,6.766778549630435,8.165151962619673,395.1120238984317,352.9748932740245,15.873015873015872,3.571428571428571,21.73913043478261,10.9375,21.758241758241756,12.359550561797752,10.810810810810796,1.900328169121582,-8.327825512227363,2.950666002207701,2.802144231938082,22.174983078127582,0.060474202637450965,0.04283912534287898,-0.012160174584890498,-0.02456703418300037,-0.015803742582627,0.004761523645500439,-0.006528803910833075,0.014830641377606507,0.009632572929505121,0.010230612402415884,0.024284055206253694,0.00564985385850104,0.22174484290319754,0.18949438771604346,-0.08178788249842886,0.023933365558917705,0.020979503636941243,-0.0025258284902995587,0.012993478726101503,0.042604654422401154,0.1747049562142862,-0.0176298213067909,0.019522369573672354,13.060308862059259,14.684349587610434,4.042990609150256,4.964706395377294,3.668956696619406,7.645363415347664,4.1700580363466715,3.1532611849658445,2.7968765864636835,2.9933689998736637,2.9501216749477455,1.836127081050149,14.780088436699863,15.468276285230326,44.157726547783106,11.666377464912662,29.95119925448594,9.351557977469005,5.01687069624628,4.54683290493891,37.27389388252812,0.7249717800955686,1.6641523748496148,-0.2936666666666666,-0.2936666666666666,0.6533333333333333,0.1566666666666666,-0.14333333333333353,-0.06999999999999999,0.8653333333333335,0.16533333333333333,0.6743333333333333,0.8330000000000001,-0.1773331960042316,-0.6079999605814616,-0.5,-0.34000000000000014,-0.06333333333333331,-0.021000000000000057,0.29366666666666674,2.3273923848475024,2.1097419839681404,2.854693457140918,2.0766013331186834,1.3939406621330992,7.977070361283221,26.811718815199928,8.575787816841986,6.466592963404412,4.757517111051225,6.729585309820337,8.292457247495546,159.43140486345342,152.64885866008464,10.572472716685239,-1.9013887297768626,10.51372867049536,7.2058481976960245,19.434378738010864,12.028476279959305,6.23518255097202,1.865199950584018,-2.649350689372142,2.845177011118118,2.7178471938375037,32.04531178226109
202604,0.2670231943513387,0.12486234726190464,0.06900336306023315,0.14229947831934175,0.0991513257212326,0.1492807649777568,0.05506076743734541,-0.019696033687281532,-0.006115824678516569,-0.009615379970444997,-0.02171420048099128,-0.01898660595092212,-0.03736014048420891,0.035750985843932756,-0.04141455491835941,-0.00710407559001947,-0.015598409244309044,0.05881749209907525,0.015176443046933271,0.009349834368326194,-0.4021044610385206,-0.016103407566578735,0.00625735322875452,11.770684612992238,10.700610118059934,3.9217719898123318,4.4382291069175555,3.3622538581261803,8.782039485309614,3.721499681573534,3.206333115400743,3.120249522645676,2.998042490046754,2.780095135509645,1.4182997349971125,28.683741355892746,29.36482674715925,10.682513723097825,6.629023440566345,12.54795012916424,6.177700674858949,3.3706461017615785,2.8351288429322303,27.590995549375663,0.6178130577890429,3.005438753128349,-0.2290000000000001,-0.2290000000000001,1.3800000000000003,0.52,0.06999999999999984,0.17999999999999972,1.3599999999999999,0.6459999999999999,1.3280000000000003,1.4049999999999998,0.21299982070922852,-0.6050000190734863,-0.25,-0.020000000000000018,0.2519999999999998,0.052000000000000046,0.07799999999999985,2.299554078866832,2.186277995023114,0.5107653622505041,4.1458956463941465,2.156878666693733,29.464880467766985,52.600419664268586,12.878120411160074,6.8079665586456075,4.674162363797248,6.762352779970604,6.989699675894536,220.99734263411395,160.04630247985398,10.76923076923077,2.2988505747126435,6.756756756756757,16.39344262295082,17.999999999999993,8.60215053763441,6.249999999999992,2.0912837734696845,-5.49949329869685,2.950666002207701,2.802144231938082,22.174983078127582,0.07785538795685683,0.012217104317944377,0.005139377511586589,0.019728170002029904,0.012723211909687499,0.035330010358264295,-0.0004689338107843356,0.010393214189107556,0.003531572501877319,0.0021804116633601,0.015174502573248788,0.003725210825568906,0.15932734262106285,0.1590046581435835,-0.15111043250351952,-0.0070895558055540904,-0.0208906849340062,0.001635249968188995,0.027264163132441344,0.03497919775259391,-0.010681584806851477,-0.005367802522192912,0.013796902404604646,15.548084994456891,15.111637608597333,4.331347391321947,5.48583255344212,4.123472654635448,8.93230999960239,4.556237444468147,3.473533658514698,2.984751554879402,2.9184891571442217,2.910931940804383,1.6973920900091783,21.25662203572688,21.90180988053244,20.330608986940785,8.879465947434218,17.94107439305249,7.49994413608965,3.8508523055632082,4.078439594574802,37.93800306435572,0.20593768592968067,2.0506084961182975,-0.19399999999999995,-0.19399999999999995,0.9620000000000002,0.3133333333333333,-0.016666666666666902,0.06666666666666658,1.0693333333333335,0.3596666666666666,0.9286666666666669,1.0563333333333333,0.0029999415079754086,-0.604333241780599,-0.4166666666666667,-0.17666666666666675,0.074,0.03333333333333336,0.22233333333333327,2.341809817682071,2.1693852060747503,1.8384210585425997,2.8338454419345784,1.7642894299992837,16.121548336912046,39.436015344006606,10.929782925752761,6.4538579244739465,4.720780293243469,6.683476738582619,7.517053672415362,220.96668076789274,192.62189677615257,13.181824149566083,1.1904761904761891,12.31553047229716,12.187237284573351,21.55763917538661,12.413590288958007,8.31851588430535,1.9914656880058768,-6.349091734802943,2.8979215066629096,2.7599957128877928,27.110147430194335
202605,0.250357943350131,-0.10379148604034835,0.02742041535983171,0.08026330314877908,0.050189522855194325,0.11227974031960938,-0.010656875276490545,0.014333609457923299,0.006478141119378348,-0.0006620500199298564,0.026755622753917376,0.008426891919518871,-0.21395424175049985,-0.18458927281296425,0.17312386685338885,-0.011814636110663107,0.027920027677050333,0.07060027800548138,-0.039500472562016026,0.004010559465383864,-0.09756255029049318,-0.0032520353863773432,0.02274139245910987,15.169306772054027,12.626629905464265,3.0993107501208748,4.1740614253354344,2.888617740064329,6.909905211463424,4.1770354248314785,3.902905384232804,3.356573506862697,3.051313734704904,1.9172848937887488,1.1982915355666788,16.46272373262757,17.052152134287688,13.886151906663928,5.6374383359875555,16.722712396646042,9.103493109177263,8.078747571420202,5.987334838771058,16.4492145461067,0.37551270114782953,1.635329894094505,0.010000000000000231,0.010000000000000231,1.436,0.8800000000000003,0.2400000000000002,0.43000000000000016,1.2819999999999996,0.8980000000000001,1.384,1.403,0.037000179290771484,-0.6439998149871822,-0.25,0.07999999999999963,0.47699999999999987,0.052000000000000046,0.1649999999999996,2.1939752742469056,2.1694855220047717,0.28462998102466747,7.166638921258531,2.350995393388389,41.31529500187899,50.21452877644621,16.771965912430193,7.7372959052441725,5.471124969481474,7.26569021222755,7.848558742826533,295.7801152016028,268.2621441400525,4.411764705882353,2.2988505747126435,3.9473684210526314,11.11111111111111,14.806866952789695,5.434782608695652,-3.2258064516129057,2.608496682175263,-5.2771329077190945,2.950666002207701,2.802144231938082,22.174983078127582,0.10187152656851299,-0.034717366143403906,0.013697432209880608,0.057952900588462225,0.0323550973201086,0.03987944392525087,-0.007638661909342578,0.014341574775241677,0.00964480697888107,0.006906476817971934,0.019697867179467757,0.0044101431121920985,0.0796737442607723,0.08834882892086386,0.0468052170612113,-0.04569153638786747,-0.06783546830339764,0.019146857868562232,0.006023126419820601,0.008390659173349148,-0.08651618165245924,-0.006451814317652026,0.01935183875316433,16.154003251586378,15.749438506943825,3.9101094577043027,5.093978297594159,3.7814494420154006,8.735403898328235,4.3716232034338445,3.9367184767667105,3.1242048145172845,3.0402097715911522,2.527328346347909,1.618128475951604,23.12542142148311,24.225481800529554,13.717288657575684,7.695747793648348,15.60652342324481,7.450630197759078,5.61821627229039,4.881394579908442,30.454002227783963,0.3311085863122905,2.1891011194534733,-0.12499999999999985,-0.12499999999999985,1.2806666666666668,0.5866666666666668,0.09999999999999994,0.22999999999999998,1.2499999999999998,0.6509999999999999,1.2316666666666667,1.3133333333333332,0.10500001907348633,-0.6139999230702716,-0.3333333333333333,-0.036666666666666924,0.25166666666666665,0.04900000000000008,0.15666666666666643,2.3186165725474353,2.2177952483957046,0.9689672891976949,4.588042008159913,2.0924814502609155,27.294343071728992,43.81669854357457,12.521251796112827,6.989862184061633,4.99336291363302,6.93160718060953,7.6678034604469145,303.9631605780495,260.42777996464383,10.351337116042998,2.723043240284618,10.814418537530669,12.814017911353977,18.188369570343813,8.798827902709272,4.61166811973263,2.2000362082555096,-6.368150572881084,2.950666002207701,2.802144231938082,22.174983078127582
